KO id,KO_conf_final,KO_conf_raw,hmm_len,ORF_name,ORF_len,E-value,score,domain_evalue,domain_score,hmm from,hmm to,ali from,ali to,ORF_best_match,ORF_best_match_score,kofam_score_threshold,is_outcompeted,KO_annotation_conf,flag_is_dubious,flag_is_below_kofam_threshold,KO_Neighbors,KO_Neighbor_Count,Modules,KO_count,KO_Background_Freq
K00003,1.0,1.0,890.0,SAMD00000344.contig00001_143,890.0,5.5e-149,495.3,6.6e-149,495.0,283.0,667.0,1.0,414.0,K00003,495.3,287.1,False,1.0,False,False,,0,"M00017,M00018",16056,0.75
K00012,0.408,0.408,726.0,SAMD00000344.contig00004_3,726.0,5.8e-07,25.6,7.1e-07,25.3,240.0,325.0,3.0,82.0,K00057,460.2,369.07,True,1.4871811921588916e-131,False,True,,0,M00761,16343,0.764
K00013,1.0,1.0,677.0,SAMD00000344.contig00008_46,677.0,1.8e-178,592.6,2e-178,592.5,153.0,528.0,2.0,377.0,K00013,592.6,513.17,False,1.0,False,False,"K01663,K14152",2,M00026,18016,0.842
K00014,1.0,1.0,420.0,SAMD00000344.contig00001_207,420.0,1.6e-76,254.9,1.7e-76,254.7,127.0,391.0,11.0,296.0,K00014,254.9,270.13,False,0.9999999999999432,False,True,K13830,1,M00022,19549,0.913
K00018,0.071,0.07,321.0,SAMD00000344.contig00014_13,321.0,5.5e-78,258.9,6.4e-78,258.7,38.0,317.0,35.0,314.0,K00015,382.9,319.2,True,4.7019774032891323e-38,False,True,"K08692,K14067",2,M00346,6785,0.317
K00021,0.001,0.001,889.0,SAMD00000344.contig00016_53,889.0,5.6e-18,61.6,2.1e-12,43.2,371.0,547.0,15.0,193.0,K00054,615.7,224.37,True,1.5822656597112198e-167,False,True,K17942,1,"M00095,M00849",941,0.044
K00022,0.001,0.001,472.0,SAMD00000344.contig00001_118,472.0,9.999999999999999e-85,282.3,1.6e-84,281.7,114.0,408.0,3.0,326.0,K00074,293.8,362.77,True,0.00034514781485651643,False,True,,0,M00087,354,0.017
K00023,0.041,0.041,290.0,SAMD00000344.contig00022_33,290.0,7.100000000000001e-73,242.5,7.9e-73,242.3,40.0,283.0,1.0,238.0,K00059,268.8,337.93,True,1.210350372505266e-08,False,True,,0,M00373,5156,0.241
K00024,0.07,0.07,417.0,SAMD00000344.contig00016_13,417.0,5.800000000000001e-80,266.2,7e-80,266.0,72.0,377.0,7.0,311.0,K00016,361.9,357.5,True,1.5539227141904962e-29,False,True,"K00170,K01900,K04835,K08692,K08940,K08941,K08943,K14067,K14467,K14534,K15016,K15038,K15230,K15231,K19280",15,"M00009,M00011,M00012,M00168,M00173,M00346,M00374,M00614,M00620,M00740",6746,0.315
K00025,0.045,0.045,429.0,SAMD00000344.contig00016_13,429.0,1.9e-08,30.6,2.3e-08,30.3,128.0,270.0,68.0,204.0,K00016,361.9,532.73,True,1.8567884951480366e-100,False,True,K01900,1,"M00009,M00011,M00012,M00168",5451,0.255
K00026,0.009,0.009,534.0,SAMD00000344.contig00016_13,534.0,6.6e-21,72.0,1.6e-20,70.8,96.0,402.0,4.0,310.0,K00016,361.9,502.8,True,5.387710567645688e-88,False,True,,0,"M00009,M00011,M00012,M00168",2363,0.11
K00029,1.0,1.0,720.0,SAMD00000344.contig00018_23,720.0,6.200000000000001e-180,596.9,6.9e-180,596.8,92.0,628.0,4.0,544.0,K22212,970.5,308.6,True,1.0,True,False,,0,M00169,3703,0.173
K00030,0.139,0.138,,,,1000.0,0.0,,,,,,,,,,,0.0,,,"K01900,K05942",2,"M00009,M00010",9519,0.445
K00031,0.245,0.245,,,,1000.0,0.0,,,,,,,,,,,0.0,,,"K01900,K04835,K08940,K08941,K08943,K15230,K15231,K19280,K19281",9,"M00009,M00010,M00173,M00614,M00740",12668,0.592
K00033,1.0,1.0,666.0,SAMD00000344.contig00019_48,666.0,9.1e-223,738.6,9.999999999999999e-223,738.4,58.0,512.0,5.0,473.0,K00033,738.6,151.23,False,1.0,False,False,K13937,1,"M00004,M00006",14623,0.683
K00036,1.0,1.0,608.0,SAMD00000344.contig00019_47,608.0,9.1e-177,586.6,1.1e-176,586.3,79.0,535.0,7.0,486.0,K00036,586.6,367.73,False,1.0,False,False,K13937,1,"M00004,M00006,M00008",15832,0.74
K00040,1.0,1.0,773.0,SAMD00000344.contig00019_30,773.0,1.6e-122,407.4,1.9e-122,407.1,56.0,534.0,18.0,543.0,K00040,407.4,591.97,False,1.0,False,True,,0,M00061,6488,0.303
K00041,0.021,0.021,590.0,SAMD00000344.contig00019_30,590.0,1.3e-35,120.1,1.7999999999999998e-35,119.7,125.0,578.0,36.0,528.0,K00040,407.4,287.03,True,3.266496865177537e-87,False,True,,0,M00631,3704,0.173
K00052,0.495,0.495,,,,1000.0,0.0,,,,,,,,,,,0.0,,,,0,"M00432,M00535",18000,0.841
K00053,0.543,0.543,618.0,SAMD00000344.contig00014_13,618.0,2e-06,23.9,2.6e-06,23.5,118.0,259.0,95.0,234.0,K00015,382.9,127.67,True,8.515919680016411e-109,False,True,,0,"M00019,M00570",18856,0.881
K00054,1.0,1.0,975.0,SAMD00000344.contig00016_53,975.0,2e-185,615.7,2.2e-185,615.5,226.0,647.0,6.0,418.0,K00054,615.7,273.17,False,1.0,False,False,,0,M00849,4244,0.198
K00055,1.0,1.0,380.0,SAMD00000344.contig00004_65,380.0,1.6e-142,472.2,1.8e-142,472.0,6.0,372.0,1.0,367.0,K00055,472.2,380.83,False,1.0,False,False,"K15757,K15758,K15760,K15761,K15763,K15764",6,"M00537,M00538",2525,0.118
K00058,1.0,1.0,599.0,SAMD00000344.contig00014_13,599.0,1.9e-101,337.7,2.1e-101,337.6,82.0,381.0,10.0,319.0,K00015,382.9,328.7,True,1.0,True,False,,0,M00020,19119,0.893
K00059,1.0,1.0,389.0,SAMD00000344.contig00022_33,389.0,9.500000000000001e-81,268.8,1.1e-80,268.7,86.0,321.0,3.0,239.0,K00059,268.8,268.13,False,1.0,False,False,"K00665,K00667,K00668,K19560,K19561",5,"M00083,M00572",20810,0.972
K00067,0.329,0.329,482.0,SAMD00000344.contig00012_58,482.0,5.5e-21,72.1,2.8e-20,69.8,103.0,325.0,168.0,448.0,K24300,639.3,299.13,True,1.8021314232011628e-171,False,True,,0,M00793,14663,0.685
K00074,1.0,1.0,516.0,SAMD00000344.contig00001_118,516.0,3.8e-88,293.8,8.1e-88,292.7,115.0,398.0,1.0,320.0,K00074,293.8,409.9,False,0.9996548521851576,False,True,K02615,1,M00878,11954,0.559
K00077,1.0,1.0,428.0,SAMD00000344.contig00002_24,428.0,2.8e-66,221.3,3.3e-66,221.0,56.0,352.0,1.0,316.0,K00077,221.3,80.67,False,1.0,False,False,"K06982,K09722",2,"M00119,M00914",13661,0.638
K00082,0.0,0.0,207.0,SAMD00000344.contig00002_42,207.0,5.5e-06,23.3,6.3e-06,23.1,130.0,167.0,104.0,141.0,K14654,39.2,350.83,True,1.6353697512456784e-05,False,True,,0,M00125,36,0.002
K00087,0.029,0.029,,,,1000.0,0.0,,,,,,,,,,,0.0,,,"K00106,K01081,K16838,K19970",4,"M00546,M00958,M00959",4344,0.203
K00088,1.0,1.0,970.0,SAMD00000344.contig00030_4,970.0,2.6e-155,516.2,3.3e-121,403.3,322.0,587.0,98.0,371.0,K00088,516.2,370.83,False,1.0,False,False,K18533,1,M00050,21135,0.988
K00097,0.194,0.194,,,,1000.0,0.0,,,,,,,,,,,0.0,,,,0,M00124,11260,0.526
K00099,0.463,0.463,534.0,SAMD00000344.contig00001_143,534.0,0.00021,17.4,0.00037,16.6,164.0,259.0,35.0,126.0,K00003,495.3,221.23,True,1.3732988999742557e-144,False,True,,0,M00096,17409,0.813
K00106,0.0,0.0,,,,1000.0,0.0,,,,,,,,,,,0.0,,,K01490,1,"M00546,M00958,M00959",65,0.003
K00108,0.135,0.135,,,,1000.0,0.0,,,,,,,,,,,0.0,,,,0,M00555,9386,0.439
K00116,0.113,0.113,588.0,SAMD00000344.contig00025_2,588.0,0.0022,13.4,6.6,2.0,81.0,100.0,3.0,22.0,K00384,383.6,264.27,True,3.6198919308705733e-112,False,True,K01900,1,"M00009,M00011",8588,0.401
K00125,0.0,0.0,,,,1000.0,0.0,,,,,,,,,,,0.0,,,"K00194,K00197,K00584,K11261,K14126,K14127,K14128,K16176,K16178",9,"M00356,M00357,M00563,M00567,M00617",376,0.018
K00128,0.002,0.002,604.0,SAMD00000344.contig00002_191,604.0,1.5e-132,440.3,1.8e-132,440.1,55.0,496.0,7.0,474.0,K07248,692.4,574.67,True,1.2892528291801428e-76,False,True,,0,M00135,1062,0.05
K00130,0.17,0.17,594.0,SAMD00000344.contig00002_191,594.0,6.6e-154,510.5,7.799999999999999e-154,510.3,59.0,529.0,8.0,480.0,K07248,692.4,673.63,True,1.748412040942654e-55,False,True,K11440,1,M00555,10557,0.493
K00131,0.015,0.015,510.0,SAMD00000344.contig00002_191,510.0,8.9e-99,328.5,1.1e-98,328.2,22.0,477.0,5.0,461.0,K07248,692.4,501.13,True,2.8522302256663034e-110,False,True,,0,M00308,3139,0.147
K00133,1.0,1.0,656.0,SAMD00000344.contig00001_168,656.0,5.3e-131,435.4,6.4e-131,435.2,112.0,442.0,1.0,346.0,K00133,435.4,224.0,False,1.0,False,False,,0,"M00016,M00017,M00018,M00033,M00525,M00526,M00527",20835,0.974
K00134,1.0,1.0,468.0,SAMD00000344.contig00025_18,468.0,2.3e-129,429.4,2.7e-129,429.2,75.0,402.0,1.0,333.0,K00134,429.4,413.4,False,1.0,False,False,"K00150,K00844,K00918,K01100,K01622,K02689,K02690,K02692,K02693,K02694,K02703,K02704,K02705,K02706,K02707,K02708,K05298,K05308,K08074,K08928,K08929,K11389,K12406,K16305,K18978",25,"M00001,M00002,M00003,M00165,M00308,M00552,M00611,M00612",21187,0.99
K00135,0.284,0.284,746.0,SAMD00000344.contig00002_191,746.0,2.6e-165,548.9,2.8e-165,548.8,160.0,630.0,7.0,481.0,K07248,692.4,587.8,True,6.341552938178316e-44,False,True,"K00139,K13524,K17761",3,"M00027,M00956,M00957",13637,0.637
K00137,0.013,0.013,475.0,SAMD00000344.contig00002_191,475.0,4.3e-129,428.1,5.6e-129,427.7,3.0,470.0,7.0,477.0,K07248,692.4,684.77,True,2.7401361735202825e-80,False,True,,0,M00956,2965,0.139
K00139,0.0,0.0,642.0,SAMD00000344.contig00002_191,642.0,4e-134,445.4,4.700000000000001e-134,445.2,116.0,595.0,3.0,481.0,K07248,692.4,818.83,True,4.4217183002083306e-75,False,True,,0,M00027,43,0.002
K00141,0.004,0.004,487.0,SAMD00000344.contig00002_191,487.0,1.6e-118,393.6,1.8e-118,393.5,13.0,483.0,8.0,484.0,K07248,692.4,650.6,True,1.127813517622877e-90,False,True,,0,"M00537,M00538",1645,0.077
K00145,1.0,1.0,412.0,SAMD00000344.contig00024_12,412.0,1.4e-109,363.7,1.5999999999999998e-109,363.5,38.0,377.0,1.0,341.0,K00145,363.7,125.77,False,1.0,False,False,"K00818,K14677,K22478",3,"M00028,M00845",17289,0.808
K00147,1.0,1.0,628.0,SAMD00000344.contig00019_6,628.0,4.4e-194,643.8,4.9e-194,643.6,174.0,584.0,4.0,412.0,K00147,643.8,546.53,False,1.0,False,False,K12657,1,M00015,18488,0.864
K00149,0.0,0.0,574.0,SAMD00000344.contig00002_191,574.0,3.7e-115,382.7,4.5e-115,382.4,68.0,544.0,5.0,479.0,K07248,692.4,744.17,True,5.902151361708313e-94,False,True,,0,M00135,554,0.026
K00150,0.0,0.0,345.0,SAMD00000344.contig00025_18,345.0,1.7e-48,162.5,2.1000000000000002e-48,162.2,1.0,305.0,1.0,330.0,K00134,429.4,310.0,True,4.519539196943653e-81,False,True,,0,"M00001,M00002,M00003,M00165,M00611,M00612",367,0.017
K00151,0.017,0.017,497.0,SAMD00000344.contig00002_191,497.0,4.400000000000001e-124,411.8,4.800000000000001e-124,411.7,11.0,485.0,5.0,480.0,K07248,692.4,721.43,True,3.3961214802311726e-85,False,True,,0,M00533,3372,0.158
K00152,0.0,0.0,483.0,SAMD00000344.contig00002_191,483.0,6.700000000000001e-71,236.2,8.4e-71,235.8,4.0,469.0,8.0,474.0,K07248,692.4,1091.27,True,4.678600663676786e-138,False,True,"K14579,K14580,K14582,K14583,K14585",5,M00534,122,0.006
K00161,0.033,0.033,548.0,SAMD00000344.contig00010_7,548.0,1.4e-79,265.5,1.6e-79,265.3,129.0,462.0,37.0,357.0,K00166,341.3,431.67,True,1.5202896142801567e-23,False,True,K13997,1,M00307,4654,0.217
K00162,0.035,0.035,444.0,SAMD00000344.contig00010_6,444.0,4.7e-116,385.0,5.9e-116,384.7,68.0,408.0,5.0,340.0,K00167,429.5,489.4,True,4.019417817262429e-14,False,True,K13997,1,M00307,4765,0.223
K00163,0.184,0.184,1014.0,SAMD00000344.contig00013_26,1014.0,9.499999999999999e-25,83.9,1.4e-14,50.3,170.0,364.0,27.0,226.0,K00615,565.9,304.83,True,7.84655746437954e-146,False,True,K13997,1,M00307,10984,0.513
K00164,0.219,0.219,1065.0,SAMD00000344.contig00010_7,1065.0,0.0025,12.9,0.0031,12.6,458.0,607.0,195.0,346.0,K00166,341.3,1224.13,True,1.3859559394232712e-99,False,True,K01900,1,"M00009,M00011",11976,0.56
K00166,1.0,1.0,560.0,SAMD00000344.contig00010_7,560.0,1.7e-102,341.3,2e-102,341.1,148.0,504.0,18.0,363.0,K00166,341.3,416.83,False,1.0,False,True,,0,M00036,9210,0.43
K00167,1.0,1.0,565.0,SAMD00000344.contig00010_6,565.0,3e-129,429.5,3.5e-129,429.3,209.0,534.0,3.0,328.0,K00167,429.5,480.6,False,0.9999953035787149,False,True,,0,M00036,9229,0.431
K00169,0.002,0.002,437.0,SAMD00000344.contig00010_6,437.0,1.9e-06,23.9,2.4e-06,23.5,262.0,344.0,198.0,280.0,K00167,429.5,299.6,True,7.984205732066044e-123,False,True,"K00170,K00189,K08940,K15230,K15231",5,"M00173,M00307,M00374,M00614,M00620",1046,0.049
K00170,0.001,0.001,,,,1000.0,0.0,,,,,,,,,,,0.0,,,"K00189,K08940,K15230,K15231",4,"M00173,M00307,M00374,M00614,M00620",747,0.035
K00171,0.003,0.003,,,,1000.0,0.0,,,,,,,,,,,0.0,,,"K00189,K08940,K14534,K15230,K15231,K18210",6,"M00173,M00307,M00374,M00614,M00620",1314,0.061
K00172,0.002,0.002,,,,1000.0,0.0,,,,,,,,,,,0.0,,,"K00170,K00189,K08940,K15230,K15231",5,"M00173,M00307,M00374,M00614,M00620",1113,0.052
K00174,0.053,0.053,643.0,SAMD00000344.contig00010_6,643.0,4.2e-07,25.9,4.8e-07,25.7,427.0,559.0,137.0,280.0,K00167,429.5,262.2,True,3.1936822928264295e-122,False,True,"K00170,K08940,K08941,K08943,K15230,K15231",6,"M00009,M00011,M00173,M00614,M00620",5909,0.276
K00175,0.044,0.044,504.0,SAMD00000344.contig00015_28,504.0,2.4e-09,34.0,3e-09,33.7,289.0,496.0,133.0,366.0,K05847,449.1,236.17,True,1.1026782285501246e-125,False,True,"K08940,K08941,K08943,K15230,K15231",5,"M00009,M00011,M00173,M00614,M00620",5378,0.251
K00176,0.012,0.012,,,,1000.0,0.0,,,,,,,,,,,0.0,,,"K05942,K08940,K15230,K15231",4,"M00009,M00011,M00173,M00614,M00620",2775,0.13
K00177,0.006,0.006,,,,1000.0,0.0,,,,,,,,,,,0.0,,,"K05942,K08940,K15230,K15231",4,"M00009,M00011,M00173,M00614,M00620",2015,0.094
K00189,0.0,0.0,,,,1000.0,0.0,,,,,,,,,,,0.0,,,,0,M00307,22,0.001
K00192,0.0,0.0,,,,1000.0,0.0,,,,,,,,,,,0.0,,,,0,M00422,92,0.004
K00193,0.0,0.0,,,,1000.0,0.0,,,,,,,,,,,0.0,,,K16178,1,"M00357,M00422,M00617",85,0.004
K00194,0.0,0.0,376.0,SAMD00000344.contig00008_50,376.0,0.00089,15.0,49.0,-0.6,121.0,180.0,154.0,209.0,K02500,432.5,272.7,True,2.089184573179718e-126,False,True,"K00125,K00584,K03390,K04480,K11261,K14080,K14084,K14126,K14127,K14128,K14138,K16176,K16178,K25008,K25123,K25124",16,"M00357,M00377,M00422,M00617,M00618",348,0.016
K00195,0.0,0.0,172.0,SAMD00000344.contig00014_5,172.0,0.00076,16.2,0.0016,15.1,28.0,85.0,200.0,255.0,K01652,481.1,98.97,True,1.1250064588588735e-140,False,True,,0,M00422,0,0.0
K00197,0.0,0.0,,,,1000.0,0.0,,,,,,,,,,,0.0,,,"K00125,K00194,K00584,K03390,K04480,K11261,K14080,K14081,K14084,K14126,K14127,K14128,K14138,K16176,K16178,K25008,K25123,K25124",18,"M00357,M00377,M00422,M00617,M00618",420,0.02
K00198,0.001,0.001,,,,1000.0,0.0,,,,,,,,,,,0.0,,,"K00197,K25008,K25123,K25124",4,"M00377,M00618",821,0.038
K00200,0.001,0.0,551.0,SAMD00000344.contig00006_18,551.0,3.8e-08,29.2,0.012,11.0,436.0,469.0,351.0,384.0,K01465,387.6,410.0,True,1.2907720538072598e-108,False,True,"K00201,K00202,K00203,K00672,K01499",5,"M00567,M00617",497,0.023
K00201,0.001,0.0,460.0,SAMD00000344.contig00014_5,460.0,0.0098,11.5,0.15,7.5,244.0,293.0,185.0,230.0,K01652,481.1,176.0,True,4.328266927503266e-142,False,True,"K00200,K00202,K00203,K00672,K01499",5,"M00567,M00617",467,0.022
K00202,0.001,0.0,,,,1000.0,0.0,,,,,,,,,,,0.0,,,"K00200,K00201,K00203,K00672,K01499",5,"M00567,M00617",481,0.022
K00203,0.0,0.0,,,,1000.0,0.0,,,,,,,,,,,0.0,,,,0,"M00567,M00617",13,0.001
K00204,0.001,0.001,155.0,SAMD00000344.contig00001_243,155.0,0.0039,14.0,0.0073,13.1,15.0,50.0,20.0,55.0,K18831,128.7,171.57,True,2.9638723644075534e-35,False,True,"K00194,K00197,K00584,K14080,K14081,K16176",6,"M00567,M00617",625,0.029
K00205,0.0,0.0,,,,1000.0,0.0,,,,,,,,,,,0.0,,,"K00203,K16176,K16178",3,"M00567,M00617",281,0.013
K00207,0.0,0.0,1110.0,SAMD00000344.contig00006_15,1110.0,8e-44,146.8,8e-44,146.8,700.0,891.0,90.0,271.0,K17828,418.1,406.3,True,2.140731385562693e-82,False,True,,0,M00046,0,0.0
K00208,1.0,1.0,423.0,SAMD00000344.contig00022_26,423.0,2.8000000000000002e-98,326.8,3.1e-98,326.7,130.0,379.0,4.0,250.0,K00208,326.8,275.97,False,1.0,False,False,"K00665,K19560,K19561",3,"M00083,M00572",11045,0.516
K00209,1.0,1.0,402.0,SAMD00000344.contig00001_223,402.0,7.8e-146,483.0,9.5e-146,482.7,2.0,383.0,6.0,391.0,K00209,483.0,138.3,False,1.0,False,False,K00665,1,M00083,4151,0.194
K00211,0.0,0.0,475.0,SAMD00000344.contig00001_202,475.0,2.1e-07,27.0,2.6e-07,26.6,16.0,190.0,5.0,187.0,K04517,267.3,414.73,True,4.5971856452558786e-73,False,True,,0,M00025,105,0.005
K00215,1.0,1.0,402.0,SAMD00000344.contig00003_86,402.0,9.7e-80,265.9,1.1e-79,265.8,85.0,335.0,1.0,255.0,K00215,265.9,138.93,False,1.0,False,False,,0,"M00016,M00525,M00526,M00527",20518,0.959
K00220,0.009,0.009,316.0,SAMD00000344.contig00001_202,316.0,2.8e-67,224.1,3.1e-67,224.0,10.0,288.0,3.0,278.0,K04517,267.3,386.53,True,9.897014061790048e-14,False,True,,0,M00040,2435,0.114
K00226,0.009,0.009,419.0,SAMD00000344.contig00006_15,419.0,5.9e-63,210.5,6.9e-63,210.2,70.0,369.0,5.0,303.0,K17828,418.1,248.43,True,3.207546049999266e-63,False,True,K00608,1,M00051,2411,0.113
K00228,0.144,0.144,,,,1000.0,0.0,,,,,,,,,,,0.0,,,,0,"M00121,M00868",9698,0.453
K00230,1.0,1.0,285.0,SAMD00000344.contig00001_28,285.0,1.4e-05,21.7,1.4e-05,21.7,95.0,142.0,2.0,49.0,K00230,21.7,69.57,False,1.0,False,True,,0,M00121,5427,0.254
K00231,0.087,0.087,851.0,SAMD00000344.contig00017_20,851.0,6.7e-09,31.5,7.7e-09,31.4,96.0,160.0,5.0,71.0,K01854,553.8,143.43,True,5.916069464608351e-158,False,True,,0,"M00121,M00868,M00926",7566,0.354
K00232,0.011,0.011,973.0,SAMD00000344.contig00008_11,973.0,2.2e-13,46.4,4.5e-13,45.4,146.0,397.0,70.0,278.0,K18244,355.5,178.87,True,8.945988594910406e-94,False,True,K09479,1,M00087,2709,0.127
K00234,0.117,0.117,915.0,SAMD00000344.contig00011_46,915.0,1.7000000000000002e-32,109.6,2.4e-10,36.3,374.0,457.0,193.0,290.0,K26318,449.9,1172.57,True,3.626540029586051e-103,False,True,K01900,1,"M00009,M00011",8737,0.408
K00235,0.115,0.115,,,,1000.0,0.0,,,,,,,,,,,0.0,,,K01900,1,"M00009,M00011",8665,0.405
K00236,0.011,0.011,,,,1000.0,0.0,,,,,,,,,,,0.0,,,K01900,1,"M00009,M00011",2646,0.124
K00237,0.0,0.0,,,,1000.0,0.0,,,,,,,,,,,0.0,,,,0,"M00009,M00011",0,0.0
K00239,0.161,0.097,621.0,SAMD00000344.contig00011_46,621.0,8.2e-54,180.0,1e-52,176.4,31.0,434.0,12.0,462.0,K26318,449.9,620.23,True,5.649423996179856e-82,False,True,"K01900,K08940,K08941,K08943,K14465,K14467,K14469,K14534,K15016,K15017,K15038,K15052,K15230,K15231",14,"M00009,M00011,M00149,M00173,M00374,M00376,M00613,M00614",7982,0.373
K00240,0.148,0.093,,,,1000.0,0.0,,,,,,,,,,,0.0,,,"K00170,K01900,K08940,K08941,K08943,K14465,K14467,K14469,K14534,K15016,K15017,K15038,K15052,K15230,K15231",15,"M00009,M00011,M00149,M00173,M00374,M00376,M00613,M00614",7804,0.365
K00241,0.281,0.281,263.0,SAMD00000344.contig00001_73,263.0,0.49,7.4,0.48,7.5,112.0,158.0,137.0,185.0,K08505,12.5,56.1,True,0.028331219653427588,False,True,"K01900,K08929,K08940,K08941,K08943,K14465,K14467,K14468,K14469,K14471,K14472,K15038,K15052,K25774",14,"M00009,M00011,M00149,M00173,M00374,M00376,M00613,M00614",13041,0.609
K00242,0.192,0.192,,,,1000.0,0.0,,,,,,,,,,,0.0,,,K01900,1,"M00009,M00011,M00149,M00173,M00614",11206,0.524
K00244,0.009,0.009,591.0,SAMD00000344.contig00011_46,591.0,2.7000000000000004e-44,148.5,1.9e-22,76.4,5.0,268.0,18.0,293.0,K26318,449.9,695.47,True,1.8601985729750118e-91,False,True,,0,"M00009,M00011,M00150",2476,0.116
K00245,0.009,0.009,,,,1000.0,0.0,,,,,,,,,,,0.0,,,,0,"M00009,M00011,M00150",2488,0.116
K00246,0.009,0.009,,,,1000.0,0.0,,,,,,,,,,,0.0,,,,0,"M00009,M00011,M00150",2422,0.113
K00247,0.023,0.023,121.0,SAMD00000344.contig00007_13,121.0,0.086,10.0,0.13,9.4,23.0,116.0,1.0,104.0,K08976,15.3,32.53,True,0.014857801617690397,False,True,,0,"M00009,M00011,M00150",2368,0.111
K00249,0.066,0.066,570.0,SAMD00000344.contig00008_11,570.0,6.7e-72,240.1,8.000000000000001e-72,239.8,94.0,440.0,9.0,360.0,K18244,355.5,366.87,True,1.8244774512291133e-35,False,True,"K07515,K09479,K10527",3,"M00036,M00087",6588,0.308
K00252,0.142,0.142,555.0,SAMD00000344.contig00008_11,555.0,8.9e-51,170.0,1.1e-50,169.7,139.0,489.0,10.0,360.0,K18244,355.5,500.07,True,1.4419021992357631e-56,False,True,,0,M00957,9634,0.45
K00253,0.062,0.062,526.0,SAMD00000344.contig00008_11,526.0,2e-77,257.9,2.4e-77,257.7,97.0,461.0,7.0,364.0,K18244,355.5,486.47,True,4.1636328187849676e-30,False,True,,0,M00036,6393,0.299
K00254,0.336,0.336,542.0,SAMD00000344.contig00006_15,542.0,9.5e-34,114.1,1.4000000000000001e-33,113.6,121.0,425.0,5.0,300.0,K17828,418.1,168.7,True,3.068183415810997e-92,False,True,"K01954,K11541,K13421",3,M00051,14818,0.692
K00255,0.047,0.047,594.0,SAMD00000344.contig00008_11,594.0,1.3000000000000002e-44,150.0,1.7e-44,149.6,146.0,507.0,13.0,366.0,K18244,355.5,595.43,True,1.3751050941808228e-62,False,True,"K09479,K10527",2,M00087,5550,0.259
K00261,0.008,0.008,513.0,SAMD00000344.contig00018_37,513.0,7.200000000000001e-81,269.6,7.9e-81,269.5,44.0,484.0,18.0,446.0,K00262,692.0,524.1,True,6.997289324607196e-128,False,True,"K19280,K19281",2,M00740,2249,0.105
K00274,0.066,0.066,720.0,SAMD00000344.contig00017_20,720.0,7.4e-10,35.4,1e-09,35.0,186.0,277.0,3.0,97.0,K01854,553.8,284.67,True,8.831820785125156e-157,False,True,,0,M00135,6563,0.307
K00275,0.309,0.309,,,,1000.0,0.0,,,,,,,,,,,0.0,,,,0,M00124,14215,0.664
K00278,0.319,0.319,599.0,SAMD00000344.contig00011_46,599.0,1.4e-57,192.4,2.8e-15,52.7,368.0,431.0,390.0,458.0,K26318,449.9,513.97,True,3.053346674388838e-78,False,True,K06210,1,M00115,14454,0.675
K00281,0.219,0.219,1308.0,SAMD00000344.contig00016_41,1308.0,0.0017,13.2,0.0023,12.8,360.0,479.0,75.0,196.0,K17217,539.6,622.23,True,3.447857332913226e-159,False,True,,0,M00621,11977,0.56
K00282,0.022,0.022,464.0,SAMD00000344.contig00006_34,464.0,3e-09,33.2,4.4e-09,32.6,144.0,265.0,77.0,194.0,K01760,520.9,418.53,True,1.5405333860544548e-147,False,True,,0,M00621,3775,0.176
K00283,0.022,0.022,581.0,SAMD00000344.contig00010_26,581.0,0.00018,17.3,43.0,-0.4,492.0,524.0,353.0,385.0,K18933,48.7,521.73,True,3.5289600537874365e-10,False,True,,0,M00621,3769,0.176
K00286,1.0,1.0,455.0,SAMD00000344.contig00002_6,455.0,2.1e-78,261.3,2.4e-78,261.1,111.0,371.0,1.0,260.0,K00286,261.3,167.1,False,1.0,False,False,K12657,1,"M00015,M00972",20257,0.947
K00287,1.0,1.0,338.0,SAMD00000344.contig00003_82,338.0,6e-51,171.0,7.2e-51,170.7,92.0,248.0,1.0,157.0,K00287,171.0,64.17,False,1.0,False,False,"K13941,K13998,K19965,K22099,K22100",5,"M00126,M00840",17630,0.824
K00294,0.022,0.022,658.0,SAMD00000344.contig00002_191,658.0,1.9e-73,245.1,2.3000000000000002e-73,244.8,82.0,553.0,6.0,464.0,K07248,692.4,478.37,True,2.2350278519995347e-135,False,True,,0,M00970,3810,0.178
K00297,1.0,1.0,506.0,SAMD00000344.contig00008_13,506.0,3e-89,297.0,3.4e-89,296.8,96.0,372.0,2.0,281.0,K00297,297.0,186.57,False,1.0,False,False,"K00194,K00197,K14138,K25008,K25123,K25124",6,"M00377,M00618",15844,0.74
K00300,0.0,0.0,287.0,SAMD00000344.contig00007_48,287.0,9.3e-09,32.2,1.2e-08,31.8,118.0,194.0,4.0,81.0,K16216,115.2,358.97,True,1.0339757656866577e-25,False,True,,0,M00140,175,0.008
K00301,0.028,0.028,523.0,SAMD00000344.contig00003_41,523.0,1.6e-15,54.0,2.3e-15,53.5,47.0,412.0,3.0,356.0,K03153,196.5,415.13,True,1.2683105876356835e-43,False,True,,0,M00975,4254,0.199
K00302,0.035,0.035,1255.0,SAMD00000344.contig00025_2,1255.0,8.6e-11,37.3,4.8e-10,34.8,256.0,517.0,3.0,247.0,K00384,383.6,1336.5,True,5.66646879622798e-105,False,True,,0,M00975,4752,0.222
K00303,0.023,0.023,416.0,SAMD00000344.contig00003_41,416.0,1.3e-09,34.3,2e-06,23.9,288.0,388.0,248.0,349.0,K03153,196.5,635.3,True,1.4891371673144109e-49,False,True,,0,M00975,3851,0.18
K00304,0.02,0.02,,,,1000.0,0.0,,,,,,,,,,,0.0,,,,0,M00975,3655,0.171
K00305,0.021,0.021,,,,1000.0,0.0,,,,,,,,,,,0.0,,,,0,M00975,3706,0.173
K00309,0.003,0.003,813.0,SAMD00000344.contig00003_41,813.0,1.6e-11,39.9,0.064,8.1,304.0,370.0,275.0,344.0,K03153,196.5,870.17,True,7.222751597775476e-48,False,True,,0,M00975,1351,0.063
K00315,0.003,0.003,959.0,SAMD00000344.contig00003_41,959.0,3.5e-14,48.5,9.9e-05,17.2,416.0,486.0,273.0,344.0,K03153,196.5,788.73,True,2.802596928649657e-45,False,True,,0,M00975,1362,0.064
K00318,0.035,0.035,,,,1000.0,0.0,,,,,,,,,,,0.0,,,,0,"M00970,M00972",4807,0.225
K00319,0.0,0.0,,,,1000.0,0.0,,,,,,,,,,,0.0,,,,0,"M00567,M00617",0,0.0
K00320,0.086,0.063,372.0,SAMD00000344.contig00007_74,372.0,1.6e-20,70.8,2.1e-20,70.4,30.0,351.0,29.0,345.0,K23464,116.4,218.1,True,1.875133197407345e-14,False,True,"K00200,K00201,K00202,K00577,K00583,K00672,K01499,K11260,K22482",9,"M00567,M00617",6404,0.299
K00330,0.236,0.236,242.0,SAMD00000344.contig00002_68,242.0,0.0013,15.3,86.0,-0.5,33.0,87.0,288.0,378.0,K18934,527.1,128.5,True,8.435564034126704e-155,False,True,K13380,1,M00144,12421,0.58
K00331,0.111,0.111,,,,1000.0,0.0,,,,,,,,,,,0.0,,,K13380,1,M00144,8531,0.399
K00332,0.066,0.066,,,,1000.0,0.0,,,,,,,,,,,0.0,,,K13380,1,M00144,6594,0.308
K00333,0.071,0.071,,,,1000.0,0.0,,,,,,,,,,,0.0,,,K13380,1,M00144,6818,0.319
K00334,0.155,0.155,,,,1000.0,0.0,,,,,,,,,,,0.0,,,K13380,1,M00144,10081,0.471
K00335,0.176,0.176,,,,1000.0,0.0,,,,,,,,,,,0.0,,,K13380,1,M00144,10723,0.501
K00336,0.234,0.234,,,,1000.0,0.0,,,,,,,,,,,0.0,,,K13380,1,M00144,12368,0.578
K00337,0.253,0.253,,,,1000.0,0.0,,,,,,,,,,,0.0,,,K13380,1,M00144,12869,0.601
K00338,0.107,0.107,,,,1000.0,0.0,,,,,,,,,,,0.0,,,K13380,1,M00144,8383,0.392
K00339,0.243,0.243,253.0,SAMD00000344.contig00012_20,253.0,0.019,11.3,0.031,10.6,84.0,158.0,16.0,183.0,K06188,215.5,127.33,True,3.3859059097139835e-62,False,True,K13380,1,M00144,12619,0.59
K00340,0.236,0.236,,,,1000.0,0.0,,,,,,,,,,,0.0,,,K13380,1,M00144,12415,0.58
K00341,0.26,0.26,,,,1000.0,0.0,,,,,,,,,,,0.0,,,K13380,1,M00144,13047,0.61
K00342,0.253,0.253,,,,1000.0,0.0,,,,,,,,,,,0.0,,,K13380,1,M00144,12870,0.601
K00343,0.251,0.251,,,,1000.0,0.0,,,,,,,,,,,0.0,,,K13380,1,M00144,12820,0.599
K00360,0.002,0.002,642.0,SAMD00000344.contig00022_16,642.0,1.8e-46,156.3,2.1e-46,156.1,118.0,404.0,9.0,291.0,K00529,324.4,558.33,True,2.4937659413012385e-51,False,True,,0,"M00531,M00615",1143,0.053
K00361,0.001,0.001,1355.0,SAMD00000344.contig00022_16,1355.0,9.9e-34,113.0,1.1e-33,112.8,4.0,364.0,11.0,375.0,K00529,324.4,1789.37,True,2.302803479521416e-64,False,True,,0,"M00531,M00615",847,0.04
K00362,0.072,0.072,1377.0,SAMD00000344.contig00022_16,1377.0,1.5e-45,152.8,1.9e-45,152.5,503.0,790.0,9.0,290.0,K00529,324.4,1240.63,True,2.2041985097327162e-52,False,True,,0,M00530,6865,0.321
K00363,0.058,0.058,,,,1000.0,0.0,,,,,,,,,,,0.0,,,,0,M00530,6157,0.288
K00365,0.004,0.004,,,,1000.0,0.0,,,,,,,,,,,0.0,,,K13484,1,M00546,1660,0.078
K00366,0.004,0.004,,,,1000.0,0.0,,,,,,,,,,,0.0,,,K17877,1,"M00531,M00615",1527,0.071
K00367,0.008,0.008,,,,1000.0,0.0,,,,,,,,,,,0.0,,,K15579,1,"M00531,M00615",2269,0.106
K00368,0.017,0.017,539.0,SAMD00000344.contig00001_66,539.0,6.7e-19,65.1,6.7e-11,38.7,143.0,270.0,63.0,198.0,K14588,380.5,191.63,True,1.1353751055755069e-95,False,True,,0,"M00529,M00973",3293,0.154
K00370,0.043,0.043,,,,1000.0,0.0,,,,,,,,,,,0.0,,,K15864,1,"M00529,M00530,M00804",5278,0.247
K00371,1.0,1.0,827.0,SAMD00000344.contig00005_71,827.0,0.19,7.1,0.23,6.9,19.0,147.0,61.0,187.0,K00371,7.1,345.97,False,1.0,False,True,K15864,1,"M00529,M00530,M00804",5246,0.245
K00372,0.082,0.082,,,,1000.0,0.0,,,,,,,,,,,0.0,,,"K00361,K10534",2,"M00531,M00615",7318,0.342
K00374,0.048,0.048,,,,1000.0,0.0,,,,,,,,,,,0.0,,,K15864,1,"M00529,M00530",5597,0.262
K00376,0.006,0.006,,,,1000.0,0.0,,,,,,,,,,,0.0,,,K15864,1,M00529,2028,0.095
K00380,0.114,0.114,945.0,SAMD00000344.contig00017_40,945.0,1.5e-11,40.1,1.5e-11,40.0,244.0,384.0,4.0,143.0,K03839,93.0,516.8,True,1.1899073283182983e-16,False,True,,0,"M00176,M00616",8652,0.404
K00381,0.134,0.134,,,,1000.0,0.0,,,,,,,,,,,0.0,,,,0,"M00176,M00616",9353,0.437
K00382,1.0,1.0,636.0,SAMD00000344.contig00010_4,636.0,1.5e-172,572.4,1.9e-172,572.2,141.0,591.0,13.0,472.0,K00382,572.4,475.33,False,1.0,False,False,"K00189,K01900,K13997",3,"M00009,M00011,M00036,M00307,M00621",19055,0.89
K00390,0.259,0.259,397.0,SAMD00000344.contig00016_6,397.0,0.0013,14.9,0.0036,13.5,89.0,148.0,19.0,87.0,K04075,264.7,152.77,True,6.349025672137105e-76,False,True,,0,"M00176,M00616",13020,0.608
K00392,0.021,0.021,,,,1000.0,0.0,,,,,,,,,,,0.0,,,,0,"M00176,M00616",3690,0.172
K00394,0.003,0.003,594.0,SAMD00000344.contig00011_46,594.0,6.7e-07,25.2,1.0,4.8,381.0,422.0,414.0,457.0,K26318,449.9,441.6,True,1.4208912554775916e-128,False,True,"K11180,K11181",2,M00596,1464,0.068
K00395,0.008,0.008,,,,1000.0,0.0,,,,,,,,,,,0.0,,,"K11180,K11181",2,M00596,2229,0.104
K00399,0.0,0.0,,,,1000.0,0.0,,,,,,,,,,,0.0,,,,0,"M00356,M00357,M00563,M00567,M00617",0,0.0
K00401,0.0,0.0,,,,1000.0,0.0,,,,,,,,,,,0.0,,,,0,"M00356,M00357,M00563,M00567,M00617",0,0.0
K00402,0.0,0.0,,,,1000.0,0.0,,,,,,,,,,,0.0,,,,0,"M00356,M00357,M00563,M00567,M00617",0,0.0
K00404,0.048,0.048,538.0,SAMD00000344.contig00001_87,538.0,1e-05,21.1,1.6e-05,20.4,61.0,500.0,281.0,758.0,K04561,877.1,670.2,True,2.0812474159298888e-258,False,True,,0,M00156,5589,0.261
K00405,0.055,0.055,270.0,SAMD00000344.contig00005_1,270.0,0.011,12.1,0.011,12.1,33.0,66.0,13.0,46.0,K02245,94.3,282.93,True,1.800256370514181e-25,False,True,,0,M00156,5974,0.279
K00406,0.107,0.107,,,,1000.0,0.0,,,,,,,,,,,0.0,,,,0,M00156,8382,0.392
K00407,1.0,1.0,82.0,SAMD00000344.contig00014_52,82.0,0.0012,16.2,33.0,1.9,20.0,36.0,3.0,19.0,K00407,16.2,21.67,False,1.0,False,True,,0,M00156,5566,0.26
K00410,0.01,0.01,540.0,SAMD00000344.contig00009_39,540.0,0.034,9.7,0.076,8.6,120.0,149.0,181.0,210.0,K18940,527.2,700.3,True,1.6480760335722994e-156,False,True,,0,M00151,2512,0.117
K00411,0.086,0.086,,,,1000.0,0.0,,,,,,,,,,,0.0,,,,0,M00151,7485,0.35
K00412,0.04,0.04,,,,1000.0,0.0,,,,,,,,,,,0.0,,,,0,M00151,5118,0.239
K00413,0.079,0.079,,,,1000.0,0.0,,,,,,,,,,,0.0,,,,0,M00151,7184,0.336
K00424,0.035,0.035,,,,1000.0,0.0,,,,,,,,,,,0.0,,,K22501,1,M00153,4776,0.223
K00425,1.0,1.0,632.0,SAMD00000344.contig00002_178,632.0,9e-160,530.2,1.0000000000000001e-159,529.9,47.0,482.0,7.0,461.0,K00425,530.2,123.73,False,1.0,False,False,K22501,1,M00153,15524,0.725
K00426,1.0,1.0,397.0,SAMD00000344.contig00002_179,397.0,8.100000000000001e-110,364.5,8.800000000000001e-110,364.4,44.0,360.0,5.0,332.0,K00426,364.5,35.7,False,1.0,False,False,K22501,1,M00153,15468,0.723
K00431,0.0,0.0,,,,1000.0,0.0,,,,,,,,,,,0.0,,,,0,M00043,2,0.0
K00435,0.017,0.017,,,,1000.0,0.0,,,,,,,,,,,0.0,,,,0,M00926,3357,0.157
K00446,0.031,0.031,408.0,SAMD00000344.contig00001_141,408.0,9.7e-09,31.7,0.13,8.2,299.0,334.0,86.0,123.0,K11210,37.7,191.03,True,0.01348871621605581,False,True,,0,M00569,3376,0.158
K00451,0.893,0.893,637.0,SAMD00000344.contig00002_157,637.0,0.00032,16.4,0.00033,16.3,270.0,315.0,37.0,82.0,K00451,16.4,46.93,False,0.8818562360532485,False,True,K00815,1,M00044,7981,0.373
K00452,0.008,0.008,387.0,SAMD00000344.contig00019_17,387.0,0.0061,13.0,0.0071,12.8,119.0,170.0,40.0,91.0,K01569,29.0,66.57,True,1.5055941323338752e-05,False,True,K14263,1,"M00038,M00912",2309,0.108
K00453,0.054,0.054,,,,1000.0,0.0,,,,,,,,,,,0.0,,,"K00463,K14263",2,"M00038,M00912",5949,0.278
K00455,0.007,0.007,,,,1000.0,0.0,,,,,,,,,,,0.0,,,,0,M00533,2192,0.102
K00457,0.1,0.1,,,,1000.0,0.0,,,,,,,,,,,0.0,,,K00815,1,M00044,8086,0.378
K00462,0.0,0.0,299.0,SAMD00000344.contig00002_155,299.0,2.7e-06,23.9,8.9e-05,18.9,142.0,193.0,4.0,53.0,K08234,76.0,345.1,True,2.0708059968730608e-16,False,True,"K08689,K15750,K18087,K18088",4,M00543,193,0.009
K00463,0.0,0.0,,,,1000.0,0.0,,,,,,,,,,,0.0,,,,0,"M00038,M00912",84,0.004
K00468,0.005,0.005,557.0,SAMD00000344.contig00011_46,557.0,6.6e-07,25.3,1e-06,24.7,43.0,83.0,18.0,59.0,K26318,449.9,595.77,True,1.5228735407707334e-128,False,True,,0,M00957,1889,0.088
K00479,0.011,0.011,,,,1000.0,0.0,,,,,,,,,,,0.0,,,,0,M00975,2668,0.125
K00486,0.003,0.003,720.0,SAMD00000344.contig00003_63,720.0,6.4e-06,21.8,68.0,-1.5,103.0,169.0,206.0,270.0,K17869,813.4,342.93,True,5.065886232822488e-239,False,True,"K06210,K14263",2,"M00038,M00912",1436,0.067
K00499,0.024,0.024,,,,1000.0,0.0,,,,,,,,,,,0.0,,,,0,M00555,3991,0.186
K00514,0.0,0.0,558.0,SAMD00000344.contig00018_19,558.0,5.7e-08,28.9,5.3e-05,19.1,267.0,323.0,226.0,285.0,K10254,583.6,456.03,True,1.0439060274666104e-167,False,True,"K09835,K15744",2,M00097,350,0.016
K00525,1.0,1.0,782.0,SAMD00000344.contig00004_45,782.0,9.9e-143,474.1,3.3999999999999996e-142,472.4,100.0,671.0,75.0,700.0,K00525,474.1,355.53,False,1.0,False,False,"K13998,K18533",2,"M00053,M00938",16202,0.757
K00526,1.0,1.0,467.0,SAMD00000344.contig00004_46,467.0,1.9999999999999998e-84,281.2,2.3e-84,280.9,78.0,397.0,5.0,308.0,K00526,281.2,50.97,False,1.0,False,False,"K10808,K13998",2,"M00053,M00938",16835,0.787
K00529,1.0,1.0,511.0,SAMD00000344.contig00022_16,511.0,1.7e-97,324.4,1.9999999999999998e-97,324.1,71.0,455.0,9.0,388.0,K00529,324.4,403.67,False,0.9999953035788286,False,True,"K05709,K05711",2,M00545,6634,0.31
K00531,0.0,0.0,,,,1000.0,0.0,,,,,,,,,,,0.0,,,"K22896,K22897,K22898",3,M00175,121,0.006
K00548,0.346,0.346,,,,1000.0,0.0,,,,,,,,,,,0.0,,,,0,M00017,15047,0.703
K00549,1.0,1.0,685.0,SAMD00000344.contig00008_12,685.0,2.2e-167,555.7,6.9e-143,474.7,220.0,538.0,296.0,750.0,K00549,555.7,41.3,False,1.0,False,False,,0,M00017,15055,0.703
K00550,0.0,0.0,,,,1000.0,0.0,,,,,,,,,,,0.0,,,,0,M00091,26,0.001
K00551,0.0,0.0,,,,1000.0,0.0,,,,,,,,,,,0.0,,,,0,M00091,2,0.0
K00552,0.0,0.0,454.0,SAMD00000344.contig00011_32,454.0,0.00032,17.2,97.0,-0.8,292.0,310.0,133.0,151.0,K03183,308.4,243.87,True,2.1880904097220564e-88,False,True,,0,M00035,0,0.0
K00558,1.0,1.0,434.0,SAMD00000344.contig00001_42,434.0,4.9999999999999997e-64,213.4,5.7e-64,213.2,65.0,338.0,2.0,343.0,K00558,213.4,164.37,False,1.0,False,False,"K17398,K17399",2,M00035,12544,0.586
K00560,1.0,1.0,384.0,SAMD00000344.contig00003_83,384.0,5.7e-121,401.3,6.3999999999999995e-121,401.1,45.0,309.0,7.0,320.0,K00560,401.3,84.83,False,1.0,False,False,"K10808,K13998",2,M00938,17540,0.82
K00568,0.329,0.329,324.0,SAMD00000344.contig00011_32,324.0,2.3e-19,66.9,2.9e-19,66.6,114.0,265.0,46.0,215.0,K03183,308.4,309.57,True,2.001041276527415e-73,False,True,,0,M00117,14679,0.686
K00570,0.056,0.056,343.0,SAMD00000344.contig00011_32,343.0,2.7e-17,60.3,3.4e-17,60.0,144.0,263.0,41.0,167.0,K03183,308.4,87.77,True,2.0628045266883024e-75,False,True,K16369,1,M00091,6051,0.283
K00577,0.0,0.0,,,,1000.0,0.0,,,,,,,,,,,0.0,,,,0,"M00357,M00567,M00617",40,0.002
K00578,0.0,0.0,,,,1000.0,0.0,,,,,,,,,,,0.0,,,,0,"M00357,M00567,M00617",0,0.0
K00579,0.0,0.0,,,,1000.0,0.0,,,,,,,,,,,0.0,,,,0,"M00357,M00567,M00617",1,0.0
K00580,0.0,0.0,,,,1000.0,0.0,,,,,,,,,,,0.0,,,,0,"M00357,M00567,M00617",0,0.0
K00581,0.0,0.0,,,,1000.0,0.0,,,,,,,,,,,0.0,,,,0,"M00357,M00567,M00617",0,0.0
K00582,1.0,1.0,64.0,SAMD00000344.contig00003_52,64.0,2.1,5.1,120.0,-0.5,41.0,55.0,53.0,66.0,K00582,5.1,62.23,False,1.0,False,True,,0,"M00357,M00567,M00617",1,0.0
K00583,0.777,0.777,82.0,SAMD00000344.contig00022_44,82.0,0.0061,13.4,0.008,13.0,15.0,48.0,2.0,35.0,K00583,13.4,88.73,False,0.7768953867957383,False,True,,0,"M00357,M00567,M00617",6,0.0
K00584,0.0,0.0,,,,1000.0,0.0,,,,,,,,,,,0.0,,,,0,"M00357,M00567,M00617",19,0.001
K00589,0.0,0.0,,,,1000.0,0.0,,,,,,,,,,,0.0,,,,0,M00846,1,0.0
K00595,0.086,0.086,533.0,SAMD00000344.contig00020_6,533.0,9.4e-06,21.8,1.4e-05,21.2,343.0,401.0,117.0,175.0,K02493,258.0,239.93,True,7.883426523101456e-72,False,True,"K02304,K21479,K22011",3,"M00924,M00925",7491,0.35
K00600,1.0,1.0,658.0,SAMD00000344.contig00020_4,658.0,3.4e-190,631.0,4.0999999999999997e-190,630.7,83.0,500.0,5.0,409.0,K00600,631.0,64.5,False,1.0,False,False,K00300,1,"M00140,M00346,M00975",20815,0.973
K00601,0.0,0.0,283.0,SAMD00000344.contig00003_39,283.0,1e-52,176.0,1.8e-52,175.2,38.0,243.0,3.0,189.0,K01492,446.6,236.2,True,3.477628395756588e-82,False,True,K01587,1,M00048,14,0.001
K00602,1.0,1.0,640.0,SAMD00000344.contig00003_39,640.0,4.499999999999999e-226,749.3,5.1e-226,749.1,79.0,578.0,188.0,709.0,K00602,749.3,145.1,False,1.0,False,False,"K00601,K01492,K01587,K06863,K11787,K13713",6,M00048,20690,0.967
K00603,0.001,0.001,,,,1000.0,0.0,,,,,,,,,,,0.0,,,,0,M00045,908,0.042
K00605,0.378,0.378,,,,1000.0,0.0,,,,,,,,,,,0.0,,,,0,M00621,15735,0.735
K00606,0.409,0.409,,,,1000.0,0.0,,,,,,,,,,,0.0,,,"K06982,K09722",2,"M00119,M00914",16356,0.764
K00608,0.0,0.0,527.0,SAMD00000344.contig00006_19,527.0,9.6e-24,80.8,8.4e-23,77.7,50.0,329.0,44.0,300.0,K00609,382.2,783.17,True,1.860198572974906e-91,False,True,,0,M00051,35,0.002
K00609,1.0,1.0,399.0,SAMD00000344.contig00006_19,399.0,3.4999999999999997e-115,382.2,4.1e-115,381.9,70.0,363.0,5.0,303.0,K00609,382.2,245.9,False,1.0,False,False,"K01954,K11541",2,M00051,20505,0.958
K00610,0.025,0.025,,,,1000.0,0.0,,,,,,,,,,,0.0,,,K11541,1,M00051,4034,0.188
K00611,1.0,1.0,458.0,SAMD00000344.contig00024_8,458.0,1.9e-141,469.0,2.3e-141,468.8,92.0,397.0,4.0,330.0,K00611,469.0,314.13,False,1.0,False,False,,0,"M00844,M00978",17646,0.825
K00615,1.0,1.0,670.0,SAMD00000344.contig00013_26,670.0,1.7e-170,565.9,1.9000000000000002e-170,565.7,113.0,576.0,6.0,661.0,K00615,565.9,223.53,False,1.0,False,False,"K00150,K01100,K02689,K02690,K02692,K02693,K02694,K02703,K02704,K02705,K02706,K02707,K02708,K05298,K08928,K08929,K13937",17,"M00004,M00007,M00165,M00611,M00612",18622,0.87
K00616,0.097,0.097,489.0,SAMD00000344.contig00008_73,489.0,1.4e-38,130.8,1.7e-38,130.5,117.0,336.0,4.0,197.0,K00617,370.4,137.5,True,7.468150113707753e-73,False,True,"K13937,K19243",2,"M00004,M00007",7960,0.372
K00618,0.0,0.0,,,,1000.0,0.0,,,,,,,,,,,0.0,,,,0,M00028,0,0.0
K00619,0.194,0.193,258.0,SAMD00000344.contig00013_27,258.0,4.3e-10,36.4,4.6e-10,36.3,50.0,165.0,4.0,138.0,K03828,177.9,166.07,True,2.536621175271372e-43,False,True,"K00818,K12659,K14677,K22478",4,M00028,11248,0.526
K00620,1.0,1.0,632.0,SAMD00000344.contig00024_11,632.0,1.4e-155,516.3,1.5000000000000001e-155,516.2,62.0,454.0,12.0,400.0,K00620,516.3,169.87,False,1.0,False,False,"K00818,K14677,K22478",3,M00028,13466,0.629
K00625,1.0,1.0,372.0,SAMD00000344.contig00028_7,372.0,1.1e-114,380.6,1.2e-114,380.5,24.0,342.0,1.0,323.0,K13788,419.1,377.93,True,1.0,True,False,"K11260,K22480",2,"M00357,M00579,M00617,M00618",2533,0.118
K00626,0.385,0.373,666.0,SAMD00000344.contig00001_226,666.0,1.3e-12,44.5,1.3e-12,44.4,544.0,665.0,129.0,260.0,K01715,364.2,369.9,True,5.76381968916833e-97,False,True,"K01964,K06981,K09128,K13273,K14465,K14467,K15016,K15017,K15018,K15020,K15036,K15037,K15038,K15737,K17942,K18690,K25517,K25518,K25774",19,"M00088,M00095,M00373,M00374,M00375,M00849,M00957",15622,0.73
K00627,1.0,1.0,656.0,SAMD00000344.contig00010_5,656.0,5.499999999999999e-113,376.0,6.3e-113,375.8,207.0,507.0,10.0,334.0,K00627,376.0,486.3,False,1.0,False,True,"K00189,K13997",2,M00307,17919,0.837
K00632,0.27,0.27,464.0,SAMD00000344.contig00022_32,464.0,5e-10,35.6,4.3e-05,19.4,137.0,171.0,157.0,191.0,K09458,519.1,505.6,True,2.8313730662059493e-146,False,True,"K00022,K07515,K09479,K10527",4,M00087,13280,0.621
K00640,1.0,1.0,355.0,SAMD00000344.contig00016_40,355.0,7.5e-71,236.4,9.1e-71,236.1,125.0,282.0,8.0,166.0,K00640,236.4,93.87,False,1.0,False,False,K13034,1,M00021,18083,0.845
K00641,0.183,0.183,532.0,SAMD00000344.contig00001_219,532.0,5.9e-05,19.0,2.4,3.7,355.0,400.0,214.0,259.0,K00433,192.5,74.73,True,5.906031409444755e-53,False,True,,0,M00017,10929,0.511
K00643,0.011,0.011,626.0,SAMD00000344.contig00001_147,626.0,2.8e-85,284.5,3.7e-85,284.1,223.0,571.0,46.0,391.0,K00639,510.0,422.27,True,1.311402410984971e-68,False,True,,0,M00868,2711,0.127
K00645,1.0,1.0,476.0,SAMD00000344.contig00022_34,476.0,3.2999999999999996e-90,300.7,3.6999999999999997e-90,300.5,96.0,397.0,1.0,295.0,K00645,300.7,275.13,False,1.0,False,False,"K00665,K00667,K18473",3,"M00082,M00885,M00886",20101,0.939
K00647,0.039,0.039,633.0,SAMD00000344.contig00022_32,633.0,2.2e-102,341.4,2.4e-102,341.2,47.0,415.0,1.0,403.0,K09458,519.1,381.4,True,3.21343685646036e-54,False,True,K19561,1,"M00083,M00572",5069,0.237
K00648,1.0,1.0,441.0,SAMD00000344.contig00002_14,441.0,9.1e-109,361.5,1e-108,361.4,54.0,356.0,5.0,324.0,K00648,361.5,221.8,False,1.0,False,False,"K00665,K00667,K11262",3,M00082,18233,0.852
K00651,1.0,1.0,383.0,SAMD00000344.contig00010_61,383.0,7e-105,348.1,8.7e-105,347.8,20.0,293.0,11.0,280.0,K00651,348.1,253.73,False,1.0,False,False,,0,M00017,8530,0.399
K00652,0.54,0.259,630.0,SAMD00000344.contig00001_147,630.0,8.4e-135,448.0,9.6e-135,447.9,125.0,494.0,9.0,388.0,K00639,510.0,464.27,True,2.1684043449710048e-19,False,True,"K19562,K25570",2,"M00123,M00573,M00577,M00950",13020,0.608
K00657,0.169,0.169,329.0,SAMD00000344.contig00004_29,329.0,8.4e-13,45.9,9.5e-13,45.7,85.0,226.0,39.0,163.0,K03789,146.0,82.97,True,7.360332503047952e-31,False,True,K14085,1,M00135,10509,0.491
K00658,0.231,0.231,461.0,SAMD00000344.contig00010_5,461.0,2.8999999999999997e-75,251.1,3.5e-75,250.8,154.0,441.0,20.0,334.0,K00627,376.0,447.43,True,2.5197273011452534e-38,False,True,K01900,1,"M00009,M00011",12289,0.574
K00665,0.0,0.0,2766.0,SAMD00000344.contig00022_32,2766.0,1.8e-38,128.1,1.9000000000000002e-38,128.0,365.0,766.0,3.0,404.0,K09458,519.1,867.5,True,1.9827670604028708e-118,False,True,,0,"M00082,M00083",25,0.001
K00667,0.0,0.0,1842.0,SAMD00000344.contig00022_32,1842.0,1.6e-18,62.5,9.4e-07,23.4,1493.0,1623.0,280.0,398.0,K09458,519.1,1128.37,True,3.5457162670107616e-138,False,True,,0,"M00082,M00083",2,0.0
K00668,0.0,0.0,3318.0,SAMD00000344.contig00001_224,3318.0,2.2e-11,38.2,2.7e-08,27.9,1555.0,1602.0,24.0,72.0,K17865,180.0,1491.97,True,2.0603766282620417e-43,False,True,K00667,1,"M00082,M00083",464,0.022
K00672,0.001,0.0,,,,1000.0,0.0,,,,,,,,,,,0.0,,,"K00200,K00201,K00202,K00203,K01499",5,"M00567,M00617",466,0.022
K00673,0.032,0.032,,,,1000.0,0.0,,,,,,,,,,,0.0,,,,0,M00879,4575,0.214
K00674,0.276,0.276,471.0,SAMD00000344.contig00005_12,471.0,4.5e-34,115.7,5.700000000000001e-34,115.3,262.0,445.0,82.0,235.0,K05822,332.9,157.8,True,4.1331859249439624e-66,False,True,,0,M00016,13445,0.628
K00677,0.219,0.219,390.0,SAMD00000344.contig00022_38,390.0,7.8e-15,51.5,8.8e-15,51.3,11.0,101.0,6.0,132.0,K02372,184.8,205.57,True,7.459360182111118e-41,False,True,,0,"M00060,M00866",11979,0.56
K00688,0.175,0.175,,,,1000.0,0.0,,,,,,,,,,,0.0,,,,0,M00855,10706,0.5
K00693,0.0,0.0,1064.0,SAMD00000344.contig00024_8,1064.0,3.4000000000000003e-32,108.8,6.8e-21,71.4,43.0,158.0,33.0,148.0,K00611,469.0,457.7,True,3.706769337211536e-109,False,True,,0,M00854,76,0.004
K00700,0.361,0.361,948.0,SAMD00000344.contig00001_117,948.0,4.8e-14,48.6,1.5e-12,43.6,297.0,695.0,19.0,539.0,K01182,862.6,290.47,True,9.153422936374339e-246,False,True,"K00693,K00750,K13679",3,"M00565,M00854",15374,0.718
K00703,0.236,0.236,761.0,SAMD00000344.contig00032_5,761.0,3.7e-10,35.9,7.2e-10,34.9,435.0,548.0,191.0,305.0,K19002,413.7,131.47,True,1.865810952705796e-114,False,True,"K00693,K13679",2,"M00565,M00854",12418,0.58
K00705,0.222,0.222,,,,1000.0,0.0,,,,,,,,,,,0.0,,,,0,M00855,12041,0.563
K00748,0.213,0.213,,,,1000.0,0.0,,,,,,,,,,,0.0,,,,0,"M00060,M00866",11816,0.552
K00750,0.0,0.0,468.0,SAMD00000344.contig00002_47,468.0,1.6e-05,20.8,3.2e-05,19.8,141.0,271.0,114.0,261.0,K03279,168.7,183.5,True,3.0037490143124586e-45,False,True,,0,M00854,459,0.021
K00757,0.004,0.004,392.0,SAMD00000344.contig00001_92,392.0,1.9e-21,73.7,2.6e-21,73.2,99.0,318.0,19.0,210.0,K03784,347.9,100.13,True,2.8679738618309032e-83,False,True,,0,M00968,1676,0.078
K00762,1.0,1.0,289.0,SAMD00000344.contig00006_13,289.0,6.899999999999999e-53,177.1,7.6e-53,176.9,53.0,246.0,5.0,201.0,K00762,177.1,126.4,False,1.0,False,False,"K00608,K01954,K11541",3,M00051,20629,0.964
K00764,1.0,1.0,775.0,SAMD00000344.contig00003_37,775.0,1.4e-197,655.9,1.6e-197,655.7,245.0,690.0,6.0,464.0,K00764,655.9,189.9,False,1.0,False,False,"K00601,K01492,K01587,K06863,K11787,K13713",6,M00048,20671,0.966
K00765,1.0,1.0,364.0,SAMD00000344.contig00008_45,364.0,2.1999999999999997e-62,208.7,2.6999999999999998e-62,208.4,39.0,246.0,1.0,211.0,K00765,208.7,56.87,False,1.0,False,False,"K01663,K14152",2,M00026,18056,0.844
K00766,1.0,1.0,501.0,SAMD00000344.contig00008_64,501.0,1.4e-149,496.3,1.6e-149,496.1,115.0,447.0,3.0,335.0,K00766,496.3,104.3,False,1.0,False,False,"K01656,K01694,K13501",3,M00023,17175,0.803
K00767,0.384,0.384,,,,1000.0,0.0,,,,,,,,,,,0.0,,,"K00463,K06210,K14263",3,"M00115,M00912",15847,0.74
K00772,0.022,0.022,,,,1000.0,0.0,,,,,,,,,,,0.0,,,"K16054,K23977",2,M00034,3771,0.176
K00788,1.0,1.0,329.0,SAMD00000344.contig00006_2,329.0,2.3e-57,191.8,2.7e-57,191.6,50.0,242.0,9.0,209.0,K00788,191.8,166.47,False,1.0,False,False,K21219,1,"M00896,M00899",15676,0.732
K00789,1.0,1.0,496.0,SAMD00000344.contig00014_39,496.0,2.0999999999999998e-181,601.4,2.5e-181,601.1,66.0,444.0,22.0,413.0,K00789,601.4,19.2,False,1.0,False,False,"K00815,K01244,K16054,K17398,K17399,K23977",6,"M00034,M00035,M00609",21278,0.994
K00795,1.0,1.0,576.0,SAMD00000344.contig00015_32,576.0,4.4e-92,307.1,5.1e-92,306.9,122.0,397.0,12.0,283.0,K00795,307.1,396.87,False,0.9999345884182143,False,True,,0,M00364,14341,0.67
K00796,1.0,1.0,419.0,SAMD00000344.contig00007_12,419.0,1.9e-87,291.0,2.2e-87,290.9,60.0,334.0,90.0,372.0,K00796,291.0,255.37,False,1.0,False,False,"K13939,K13941,K20457",3,M00126,18999,0.888
K00797,0.283,0.283,,,,1000.0,0.0,,,,,,,,,,,0.0,,,"K00815,K01244,K02626,K16054,K23977",5,M00034,13607,0.636
K00798,0.242,0.242,,,,1000.0,0.0,,,,,,,,,,,0.0,,,,0,M00122,12583,0.588
K00800,1.0,1.0,696.0,SAMD00000344.contig00001_203,696.0,1.6e-128,427.2,1.8e-128,427.0,171.0,574.0,12.0,429.0,K24018,438.4,135.3,True,1.0,True,False,K13830,1,M00022,12845,0.6
K00815,0.0,0.0,593.0,SAMD00000344.contig00001_102,593.0,1.8e-59,199.0,2.4e-59,198.5,102.0,470.0,27.0,380.0,K12252,339.4,369.2,True,5.43736652032711e-43,False,True,,0,"M00034,M00044",2,0.0
K00817,1.0,1.0,528.0,SAMD00000344.contig00008_53,528.0,6.800000000000001e-106,352.2,7.400000000000001e-106,352.1,102.0,436.0,2.0,353.0,K00817,352.2,290.17,False,1.0,False,False,"K01663,K14152",2,M00026,18733,0.875
K00818,0.0,0.0,608.0,SAMD00000344.contig00024_9,608.0,9.600000000000001e-130,431.1,1.0999999999999999e-129,431.0,51.0,440.0,2.0,376.0,K00821,493.9,574.17,True,1.2454212520183347e-19,False,True,,0,M00028,36,0.002
K00819,0.04,0.04,662.0,SAMD00000344.contig00024_9,662.0,7.199999999999999e-95,315.9,8e-95,315.8,152.0,536.0,2.0,376.0,K00821,493.9,484.07,True,2.610121787199434e-54,False,True,,0,M00972,5124,0.239
K00820,1.0,1.0,790.0,SAMD00000344.contig00028_18,790.0,8.6e-197,652.9,9.7e-197,652.8,86.0,681.0,1.0,606.0,K00820,652.9,184.73,False,1.0,False,False,K00972,1,M00909,20829,0.973
K00821,1.0,1.0,561.0,SAMD00000344.contig00024_9,561.0,7.3000000000000005e-149,493.9,8.2e-149,493.7,93.0,468.0,2.0,377.0,K00821,493.9,484.67,False,1.0,False,False,"K00818,K12659,K14677",3,"M00016,M00028,M00845",14972,0.7
K00823,0.026,0.026,581.0,SAMD00000344.contig00014_1,581.0,2.6e-153,508.8,3.1e-153,508.5,123.0,550.0,5.0,436.0,K20708,820.1,604.43,True,1.946983853088365e-94,False,True,K00139,1,M00027,4161,0.194
K00826,0.578,0.578,,,,1000.0,0.0,,,,,,,,,,,0.0,,,,0,"M00019,M00036,M00119,M00570",19439,0.908
K00830,0.04,0.04,513.0,SAMD00000344.contig00013_59,513.0,1.1e-09,34.8,1.5e-09,34.2,164.0,377.0,101.0,316.0,K11717,594.6,412.37,True,3.043746136532761e-169,False,True,,0,M00346,5105,0.239
K00831,1.0,1.0,515.0,SAMD00000344.contig00001_156,515.0,4.7000000000000005e-130,431.6,5.6e-130,431.4,105.0,459.0,3.0,353.0,K00831,431.6,121.8,False,1.0,False,False,,0,"M00020,M00124",17746,0.829
K00832,0.046,0.046,398.0,SAMD00000344.contig00001_102,398.0,1e-14,51.7,1.3e-14,51.3,46.0,260.0,43.0,246.0,K12252,339.4,555.57,True,2.4755417065019636e-87,False,True,"K00815,K23977",2,"M00024,M00025,M00034,M00040,M00044",5501,0.257
K00833,0.222,0.222,523.0,SAMD00000344.contig00014_1,523.0,3.8000000000000004e-74,246.9,4.8000000000000006e-74,246.6,87.0,486.0,30.0,434.0,K20708,820.1,411.3,True,2.8158303487517856e-173,False,True,"K01906,K19562",2,"M00123,M00577",12055,0.563
K00836,0.054,0.054,787.0,SAMD00000344.contig00014_1,787.0,8.000000000000001e-88,292.9,1e-87,292.5,230.0,634.0,17.0,430.0,K20708,820.1,462.37,True,1.9814644545901125e-159,False,True,,0,M00033,5957,0.278
K00838,0.0,0.0,555.0,SAMD00000344.contig00013_47,555.0,4e-73,244.0,2.8e-69,231.3,49.0,514.0,3.0,392.0,K05825,550.0,441.87,True,7.670458539527682e-93,False,True,,0,"M00024,M00025,M00034,M00044",0,0.0
K00840,0.032,0.032,407.0,SAMD00000344.contig00024_9,407.0,3e-109,362.3,3.6e-109,362.0,14.0,397.0,3.0,374.0,K00821,493.9,710.73,True,2.4235532734045296e-40,False,True,,0,M00879,4541,0.212
K00841,1.0,1.0,462.0,SAMD00000344.contig00018_26,462.0,4.2999999999999996e-173,573.2,5.1e-173,573.0,8.0,390.0,3.0,387.0,K00841,573.2,491.07,False,1.0,False,False,,0,M00525,3087,0.144
K00844,0.0,0.0,,,,1000.0,0.0,,,,,,,,,,,0.0,,,K12447,1,"M00001,M00549",244,0.011
K00845,0.086,0.086,493.0,SAMD00000344.contig00009_20,493.0,2.6e-20,69.7,2.9e-20,69.6,49.0,353.0,5.0,318.0,K25026,319.5,114.7,True,6.349025672137105e-76,False,True,"K11389,K12447",2,"M00001,M00549",7516,0.351
K00849,1.0,1.0,485.0,SAMD00000344.contig00013_21,485.0,2.8000000000000004e-124,412.5,3e-124,412.3,74.0,437.0,6.0,387.0,K00849,412.5,366.9,False,1.0,False,False,,0,"M00554,M00632",11020,0.515
K00850,0.157,0.157,832.0,SAMD00000344.contig00010_11,832.0,0.013,10.5,0.02,9.9,141.0,197.0,46.0,102.0,K04718,76.9,339.43,True,1.0270894964261287e-20,False,True,"K00150,K00844,K00918,K11389,K12406,K13831",6,"M00001,M00345",10139,0.474
K00855,0.025,0.025,460.0,SAMD00000344.contig00009_29,460.0,4.4e-34,115.2,5e-34,115.1,27.0,210.0,14.0,197.0,K00876,273.2,177.67,True,2.736911063134419e-48,False,True,"K02689,K02690,K02691,K02692,K02693,K02694,K02703,K02704,K02705,K02706,K02707,K02708,K05298",13,"M00165,M00611,M00612",4005,0.187
K00859,1.0,1.0,517.0,SAMD00000344.contig00009_60,517.0,2.5e-77,258.1,2.8e-77,257.9,228.0,418.0,1.0,194.0,K00859,258.1,54.7,False,1.0,False,False,"K01598,K01947,K02318",3,M00120,21188,0.99
K00860,0.069,0.069,323.0,SAMD00000344.contig00025_6,323.0,3.8e-08,30.1,0.021,11.3,83.0,108.0,632.0,657.0,K03701,1508.6,329.67,True,0.0,False,True,,0,"M00176,M00616",6729,0.314
K00867,1.0,1.0,367.0,SAMD00000344.contig00001_85,367.0,5.2e-131,434.0,5.8e-131,433.9,43.0,343.0,6.0,306.0,K00867,434.0,143.1,False,1.0,False,False,K02318,1,M00120,8994,0.42
K00869,1.0,1.0,504.0,SAMD00000344.contig00003_19,504.0,6e-67,223.7,7.7e-67,223.3,78.0,404.0,7.0,310.0,K00869,223.7,157.87,False,1.0,False,False,K17942,1,"M00095,M00849",3818,0.178
K00872,1.0,1.0,551.0,SAMD00000344.contig00001_144,551.0,9e-89,295.9,9.8e-89,295.7,83.0,370.0,2.0,287.0,K00872,295.9,208.17,False,1.0,False,False,K12526,1,M00018,12092,0.565
K00873,1.0,1.0,624.0,SAMD00000344.contig00003_103,624.0,2.6e-182,604.6,2.8000000000000003e-182,604.4,85.0,540.0,2.0,470.0,K00873,604.6,53.1,False,1.0,False,False,"K00150,K00844,K00918,K08074,K11389,K12406,K16305",7,"M00001,M00002",20423,0.954
K00874,1.0,1.0,517.0,SAMD00000344.contig00019_22,517.0,2.9000000000000003e-86,287.5,3.2e-86,287.4,173.0,469.0,3.0,313.0,K11441,317.2,247.03,True,1.0,True,False,"K05308,K18978",2,"M00061,M00308,M00631",10703,0.5
K00878,1.0,1.0,366.0,SAMD00000344.contig00006_4,366.0,4e-80,266.7,4.4e-80,266.5,65.0,320.0,4.0,262.0,K00878,266.7,94.93,False,1.0,False,False,K21219,1,M00899,8448,0.395
K00883,0.034,0.034,573.0,SAMD00000344.contig00003_12,573.0,0.0086,11.7,0.013,11.2,249.0,279.0,4.0,34.0,K00864,741.8,62.2,True,1.6519624286199962e-220,False,True,,0,M00552,4691,0.219
K00886,0.029,0.029,614.0,SAMD00000344.contig00018_20,614.0,1.5e-25,87.1,4.4e-23,78.9,174.0,327.0,2.0,166.0,K15545,225.7,159.5,True,1.893400994847264e-42,False,True,"K00150,K00918,K12406",3,"M00001,M00549",4334,0.203
K00891,1.0,1.0,302.0,SAMD00000344.contig00001_201,302.0,1.3e-55,186.4,1.4999999999999999e-55,186.2,68.0,230.0,4.0,166.0,K00891,186.4,135.57,False,1.0,False,False,K13830,1,M00022,10173,0.475
K00899,0.018,0.018,708.0,SAMD00000344.contig00003_126,708.0,1.7e-05,20.5,3.5e-05,19.4,491.0,542.0,172.0,229.0,K15523,230.5,359.5,True,6.07716335728631e-64,False,True,K23977,1,M00034,3403,0.159
K00912,0.205,0.205,,,,1000.0,0.0,,,,,,,,,,,0.0,,,,0,"M00060,M00866",11579,0.541
K00918,0.0,0.0,,,,1000.0,0.0,,,,,,,,,,,0.0,,,,0,M00001,249,0.012
K00919,1.0,1.0,362.0,SAMD00000344.contig00016_43,362.0,3.9e-76,253.6,4.2e-76,253.5,61.0,309.0,6.0,271.0,K00919,253.6,102.9,False,1.0,False,False,,0,M00096,18886,0.882
K00925,1.0,1.0,736.0,SAMD00000344.contig00034_6,736.0,6e-173,574.2,6.7e-173,574.1,212.0,590.0,4.0,394.0,K00925,574.2,139.2,False,1.0,False,False,"K00125,K00193,K00197,K00200,K00201,K00202,K00203,K00205,K00577,K00582,K00583,K00584,K00672,K01499,K04480,K05299,K08265,K11260,K14081,K14084,K14126,K14127,K14128,K15023,K16176,K16177,K16178,K22480,K22481,K22482,K25008,K25123,K25124",33,"M00357,M00579,M00617,M00618",17144,0.801
K00927,1.0,1.0,573.0,SAMD00000344.contig00025_19,573.0,1.3e-166,552.5,1.4e-166,552.4,91.0,485.0,1.0,400.0,K00927,552.5,114.27,False,1.0,False,False,"K00150,K00844,K00918,K01100,K01622,K02689,K02690,K02691,K02692,K02693,K02694,K02703,K02704,K02705,K02706,K02707,K02708,K05298,K05308,K08074,K08928,K08929,K11389,K12406,K16305,K18978",26,"M00001,M00002,M00003,M00165,M00308,M00552,M00611,M00612",21334,0.997
K00928,1.0,1.0,588.0,SAMD00000344.contig00005_44,588.0,1.7e-101,337.9,1.9e-101,337.7,62.0,475.0,1.0,450.0,K00928,337.9,398.1,False,1.0,False,True,,0,"M00016,M00017,M00018,M00033,M00525,M00526,M00527",19659,0.919
K00930,1.0,1.0,400.0,SAMD00000344.contig00024_10,400.0,1.2e-73,245.3,1.5e-73,245.0,90.0,330.0,2.0,234.0,K00930,245.3,217.0,False,1.0,False,False,"K00818,K14677,K22478",3,M00028,17347,0.811
K00931,1.0,1.0,542.0,SAMD00000344.contig00019_7,542.0,1.5e-108,361.2,1.7e-108,361.1,68.0,323.0,10.0,270.0,K00931,361.2,286.43,False,1.0,False,False,K12657,1,M00015,18486,0.864
K00938,1.0,1.0,477.0,SAMD00000344.contig00003_17,477.0,7.2e-100,332.4,7.800000000000001e-100,332.2,46.0,435.0,3.0,354.0,K00938,332.4,122.8,False,1.0,False,False,,0,M00095,2819,0.132
K00939,1.0,1.0,400.0,SAMD00000344.contig00002_130,400.0,3.2999999999999995e-69,231.3,4e-69,231.0,123.0,316.0,6.0,217.0,K00939,231.3,190.27,False,1.0,False,False,,0,M00049,16994,0.794
K00940,1.0,1.0,254.0,SAMD00000344.contig00012_22,254.0,3.5000000000000003e-44,148.1,4.2000000000000005e-44,147.8,50.0,184.0,3.0,139.0,K00940,148.1,144.17,False,1.0,False,False,"K13800,K13809,K18533",3,"M00049,M00050,M00052,M00053,M00938",18185,0.85
K00941,1.0,1.0,719.0,SAMD00000344.contig00006_3,719.0,1e-108,362.0,1.1e-108,361.9,303.0,562.0,4.0,267.0,K00941,362.0,329.57,False,1.0,False,False,K21219,1,"M00896,M00899",18282,0.854
K00942,1.0,1.0,352.0,SAMD00000344.contig00015_23,352.0,1.1e-73,245.6,1.3e-73,245.4,70.0,252.0,6.0,189.0,K00942,245.6,192.2,False,1.0,False,False,K18533,1,M00050,21194,0.99
K00943,1.0,1.0,425.0,SAMD00000344.contig00004_37,425.0,1.6e-69,232.3,1.9e-69,232.0,160.0,350.0,3.0,205.0,K00943,232.3,93.63,False,1.0,False,False,K13998,1,M00938,19151,0.895
K00944,0.035,0.035,313.0,SAMD00000344.contig00002_130,313.0,1.8e-67,224.6,2e-67,224.5,66.0,272.0,3.0,217.0,K00939,231.3,356.57,True,0.009526685064454024,False,True,,0,M00049,4120,0.193
K00948,1.0,1.0,379.0,SAMD00000344.contig00016_34,379.0,2.5999999999999997e-129,428.7,2.8999999999999995e-129,428.5,44.0,355.0,8.0,319.0,K00948,428.7,68.57,False,1.0,False,False,,0,M00005,21312,0.996
K00950,1.0,1.0,312.0,SAMD00000344.contig00007_8,312.0,9.5e-64,213.1,1.1e-63,212.8,92.0,240.0,10.0,158.0,K00950,213.1,41.17,False,1.0,False,False,"K13939,K19965,K20457",3,M00126,15978,0.747
K00954,1.0,1.0,267.0,SAMD00000344.contig00021_5,267.0,9.3e-71,235.3,1e-70,235.2,46.0,204.0,1.0,158.0,K00954,235.3,82.13,False,1.0,False,False,"K01598,K01947,K02318",3,M00120,21093,0.986
K00955,0.033,0.033,723.0,SAMD00000344.contig00021_16,723.0,3.2000000000000004e-44,148.7,4e-44,148.4,85.0,411.0,8.0,318.0,K02358,761.8,732.83,True,2.744793385132993e-185,False,True,,0,"M00176,M00616",4676,0.218
K00956,0.106,0.106,619.0,SAMD00000344.contig00021_16,619.0,5.9e-40,134.4,1.2e-38,130.1,43.0,363.0,11.0,318.0,K02358,761.8,538.9,True,1.3607574490826856e-189,False,True,,0,"M00176,M00616",8327,0.389
K00957,0.225,0.225,,,,1000.0,0.0,,,,,,,,,,,0.0,,,,0,"M00176,M00616",12131,0.567
K00958,0.014,0.014,,,,1000.0,0.0,,,,,,,,,,,0.0,,,"K11180,K11181",2,"M00176,M00596,M00616",3059,0.143
K00963,1.0,1.0,579.0,SAMD00000344.contig00004_2,579.0,1.1e-50,170.1,1.3e-50,169.8,148.0,523.0,5.0,284.0,K00963,170.1,85.17,False,1.0,False,False,"K00844,K12447",2,"M00549,M00854",7046,0.329
K00965,0.103,0.103,759.0,SAMD00000344.contig00013_21,759.0,4.4e-32,108.6,4.9000000000000003e-32,108.4,533.0,746.0,162.0,378.0,K00849,412.5,235.47,True,3.288397563260222e-92,False,True,,0,"M00554,M00632",8194,0.383
K00969,1.0,1.0,317.0,SAMD00000344.contig00009_50,317.0,5.7e-71,236.3,6.2e-71,236.2,36.0,225.0,13.0,209.0,K00969,236.3,119.97,False,1.0,False,False,"K00463,K06210,K14263",3,"M00115,M00912",20361,0.951
K00972,0.0,0.0,,,,1000.0,0.0,,,,,,,,,,,0.0,,,,0,M00909,192,0.009
K00973,0.5,0.5,592.0,SAMD00000344.contig00004_2,592.0,1.1e-43,147.0,2.3e-43,145.9,150.0,376.0,3.0,257.0,K00963,170.1,247.37,True,1.1122618767727632e-07,False,True,,0,M00793,18092,0.845
K00975,0.219,0.219,516.0,SAMD00000344.contig00004_2,516.0,1.2e-14,51.0,1.5e-14,50.6,93.0,348.0,7.0,268.0,K00963,170.1,197.6,True,1.4038718575260615e-36,False,True,"K00750,K13679",2,"M00565,M00854",11981,0.56
K00979,0.219,0.219,418.0,SAMD00000344.contig00016_22,418.0,0.00025,17.0,0.00028,16.9,301.0,401.0,27.0,137.0,K25307,155.8,142.67,True,1.6074983529435473e-42,False,True,,0,M00063,11975,0.56
K00981,1.0,1.0,360.0,SAMD00000344.contig00007_93,360.0,1.5e-57,192.6,1.6e-57,192.5,92.0,315.0,2.0,257.0,K00981,192.6,48.53,False,1.0,False,False,,0,M00093,21242,0.993
K00983,0.008,0.008,,,,1000.0,0.0,,,,,,,,,,,0.0,,,"K08068,K24257",2,M00922,2255,0.105
K00991,0.285,0.285,361.0,SAMD00000344.contig00016_35,361.0,2.7e-08,30.3,4.2e-08,29.7,46.0,104.0,6.0,63.0,K04042,612.5,243.07,True,5.499668649905739e-176,False,True,,0,M00096,13647,0.638
K00998,1.0,1.0,448.0,SAMD00000344.contig00005_45,448.0,3.6e-12,43.0,0.035,10.1,8.0,68.0,106.0,166.0,K00998,43.0,429.6,False,0.9999999930483625,False,True,,0,M00093,3181,0.149
K01006,0.099,0.099,1236.0,SAMD00000344.contig00032_6,1236.0,3.6e-48,161.5,5.7e-48,160.9,633.0,1064.0,157.0,532.0,K08483,805.8,369.27,True,1.1126889975550962e-194,False,True,"K08940,K08941,K08943,K15230,K15231",5,"M00169,M00173,M00614",8046,0.376
K01007,0.169,0.169,964.0,SAMD00000344.contig00032_6,964.0,1.7e-57,192.8,2.1000000000000002e-57,192.5,435.0,817.0,152.0,542.0,K08483,805.8,396.5,True,2.9417967103308193e-185,False,True,"K08940,K14465,K14467,K15016,K15230,K15231,K25774",7,"M00173,M00374,M00614",10528,0.492
K01012,0.578,0.365,,,,1000.0,0.0,,,,,,,,,,,0.0,,,"K19562,K19563,K25570",3,"M00123,M00573,M00577,M00950",15448,0.722
K01041,0.057,0.057,,,,1000.0,0.0,,,,,,,,,,,0.0,,,,0,M00957,6113,0.286
K01046,0.259,0.259,324.0,SAMD00000344.contig00001_138,324.0,5.9e-06,22.9,6.6e-06,22.8,88.0,167.0,30.0,130.0,K09023,86.7,67.2,True,5.721279497154352e-20,False,True,"K12298,K14073,K14074,K14075,K14452,K14674,K14675,K16816",8,M00098,13008,0.608
K01054,1.0,1.0,496.0,SAMD00000344.contig00001_186,496.0,3.2999999999999997e-41,138.5,4.0999999999999996e-41,138.2,119.0,392.0,4.0,301.0,K01054,138.5,225.4,False,0.9999999999999858,False,True,"K12298,K14073,K14074,K14452,K14674,K14675,K16816",7,M00098,11678,0.546
K01055,0.424,0.424,442.0,SAMD00000344.contig00001_219,442.0,1.5000000000000002e-38,130.3,1.8e-38,130.0,41.0,291.0,4.0,259.0,K00433,192.5,204.37,True,1.887705623968308e-19,False,True,,0,M00568,16651,0.778
K01057,0.178,0.178,426.0,SAMD00000344.contig00020_37,426.0,6.3e-17,59.2,8.2e-17,58.8,135.0,345.0,37.0,252.0,K02564,291.2,113.87,True,1.448908652612265e-70,False,True,,0,"M00004,M00006,M00008",10792,0.504
K01077,0.038,0.038,,,,1000.0,0.0,,,,,,,,,,,0.0,,,K13941,1,M00126,4989,0.233
K01079,1.0,1.0,434.0,SAMD00000344.contig00012_36,434.0,6.3e-12,42.4,120.0,-1.4,254.0,291.0,347.0,390.0,K01079,42.4,132.3,False,0.9999999930483625,False,True,,0,M00020,14368,0.671
K01081,0.0,0.0,429.0,SAMD00000344.contig00034_9,429.0,6.2e-14,49.1,7.5e-14,48.8,55.0,266.0,6.0,341.0,K11751,218.8,105.3,True,8.22639835253841e-52,False,True,,0,"M00958,M00959",395,0.018
K01086,0.039,0.039,,,,1000.0,0.0,,,,,,,,,,,0.0,,,K01622,1,"M00003,M00165,M00611,M00612",5020,0.235
K01089,0.03,0.03,358.0,SAMD00000344.contig00008_47,358.0,2.6e-81,270.6,2.9e-81,270.4,169.0,358.0,2.0,194.0,K01693,310.6,313.27,True,9.094947017720849e-13,False,True,K14152,1,M00026,4441,0.208
K01100,0.0,0.0,,,,1000.0,0.0,,,,,,,,,,,0.0,,,,0,"M00165,M00611,M00612",220,0.01
K01113,0.082,0.082,,,,1000.0,0.0,,,,,,,,,,,0.0,,,"K13941,K20457",2,M00126,7317,0.342
K01196,0.003,0.003,1812.0,SAMD00000344.contig00001_117,1812.0,2.2e-06,22.1,3.2e-06,21.5,344.0,448.0,33.0,129.0,K01182,862.6,408.2,True,9.6446982463876e-254,False,True,,0,M00855,1388,0.065
K01200,0.041,0.041,1088.0,SAMD00000344.contig00001_117,1088.0,1.9e-13,46.1,9.9e-07,23.9,346.0,546.0,17.0,215.0,K01182,862.6,397.9,True,1.6181118573447321e-246,False,True,,0,M00855,5150,0.241
K01214,0.105,0.105,,,,1000.0,0.0,,,,,,,,,,,0.0,,,,0,M00565,8278,0.387
K01236,0.083,0.083,685.0,SAMD00000344.contig00001_117,685.0,8.2e-28,94.2,1.1e-26,90.4,181.0,633.0,15.0,546.0,K01182,862.6,395.77,True,4.881477948718221e-232,False,True,,0,M00565,7381,0.345
K01243,1.0,1.0,458.0,SAMD00000344.contig00010_27,458.0,2e-62,208.8,2.1999999999999997e-62,208.6,156.0,375.0,1.0,227.0,K01243,208.8,105.83,False,1.0,False,False,"K00815,K01244,K16054,K23977",4,"M00034,M00609",15296,0.715
K01244,0.0,0.0,421.0,SAMD00000344.contig00010_27,421.0,1.2e-13,48.1,4.9e-06,23.0,327.0,365.0,167.0,205.0,K01243,208.8,232.27,True,4.211915941859881e-49,False,True,,0,M00034,28,0.001
K01251,0.191,0.191,587.0,SAMD00000344.contig00014_13,587.0,9.6e-08,28.1,220.0,-2.8,406.0,441.0,57.0,92.0,K00015,382.9,63.93,True,1.5651556684354798e-107,False,True,,0,M00035,11177,0.522
K01431,0.004,0.004,503.0,SAMD00000344.contig00006_25,503.0,2.0999999999999997e-43,146.3,2.3999999999999998e-43,146.1,156.0,450.0,2.0,260.0,K13566,274.0,286.7,True,3.61800824903672e-39,False,True,,0,M00046,1539,0.072
K01432,0.987,0.987,477.0,SAMD00000344.contig00002_86,477.0,1.1e-07,28.3,1.5e-07,27.9,171.0,261.0,32.0,126.0,K01432,28.3,151.07,False,0.9853101271990964,False,True,"K00463,K14263",2,"M00038,M00912",7918,0.37
K01438,0.187,0.187,501.0,SAMD00000344.contig00019_3,501.0,2.7e-80,267.9,3.3000000000000003e-80,267.7,96.0,452.0,6.0,376.0,K01439,299.6,294.07,True,2.8664814610778447e-10,False,True,"K00818,K12659,K14677,K22478",4,"M00028,M00845",11054,0.517
K01439,1.0,1.0,464.0,SAMD00000344.contig00019_3,464.0,7.799999999999999e-90,299.6,9.2e-90,299.3,64.0,412.0,6.0,375.0,K01439,299.6,281.33,False,1.0,False,False,,0,M00016,15301,0.715
K01458,0.058,0.058,,,,1000.0,0.0,,,,,,,,,,,0.0,,,,0,M00045,6171,0.288
K01464,0.081,0.081,677.0,SAMD00000344.contig00006_18,677.0,1.6e-60,202.5,3.5e-17,59.3,78.0,168.0,3.0,89.0,K01465,387.6,406.23,True,1.902601358895387e-56,False,True,,0,M00046,7284,0.34
K01465,1.0,1.0,589.0,SAMD00000344.contig00006_18,589.0,2e-116,387.6,2.3e-116,387.4,36.0,419.0,1.0,419.0,K01465,387.6,309.17,False,1.0,False,False,"K00608,K01954,K11541",3,M00051,20553,0.96
K01466,0.022,0.022,609.0,SAMD00000344.contig00006_18,609.0,1.5e-72,241.9,5.8e-72,240.0,123.0,534.0,15.0,420.0,K01465,387.6,362.33,True,1.3801606206258333e-44,False,True,"K00106,K13484,K16838",3,M00546,3755,0.175
K01468,0.205,0.205,707.0,SAMD00000344.contig00013_56,707.0,3.9e-09,32.7,1.5,4.3,154.0,198.0,23.0,75.0,K01487,490.9,209.13,True,1.1696501659192588e-138,False,True,K13990,1,M00045,11593,0.542
K01476,0.063,0.063,,,,1000.0,0.0,,,,,,,,,,,0.0,,,,0,M00134,6442,0.301
K01477,0.014,0.014,,,,1000.0,0.0,,,,,,,,,,,0.0,,,K13484,1,M00546,2975,0.139
K01479,0.045,0.045,,,,1000.0,0.0,,,,,,,,,,,0.0,,,K13990,1,M00045,5423,0.253
K01480,0.095,0.095,,,,1000.0,0.0,,,,,,,,,,,0.0,,,,0,M00133,7894,0.369
K01484,0.029,0.029,,,,1000.0,0.0,,,,,,,,,,,0.0,,,,0,M00879,4335,0.203
K01487,1.0,1.0,762.0,SAMD00000344.contig00013_56,762.0,1.0999999999999999e-147,490.9,1.2e-147,490.7,232.0,654.0,3.0,438.0,K01487,490.9,299.4,False,1.0,False,False,K00106,1,M00959,7127,0.333
K01488,0.121,0.121,,,,1000.0,0.0,,,,,,,,,,,0.0,,,"K00106,K01081,K01490,K19970",4,M00958,8902,0.416
K01490,0.0,0.0,,,,1000.0,0.0,,,,,,,,,,,0.0,,,,0,M00958,3,0.0
K01491,1.0,1.0,441.0,SAMD00000344.contig00015_35,441.0,8.5e-127,420.5,1.0000000000000001e-126,420.3,89.0,367.0,1.0,280.0,K01491,420.5,403.73,False,1.0,False,False,"K00194,K00197,K00300,K14138,K25007,K25008,K25123,K25124",8,"M00140,M00377,M00618",21166,0.989
K01492,1.0,1.0,527.0,SAMD00000344.contig00003_39,527.0,1.3e-134,446.6,6.7e-39,130.7,1.0,176.0,1.0,179.0,K01492,446.6,909.63,False,1.0,False,True,,0,M00048,2,0.0
K01495,1.0,1.0,274.0,SAMD00000344.contig00007_9,274.0,1.3000000000000001e-71,238.0,1.4e-71,237.9,56.0,237.0,4.0,186.0,K01495,238.0,54.33,False,1.0,False,False,"K13939,K13941,K20457",3,"M00126,M00843",17675,0.826
K01496,0.999,0.999,408.0,SAMD00000344.contig00008_51,408.0,7.1e-50,167.6,7.3e-50,167.6,144.0,244.0,4.0,105.0,K01496,167.6,191.73,False,0.9993561238715227,False,True,"K01663,K14152",2,M00026,10397,0.486
K01497,0.124,0.124,538.0,SAMD00000344.contig00002_42,538.0,0.0055,13.1,0.0065,12.9,344.0,464.0,12.0,149.0,K14654,39.2,279.3,True,1.3903047442816103e-08,False,True,"K01498,K20884",2,M00125,9025,0.422
K01498,0.0,0.0,147.0,SAMD00000344.contig00004_42,147.0,1.8e-10,38.1,2.6e-10,37.6,5.0,143.0,10.0,153.0,K11991,247.3,278.7,True,1.05809559678561e-63,False,True,,0,M00125,19,0.001
K01499,0.001,0.0,,,,1000.0,0.0,,,,,,,,,,,0.0,,,"K00200,K00201,K00202,K00203,K00672",5,"M00567,M00617",513,0.024
K01500,0.011,0.011,,,,1000.0,0.0,,,,,,,,,,,0.0,,,"K00300,K05299,K25008,K25123,K25124",5,"M00140,M00377,M00618",2717,0.127
K01506,0.008,0.008,264.0,SAMD00000344.contig00006_25,264.0,7.100000000000001e-57,189.7,8.2e-57,189.5,2.0,260.0,4.0,260.0,K13566,274.0,274.63,True,4.1992464576553937e-26,False,True,,0,M00957,2357,0.11
K01520,1.0,1.0,278.0,SAMD00000344.contig00002_28,278.0,4.399999999999999e-24,82.6,5.5999999999999996e-24,82.2,95.0,222.0,15.0,177.0,K01520,82.6,47.0,False,1.0,False,False,,0,M00938,18359,0.858
K01523,1.0,1.0,201.0,SAMD00000344.contig00008_52,201.0,1.1e-39,133.5,1.3e-39,133.3,60.0,152.0,5.0,97.0,K01523,133.5,125.43,False,1.0,False,False,K01663,1,M00026,9945,0.465
K01555,0.043,0.043,,,,1000.0,0.0,,,,,,,,,,,0.0,,,,0,M00044,5319,0.249
K01556,0.07,0.07,765.0,SAMD00000344.contig00013_59,765.0,1.1e-14,50.9,2e-14,50.0,166.0,565.0,2.0,394.0,K11717,594.6,183.07,True,2.137919544251662e-164,False,True,"K00463,K14263",2,"M00038,M00912",6753,0.316
K01580,0.017,0.017,646.0,SAMD00000344.contig00005_57,646.0,3.7e-10,35.9,6.8e-10,35.0,301.0,410.0,112.0,216.0,K04487,465.1,383.5,True,6.279511512979863e-130,False,True,,0,M00027,3378,0.158
K01581,0.035,0.035,545.0,SAMD00000344.contig00003_11,545.0,5.2e-36,121.4,6.700000000000001e-36,121.0,141.0,493.0,32.0,418.0,K01586,494.4,222.03,True,5.197704882822381e-113,False,True,,0,M00134,4797,0.224
K01582,0.003,0.003,712.0,SAMD00000344.contig00026_10,712.0,0.003,12.9,0.0049,12.1,15.0,90.0,9.0,86.0,K18349,289.1,1079.2,True,7.169934654577028e-84,False,True,,0,M00956,1371,0.064
K01584,0.051,0.051,,,,1000.0,0.0,,,,,,,,,,,0.0,,,,0,M00133,5802,0.271
K01585,0.188,0.188,592.0,SAMD00000344.contig00010_60,592.0,8.4e-07,25.2,1.1e-06,24.9,142.0,273.0,85.0,216.0,K01740,693.3,273.2,True,7.618332035034203e-202,False,True,K02626,1,M00133,11102,0.519
K01586,1.0,1.0,751.0,SAMD00000344.contig00003_11,751.0,7.7e-149,494.4,9.2e-149,494.1,91.0,488.0,14.0,431.0,K01586,494.4,297.53,False,1.0,False,False,,0,"M00016,M00525,M00526,M00527",19812,0.926
K01587,0.0,0.0,573.0,SAMD00000344.contig00003_33,573.0,1.1e-36,123.6,1.2e-36,123.4,135.0,369.0,4.0,232.0,K01923,171.7,291.7,True,3.3147990718050095e-15,False,True,K00601,1,M00048,16,0.001
K01588,1.0,1.0,267.0,SAMD00000344.contig00003_31,267.0,1.4e-78,261.2,1.5e-78,261.1,53.0,206.0,3.0,158.0,K01588,261.2,112.37,False,1.0,False,False,"K00601,K01492,K01587,K06863,K11787,K13713",6,M00048,19989,0.934
K01589,1.0,1.0,593.0,SAMD00000344.contig00003_32,593.0,2.1e-149,496.0,2.4e-149,495.7,148.0,509.0,9.0,372.0,K01589,496.0,272.37,False,1.0,False,False,"K01492,K01587,K11787,K13713,K23270",5,M00048,17329,0.81
K01591,1.0,1.0,534.0,SAMD00000344.contig00006_14,534.0,6e-65,217.2,7.2000000000000005e-65,217.0,85.0,297.0,7.0,237.0,K01591,217.2,156.5,False,1.0,False,False,"K00608,K01954,K11541",3,M00051,20657,0.965
K01595,0.361,0.266,,,,1000.0,0.0,,,,,,,,,,,0.0,,,"K14067,K14467,K14534,K15017,K15038",5,"M00168,M00173,M00346,M00374,M00614",13194,0.617
K01596,0.042,0.042,,,,1000.0,0.0,,,,,,,,,,,0.0,,,K00150,1,M00003,5249,0.245
K01597,1.0,1.0,512.0,SAMD00000344.contig00003_18,512.0,3e-102,340.2,3.5e-102,340.0,61.0,377.0,5.0,311.0,K01597,340.2,222.6,False,1.0,False,False,,0,M00095,3807,0.178
K01598,0.0,0.0,403.0,SAMD00000344.contig00015_21,403.0,3.8e-43,145.1,4.4e-43,144.9,70.0,347.0,2.0,342.0,K13038,542.5,190.0,True,2.3479006882686903e-120,False,True,,0,M00120,38,0.002
K01599,0.433,0.433,,,,1000.0,0.0,,,,,,,,,,,0.0,,,,0,"M00121,M00868,M00926",16841,0.787
K01601,0.003,0.003,,,,1000.0,0.0,,,,,,,,,,,0.0,,,"K02689,K02690,K02691,K02692,K02693,K02694,K02703,K02704,K02705,K02706,K02707,K02708,K05298,K08928,K08929",15,"M00165,M00611,M00612,M00968",1474,0.069
K01602,0.003,0.003,,,,1000.0,0.0,,,,,,,,,,,0.0,,,"K02689,K02690,K02691,K02692,K02693,K02694,K02703,K02704,K02705,K02706,K02707,K02708,K05298,K08928,K08929",15,"M00165,M00611,M00612",1403,0.066
K01609,1.0,1.0,539.0,SAMD00000344.contig00008_65,539.0,9.899999999999999e-105,348.6,1.1e-104,348.4,89.0,346.0,1.0,257.0,K01609,348.6,316.43,False,1.0,False,False,"K01656,K01694",2,M00023,16009,0.748
K01610,0.203,0.203,662.0,SAMD00000344.contig00004_63,662.0,0.014,11.0,0.028,10.1,296.0,320.0,52.0,76.0,K02000,590.1,82.3,True,4.715519129369366e-175,False,True,"K00150,K01622",2,M00003,11524,0.538
K01611,0.069,0.069,,,,1000.0,0.0,,,,,,,,,,,0.0,,,"K02626,K16054,K23977",3,M00034,6716,0.314
K01613,0.361,0.361,,,,1000.0,0.0,,,,,,,,,,,0.0,,,,0,M00093,15375,0.718
K01616,0.016,0.016,1230.0,SAMD00000344.contig00010_5,1230.0,4.2e-23,78.1,5.1e-23,77.8,86.0,349.0,75.0,327.0,K00627,376.0,1318.8,True,2.1045744404865057e-90,False,True,,0,"M00009,M00011",3190,0.149
K01617,0.004,0.004,270.0,SAMD00000344.contig00010_15,270.0,7.2e-43,143.7,8.7e-43,143.4,8.0,258.0,15.0,266.0,K02509,231.9,292.2,True,2.8129005789283965e-27,False,True,,0,M00569,1539,0.072
K01622,0.0,0.0,,,,1000.0,0.0,,,,,,,,,,,0.0,,,,0,M00003,175,0.008
K01623,0.031,0.031,,,,1000.0,0.0,,,,,,,,,,,0.0,,,"K00918,K01622,K02689,K02690,K02691,K02692,K02693,K02694,K02703,K02704,K02705,K02706,K02707,K02708,K05298,K08074,K08928,K08929,K12406",19,"M00001,M00003,M00165,M00611,M00612",4495,0.21
K01624,0.467,0.467,,,,1000.0,0.0,,,,,,,,,,,0.0,,,"K00150,K00844,K00918,K01100,K01622,K02689,K02690,K02692,K02693,K02694,K02703,K02704,K02705,K02706,K02707,K02708,K05298,K08074,K11389,K12406,K13831,K16305",22,"M00001,M00003,M00165,M00345,M00611,M00612",17484,0.817
K01625,1.0,1.0,290.0,SAMD00000344.contig00013_16,290.0,3.6e-67,223.7,4.3e-67,223.5,33.0,239.0,1.0,206.0,K01625,223.7,188.4,False,1.0,False,False,"K05308,K18978",2,"M00008,M00061,M00308,M00631",14060,0.657
K01626,0.308,0.308,,,,1000.0,0.0,,,,,,,,,,,0.0,,,K13830,1,M00022,14190,0.663
K01627,0.213,0.213,449.0,SAMD00000344.contig00001_206,449.0,1.8e-41,139.7,2.7999999999999997e-41,139.1,43.0,314.0,76.0,332.0,K03856,463.4,186.6,True,3.602387305730077e-98,False,True,,0,M00063,11797,0.551
K01631,1.0,1.0,207.0,SAMD00000344.contig00019_21,207.0,8e-37,123.6,8.6e-37,123.5,5.0,205.0,10.0,212.0,K01631,123.6,198.33,False,1.0,False,True,,0,M00552,4287,0.2
K01633,1.0,1.0,253.0,SAMD00000344.contig00007_7,253.0,4.2000000000000005e-36,122.1,4.5e-36,122.0,77.0,192.0,1.0,116.0,K01633,122.1,95.87,False,1.0,False,False,"K13939,K13941,K20457,K22099,K22100",5,"M00126,M00840",14330,0.67
K01636,0.0,0.0,215.0,SAMD00000344.contig00001_240,215.0,4.9e-28,95.2,6.800000000000001e-28,94.7,7.0,205.0,2.0,222.0,K03077,325.0,276.03,True,6.657435943186896e-70,False,True,,0,M00968,53,0.002
K01637,0.158,0.158,,,,1000.0,0.0,,,,,,,,,,,0.0,,,,0,M00012,10171,0.475
K01638,0.201,0.201,,,,1000.0,0.0,,,,,,,,,,,0.0,,,,0,M00012,11458,0.535
K01640,0.148,0.148,416.0,SAMD00000344.contig00021_2,416.0,3.3e-09,33.3,4.9e-09,32.8,208.0,330.0,686.0,801.0,K01958,1831.2,155.8,True,0.0,False,True,,0,"M00036,M00088",9835,0.46
K01641,1.0,1.0,532.0,SAMD00000344.contig00007_79,532.0,4.7e-95,316.7,5.8e-95,316.4,39.0,466.0,2.0,387.0,K01641,316.7,213.23,False,1.0,False,False,K17942,1,"M00088,M00095,M00849",3217,0.15
K01647,0.391,0.391,,,,1000.0,0.0,,,,,,,,,,,0.0,,,"K01900,K04835,K19280,K19281",4,"M00009,M00010,M00012,M00740",16001,0.748
K01649,0.532,0.532,818.0,SAMD00000344.contig00021_2,818.0,1.2e-07,27.7,1.5e-05,20.8,270.0,380.0,646.0,760.0,K01958,1831.2,455.83,True,0.0,False,True,,0,M00432,18663,0.872
K01652,1.0,1.0,773.0,SAMD00000344.contig00014_5,773.0,8.900000000000001e-145,481.1,1e-144,480.9,115.0,628.0,7.0,547.0,K01652,481.1,533.97,False,1.0,False,True,,0,"M00019,M00570",19522,0.912
K01653,0.5,0.5,,,,1000.0,0.0,,,,,,,,,,,0.0,,,,0,"M00019,M00570",18092,0.845
K01654,0.002,0.002,349.0,SAMD00000344.contig00001_206,349.0,3.3e-06,23.3,110.0,-1.4,262.0,311.0,279.0,328.0,K03856,463.4,364.37,True,3.2862372057143923e-133,False,True,K08068,1,M00922,1179,0.055
K01655,0.0,0.0,504.0,SAMD00000344.contig00021_2,504.0,3.3e-08,29.5,6e-08,28.7,237.0,305.0,693.0,761.0,K01958,1831.2,402.8,True,0.0,False,True,K05824,1,M00433,66,0.003
K01656,0.0,0.0,491.0,SAMD00000344.contig00008_63,491.0,1.2e-60,202.8,1.4e-60,202.6,10.0,196.0,3.0,191.0,K01658,269.6,771.7,True,7.783871568034588e-21,False,True,,0,M00023,2,0.0
K01657,1.0,1.0,626.0,SAMD00000344.contig00008_62,626.0,1.4e-134,447.3,1.6e-134,447.0,76.0,535.0,3.0,477.0,K01657,447.3,466.47,False,1.0,False,True,"K01656,K01694,K13501",3,M00023,16828,0.786
K01658,1.0,1.0,325.0,SAMD00000344.contig00008_63,325.0,4.0000000000000003e-81,269.6,4.5e-81,269.5,78.0,266.0,1.0,191.0,K01658,269.6,243.07,False,1.0,False,False,"K01694,K13501",2,M00023,13625,0.637
K01659,0.127,0.127,,,,1000.0,0.0,,,,,,,,,,,0.0,,,"K01900,K04835,K19280,K19281",4,"M00009,M00010,M00012,M00740",9100,0.425
K01661,0.101,0.101,342.0,SAMD00000344.contig00001_226,342.0,5.2e-56,187.3,5.7e-56,187.2,68.0,328.0,5.0,259.0,K01715,364.2,380.27,True,5.594918531016385e-54,False,True,"K12073,K14759,K14760,K17872,K23094,K23095",6,"M00116,M00932",8126,0.38
K01662,0.57,0.57,731.0,SAMD00000344.contig00013_26,731.0,2.6e-27,92.5,0.12,7.6,195.0,254.0,122.0,192.0,K00615,565.9,335.27,True,3.0446482275418982e-143,False,True,,0,M00096,19311,0.902
K01663,0.0,0.0,930.0,SAMD00000344.contig00008_50,930.0,7.199999999999999e-69,230.3,1.5e-66,222.6,230.0,542.0,2.0,252.0,K02500,432.5,383.6,True,1.354362363885637e-61,False,True,,0,M00026,52,0.002
K01666,0.008,0.008,598.0,SAMD00000344.contig00021_2,598.0,4.8e-10,35.6,2.5e-09,33.2,203.0,282.0,686.0,765.0,K01958,1831.2,149.73,True,0.0,False,True,,0,"M00545,M00569",2279,0.106
K01676,0.16,0.16,,,,1000.0,0.0,,,,,,,,,,,0.0,,,"K01900,K08940,K08941,K08943",4,"M00009,M00011,M00173,M00614",10245,0.479
K01677,0.008,0.008,,,,1000.0,0.0,,,,,,,,,,,0.0,,,"K00170,K05942,K08940,K15230,K15231",5,"M00009,M00011,M00173,M00374,M00614,M00620",2225,0.104
K01678,0.007,0.007,,,,1000.0,0.0,,,,,,,,,,,0.0,,,"K00170,K05942,K08940,K15230,K15231",5,"M00009,M00011,M00173,M00374,M00614,M00620",2112,0.099
K01679,1.0,1.0,661.0,SAMD00000344.contig00007_43,661.0,1.9000000000000001e-199,661.6,2.1e-199,661.4,128.0,590.0,1.0,457.0,K01679,661.6,634.63,False,1.0,False,False,"K00170,K01900,K08928,K08929,K14468,K14469,K14471,K14472,K15052,K15230,K15231",11,"M00009,M00011,M00173,M00376,M00613,M00614",16147,0.754
K01681,0.33,0.33,,,,1000.0,0.0,,,,,,,,,,,0.0,,,K01900,1,"M00009,M00010,M00012",14704,0.687
K01682,0.08,0.08,856.0,SAMD00000344.contig00011_75,856.0,0.00023,16.3,0.00028,16.1,30.0,111.0,29.0,112.0,K02171,111.9,702.27,True,1.6654531255507732e-29,False,True,"K08940,K08941,K08943,K15230,K15231",5,"M00009,M00010,M00012,M00173,M00614",7247,0.339
K01684,0.049,0.049,643.0,SAMD00000344.contig00013_31,643.0,9e-39,130.4,9.399999999999999e-39,130.3,211.0,515.0,14.0,326.0,K19802,381.9,367.4,True,1.9541418716087672e-76,False,True,,0,M00552,5671,0.265
K01685,0.019,0.019,,,,1000.0,0.0,,,,,,,,,,,0.0,,,,0,M00631,3557,0.166
K01686,1.0,1.0,587.0,SAMD00000344.contig00013_24,587.0,3.6e-152,504.9,3.999999999999999e-152,504.7,9.0,360.0,2.0,356.0,K01686,504.9,134.43,False,1.0,False,False,,0,M00061,6158,0.288
K01687,0.541,0.541,,,,1000.0,0.0,,,,,,,,,,,0.0,,,,0,"M00019,M00570",18808,0.879
K01689,1.0,1.0,574.0,SAMD00000344.contig00025_28,574.0,2.3e-187,621.6,2.5e-187,621.4,44.0,467.0,1.0,427.0,K01689,621.6,71.97,False,1.0,False,False,"K00150,K00844,K00918,K01622,K08074,K11389,K12406,K16305",8,"M00001,M00002,M00003,M00346",21217,0.991
K01690,0.078,0.078,,,,1000.0,0.0,,,,,,,,,,,0.0,,,,0,M00008,7145,0.334
K01692,0.016,0.016,345.0,SAMD00000344.contig00001_226,345.0,5.7e-92,305.6,6.2e-92,305.5,58.0,309.0,6.0,260.0,K01715,364.2,316.47,True,2.288981349554899e-18,False,True,K10527,1,"M00087,M00878,M00957",3226,0.151
K01693,1.0,1.0,284.0,SAMD00000344.contig00008_47,284.0,1.2e-93,310.6,1.3e-93,310.5,67.0,261.0,1.0,194.0,K01693,310.6,298.03,False,1.0,False,False,"K01663,K14152",2,M00026,13683,0.639
K01694,0.0,0.0,873.0,SAMD00000344.contig00008_67,873.0,3.3000000000000004e-193,641.2,3.9999999999999997e-193,641.0,462.0,852.0,3.0,394.0,K01696,731.4,814.6,True,7.032251447321265e-28,False,True,,0,M00023,12,0.001
K01695,1.0,1.0,453.0,SAMD00000344.contig00008_68,453.0,4.9e-104,345.8,5.4000000000000003e-104,345.6,148.0,407.0,1.0,253.0,K01695,345.8,84.2,False,1.0,False,False,"K01656,K01694,K13501",3,M00023,18530,0.866
K01696,1.0,1.0,620.0,SAMD00000344.contig00008_67,620.0,1.4e-220,731.4,1.4999999999999999e-220,731.3,180.0,571.0,7.0,398.0,K01696,731.4,605.67,False,1.0,False,False,"K01656,K01694,K13501",3,M00023,18890,0.883
K01697,0.062,0.062,868.0,SAMD00000344.contig00016_42,868.0,1.2e-94,315.4,1.5e-94,315.1,313.0,618.0,3.0,298.0,K17216,429.9,455.87,True,3.4045953094161593e-35,False,True,,0,"M00035,M00338",6371,0.298
K01698,0.46,0.46,,,,1000.0,0.0,,,,,,,,,,,0.0,,,"K00589,K02304",2,"M00121,M00846,M00868,M00926",17354,0.811
K01702,0.42,0.42,,,,1000.0,0.0,,,,,,,,,,,0.0,,,,0,M00432,16571,0.774
K01703,0.009,0.009,,,,1000.0,0.0,,,,,,,,,,,0.0,,,,0,"M00432,M00535",2450,0.114
K01704,0.357,0.357,,,,1000.0,0.0,,,,,,,,,,,0.0,,,,0,"M00432,M00535",15292,0.715
K01705,0.0,0.0,1225.0,SAMD00000344.contig00004_74,1225.0,9.7e-19,63.9,1.3e-18,63.5,793.0,1106.0,58.0,370.0,K08166,357.9,529.17,True,3.141819817769267e-89,False,True,,0,M00433,27,0.001
K01710,0.456,0.456,432.0,SAMD00000344.contig00026_20,432.0,7e-57,190.4,8.1e-57,190.2,61.0,363.0,8.0,308.0,K02473,247.0,477.4,True,9.155925398219109e-18,False,True,,0,M00793,17266,0.807
K01712,0.19,0.19,,,,1000.0,0.0,,,,,,,,,,,0.0,,,K13990,1,M00045,11145,0.521
K01713,0.025,0.025,424.0,SAMD00000344.contig00001_103,424.0,3.6e-39,132.0,3.7e-39,132.0,128.0,372.0,12.0,264.0,K23059,526.5,229.27,True,1.7525350424051724e-119,False,True,,0,M00024,4043,0.189
K01714,1.0,1.0,444.0,SAMD00000344.contig00021_13,444.0,2.6e-94,313.7,3e-94,313.5,104.0,381.0,8.0,285.0,K01714,313.7,260.63,False,1.0,False,False,,0,"M00016,M00525,M00526,M00527",20633,0.964
K01716,0.068,0.068,220.0,SAMD00000344.contig00022_38,220.0,2e-09,34.4,2.3e-09,34.2,97.0,193.0,33.0,127.0,K02372,184.8,156.97,True,5.309928242237607e-46,False,True,K00665,1,M00083,6688,0.313
K01719,0.1,0.1,,,,1000.0,0.0,,,,,,,,,,,0.0,,,"K00589,K02304",2,"M00121,M00846,M00868,M00926",8106,0.379
K01733,1.0,1.0,538.0,SAMD00000344.contig00001_142,538.0,6.3e-95,316.1,7.1e-95,316.0,95.0,477.0,1.0,460.0,K06037,366.9,251.13,True,1.0,True,False,K12526,1,M00018,11019,0.515
K01735,1.0,1.0,499.0,SAMD00000344.contig00001_205,499.0,9.7e-126,417.7,1.1000000000000001e-125,417.4,83.0,437.0,3.0,353.0,K01735,417.7,319.27,False,1.0,False,False,,0,M00022,16310,0.762
K01736,1.0,1.0,574.0,SAMD00000344.contig00001_204,574.0,7.4e-132,438.0,8.8e-132,437.7,137.0,491.0,1.0,381.0,K01736,438.0,204.3,False,1.0,False,False,K13830,1,M00022,20556,0.961
K01737,0.284,0.284,213.0,SAMD00000344.contig00001_105,213.0,0.013,12.1,0.018,11.7,53.0,91.0,237.0,296.0,K01805,620.6,25.37,True,6.656526088790906e-184,False,True,,0,M00843,13637,0.637
K01738,0.506,0.506,538.0,SAMD00000344.contig00016_42,538.0,1.1e-113,378.1,1.4e-113,377.9,93.0,387.0,4.0,299.0,K17216,429.9,436.97,True,2.550622724133602e-16,False,True,"K13034,K17069,K23304",3,M00021,18203,0.851
K01739,0.001,0.001,533.0,SAMD00000344.contig00016_41,533.0,4.4e-138,458.2,4.8999999999999996e-138,458.0,102.0,486.0,1.0,378.0,K17217,539.6,488.3,True,3.132545281759806e-25,False,True,,0,M00017,845,0.039
K01745,0.209,0.209,,,,1000.0,0.0,,,,,,,,,,,0.0,,,K13990,1,M00045,11690,0.546
K01749,0.467,0.467,,,,1000.0,0.0,,,,,,,,,,,0.0,,,"K00589,K02304",2,"M00121,M00846,M00868,M00926",17478,0.817
K01752,0.446,0.446,,,,1000.0,0.0,,,,,,,,,,,0.0,,,,0,M00975,17092,0.799
K01754,1.0,1.0,565.0,SAMD00000344.contig00001_150,565.0,5.4e-128,425.1,6.999999999999999e-128,424.7,94.0,409.0,15.0,335.0,K01754,425.1,261.47,False,1.0,False,False,,0,"M00570,M00975",18114,0.846
K01755,1.0,1.0,810.0,SAMD00000344.contig00025_9,810.0,2.5e-219,728.3,2.8e-219,728.1,115.0,573.0,2.0,457.0,K01755,728.3,175.73,False,1.0,False,False,,0,"M00844,M00845,M00978",17075,0.798
K01756,1.0,1.0,734.0,SAMD00000344.contig00006_38,734.0,9.2e-140,464.4,1.0999999999999999e-139,464.1,138.0,560.0,4.0,419.0,K01756,464.4,290.4,False,1.0,False,False,"K00601,K01492,K01587,K06863,K11787,K13713",6,"M00048,M00049",20990,0.981
K01758,0.212,0.212,587.0,SAMD00000344.contig00016_41,587.0,2.1e-159,528.9,2.4e-159,528.7,76.0,456.0,2.0,378.0,K17217,539.6,600.67,True,0.0006007835751966223,False,True,,0,M00338,11766,0.55
K01760,1.0,1.0,492.0,SAMD00000344.contig00006_34,492.0,3.2e-157,520.9,3.6e-157,520.7,83.0,459.0,4.0,385.0,K01760,520.9,489.27,False,1.0,False,False,,0,M00017,7906,0.369
K01770,0.082,0.082,,,,1000.0,0.0,,,,,,,,,,,0.0,,,,0,M00096,7344,0.343
K01772,0.449,0.449,,,,1000.0,0.0,,,,,,,,,,,0.0,,,,0,"M00121,M00868,M00926",17132,0.801
K01778,1.0,1.0,375.0,SAMD00000344.contig00010_31,375.0,5.9e-67,223.4,7e-67,223.2,66.0,349.0,2.0,316.0,K01778,223.4,80.17,False,1.0,False,False,,0,"M00016,M00525,M00527",18048,0.843
K01780,0.0,0.0,279.0,SAMD00000344.contig00010_31,279.0,1.5e-06,25.0,0.11,9.0,67.0,135.0,78.0,139.0,K01778,223.4,158.3,True,1.886465470060255e-60,False,True,,0,M00949,529,0.025
K01782,0.119,0.119,759.0,SAMD00000344.contig00001_226,759.0,2.2e-56,188.7,2.7e-56,188.5,41.0,245.0,12.0,220.0,K01715,364.2,804.2,True,1.4765078523611413e-53,False,True,"K07515,K09479,K10527",3,"M00087,M00957",8835,0.413
K01783,1.0,1.0,387.0,SAMD00000344.contig00015_14,387.0,2.3e-86,287.5,2.6e-86,287.3,86.0,296.0,2.0,216.0,K01783,287.5,248.73,False,1.0,False,False,"K00150,K01100,K02689,K02690,K02691,K02692,K02693,K02694,K02703,K02704,K02705,K02706,K02707,K02708,K05298,K08928,K08929,K13937,K19243",19,"M00004,M00007,M00165,M00611,M00612",21226,0.992
K01784,1.0,1.0,461.0,SAMD00000344.contig00004_31,461.0,3.5000000000000005e-125,415.9,3.9000000000000003e-125,415.8,61.0,366.0,1.0,329.0,K12448,424.7,259.5,True,1.0,True,False,,0,M00632,18415,0.86
K01785,1.0,1.0,518.0,SAMD00000344.contig00012_50,518.0,3e-85,284.4,3.3e-85,284.3,73.0,394.0,3.0,331.0,K01785,284.4,54.37,False,1.0,False,False,,0,M00632,15547,0.726
K01790,0.235,0.235,,,,1000.0,0.0,,,,,,,,,,,0.0,,,,0,M00793,12397,0.579
K01799,0.024,0.024,338.0,SAMD00000344.contig00005_16,338.0,0.015,11.7,0.56,6.6,220.0,264.0,58.0,106.0,K01776,300.7,73.7,True,1.0053823416929757e-87,False,True,,0,M00622,3933,0.184
K01800,0.006,0.006,,,,1000.0,0.0,,,,,,,,,,,0.0,,,,0,M00044,1964,0.092
K01803,1.0,1.0,383.0,SAMD00000344.contig00025_27,383.0,1.2e-85,285.2,1.3e-85,285.0,35.0,278.0,1.0,250.0,K01803,285.2,28.47,False,1.0,False,False,"K00150,K00844,K00918,K01100,K01622,K02689,K02690,K02691,K02692,K02693,K02694,K02703,K02704,K02705,K02706,K02707,K02708,K05298,K08074,K08928,K08929,K11389,K12406,K16305",24,"M00001,M00002,M00003,M00165,M00611,M00612",21329,0.997
K01807,1.0,1.0,441.0,SAMD00000344.contig00002_26,441.0,1.2e-84,282.1,1.3e-84,281.9,126.0,350.0,3.0,224.0,K01807,282.1,53.87,False,1.0,False,False,"K00150,K02689,K02690,K02691,K02692,K02693,K02694,K02703,K02704,K02705,K02706,K02707,K02708,K05298,K08928,K08929,K13831",17,"M00004,M00007,M00165,M00580,M00611,M00612",12873,0.602
K01808,0.244,0.243,285.0,SAMD00000344.contig00001_210,285.0,8.2e-11,39.2,8.2e-11,39.2,3.0,86.0,5.0,84.0,K23988,111.8,183.07,True,1.3970831234763266e-22,False,True,"K01100,K02691,K08928,K08929,K13937",5,"M00004,M00007,M00165,M00611,M00612",12621,0.59
K01810,1.0,1.0,866.0,SAMD00000344.contig00020_21,866.0,7.900000000000001e-58,193.7,9.6e-58,193.5,320.0,706.0,57.0,426.0,K01810,193.7,169.87,False,1.0,False,False,"K00844,K00918,K08074,K11389,K12406,K13937,K19243",7,"M00001,M00004",19584,0.915
K01812,1.0,1.0,548.0,SAMD00000344.contig00019_39,548.0,2.3999999999999998e-181,601.2,3.0000000000000003e-181,600.9,63.0,517.0,3.0,472.0,K01812,601.2,173.2,False,1.0,False,False,,0,"M00061,M00631",6111,0.286
K01814,1.0,1.0,454.0,SAMD00000344.contig00008_49,454.0,1.9e-70,235.3,2.2e-70,235.1,160.0,391.0,3.0,233.0,K01814,235.3,249.4,False,0.9999999999999147,False,True,"K01663,K14152",2,M00026,14874,0.695
K01817,1.0,1.0,334.0,SAMD00000344.contig00008_66,334.0,1.1e-58,196.3,1.2e-58,196.2,32.0,238.0,1.0,193.0,K01817,196.3,208.83,False,1.0,False,True,"K01694,K13501",2,M00023,13095,0.612
K01821,1.0,1.0,162.0,SAMD00000344.contig00003_10,162.0,1.3e-17,61.3,1.4e-17,61.2,46.0,105.0,1.0,60.0,K01821,61.3,31.83,False,1.0,False,False,,0,M00569,10901,0.509
K01823,0.1,0.093,,,,1000.0,0.0,,,,,,,,,,,0.0,,,"K06981,K17942,K18690,K25518",4,"M00095,M00096,M00364,M00365,M00849",7793,0.364
K01825,0.025,0.024,717.0,SAMD00000344.contig00001_226,717.0,8.899999999999999e-55,183.2,9.599999999999999e-54,179.8,13.0,207.0,11.0,202.0,K01715,364.2,740.2,True,3.262652233999274e-55,False,True,K15737,1,"M00087,M00957",4000,0.187
K01826,0.036,0.036,186.0,SAMD00000344.contig00003_10,186.0,0.0015,15.4,0.0017,15.3,91.0,141.0,4.0,51.0,K01821,61.3,51.7,True,1.5230816963710208e-14,False,True,,0,M00533,4878,0.228
K01834,1.0,1.0,410.0,SAMD00000344.contig00012_73,410.0,1.1e-103,344.7,1.2e-103,344.5,129.0,340.0,1.0,223.0,K01834,344.7,149.1,False,1.0,False,False,"K00150,K00844,K00918,K01622,K08074,K12406",6,"M00001,M00002,M00003",12492,0.584
K01835,1.0,1.0,688.0,SAMD00000344.contig00025_3,688.0,7.4e-118,392.2,7.9e-118,392.1,105.0,611.0,33.0,560.0,K15779,412.2,352.47,True,1.0,True,False,"K00844,K12447",2,"M00549,M00855",10590,0.495
K01845,0.397,0.397,608.0,SAMD00000344.contig00024_9,608.0,6.1e-77,256.7,7.8e-77,256.4,143.0,477.0,11.0,331.0,K00821,493.9,311.83,True,3.9417132615508323e-72,False,True,"K00589,K02304",2,"M00121,M00846,M00926",16116,0.753
K01846,0.002,0.002,,,,1000.0,0.0,,,,,,,,,,,0.0,,,,0,M00740,1002,0.047
K01847,0.066,0.066,850.0,SAMD00000344.contig00030_4,850.0,0.0067,11.8,0.0094,11.3,698.0,757.0,126.0,199.0,K00088,516.2,670.0,True,1.4470055174347789e-152,False,True,"K01964,K08928,K08929,K14468,K14469,K14471,K14472,K15036,K15052,K19312",10,"M00376,M00613,M00741",6556,0.306
K01848,0.006,0.006,,,,1000.0,0.0,,,,,,,,,,,0.0,,,"K01964,K14465,K14469,K15036,K19312",5,"M00375,M00376,M00613,M00741",1941,0.091
K01849,0.003,0.003,138.0,SAMD00000344.contig00002_150,138.0,0.00041,17.1,57.0,0.5,55.0,94.0,61.0,100.0,K17463,295.1,177.43,True,2.0590230357871979e-84,False,True,"K01964,K14469,K15036",3,"M00375,M00376,M00613,M00741",1295,0.061
K01850,0.0,0.0,,,,1000.0,0.0,,,,,,,,,,,0.0,,,,0,"M00024,M00025,M00040",3,0.0
K01856,0.019,0.019,444.0,SAMD00000344.contig00013_31,444.0,3.9999999999999997e-84,280.0,4.2e-84,279.9,45.0,366.0,6.0,324.0,K19802,381.9,373.83,True,2.113700459620579e-31,False,True,,0,M00568,3532,0.165
K01885,1.0,1.0,685.0,SAMD00000344.contig00002_31,685.0,3.5e-161,535.7,3.9000000000000005e-161,535.5,81.0,535.0,3.0,494.0,K09698,689.0,316.97,True,1.0,True,False,,0,M00121,14039,0.656
K01895,0.338,0.333,755.0,SAMD00000344.contig00029_11,755.0,6.6e-68,226.7,8.8e-68,226.2,167.0,673.0,27.0,501.0,K22133,447.6,754.57,True,3.169564591753619e-67,False,True,"K00125,K00197,K00200,K00201,K00202,K00204,K00205,K00577,K00579,K00583,K00584,K00672,K01499,K04480,K11260,K11261,K13942,K14081,K14084,K14126,K14127,K14128,K16176,K16177,K16178,K22480,K22482",27,"M00357,M00617",14751,0.689
K01897,0.246,0.246,1077.0,SAMD00000344.contig00029_11,1077.0,7.7e-101,335.8,1e-100,335.5,460.0,941.0,28.0,502.0,K22133,447.6,457.1,True,2.204814891590649e-34,False,True,,0,M00086,12684,0.593
K01899,0.003,0.003,,,,1000.0,0.0,,,,,,,,,,,0.0,,,,0,"M00009,M00011",1386,0.065
K01900,0.0,0.0,542.0,SAMD00000344.contig00003_40,542.0,0.00053,15.6,0.00064,15.3,92.0,181.0,96.0,173.0,K01945,538.0,574.27,True,5.519887990702868e-158,False,True,,0,"M00009,M00011",109,0.005
K01902,0.365,0.324,,,,1000.0,0.0,,,,,,,,,,,0.0,,,"K00170,K01900,K08940,K08941,K08943,K14465,K14467,K14534,K15017,K15038,K15230,K15231,K18210,K25774",14,"M00009,M00011,M00173,M00374,M00614,M00620",14559,0.68
K01903,0.424,0.368,494.0,SAMD00000344.contig00006_16,494.0,7e-06,22.0,8.6,1.9,74.0,109.0,672.0,707.0,K01955,1656.9,502.57,True,0.0,False,True,"K00170,K08940,K08941,K08943,K14465,K14467,K15017,K15038,K15230,K15231,K25774",11,"M00009,M00011,M00173,M00374,M00614,M00620",15523,0.725
K01906,0.0,0.0,,,,1000.0,0.0,,,,,,,,,,,0.0,,,,0,M00577,525,0.025
K01911,0.112,0.112,598.0,SAMD00000344.contig00029_11,598.0,3.3e-79,264.3,7.9e-79,263.0,70.0,450.0,32.0,504.0,K22133,447.6,349.7,True,6.602789371643436e-56,False,True,"K12073,K14759,K14760,K17872,K23094,K23095",6,"M00116,M00932",8556,0.4
K01912,0.151,0.151,630.0,SAMD00000344.contig00002_55,630.0,2.1000000000000002e-48,162.3,2.2e-48,162.2,8.0,166.0,2.0,194.0,K01996,404.1,263.83,True,1.625350572067123e-73,False,True,K02615,1,M00878,9948,0.465
K01915,1.0,1.0,771.0,SAMD00000344.contig00009_15,771.0,6.9e-84,279.7,7.4e-84,279.6,114.0,488.0,22.0,444.0,K01949,328.0,40.6,True,1.0,True,False,,0,M00978,8727,0.408
K01916,1.0,1.0,602.0,SAMD00000344.contig00002_10,602.0,2.1e-104,347.4,2.4e-104,347.3,133.0,399.0,1.0,274.0,K01916,347.4,289.5,False,1.0,False,False,"K06210,K14263",2,"M00115,M00912",11161,0.522
K01919,1.0,1.0,630.0,SAMD00000344.contig00001_56,630.0,1.2e-89,299.0,3e-89,297.7,68.0,609.0,16.0,755.0,K01919,299.0,137.27,False,1.0,False,False,"K11205,K21456",2,M00118,12336,0.576
K01920,0.159,0.159,,,,1000.0,0.0,,,,,,,,,,,0.0,,,"K11205,K21456",2,M00118,10199,0.477
K01922,0.0,0.0,520.0,SAMD00000344.contig00015_21,520.0,1.6e-07,28.0,1.4e-06,24.9,178.0,290.0,266.0,381.0,K13038,542.5,140.17,True,1.318460826857922e-155,False,True,,0,M00120,0,0.0
K01923,1.0,1.0,440.0,SAMD00000344.contig00003_33,440.0,3.8e-51,171.7,4.3e-51,171.5,109.0,367.0,7.0,235.0,K01923,171.7,159.87,False,1.0,False,False,"K00601,K01492,K01587,K06863,K11787,K13713",6,M00048,20507,0.958
K01932,0.001,0.001,520.0,SAMD00000344.contig00005_53,520.0,1.8e-06,24.0,1.9,4.1,124.0,150.0,46.0,72.0,K11754,428.5,149.53,True,1.7114600023488664e-122,False,True,"K22976,K22981",2,M00860,972,0.045
K01933,1.0,1.0,598.0,SAMD00000344.contig00003_38,598.0,7.2e-136,451.3,8.4e-136,451.0,220.0,556.0,4.0,344.0,K01933,451.3,191.07,False,1.0,False,False,"K00601,K01492,K01587,K06863,K11787,K13713",6,M00048,19690,0.92
K01935,0.55,0.257,336.0,SAMD00000344.contig00027_9,336.0,0.0039,13.9,0.91,6.1,63.0,85.0,23.0,45.0,K07321,75.3,122.93,True,3.2866860474805377e-19,False,True,"K19563,K25570",2,"M00123,M00573,M00577,M00950",12966,0.606
K01937,1.0,1.0,865.0,SAMD00000344.contig00016_27,865.0,7.4e-262,868.6,9e-262,868.3,175.0,723.0,2.0,532.0,K01937,868.6,98.47,False,1.0,False,False,"K13800,K13809,K18533",3,M00052,20658,0.965
K01938,1.0,1.0,662.0,SAMD00000344.contig00003_44,662.0,7.499999999999999e-271,897.1,8.399999999999999e-271,896.9,84.0,635.0,2.0,552.0,K01938,897.1,896.6,False,1.0,False,False,"K00194,K00197,K00198,K00300,K14138,K25008,K25123,K25124",8,"M00140,M00377,M00618",9489,0.443
K01939,1.0,1.0,637.0,SAMD00000344.contig00006_39,637.0,2.4e-191,634.5,2.6e-191,634.4,152.0,574.0,2.0,429.0,K01939,634.5,141.1,False,1.0,False,False,,0,M00049,20965,0.98
K01940,1.0,1.0,553.0,SAMD00000344.contig00025_8,553.0,1.5e-179,595.5,1.7e-179,595.3,120.0,519.0,2.0,402.0,K01940,595.5,133.9,False,1.0,False,False,,0,"M00844,M00845,M00978",19337,0.904
K01945,1.0,1.0,531.0,SAMD00000344.contig00003_40,531.0,2.5e-162,538.0,2.8e-162,537.9,41.0,457.0,3.0,417.0,K01945,538.0,138.73,False,1.0,False,False,"K00601,K01492,K01587,K06863,K11787",5,M00048,20506,0.958
K01947,0.0,0.0,578.0,SAMD00000344.contig00001_137,578.0,1.7e-30,103.1,2.1e-30,102.8,65.0,312.0,81.0,331.0,K03524,210.9,504.17,True,3.5397000943313606e-33,False,True,,0,M00120,409,0.019
K01950,0.204,0.204,806.0,SAMD00000344.contig00002_10,806.0,3.3e-22,75.8,4e-22,75.5,432.0,662.0,31.0,254.0,K01916,347.4,496.9,True,1.7388141978783402e-82,False,True,"K00463,K06210",2,"M00115,M00912",11565,0.54
K01951,1.0,1.0,686.0,SAMD00000344.contig00001_84,686.0,4.400000000000001e-227,753.0,4.8e-227,752.9,134.0,629.0,9.0,518.0,K01951,753.0,104.1,False,1.0,False,False,,0,M00050,21188,0.99
K01952,0.198,0.198,1806.0,SAMD00000344.contig00003_36,1806.0,3.7000000000000003e-81,270.5,0.56,4.7,429.0,464.0,22.0,54.0,K23269,1087.1,654.6,True,1.5097517468996466e-246,False,True,"K00601,K06863,K11787",3,M00048,11395,0.532
K01954,0.0,0.0,1607.0,SAMD00000344.contig00006_16,1607.0,0.0,1088.8,1.2999999999999998e-198,659.4,481.0,1028.0,6.0,547.0,K01955,1656.9,2228.33,True,9.65738317694866e-172,False,True,,0,M00051,26,0.001
K01955,1.0,1.0,1315.0,SAMD00000344.contig00006_16,1315.0,0.0,1656.9,0.0,1656.6,110.0,1138.0,1.0,1051.0,K01955,1656.9,1529.4,False,1.0,False,False,"K00608,K01954,K11541",3,"M00051,M00978",20025,0.936
K01956,1.0,1.0,650.0,SAMD00000344.contig00006_17,650.0,7.299999999999999e-169,560.7,8.099999999999999e-169,560.6,161.0,524.0,1.0,360.0,K01956,560.7,516.4,False,1.0,False,False,"K00608,K01954,K11541",3,"M00051,M00978",20337,0.95
K01957,0.0,0.0,607.0,SAMD00000344.contig00006_61,607.0,3.2e-102,340.1,4.5e-102,339.6,1.0,606.0,1.0,614.0,K01953,556.2,1405.93,True,8.859677980166539e-66,False,True,,0,M00904,8,0.0
K01958,1.0,1.0,1802.0,SAMD00000344.contig00021_2,1802.0,0.0,1831.2,0.0,1830.9,64.0,1199.0,1.0,1136.0,K01958,1831.2,853.4,False,1.0,False,False,K00170,1,"M00173,M00614",7300,0.341
K01959,0.007,0.007,504.0,SAMD00000344.contig00021_2,504.0,2.4e-184,610.5,3.3000000000000003e-184,610.1,5.0,470.0,2.0,473.0,K01958,1831.2,744.37,True,0.0,False,True,"K15230,K15231",2,"M00173,M00614,M00620",2120,0.099
K01960,0.011,0.011,600.0,SAMD00000344.contig00021_2,600.0,5.7e-159,527.5,8.4e-159,526.9,6.0,570.0,525.0,1135.0,K01958,1831.2,750.43,True,0.0,False,True,"K08940,K08941,K08943,K15230,K15231",5,"M00173,M00614,M00620",2707,0.126
K01961,1.0,1.0,694.0,SAMD00000344.contig00022_29,694.0,2.8000000000000003e-201,667.6,3.4000000000000006e-201,667.3,57.0,501.0,1.0,446.0,K01961,667.6,728.9,False,0.9999999999991473,False,True,"K00665,K08928,K08929,K11262,K14468,K14469,K14471,K14472,K15052,K18473",10,"M00082,M00376,M00613",16662,0.779
K01962,1.0,1.0,515.0,SAMD00000344.contig00022_27,515.0,7.0000000000000005e-99,329.2,7.7e-99,329.0,141.0,398.0,4.0,255.0,K01962,329.2,385.87,False,1.0,False,True,"K00665,K08928,K08929,K14468,K14469,K14471,K14472,K15052,K18473",9,"M00082,M00376,M00613",15456,0.722
K01963,1.0,1.0,401.0,SAMD00000344.contig00022_28,401.0,4.6e-103,342.4,5.8e-103,342.1,73.0,333.0,18.0,272.0,K01963,342.4,342.8,False,1.0,False,True,"K00665,K08928,K08929,K14468,K14469,K14471,K14472,K15052,K18473",9,"M00082,M00376,M00613",15437,0.721
K01964,0.0,0.0,512.0,SAMD00000344.contig00021_2,512.0,2.8e-134,445.4,3.8e-134,444.9,5.0,456.0,2.0,456.0,K01958,1831.2,979.53,True,0.0,False,True,,0,"M00375,M00741",12,0.001
K01965,0.026,0.026,834.0,SAMD00000344.contig00021_2,834.0,1.6e-187,622.5,1.3e-13,47.2,613.0,706.0,1040.0,1132.0,K01958,1831.2,877.23,True,0.0,False,True,"K01964,K15036,K19312",3,M00741,4144,0.194
K01966,0.105,0.105,733.0,SAMD00000344.contig00022_28,733.0,3.1e-18,62.8,0.46,6.0,533.0,638.0,181.0,271.0,K01963,342.4,874.27,True,6.792242960462358e-85,False,True,"K01964,K15036,K19312",3,M00741,8294,0.388
K01968,0.094,0.094,1036.0,SAMD00000344.contig00021_2,1036.0,1.5000000000000001e-199,663.0,1e-16,57.7,794.0,897.0,1018.0,1134.0,K01958,1831.2,947.27,True,0.0,False,True,,0,M00036,7850,0.367
K01969,0.139,0.139,836.0,SAMD00000344.contig00022_27,836.0,8.4e-06,21.7,9.4e-06,21.5,375.0,540.0,7.0,184.0,K01962,329.2,775.03,True,2.7119166240552124e-93,False,True,,0,M00036,9526,0.445
K02045,0.114,0.114,484.0,SAMD00000344.contig00001_134,484.0,5.3e-122,405.3,6.2e-122,405.0,84.0,387.0,4.0,308.0,K11072,550.7,439.73,True,1.699177037602206e-44,False,True,,0,M00616,8642,0.404
K02046,0.114,0.114,339.0,SAMD00000344.contig00001_132,339.0,1.7e-21,73.5,2.5e-19,66.4,178.0,313.0,132.0,264.0,K11070,297.8,277.97,True,3.0128115844751537e-68,False,True,,0,M00616,8623,0.403
K02047,0.113,0.113,349.0,SAMD00000344.contig00001_133,349.0,7.4e-15,51.8,1.1e-14,51.2,65.0,237.0,11.0,189.0,K11071,285.5,277.27,True,4.459539482776762e-71,False,True,,0,M00616,8593,0.402
K02048,0.031,0.031,,,,1000.0,0.0,,,,,,,,,,,0.0,,,,0,M00616,4479,0.209
K02078,1.0,1.0,212.0,SAMD00000344.contig00015_7,212.0,2.8e-25,86.7,3e-25,86.6,86.0,164.0,1.0,80.0,K02078,86.7,41.87,False,1.0,False,False,,0,"M00885,M00886",20868,0.975
K02107,0.003,0.003,218.0,SAMD00000344.contig00005_94,218.0,0.00084,16.3,0.0014,15.7,86.0,157.0,28.0,101.0,K02109,95.8,42.4,True,1.1698100408045774e-24,False,True,,0,M00159,1370,0.064
K02108,1.0,1.0,318.0,SAMD00000344.contig00005_96,318.0,1.7e-56,188.8,1.9999999999999999e-56,188.5,68.0,276.0,13.0,236.0,K02108,188.8,155.8,False,1.0,False,False,,0,M00157,19058,0.891
K02109,1.0,1.0,331.0,SAMD00000344.contig00005_94,331.0,5.200000000000001e-28,95.8,6.5e-23,79.1,76.0,159.0,19.0,102.0,K02109,95.8,42.9,False,1.0,False,False,,0,M00157,20490,0.957
K02110,1.0,1.0,220.0,SAMD00000344.contig00005_95,220.0,5.3e-16,55.9,5.9e-16,55.8,91.0,137.0,22.0,68.0,K02110,55.9,70.07,False,0.9999999999987992,False,True,,0,M00157,19350,0.904
K02111,1.0,1.0,815.0,SAMD00000344.contig00005_92,815.0,4.4000000000000005e-270,895.8,4.8e-270,895.7,72.0,579.0,2.0,506.0,K02111,895.8,423.9,False,1.0,False,False,,0,M00157,18505,0.865
K02112,1.0,1.0,609.0,SAMD00000344.contig00005_90,609.0,1.7999999999999999e-264,876.2,2e-264,876.0,103.0,561.0,3.0,466.0,K02133,930.9,507.5,True,1.0,True,False,,0,M00157,2450,0.114
K02113,1.0,1.0,439.0,SAMD00000344.contig00005_93,439.0,2.9e-37,125.9,3.2e-37,125.8,77.0,248.0,2.0,173.0,K02113,125.9,50.1,False,1.0,False,False,,0,M00157,19478,0.91
K02114,1.0,1.0,202.0,SAMD00000344.contig00005_89,202.0,4.6e-41,137.8,5e-41,137.7,43.0,169.0,1.0,134.0,K02114,137.8,96.13,False,1.0,False,False,,0,M00157,20615,0.963
K02115,1.0,1.0,372.0,SAMD00000344.contig00005_91,372.0,1e-93,311.5,1.1e-93,311.3,57.0,335.0,4.0,304.0,K02115,311.5,243.57,False,1.0,False,False,,0,M00157,20687,0.967
K02117,0.011,0.011,595.0,SAMD00000344.contig00005_90,595.0,2.7e-47,158.5,0.002,13.6,6.0,95.0,3.0,99.0,K02133,930.9,815.5,True,3.0509237179492124e-233,False,True,,0,M00159,2681,0.125
K02118,0.011,0.011,459.0,SAMD00000344.contig00005_90,459.0,6.7e-54,180.3,7.9e-54,180.1,8.0,419.0,5.0,411.0,K02133,930.9,697.17,True,1.1140001635957583e-226,False,True,,0,M00159,2684,0.125
K02119,0.006,0.006,,,,1000.0,0.0,,,,,,,,,,,0.0,,,,0,M00159,2005,0.094
K02120,0.011,0.011,,,,1000.0,0.0,,,,,,,,,,,0.0,,,,0,M00159,2684,0.125
K02121,0.011,0.011,283.0,SAMD00000344.contig00010_33,283.0,0.00036,17.2,0.00036,17.2,30.0,174.0,72.0,220.0,K04074,195.8,92.17,True,1.7220381731451475e-54,False,True,,0,M00159,2644,0.124
K02122,0.006,0.006,,,,1000.0,0.0,,,,,,,,,,,0.0,,,,0,M00159,1961,0.092
K02123,0.011,0.011,643.0,SAMD00000344.contig00015_29,643.0,0.00036,16.4,0.00054,15.8,66.0,278.0,170.0,399.0,K03631,681.0,310.6,True,8.619158789285245e-201,False,True,,0,M00159,2685,0.125
K02124,0.011,0.011,,,,1000.0,0.0,,,,,,,,,,,0.0,,,,0,M00159,2645,0.124
K02160,1.0,1.0,180.0,SAMD00000344.contig00022_31,180.0,3.9e-45,151.2,4.3e-45,151.0,29.0,161.0,1.0,140.0,K02160,151.2,89.33,False,1.0,False,False,"K00665,K00667,K00668,K08928,K08929,K11262,K14468,K14469,K14471,K14472,K15052,K18473",12,"M00082,M00376,M00613",16369,0.765
K02169,0.234,0.234,347.0,SAMD00000344.contig00011_32,347.0,4.7e-24,82.3,6.0999999999999996e-24,82.0,55.0,225.0,7.0,216.0,K03183,308.4,167.07,True,8.652029277506717e-69,False,True,"K19560,K19561",2,M00572,12384,0.579
K02170,0.11,0.11,393.0,SAMD00000344.contig00001_219,393.0,6.7e-19,65.5,9.6e-10,35.4,127.0,234.0,19.0,136.0,K00433,192.5,161.33,True,5.87747175411155e-39,False,True,K19561,1,M00572,8485,0.396
K02171,1.0,1.0,202.0,SAMD00000344.contig00011_75,202.0,4.3e-33,111.9,4.6000000000000004e-33,111.8,29.0,149.0,7.0,127.0,K02171,111.9,54.03,False,1.0,False,False,K18766,1,M00627,9113,0.426
K02172,0.041,0.041,507.0,SAMD00000344.contig00016_20,507.0,9e-06,21.5,3.6e-05,19.5,175.0,215.0,126.0,166.0,K03799,277.5,140.23,True,8.636168555094496e-78,False,True,,0,M00627,5180,0.242
K02188,0.05,0.05,,,,1000.0,0.0,,,,,,,,,,,0.0,,,"K02304,K22011",2,M00924,5732,0.268
K02189,0.068,0.068,,,,1000.0,0.0,,,,,,,,,,,0.0,,,"K02304,K21479,K22011",3,M00924,6657,0.311
K02190,0.01,0.01,,,,1000.0,0.0,,,,,,,,,,,0.0,,,K02304,1,M00924,2504,0.117
K02191,0.005,0.005,213.0,SAMD00000344.contig00011_32,213.0,1.8e-12,44.1,2.5e-12,43.7,32.0,147.0,33.0,152.0,K03183,308.4,213.4,True,2.7401361735203604e-80,False,True,K22011,1,M00924,1739,0.081
K02201,0.0,0.0,341.0,SAMD00000344.contig00017_12,341.0,1.6e-12,44.3,2.2e-12,43.9,71.0,125.0,8.0,60.0,K00980,199.1,182.63,True,2.5151081887965913e-47,False,True,,0,"M00120,M00914",0,0.0
K02203,0.006,0.006,203.0,SAMD00000344.contig00016_32,203.0,1.8e-05,21.6,0.00035,17.4,138.0,197.0,208.0,268.0,K22223,103.8,157.7,True,1.799676612817041e-25,False,True,,0,"M00018,M00020",1939,0.091
K02204,0.225,0.225,383.0,SAMD00000344.contig00003_126,383.0,4.8e-09,32.8,6.9e-09,32.3,25.0,269.0,12.0,252.0,K15523,230.5,129.67,True,3.064572197399456e-60,False,True,K12526,1,M00018,12125,0.567
K02224,0.143,0.143,611.0,SAMD00000344.contig00020_10,611.0,3.2e-09,32.9,4.2e-09,32.5,362.0,492.0,80.0,213.0,K07009,281.5,113.7,True,1.4586230690835624e-75,False,True,"K02304,K22011",2,"M00924,M00925",9659,0.451
K02225,0.027,0.027,516.0,SAMD00000344.contig00008_53,516.0,7e-37,124.4,9.3e-37,124.0,106.0,376.0,59.0,343.0,K00817,352.2,276.43,True,2.6629743772746927e-69,False,True,,0,M00122,4166,0.195
K02227,0.192,0.192,380.0,SAMD00000344.contig00005_40,380.0,0.047,9.6,0.049,9.5,36.0,113.0,42.0,114.0,K08744,151.3,94.47,True,2.2082569680635735e-43,False,True,,0,M00122,11201,0.523
K02228,0.025,0.025,,,,1000.0,0.0,,,,,,,,,,,0.0,,,,0,M00925,4074,0.19
K02229,0.035,0.035,,,,1000.0,0.0,,,,,,,,,,,0.0,,,,0,M00925,4806,0.225
K02230,0.07,0.07,,,,1000.0,0.0,,,,,,,,,,,0.0,,,,0,M00925,6789,0.317
K02231,0.204,0.204,283.0,SAMD00000344.contig00005_36,283.0,0.0052,12.7,0.0061,12.5,96.0,118.0,533.0,624.0,K03555,1118.3,45.83,True,0.0,False,True,,0,M00122,11548,0.54
K02232,0.187,0.187,730.0,SAMD00000344.contig00020_10,730.0,8.8e-13,44.7,1.1e-12,44.4,463.0,584.0,81.0,214.0,K07009,281.5,249.17,True,5.201121830614695e-72,False,True,,0,M00122,11075,0.517
K02274,0.187,0.187,,,,1000.0,0.0,,,,,,,,,,,0.0,,,,0,M00155,11050,0.516
K02275,0.682,0.682,429.0,SAMD00000344.contig00028_14,429.0,0.083,9.5,0.071,9.7,115.0,151.0,178.0,214.0,K02275,9.5,213.43,False,0.6024989407343607,False,True,,0,M00155,11470,0.536
K02276,0.082,0.082,,,,1000.0,0.0,,,,,,,,,,,0.0,,,,0,M00155,7318,0.342
K02277,0.017,0.017,188.0,SAMD00000344.contig00018_7,188.0,0.00031,17.9,0.00083,16.5,54.0,169.0,7.0,147.0,K15051,339.1,50.13,True,2.037817993873669e-97,False,True,,0,M00155,3341,0.156
K02291,0.068,0.068,,,,1000.0,0.0,,,,,,,,,,,0.0,,,"K00514,K09835,K15745,K17841",4,M00097,6686,0.312
K02293,0.001,0.001,723.0,SAMD00000344.contig00018_19,723.0,5.2e-08,28.6,0.011,11.0,78.0,102.0,3.0,27.0,K10254,583.6,500.73,True,8.4791517238046725e-168,False,True,"K00514,K09835,K15744",3,M00097,791,0.037
K02297,0.127,0.127,370.0,SAMD00000344.contig00005_64,370.0,0.19,7.7,0.088,8.8,83.0,138.0,2.0,61.0,K08363,11.5,332.7,True,0.06552531073409626,False,True,,0,M00417,6565,0.307
K02298,0.063,0.063,,,,1000.0,0.0,,,,,,,,,,,0.0,,,,0,M00417,6400,0.299
K02299,0.073,0.073,,,,1000.0,0.0,,,,,,,,,,,0.0,,,,0,M00417,6909,0.323
K02300,1.0,1.0,186.0,SAMD00000344.contig00018_25,186.0,0.5,7.0,3.8,4.2,44.0,89.0,78.0,120.0,K02300,7.0,80.33,False,1.0,False,True,,0,M00417,6357,0.297
K02302,0.143,0.143,524.0,SAMD00000344.contig00004_33,524.0,2.4e-07,27.0,3.2e-07,26.5,246.0,485.0,12.0,242.0,K07056,393.9,417.97,True,3.5652877820829605e-111,False,True,"K00589,K02304,K03794,K22011",4,"M00846,M00924",9663,0.452
K02303,0.079,0.079,359.0,SAMD00000344.contig00004_33,359.0,1.9e-07,27.5,2.6e-07,27.1,44.0,272.0,10.0,229.0,K07056,393.9,248.8,True,5.04207833518482e-111,False,True,K22011,1,"M00846,M00924,M00925",7209,0.337
K02304,0.0,0.0,318.0,SAMD00000344.contig00022_16,318.0,0.00017,18.1,0.0078,12.6,67.0,105.0,147.0,185.0,K00529,324.4,197.27,True,6.230319069542847e-93,False,True,,0,"M00846,M00924",3,0.0
K02305,0.007,0.007,204.0,SAMD00000344.contig00001_87,204.0,0.00082,16.2,0.01,12.6,46.0,107.0,24.0,96.0,K04561,877.1,90.3,True,6.970705466768223e-260,False,True,,0,M00529,2185,0.102
K02318,0.0,0.0,653.0,SAMD00000344.contig00009_60,653.0,4.2e-42,141.6,5.5e-42,141.2,364.0,549.0,4.0,189.0,K00859,258.1,330.83,True,8.511488273540124e-36,False,True,,0,M00120,4,0.0
K02371,0.103,0.103,334.0,SAMD00000344.contig00008_50,334.0,8.3e-11,38.5,0.0003,17.0,133.0,207.0,31.0,102.0,K02500,432.5,361.43,True,2.4784588255035747e-119,False,True,"K00667,K00668",2,M00083,8198,0.383
K02372,1.0,1.0,283.0,SAMD00000344.contig00022_38,283.0,4.5e-55,184.8,4.699999999999999e-55,184.7,82.0,215.0,4.0,140.0,K02372,184.8,70.37,False,1.0,False,False,"K00665,K19560,K19561",3,"M00083,M00572",16675,0.779
K02438,0.029,0.029,1292.0,SAMD00000344.contig00001_117,1292.0,1.6e-05,20.0,100.0,-2.6,540.0,567.0,471.0,498.0,K01182,862.6,1020.63,True,2.2497054143243632e-254,False,True,,0,M00855,4348,0.203
K02446,0.068,0.068,382.0,SAMD00000344.contig00007_74,382.0,0.017,11.3,0.03,10.5,202.0,224.0,173.0,195.0,K23464,116.4,461.4,True,2.3001035095913088e-32,False,True,"K01622,K02691",2,"M00003,M00165,M00611,M00612",6664,0.311
K02492,0.346,0.346,549.0,SAMD00000344.contig00001_160,549.0,8.6e-07,25.2,1.2e-06,24.7,256.0,322.0,5.0,67.0,K00020,367.6,78.37,True,8.459203731831269e-104,False,True,"K00589,K02304",2,"M00121,M00846,M00926",15043,0.703
K02495,0.647,0.647,594.0,SAMD00000344.contig00012_45,594.0,0.011,11.3,0.011,11.3,388.0,465.0,24.0,108.0,K18131,48.9,276.93,True,4.8002451647964774e-12,False,True,,0,M00121,20568,0.961
K02496,0.311,0.311,473.0,SAMD00000344.contig00015_49,473.0,2.3e-06,24.0,2.5e-06,23.9,84.0,173.0,8.0,101.0,K02496,24.0,55.33,False,0.27718451638929525,False,True,,0,M00846,5504,0.257
K02500,1.0,1.0,437.0,SAMD00000344.contig00008_50,437.0,2.2000000000000003e-130,432.5,2.5000000000000002e-130,432.4,106.0,356.0,1.0,252.0,K02500,432.5,330.93,False,1.0,False,False,K14152,1,M00026,18119,0.847
K02501,1.0,1.0,343.0,SAMD00000344.contig00008_48,343.0,1.8e-82,274.3,2.0000000000000002e-82,274.2,106.0,304.0,2.0,202.0,K02501,274.3,241.63,False,1.0,False,False,K14152,1,M00026,18066,0.844
K02502,1.0,1.0,468.0,SAMD00000344.contig00008_44,468.0,7.200000000000001e-86,286.1,9.2e-86,285.8,20.0,412.0,25.0,405.0,K02502,286.1,253.73,False,1.0,False,False,"K01663,K14152",2,M00026,10193,0.476
K02517,0.162,0.162,,,,1000.0,0.0,,,,,,,,,,,0.0,,,,0,"M00060,M00866",10280,0.48
K02527,0.204,0.204,,,,1000.0,0.0,,,,,,,,,,,0.0,,,,0,"M00060,M00866",11561,0.54
K02535,0.156,0.156,437.0,SAMD00000344.contig00026_10,437.0,4.6e-11,39.3,4.6e-11,39.3,20.0,92.0,2.0,74.0,K18349,289.1,335.5,True,6.349025672136925e-76,False,True,,0,"M00060,M00866",10112,0.473
K02536,0.223,0.223,455.0,SAMD00000344.contig00005_12,455.0,2.1e-18,63.7,4.7e-14,49.3,168.0,268.0,91.0,180.0,K05822,332.9,191.87,True,9.177516357858715e-82,False,True,,0,"M00060,M00866",12067,0.564
K02545,0.0,0.0,671.0,SAMD00000344.contig00009_81,671.0,1.9e-05,20.3,360.0,-3.8,9.0,71.0,46.0,106.0,K12555,924.0,932.63,True,9.103175560592206e-273,False,True,K02546,1,M00625,92,0.004
K02546,0.0,0.0,124.0,SAMD00000344.contig00011_75,124.0,3.0999999999999997e-24,82.5,3.9e-24,82.2,4.0,123.0,5.0,124.0,K02171,111.9,185.73,True,1.411621053117122e-09,False,True,K02545,1,M00625,123,0.006
K02547,0.001,0.001,527.0,SAMD00000344.contig00016_20,527.0,0.00019,17.4,0.0003,16.7,93.0,192.0,45.0,158.0,K03799,277.5,476.8,True,5.0361438639848574e-79,False,True,"K02545,K02546",2,M00625,742,0.035
K02548,1.0,1.0,366.0,SAMD00000344.contig00002_183,366.0,1e-58,196.1,1.1e-58,195.9,52.0,331.0,3.0,300.0,K02548,196.1,204.23,False,1.0,False,True,,0,M00116,10004,0.467
K02549,0.107,0.107,487.0,SAMD00000344.contig00013_31,487.0,5.3e-58,194.3,6.2000000000000005e-58,194.0,84.0,359.0,5.0,322.0,K19802,381.9,221.53,True,3.363355806924155e-57,False,True,"K12073,K14759,K14760,K17872,K23094,K23095",6,"M00116,M00932",8350,0.39
K02551,0.1,0.1,722.0,SAMD00000344.contig00014_5,722.0,6.8e-24,81.4,6.3e-21,71.6,117.0,467.0,9.0,390.0,K01652,481.1,226.03,True,4.7677199011314275e-121,False,True,"K12073,K14759,K14760,K17872,K23094,K23095",6,"M00116,M00932",8099,0.378
K02552,0.041,0.041,587.0,SAMD00000344.contig00008_62,587.0,4.7e-58,194.5,5.5e-58,194.3,137.0,457.0,143.0,475.0,K01657,447.3,367.33,True,7.936282090171337e-77,False,True,"K12073,K14759,K17872,K23094,K23095",5,"M00116,M00932",5163,0.241
K02554,0.038,0.038,376.0,SAMD00000344.contig00010_15,376.0,4.5e-52,175.0,4.8e-52,174.9,100.0,344.0,15.0,265.0,K02509,231.9,282.77,True,7.436922345562662e-18,False,True,K05711,1,"M00545,M00569",5008,0.234
K02560,1.0,1.0,322.0,SAMD00000344.contig00004_81,322.0,0.017,11.3,0.023,10.8,20.0,54.0,57.0,94.0,K02560,11.3,348.23,False,1.0,False,True,,0,M00060,2226,0.104
K02566,1.0,1.0,467.0,SAMD00000344.contig00034_11,467.0,1.4e-77,258.7,1.9e-77,258.3,8.0,254.0,4.0,253.0,K02566,258.7,252.53,False,1.0,False,False,"K01490,K19970",2,"M00958,M00959",7613,0.356
K02567,0.014,0.014,,,,1000.0,0.0,,,,,,,,,,,0.0,,,,0,"M00529,M00530",3015,0.141
K02568,0.014,0.014,,,,1000.0,0.0,,,,,,,,,,,0.0,,,,0,"M00529,M00530",2975,0.139
K02575,0.134,0.134,732.0,SAMD00000344.contig00001_231,732.0,2.1e-17,59.8,2.6e-17,59.5,290.0,633.0,44.0,418.0,K13021,475.4,171.8,True,7.797112528745843e-126,False,True,"K10534,K15579",2,M00615,9352,0.437
K02586,1.0,1.0,490.0,SAMD00000344.contig00041_1,490.0,0.018,10.6,0.024,10.2,101.0,119.0,14.0,32.0,K02586,10.6,550.03,False,1.0,False,True,"K00531,K22896,K22897,K22898",4,M00175,1440,0.067
K02588,0.003,0.003,483.0,SAMD00000344.contig00030_12,483.0,7.8e-15,51.3,0.00083,15.0,254.0,299.0,205.0,251.0,K03496,359.5,367.3,True,1.66938050058135e-93,False,True,"K00531,K22896,K22897,K22898,K22899",5,M00175,1418,0.066
K02591,0.003,0.003,,,,1000.0,0.0,,,,,,,,,,,0.0,,,"K00531,K22896,K22897,K22898",4,M00175,1453,0.068
K02609,0.043,0.043,,,,1000.0,0.0,,,,,,,,,,,0.0,,,K02615,1,M00878,5292,0.247
K02610,0.041,0.041,,,,1000.0,0.0,,,,,,,,,,,0.0,,,K02615,1,M00878,5184,0.242
K02611,0.042,0.042,,,,1000.0,0.0,,,,,,,,,,,0.0,,,K02615,1,M00878,5243,0.245
K02612,0.309,0.309,,,,1000.0,0.0,,,,,,,,,,,0.0,,,K02615,1,M00878,14216,0.664
K02613,0.06,0.06,,,,1000.0,0.0,,,,,,,,,,,0.0,,,K02615,1,M00878,6262,0.293
K02615,0.001,0.001,,,,1000.0,0.0,,,,,,,,,,,0.0,,,,0,M00878,766,0.036
K02618,0.031,0.031,681.0,SAMD00000344.contig00002_191,681.0,3.7e-37,125.1,5.7e-37,124.4,4.0,448.0,6.0,431.0,K07248,692.4,682.77,True,1.681448072931798e-171,False,True,K02615,1,M00878,4473,0.209
K02626,0.0,0.0,,,,1000.0,0.0,,,,,,,,,,,0.0,,,,0,M00133,324,0.015
K02634,0.316,0.0,,,,1000.0,0.0,,,,,,,,,,,0.0,,,"K02635,K02637,K02640,K02642,K02643,K03689",6,M00162,185,0.009
K02635,0.3,0.0,,,,1000.0,0.0,,,,,,,,,,,0.0,,,"K02634,K02637,K02640,K02642,K02643,K03689",6,M00162,262,0.012
K02636,0.295,0.046,,,,1000.0,0.0,,,,,,,,,,,0.0,,,"K02634,K02635,K02637,K02640,K02642,K02643,K03689",7,M00162,5469,0.256
K02637,0.312,0.0,,,,1000.0,0.0,,,,,,,,,,,0.0,,,"K02634,K02635,K02640,K02642,K02643,K03689",6,M00162,195,0.009
K02640,1.0,1.0,58.0,SAMD00000344.contig00029_6,58.0,0.0016,15.2,0.0033,14.2,25.0,49.0,231.0,254.0,K02640,15.2,57.13,False,1.0,False,True,"K02634,K02635,K02637,K02642,K02643,K03689",6,M00162,102,0.005
K02642,0.301,0.0,58.0,SAMD00000344.contig00006_42,58.0,0.32,8.2,5.8,4.2,24.0,51.0,246.0,273.0,K11085,642.3,26.87,True,1.3088189341155963e-191,False,True,"K02634,K02635,K02637,K02640,K02643",5,M00162,70,0.003
K02643,1.0,1.0,53.0,SAMD00000344.contig00007_16,53.0,0.018,12.1,0.029,11.4,27.0,44.0,9.0,26.0,K02643,12.1,38.13,False,1.0,False,True,"K02634,K02635,K02637,K02640,K02642,K03689",6,M00162,126,0.006
K02689,0.0,0.0,,,,1000.0,0.0,,,,,,,,,,,0.0,,,"K02690,K02691,K02692,K02693,K02694,K02703,K02704,K02705,K02706,K02707,K02708,K05298",12,"M00163,M00611",189,0.009
K02690,0.0,0.0,,,,1000.0,0.0,,,,,,,,,,,0.0,,,"K02689,K02691,K02692,K02693,K02694,K02703,K02704,K02705,K02706,K02707,K02708,K05298",12,"M00163,M00611",187,0.009
K02691,0.0,0.0,,,,1000.0,0.0,,,,,,,,,,,0.0,,,"K02689,K02690,K02692,K02693,K02694,K02703,K02704,K02705,K02706,K02707,K02708,K05298",12,"M00163,M00611",373,0.017
K02692,0.0,0.0,,,,1000.0,0.0,,,,,,,,,,,0.0,,,"K02689,K02690,K02691,K02693,K02694,K02703,K02704,K02705,K02706,K02707,K02708,K05298",12,"M00163,M00611",179,0.008
K02693,0.0,0.0,,,,1000.0,0.0,,,,,,,,,,,0.0,,,"K02689,K02690,K02691,K02692,K02694,K02703,K02704,K02705,K02706,K02707,K02708,K05298",12,"M00163,M00611",180,0.008
K02694,0.0,0.0,,,,1000.0,0.0,,,,,,,,,,,0.0,,,"K02689,K02690,K02691,K02692,K02693,K02703,K02704,K02705,K02706,K02707,K02708,K05298",12,"M00163,M00611",181,0.008
K02703,0.0,0.0,,,,1000.0,0.0,,,,,,,,,,,0.0,,,"K02689,K02690,K02691,K02692,K02693,K02694,K02704,K02705,K02706,K02707,K02708,K05298",12,"M00161,M00611",198,0.009
K02704,0.0,0.0,,,,1000.0,0.0,,,,,,,,,,,0.0,,,"K02689,K02690,K02691,K02692,K02693,K02694,K02703,K02705,K02706,K02707,K02708,K05298",12,"M00161,M00611",188,0.009
K02705,0.0,0.0,,,,1000.0,0.0,,,,,,,,,,,0.0,,,"K02689,K02690,K02691,K02692,K02693,K02694,K02703,K02704,K02706,K02707,K02708,K05298",12,"M00161,M00611",182,0.009
K02706,0.0,0.0,,,,1000.0,0.0,,,,,,,,,,,0.0,,,"K02689,K02690,K02691,K02692,K02693,K02694,K02703,K02704,K02705,K02707,K02708,K05298",12,"M00161,M00611",183,0.009
K02707,0.0,0.0,,,,1000.0,0.0,,,,,,,,,,,0.0,,,"K02689,K02690,K02691,K02692,K02693,K02694,K02703,K02704,K02705,K02706,K02708,K05298",12,"M00161,M00611",182,0.009
K02708,0.0,0.0,,,,1000.0,0.0,,,,,,,,,,,0.0,,,"K02689,K02690,K02691,K02692,K02693,K02694,K02703,K02704,K02705,K02706,K02707,K05298",12,"M00161,M00611",158,0.007
K02821,0.026,0.026,,,,1000.0,0.0,,,,,,,,,,,0.0,,,,0,M00550,4121,0.193
K02822,0.029,0.029,128.0,SAMD00000344.contig00016_5,128.0,0.0042,13.9,0.0058,13.5,40.0,111.0,60.0,128.0,K15780,282.2,65.3,True,1.7125851084501637e-81,False,True,,0,M00550,4330,0.202
K02826,0.003,0.003,332.0,SAMD00000344.contig00008_19,332.0,0.017,11.3,0.021,11.0,27.0,93.0,81.0,144.0,K05338,184.8,382.63,True,5.906031409444587e-53,False,True,,0,M00416,1333,0.062
K02827,0.004,0.004,,,,1000.0,0.0,,,,,,,,,,,0.0,,,,0,M00416,1626,0.076
K02828,0.004,0.004,,,,1000.0,0.0,,,,,,,,,,,0.0,,,,0,M00416,1555,0.073
K02829,0.003,0.003,,,,1000.0,0.0,,,,,,,,,,,0.0,,,,0,M00416,1454,0.068
K02851,0.23,0.23,464.0,SAMD00000344.contig00010_42,464.0,5.6e-47,157.6,6.6e-47,157.4,79.0,327.0,28.0,292.0,K01000,353.9,226.5,True,8.087454515206896e-60,False,True,,0,M00888,12254,0.573
K03077,1.0,1.0,340.0,SAMD00000344.contig00001_240,340.0,8.3e-98,325.0,9.1e-98,324.9,52.0,271.0,2.0,236.0,K03077,325.0,236.93,False,1.0,False,False,,0,M00550,6897,0.322
K03078,0.005,0.005,,,,1000.0,0.0,,,,,,,,,,,0.0,,,,0,M00550,1840,0.086
K03079,0.218,0.218,341.0,SAMD00000344.contig00013_24,341.0,8e-10,35.2,1.7e-08,30.9,83.0,276.0,45.0,317.0,K01686,504.9,165.63,True,4.038415839538267e-142,False,True,,0,M00550,11952,0.558
K03147,0.316,0.316,,,,1000.0,0.0,,,,,,,,,,,0.0,,,K21219,1,"M00127,M00896",14387,0.672
K03148,0.042,0.042,327.0,SAMD00000344.contig00025_17,327.0,0.0017,14.5,0.0029,13.7,54.0,85.0,3.0,35.0,K21029,22.7,321.93,True,0.0033890633293192987,False,True,K21219,1,"M00127,M00895",5056,0.236
K03149,0.331,0.331,556.0,SAMD00000344.contig00006_2,556.0,1.6e-16,57.2,1.8e-16,57.0,374.0,547.0,34.0,210.0,K00788,191.8,156.43,True,3.029441591755602e-41,False,True,K21219,1,M00127,14706,0.687
K03150,0.041,0.041,433.0,SAMD00000344.contig00012_35,433.0,0.002,14.1,0.0033,13.4,151.0,189.0,447.0,483.0,K01534,700.6,161.7,True,2.2024597310404387e-207,False,True,K21219,1,M00127,5181,0.242
K03151,1.0,1.0,511.0,SAMD00000344.contig00005_56,511.0,1.5e-150,499.7,1.8e-150,499.4,71.0,457.0,1.0,392.0,K03151,499.7,117.87,False,1.0,False,False,,0,"M00127,M00895",9321,0.436
K03153,1.0,1.0,439.0,SAMD00000344.contig00003_41,439.0,1.1e-58,196.5,1.3e-58,196.3,47.0,396.0,1.0,354.0,K03153,196.5,259.93,False,1.0,False,True,,0,M00895,11938,0.558
K03154,0.316,0.316,,,,1000.0,0.0,,,,,,,,,,,0.0,,,K21219,1,"M00127,M00895",14388,0.672
K03179,0.157,0.157,,,,1000.0,0.0,,,,,,,,,,,0.0,,,,0,M00117,10130,0.473
K03181,0.058,0.058,,,,1000.0,0.0,,,,,,,,,,,0.0,,,,0,M00117,6140,0.287
K03182,0.103,0.103,624.0,SAMD00000344.contig00017_57,624.0,1.5999999999999998e-53,178.9,8.6e-53,176.5,91.0,517.0,25.0,466.0,K22958,740.8,499.77,True,7.099788908119498e-170,False,True,,0,M00117,8218,0.384
K03183,1.0,1.0,355.0,SAMD00000344.contig00011_32,355.0,7.6e-93,308.4,8.4e-93,308.3,58.0,284.0,4.0,235.0,K03183,308.4,258.5,False,1.0,False,False,,0,"M00116,M00117",18362,0.858
K03184,0.009,0.009,407.0,SAMD00000344.contig00022_16,407.0,6.3e-06,22.3,25.0,0.6,6.0,23.0,9.0,26.0,K00529,324.4,458.53,True,1.1450811626064867e-91,False,True,,0,M00117,2474,0.116
K03185,0.123,0.123,500.0,SAMD00000344.contig00022_6,500.0,3e-07,26.4,2.4,3.7,73.0,111.0,1.0,39.0,K00383,400.5,420.9,True,2.424815067972655e-113,False,True,,0,M00117,8953,0.418
K03186,1.0,1.0,295.0,SAMD00000344.contig00017_56,295.0,1.1999999999999999e-91,304.2,1.3e-91,304.1,73.0,262.0,2.0,193.0,K22959,323.3,64.67,True,1.0,True,False,"K06981,K09128,K17942,K18690,K25517,K25518",6,"M00117,M00849",9319,0.435
K03196,0.079,0.009,411.0,SAMD00000344.contig00005_3,411.0,1.4000000000000002e-22,77.3,2.8000000000000004e-22,76.3,191.0,321.0,93.0,216.0,K02243,376.4,306.97,True,9.160692323321317e-91,False,True,"K12086,K12087,K12088,K12089,K12090,K12091,K12092,K12093,K12094,K12095,K12096,K12097,K12098,K12099,K12100,K12101,K12102,K12103,K12104,K12105,K12106,K12107,K12108,K12109,K12110,K15842",26,M00564,2493,0.116
K03219,0.007,0.007,,,,1000.0,0.0,,,,,,,,,,,0.0,,,"K12784,K12785,K12786,K12787,K12788,K16041,K16042",7,M00542,2070,0.097
K03221,0.001,0.001,,,,1000.0,0.0,,,,,,,,,,,0.0,,,"K12784,K12785,K12786,K12787,K12788,K16041,K16042",7,M00542,887,0.041
K03222,0.006,0.006,,,,1000.0,0.0,,,,,,,,,,,0.0,,,"K12784,K12785,K12786,K12787,K12788,K16041,K16042,K18373,K18374,K18375,K18378,K18379,K18380",13,"M00542,M00660",1966,0.092
K03223,0.008,0.008,,,,1000.0,0.0,,,,,,,,,,,0.0,,,"K18373,K18374,K18375,K18378,K18379,K18380",6,M00660,2324,0.109
K03224,0.006,0.006,440.0,SAMD00000344.contig00005_90,440.0,8.3e-65,216.3,1e-64,216.0,24.0,427.0,3.0,415.0,K02133,930.9,621.67,True,7.655350832611969e-216,False,True,"K12784,K12785,K12786,K12787,K12788,K16041,K16042,K18373,K18374,K18375,K18378,K18379,K18380",13,"M00542,M00660",1959,0.092
K03225,0.007,0.007,,,,1000.0,0.0,,,,,,,,,,,0.0,,,"K12784,K12785,K12786,K12787,K12788,K16041,K16042,K18373,K18374,K18375,K18378,K18379,K18380",13,"M00542,M00660",2169,0.101
K03226,0.006,0.006,,,,1000.0,0.0,,,,,,,,,,,0.0,,,"K12784,K12785,K12786,K12787,K12788,K16041,K16042,K18373,K18374,K18375,K18378,K18379,K18380",13,"M00542,M00660",1956,0.091
K03227,0.972,0.972,89.0,SAMD00000344.contig00006_32,89.0,6.9e-05,19.8,340.0,-1.6,18.0,30.0,140.0,152.0,K03227,19.8,94.07,False,0.9717501751971417,False,True,"K12784,K12785,K12786,K12787,K12788,K16041,K16042,K18373,K18374,K18375,K18378,K18379,K18380",13,"M00542,M00660",1903,0.089
K03228,0.006,0.006,,,,1000.0,0.0,,,,,,,,,,,0.0,,,"K12784,K12785,K12786,K12787,K12788,K16041,K16042,K18373,K18374,K18375,K18378,K18379,K18380",13,"M00542,M00660",1945,0.091
K03229,0.006,0.006,420.0,SAMD00000344.contig00004_95,420.0,0.054,9.3,0.08,8.7,136.0,207.0,124.0,195.0,K24915,135.9,384.23,True,7.755370474894236e-39,False,True,"K12784,K12785,K12786,K12787,K12788,K16041,K16042,K18373,K18374,K18375,K18378,K18379,K18380",13,"M00542,M00660",1967,0.092
K03230,0.007,0.007,,,,1000.0,0.0,,,,,,,,,,,0.0,,,"K12784,K12785,K12786,K12787,K12788,K16041,K16042,K18373,K18374,K18375,K18378,K18379,K18380",13,"M00542,M00660",2189,0.102
K03268,0.0,0.0,,,,1000.0,0.0,,,,,,,,,,,0.0,,,"K16268,K16269,K18089,K18090",4,M00547,8,0.0
K03269,0.181,0.181,289.0,SAMD00000344.contig00002_2,289.0,8.3e-08,28.8,1.4e-06,24.8,28.0,225.0,4.0,229.0,K07096,60.4,63.0,True,3.072217919332869e-10,False,True,,0,"M00060,M00866",10883,0.509
K03270,0.141,0.141,226.0,SAMD00000344.contig00016_32,226.0,5e-14,49.1,1.3,5.2,33.0,100.0,2.0,59.0,K22223,103.8,162.2,True,3.416011733075329e-17,False,True,,0,M00063,9609,0.449
K03271,0.088,0.088,392.0,SAMD00000344.contig00017_51,392.0,3.5e-07,26.7,0.00039,16.7,173.0,232.0,169.0,230.0,K23238,198.7,134.4,True,1.6704779438076327e-52,False,True,,0,M00064,7576,0.354
K03272,0.071,0.071,598.0,SAMD00000344.contig00009_79,598.0,7.1e-24,81.3,9.099999999999998e-24,81.0,108.0,374.0,30.0,291.0,K00852,375.6,381.57,True,2.5519506759197724e-89,False,True,,0,M00064,6798,0.318
K03273,0.14,0.14,348.0,SAMD00000344.contig00009_53,348.0,2.2e-11,40.9,0.57,6.6,106.0,157.0,25.0,69.0,K07015,237.6,152.73,True,6.129144394799097e-60,False,True,,0,M00064,9568,0.447
K03274,0.05,0.05,400.0,SAMD00000344.contig00026_20,400.0,4.6e-44,147.8,5.300000000000001e-44,147.6,50.0,363.0,3.0,311.0,K02473,247.0,260.4,True,1.3734866108048529e-30,False,True,,0,M00064,5706,0.267
K03334,0.002,0.002,654.0,SAMD00000344.contig00029_3,654.0,2e-05,20.0,0.00088,14.6,108.0,138.0,5.0,35.0,K22699,44.5,530.03,True,4.1880908535160995e-08,False,True,,0,M00044,1166,0.054
K03340,0.01,0.01,327.0,SAMD00000344.contig00004_26,327.0,1e-07,28.5,1.4e-07,28.0,4.0,88.0,84.0,170.0,K01926,314.0,196.4,True,1.1374602743941093e-86,False,True,,0,M00526,2533,0.118
K03367,0.062,0.062,630.0,SAMD00000344.contig00029_11,630.0,2.9e-64,214.5,3.7e-64,214.1,47.0,509.0,27.0,504.0,K22133,447.6,608.33,True,6.736489845592271e-71,False,True,K19077,1,M00725,6378,0.298
K03381,0.017,0.017,,,,1000.0,0.0,,,,,,,,,,,0.0,,,,0,M00568,3355,0.157
K03385,0.008,0.008,,,,1000.0,0.0,,,,,,,,,,,0.0,,,,0,M00530,2281,0.107
K03388,0.009,0.009,721.0,SAMD00000344.contig00025_2,721.0,6.2e-10,34.8,3.2e-05,19.2,168.0,211.0,3.0,45.0,K00384,383.6,586.6,True,1.0016996277986898e-105,False,True,"K00125,K00193,K00203,K00204,K00205,K00584,K04480,K08265,K14081,K14082,K14084,K14126,K14127,K14128,K16176,K16177,K16178,K22480,K22481,K22482",20,"M00356,M00357,M00563,M00567,M00617",2359,0.11
K03389,0.001,0.001,492.0,SAMD00000344.contig00026_6,492.0,0.0039,13.1,0.0052,12.7,388.0,461.0,39.0,127.0,K07258,219.9,320.7,True,5.584662041250436e-63,False,True,"K00125,K00194,K00197,K00205,K00577,K00584,K03390,K11261,K13942,K14126,K14127,K14128,K16176,K16178",14,"M00356,M00357,M00563,M00567,M00617",867,0.041
K03390,0.001,0.001,,,,1000.0,0.0,,,,,,,,,,,0.0,,,"K00125,K00194,K00197,K00205,K00584,K03389,K04480,K08265,K11261,K14126,K14127,K14128,K16176,K16178,K22481,K22482",16,"M00356,M00357,M00563,M00567,M00617",665,0.031
K03392,0.02,0.02,492.0,SAMD00000344.contig00018_52,492.0,2.8000000000000002e-59,198.1,3.1e-59,198.0,128.0,410.0,48.0,339.0,K15063,288.5,248.83,True,6.121930458705196e-28,False,True,K00463,1,M00038,3605,0.168
K03394,0.029,0.029,541.0,SAMD00000344.contig00004_33,541.0,0.0016,14.0,1.0,4.7,401.0,460.0,153.0,214.0,K07056,393.9,136.17,True,4.352157937113131e-115,False,True,"K02304,K22011",2,"M00924,M00925",4328,0.202
K03399,0.003,0.003,,,,1000.0,0.0,,,,,,,,,,,0.0,,,K22011,1,M00924,1426,0.067
K03431,1.0,1.0,749.0,SAMD00000344.contig00028_17,749.0,4.3e-196,650.6,4.8e-196,650.4,283.0,721.0,4.0,447.0,K03431,650.6,452.6,False,1.0,False,False,"K00972,K11528",2,M00909,19057,0.89
K03464,0.018,0.018,,,,1000.0,0.0,,,,,,,,,,,0.0,,,,0,M00568,3445,0.161
K03465,0.04,0.04,,,,1000.0,0.0,,,,,,,,,,,0.0,,,,0,M00938,5117,0.239
K03472,0.026,0.026,340.0,SAMD00000344.contig00025_18,340.0,4.9e-93,308.9,5.999999999999999e-93,308.6,1.0,333.0,1.0,334.0,K00134,429.4,488.6,True,5.3196801709625385e-37,False,True,,0,M00124,4153,0.194
K03473,0.033,0.033,428.0,SAMD00000344.contig00014_13,428.0,2.9e-48,162.0,4.7000000000000004e-48,161.3,70.0,317.0,40.0,309.0,K00015,382.9,280.57,True,3.1803429755065306e-67,False,True,,0,M00124,4673,0.218
K03474,0.191,0.191,,,,1000.0,0.0,,,,,,,,,,,0.0,,,,0,M00124,11192,0.523
K03475,0.03,0.03,,,,1000.0,0.0,,,,,,,,,,,0.0,,,,0,M00550,4437,0.207
K03476,0.007,0.007,355.0,SAMD00000344.contig00007_91,355.0,0.014,11.3,0.017,11.0,129.0,179.0,36.0,84.0,K02838,234.9,394.5,True,4.894326858519519e-68,False,True,,0,M00550,2136,0.1
K03517,0.333,0.333,512.0,SAMD00000344.contig00021_13,512.0,7.1e-15,51.7,7.8e-15,51.6,373.0,500.0,157.0,283.0,K01714,313.7,149.1,True,1.349401336733538e-79,False,True,K06210,1,M00115,14770,0.69
K03525,0.278,0.278,315.0,SAMD00000344.contig00018_20,315.0,0.00028,17.6,0.00045,16.9,37.0,165.0,3.0,151.0,K15545,225.7,48.77,True,2.2680775629226678e-63,False,True,"K01598,K01947,K02318",3,M00120,13487,0.63
K03526,0.486,0.486,,,,1000.0,0.0,,,,,,,,,,,0.0,,,,0,M00096,17837,0.833
K03527,0.436,0.436,525.0,SAMD00000344.contig00003_92,525.0,1.9e-05,20.7,2.2e-05,20.6,9.0,88.0,4.0,152.0,K13799,296.5,50.17,True,8.904268702531125e-84,False,True,,0,M00096,16884,0.789
K03585,0.355,0.13,457.0,SAMD00000344.contig00013_33,457.0,3.9e-11,39.8,0.0091,12.2,96.0,150.0,47.0,100.0,K12293,312.3,258.6,True,9.318074567800222e-83,False,True,K18131,1,M00718,9229,0.431
K03635,0.244,0.244,,,,1000.0,0.0,,,,,,,,,,,0.0,,,"K15376,K20967",2,M00880,12635,0.59
K03637,0.382,0.382,,,,1000.0,0.0,,,,,,,,,,,0.0,,,"K15376,K20967",2,M00880,15804,0.738
K03638,0.085,0.085,324.0,SAMD00000344.contig00005_39,324.0,7.5e-08,29.2,1.2e-07,28.6,116.0,185.0,18.0,85.0,K03742,455.4,161.53,True,5.023609210384204e-129,False,True,,0,M00880,7472,0.349
K03639,0.384,0.384,,,,1000.0,0.0,,,,,,,,,,,0.0,,,"K15376,K20967",2,M00880,15861,0.741
K03644,0.404,0.404,,,,1000.0,0.0,,,,,,,,,,,0.0,,,"K10105,K23735",2,"M00881,M00883",16257,0.76
K03689,0.188,0.0,,,,1000.0,0.0,,,,,,,,,,,0.0,,,"K02634,K02637,K02640",3,M00162,59,0.003
K03737,0.043,0.043,,,,1000.0,0.0,,,,,,,,,,,0.0,,,"K00189,K08940,K08941,K08943",4,"M00173,M00307,M00614",5313,0.248
K03738,0.003,0.003,1020.0,SAMD00000344.contig00024_9,1020.0,1.1e-37,126.7,1.2e-37,126.5,84.0,323.0,20.0,247.0,K00821,493.9,308.57,True,2.895913544696475e-111,False,True,K18022,1,M00309,1306,0.061
K03739,0.017,0.017,394.0,SAMD00000344.contig00007_13,394.0,0.24,7.5,0.29,7.3,14.0,96.0,8.0,103.0,K08976,15.3,283.7,True,0.002626513069348333,False,True,,0,M00725,3020,0.141
K03740,0.015,0.015,,,,1000.0,0.0,,,,,,,,,,,0.0,,,,0,M00725,3092,0.144
K03750,0.387,0.387,532.0,SAMD00000344.contig00005_39,532.0,1.8e-10,37.1,3e-10,36.3,247.0,320.0,3.0,77.0,K03742,455.4,154.23,True,1.199921441248388e-126,False,True,"K15376,K20967",2,M00880,15907,0.743
K03760,0.035,0.035,612.0,SAMD00000344.contig00018_38,612.0,0.11,7.9,0.2,7.0,28.0,104.0,248.0,326.0,K08172,428.6,377.13,True,2.2407587919056737e-127,False,True,"K12977,K23082,K23159",3,M00867,4771,0.223
K03783,0.162,0.161,,,,1000.0,0.0,,,,,,,,,,,0.0,,,"K00106,K13480,K19572",3,"M00958,M00959",10279,0.48
K03784,1.0,1.0,318.0,SAMD00000344.contig00001_92,318.0,4.899999999999999e-105,347.9,5.4e-105,347.7,41.0,274.0,1.0,232.0,K03784,347.9,222.23,False,1.0,False,False,"K01490,K13480,K19572",3,"M00958,M00959",8967,0.419
K03785,1.0,1.0,437.0,SAMD00000344.contig00001_209,437.0,5.6e-73,243.9,6e-73,243.8,131.0,377.0,7.0,255.0,K03785,243.9,188.47,False,1.0,False,False,,0,M00022,4631,0.216
K03786,0.408,0.408,,,,1000.0,0.0,,,,,,,,,,,0.0,,,K13830,1,M00022,16336,0.763
K03787,0.24,0.24,,,,1000.0,0.0,,,,,,,,,,,0.0,,,"K00106,K01081,K01490,K19572",4,"M00958,M00959",12534,0.586
K03794,0.0,0.0,,,,1000.0,0.0,,,,,,,,,,,0.0,,,,0,M00846,287,0.013
K03795,0.062,0.062,,,,1000.0,0.0,,,,,,,,,,,0.0,,,"K02304,K21479,K22011",3,M00924,6384,0.298
K03801,0.326,0.326,,,,1000.0,0.0,,,,,,,,,,,0.0,,,,0,M00881,14598,0.682
K03831,0.125,0.125,,,,1000.0,0.0,,,,,,,,,,,0.0,,,K15376,1,M00880,9033,0.422
K03841,0.026,0.026,,,,1000.0,0.0,,,,,,,,,,,0.0,,,"K00150,K02689,K02690,K02691,K02692,K02693,K02694,K02703,K02704,K02705,K02706,K02707,K02708,K05298",14,"M00003,M00165,M00611,M00612",4110,0.192
K03856,1.0,1.0,562.0,SAMD00000344.contig00001_206,562.0,1.5e-139,463.4,1.8e-139,463.2,35.0,364.0,1.0,329.0,K03856,463.4,465.33,False,1.0,False,True,,0,M00022,3597,0.168
K03886,0.002,0.002,,,,1000.0,0.0,,,,,,,,,,,0.0,,,,0,M00151,1261,0.059
K03887,0.003,0.003,,,,1000.0,0.0,,,,,,,,,,,0.0,,,,0,M00151,1285,0.06
K03888,0.003,0.003,,,,1000.0,0.0,,,,,,,,,,,0.0,,,,0,M00151,1281,0.06
K03889,0.023,0.023,,,,1000.0,0.0,,,,,,,,,,,0.0,,,,0,M00151,3854,0.18
K03890,0.014,0.014,,,,1000.0,0.0,,,,,,,,,,,0.0,,,,0,M00151,2987,0.14
K03891,0.014,0.014,,,,1000.0,0.0,,,,,,,,,,,0.0,,,,0,M00151,2982,0.139
K03894,0.0,0.0,,,,1000.0,0.0,,,,,,,,,,,0.0,,,,0,M00918,526,0.025
K03895,0.258,0.258,589.0,SAMD00000344.contig00011_24,589.0,0.0057,12.3,0.0062,12.1,501.0,535.0,11.0,45.0,K06301,13.6,623.33,True,0.2501140796605587,False,True,,0,M00918,2621,0.122
K03896,0.025,0.025,,,,1000.0,0.0,,,,,,,,,,,0.0,,,K03894,1,M00918,4013,0.188
K03897,0.019,0.019,728.0,SAMD00000344.contig00003_63,728.0,9.8e-07,24.3,5.5e-06,21.8,367.0,459.0,72.0,164.0,K17869,813.4,390.93,True,2.8656980063589415e-238,False,True,,0,M00918,3488,0.163
K04041,1.0,1.0,648.0,SAMD00000344.contig00003_140,648.0,0.00055,15.4,0.00058,15.4,271.0,351.0,36.0,119.0,K04041,15.4,540.33,False,1.0,False,True,,0,M00003,3198,0.149
K04042,1.0,1.0,779.0,SAMD00000344.contig00016_35,779.0,1.4e-184,612.5,1.7e-184,612.3,241.0,690.0,3.0,452.0,K04042,612.5,329.87,False,1.0,False,False,K11528,1,M00909,18393,0.859
K04073,0.013,0.012,321.0,SAMD00000344.contig00002_154,321.0,0.003,13.9,0.0046,13.3,10.0,107.0,2.0,93.0,K16043,127.7,456.83,True,5.530781397392846e-35,False,True,K05709,1,"M00545,M00569",2854,0.133
K04092,0.023,0.023,208.0,SAMD00000344.contig00001_200,208.0,2e-09,35.0,2.1e-09,34.9,82.0,148.0,2.0,68.0,K23874,48.6,85.73,True,8.035411938086463e-05,False,True,"K00211,K15227",2,"M00024,M00025,M00040",3851,0.18
K04093,0.024,0.024,277.0,SAMD00000344.contig00001_200,277.0,0.00078,16.6,0.00086,16.4,105.0,165.0,2.0,62.0,K23874,48.6,68.17,True,2.32303752771246e-10,False,True,,0,"M00024,M00025",3982,0.186
K04102,0.003,0.003,329.0,SAMD00000344.contig00016_58,329.0,6.5e-07,25.8,2e-06,24.2,21.0,145.0,60.0,178.0,K15553,267.0,196.17,True,2.463570788469252e-73,False,True,K18069,1,M00623,1280,0.06
K04112,0.004,0.004,,,,1000.0,0.0,,,,,,,,,,,0.0,,,"K04113,K04114,K04115,K07537,K07538,K07539,K19515,K19516",8,M00541,1566,0.073
K04113,0.0,0.0,,,,1000.0,0.0,,,,,,,,,,,0.0,,,"K04114,K04115,K07537,K07538,K07539,K19515,K19516",7,M00541,542,0.025
K04114,0.0,0.0,278.0,SAMD00000344.contig00017_52,278.0,0.0013,15.4,51.0,0.3,211.0,268.0,392.0,448.0,K25031,742.5,403.93,True,1.3215699428959292e-219,False,True,"K04115,K07537,K07538,K07539,K19515,K19516",6,M00541,110,0.005
K04115,0.0,0.0,267.0,SAMD00000344.contig00004_28,267.0,0.0014,15.2,0.037,10.5,189.0,265.0,235.0,321.0,K25706,482.6,289.6,True,1.9887492398444828e-141,False,True,"K04114,K07537,K07538,K07539,K19515,K19516",6,M00541,68,0.003
K04116,0.007,0.006,672.0,SAMD00000344.contig00029_11,672.0,3.5e-84,280.2,4.4e-84,279.9,49.0,541.0,24.0,504.0,K22133,447.6,607.83,True,4.037424132857314e-51,False,True,K04117,1,M00540,2050,0.096
K04117,0.0,0.0,383.0,SAMD00000344.contig00008_11,383.0,5.8e-62,206.7,6.999999999999999e-62,206.4,7.0,372.0,7.0,367.0,K18244,355.5,426.73,True,1.6096692404550102e-45,False,True,,0,M00540,570,0.027
K04126,0.0,0.0,,,,1000.0,0.0,,,,,,,,,,,0.0,,,"K12744,K12745",2,M00673,26,0.001
K04127,0.01,0.01,407.0,SAMD00000344.contig00013_59,407.0,3.1000000000000002e-34,115.7,4.0000000000000006e-34,115.3,63.0,394.0,53.0,394.0,K11717,594.6,403.43,True,6.866494499871266e-145,False,True,"K04126,K04128,K12743,K12744,K12745,K18063",6,M00673,2600,0.121
K04128,0.0,0.0,,,,1000.0,0.0,,,,,,,,,,,0.0,,,"K12744,K12745",2,M00673,207,0.01
K04480,0.0,0.0,,,,1000.0,0.0,,,,,,,,,,,0.0,,,"K14081,K16176,K16178",3,"M00356,M00617",57,0.003
K04486,1.0,1.0,626.0,SAMD00000344.contig00008_43,626.0,9e-61,203.1,1.0000000000000001e-60,203.0,142.0,369.0,3.0,267.0,K04486,203.1,124.13,False,1.0,False,False,K14152,1,M00026,4795,0.224
K04516,0.015,0.015,439.0,SAMD00000344.contig00001_206,439.0,1.4e-53,179.3,1.8e-53,178.9,20.0,257.0,90.0,321.0,K03856,463.4,342.53,True,3.0017756605058423e-86,False,True,K00211,1,"M00024,M00025",3106,0.145
K04517,1.0,1.0,573.0,SAMD00000344.contig00001_202,573.0,3.7e-80,267.3,4.100000000000001e-80,267.1,125.0,398.0,3.0,278.0,K04517,267.3,211.87,False,1.0,False,False,,0,M00025,10949,0.512
K04518,0.166,0.166,,,,1000.0,0.0,,,,,,,,,,,0.0,,,,0,M00024,10408,0.486
K04561,1.0,1.0,848.0,SAMD00000344.contig00001_87,848.0,1.4999999999999998e-264,877.1,1.7999999999999999e-264,876.8,113.0,831.0,11.0,762.0,K04561,877.1,135.83,False,1.0,False,False,,0,M00529,3615,0.169
K04835,0.001,0.001,413.0,SAMD00000344.contig00025_28,413.0,4e-07,26.0,45.0,-0.5,89.0,144.0,67.0,124.0,K01689,621.6,431.07,True,5.0878533221312805e-180,False,True,,0,M00740,672,0.031
K05298,0.0,0.0,434.0,SAMD00000344.contig00025_18,434.0,1.3e-85,284.8,1.5999999999999998e-85,284.5,70.0,395.0,3.0,329.0,K00134,429.4,646.07,True,2.958439054448817e-44,False,True,"K02689,K02690,K02691,K02692,K02693,K02694,K02703,K02704,K02705,K02706,K02707,K02708",12,"M00165,M00611,M00612",222,0.01
K05299,0.001,0.001,,,,1000.0,0.0,,,,,,,,,,,0.0,,,"K00194,K00197,K14138",3,"M00377,M00618",813,0.038
K05308,0.0,0.0,394.0,SAMD00000344.contig00013_31,394.0,2.3e-37,125.9,3.2e-37,125.4,13.0,341.0,6.0,328.0,K19802,381.9,415.57,True,8.636168555094496e-78,False,True,,0,"M00308,M00309,M00633",455,0.021
K05359,0.0,0.0,,,,1000.0,0.0,,,,,,,,,,,0.0,,,,0,M00024,1,0.0
K05375,0.026,0.026,,,,1000.0,0.0,,,,,,,,,,,0.0,,,"K19102,K19103,K19104,K19105,K19106",5,M00736,4123,0.193
K05526,0.028,0.028,,,,1000.0,0.0,,,,,,,,,,,0.0,,,,0,M00879,4314,0.202
K05549,0.01,0.01,,,,1000.0,0.0,,,,,,,,,,,0.0,,,,0,M00551,2538,0.119
K05550,0.013,0.013,,,,1000.0,0.0,,,,,,,,,,,0.0,,,,0,M00551,2929,0.137
K05551,0.001,0.001,422.0,SAMD00000344.contig00022_32,422.0,1.1e-88,295.3,1.2e-88,295.1,3.0,416.0,2.0,403.0,K09458,519.1,672.13,True,4.26075900363954e-68,False,True,"K12420,K14249,K15884,K15886",4,M00778,648,0.03
K05552,0.001,0.001,408.0,SAMD00000344.contig00022_32,408.0,5.300000000000001e-78,259.6,6.300000000000001e-78,259.4,5.0,404.0,3.0,402.0,K09458,519.1,549.83,True,7.63336668597185e-79,False,True,"K12420,K14249,K15884,K15886",4,M00778,661,0.031
K05553,0.001,0.001,89.0,SAMD00000344.contig00015_7,89.0,2e-06,25.0,2.3e-06,24.9,35.0,81.0,33.0,79.0,K02078,86.7,62.13,True,2.66961475925519e-19,False,True,"K12420,K14249,K15884,K15886",4,M00778,806,0.038
K05554,0.002,0.002,,,,1000.0,0.0,,,,,,,,,,,0.0,,,"K05552,K12420,K14249,K15884,K15885,K15886",6,M00778,1045,0.049
K05555,0.123,0.122,383.0,SAMD00000344.contig00024_16,383.0,1.9e-09,34.2,3e-09,33.5,53.0,165.0,15.0,118.0,K17837,65.7,157.3,True,3.2927223422771846e-10,False,True,"K12420,K14249,K15884,K15885,K15886",5,M00778,8949,0.418
K05556,0.0,0.0,311.0,SAMD00000344.contig00001_118,311.0,7.800000000000001e-27,91.5,9.8e-23,78.0,50.0,217.0,84.0,251.0,K00074,293.8,369.17,True,1.2632286168676586e-61,False,True,K14630,1,M00779,341,0.016
K05572,0.0,0.0,,,,1000.0,0.0,,,,,,,,,,,0.0,,,"K05573,K05574,K05575,K05578,K05579,K05580,K05581,K05582,K05583,K05584,K05585",11,M00145,184,0.009
K05573,0.0,0.0,622.0,SAMD00000344.contig00002_107,622.0,2e-07,26.8,2e-07,26.8,1.0,90.0,1.0,103.0,K02992,212.2,467.8,True,1.5453925130733986e-56,False,True,"K05572,K05574,K05575,K05578,K05579,K05580,K05581,K05582,K05583,K05584,K05585",11,M00145,209,0.01
K05574,0.0,0.0,,,,1000.0,0.0,,,,,,,,,,,0.0,,,"K05572,K05573,K05575,K05578,K05579,K05580,K05581,K05582,K05583,K05584,K05585",11,M00145,506,0.024
K05575,0.0,0.0,,,,1000.0,0.0,,,,,,,,,,,0.0,,,"K05572,K05573,K05574,K05578,K05579,K05580,K05581,K05582,K05583,K05584,K05585",11,M00145,192,0.009
K05576,0.001,0.001,103.0,SAMD00000344.contig00008_21,103.0,9.0,3.4,9.9,3.2,67.0,100.0,357.0,390.0,K03320,431.9,134.57,True,1.0201096548729462e-129,False,True,"K05572,K05573,K05574,K05575,K05579,K05580,K05581,K05582,K05583,K05584,K05585",11,M00145,950,0.044
K05577,0.346,0.346,681.0,SAMD00000344.contig00030_8,681.0,0.0002,17.3,0.00022,17.2,474.0,573.0,109.0,216.0,K24131,18.2,546.57,True,0.3430415050958568,False,True,"K05572,K05573,K05574,K05575,K05579,K05580,K05581,K05582,K05583,K05584,K05585",11,M00145,1685,0.079
K05578,0.001,0.001,,,,1000.0,0.0,,,,,,,,,,,0.0,,,"K05572,K05573,K05574,K05575,K05579,K05580,K05581,K05582,K05583,K05584,K05585",11,M00145,650,0.03
K05579,0.0,0.0,,,,1000.0,0.0,,,,,,,,,,,0.0,,,"K05572,K05573,K05574,K05575,K05578,K05580,K05581,K05582,K05583,K05584,K05585",11,M00145,189,0.009
K05580,0.0,0.0,,,,1000.0,0.0,,,,,,,,,,,0.0,,,"K05572,K05573,K05574,K05575,K05578,K05579,K05581,K05582,K05583,K05584,K05585",11,M00145,237,0.011
K05581,0.0,0.0,,,,1000.0,0.0,,,,,,,,,,,0.0,,,"K05572,K05573,K05574,K05575,K05578,K05579,K05580,K05582,K05583,K05584,K05585",11,M00145,188,0.009
K05582,0.0,0.0,,,,1000.0,0.0,,,,,,,,,,,0.0,,,"K05572,K05573,K05574,K05575,K05578,K05579,K05580,K05581,K05583,K05584,K05585",11,M00145,185,0.009
K05583,0.0,0.0,,,,1000.0,0.0,,,,,,,,,,,0.0,,,"K05572,K05573,K05574,K05575,K05579,K05580,K05581,K05582,K05584,K05585",10,M00145,166,0.008
K05584,0.0,0.0,,,,1000.0,0.0,,,,,,,,,,,0.0,,,"K05572,K05573,K05574,K05575,K05578,K05579,K05580,K05581,K05582,K05583,K05585",11,M00145,181,0.008
K05585,0.0,0.0,,,,1000.0,0.0,,,,,,,,,,,0.0,,,"K05572,K05573,K05574,K05575,K05578,K05579,K05580,K05581,K05582,K05583,K05584",11,M00145,176,0.008
K05599,0.003,0.003,,,,1000.0,0.0,,,,,,,,,,,0.0,,,"K16319,K18249",2,M00637,1318,0.062
K05600,0.001,0.001,,,,1000.0,0.0,,,,,,,,,,,0.0,,,,0,M00637,591,0.028
K05602,0.018,0.018,362.0,SAMD00000344.contig00010_2,362.0,5.4e-22,75.5,1.4e-21,74.2,88.0,285.0,29.0,220.0,K01092,175.9,266.1,True,5.978447713579351e-31,False,True,,0,M00026,3465,0.162
K05603,0.048,0.048,900.0,SAMD00000344.contig00013_56,900.0,4.5e-26,88.3,0.0085,11.3,458.0,568.0,16.0,136.0,K01487,490.9,335.0,True,6.387394583548749e-122,False,True,,0,M00045,5604,0.262
K05606,0.114,0.114,214.0,SAMD00000344.contig00002_155,214.0,1.6e-08,31.4,8.5e-08,29.0,45.0,175.0,6.0,129.0,K08234,76.0,72.5,True,3.7485592650514163e-14,False,True,"K01964,K08928,K08929,K14468,K14469,K14471,K14472,K15020,K15036,K15037,K15038,K15052,K19312",13,"M00375,M00376,M00613,M00741",8640,0.404
K05607,0.002,0.002,412.0,SAMD00000344.contig00001_226,412.0,1.8e-85,284.6,2.2e-85,284.4,107.0,360.0,12.0,261.0,K01715,364.2,335.57,True,1.0914713619017002e-24,False,True,,0,M00036,1105,0.052
K05708,0.001,0.001,434.0,SAMD00000344.contig00003_131,434.0,0.0099,11.9,0.012,11.7,246.0,371.0,102.0,226.0,K09761,225.4,590.47,True,5.371504275394409e-65,False,True,"K05709,K05711",2,M00545,620,0.029
K05709,0.0,0.0,,,,1000.0,0.0,,,,,,,,,,,0.0,,,,0,M00545,375,0.018
K05710,0.069,0.069,,,,1000.0,0.0,,,,,,,,,,,0.0,,,"K05709,K05711",2,M00545,6714,0.314
K05711,0.0,0.0,272.0,SAMD00000344.contig00012_38,272.0,1.5e-42,142.8,1.9999999999999998e-42,142.4,1.0,260.0,1.0,243.0,K00038,369.4,377.5,True,6.117908573149539e-69,False,True,,0,M00545,467,0.022
K05712,0.058,0.058,572.0,SAMD00000344.contig00025_2,572.0,2.9e-08,29.8,9e-07,24.8,45.0,77.0,4.0,36.0,K00384,383.6,363.93,True,3.1303113368709656e-107,False,True,K05711,1,M00545,6138,0.287
K05713,0.004,0.004,,,,1000.0,0.0,,,,,,,,,,,0.0,,,"K05708,K05711",2,M00545,1532,0.072
K05714,0.286,0.285,354.0,SAMD00000344.contig00001_219,354.0,1.4000000000000001e-30,103.8,1.9e-30,103.3,39.0,294.0,3.0,259.0,K00433,192.5,282.07,True,1.989021074163861e-27,False,True,"K05708,K05709",2,M00545,13665,0.639
K05783,0.007,0.007,261.0,SAMD00000344.contig00014_58,261.0,5.1e-40,134.6,1.3e-38,130.0,4.0,259.0,33.0,279.0,K17739,161.0,411.27,True,1.1292968156337733e-08,False,True,,0,M00551,2103,0.098
K05784,0.009,0.009,742.0,SAMD00000344.contig00020_27,742.0,1.5e-16,56.9,1.8e-16,56.6,503.0,672.0,6.0,190.0,K16066,244.6,459.43,True,3.13810817914459e-57,False,True,,0,M00551,2434,0.114
K05810,0.445,0.445,,,,1000.0,0.0,,,,,,,,,,,0.0,,,"K00106,K00815,K01081,K01244,K01490,K16054,K23977",7,"M00034,M00958,M00959",17062,0.797
K05822,1.0,1.0,238.0,SAMD00000344.contig00005_12,238.0,1.2e-100,332.9,1.4e-100,332.8,1.0,236.0,1.0,236.0,K05822,332.9,340.27,False,1.0,False,True,,0,M00525,3736,0.175
K05823,1.0,1.0,375.0,SAMD00000344.contig00005_11,375.0,1.3e-165,547.9,1.6e-165,547.6,3.0,373.0,5.0,379.0,K05823,547.9,355.8,False,1.0,False,False,,0,M00525,3020,0.141
K05824,0.0,0.0,,,,1000.0,0.0,,,,,,,,,,,0.0,,,K01655,1,M00433,133,0.006
K05826,0.58,0.58,94.0,SAMD00000344.contig00037_4,94.0,0.00028,18.0,1.0,6.6,28.0,52.0,6.0,30.0,K05826,18.0,33.73,False,0.579381842809083,False,True,"K05827,K05828,K05829,K05830,K05831",5,"M00031,M00763",853,0.04
K05827,0.044,0.001,279.0,SAMD00000344.contig00006_16,279.0,2.6e-16,56.5,0.00012,18.3,47.0,163.0,83.0,205.0,K01955,1656.9,351.6,True,0.0,False,True,"K05826,K05828,K05829,K05830,K05831",5,M00031,634,0.03
K05828,0.048,0.0,286.0,SAMD00000344.contig00024_10,286.0,5.699999999999999e-41,137.6,5.8e-40,134.2,3.0,253.0,5.0,235.0,K00930,245.3,221.0,True,3.79375662644161e-33,False,True,"K05826,K05827,K05829,K05830,K05831",5,"M00031,M00763",245,0.011
K05829,0.049,0.0,347.0,SAMD00000344.contig00024_12,347.0,3.6000000000000004e-86,286.6,3.9999999999999996e-86,286.4,3.0,346.0,1.0,342.0,K00145,363.7,415.63,True,6.1742944117728974e-24,False,True,"K05826,K05827,K05828,K05830,K05831",5,"M00031,M00763",290,0.014
K05830,0.0,0.0,393.0,SAMD00000344.contig00024_9,393.0,3.4000000000000003e-122,405.1,3.8e-122,405.0,9.0,387.0,3.0,377.0,K00821,493.9,500.57,True,1.8558222830568926e-27,False,True,"K05828,K05831",2,"M00031,M00763",88,0.004
K05884,1.0,1.0,351.0,SAMD00000344.contig00018_47,351.0,2.6e-116,385.6,2.9e-116,385.4,4.0,348.0,1.0,357.0,K05884,385.6,404.97,False,1.0,False,True,,0,M00358,2582,0.121
K05895,0.093,0.093,,,,1000.0,0.0,,,,,,,,,,,0.0,,,"K02304,K22011",2,"M00924,M00925",7814,0.365
K05921,0.016,0.016,,,,1000.0,0.0,,,,,,,,,,,0.0,,,,0,M00533,3199,0.149
K05928,0.0,0.0,385.0,SAMD00000344.contig00011_32,385.0,4.1e-19,65.6,5.3e-19,65.2,120.0,224.0,46.0,152.0,K03183,308.4,301.97,True,8.1267528603356e-74,False,True,K09833,1,M00112,267,0.012
K05934,0.005,0.005,,,,1000.0,0.0,,,,,,,,,,,0.0,,,"K02304,K22011",2,"M00924,M00925",1808,0.084
K05936,0.121,0.121,355.0,SAMD00000344.contig00004_33,355.0,9.9e-10,34.9,2.2e-09,33.8,31.0,255.0,13.0,231.0,K07056,393.9,237.23,True,8.515919680016653e-109,False,True,"K02304,K22011",2,"M00924,M00925",8908,0.416
K05942,0.0,0.0,446.0,SAMD00000344.contig00021_2,446.0,0.0075,12.0,3.2,3.4,42.0,69.0,524.0,553.0,K01958,1831.2,333.0,True,0.0,False,True,,0,"M00009,M00010",540,0.025
K05979,0.013,0.013,,,,1000.0,0.0,,,,,,,,,,,0.0,,,,0,M00358,2925,0.137
K06001,0.006,0.006,966.0,SAMD00000344.contig00008_67,966.0,3.9000000000000003e-81,270.4,7.5e-81,269.5,585.0,945.0,56.0,402.0,K01696,731.4,452.17,True,1.6794690268917608e-139,False,True,,0,M00023,2005,0.094
K06016,0.087,0.087,573.0,SAMD00000344.contig00005_11,573.0,8.4e-10,34.7,1e-09,34.4,271.0,468.0,178.0,378.0,K05823,547.9,475.7,True,3.246431362400525e-155,False,True,,0,M00046,7540,0.352
K06034,0.001,0.001,166.0,SAMD00000344.contig00024_23,166.0,0.00021,18.0,0.0005,16.8,2.0,64.0,6.0,70.0,K00158,803.8,171.63,True,2.822470472689853e-237,False,True,,0,M00358,961,0.045
K06041,0.231,0.231,411.0,SAMD00000344.contig00002_56,411.0,2e-19,67.0,1.4e-07,28.0,319.0,366.0,2.0,48.0,K04767,204.1,158.77,True,5.355346731847362e-42,False,True,,0,M00063,12300,0.575
K06042,0.119,0.119,,,,1000.0,0.0,,,,,,,,,,,0.0,,,"K02304,K21479,K22011",3,"M00924,M00925",8819,0.412
K06044,0.064,0.064,914.0,SAMD00000344.contig00001_117,914.0,7.9e-14,47.8,1.1,4.4,784.0,832.0,476.0,525.0,K01182,862.6,455.17,True,5.257260934802778e-246,False,True,,0,M00565,6479,0.303
K06134,0.031,0.031,,,,1000.0,0.0,,,,,,,,,,,0.0,,,,0,M00117,4481,0.209
K06208,0.008,0.008,,,,1000.0,0.0,,,,,,,,,,,0.0,,,,0,"M00024,M00025",2290,0.107
K06209,0.011,0.011,147.0,SAMD00000344.contig00017_59,147.0,0.0018,15.1,0.0053,13.6,27.0,70.0,26.0,71.0,K21961,55.6,123.67,True,6.431098710760032e-13,False,True,,0,"M00024,M00025",2704,0.126
K06210,0.0,0.0,493.0,SAMD00000344.contig00009_50,493.0,1.5e-12,43.9,20.0,0.6,123.0,141.0,23.0,41.0,K00969,236.3,104.5,True,1.2073379008385769e-58,False,True,,0,"M00115,M00912",17,0.001
K06215,0.075,0.075,364.0,SAMD00000344.contig00016_2,364.0,3e-05,20.3,2.6,4.0,120.0,140.0,126.0,146.0,K05540,422.3,122.73,True,9.681479787123195e-122,False,True,,0,M00916,7024,0.328
K06445,0.045,0.045,810.0,SAMD00000344.contig00008_11,810.0,2.3e-14,49.4,3.7e-09,32.3,136.0,251.0,28.0,138.0,K18244,355.5,266.07,True,7.156790875928365e-93,False,True,K07515,1,M00087,5438,0.254
K06447,0.031,0.031,490.0,SAMD00000344.contig00002_191,490.0,8.8e-73,242.6,1.1e-72,242.2,3.0,438.0,6.0,445.0,K07248,692.4,460.6,True,3.9510083757242795e-136,False,True,,0,M00879,4506,0.211
K06718,0.011,0.011,241.0,SAMD00000344.contig00019_52,241.0,6.7e-06,22.8,0.82,6.1,97.0,122.0,42.0,66.0,K06977,53.7,90.37,True,4.856720047594635e-10,False,True,,0,M00033,2726,0.127
K06720,0.015,0.015,,,,1000.0,0.0,,,,,,,,,,,0.0,,,,0,M00033,3083,0.144
K06859,0.001,0.001,,,,1000.0,0.0,,,,,,,,,,,0.0,,,K00918,1,"M00001,M00004",973,0.045
K06863,0.0,0.0,363.0,SAMD00000344.contig00003_40,363.0,4.4e-06,22.9,5.5e-06,22.5,102.0,214.0,82.0,200.0,K01945,538.0,223.77,True,8.698597455415887e-156,False,True,,0,M00048,4,0.0
K06981,0.0,0.0,346.0,SAMD00000344.contig00019_7,346.0,7.3e-10,35.4,2.7e-09,33.6,171.0,319.0,123.0,266.0,K00931,361.2,109.2,True,8.402865511349234e-99,False,True,,0,M00849,50,0.002
K06982,0.0,0.0,350.0,SAMD00000344.contig00003_17,350.0,2.8e-10,36.6,4.4e-10,35.9,77.0,186.0,29.0,173.0,K00938,332.4,130.87,True,9.02250814098281e-90,False,True,K09722,1,M00914,10,0.0
K06989,0.011,0.011,359.0,SAMD00000344.contig00011_3,359.0,7.8e-05,19.2,0.00011,18.7,48.0,114.0,182.0,267.0,K00122,564.6,80.7,True,6.580219257715874e-165,False,True,,0,M00115,2720,0.127
K06998,0.25,0.25,379.0,SAMD00000344.contig00010_31,379.0,6.2e-05,19.4,8.8e-05,18.9,147.0,367.0,74.0,303.0,K01778,223.4,129.1,True,3.8893845486631717e-62,False,True,"K20260,K20261,K20262,K21103",4,M00835,12786,0.597
K07104,0.071,0.071,354.0,SAMD00000344.contig00001_171,354.0,1e-14,51.8,2.9e-09,33.8,68.0,170.0,159.0,256.0,K15975,283.2,88.17,True,2.196134848124697e-70,False,True,,0,M00569,6815,0.318
K07127,0.092,0.092,,,,1000.0,0.0,,,,,,,,,,,0.0,,,"K00106,K16838",2,M00546,7766,0.363
K07130,0.079,0.079,,,,1000.0,0.0,,,,,,,,,,,0.0,,,"K00463,K14263",2,"M00038,M00912",7195,0.336
K07144,0.001,0.001,226.0,SAMD00000344.contig00024_10,226.0,2.9e-07,27.5,0.0071,13.1,92.0,160.0,121.0,193.0,K00930,245.3,98.47,True,2.7268857623292585e-66,False,True,"K07072,K09733",2,M00935,645,0.03
K07173,1.0,1.0,271.0,SAMD00000344.contig00025_7,271.0,1.0999999999999999e-75,251.7,1.1999999999999999e-75,251.6,31.0,184.0,1.0,152.0,K07173,251.7,108.3,False,1.0,False,False,,0,M00609,8576,0.401
K07250,0.055,0.055,522.0,SAMD00000344.contig00014_1,522.0,2.6e-137,455.6,3.3999999999999997e-137,455.2,63.0,491.0,6.0,436.0,K20708,820.1,654.33,True,1.8817701730561523e-110,False,True,"K00139,K13524,K17761",3,"M00027,M00956,M00957",5992,0.28
K07260,1.0,1.0,414.0,SAMD00000344.contig00019_1,414.0,3e-58,195.1,3.3e-58,195.0,55.0,269.0,8.0,229.0,K07260,195.1,68.47,False,1.0,False,False,"K15739,K18354",2,M00651,8889,0.415
K07282,0.093,0.093,,,,1000.0,0.0,,,,,,,,,,,0.0,,,"K22976,K22977,K22981",3,M00860,7819,0.365
K07389,0.002,0.002,,,,1000.0,0.0,,,,,,,,,,,0.0,,,,0,M00575,998,0.047
K07404,1.0,1.0,444.0,SAMD00000344.contig00010_53,444.0,1.1e-98,328.4,1.2e-98,328.2,44.0,387.0,5.0,342.0,K07404,328.4,134.1,False,1.0,False,False,"K13937,K19243",2,"M00004,M00006,M00008",12694,0.593
K07508,0.002,0.002,,,,1000.0,0.0,,,,,,,,,,,0.0,,,,0,M00087,1025,0.048
K07509,0.003,0.003,487.0,SAMD00000344.contig00022_36,487.0,0.0019,13.9,3.1,3.3,89.0,174.0,58.0,142.0,K21788,249.0,575.3,True,1.6880826302106272e-71,False,True,K07515,1,M00087,1445,0.068
K07511,0.05,0.05,405.0,SAMD00000344.contig00001_226,405.0,1.4e-86,288.5,1.6e-86,288.3,144.0,387.0,13.0,259.0,K01715,364.2,451.8,True,1.629406063955028e-23,False,True,"K09479,K10527",2,M00087,5737,0.268
K07513,0.01,0.01,721.0,SAMD00000344.contig00022_36,721.0,0.0064,12.3,0.098,8.4,283.0,383.0,48.0,147.0,K21788,249.0,544.63,True,5.568595961503171e-72,False,True,"K07515,K10527",2,M00087,2540,0.119
K07514,0.018,0.018,727.0,SAMD00000344.contig00001_226,727.0,9.7e-41,136.7,1.2e-40,136.5,13.0,213.0,14.0,222.0,K01715,364.2,892.6,True,3.278506027462416e-69,False,True,"K07515,K10527",2,M00087,3414,0.16
K07515,0.0,0.0,849.0,SAMD00000344.contig00001_226,849.0,3.2000000000000004e-44,148.1,3.6000000000000004e-44,148.0,94.0,312.0,6.0,221.0,K01715,364.2,858.97,True,8.859677980166791e-66,False,True,,0,M00087,13,0.001
K07516,0.041,0.041,618.0,SAMD00000344.contig00001_118,618.0,7.9e-46,154.1,6.7e-45,151.0,55.0,337.0,6.0,320.0,K00074,293.8,389.13,True,8.829979271702202e-43,False,True,"K00022,K07515,K09479,K10527",4,M00087,5152,0.241
K07534,0.002,0.002,259.0,SAMD00000344.contig00001_226,259.0,2.0999999999999997e-68,227.3,2.3e-68,227.2,1.0,257.0,1.0,259.0,K01715,364.2,469.37,True,6.151677981311867e-42,False,True,"K04117,K07536",2,M00540,1213,0.057
K07535,0.13,0.13,411.0,SAMD00000344.contig00012_38,411.0,5.800000000000001e-74,246.5,6.5e-74,246.4,138.0,382.0,2.0,242.0,K00038,369.4,308.1,True,1.007890920458134e-37,False,True,,0,M00540,9222,0.431
K07536,0.001,0.001,261.0,SAMD00000344.contig00001_226,261.0,6.5e-65,216.2,7.1e-65,216.1,3.0,257.0,4.0,259.0,K01715,364.2,396.73,True,2.802596928649657e-45,False,True,,0,M00540,672,0.031
K07537,0.0,0.0,256.0,SAMD00000344.contig00001_226,256.0,2e-57,191.2,2.2e-57,191.0,1.0,254.0,1.0,259.0,K01715,364.2,298.27,True,8.352389719038029e-53,False,True,"K04115,K07538,K07539,K19515,K19516",5,M00541,50,0.002
K07538,0.0,0.0,358.0,SAMD00000344.contig00001_13,358.0,8.5e-32,107.6,9.6e-32,107.5,11.0,354.0,6.0,343.0,K00004,214.9,502.27,True,4.9819304440405226e-33,False,True,"K04115,K07537,K07539,K19515,K19516",5,M00541,32,0.001
K07539,0.0,0.0,379.0,SAMD00000344.contig00001_226,379.0,7.2e-14,48.6,9.5e-14,48.2,56.0,225.0,18.0,184.0,K01715,364.2,611.23,True,9.884014377111872e-96,False,True,"K04115,K07537,K07538,K19515,K19516",5,M00541,32,0.001
K07540,0.0,0.0,,,,1000.0,0.0,,,,,,,,,,,0.0,,,K07547,1,M00418,8,0.0
K07543,0.0,0.0,,,,1000.0,0.0,,,,,,,,,,,0.0,,,"K07540,K07547,K07549",3,M00418,284,0.013
K07544,0.002,0.002,,,,1000.0,0.0,,,,,,,,,,,0.0,,,"K07540,K07545,K07547,K07549",4,M00418,1015,0.047
K07545,0.0,0.0,400.0,SAMD00000344.contig00008_11,400.0,2.7e-40,135.6,1.7e-39,133.0,52.0,384.0,39.0,367.0,K18244,355.5,615.37,True,6.360685949532291e-67,False,True,"K07540,K07547",2,M00418,227,0.011
K07546,0.006,0.006,262.0,SAMD00000344.contig00001_226,262.0,1.6000000000000001e-80,267.4,1.8e-80,267.1,4.0,261.0,8.0,260.0,K01715,364.2,288.47,True,7.249305793190673e-30,False,True,"K07540,K07543,K07545,K07547,K07549",5,M00418,2036,0.095
K07547,0.0,0.0,250.0,SAMD00000344.contig00014_58,250.0,1.1e-23,81.2,1.3e-23,80.8,6.0,242.0,37.0,279.0,K17739,161.0,470.23,True,9.501809849840993e-25,False,True,K07540,1,M00418,5,0.0
K07548,0.0,0.0,251.0,SAMD00000344.contig00001_227,251.0,5.4e-63,210.0,6.7e-63,209.7,4.0,250.0,17.0,259.0,K00046,287.6,428.73,True,4.3658854476066934e-24,False,True,"K07540,K07547",2,M00418,84,0.004
K07549,0.0,0.0,,,,1000.0,0.0,,,,,,,,,,,0.0,,,"K07540,K07547",2,M00418,225,0.011
K07550,0.017,0.017,,,,1000.0,0.0,,,,,,,,,,,0.0,,,"K07540,K07543,K07545,K07547,K07548,K07549",6,M00418,3300,0.154
K07637,0.058,0.058,485.0,SAMD00000344.contig00009_39,485.0,2.7e-41,139.0,3.4e-41,138.6,9.0,457.0,12.0,488.0,K18940,527.2,232.6,True,1.3808791850549514e-117,False,True,K08477,1,M00744,6139,0.287
K07644,0.102,0.102,538.0,SAMD00000344.contig00009_39,538.0,9.000000000000001e-82,272.7,1.1e-81,272.5,51.0,502.0,9.0,489.0,K18940,527.2,389.23,True,2.4426773395108063e-77,False,True,,0,M00745,8172,0.382
K07660,0.06,0.06,231.0,SAMD00000344.contig00004_85,231.0,5.6e-58,193.0,6.1e-58,192.8,8.0,227.0,4.0,229.0,K07665,237.8,290.23,True,2.3218378913079493e-14,False,True,K08477,1,M00744,6289,0.294
K07665,0.747,0.747,237.0,SAMD00000344.contig00004_85,237.0,1.3000000000000001e-71,237.8,1.5e-71,237.7,5.0,225.0,3.0,229.0,K07665,237.8,328.23,False,0.7111737206060431,False,True,,0,M00745,9068,0.424
K07690,0.005,0.005,208.0,SAMD00000344.contig00024_20,208.0,3e-20,69.6,4.5e-20,69.0,13.0,161.0,13.0,169.0,K07668,374.9,237.9,True,1.2460696659765321e-92,False,True,K18899,1,M00697,1837,0.086
K07806,0.004,0.004,379.0,SAMD00000344.contig00012_61,379.0,7.7e-55,183.2,1.1e-54,182.7,6.0,377.0,6.0,374.0,K19430,564.1,480.0,True,2.176078968556314e-115,False,True,,0,M00761,1668,0.078
K08068,0.0,0.0,373.0,SAMD00000344.contig00017_44,373.0,3.8e-13,46.0,8.5e-13,44.8,2.0,357.0,5.0,368.0,K01791,523.5,436.83,True,1.8120787623717247e-144,False,True,,0,M00922,423,0.02
K08074,0.0,0.0,,,,1000.0,0.0,,,,,,,,,,,0.0,,,,0,M00001,1,0.0
K08093,0.006,0.006,300.0,SAMD00000344.contig00015_14,300.0,1.5e-06,25.0,2e-06,24.6,82.0,217.0,79.0,223.0,K01783,287.5,171.93,True,9.541708357464487e-80,False,True,,0,"M00345,M00580",1936,0.09
K08094,0.01,0.01,186.0,SAMD00000344.contig00017_51,186.0,4.5e-18,62.5,7.8e-18,61.7,7.0,161.0,96.0,260.0,K23238,198.7,100.6,True,9.993430363864863e-42,False,True,,0,"M00345,M00580",2518,0.118
K08097,0.001,0.001,,,,1000.0,0.0,,,,,,,,,,,0.0,,,,0,M00358,949,0.044
K08167,0.046,0.046,948.0,SAMD00000344.contig00004_74,948.0,2.2e-96,320.8,2.5999999999999998e-96,320.5,33.0,527.0,5.0,516.0,K08166,357.9,425.4,True,6.788708499010685e-12,False,True,,0,M00714,5484,0.256
K08168,0.005,0.005,472.0,SAMD00000344.contig00002_68,472.0,4.4999999999999996e-69,230.4,5.199999999999999e-69,230.2,21.0,462.0,13.0,481.0,K18934,527.1,266.43,True,4.7606493447113534e-90,False,True,,0,M00704,1843,0.086
K08170,0.001,0.001,466.0,SAMD00000344.contig00014_38,466.0,2.1e-42,142.5,2.6e-42,142.2,16.0,439.0,9.0,432.0,K18935,261.4,379.73,True,1.612625472733049e-36,False,True,,0,M00702,841,0.039
K08264,0.006,0.006,,,,1000.0,0.0,,,,,,,,,,,0.0,,,"K00125,K00197,K00579,K00584,K04480,K08265,K11261,K13942,K14081,K14126,K14127,K14128,K16176,K16177,K16178,K22481,K22482",17,"M00356,M00357,M00563,M00567,M00617",1930,0.09
K08265,0.0,0.0,,,,1000.0,0.0,,,,,,,,,,,0.0,,,"K14081,K22481",2,"M00356,M00357,M00563,M00567,M00617",381,0.018
K08289,0.128,0.103,620.0,SAMD00000344.contig00003_32,620.0,8.3e-37,124.4,1.1e-36,124.0,162.0,529.0,15.0,366.0,K01589,496.0,264.93,True,1.3716825421493943e-112,False,True,"K01492,K11787,K11808",3,M00048,8196,0.383
K08310,0.027,0.027,217.0,SAMD00000344.contig00001_128,217.0,1e-18,64.5,1.3e-18,64.2,53.0,188.0,9.0,134.0,K01518,129.9,87.13,True,2.054178992853458e-20,False,True,,0,M00126,4205,0.196
K08323,0.016,0.016,409.0,SAMD00000344.contig00013_31,409.0,1.0000000000000001e-28,97.3,2.1e-17,60.0,197.0,373.0,179.0,356.0,K19802,381.9,373.3,True,2.122575925144467e-86,False,True,,0,M00061,3189,0.149
K08477,0.0,0.0,,,,1000.0,0.0,,,,,,,,,,,0.0,,,,0,M00744,168,0.008
K08641,1.0,1.0,396.0,SAMD00000344.contig00011_10,396.0,4.5000000000000003e-57,190.8,5.1e-57,190.6,78.0,259.0,5.0,173.0,K08641,190.8,65.5,False,1.0,False,False,,0,M00651,7401,0.346
K08645,0.0,0.0,,,,1000.0,0.0,,,,,,,,,,,0.0,,,K11029,1,M00859,22,0.001
K08680,0.03,0.03,307.0,SAMD00000344.contig00031_5,307.0,2.1999999999999996e-24,83.1,3e-05,20.3,213.0,278.0,224.0,289.0,K18457,260.0,239.13,True,5.594918531016226e-54,False,True,"K12073,K14759,K17872,K23094,K23095",5,"M00116,M00932",4404,0.206
K08681,0.067,0.067,324.0,SAMD00000344.contig00008_48,324.0,1.7e-10,37.6,0.25,7.6,219.0,237.0,169.0,187.0,K02501,274.3,93.6,True,5.574424353470921e-72,False,True,,0,M00916,6636,0.31
K08689,0.0,0.0,,,,1000.0,0.0,,,,,,,,,,,0.0,,,"K15750,K18088",2,M00543,34,0.002
K08690,0.0,0.0,273.0,SAMD00000344.contig00012_38,273.0,3.4999999999999996e-43,144.8,5.2999999999999995e-43,144.2,2.0,257.0,2.0,242.0,K00038,369.4,413.67,True,2.4471634292598247e-68,False,True,"K08689,K15750,K18087,K18088",4,M00543,233,0.011
K08691,0.067,0.067,320.0,SAMD00000344.contig00052_1,320.0,0.012,11.5,0.013,11.3,64.0,99.0,50.0,85.0,K03409,15.4,388.23,True,0.06278044076019879,False,True,"K14471,K14472",2,"M00346,M00373,M00613",1671,0.078
K08692,0.0,0.0,,,,1000.0,0.0,,,,,,,,,,,0.0,,,,0,M00346,538,0.025
K08693,0.053,0.053,1295.0,SAMD00000344.contig00034_9,1295.0,5.9999999999999996e-40,134.1,7.9e-40,133.7,705.0,1115.0,4.0,420.0,K11751,218.8,778.53,True,3.1824337186620656e-26,False,True,"K00106,K01490,K19572",3,"M00958,M00959",5878,0.275
K08721,0.0,0.0,,,,1000.0,0.0,,,,,,,,,,,0.0,,,,0,M00639,450,0.021
K08928,0.0,0.0,,,,1000.0,0.0,,,,,,,,,,,0.0,,,"K08929,K14468,K14469",3,"M00597,M00612,M00613",468,0.022
K08929,0.0,0.0,,,,1000.0,0.0,,,,,,,,,,,0.0,,,"K08928,K14468,K14469",3,"M00597,M00612,M00613",455,0.021
K08940,0.0,0.0,,,,1000.0,0.0,,,,,,,,,,,0.0,,,"K08941,K08943",2,"M00598,M00614",2,0.0
K08941,0.0,0.0,,,,1000.0,0.0,,,,,,,,,,,0.0,,,"K08940,K08943",2,"M00598,M00614",1,0.0
K08942,0.026,0.026,,,,1000.0,0.0,,,,,,,,,,,0.0,,,"K08940,K08941,K08943",3,"M00598,M00614",4143,0.194
K08943,0.0,0.0,,,,1000.0,0.0,,,,,,,,,,,0.0,,,"K08940,K08941",2,"M00598,M00614",1,0.0
K08963,0.084,0.084,,,,1000.0,0.0,,,,,,,,,,,0.0,,,"K16054,K23977",2,M00034,7393,0.345
K08964,0.02,0.02,313.0,SAMD00000344.contig00001_240,313.0,2.2e-20,70.4,1.1e-19,68.1,64.0,262.0,15.0,210.0,K03077,325.0,140.87,True,2.2790985454431053e-77,False,True,K23977,1,M00034,3647,0.17
K08965,0.001,0.001,,,,1000.0,0.0,,,,,,,,,,,0.0,,,,0,M00034,960,0.045
K08966,0.006,0.006,236.0,SAMD00000344.contig00009_92,236.0,0.00017,18.3,0.00033,17.4,154.0,221.0,618.0,685.0,K12953,916.7,138.03,True,3.586343595238594e-271,False,True,K23977,1,M00034,1938,0.091
K08967,0.03,0.03,319.0,SAMD00000344.contig00019_17,319.0,0.0002,18.0,0.0002,17.9,120.0,168.0,45.0,92.0,K01569,29.0,50.57,True,0.0004817901223468403,False,True,"K16054,K23977",2,M00034,4382,0.205
K08969,1.0,1.0,391.0,SAMD00000344.contig00006_24,391.0,3.6000000000000003e-180,596.2,4.1e-180,596.1,2.0,390.0,1.0,391.0,K08969,596.2,539.73,False,1.0,False,False,K01244,1,M00034,3592,0.168
K08973,1.0,1.0,220.0,SAMD00000344.contig00009_83,220.0,0.009,12.6,480.0,-2.8,188.0,207.0,183.0,202.0,K08973,12.6,45.9,False,1.0,False,True,,0,M00121,8712,0.407
K09007,0.035,0.035,,,,1000.0,0.0,,,,,,,,,,,0.0,,,,0,M00126,4771,0.223
K09011,0.002,0.002,493.0,SAMD00000344.contig00021_2,493.0,4.8e-10,35.7,340.0,-3.3,4.0,16.0,529.0,541.0,K01958,1831.2,618.3,True,0.0,False,True,,0,M00535,1076,0.05
K09018,0.007,0.007,359.0,SAMD00000344.contig00007_74,359.0,1.7e-10,37.9,8.6e-10,35.6,68.0,320.0,66.0,305.0,K23464,116.4,337.2,True,2.3396196771669605e-24,False,True,,0,M00939,2147,0.1
K09019,0.022,0.022,202.0,SAMD00000344.contig00019_16,202.0,0.0063,13.3,0.012,12.4,20.0,73.0,11.0,64.0,K19285,252.2,141.0,True,1.213204565241472e-72,False,True,,0,M00939,3756,0.176
K09020,0.966,0.966,315.0,SAMD00000344.contig00002_58,315.0,2.1e-29,100.0,2.7e-29,99.7,53.0,234.0,5.0,180.0,K09020,100.0,224.53,False,0.9603784337059234,False,True,,0,M00939,9520,0.445
K09021,0.006,0.006,,,,1000.0,0.0,,,,,,,,,,,0.0,,,,0,M00939,2018,0.094
K09023,0.919,0.919,259.0,SAMD00000344.contig00001_138,259.0,2.3e-25,86.7,8.3e-25,84.8,12.0,256.0,26.0,295.0,K09023,86.7,205.13,False,0.9187701732056549,False,True,,0,M00939,1871,0.087
K09024,0.027,0.027,,,,1000.0,0.0,,,,,,,,,,,0.0,,,,0,M00939,4202,0.196
K09065,0.003,0.003,343.0,SAMD00000344.contig00024_8,343.0,1.1999999999999999e-61,205.7,1.7e-61,205.2,4.0,342.0,3.0,329.0,K00611,469.0,400.4,True,5.4802723470405755e-80,False,True,,0,M00845,1483,0.069
K09128,0.0,0.0,,,,1000.0,0.0,,,,,,,,,,,0.0,,,K25517,1,M00849,465,0.022
K09251,0.015,0.015,461.0,SAMD00000344.contig00024_9,461.0,1.5e-100,334.1,1.8e-100,333.8,59.0,432.0,17.0,376.0,K00821,493.9,498.63,True,7.859713089989497e-49,False,True,,0,M00956,3153,0.147
K09458,1.0,1.0,596.0,SAMD00000344.contig00022_32,596.0,2.3e-156,519.1,2.5e-156,518.9,92.0,495.0,2.0,405.0,K09458,519.1,488.93,False,1.0,False,False,"K00665,K00667,K00668,K19560,K19561",5,"M00083,M00572",19541,0.913
K09470,0.069,0.069,458.0,SAMD00000344.contig00009_15,458.0,4.2000000000000003e-81,269.8,6.800000000000001e-81,269.1,24.0,455.0,10.0,442.0,K01949,328.0,558.37,True,3.020328998313562e-18,False,True,,0,M00136,6728,0.314
K09471,0.209,0.209,538.0,SAMD00000344.contig00003_41,538.0,1.1e-14,50.8,1.4e-13,47.2,100.0,465.0,3.0,355.0,K03153,196.5,381.03,True,1.3801606206258333e-44,False,True,,0,M00136,11705,0.547
K09472,0.009,0.009,496.0,SAMD00000344.contig00002_191,496.0,2.1999999999999998e-116,386.3,2.7e-116,386.1,19.0,493.0,7.0,479.0,K07248,692.4,659.53,True,7.156790877594685e-93,False,True,,0,M00136,2391,0.112
K09473,1.0,1.0,254.0,SAMD00000344.contig00011_70,254.0,3.2e-45,151.6,3.5e-45,151.5,7.0,242.0,2.0,239.0,K09473,151.6,299.77,False,1.0,False,True,,0,M00136,938,0.044
K09476,0.008,0.008,,,,1000.0,0.0,,,,,,,,,,,0.0,,,,0,M00746,2349,0.11
K09479,0.0,0.0,674.0,SAMD00000344.contig00008_11,674.0,1.3000000000000002e-60,202.6,1.6e-60,202.3,121.0,467.0,29.0,360.0,K18244,355.5,827.3,True,9.38671566754083e-47,False,True,,0,M00087,17,0.001
K09680,0.002,0.002,,,,1000.0,0.0,,,,,,,,,,,0.0,,,K02318,1,M00120,1056,0.049
K09699,0.088,0.088,447.0,SAMD00000344.contig00010_5,447.0,5.9e-95,315.6,6.7e-95,315.4,149.0,432.0,20.0,333.0,K00627,376.0,418.17,True,6.573372777131267e-19,False,True,,0,M00036,7584,0.354
K09709,0.008,0.008,351.0,SAMD00000344.contig00001_224,351.0,0.0033,13.8,0.013,11.8,149.0,208.0,84.0,140.0,K17865,180.0,190.6,True,9.307107295714733e-51,False,True,"K08928,K08929,K14468,K14469,K14471,K14472,K15052",7,M00613,2268,0.106
K09722,0.0,0.0,,,,1000.0,0.0,,,,,,,,,,,0.0,,,K06982,1,M00914,5,0.0
K09733,0.001,0.001,,,,1000.0,0.0,,,,,,,,,,,0.0,,,"K07072,K07144",2,M00935,682,0.032
K09735,0.0,0.0,,,,1000.0,0.0,,,,,,,,,,,0.0,,,,0,M00914,0,0.0
K09778,0.007,0.007,,,,1000.0,0.0,,,,,,,,,,,0.0,,,,0,M00866,2146,0.1
K09789,0.001,0.001,,,,1000.0,0.0,,,,,,,,,,,0.0,,,,0,M00572,873,0.041
K09833,0.0,0.0,,,,1000.0,0.0,,,,,,,,,,,0.0,,,K05928,1,M00112,96,0.004
K09834,0.001,0.001,,,,1000.0,0.0,,,,,,,,,,,0.0,,,"K05928,K09833",2,M00112,959,0.045
K09835,0.001,0.0,554.0,SAMD00000344.contig00011_46,554.0,3.5e-07,26.0,5.2e-07,25.5,33.0,76.0,14.0,57.0,K26318,449.9,539.9,True,2.473915365677056e-128,False,True,"K00514,K02293,K15744",3,M00097,475,0.022
K09880,0.013,0.013,,,,1000.0,0.0,,,,,,,,,,,0.0,,,K23977,1,M00034,2889,0.135
K09882,0.07,0.07,411.0,SAMD00000344.contig00032_9,411.0,5e-15,52.7,1.9e-12,44.1,61.0,245.0,378.0,600.0,K03697,1094.1,181.6,True,3.2163441743e-314,False,True,,0,M00925,6775,0.317
K09883,0.025,0.025,,,,1000.0,0.0,,,,,,,,,,,0.0,,,,0,M00925,4017,0.188
K09903,1.0,1.0,395.0,SAMD00000344.contig00007_90,395.0,7.899999999999999e-127,420.8,8.6e-127,420.7,105.0,341.0,5.0,241.0,K09903,420.8,91.7,False,1.0,False,False,"K13800,K13809",2,M00052,21310,0.996
K09913,0.047,0.047,,,,1000.0,0.0,,,,,,,,,,,0.0,,,"K00106,K13480",2,"M00958,M00959",5549,0.259
K09949,0.012,0.012,,,,1000.0,0.0,,,,,,,,,,,0.0,,,,0,"M00060,M00866",2763,0.129
K09953,0.007,0.007,,,,1000.0,0.0,,,,,,,,,,,0.0,,,"K12977,K23082,K23159",3,M00867,2186,0.102
K10011,0.012,0.012,662.0,SAMD00000344.contig00015_19,662.0,8.4e-54,179.9,1e-53,179.6,16.0,278.0,11.0,278.0,K00604,319.7,642.6,True,8.241506513048549e-43,False,True,,0,M00761,2789,0.13
K10012,0.044,0.044,316.0,SAMD00000344.contig00004_89,316.0,3.7000000000000004e-59,197.5,4.1000000000000005e-59,197.4,11.0,309.0,2.0,306.0,K20534,385.4,336.0,True,2.731893813972866e-57,False,True,,0,M00761,5335,0.249
K10027,0.053,0.053,762.0,SAMD00000344.contig00029_3,762.0,1.5e-10,37.2,5.2e-07,25.5,90.0,120.0,5.0,35.0,K22699,44.5,517.13,True,0.00630568134116909,False,True,"K09835,K15744,K15745,K17841",4,M00097,5541,0.259
K10105,0.0,0.0,411.0,SAMD00000344.contig00001_191,411.0,1.7e-60,202.3,2.2000000000000002e-60,202.0,48.0,359.0,6.0,317.0,K03800,313.4,323.6,True,3.593912355004014e-34,False,True,,0,M00883,50,0.002
K10150,0.0,0.0,398.0,SAMD00000344.contig00016_42,398.0,1e-35,120.3,1.4e-35,119.8,108.0,386.0,13.0,299.0,K17216,429.9,436.8,True,6.325769201351669e-94,False,True,,0,"M00035,M00338",0,0.0
K10206,0.007,0.007,681.0,SAMD00000344.contig00006_24,681.0,4.4e-99,330.1,5.2e-99,329.9,251.0,645.0,10.0,389.0,K08969,596.2,374.87,True,7.868974787476475e-81,False,True,,0,M00527,2142,0.1
K10216,0.008,0.008,278.0,SAMD00000344.contig00031_5,278.0,2.5e-26,90.0,4.5e-26,89.2,7.0,272.0,5.0,289.0,K18457,260.0,267.43,True,6.681911775230461e-52,False,True,,0,M00569,2241,0.105
K10217,0.005,0.005,484.0,SAMD00000344.contig00002_191,484.0,7.2e-131,434.2,8.5e-131,433.9,4.0,480.0,5.0,477.0,K07248,692.4,684.27,True,1.87955535008945e-78,False,True,,0,"M00038,M00569",1837,0.086
K10222,0.001,0.001,282.0,SAMD00000344.contig00001_219,282.0,7.3e-18,61.8,0.015,11.6,214.0,280.0,193.0,259.0,K00433,192.5,472.6,True,4.522510321666857e-40,False,True,"K08689,K08690,K18087,K18088",4,M00543,712,0.033
K10527,0.0,0.0,979.0,SAMD00000344.contig00001_226,979.0,2.4e-47,158.7,2.5999999999999997e-47,158.5,51.0,239.0,12.0,203.0,K01715,364.2,706.57,True,1.3751050945009502e-62,False,True,,0,M00087,62,0.003
K10534,0.0,0.0,,,,1000.0,0.0,,,,,,,,,,,0.0,,,,0,"M00531,M00615",32,0.001
K10535,0.004,0.004,,,,1000.0,0.0,,,,,,,,,,,0.0,,,"K10945,K10946",2,"M00528,M00804",1697,0.079
K10616,0.051,0.0,,,,1000.0,0.0,,,,,,,,,,,0.0,,,K10617,1,M00419,31,0.001
K10617,1.0,1.0,252.0,SAMD00000344.contig00018_18,252.0,9.6e-45,150.5,1.3000000000000002e-44,150.0,2.0,248.0,4.0,247.0,K10617,150.5,533.0,False,1.0,False,True,K10616,1,M00419,14,0.001
K10618,0.146,0.0,489.0,SAMD00000344.contig00002_191,489.0,1.4999999999999999e-114,380.2,1.8e-114,380.0,6.0,485.0,5.0,479.0,K07248,692.4,814.67,True,1.0433628128633656e-94,False,True,"K10616,K10617",2,M00419,470,0.022
K10619,0.001,0.001,,,,1000.0,0.0,,,,,,,,,,,0.0,,,"K10620,K10622,K10623,K16304,K18227",5,M00539,722,0.034
K10620,0.0,0.0,253.0,SAMD00000344.contig00013_17,253.0,1.7e-44,149.5,2.2e-44,149.1,5.0,249.0,25.0,267.0,K00065,379.8,287.63,True,4.707518100742375e-70,False,True,"K10623,K16304,K18227",3,M00539,150,0.007
K10621,0.01,0.01,293.0,SAMD00000344.contig00001_141,293.0,5.7e-07,26.1,6.8e-07,25.9,5.0,119.0,2.0,122.0,K11210,37.7,204.2,True,0.0002781010586446289,False,True,"K10620,K10622,K10623,K16304,K18227",5,M00539,2553,0.119
K10622,0.0,0.0,,,,1000.0,0.0,,,,,,,,,,,0.0,,,"K10623,K16304,K18227",3,M00539,236,0.011
K10623,0.0,0.0,288.0,SAMD00000344.contig00001_219,288.0,1.7e-12,44.1,6.5e-07,25.8,36.0,122.0,22.0,109.0,K00433,192.5,512.23,True,2.1239712970027456e-45,False,True,K18227,1,M00539,32,0.001
K10780,0.009,0.009,274.0,SAMD00000344.contig00001_227,274.0,1.1e-55,185.9,1.3e-55,185.7,6.0,248.0,18.0,261.0,K00046,287.6,260.43,True,2.428004240922623e-31,False,True,,0,M00083,2447,0.114
K10807,0.038,0.038,996.0,SAMD00000344.contig00004_45,996.0,2.8e-66,221.4,3.5000000000000003e-60,201.2,262.0,693.0,150.0,605.0,K00525,474.1,1526.43,True,8.50589653544756e-77,False,True,K18533,1,"M00053,M00938",4963,0.232
K10808,0.001,0.001,443.0,SAMD00000344.contig00004_46,443.0,3.3e-12,43.2,4.6e-12,42.7,91.0,368.0,23.0,306.0,K00526,281.2,619.67,True,2.263919769706703e-72,False,True,,0,"M00053,M00938",796,0.037
K10817,0.0,0.0,3549.0,SAMD00000344.contig00022_34,3549.0,1.0000000000000001e-28,95.4,6.800000000000001e-28,92.7,2564.0,2849.0,4.0,280.0,K00645,300.7,4623.27,True,1.5795809600013204e-62,False,True,"K14366,K14367,K15997,K24563",4,M00774,90,0.004
K10919,0.04,0.0,,,,1000.0,0.0,,,,,,,,,,,0.0,,,"K10935,K10963,K10964,K10966",4,M00852,4,0.0
K10920,0.046,0.0,221.0,SAMD00000344.contig00011_75,221.0,0.0079,12.7,0.013,12.1,62.0,102.0,15.0,55.0,K02171,111.9,,True,1.3734866088660494e-30,False,True,"K10919,K10935,K10963,K10964,K10966",5,M00852,24,0.001
K10928,0.0,0.0,,,,1000.0,0.0,,,,,,,,,,,0.0,,,K10929,1,"M00576,M00850",84,0.004
K10929,0.0,0.0,,,,1000.0,0.0,,,,,,,,,,,0.0,,,,0,"M00576,M00850",4,0.0
K10930,0.023,0.0,236.0,SAMD00000344.contig00034_1,236.0,0.006,13.2,0.0099,12.4,22.0,40.0,2.0,20.0,K02246,95.6,206.97,True,1.5672141974285647e-25,False,True,"K10919,K10931,K10932,K10933,K10935,K10963,K10964,K10965,K10966",9,M00852,95,0.004
K10931,0.024,0.0,527.0,SAMD00000344.contig00034_3,527.0,0.014,11.5,0.02,10.9,6.0,32.0,2.0,28.0,K02248,79.3,172.37,True,3.891941412557232e-21,False,True,"K10919,K10930,K10932,K10933,K10935,K10963,K10964,K10965,K10966",9,M00852,75,0.004
K10932,0.024,0.0,,,,1000.0,0.0,,,,,,,,,,,0.0,,,"K10919,K10930,K10931,K10933,K10935,K10963,K10964,K10965,K10966",9,M00852,78,0.004
K10933,0.024,0.0,281.0,SAMD00000344.contig00001_185,281.0,0.00067,16.0,0.001,15.4,22.0,48.0,6.0,32.0,K24083,87.6,98.83,True,2.794166681937471e-22,False,True,"K10919,K10930,K10931,K10932,K10935,K10963,K10964,K10965,K10966",9,M00852,83,0.004
K10934,0.018,0.001,342.0,SAMD00000344.contig00005_2,342.0,6.5e-08,29.2,10.0,2.3,56.0,139.0,256.0,341.0,K02244,341.3,397.53,True,1.118248574624157e-94,False,True,"K10919,K10920,K10930,K10931,K10932,K10933,K10935,K10963,K10964,K10965,K10966",11,M00852,825,0.039
K10935,0.04,0.0,,,,1000.0,0.0,,,,,,,,,,,0.0,,,"K10919,K10963,K10964,K10966",4,M00852,4,0.0
K10944,0.0,0.0,,,,1000.0,0.0,,,,,,,,,,,0.0,,,"K10945,K10946,K16157,K16158,K16159,K16160,K16162",7,M00174,146,0.007
K10945,0.0,0.0,,,,1000.0,0.0,,,,,,,,,,,0.0,,,"K10944,K10946,K16157,K16158,K16159,K16160,K16162",7,"M00174,M00528,M00804",148,0.007
K10946,0.0,0.0,,,,1000.0,0.0,,,,,,,,,,,0.0,,,"K10944,K10945,K16157,K16158,K16159,K16160,K16162",7,"M00174,M00528,M00804",154,0.007
K10948,0.0,0.0,,,,1000.0,0.0,,,,,,,,,,,0.0,,,K10929,1,M00850,264,0.012
K10952,0.0,0.0,,,,1000.0,0.0,,,,,,,,,,,0.0,,,K10929,1,M00850,128,0.006
K10953,0.0,0.0,,,,1000.0,0.0,,,,,,,,,,,0.0,,,K10929,1,M00850,326,0.015
K10954,0.005,0.005,408.0,SAMD00000344.contig00003_118,408.0,3.2e-05,20.5,4.4e-05,20.0,54.0,130.0,135.0,248.0,K06217,481.0,68.33,True,2.3751278754159424e-139,False,True,"K10929,K10948,K10952,K11018",4,M00850,1716,0.08
K10961,0.049,0.0,,,,1000.0,0.0,,,,,,,,,,,0.0,,,"K10919,K10920,K10935,K10963,K10964,K10966",6,M00852,77,0.004
K10962,0.019,0.0,,,,1000.0,0.0,,,,,,,,,,,0.0,,,"K10919,K10930,K10931,K10932,K10933,K10935,K10963,K10964,K10965,K10966",10,M00852,386,0.018
K10963,0.04,0.0,,,,1000.0,0.0,,,,,,,,,,,0.0,,,"K10919,K10935,K10964,K10966",4,M00852,4,0.0
K10964,1.0,1.0,152.0,SAMD00000344.contig00037_13,152.0,0.011,12.6,0.018,11.9,96.0,141.0,26.0,70.0,K10964,12.6,197.37,False,1.0,False,True,"K10919,K10935,K10963,K10966",4,M00852,8,0.0
K10965,0.022,0.0,530.0,SAMD00000344.contig00005_3,530.0,1.6999999999999999e-35,119.6,1.8999999999999998e-35,119.4,183.0,440.0,23.0,282.0,K02243,376.4,395.67,True,4.96017630635733e-78,False,True,"K10919,K10930,K10931,K10932,K10933,K10935,K10963,K10964,K10966",9,M00852,138,0.006
K10966,0.041,0.0,253.0,SAMD00000344.contig00002_105,253.0,0.00016,18.5,0.0014,15.4,41.0,104.0,30.0,95.0,K02236,186.0,,True,3.779860102044578e-51,False,True,"K10919,K10935,K10963,K10964",4,M00852,8,0.0
K10977,0.0,0.0,385.0,SAMD00000344.contig00021_2,385.0,8e-09,31.8,1.9e-08,30.6,150.0,267.0,681.0,798.0,K01958,1831.2,555.7,True,0.0,False,True,,0,M00608,62,0.003
K10978,0.0,0.0,,,,1000.0,0.0,,,,,,,,,,,0.0,,,,0,M00608,259,0.012
K11003,0.012,0.012,526.0,SAMD00000344.contig00013_33,526.0,1.5e-27,93.7,3.7e-27,92.4,98.0,496.0,10.0,444.0,K12293,312.3,359.33,True,1.5661845947201625e-66,False,True,,0,M00575,2752,0.129
K11004,0.014,0.014,836.0,SAMD00000344.contig00013_34,836.0,7.4e-174,577.1,8.7e-174,576.9,78.0,772.0,18.0,724.0,K12292,1043.2,935.63,True,4.896875032356729e-141,False,True,,0,M00575,3058,0.143
K11006,0.0,0.0,,,,1000.0,0.0,,,,,,,,,,,0.0,,,,0,M00363,42,0.002
K11007,0.0,0.0,,,,1000.0,0.0,,,,,,,,,,,0.0,,,,0,M00363,102,0.005
K11014,0.0,0.0,,,,1000.0,0.0,,,,,,,,,,,0.0,,,,0,M00856,542,0.025
K11018,0.001,0.001,,,,1000.0,0.0,,,,,,,,,,,0.0,,,"K10929,K10948,K10952",3,M00850,686,0.032
K11023,0.0,0.0,,,,1000.0,0.0,,,,,,,,,,,0.0,,,"K11024,K11025,K11026,K11027,K19298",5,"M00574,M00856",479,0.022
K11024,0.0,0.0,226.0,SAMD00000344.contig00024_10,226.0,0.002,15.1,0.0029,14.5,113.0,164.0,53.0,104.0,K00930,245.3,531.4,True,5.045392974784988e-70,False,True,"K11026,K11027",2,M00574,5,0.0
K11025,0.0,0.0,,,,1000.0,0.0,,,,,,,,,,,0.0,,,"K11024,K11026,K11027",3,M00574,26,0.001
K11026,0.0,0.0,,,,1000.0,0.0,,,,,,,,,,,0.0,,,"K11024,K11025,K11027",3,M00574,10,0.0
K11027,0.0,0.0,,,,1000.0,0.0,,,,,,,,,,,0.0,,,"K11024,K11025,K11026",3,M00574,10,0.0
K11029,0.0,0.0,,,,1000.0,0.0,,,,,,,,,,,0.0,,,,0,M00859,10,0.0
K11030,0.0,0.0,,,,1000.0,0.0,,,,,,,,,,,0.0,,,"K08645,K11029",2,M00859,533,0.025
K11175,0.618,0.614,344.0,SAMD00000344.contig00003_39,344.0,2.1e-76,254.7,300.0,-2.3,135.0,157.0,655.0,679.0,K00602,749.3,201.53,True,1.2899240635345312e-149,False,True,"K01492,K01587,K06863,K13713",4,M00048,20041,0.936
K11176,0.002,0.002,,,,1000.0,0.0,,,,,,,,,,,0.0,,,K01492,1,M00048,1060,0.05
K11177,0.036,0.036,,,,1000.0,0.0,,,,,,,,,,,0.0,,,"K00106,K01081",2,"M00546,M00958,M00959",4866,0.227
K11178,0.037,0.037,,,,1000.0,0.0,,,,,,,,,,,0.0,,,"K00106,K01081",2,"M00546,M00958,M00959",4896,0.229
K11180,0.0,0.0,,,,1000.0,0.0,,,,,,,,,,,0.0,,,,0,M00596,266,0.012
K11181,0.0,0.0,,,,1000.0,0.0,,,,,,,,,,,0.0,,,,0,M00596,267,0.012
K11204,0.0,0.0,,,,1000.0,0.0,,,,,,,,,,,0.0,,,,0,M00118,0,0.0
K11205,0.0,0.0,304.0,SAMD00000344.contig00006_6,304.0,1e-16,58.2,1.4e-16,57.8,103.0,204.0,69.0,170.0,K23257,359.9,114.43,True,1.510946672933519e-91,False,True,,0,M00118,1,0.0
K11258,0.012,0.012,,,,1000.0,0.0,,,,,,,,,,,0.0,,,,0,"M00019,M00570",2846,0.133
K11260,0.0,0.0,,,,1000.0,0.0,,,,,,,,,,,0.0,,,K16177,1,"M00567,M00617",471,0.022
K11261,0.001,0.001,,,,1000.0,0.0,,,,,,,,,,,0.0,,,"K00125,K00194,K00197,K00203,K00205,K00584,K03390,K04480,K14080,K14081,K14082,K14084,K14126,K14127,K14128,K16176,K16178,K22480,K22481",19,"M00567,M00617",597,0.028
K11262,0.0,0.0,2386.0,SAMD00000344.contig00021_2,2386.0,1.6000000000000001e-87,291.2,5.5e-84,279.5,163.0,656.0,3.0,448.0,K01958,1831.2,1207.3,True,0.0,False,True,,0,M00082,514,0.024
K11263,0.03,0.03,707.0,SAMD00000344.contig00021_2,707.0,2.1e-194,644.8,2.2e-17,59.6,542.0,659.0,1012.0,1134.0,K01958,1831.2,834.53,True,0.0,False,True,"K00665,K00667,K01964,K11262,K15036,K19312",6,"M00082,M00741,M00885,M00886,M00887",4425,0.207
K11311,0.001,0.001,,,,1000.0,0.0,,,,,,,,,,,0.0,,,,0,M00637,713,0.033
K11381,0.021,0.021,1113.0,SAMD00000344.contig00010_6,1113.0,8.3e-124,411.8,9.5e-124,411.6,672.0,999.0,4.0,326.0,K00167,429.5,508.1,True,4.69642117070055e-06,False,True,,0,M00036,3688,0.172
K11389,0.0,0.0,,,,1000.0,0.0,,,,,,,,,,,0.0,,,,0,"M00001,M00002",16,0.001
K11395,0.0,0.0,289.0,SAMD00000344.contig00021_13,289.0,5.2000000000000006e-33,111.6,6.500000000000001e-33,111.3,2.0,276.0,7.0,287.0,K01714,313.7,319.6,True,1.4515696402705236e-61,False,True,,0,"M00309,M00633",0,0.0
K11440,0.0,0.0,400.0,SAMD00000344.contig00008_81,400.0,8.5e-104,344.6,9.4e-104,344.4,12.0,394.0,6.0,387.0,K00086,633.9,508.97,True,8.166242162944044e-88,False,True,,0,M00555,308,0.014
K11528,0.0,0.0,245.0,SAMD00000344.contig00016_35,245.0,2.5e-84,279.3,3.1e-84,279.0,5.0,243.0,6.0,243.0,K04042,612.5,318.27,True,4.97514158660595e-101,False,True,,0,M00909,277,0.013
K11529,0.032,0.031,719.0,SAMD00000344.contig00014_13,719.0,0.00096,14.8,0.0021,13.7,94.0,192.0,17.0,196.0,K00015,382.9,162.33,True,1.5518816435025165e-111,False,True,K08692,1,M00346,4532,0.212
K11532,0.008,0.008,,,,1000.0,0.0,,,,,,,,,,,0.0,,,"K01622,K02689,K02690,K02691,K02692,K02693,K02694,K02703,K02704,K02705,K02706,K02707,K02708,K05298",14,"M00003,M00165,M00611,M00612",2271,0.106
K11533,0.024,0.023,3029.0,SAMD00000344.contig00022_32,3029.0,3.3e-24,80.7,4.399999999999999e-24,80.3,2556.0,2942.0,47.0,400.0,K09458,519.1,2553.27,True,1.0677016181346719e-132,False,True,"K00667,K00668,K18473",3,"M00082,M00083",3918,0.183
K11540,0.001,0.001,2476.0,SAMD00000344.contig00006_16,2476.0,0.0,1119.1,0.0,1118.8,652.0,1698.0,5.0,1042.0,K01955,1656.9,3321.37,True,1.2766396595443704e-162,False,True,K11541,1,M00051,604,0.028
K11541,0.0,0.0,2221.0,SAMD00000344.contig00006_16,2221.0,0.0,1108.0,0.0,1107.7,448.0,1499.0,4.0,1052.0,K01955,1656.9,3431.47,True,5.816147073531964e-166,False,True,,0,M00051,4,0.0
K11608,0.01,0.01,338.0,SAMD00000344.contig00022_36,338.0,8.6e-72,239.1,1.1e-71,238.7,21.0,331.0,11.0,321.0,K21788,249.0,507.17,True,0.001045559433283414,False,True,,0,"M00885,M00886",2443,0.114
K11609,0.002,0.002,415.0,SAMD00000344.contig00022_32,415.0,7.499999999999999e-96,318.6,8.4e-96,318.5,11.0,414.0,2.0,403.0,K09458,519.1,585.87,True,4.4003363024032066e-61,False,True,,0,"M00885,M00886",1264,0.059
K11610,0.012,0.012,238.0,SAMD00000344.contig00022_33,238.0,5.3e-72,239.3,5.9e-72,239.2,8.0,235.0,5.0,238.0,K00059,268.8,398.57,True,1.317088998212666e-09,False,True,,0,M00886,2849,0.133
K11611,0.007,0.007,256.0,SAMD00000344.contig00022_26,256.0,3.4999999999999997e-62,207.3,3.8999999999999995e-62,207.1,4.0,253.0,3.0,250.0,K00208,326.8,281.23,True,1.06393603419254e-36,False,True,,0,M00886,2151,0.101
K11645,0.013,0.013,,,,1000.0,0.0,,,,,,,,,,,0.0,,,"K00150,K00844",2,"M00001,M00003",2905,0.136
K11751,1.0,1.0,623.0,SAMD00000344.contig00034_9,623.0,1.8000000000000001e-65,218.8,2.2e-65,218.5,99.0,537.0,4.0,455.0,K11751,218.8,462.07,False,1.0,False,True,"K13480,K19572",2,"M00958,M00959",9475,0.443
K11752,0.53,0.53,600.0,SAMD00000344.contig00004_42,600.0,5.8e-22,75.3,6.6e-22,75.1,167.0,311.0,7.0,155.0,K11991,247.3,200.4,True,1.670477943807609e-52,False,True,"K00082,K01498,K20860,K21063,K22912",5,M00125,18621,0.87
K11754,1.0,1.0,864.0,SAMD00000344.contig00005_53,864.0,8.399999999999999e-129,428.5,9.2e-129,428.3,77.0,475.0,5.0,437.0,K11754,428.5,370.07,False,1.0,False,False,"K13939,K13998,K20457",3,M00126,21044,0.983
K11755,0.095,0.095,325.0,SAMD00000344.contig00008_51,325.0,9e-47,157.0,1.1e-46,156.7,88.0,184.0,6.0,103.0,K01496,167.6,208.23,True,0.0006438761284803746,False,True,K14152,1,M00026,7848,0.367
K11780,0.0,0.0,,,,1000.0,0.0,,,,,,,,,,,0.0,,,K11781,1,M00378,103,0.005
K11781,0.0,0.0,,,,1000.0,0.0,,,,,,,,,,,0.0,,,K11780,1,M00378,113,0.005
K11782,0.008,0.008,,,,1000.0,0.0,,,,,,,,,,,0.0,,,K18284,1,"M00930,M00931",2267,0.106
K11783,0.005,0.005,298.0,SAMD00000344.contig00010_27,298.0,5.9e-19,65.5,7.3e-19,65.2,52.0,231.0,1.0,196.0,K01243,208.8,114.97,True,7.2845314028924e-44,False,True,,0,M00930,1719,0.08
K11784,0.009,0.009,,,,1000.0,0.0,,,,,,,,,,,0.0,,,K18284,1,"M00930,M00931",2359,0.11
K11785,0.008,0.007,,,,1000.0,0.0,,,,,,,,,,,0.0,,,K18284,1,"M00930,M00931",2209,0.103
K11787,0.0,0.0,1299.0,SAMD00000344.contig00003_40,1299.0,8e-147,488.0,9.000000000000001e-147,487.8,186.0,608.0,3.0,417.0,K01945,538.0,1144.4,True,8.881784197001434e-16,False,True,"K00601,K01587",2,M00048,52,0.002
K11788,0.001,0.001,928.0,SAMD00000344.contig00003_40,928.0,7.2e-129,428.5,8e-129,428.3,135.0,561.0,3.0,417.0,K01945,538.0,1166.77,True,1.0894704990131503e-33,False,True,,0,M00048,963,0.045
K11808,0.0,0.0,727.0,SAMD00000344.contig00003_32,727.0,8.9e-98,325.4,1.2e-97,325.0,118.0,486.0,13.0,372.0,K01589,496.0,686.67,True,4.408417723251393e-52,False,True,,0,M00048,564,0.026
K12073,0.0,0.0,,,,1000.0,0.0,,,,,,,,,,,0.0,,,"K17872,K23094,K23095",3,M00932,263,0.012
K12086,0.076,0.0,,,,1000.0,0.0,,,,,,,,,,,0.0,,,"K12087,K12088,K12089,K12090,K12091,K12092,K12093,K12094,K12095,K12096,K12098,K12099,K12100,K12101,K12102,K12103,K12104,K12105,K12106,K12107,K12108,K12109,K12110,K15842",24,M00564,26,0.001
K12087,0.071,0.0,,,,1000.0,0.0,,,,,,,,,,,0.0,,,"K12086,K12088,K12089,K12090,K12091,K12092,K12093,K12094,K12095,K12096,K12098,K12099,K12100,K12101,K12102,K12103,K12104,K12105,K12106,K12107,K12108,K12109,K12110,K15842",24,M00564,14,0.001
K12088,0.076,0.0,,,,1000.0,0.0,,,,,,,,,,,0.0,,,"K12086,K12087,K12089,K12090,K12091,K12092,K12093,K12094,K12095,K12096,K12098,K12099,K12100,K12101,K12102,K12103,K12104,K12105,K12106,K12107,K12108,K12109,K12110,K15842",24,M00564,24,0.001
K12089,0.077,0.0,,,,1000.0,0.0,,,,,,,,,,,0.0,,,"K12086,K12087,K12088,K12090,K12091,K12092,K12093,K12094,K12095,K12096,K12098,K12099,K12100,K12101,K12102,K12103,K12104,K12105,K12106,K12107,K12108,K12109,K12110,K15842",24,M00564,42,0.002
K12090,0.076,0.0,748.0,SAMD00000344.contig00023_18,748.0,2.7e-16,55.9,9.2e-13,44.2,444.0,703.0,183.0,439.0,K03205,414.1,1779.9,True,1.4827077348845358e-108,False,True,"K12086,K12087,K12088,K12089,K12091,K12092,K12093,K12094,K12095,K12096,K12098,K12099,K12100,K12101,K12102,K12103,K12104,K12105,K12106,K12107,K12108,K12109,K12110,K15842",24,M00564,25,0.001
K12091,1.0,1.0,199.0,SAMD00000344.contig00027_25,199.0,0.014,12.0,0.024,11.3,42.0,78.0,5.0,41.0,K12091,12.0,142.03,False,1.0,False,True,"K12086,K12087,K12088,K12089,K12090,K12092,K12093,K12094,K12095,K12096,K12098,K12099,K12100,K12101,K12102,K12103,K12104,K12105,K12106,K12107,K12108,K12109,K12110,K15842",24,M00564,24,0.001
K12092,0.077,0.0,,,,1000.0,0.0,,,,,,,,,,,0.0,,,"K12086,K12087,K12088,K12089,K12090,K12091,K12093,K12094,K12095,K12096,K12098,K12099,K12100,K12101,K12102,K12103,K12104,K12105,K12106,K12107,K12108,K12109,K12110,K15842",24,M00564,28,0.001
K12093,0.075,0.0,,,,1000.0,0.0,,,,,,,,,,,0.0,,,"K12086,K12087,K12088,K12089,K12090,K12091,K12092,K12094,K12095,K12096,K12098,K12099,K12100,K12101,K12102,K12103,K12104,K12105,K12106,K12107,K12108,K12109,K12110,K15842",24,M00564,24,0.001
K12094,0.075,0.0,,,,1000.0,0.0,,,,,,,,,,,0.0,,,"K12086,K12087,K12088,K12089,K12090,K12091,K12092,K12093,K12095,K12096,K12098,K12099,K12100,K12101,K12102,K12103,K12104,K12105,K12106,K12107,K12108,K12109,K12110,K15842",24,M00564,23,0.001
K12095,0.075,0.0,,,,1000.0,0.0,,,,,,,,,,,0.0,,,"K12086,K12087,K12088,K12089,K12090,K12091,K12092,K12093,K12094,K12096,K12098,K12099,K12100,K12101,K12102,K12103,K12104,K12105,K12106,K12107,K12108,K12109,K12110,K15842",24,M00564,23,0.001
K12096,0.075,0.0,,,,1000.0,0.0,,,,,,,,,,,0.0,,,"K12086,K12087,K12088,K12089,K12090,K12091,K12092,K12093,K12094,K12095,K12098,K12099,K12100,K12101,K12102,K12103,K12104,K12105,K12106,K12107,K12108,K12109,K12110,K15842",24,M00564,23,0.001
K12097,0.072,0.0,217.0,SAMD00000344.contig00006_53,217.0,0.0081,12.9,0.017,11.8,98.0,142.0,285.0,330.0,K06131,495.1,149.57,True,6.9716582651091e-146,False,True,"K12086,K12087,K12088,K12089,K12090,K12091,K12092,K12093,K12094,K12095,K12096,K12098,K12099,K12100,K12101,K12102,K12103,K12104,K12105,K12106,K12107,K12108,K12109,K12110,K15842",25,M00564,95,0.004
K12098,0.075,0.0,,,,1000.0,0.0,,,,,,,,,,,0.0,,,"K12086,K12087,K12088,K12089,K12090,K12091,K12092,K12093,K12094,K12095,K12096,K12099,K12100,K12101,K12102,K12103,K12104,K12105,K12106,K12107,K12108,K12109,K12110,K15842",24,M00564,24,0.001
K12099,0.075,0.0,,,,1000.0,0.0,,,,,,,,,,,0.0,,,"K12086,K12087,K12088,K12089,K12090,K12091,K12092,K12093,K12094,K12095,K12096,K12098,K12100,K12101,K12102,K12103,K12104,K12105,K12106,K12107,K12108,K12109,K12110,K15842",24,M00564,23,0.001
K12100,0.074,0.0,,,,1000.0,0.0,,,,,,,,,,,0.0,,,"K12086,K12087,K12088,K12089,K12090,K12091,K12092,K12093,K12094,K12095,K12096,K12098,K12099,K12101,K12102,K12103,K12104,K12105,K12106,K12107,K12108,K12109,K12110,K15842",24,M00564,32,0.001
K12101,0.075,0.0,,,,1000.0,0.0,,,,,,,,,,,0.0,,,"K12086,K12087,K12088,K12089,K12090,K12091,K12092,K12093,K12094,K12095,K12096,K12098,K12099,K12100,K12102,K12103,K12104,K12105,K12106,K12107,K12108,K12109,K12110,K15842",24,M00564,23,0.001
K12102,0.075,0.0,,,,1000.0,0.0,,,,,,,,,,,0.0,,,"K12086,K12087,K12088,K12089,K12090,K12091,K12092,K12093,K12094,K12095,K12096,K12098,K12099,K12100,K12101,K12103,K12104,K12105,K12106,K12107,K12108,K12109,K12110,K15842",24,M00564,23,0.001
K12103,0.075,0.0,,,,1000.0,0.0,,,,,,,,,,,0.0,,,"K12086,K12087,K12088,K12089,K12090,K12091,K12092,K12093,K12094,K12095,K12096,K12098,K12099,K12100,K12101,K12102,K12104,K12105,K12106,K12107,K12108,K12109,K12110,K15842",24,M00564,23,0.001
K12104,0.075,0.0,,,,1000.0,0.0,,,,,,,,,,,0.0,,,"K12086,K12087,K12088,K12089,K12090,K12091,K12092,K12093,K12094,K12095,K12096,K12098,K12099,K12100,K12101,K12102,K12103,K12105,K12106,K12107,K12108,K12109,K12110,K15842",24,M00564,23,0.001
K12105,0.075,0.0,,,,1000.0,0.0,,,,,,,,,,,0.0,,,"K12086,K12087,K12088,K12089,K12090,K12091,K12092,K12093,K12094,K12095,K12096,K12098,K12099,K12100,K12101,K12102,K12103,K12104,K12106,K12107,K12108,K12109,K12110,K15842",24,M00564,23,0.001
K12106,0.075,0.0,,,,1000.0,0.0,,,,,,,,,,,0.0,,,"K12086,K12087,K12088,K12089,K12090,K12091,K12092,K12093,K12094,K12095,K12096,K12098,K12099,K12100,K12101,K12102,K12103,K12104,K12105,K12107,K12108,K12109,K12110,K15842",24,M00564,23,0.001
K12107,0.075,0.0,,,,1000.0,0.0,,,,,,,,,,,0.0,,,"K12086,K12087,K12088,K12089,K12090,K12091,K12092,K12093,K12094,K12095,K12096,K12098,K12099,K12100,K12101,K12102,K12103,K12104,K12105,K12106,K12108,K12109,K12110,K15842",24,M00564,23,0.001
K12108,0.075,0.0,,,,1000.0,0.0,,,,,,,,,,,0.0,,,"K12086,K12087,K12088,K12089,K12090,K12091,K12092,K12093,K12094,K12095,K12096,K12098,K12099,K12100,K12101,K12102,K12103,K12104,K12105,K12106,K12107,K12109,K12110,K15842",24,M00564,24,0.001
K12109,0.075,0.0,,,,1000.0,0.0,,,,,,,,,,,0.0,,,"K12086,K12087,K12088,K12089,K12090,K12091,K12092,K12093,K12094,K12095,K12096,K12098,K12099,K12100,K12101,K12102,K12103,K12104,K12105,K12106,K12107,K12108,K12110,K15842",24,M00564,46,0.002
K12110,1.0,1.0,115.0,SAMD00000344.contig00007_59,115.0,1.1,6.5,29.0,1.9,77.0,99.0,80.0,101.0,K12110,6.5,97.7,False,1.0,False,True,"K12086,K12087,K12088,K12089,K12090,K12091,K12092,K12093,K12094,K12095,K12096,K12098,K12099,K12100,K12101,K12102,K12103,K12104,K12105,K12106,K12107,K12108,K12109,K15842",24,M00564,36,0.002
K12250,0.0,0.0,,,,1000.0,0.0,,,,,,,,,,,0.0,,,"K15907,K17476,K17747,K18056,K18057",5,M00819,550,0.026
K12298,0.0,0.0,734.0,SAMD00000344.contig00002_171,734.0,0.0064,12.1,0.0095,11.6,326.0,357.0,146.0,176.0,K06889,124.0,569.47,True,2.0641606050982417e-34,False,True,,0,M00098,1,0.0
K12340,0.197,0.196,,,,1000.0,0.0,,,,,,,,,,,0.0,,,"K18899,K22944",2,"M00575,M00696,M00697",11337,0.53
K12406,0.0,0.0,543.0,SAMD00000344.contig00003_103,543.0,1.4e-119,397.1,1.7e-119,396.8,55.0,540.0,2.0,470.0,K00873,604.6,1024.73,True,3.4377627362523626e-63,False,True,,0,"M00001,M00002",8,0.0
K12407,0.0,0.0,,,,1000.0,0.0,,,,,,,,,,,0.0,,,,0,"M00001,M00549",0,0.0
K12420,0.001,0.0,261.0,SAMD00000344.contig00014_43,261.0,1.8e-51,172.3,2e-51,172.1,5.0,258.0,3.0,255.0,K03366,337.4,296.77,True,1.9950221225051354e-50,False,True,"K05551,K05552,K05553,K14249,K15884,K15886",6,M00778,543,0.025
K12447,0.0,0.0,,,,1000.0,0.0,,,,,,,,,,,0.0,,,,0,M00549,4,0.0
K12502,0.0,0.0,339.0,SAMD00000344.contig00011_32,339.0,3.7e-15,52.7,22.0,0.9,239.0,256.0,205.0,222.0,K03183,308.4,259.5,True,1.0632370669309995e-77,False,True,,0,M00112,30,0.001
K12506,0.171,0.171,472.0,SAMD00000344.contig00016_35,472.0,5.8e-08,29.0,8.1e-08,28.5,52.0,114.0,5.0,65.0,K04042,612.5,320.67,True,2.233559520025581e-176,False,True,,0,M00096,10592,0.495
K12524,0.032,0.032,999.0,SAMD00000344.contig00005_44,999.0,6.5e-85,282.7,7.7e-85,282.5,130.0,591.0,1.0,451.0,K00928,337.9,764.83,True,2.4162631986794315e-17,False,True,"K01739,K12526",2,"M00016,M00017,M00018,M00526,M00527",4591,0.215
K12525,0.007,0.007,814.0,SAMD00000344.contig00005_44,814.0,8.8e-42,140.5,1e-41,140.3,14.0,456.0,2.0,451.0,K00928,337.9,788.27,True,3.772930940120732e-60,False,True,,0,"M00016,M00017,M00018,M00526,M00527",2083,0.097
K12526,0.0,0.0,859.0,SAMD00000344.contig00003_11,859.0,5.3e-61,203.8,6.5e-61,203.6,499.0,853.0,29.0,405.0,K01586,494.4,662.3,True,3.3165248830381925e-88,False,True,,0,"M00016,M00018,M00526,M00527",568,0.027
K12628,0.0,0.0,338.0,SAMD00000344.contig00027_26,338.0,2.3e-08,30.7,3.2e-08,30.2,63.0,203.0,61.0,199.0,K16044,312.3,,True,1.6980607401155348e-85,False,True,"K12630,K12631,K12634,K12636",4,M00889,20,0.001
K12629,0.0,0.0,152.0,SAMD00000344.contig00001_128,152.0,0.0037,14.4,0.0042,14.2,38.0,116.0,32.0,110.0,K01518,129.9,,True,1.7022976547079797e-35,False,True,"K12628,K12630,K12631,K12634,K12636",5,M00889,181,0.008
K12630,0.0,0.0,429.0,SAMD00000344.contig00012_61,429.0,3.8e-31,105.5,5.3e-31,105.0,67.0,263.0,47.0,241.0,K19430,564.1,,True,8.864290667526871e-139,False,True,"K12628,K12631,K12634,K12636",4,M00889,27,0.001
K12631,0.0,0.0,,,,1000.0,0.0,,,,,,,,,,,0.0,,,"K12628,K12630,K12636",3,M00889,22,0.001
K12632,0.009,0.009,,,,1000.0,0.0,,,,,,,,,,,0.0,,,"K12628,K12629,K12630,K12631,K12633,K12634,K12635,K12636",8,M00889,2378,0.111
K12633,0.0,0.0,228.0,SAMD00000344.contig00003_132,228.0,1.1e-05,22.3,1.6e-05,21.8,62.0,122.0,180.0,241.0,K02687,311.8,,True,7.109126714963131e-88,False,True,"K12628,K12630,K12631,K12634,K12636",5,M00889,228,0.011
K12634,0.0,0.0,273.0,SAMD00000344.contig00010_2,273.0,8e-13,45.2,2.3e-12,43.7,39.0,115.0,40.0,119.0,K01092,175.9,,True,4.522510321666728e-40,False,True,"K12628,K12630",2,M00889,12,0.001
K12635,0.0,0.0,,,,1000.0,0.0,,,,,,,,,,,0.0,,,,0,M00889,11,0.001
K12636,0.0,0.0,,,,1000.0,0.0,,,,,,,,,,,0.0,,,"K12628,K12630,K12631",3,M00889,21,0.001
K12657,0.0,0.0,1259.0,SAMD00000344.contig00019_6,1259.0,2.8000000000000003e-118,393.7,3.3e-118,393.5,796.0,1203.0,5.0,411.0,K00147,643.8,665.67,True,5.1570113167208836e-76,False,True,,0,M00015,20,0.001
K12658,0.022,0.022,,,,1000.0,0.0,,,,,,,,,,,0.0,,,,0,M00948,3815,0.178
K12659,0.0,0.0,1065.0,SAMD00000344.contig00024_12,1065.0,4.9e-45,151.0,7.3e-45,150.4,652.0,966.0,2.0,338.0,K00145,363.7,818.23,True,9.352332145384351e-65,False,True,,0,M00028,392,0.018
K12673,0.0,0.0,560.0,SAMD00000344.contig00014_5,560.0,8.3e-82,272.5,1.0000000000000001e-81,272.1,8.0,552.0,8.0,548.0,K01652,481.1,777.23,True,1.60377302499963e-63,False,True,"K12674,K12675,K12676",3,M00674,52,0.002
K12674,0.0,0.0,509.0,SAMD00000344.contig00006_61,509.0,2.3000000000000003e-28,96.1,1.0000000000000001e-23,80.8,62.0,351.0,67.0,372.0,K01953,556.2,651.23,True,3.1340000207083415e-139,False,True,"K12673,K12675,K12676",3,M00674,45,0.002
K12675,0.0,0.0,,,,1000.0,0.0,,,,,,,,,,,0.0,,,"K12673,K12674,K12676",3,M00674,145,0.007
K12676,0.0,0.0,,,,1000.0,0.0,,,,,,,,,,,0.0,,,"K12673,K12674,K12675",3,M00674,63,0.003
K12710,0.005,0.005,,,,1000.0,0.0,,,,,,,,,,,0.0,,,K17625,1,M00795,1748,0.082
K12743,0.0,0.0,3713.0,SAMD00000344.contig00029_11,3713.0,1.5999999999999999e-24,81.4,3.7e-24,80.1,2465.0,2936.0,30.0,495.0,K22133,447.6,4792.53,True,5.772198220594442e-111,False,True,"K04126,K12744,K12745,K18063",4,M00673,162,0.008
K12744,0.0,0.0,,,,1000.0,0.0,,,,,,,,,,,0.0,,,"K04126,K12745,K18063",3,M00673,15,0.001
K12745,0.0,0.0,,,,1000.0,0.0,,,,,,,,,,,0.0,,,"K04126,K12744,K18063",3,M00673,11,0.001
K12784,0.0,0.0,,,,1000.0,0.0,,,,,,,,,,,0.0,,,"K12785,K12786,K12787,K12788,K16041,K16042",6,M00542,16,0.001
K12785,0.0,0.0,,,,1000.0,0.0,,,,,,,,,,,0.0,,,"K12784,K12786,K12787,K12788,K16041,K16042",6,M00542,20,0.001
K12786,0.0,0.0,,,,1000.0,0.0,,,,,,,,,,,0.0,,,"K12784,K12785,K12787,K12788,K16041,K16042",6,M00542,14,0.001
K12787,0.0,0.0,,,,1000.0,0.0,,,,,,,,,,,0.0,,,"K12784,K12785,K12786,K12788,K16041,K16042",6,M00542,17,0.001
K12788,0.0,0.0,,,,1000.0,0.0,,,,,,,,,,,0.0,,,"K12784,K12785,K12786,K12787,K16041,K16042",6,M00542,16,0.001
K12977,0.0,0.0,190.0,SAMD00000344.contig00014_36,190.0,0.00044,17.0,0.00088,16.0,117.0,183.0,126.0,201.0,K19302,118.0,229.2,True,3.944304525359162e-31,False,True,K23082,1,M00867,89,0.004
K13014,0.01,0.01,,,,1000.0,0.0,,,,,,,,,,,0.0,,,,0,M00761,2588,0.121
K13034,0.0,0.0,364.0,SAMD00000344.contig00016_42,364.0,8.299999999999999e-61,203.0,9.7e-61,202.8,47.0,346.0,4.0,300.0,K17216,429.9,634.3,True,4.96928589922918e-69,False,True,,0,M00021,24,0.001
K13037,0.001,0.001,472.0,SAMD00000344.contig00006_16,472.0,1.2e-10,37.7,66.0,-1.0,352.0,465.0,937.0,1056.0,K01955,1656.9,475.3,True,0.0,False,True,"K19549,K19550",2,M00787,630,0.029
K13038,1.0,1.0,565.0,SAMD00000344.contig00015_21,565.0,1.5e-163,542.5,1.7e-163,542.4,49.0,437.0,3.0,398.0,K13038,542.5,259.9,False,1.0,False,False,"K01598,K01947,K02318,K06982,K09722",5,"M00120,M00914",20695,0.967
K13039,0.001,0.001,187.0,SAMD00000344.contig00024_23,187.0,3.2e-13,46.9,5.8e-13,46.1,44.0,172.0,412.0,548.0,K00158,803.8,218.57,True,1.4138270350341834e-228,False,True,,0,M00358,950,0.044
K13063,0.002,0.002,692.0,SAMD00000344.contig00008_62,692.0,1.2e-20,70.4,1.6e-20,69.9,207.0,427.0,257.0,477.0,K01657,447.3,393.4,True,3.481726349690326e-114,False,True,"K20260,K20261,K20262,K21103",4,M00835,1219,0.057
K13273,0.0,0.0,,,,1000.0,0.0,,,,,,,,,,,0.0,,,,0,M00095,14,0.001
K13307,0.003,0.003,236.0,SAMD00000344.contig00009_47,236.0,1.3e-19,67.8,1.7e-19,67.4,30.0,218.0,24.0,221.0,K18896,80.1,367.17,True,0.00019826428750360973,False,True,K19854,1,M00796,1465,0.068
K13308,0.0,0.0,400.0,SAMD00000344.contig00012_61,400.0,4.5e-47,157.9,7.5e-47,157.2,36.0,382.0,18.0,373.0,K19430,564.1,578.93,True,5.267636051387425e-123,False,True,K13309,1,M00797,261,0.012
K13309,0.0,0.0,,,,1000.0,0.0,,,,,,,,,,,0.0,,,,0,M00797,34,0.002
K13310,0.001,0.001,369.0,SAMD00000344.contig00012_61,369.0,7.2e-58,193.3,8.6e-58,193.1,33.0,365.0,31.0,373.0,K19430,564.1,593.23,True,2.3882380194633143e-112,False,True,K13309,1,M00797,712,0.033
K13311,0.001,0.001,237.0,SAMD00000344.contig00009_47,237.0,5.8e-15,52.5,7.5e-15,52.1,32.0,221.0,26.0,223.0,K18896,80.1,354.03,True,4.914570392964748e-09,False,True,K13309,1,M00797,905,0.042
K13312,0.0,0.0,,,,1000.0,0.0,,,,,,,,,,,0.0,,,,0,M00794,190,0.009
K13313,0.0,0.0,332.0,SAMD00000344.contig00004_31,332.0,2.8e-32,109.3,3.3e-32,109.0,11.0,323.0,3.0,323.0,K12448,424.7,374.47,True,1.1328335352270948e-95,False,True,,0,M00794,138,0.006
K13315,0.004,0.004,328.0,SAMD00000344.contig00001_23,328.0,1.3999999999999999e-63,211.8,1.7e-63,211.6,1.0,317.0,3.0,317.0,K23107,473.4,450.63,True,1.7805457386274536e-79,False,True,"K13316,K13318,K16438,K19857",4,"M00798,M00799",1543,0.072
K13316,0.0,0.0,,,,1000.0,0.0,,,,,,,,,,,0.0,,,"K13318,K16435",2,M00798,168,0.008
K13317,0.0,0.0,410.0,SAMD00000344.contig00026_2,410.0,1.2e-07,27.9,1.8e-07,27.3,84.0,198.0,149.0,268.0,K00574,412.8,551.43,True,1.3600493553477634e-116,False,True,,0,M00798,228,0.011
K13318,0.0,0.0,330.0,SAMD00000344.contig00004_31,330.0,1.5e-08,31.3,3.3e-08,30.2,12.0,234.0,3.0,242.0,K12448,424.7,416.27,True,3.748231750359135e-119,False,True,,0,M00798,155,0.007
K13322,0.0,0.0,332.0,SAMD00000344.contig00026_20,332.0,0.00084,15.7,0.0031,13.8,171.0,260.0,171.0,259.0,K02473,247.0,,True,2.353759050371116e-70,False,True,,0,M00800,11,0.001
K13326,0.0,0.0,251.0,SAMD00000344.contig00009_47,251.0,5.3e-13,46.2,7e-13,45.8,48.0,239.0,29.0,227.0,K18896,80.1,298.63,True,6.237299341792247e-11,False,True,,0,"M00797,M00800",66,0.003
K13327,0.001,0.001,323.0,SAMD00000344.contig00017_48,323.0,9.8e-39,130.1,1.9000000000000002e-38,129.2,4.0,315.0,2.0,321.0,K22230,342.6,347.63,True,1.0743008550788839e-64,False,True,"K13328,K13329,K13330,K16435",4,M00802,576,0.027
K13328,0.0,0.0,433.0,SAMD00000344.contig00012_61,433.0,9.599999999999999e-46,153.3,9.9e-12,41.3,271.0,427.0,219.0,372.0,K19430,564.1,733.33,True,2.172089825274517e-124,False,True,"K13327,K13329,K13330,K16435",4,M00802,257,0.012
K13329,0.0,0.0,387.0,SAMD00000344.contig00012_61,387.0,1.2e-47,159.3,1.6999999999999998e-47,158.9,4.0,374.0,7.0,373.0,K19430,564.1,577.3,True,1.3901374881757066e-122,False,True,K13330,1,M00802,67,0.003
K13330,0.0,0.0,252.0,SAMD00000344.contig00009_47,252.0,3e-08,30.4,4.1e-08,30.0,53.0,232.0,32.0,219.0,K18896,80.1,399.23,True,1.0932579793610831e-15,False,True,,0,M00802,42,0.002
K13378,0.023,0.023,,,,1000.0,0.0,,,,,,,,,,,0.0,,,,0,M00144,3899,0.182
K13380,0.0,0.0,,,,1000.0,0.0,,,,,,,,,,,0.0,,,,0,M00144,131,0.006
K13421,0.0,0.0,551.0,SAMD00000344.contig00006_13,551.0,2.4000000000000002e-30,102.6,2.8000000000000002e-30,102.5,69.0,257.0,8.0,200.0,K00762,177.1,373.93,True,3.743392130574656e-23,False,True,,0,M00051,357,0.017
K13479,0.022,0.021,,,,1000.0,0.0,,,,,,,,,,,0.0,,,"K16838,K19970",2,"M00546,M00958,M00959",3746,0.175
K13480,0.001,0.001,,,,1000.0,0.0,,,,,,,,,,,0.0,,,,0,"M00546,M00958,M00959",615,0.029
K13481,0.038,0.038,,,,1000.0,0.0,,,,,,,,,,,0.0,,,"K00106,K13484",2,"M00546,M00958,M00959",5017,0.234
K13482,0.036,0.036,,,,1000.0,0.0,,,,,,,,,,,0.0,,,"K00106,K13484",2,"M00546,M00958,M00959",4886,0.228
K13483,0.036,0.036,,,,1000.0,0.0,,,,,,,,,,,0.0,,,"K00106,K01081",2,"M00546,M00958,M00959",4836,0.226
K13484,0.0,0.0,,,,1000.0,0.0,,,,,,,,,,,0.0,,,,0,M00546,6,0.0
K13485,0.024,0.024,,,,1000.0,0.0,,,,,,,,,,,0.0,,,"K00106,K16838",2,M00546,3966,0.185
K13497,0.01,0.01,529.0,SAMD00000344.contig00008_64,529.0,9.500000000000001e-133,440.7,1.1e-132,440.5,195.0,528.0,3.0,334.0,K00766,496.3,576.3,True,1.8311850796437734e-17,False,True,K13501,1,M00023,2570,0.12
K13498,0.013,0.013,491.0,SAMD00000344.contig00008_65,491.0,1.5999999999999998e-85,284.7,1.9e-85,284.4,19.0,268.0,1.0,256.0,K01609,348.6,416.6,True,5.810095582470672e-20,False,True,,0,M00023,2903,0.136
K13501,0.0,0.0,911.0,SAMD00000344.contig00008_65,911.0,9.5e-79,263.1,1.1e-78,262.9,296.0,562.0,2.0,258.0,K01609,348.6,962.93,True,1.8278281887571708e-26,False,True,,0,M00023,7,0.0
K13503,0.003,0.003,722.0,SAMD00000344.contig00008_62,722.0,1.1e-72,242.4,1.2e-72,242.2,135.0,507.0,92.0,481.0,K01657,447.3,497.27,True,2.084269572427963e-62,False,True,,0,M00023,1326,0.062
K13524,0.0,0.0,643.0,SAMD00000344.contig00014_1,643.0,2.5e-39,132.3,9.2e-10,34.6,105.0,203.0,32.0,127.0,K20708,820.1,384.93,True,8.944765972078967e-208,False,True,,0,M00027,3,0.0
K13534,0.0,0.0,,,,1000.0,0.0,,,,,,,,,,,0.0,,,,0,M00098,0,0.0
K13540,0.03,0.03,,,,1000.0,0.0,,,,,,,,,,,0.0,,,,0,M00925,4406,0.206
K13541,0.041,0.041,,,,1000.0,0.0,,,,,,,,,,,0.0,,,"K02304,K22011",2,"M00924,M00925",5157,0.241
K13542,0.083,0.083,844.0,SAMD00000344.contig00004_33,844.0,3e-07,26.0,3.6e-07,25.8,150.0,375.0,13.0,229.0,K07056,393.9,405.1,True,1.782643891041477e-111,False,True,"K00589,K02304,K03794,K22011",4,"M00121,M00846,M00924,M00925,M00926",7359,0.344
K13543,0.101,0.101,653.0,SAMD00000344.contig00015_49,653.0,1.1e-05,21.3,1.2e-05,21.2,313.0,385.0,8.0,100.0,K02496,24.0,435.67,True,0.042656771102299186,False,True,K02304,1,"M00121,M00846",6318,0.295
K13609,0.009,0.009,340.0,SAMD00000344.contig00018_47,340.0,7.2e-56,186.8,1.2e-55,186.2,15.0,337.0,9.0,349.0,K05884,385.6,356.8,True,1.4296734825601328e-60,False,True,K26062,1,M00960,2442,0.114
K13632,1.0,1.0,123.0,SAMD00000344.contig00002_167,123.0,7.4e-23,78.0,200.0,-0.9,12.0,33.0,86.0,108.0,K13632,78.0,169.5,False,0.9999832465654717,False,True,,0,M00746,861,0.04
K13679,0.0,0.0,,,,1000.0,0.0,,,,,,,,,,,0.0,,,,0,M00854,1,0.0
K13713,0.0,0.0,748.0,SAMD00000344.contig00003_40,748.0,4.7e-92,306.5,5.8e-92,306.2,306.0,726.0,3.0,416.0,K01945,538.0,913.07,True,2.0490662671640527e-70,False,True,,0,M00048,174,0.008
K13766,0.108,0.108,272.0,SAMD00000344.contig00001_226,272.0,6e-65,216.5,6.6e-65,216.3,4.0,261.0,4.0,259.0,K01715,364.2,268.57,True,3.4504015515646685e-45,False,True,,0,M00036,8405,0.393
K13767,0.002,0.002,257.0,SAMD00000344.contig00001_226,257.0,2.5e-76,253.4,2.8e-76,253.3,5.0,256.0,8.0,260.0,K01715,364.2,317.5,True,4.424625117914365e-34,False,True,,0,M00087,1008,0.047
K13787,0.044,0.044,476.0,SAMD00000344.contig00002_182,476.0,1.2999999999999999e-61,206.4,1.4999999999999999e-61,206.2,138.0,431.0,34.0,324.0,K24873,254.7,301.9,True,2.8039447929766206e-15,False,True,"K18686,K22998",2,"M00364,M00365,M00921",5335,0.249
K13788,1.0,1.0,765.0,SAMD00000344.contig00028_7,765.0,5.6000000000000005e-126,419.1,6.7e-126,418.8,412.0,727.0,7.0,323.0,K13788,419.1,566.9,False,0.999999999997442,False,True,"K00194,K00197,K14138,K25008,K25123,K25124",6,"M00579,M00618",14631,0.684
K13789,0.005,0.005,351.0,SAMD00000344.contig00015_32,351.0,3.6e-88,293.2,4.5e-88,292.9,32.0,300.0,13.0,283.0,K00795,307.1,350.47,True,6.54115817955778e-05,False,True,,0,M00364,1825,0.085
K13800,0.0,0.0,350.0,SAMD00000344.contig00002_130,350.0,1.4e-42,143.2,1.7e-42,143.0,94.0,273.0,8.0,217.0,K00939,231.3,271.6,True,2.986071217488543e-27,False,True,,0,M00052,472,0.022
K13809,0.0,0.0,512.0,SAMD00000344.contig00004_37,512.0,2e-08,30.9,1.2,5.2,283.0,306.0,4.0,27.0,K00943,232.3,124.8,True,2.3580818375753058e-61,False,True,,0,M00052,14,0.001
K13810,0.044,0.044,944.0,SAMD00000344.contig00020_21,944.0,2.3e-37,125.8,6.4e-36,121.1,410.0,768.0,29.0,432.0,K01810,193.7,669.4,True,3.631309739044297e-21,False,True,"K00918,K11389,K12406,K16305",4,"M00001,M00004,M00007",5348,0.25
K13812,0.0,0.0,401.0,SAMD00000344.contig00006_14,401.0,5e-06,22.4,1.5e-05,20.9,185.0,388.0,8.0,236.0,K01591,217.2,324.83,True,2.2874775720962298e-59,False,True,,0,"M00345,M00580",0,0.0
K13821,0.198,0.198,1183.0,SAMD00000344.contig00002_191,1183.0,1.9e-87,291.6,2.4e-87,291.3,581.0,1015.0,20.0,461.0,K07248,692.4,666.87,True,2.2242199810812737e-121,False,True,,0,M00970,11382,0.532
K13829,0.257,0.257,755.0,SAMD00000344.contig00001_205,755.0,4.2e-117,389.6,4.8e-117,389.5,362.0,717.0,3.0,353.0,K01735,417.7,521.67,True,3.475818739435774e-09,False,True,K13830,1,M00022,12978,0.606
K13830,0.0,0.0,1583.0,SAMD00000344.contig00001_205,1583.0,6.699999999999999e-91,302.5,8.099999999999999e-91,302.2,13.0,371.0,10.0,337.0,K01735,417.7,856.07,True,2.0957742401595132e-35,False,True,,0,M00022,81,0.004
K13831,0.0,0.0,427.0,SAMD00000344.contig00008_49,427.0,0.00015,17.9,0.00039,16.5,116.0,200.0,27.0,112.0,K01814,235.3,281.93,True,3.5981473351671885e-66,False,True,,0,"M00345,M00580",192,0.009
K13832,0.002,0.002,895.0,SAMD00000344.contig00001_207,895.0,4.9000000000000004e-60,200.9,5.7e-60,200.6,555.0,830.0,9.0,295.0,K00014,254.9,366.93,True,5.5511151231253815e-17,False,True,,0,M00022,1181,0.055
K13853,0.004,0.004,358.0,SAMD00000344.contig00001_206,358.0,6.9e-108,357.9,8.3e-108,357.6,58.0,353.0,28.0,324.0,K03856,463.4,463.97,True,1.7431527984210038e-32,False,True,,0,M00022,1597,0.075
K13877,0.036,0.036,526.0,SAMD00000344.contig00002_191,526.0,6.7e-30,101.3,9.400000000000001e-30,100.8,6.0,436.0,8.0,428.0,K07248,692.4,613.0,True,1.1512497874437326e-178,False,True,,0,M00948,4836,0.226
K13937,0.0,0.0,893.0,SAMD00000344.contig00019_47,893.0,3.4e-78,260.8,1.2e-77,258.9,129.0,475.0,11.0,354.0,K00036,586.6,552.7,True,8.402865511348995e-99,False,True,,0,"M00004,M00006",8,0.0
K13939,0.0,0.0,740.0,SAMD00000344.contig00007_12,740.0,1.9999999999999999e-56,188.7,2.5e-56,188.4,445.0,738.0,98.0,372.0,K00796,291.0,666.93,True,1.6018854016437486e-31,False,True,,0,M00126,176,0.008
K13940,0.03,0.03,455.0,SAMD00000344.contig00007_8,455.0,2.9e-56,188.7,3.6e-56,188.4,146.0,304.0,15.0,170.0,K00950,213.1,253.97,True,4.517187172301514e-08,False,True,K19965,1,M00126,4405,0.206
K13941,0.0,0.0,589.0,SAMD00000344.contig00007_12,589.0,1.2e-64,215.8,1.5e-64,215.5,274.0,551.0,108.0,372.0,K00796,291.0,566.73,True,2.3043281542581656e-23,False,True,"K22099,K22100",2,"M00126,M00840",303,0.014
K13942,0.0,0.0,,,,1000.0,0.0,,,,,,,,,,,0.0,,,,0,"M00567,M00617",2,0.0
K13990,0.0,0.0,,,,1000.0,0.0,,,,,,,,,,,0.0,,,,0,M00045,272,0.013
K13995,0.016,0.016,281.0,SAMD00000344.contig00002_58,281.0,1.2e-19,67.9,1.2e-19,67.9,144.0,215.0,101.0,172.0,K09020,100.0,170.77,True,2.0863133552672133e-10,False,True,,0,M00622,3277,0.153
K13997,0.0,0.0,667.0,SAMD00000344.contig00010_5,667.0,1.5e-42,143.0,1.9e-42,142.7,198.0,522.0,23.0,333.0,K00627,376.0,610.8,True,7.244543263061106e-71,False,True,,0,M00307,190,0.009
K13998,0.0,0.0,662.0,SAMD00000344.contig00003_83,662.0,3.0999999999999998e-105,350.0,1.6e-104,347.7,326.0,611.0,4.0,319.0,K00560,401.3,636.0,True,3.607125248966547e-16,False,True,,0,"M00126,M00938",49,0.002
K14028,0.0,0.0,,,,1000.0,0.0,,,,,,,,,,,0.0,,,"K10944,K10945,K10946,K14029,K16157,K16158,K16159,K16160,K16162",9,M00174,203,0.009
K14029,0.0,0.0,,,,1000.0,0.0,,,,,,,,,,,0.0,,,"K10944,K10945,K10946,K14028,K16157,K16158,K16159,K16160,K16162",9,M00174,201,0.009
K14067,0.001,0.001,,,,1000.0,0.0,,,,,,,,,,,0.0,,,,0,M00346,649,0.03
K14073,0.0,0.0,,,,1000.0,0.0,,,,,,,,,,,0.0,,,K14074,1,M00098,29,0.001
K14074,0.0,0.0,,,,1000.0,0.0,,,,,,,,,,,0.0,,,,0,M00098,1,0.0
K14075,0.0,0.0,,,,1000.0,0.0,,,,,,,,,,,0.0,,,,0,M00098,10,0.0
K14076,0.0,0.0,,,,1000.0,0.0,,,,,,,,,,,0.0,,,,0,M00098,0,0.0
K14080,0.001,0.001,,,,1000.0,0.0,,,,,,,,,,,0.0,,,"K00193,K00194,K00197,K00204,K00584,K04480,K11261,K14084,K14128,K16176,K16177,K16178",12,"M00356,M00617",637,0.03
K14081,0.0,0.0,,,,1000.0,0.0,,,,,,,,,,,0.0,,,,0,"M00356,M00617",9,0.0
K14082,0.001,0.0,,,,1000.0,0.0,,,,,,,,,,,0.0,,,"K00193,K00194,K00197,K00584,K04480,K11261,K14081,K14084,K16176,K16178",10,"M00563,M00617",536,0.025
K14083,0.001,0.001,,,,1000.0,0.0,,,,,,,,,,,0.0,,,K14084,1,"M00563,M00617",858,0.04
K14084,0.0,0.0,,,,1000.0,0.0,,,,,,,,,,,0.0,,,"K00194,K00197,K00584,K04480,K14080,K14081,K14082,K16176,K16178",9,"M00563,M00617",444,0.021
K14085,0.0,0.0,659.0,SAMD00000344.contig00002_191,659.0,9.6e-86,285.8,1.2e-85,285.4,166.0,577.0,12.0,425.0,K07248,692.4,797.5,True,3.992121614717939e-123,False,True,,0,"M00135,M00555",1,0.0
K14126,0.0,0.0,,,,1000.0,0.0,,,,,,,,,,,0.0,,,K14128,1,"M00356,M00357,M00563,M00567,M00617",83,0.004
K14127,0.0,0.0,,,,1000.0,0.0,,,,,,,,,,,0.0,,,"K00125,K00194,K00197,K00205,K00584,K11261,K14081,K14126,K14128,K16176,K16178",11,"M00356,M00357,M00563,M00567,M00617",405,0.019
K14128,0.0,0.0,,,,1000.0,0.0,,,,,,,,,,,0.0,,,K14126,1,"M00356,M00357,M00563,M00567,M00617",63,0.003
K14138,0.0,0.0,,,,1000.0,0.0,,,,,,,,,,,0.0,,,"K00194,K25008,K25123,K25124",4,"M00377,M00618",349,0.016
K14152,0.0,0.0,1213.0,SAMD00000344.contig00008_46,1213.0,1.7e-121,404.6,2e-121,404.3,820.0,1202.0,2.0,377.0,K00013,592.6,767.43,True,2.548947057812045e-57,False,True,,0,M00026,54,0.003
K14153,0.044,0.044,724.0,SAMD00000344.contig00006_3,724.0,7.4e-97,322.6,8.9e-97,322.3,68.0,328.0,6.0,264.0,K00941,362.0,387.47,True,1.3785361866287734e-12,False,True,,0,M00899,5359,0.25
K14155,1.0,1.0,544.0,SAMD00000344.contig00018_1,544.0,4.2e-121,402.3,5e-121,402.0,74.0,447.0,2.0,373.0,K14155,402.3,293.2,False,1.0,False,False,,0,M00017,10816,0.505
K14170,0.247,0.154,518.0,SAMD00000344.contig00001_200,518.0,3.9e-11,39.3,4.4e-11,39.2,44.0,108.0,2.0,69.0,K23874,48.6,356.5,True,0.0015828404026400305,False,True,"K01850,K05359,K15227,K15849",4,"M00024,M00025,M00040",10004,0.467
K14187,0.015,0.015,374.0,SAMD00000344.contig00001_202,374.0,1e-19,67.7,1.6e-19,67.0,127.0,346.0,46.0,271.0,K04517,267.3,326.77,True,8.211317887997775e-61,False,True,,0,"M00024,M00025",3167,0.148
K14188,0.066,0.066,96.0,SAMD00000344.contig00015_7,96.0,3.9e-12,43.4,4.1e-12,43.3,11.0,86.0,6.0,79.0,K02078,86.7,58.83,True,9.234226331132375e-14,False,True,"K19077,K19078",2,M00725,6588,0.308
K14205,0.155,0.155,,,,1000.0,0.0,,,,,,,,,,,0.0,,,,0,M00726,10071,0.471
K14249,0.0,0.0,,,,1000.0,0.0,,,,,,,,,,,0.0,,,,0,M00778,9,0.0
K14250,0.005,0.005,,,,1000.0,0.0,,,,,,,,,,,0.0,,,"K05552,K12420,K14249,K15884",4,M00778,1720,0.08
K14251,0.0,0.0,,,,1000.0,0.0,,,,,,,,,,,0.0,,,"K14255,K21297,K21301",3,"M00780,M00823",526,0.025
K14252,0.003,0.003,546.0,SAMD00000344.contig00025_2,546.0,0.0013,14.2,160.0,-2.5,105.0,149.0,176.0,221.0,K00384,383.6,720.97,True,6.30259791898081e-112,False,True,"K14255,K14257,K21301",3,"M00780,M00823",1355,0.063
K14253,0.011,0.011,413.0,SAMD00000344.contig00029_3,413.0,6.8e-05,19.4,470.0,-3.2,10.0,47.0,166.0,203.0,K22699,44.5,465.4,True,2.763109506125033e-08,False,True,"K14255,K21297,K21301",3,"M00780,M00823",2648,0.124
K14254,0.016,0.016,361.0,SAMD00000344.contig00018_26,361.0,9.2e-40,133.9,1.7e-39,133.0,20.0,359.0,28.0,383.0,K00841,573.2,574.13,True,5.7216713011185694e-133,False,True,"K14251,K14255,K14257,K21297,K21301",5,"M00780,M00823",3222,0.151
K14255,0.0,0.0,,,,1000.0,0.0,,,,,,,,,,,0.0,,,K21301,1,"M00780,M00823",171,0.008
K14256,0.008,0.008,500.0,SAMD00000344.contig00003_63,500.0,0.0022,13.6,130.0,-2.1,108.0,145.0,197.0,231.0,K17869,813.4,663.93,True,1.7226992631163205e-241,False,True,"K14251,K14255,K14257,K21297,K21301",5,"M00780,M00823",2325,0.109
K14257,0.001,0.001,551.0,SAMD00000344.contig00022_6,551.0,5.4e-06,22.3,0.41,6.2,6.0,42.0,3.0,39.0,K00383,400.5,351.83,True,1.4140202854962966e-114,False,True,"K19981,K19982,K21301",3,"M00790,M00823",614,0.029
K14263,0.0,0.0,268.0,SAMD00000344.contig00001_186,268.0,0.0094,12.2,0.017,11.4,96.0,132.0,88.0,123.0,K01054,138.5,132.57,True,9.547981033586073e-39,False,True,,0,"M00038,M00912",121,0.006
K14266,0.002,0.002,722.0,SAMD00000344.contig00001_75,722.0,0.00067,15.3,0.02,10.4,16.0,74.0,135.0,189.0,K18367,401.9,396.6,True,4.186042914274395e-117,False,True,K19981,1,M00790,1054,0.049
K14267,0.1,0.1,495.0,SAMD00000344.contig00018_26,495.0,1e-98,328.4,1.3e-98,328.1,105.0,459.0,26.0,385.0,K00841,573.2,468.07,True,2.031688215083777e-74,False,True,,0,M00016,8069,0.377
K14268,0.005,0.005,426.0,SAMD00000344.contig00014_1,426.0,2.9e-99,329.6,3.5e-99,329.3,22.0,425.0,26.0,434.0,K20708,820.1,798.4,True,2.2120102079733687e-148,False,True,,0,M00957,1805,0.084
K14366,0.0,0.0,,,,1000.0,0.0,,,,,,,,,,,0.0,,,"K14367,K15997",2,M00774,23,0.001
K14367,0.0,0.0,415.0,SAMD00000344.contig00001_56,415.0,0.027,10.4,0.041,9.8,214.0,285.0,461.0,531.0,K01919,299.0,809.4,True,1.326609953213887e-87,False,True,,0,M00774,2,0.0
K14368,0.0,0.0,427.0,SAMD00000344.contig00010_40,427.0,1.7e-05,21.2,0.00024,17.4,302.0,398.0,239.0,339.0,K02563,356.1,639.5,True,1.5312794424873862e-101,False,True,,0,M00774,75,0.004
K14369,0.0,0.0,300.0,SAMD00000344.contig00011_32,300.0,2.8e-13,46.8,4.7e-13,46.0,77.0,183.0,44.0,151.0,K03183,308.4,361.8,True,1.780545738627403e-79,False,True,K14367,1,M00774,270,0.013
K14370,0.0,0.0,,,,1000.0,0.0,,,,,,,,,,,0.0,,,K14367,1,M00774,89,0.004
K14371,0.0,0.0,3972.0,SAMD00000344.contig00022_32,3972.0,7.8e-19,62.7,9.5e-19,62.4,2142.0,2466.0,37.0,366.0,K09458,519.1,,True,4.072958443201584e-138,False,True,"K14372,K14375,K24567",3,M00777,15,0.001
K14372,0.0,0.0,,,,1000.0,0.0,,,,,,,,,,,0.0,,,"K14375,K24567",2,M00777,3,0.0
K14373,0.0,0.0,302.0,SAMD00000344.contig00001_227,302.0,3e-26,89.4,2.0000000000000002e-24,83.3,38.0,295.0,16.0,260.0,K00046,287.6,,True,2.1669797822169738e-60,False,True,"K14372,K14375,K24567",3,M00777,21,0.001
K14374,0.0,0.0,283.0,SAMD00000344.contig00011_32,283.0,7.8e-13,45.9,1.1e-12,45.4,69.0,170.0,49.0,152.0,K03183,308.4,,True,9.541708357464758e-80,False,True,"K14372,K14375,K24567",3,M00777,39,0.002
K14375,0.0,0.0,,,,1000.0,0.0,,,,,,,,,,,0.0,,,K14372,1,M00777,7,0.0
K14446,0.002,0.002,420.0,SAMD00000344.contig00004_96,420.0,4.999999999999999e-32,108.0,0.021,10.4,292.0,400.0,209.0,335.0,K23164,290.8,499.23,True,9.137570218405413e-56,False,True,,0,M00373,1090,0.051
K14447,0.005,0.005,,,,1000.0,0.0,,,,,,,,,,,0.0,,,,0,M00373,1785,0.083
K14448,0.002,0.002,554.0,SAMD00000344.contig00008_11,554.0,2.7000000000000002e-45,152.2,4.6e-45,151.5,172.0,545.0,10.0,366.0,K18244,355.5,538.77,True,6.318323838534205e-62,False,True,,0,M00373,1108,0.052
K14449,0.005,0.005,353.0,SAMD00000344.contig00001_224,353.0,1.2e-11,41.2,1.5e-11,40.9,29.0,145.0,23.0,136.0,K17865,180.0,261.63,True,1.6483013026096426e-42,False,True,"K14471,K14472,K19280",3,"M00373,M00613,M00740",1865,0.087
K14451,0.012,0.012,,,,1000.0,0.0,,,,,,,,,,,0.0,,,,0,M00373,2812,0.131
K14452,0.0,0.0,471.0,SAMD00000344.contig00007_87,471.0,0.0013,14.6,0.0019,14.1,402.0,445.0,110.0,153.0,K18347,267.5,605.07,True,7.404813020272675e-77,False,True,,0,M00098,10,0.0
K14465,0.0,0.0,369.0,SAMD00000344.contig00004_65,369.0,1.2e-73,245.0,1.5e-73,244.7,2.0,359.0,4.0,360.0,K00055,472.2,455.6,True,4.036314379828013e-69,False,True,,0,"M00374,M00375",499,0.023
K14466,0.001,0.001,570.0,SAMD00000344.contig00029_11,570.0,2.5e-44,148.8,6.9e-44,147.3,69.0,551.0,26.0,502.0,K22133,447.6,863.07,True,1.1239912861879715e-90,False,True,K15036,1,M00375,949,0.044
K14467,0.0,0.0,631.0,SAMD00000344.contig00016_59,631.0,1.6e-37,126.0,9.5e-36,120.2,87.0,607.0,31.0,512.0,K18687,271.5,1041.5,True,1.5853836511873332e-44,False,True,,0,M00374,8,0.0
K14468,0.0,0.0,1227.0,SAMD00000344.contig00018_18,1227.0,1.7e-30,102.7,4.3e-21,71.6,638.0,776.0,58.0,196.0,K10617,150.5,1739.5,True,4.080996358613619e-15,False,True,K14469,1,"M00376,M00613",18,0.001
K14469,0.0,0.0,1814.0,SAMD00000344.contig00001_226,1814.0,6.5e-48,159.8,1.2999999999999998e-47,158.8,871.0,1076.0,11.0,207.0,K01715,364.2,1888.77,True,2.9476022969692833e-62,False,True,K14468,1,"M00376,M00613",33,0.002
K14470,0.002,0.002,,,,1000.0,0.0,,,,,,,,,,,0.0,,,"K14469,K14472",2,M00613,1068,0.05
K14471,0.0,0.0,,,,1000.0,0.0,,,,,,,,,,,0.0,,,,0,"M00376,M00613",62,0.003
K14472,0.0,0.0,,,,1000.0,0.0,,,,,,,,,,,0.0,,,,0,"M00376,M00613",37,0.002
K14534,0.001,0.001,,,,1000.0,0.0,,,,,,,,,,,0.0,,,K15036,1,"M00374,M00375",621,0.029
K14578,0.001,0.001,,,,1000.0,0.0,,,,,,,,,,,0.0,,,"K00152,K14579,K14580,K14582,K14583,K14585,K18242,K18243",8,"M00534,M00638",740,0.035
K14579,0.0,0.0,,,,1000.0,0.0,,,,,,,,,,,0.0,,,"K14580,K14582,K14583,K14585",4,M00534,30,0.001
K14580,0.0,0.0,,,,1000.0,0.0,,,,,,,,,,,0.0,,,"K14579,K14582,K14583,K14585",4,M00534,20,0.001
K14581,0.001,0.001,,,,1000.0,0.0,,,,,,,,,,,0.0,,,"K00152,K14579,K14580,K14582,K14583,K14585",6,"M00534,M00638",657,0.031
K14582,0.0,0.0,260.0,SAMD00000344.contig00010_16,260.0,1.1e-35,120.5,1.4e-35,120.2,3.0,255.0,3.0,249.0,K22606,250.8,433.2,True,5.967488098339028e-40,False,True,"K14579,K14580,K14583,K14585",4,M00534,22,0.001
K14583,0.0,0.0,,,,1000.0,0.0,,,,,,,,,,,0.0,,,"K14579,K14580,K14582,K14585",4,M00534,16,0.001
K14584,1.0,1.0,198.0,SAMD00000344.contig00015_55,198.0,0.17,9.1,0.035,11.3,50.0,153.0,189.0,289.0,K14584,9.1,167.63,False,1.0,False,True,"K00152,K14579,K14580,K14581,K14582,K14583,K14585",7,M00534,4972,0.232
K14585,0.0,0.0,330.0,SAMD00000344.contig00021_13,330.0,3.8e-23,79.3,5.9e-23,78.7,32.0,266.0,20.0,249.0,K01714,313.7,405.87,True,2.7451685601559337e-71,False,True,"K14579,K14580,K14582,K14583",4,M00534,53,0.002
K14626,0.001,0.001,,,,1000.0,0.0,,,,,,,,,,,0.0,,,"K14627,K14628,K14630",3,M00779,599,0.028
K14627,0.0,0.0,,,,1000.0,0.0,,,,,,,,,,,0.0,,,,0,M00779,268,0.013
K14628,0.0,0.0,,,,1000.0,0.0,,,,,,,,,,,0.0,,,K14630,1,M00779,429,0.02
K14629,0.01,0.01,304.0,SAMD00000344.contig00004_96,304.0,8.9e-56,186.7,1.5999999999999999e-55,185.8,1.0,302.0,4.0,334.0,K23164,290.8,411.9,True,4.4863317600407125e-32,False,True,"K05556,K14626,K14627,K14628,K14630",5,M00779,2553,0.119
K14630,0.0,0.0,377.0,SAMD00000344.contig00008_11,377.0,0.004,13.1,0.034,10.1,43.0,206.0,45.0,218.0,K18244,355.5,433.5,True,8.459203729861947e-104,False,True,,0,M00779,205,0.01
K14631,0.002,0.002,,,,1000.0,0.0,,,,,,,,,,,0.0,,,"K05556,K14626,K14627,K14628,K14630",5,M00779,1098,0.051
K14632,0.003,0.003,,,,1000.0,0.0,,,,,,,,,,,0.0,,,"K05556,K14626,K14627,K14628,K14630",5,M00779,1443,0.067
K14652,0.423,0.423,,,,1000.0,0.0,,,,,,,,,,,0.0,,,"K00082,K01498,K20860,K21063,K22099,K22100,K22912",7,"M00125,M00840",16634,0.777
K14657,0.101,0.101,304.0,SAMD00000344.contig00017_11,304.0,2.8e-19,66.7,3.6e-19,66.3,14.0,255.0,9.0,249.0,K21900,237.6,252.67,True,3.5807478598504246e-52,False,True,"K14658,K14666",2,M00664,8129,0.38
K14658,0.001,0.001,,,,1000.0,0.0,,,,,,,,,,,0.0,,,,0,M00664,581,0.027
K14659,0.001,0.001,219.0,SAMD00000344.contig00035_9,219.0,0.00062,16.1,0.0011,15.2,58.0,122.0,266.0,328.0,K01567,33.5,262.43,True,4.34775155899023e-06,False,True,,0,M00664,705,0.033
K14666,0.0,0.0,433.0,SAMD00000344.contig00012_65,433.0,3.9e-15,52.5,7.4e-15,51.6,49.0,175.0,5.0,128.0,K25652,250.2,411.8,True,3.06457219739963e-60,False,True,,0,M00664,472,0.022
K14674,0.0,0.0,,,,1000.0,0.0,,,,,,,,,,,0.0,,,,0,M00098,446,0.021
K14675,0.0,0.0,,,,1000.0,0.0,,,,,,,,,,,0.0,,,,0,M00098,4,0.0
K14677,0.0,0.0,610.0,SAMD00000344.contig00019_3,610.0,4.4e-22,75.3,1.1e-21,74.0,89.0,429.0,3.0,330.0,K01439,299.6,180.4,True,3.012811583611497e-68,False,True,,0,M00028,6,0.0
K14681,0.009,0.009,626.0,SAMD00000344.contig00025_9,626.0,2.3999999999999998e-169,561.7,2.9e-169,561.4,3.0,454.0,6.0,456.0,K01755,728.3,964.23,True,7.053468357203083e-51,False,True,,0,"M00028,M00844",2393,0.112
K14682,0.053,0.053,632.0,SAMD00000344.contig00024_10,632.0,3.4e-26,89.0,4.3e-26,88.7,150.0,407.0,2.0,234.0,K00930,245.3,235.97,True,8.892250278579148e-48,False,True,,0,M00028,5913,0.276
K14727,1.0,1.0,654.0,SAMD00000344.contig00004_108,654.0,6.2e-22,74.8,1.7e-11,40.3,501.0,628.0,123.0,250.0,K14727,74.8,352.03,False,1.0,False,True,,0,M00568,6756,0.316
K14759,0.0,0.0,1851.0,SAMD00000344.contig00013_31,1851.0,5.400000000000001e-28,94.0,6.4000000000000005e-28,93.7,1133.0,1468.0,6.0,317.0,K19802,381.9,1228.6,True,2.155084227058283e-87,False,True,,0,M00932,27,0.001
K14760,0.0,0.0,670.0,SAMD00000344.contig00016_59,670.0,4.5e-64,214.0,1e-62,209.4,119.0,638.0,29.0,506.0,K18687,271.5,383.97,True,4.906524748583155e-18,False,True,,0,M00932,7,0.0
K14974,0.003,0.003,382.0,SAMD00000344.contig00003_41,382.0,0.00038,16.3,0.00068,15.4,5.0,47.0,2.0,46.0,K03153,196.5,473.73,True,5.680607480294893e-55,False,True,,0,M00622,1500,0.07
K15013,0.0,0.0,792.0,SAMD00000344.contig00016_59,792.0,1.3e-34,116.4,2.2e-07,26.4,296.0,365.0,159.0,225.0,K18687,271.5,638.0,True,2.0428967474137977e-47,False,True,,0,M00086,301,0.014
K15016,0.0,0.0,654.0,SAMD00000344.contig00001_226,654.0,1.3e-88,295.2,1.4e-88,295.0,397.0,654.0,3.0,261.0,K01715,364.2,443.0,True,1.6940658945085753e-21,False,True,K15036,1,"M00374,M00375",445,0.021
K15017,1.0,1.0,356.0,SAMD00000344.contig00011_81,356.0,1.5e-71,238.3,1.7e-71,238.1,4.0,356.0,3.0,361.0,K15017,238.3,696.17,False,1.0,False,True,,0,"M00374,M00375",17,0.001
K15018,0.0,0.0,654.0,SAMD00000344.contig00029_11,654.0,9e-24,80.9,0.15,7.5,219.0,270.0,122.0,175.0,K22133,447.6,1311.6,True,4.081560504135249e-111,False,True,,0,M00375,2,0.0
K15019,0.003,0.003,261.0,SAMD00000344.contig00001_226,261.0,2.2e-95,316.1,2.5e-95,315.9,1.0,260.0,1.0,260.0,K01715,364.2,339.57,True,3.3147990718050095e-15,False,True,K01964,1,M00375,1441,0.067
K15020,0.0,0.0,336.0,SAMD00000344.contig00009_41,336.0,1.6000000000000002e-65,218.4,1.8000000000000001e-65,218.2,1.0,335.0,1.0,335.0,K13953,407.6,345.0,True,1.1094936484950461e-57,False,True,,0,M00375,163,0.008
K15022,0.009,0.009,609.0,SAMD00000344.contig00022_15,609.0,2.4e-14,49.7,0.00017,17.2,228.0,321.0,89.0,181.0,K05910,744.3,642.27,True,8.027217154656771e-210,False,True,"K00194,K00198,K14138,K25008,K25123,K25124",6,"M00377,M00618",2410,0.113
K15023,0.001,0.001,266.0,SAMD00000344.contig00021_2,266.0,0.0053,13.1,92.0,-0.8,34.0,84.0,749.0,799.0,K01958,1831.2,268.37,True,0.0,False,True,"K25007,K25008,K25123,K25124",4,"M00377,M00618",905,0.042
K15024,0.007,0.007,,,,1000.0,0.0,,,,,,,,,,,0.0,,,"K00198,K25008,K25123,K25124",4,"M00579,M00618",2172,0.101
K15036,0.0,0.0,523.0,SAMD00000344.contig00022_28,523.0,5.2e-11,38.9,6.7e-11,38.6,79.0,193.0,100.0,215.0,K01963,342.4,1079.7,True,4.339066598488372e-92,False,True,,0,"M00375,M00741",4,0.0
K15037,0.0,0.0,169.0,SAMD00000344.contig00021_2,169.0,1.1e-16,58.2,1700.0,-4.1,52.0,79.0,268.0,295.0,K01958,1831.2,133.0,True,0.0,False,True,,0,"M00375,M00741",157,0.007
K15038,0.0,0.0,472.0,SAMD00000344.contig00002_191,472.0,8.8e-109,361.2,1.1e-108,361.0,3.0,462.0,20.0,472.0,K07248,692.4,694.93,True,1.9900566346423307e-100,False,True,,0,"M00374,M00375",2,0.0
K15039,0.0,0.0,318.0,SAMD00000344.contig00001_118,318.0,2.7e-15,53.3,4.1e-12,42.9,58.0,226.0,90.0,257.0,K00074,293.8,609.13,True,4.000701243006604e-73,False,True,,0,M00375,0,0.0
K15052,0.0,0.0,535.0,SAMD00000344.contig00002_17,535.0,4.2e-06,22.7,4.6e-06,22.6,90.0,250.0,89.0,245.0,K01604,76.6,1029.73,True,5.948811394506752e-17,False,True,,0,"M00376,M00613",38,0.002
K15227,0.0,0.0,,,,1000.0,0.0,,,,,,,,,,,0.0,,,K01850,1,M00040,28,0.001
K15230,0.0,0.0,,,,1000.0,0.0,,,,,,,,,,,0.0,,,"K08940,K08941,K08943,K15231",4,"M00173,M00614",28,0.001
K15231,0.0,0.0,,,,1000.0,0.0,,,,,,,,,,,0.0,,,"K08940,K08941,K08943,K15230",4,"M00173,M00614",31,0.001
K15314,0.003,0.003,1968.0,SAMD00000344.contig00022_34,1968.0,8.4e-54,179.4,9.8e-54,179.2,583.0,851.0,3.0,279.0,K00645,300.7,1076.83,True,3.0553539307476153e-37,False,True,"K21160,K21161,K21165,K21166",4,M00824,1458,0.068
K15320,0.0,0.0,1741.0,SAMD00000344.contig00022_32,1741.0,4e-31,104.3,1.8e-30,102.1,77.0,390.0,53.0,369.0,K09458,519.1,2183.77,True,1.3575561407966404e-125,False,True,"K21191,K21192",2,M00829,411,0.019
K15357,0.002,0.002,273.0,SAMD00000344.contig00001_219,273.0,4.4e-15,52.3,5.9e-08,28.9,22.0,129.0,11.0,119.0,K00433,192.5,222.33,True,6.245893977415492e-43,False,True,,0,M00622,1150,0.054
K15359,0.001,0.001,,,,1000.0,0.0,,,,,,,,,,,0.0,,,,0,M00811,878,0.041
K15376,0.0,0.0,950.0,SAMD00000344.contig00005_39,950.0,5.8e-05,18.4,0.00011,17.6,618.0,682.0,4.0,68.0,K03742,455.4,398.77,True,2.817681462947414e-132,False,True,,0,M00880,21,0.001
K15408,0.005,0.005,,,,1000.0,0.0,,,,,,,,,,,0.0,,,,0,M00155,1742,0.081
K15576,0.03,0.03,,,,1000.0,0.0,,,,,,,,,,,0.0,,,"K10534,K15579",2,M00615,4445,0.208
K15577,0.018,0.018,448.0,SAMD00000344.contig00029_13,448.0,4.7999999999999997e-35,118.5,6e-35,118.2,222.0,412.0,66.0,256.0,K15554,293.3,284.53,True,2.3985940826382612e-53,False,True,"K10534,K15579",2,M00615,3451,0.161
K15578,0.015,0.015,280.0,SAMD00000344.contig00001_134,280.0,5.5e-65,216.6,7.1e-65,216.2,3.0,217.0,3.0,213.0,K11072,550.7,400.9,True,2.6661123624423573e-101,False,True,"K10534,K15579",2,M00615,3099,0.145
K15579,0.0,0.0,269.0,SAMD00000344.contig00001_134,269.0,5.500000000000001e-60,199.9,7.2e-60,199.5,8.0,230.0,3.0,222.0,K11072,550.7,412.67,True,2.5042490694967154e-106,False,True,,0,M00615,415,0.019
K15633,0.213,0.213,648.0,SAMD00000344.contig00001_93,648.0,1.6e-09,33.7,2.2e-09,33.3,451.0,570.0,266.0,383.0,K01839,565.6,79.17,True,7.62334029221919e-161,False,True,"K00150,K00844,K00918,K01622,K11389,K12406,K16305",7,"M00001,M00002,M00003",11803,0.552
K15634,0.367,0.367,334.0,SAMD00000344.contig00010_23,334.0,1.5e-45,153.2,1.7e-45,153.0,60.0,257.0,2.0,212.0,K22305,155.9,199.0,True,0.1330272671748636,False,True,"K00150,K00844,K00918,K08074,K12406,K16305",6,"M00001,M00002,M00003",13283,0.621
K15635,0.011,0.011,472.0,SAMD00000344.contig00001_93,472.0,1e-08,31.3,1.5e-08,30.8,318.0,391.0,280.0,357.0,K01839,565.6,113.4,True,1.4443528966328658e-161,False,True,"K00844,K01622,K08074,K11389",4,"M00001,M00002,M00003",2626,0.123
K15736,0.021,0.021,874.0,SAMD00000344.contig00004_31,874.0,2.1e-12,43.0,2.6e-12,42.8,571.0,736.0,7.0,179.0,K12448,424.7,576.33,True,1.2470313866558602e-115,False,True,,0,"M00956,M00957",3720,0.174
K15737,0.001,0.001,,,,1000.0,0.0,,,,,,,,,,,0.0,,,,0,"M00956,M00957,M00960",783,0.037
K15739,0.364,0.0,346.0,SAMD00000344.contig00005_69,346.0,5.8e-72,239.6,7.1e-72,239.3,3.0,343.0,6.0,353.0,K01921,337.1,548.5,True,4.462471163957836e-30,False,True,K18347,1,M00651,340,0.016
K15744,0.001,0.0,,,,1000.0,0.0,,,,,,,,,,,0.0,,,"K00514,K02293,K09835",3,M00097,549,0.026
K15745,0.0,0.0,552.0,SAMD00000344.contig00029_3,552.0,2.1e-05,20.3,6.9e-05,18.6,14.0,51.0,5.0,41.0,K22699,44.5,572.9,True,5.156144656887284e-08,False,True,,0,M00097,9,0.0
K15750,0.0,0.0,188.0,SAMD00000344.contig00025_8,188.0,0.0074,12.9,490.0,-2.8,107.0,128.0,338.0,359.0,K01940,595.5,281.2,True,4.167969441489809e-176,False,True,"K08689,K18087,K18088",3,M00543,109,0.005
K15751,0.0,0.0,,,,1000.0,0.0,,,,,,,,,,,0.0,,,"K15755,K15756",2,M00544,187,0.009
K15752,0.0,0.0,,,,1000.0,0.0,,,,,,,,,,,0.0,,,,0,M00544,63,0.003
K15753,0.0,0.0,,,,1000.0,0.0,,,,,,,,,,,0.0,,,,0,M00544,0,0.0
K15754,0.0,0.0,,,,1000.0,0.0,,,,,,,,,,,0.0,,,"K15755,K15756",2,M00544,267,0.012
K15755,0.0,0.0,272.0,SAMD00000344.contig00006_73,272.0,0.0064,12.9,0.0067,12.8,174.0,220.0,24.0,70.0,K14761,87.9,331.73,True,2.646977960169676e-23,False,True,"K15754,K15756",2,M00544,140,0.007
K15756,0.0,0.0,277.0,SAMD00000344.contig00031_5,277.0,8.9e-17,58.3,7.3e-16,55.3,8.0,274.0,3.0,289.0,K18457,260.0,374.9,True,1.9153576233747e-61,False,True,K15755,1,M00544,56,0.003
K15757,0.0,0.0,,,,1000.0,0.0,,,,,,,,,,,0.0,,,,0,M00537,25,0.001
K15758,0.0,0.0,,,,1000.0,0.0,,,,,,,,,,,0.0,,,K15757,1,M00537,147,0.007
K15760,0.0,0.0,500.0,SAMD00000344.contig00004_74,500.0,0.056,9.1,0.076,8.6,158.0,206.0,2.0,52.0,K08166,357.9,301.0,True,1.001699627791914e-105,False,True,"K15761,K15763,K15764,K15765",4,M00538,175,0.008
K15761,0.0,0.0,,,,1000.0,0.0,,,,,,,,,,,0.0,,,"K15760,K15763,K15764,K15765",4,M00538,167,0.008
K15762,0.002,0.002,,,,1000.0,0.0,,,,,,,,,,,0.0,,,"K15760,K15761,K15763,K15764,K15765",5,M00538,1036,0.048
K15763,0.0,0.0,,,,1000.0,0.0,,,,,,,,,,,0.0,,,"K15760,K15761,K15764,K15765",4,M00538,178,0.008
K15764,0.0,0.0,,,,1000.0,0.0,,,,,,,,,,,0.0,,,"K15760,K15761,K15763,K15765",4,M00538,182,0.009
K15765,0.0,0.0,,,,1000.0,0.0,,,,,,,,,,,0.0,,,"K15760,K15761,K15763,K15764",4,M00538,190,0.009
K15778,0.074,0.074,978.0,SAMD00000344.contig00028_17,978.0,3.4e-88,293.9,4.2e-88,293.6,504.0,941.0,4.0,440.0,K03431,650.6,445.7,True,4.193730775418415e-108,False,True,K12447,1,"M00549,M00855",6965,0.325
K15779,1.0,1.0,1062.0,SAMD00000344.contig00025_3,1062.0,6.100000000000001e-124,412.2,7.000000000000001e-124,412.0,163.0,694.0,35.0,564.0,K15779,412.2,979.7,False,0.9999990463264794,False,True,"K00844,K12447",2,"M00549,M00855",6774,0.317
K15783,0.009,0.009,392.0,SAMD00000344.contig00005_7,392.0,7.099999999999999e-62,206.5,9.4e-62,206.1,16.0,389.0,4.0,362.0,K01271,364.9,387.4,True,2.074190719729205e-48,False,True,,0,M00919,2386,0.111
K15784,0.006,0.006,,,,1000.0,0.0,,,,,,,,,,,0.0,,,,0,M00919,1932,0.09
K15785,0.004,0.004,508.0,SAMD00000344.contig00014_1,508.0,2.5e-79,264.2,3.2e-79,263.8,22.0,455.0,18.0,434.0,K20708,820.1,623.17,True,4.54386490119653e-168,False,True,,0,M00919,1612,0.075
K15786,0.003,0.003,494.0,SAMD00000344.contig00002_191,494.0,2.7e-117,389.5,3.4e-117,389.2,21.0,489.0,6.0,477.0,K07248,692.4,741.63,True,6.576795126520829e-92,False,True,,0,M00919,1366,0.064
K15842,0.076,0.0,,,,1000.0,0.0,,,,,,,,,,,0.0,,,"K12086,K12087,K12088,K12089,K12090,K12091,K12092,K12093,K12094,K12095,K12096,K12098,K12099,K12100,K12101,K12102,K12103,K12104,K12105,K12106,K12107,K12108,K12109,K12110",24,M00564,25,0.001
K15849,0.997,0.997,592.0,SAMD00000344.contig00032_2,592.0,7.2e-102,338.8,8.6e-102,338.5,147.0,545.0,8.0,390.0,K15849,338.8,614.13,False,0.9970417515066001,False,True,,0,M00040,23,0.001
K15862,0.006,0.006,925.0,SAMD00000344.contig00001_87,925.0,2e-10,36.2,5.7e-10,34.7,438.0,571.0,622.0,758.0,K04561,877.1,1001.3,True,7.309314455522228e-254,False,True,,0,M00156,1910,0.089
K15864,0.001,0.001,,,,1000.0,0.0,,,,,,,,,,,0.0,,,,0,"M00529,M00973",653,0.031
K15866,0.155,0.154,419.0,SAMD00000344.contig00001_226,419.0,6e-77,256.6,6.6e-77,256.4,102.0,358.0,6.0,260.0,K01715,364.2,287.37,True,4.0660476755414356e-33,False,True,K02615,1,M00878,10050,0.47
K15876,0.002,0.002,,,,1000.0,0.0,,,,,,,,,,,0.0,,,,0,M00530,1262,0.059
K15884,0.0,0.0,,,,1000.0,0.0,,,,,,,,,,,0.0,,,,0,M00778,116,0.005
K15885,0.0,0.0,,,,1000.0,0.0,,,,,,,,,,,0.0,,,,0,M00778,518,0.024
K15886,0.0,0.0,,,,1000.0,0.0,,,,,,,,,,,0.0,,,K15968,1,"M00778,M00783",58,0.003
K15894,0.016,0.016,351.0,SAMD00000344.contig00012_58,351.0,9.2e-75,248.7,1.4000000000000001e-74,248.1,6.0,289.0,269.0,559.0,K24300,639.3,307.97,True,2.6162768214216263e-118,False,True,,0,M00923,3197,0.149
K15907,0.0,0.0,450.0,SAMD00000344.contig00011_43,450.0,0.02,10.7,0.027,10.2,134.0,225.0,110.0,199.0,K03490,88.0,620.13,True,5.299034350684745e-24,False,True,"K17476,K17747,K18056,K18057",4,M00819,165,0.008
K15916,0.006,0.006,383.0,SAMD00000344.contig00017_51,383.0,1e-13,48.2,1.4e-13,47.7,17.0,182.0,90.0,252.0,K23238,198.7,172.93,True,4.954338232951886e-46,False,True,K12406,1,"M00001,M00004",2017,0.094
K15941,0.01,0.01,,,,1000.0,0.0,,,,,,,,,,,0.0,,,"K15942,K15943,K15944",3,M00781,2511,0.117
K15942,0.0,0.0,286.0,SAMD00000344.contig00011_32,286.0,1.3e-20,70.7,1.8e-20,70.3,8.0,212.0,7.0,217.0,K03183,308.4,365.07,True,2.7872121767355345e-72,False,True,K15944,1,M00781,529,0.025
K15943,0.0,0.0,,,,1000.0,0.0,,,,,,,,,,,0.0,,,,0,M00781,346,0.016
K15944,0.0,0.0,254.0,SAMD00000344.contig00013_17,254.0,7.299999999999999e-41,137.0,8.6e-41,136.7,12.0,251.0,30.0,268.0,K00065,379.8,374.5,True,8.126752860335369e-74,False,True,,0,M00781,352,0.016
K15968,0.0,0.0,,,,1000.0,0.0,,,,,,,,,,,0.0,,,"K15886,K15972",2,M00783,73,0.003
K15969,0.0,0.0,,,,1000.0,0.0,,,,,,,,,,,0.0,,,K15886,1,M00783,567,0.026
K15970,0.0,0.0,,,,1000.0,0.0,,,,,,,,,,,0.0,,,,0,M00783,318,0.015
K15971,0.016,0.016,,,,1000.0,0.0,,,,,,,,,,,0.0,,,"K15886,K15968,K15969,K15970,K15972",5,M00783,3252,0.152
K15972,0.0,0.0,,,,1000.0,0.0,,,,,,,,,,,0.0,,,,0,M00783,19,0.001
K15997,0.0,0.0,,,,1000.0,0.0,,,,,,,,,,,0.0,,,K14367,1,M00774,13,0.001
K16041,0.0,0.0,,,,1000.0,0.0,,,,,,,,,,,0.0,,,"K12784,K12785,K12786,K12787,K12788,K16042",6,M00542,13,0.001
K16042,0.0,0.0,,,,1000.0,0.0,,,,,,,,,,,0.0,,,"K12784,K12785,K12786,K12787,K12788,K16041",6,M00542,39,0.002
K16054,0.0,0.0,600.0,SAMD00000344.contig00001_240,600.0,1.8e-08,30.5,3.5e-08,29.6,111.0,300.0,18.0,194.0,K03077,325.0,439.7,True,2.2216020984260206e-89,False,True,,0,M00034,2,0.0
K16066,1.0,1.0,421.0,SAMD00000344.contig00020_27,421.0,2.4e-73,244.6,2.6e-73,244.5,131.0,376.0,2.0,245.0,K16066,244.6,378.83,False,0.9999956180821469,False,True,,0,M00939,14015,0.655
K16149,0.005,0.005,746.0,SAMD00000344.contig00012_62,746.0,2.1e-15,52.9,2.5e-15,52.7,517.0,711.0,63.0,363.0,K19422,357.7,237.57,True,1.7622086212857255e-92,False,True,,0,"M00565,M00854",1844,0.086
K16150,0.211,0.211,555.0,SAMD00000344.contig00032_5,555.0,1.2e-52,176.8,1.4e-52,176.5,108.0,445.0,1.0,380.0,K19002,413.7,297.2,True,4.852818260966045e-72,False,True,"K00693,K00750,K13679",3,M00854,11757,0.549
K16153,0.027,0.027,,,,1000.0,0.0,,,,,,,,,,,0.0,,,"K00693,K22451",2,"M00854,M00855",4202,0.196
K16157,0.0,0.0,,,,1000.0,0.0,,,,,,,,,,,0.0,,,"K16158,K16159,K16160,K16162",4,M00174,23,0.001
K16158,0.0,0.0,,,,1000.0,0.0,,,,,,,,,,,0.0,,,"K16157,K16159,K16160,K16162",4,M00174,34,0.002
K16159,0.0,0.0,,,,1000.0,0.0,,,,,,,,,,,0.0,,,"K16157,K16158,K16160,K16162",4,M00174,34,0.002
K16160,0.0,0.0,,,,1000.0,0.0,,,,,,,,,,,0.0,,,"K16157,K16158,K16159,K16162",4,M00174,30,0.001
K16161,0.0,0.0,,,,1000.0,0.0,,,,,,,,,,,0.0,,,"K16157,K16158,K16159,K16160,K16162",5,M00174,220,0.01
K16162,0.0,0.0,,,,1000.0,0.0,,,,,,,,,,,0.0,,,"K16157,K16158,K16159,K16160",4,M00174,25,0.001
K16171,0.031,0.031,,,,1000.0,0.0,,,,,,,,,,,0.0,,,K00815,1,M00044,4536,0.212
K16176,0.0,0.0,,,,1000.0,0.0,,,,,,,,,,,0.0,,,"K00584,K16178",2,"M00563,M00617",32,0.001
K16177,0.0,0.0,,,,1000.0,0.0,,,,,,,,,,,0.0,,,,0,"M00563,M00617",25,0.001
K16178,0.0,0.0,,,,1000.0,0.0,,,,,,,,,,,0.0,,,,0,"M00563,M00617",16,0.001
K16179,0.004,0.003,,,,1000.0,0.0,,,,,,,,,,,0.0,,,"K00125,K00194,K00197,K00203,K00204,K00205,K00584,K04480,K11261,K14080,K14081,K14082,K14083,K14084,K14126,K14127,K14128,K16176,K16178,K22480",20,"M00563,M00617",1468,0.069
K16242,0.001,0.001,,,,1000.0,0.0,,,,,,,,,,,0.0,,,"K16245,K16249",2,M00548,670,0.031
K16243,0.001,0.0,,,,1000.0,0.0,,,,,,,,,,,0.0,,,"K16245,K16249",2,M00548,525,0.025
K16244,0.001,0.0,,,,1000.0,0.0,,,,,,,,,,,0.0,,,"K16245,K16249",2,M00548,516,0.024
K16245,0.001,0.0,,,,1000.0,0.0,,,,,,,,,,,0.0,,,"K16242,K16243,K16244,K16249",4,M00548,511,0.024
K16246,0.003,0.003,,,,1000.0,0.0,,,,,,,,,,,0.0,,,"K16244,K16245,K16249",3,M00548,1403,0.066
K16249,0.001,0.0,,,,1000.0,0.0,,,,,,,,,,,0.0,,,"K16242,K16243,K16244,K16245",4,M00548,490,0.023
K16268,0.0,0.0,,,,1000.0,0.0,,,,,,,,,,,0.0,,,"K03268,K16269,K18089,K18090",4,M00547,9,0.0
K16269,0.0,0.0,275.0,SAMD00000344.contig00010_16,275.0,2.1e-28,96.3,2.6000000000000004e-28,96.0,1.0,255.0,1.0,248.0,K22606,250.8,598.7,True,3.0964613708686675e-47,False,True,"K03268,K16268,K18089,K18090",4,M00547,10,0.0
K16303,0.001,0.001,,,,1000.0,0.0,,,,,,,,,,,0.0,,,"K10620,K10623,K16304,K18227",4,M00539,639,0.03
K16304,0.0,0.0,,,,1000.0,0.0,,,,,,,,,,,0.0,,,"K10620,K10623,K18227",3,M00539,123,0.006
K16305,0.0,0.0,,,,1000.0,0.0,,,,,,,,,,,0.0,,,,0,M00001,85,0.004
K16306,0.002,0.002,,,,1000.0,0.0,,,,,,,,,,,0.0,,,K11389,1,M00001,1230,0.057
K16319,0.001,0.001,,,,1000.0,0.0,,,,,,,,,,,0.0,,,K18249,1,M00637,609,0.028
K16320,0.005,0.005,,,,1000.0,0.0,,,,,,,,,,,0.0,,,K18249,1,M00637,1769,0.083
K16363,0.005,0.005,465.0,SAMD00000344.contig00022_38,465.0,7.4e-45,150.6,8.1e-45,150.4,321.0,462.0,3.0,143.0,K02372,184.8,409.33,True,5.067271199380017e-11,False,True,,0,"M00083,M00866",1818,0.085
K16369,0.0,0.0,,,,1000.0,0.0,,,,,,,,,,,0.0,,,,0,M00091,15,0.001
K16370,0.008,0.008,328.0,SAMD00000344.contig00009_79,328.0,6.0999999999999996e-24,81.5,9.099999999999998e-24,81.0,22.0,299.0,12.0,287.0,K00852,375.6,317.7,True,2.9314215434626818e-89,False,True,K06859,1,"M00001,M00345",2280,0.107
K16431,0.013,0.013,496.0,SAMD00000344.contig00025_2,496.0,5.5e-06,22.6,10.0,1.9,129.0,164.0,195.0,231.0,K00384,383.6,686.8,True,2.1289799200040947e-109,False,True,K21181,1,M00827,2909,0.136
K16435,0.001,0.001,,,,1000.0,0.0,,,,,,,,,,,0.0,,,"K13316,K13318,K13322,K13327,K13328,K13329,K13330,K16436,K16438,K19857",10,"M00798,M00799,M00800,M00802",605,0.028
K16436,0.001,0.001,369.0,SAMD00000344.contig00012_61,369.0,9.3e-65,216.1,1.1e-64,215.8,26.0,366.0,23.0,374.0,K19430,564.1,533.83,True,1.7440603504672977e-105,False,True,"K13322,K16435,K16438",3,"M00797,M00800",687,0.032
K16438,0.0,0.0,,,,1000.0,0.0,,,,,,,,,,,0.0,,,"K13318,K13322,K13326,K16435,K19857",5,"M00798,M00799,M00800",449,0.021
K16593,0.017,0.017,,,,1000.0,0.0,,,,,,,,,,,0.0,,,,0,M00573,3317,0.155
K16649,1.0,1.0,405.0,SAMD00000344.contig00017_21,405.0,5.9e-50,167.3,3.3999999999999997e-49,164.8,55.0,311.0,3.0,260.0,K16649,167.3,150.87,False,1.0,False,False,,0,M00888,3587,0.168
K16650,0.007,0.007,696.0,SAMD00000344.contig00017_21,696.0,5.3e-10,35.4,0.0012,14.4,372.0,403.0,164.0,196.0,K16649,167.3,221.9,True,1.96853695401976e-40,False,True,,0,M00888,2159,0.101
K16792,0.0,0.0,417.0,SAMD00000344.contig00017_12,417.0,0.019,10.5,0.02,10.4,280.0,313.0,76.0,109.0,K00980,199.1,614.3,True,1.6816779034620745e-57,False,True,"K01655,K05824",2,"M00433,M00608",351,0.016
K16793,0.002,0.002,,,,1000.0,0.0,,,,,,,,,,,0.0,,,"K01655,K05824",2,"M00433,M00608",1140,0.053
K16816,0.0,0.0,,,,1000.0,0.0,,,,,,,,,,,0.0,,,,0,M00098,1,0.0
K16838,0.0,0.0,,,,1000.0,0.0,,,,,,,,,,,0.0,,,,0,M00546,210,0.01
K16839,0.048,0.048,385.0,SAMD00000344.contig00003_63,385.0,0.00032,16.8,18.0,1.1,2.0,30.0,149.0,177.0,K17869,813.4,297.5,True,1.5830894477571027e-240,False,True,"K00106,K13484",2,M00546,5585,0.261
K16840,0.012,0.012,,,,1000.0,0.0,,,,,,,,,,,0.0,,,K13484,1,M00546,2752,0.129
K16842,0.073,0.073,,,,1000.0,0.0,,,,,,,,,,,0.0,,,K00106,1,M00546,6911,0.323
K16849,0.009,0.009,112.0,SAMD00000344.contig00007_20,112.0,0.016,12.4,1600.0,-3.7,13.0,24.0,92.0,103.0,K16845,19.6,105.9,True,0.006755232747054525,False,True,,0,M00631,1181,0.055
K16850,0.003,0.003,,,,1000.0,0.0,,,,,,,,,,,0.0,,,,0,M00631,1282,0.06
K16869,1.0,1.0,322.0,SAMD00000344.contig00016_30,322.0,1.5e-77,258.1,1.7e-77,257.9,60.0,317.0,7.0,273.0,K16869,258.1,118.57,False,1.0,False,False,,0,M00883,2771,0.129
K16870,0.218,0.218,383.0,SAMD00000344.contig00017_21,383.0,3e-18,63.1,3.8e-17,59.5,59.0,309.0,2.0,247.0,K16649,167.3,142.5,True,4.2921456587652474e-32,False,True,,0,M00888,11938,0.558
K16871,0.004,0.004,516.0,SAMD00000344.contig00014_1,516.0,2.0000000000000002e-82,274.4,2.5e-82,274.0,59.0,479.0,28.0,433.0,K20708,820.1,593.9,True,5.344798860629135e-165,False,True,"K00139,K17761",2,M00027,1531,0.072
K16883,0.0,0.0,,,,1000.0,0.0,,,,,,,,,,,0.0,,,,0,M00576,46,0.002
K16884,0.0,0.0,,,,1000.0,0.0,,,,,,,,,,,0.0,,,,0,M00576,2,0.0
K17069,0.001,0.001,594.0,SAMD00000344.contig00010_60,594.0,5.299999999999999e-190,630.1,5.799999999999999e-190,630.0,16.0,440.0,3.0,423.0,K01740,693.3,771.4,True,9.438528119842194e-20,False,True,,0,M00021,635,0.03
K17103,0.262,0.262,369.0,SAMD00000344.contig00005_40,369.0,5.1e-06,23.1,1.4e-05,21.6,114.0,179.0,3.0,120.0,K08744,151.3,130.2,True,2.5583181442583643e-39,False,True,,0,M00093,13101,0.612
K17216,1.0,1.0,307.0,SAMD00000344.contig00016_42,307.0,5.6e-130,429.9,6.9e-130,429.6,4.0,300.0,3.0,299.0,K17216,429.9,454.53,False,1.0,False,True,,0,M00609,1438,0.067
K17217,0.999,0.999,379.0,SAMD00000344.contig00016_41,379.0,3.9e-163,539.6,4.4e-163,539.5,1.0,378.0,1.0,378.0,K17217,539.6,599.27,False,0.9993992164248169,False,True,,0,M00609,2684,0.125
K17222,0.003,0.003,,,,1000.0,0.0,,,,,,,,,,,0.0,,,,0,M00595,1327,0.062
K17223,0.016,0.016,,,,1000.0,0.0,,,,,,,,,,,0.0,,,,0,M00595,3189,0.149
K17224,0.004,0.004,854.0,SAMD00000344.contig00034_9,854.0,8.199999999999999e-35,117.1,1.2,4.1,315.0,335.0,4.0,26.0,K11751,218.8,384.4,True,2.4280042409225885e-31,False,True,,0,M00595,1690,0.079
K17225,0.004,0.004,,,,1000.0,0.0,,,,,,,,,,,0.0,,,,0,M00595,1526,0.071
K17226,0.009,0.009,,,,1000.0,0.0,,,,,,,,,,,0.0,,,,0,M00595,2375,0.111
K17227,0.003,0.003,,,,1000.0,0.0,,,,,,,,,,,0.0,,,,0,M00595,1439,0.067
K17398,0.0,0.0,,,,1000.0,0.0,,,,,,,,,,,0.0,,,K17399,1,M00035,89,0.004
K17399,0.0,0.0,,,,1000.0,0.0,,,,,,,,,,,0.0,,,,0,M00035,24,0.001
K17450,0.004,0.004,,,,1000.0,0.0,,,,,,,,,,,0.0,,,,0,M00433,1612,0.075
K17462,0.025,0.025,291.0,SAMD00000344.contig00011_32,291.0,3e-24,83.1,3.7e-24,82.8,73.0,269.0,12.0,222.0,K03183,308.4,114.9,True,1.5064057922376168e-68,False,True,,0,M00609,4058,0.19
K17463,1.0,1.0,247.0,SAMD00000344.contig00002_150,247.0,4.5e-89,295.1,5.2000000000000004e-89,294.9,6.0,246.0,7.0,244.0,K17463,295.1,272.4,False,1.0,False,False,,0,"M00061,M00631",2003,0.094
K17476,0.0,0.0,,,,1000.0,0.0,,,,,,,,,,,0.0,,,"K17747,K18057",2,M00819,20,0.001
K17625,0.0,0.0,292.0,SAMD00000344.contig00004_31,292.0,7.7e-08,28.7,3.6e-07,26.6,6.0,138.0,4.0,152.0,K12448,424.7,539.57,True,6.182276807511163e-120,False,True,,0,M00795,142,0.007
K17722,0.018,0.018,446.0,SAMD00000344.contig00010_4,446.0,6.9e-18,61.7,0.17,7.7,144.0,186.0,13.0,55.0,K00382,572.4,457.83,True,1.8364589048080313e-154,False,True,,0,M00046,3472,0.162
K17723,0.026,0.026,570.0,SAMD00000344.contig00006_15,570.0,3e-56,188.3,3.6e-56,188.0,116.0,431.0,5.0,304.0,K17828,418.1,456.2,True,6.657435943186706e-70,False,True,,0,M00046,4098,0.191
K17745,0.0,0.0,243.0,SAMD00000344.contig00020_27,243.0,2.6e-42,141.9,3.4e-42,141.5,3.0,238.0,6.0,243.0,K16066,244.6,405.23,True,1.2139968008037783e-31,False,True,,0,M00843,286,0.013
K17747,0.0,0.0,275.0,SAMD00000344.contig00009_91,275.0,4.2e-30,102.1,4.9000000000000004e-30,101.9,1.0,221.0,1.0,224.0,K25787,146.4,475.17,True,4.6171203186769785e-14,False,True,"K17476,K18056,K18057",3,M00819,33,0.002
K17755,0.002,0.002,,,,1000.0,0.0,,,,,,,,,,,0.0,,,,0,M00555,998,0.047
K17761,0.0,0.0,520.0,SAMD00000344.contig00002_191,520.0,4.5e-112,372.5,5.5e-112,372.2,42.0,513.0,4.0,478.0,K07248,692.4,852.83,True,5.017696477142807e-97,False,True,,0,M00027,53,0.002
K17828,1.0,1.0,409.0,SAMD00000344.contig00006_15,409.0,4.1000000000000004e-126,418.1,4.7e-126,417.9,47.0,344.0,4.0,304.0,K17828,418.1,288.6,False,1.0,False,False,"K00608,K11541",2,M00051,6805,0.318
K17835,0.0,0.0,,,,1000.0,0.0,,,,,,,,,,,0.0,,,K18287,1,M00905,355,0.017
K17836,1.0,1.0,356.0,SAMD00000344.contig00002_22,356.0,2.1e-25,86.8,3.9999999999999997e-25,85.9,41.0,283.0,17.0,273.0,K17836,86.8,91.73,False,1.0,False,True,,0,M00627,7967,0.372
K17841,0.0,0.0,,,,1000.0,0.0,,,,,,,,,,,0.0,,,,0,M00097,22,0.001
K17865,1.0,1.0,331.0,SAMD00000344.contig00001_224,331.0,8.4e-54,180.0,9.5e-54,179.8,157.0,295.0,4.0,144.0,K17865,180.0,168.7,False,1.0,False,False,,0,M00373,11343,0.53
K17872,0.0,0.0,526.0,SAMD00000344.contig00006_44,526.0,3.4999999999999995e-55,184.6,4.1e-55,184.4,52.0,430.0,3.0,378.0,K03885,341.4,354.37,True,6.287770471991454e-48,False,True,"K12073,K23094,K23095",3,M00932,200,0.009
K17877,0.0,0.0,1076.0,SAMD00000344.contig00022_16,1076.0,5.7e-29,97.5,7.000000000000001e-29,97.2,6.0,306.0,6.0,290.0,K00529,324.4,1525.33,True,4.969262561369536e-69,False,True,,0,"M00531,M00615",54,0.003
K17900,0.0,0.0,,,,1000.0,0.0,,,,,,,,,,,0.0,,,,0,M00098,450,0.021
K17942,0.0,0.0,323.0,SAMD00000344.contig00003_18,323.0,1e-61,206.0,1.1999999999999999e-61,205.7,1.0,288.0,4.0,295.0,K01597,340.2,413.13,True,3.99737214554596e-41,False,True,,0,M00849,2,0.0
K17989,0.002,0.002,540.0,SAMD00000344.contig00001_150,540.0,4.8999999999999995e-47,158.1,5.999999999999999e-47,157.8,168.0,476.0,28.0,329.0,K01754,425.1,272.87,True,4.216879177292267e-81,False,True,,0,M00570,1100,0.051
K18020,0.0,0.0,,,,1000.0,0.0,,,,,,,,,,,0.0,,,,0,M00309,0,0.0
K18021,0.0,0.0,,,,1000.0,0.0,,,,,,,,,,,0.0,,,,0,M00309,0,0.0
K18022,0.0,0.0,,,,1000.0,0.0,,,,,,,,,,,0.0,,,,0,M00309,4,0.0
K18028,0.004,0.004,,,,1000.0,0.0,,,,,,,,,,,0.0,,,,0,M00622,1591,0.074
K18029,0.006,0.006,,,,1000.0,0.0,,,,,,,,,,,0.0,,,,0,M00622,2006,0.094
K18030,0.015,0.015,,,,1000.0,0.0,,,,,,,,,,,0.0,,,,0,M00622,3164,0.148
K18056,0.0,0.0,,,,1000.0,0.0,,,,,,,,,,,0.0,,,"K17476,K17747,K18057",3,M00819,73,0.003
K18057,0.0,0.0,,,,1000.0,0.0,,,,,,,,,,,0.0,,,"K17476,K17747,K18056",3,M00819,28,0.001
K18062,0.002,0.002,,,,1000.0,0.0,,,,,,,,,,,0.0,,,"K12744,K12745",2,M00673,997,0.047
K18063,0.0,0.0,,,,1000.0,0.0,,,,,,,,,,,0.0,,,"K04126,K12744,K12745",3,M00673,36,0.002
K18067,0.0,0.0,388.0,SAMD00000344.contig00027_26,388.0,1.3e-26,91.1,11.0,2.4,329.0,370.0,297.0,338.0,K16044,312.3,240.07,True,2.583241203089957e-67,False,True,K18069,1,M00623,437,0.02
K18068,0.002,0.002,,,,1000.0,0.0,,,,,,,,,,,0.0,,,K18069,1,M00623,1190,0.056
K18069,0.0,0.0,,,,1000.0,0.0,,,,,,,,,,,0.0,,,K18067,1,M00623,450,0.021
K18072,0.005,0.005,429.0,SAMD00000344.contig00001_64,429.0,1.9e-52,175.9,2.3e-52,175.6,4.0,427.0,14.0,449.0,K07642,313.6,470.1,True,3.5332111888021855e-42,False,True,,0,M00745,1810,0.085
K18073,0.537,0.537,233.0,SAMD00000344.contig00001_65,233.0,7.6e-70,232.0,8.399999999999999e-70,231.9,4.0,228.0,1.0,226.0,K18073,232.0,336.43,False,0.5346019613805213,False,True,,0,M00745,1829,0.085
K18074,0.0,0.0,,,,1000.0,0.0,,,,,,,,,,,0.0,,,"K18075,K18076,K18077",3,M00624,121,0.006
K18075,0.0,0.0,,,,1000.0,0.0,,,,,,,,,,,0.0,,,"K18074,K18076,K18077",3,M00624,96,0.004
K18076,0.0,0.0,,,,1000.0,0.0,,,,,,,,,,,0.0,,,"K18074,K18075,K18077",3,M00624,107,0.005
K18077,0.0,0.0,,,,1000.0,0.0,,,,,,,,,,,0.0,,,"K18075,K18076",2,M00624,30,0.001
K18087,0.0,0.0,,,,1000.0,0.0,,,,,,,,,,,0.0,,,"K08689,K15750,K18088",3,M00543,108,0.005
K18088,0.0,0.0,408.0,SAMD00000344.contig00022_16,408.0,3.7e-42,141.7,4.7e-42,141.3,6.0,342.0,13.0,347.0,K00529,324.4,629.47,True,1.0041943015023692e-55,False,True,K08689,1,M00543,28,0.001
K18089,0.0,0.0,,,,1000.0,0.0,,,,,,,,,,,0.0,,,"K03268,K16268,K16269,K18090",4,M00547,12,0.001
K18090,0.0,0.0,410.0,SAMD00000344.contig00022_16,410.0,1.1e-31,107.5,1.4e-31,107.1,6.0,341.0,13.0,346.0,K00529,324.4,887.37,True,5.0885248628425e-66,False,True,"K03268,K16268,K16269,K18089",4,M00547,8,0.0
K18091,0.002,0.002,,,,1000.0,0.0,,,,,,,,,,,0.0,,,"K12250,K15907,K17476,K17747,K18056,K18057",6,M00819,1207,0.056
K18093,0.021,0.021,,,,1000.0,0.0,,,,,,,,,,,0.0,,,,0,M00745,3688,0.172
K18094,0.002,0.002,,,,1000.0,0.0,,,,,,,,,,,0.0,,,K18095,1,M00643,1113,0.052
K18095,0.0,0.0,,,,1000.0,0.0,,,,,,,,,,,0.0,,,,0,M00643,472,0.022
K18104,1.0,1.0,597.0,SAMD00000344.contig00031_6,597.0,6.2e-222,735.1,7.499999999999999e-222,734.8,5.0,583.0,8.0,586.0,K18104,735.1,647.0,False,1.0,False,False,,0,M00700,2325,0.109
K18118,0.037,0.037,,,,1000.0,0.0,,,,,,,,,,,0.0,,,,0,"M00009,M00011",4908,0.229
K18126,0.0,0.0,313.0,SAMD00000344.contig00019_22,313.0,1.2e-48,162.9,1.3000000000000001e-48,162.8,1.0,307.0,1.0,313.0,K11441,317.2,432.7,True,3.5569001073534217e-47,False,True,,0,M00633,2,0.0
K18127,0.0,0.0,288.0,SAMD00000344.contig00021_13,288.0,8.5e-37,124.0,1.1e-36,123.7,5.0,272.0,8.0,277.0,K01714,313.7,308.03,True,7.845304825342946e-58,False,True,,0,M00309,0,0.0
K18128,0.0,0.0,493.0,SAMD00000344.contig00002_191,493.0,5.1e-124,411.9,5.700000000000001e-124,411.8,3.0,476.0,7.0,480.0,K07248,692.4,939.33,True,3.639872878061184e-85,False,True,,0,M00309,1,0.0
K18129,0.0,0.0,209.0,SAMD00000344.contig00002_102,209.0,1.6e-09,35.0,2e-09,34.8,6.0,75.0,4.0,73.0,K18135,112.6,225.47,True,4.36557937154709e-24,False,True,,0,M00643,409,0.019
K18131,1.0,1.0,144.0,SAMD00000344.contig00012_45,144.0,9.5e-14,48.9,1.1e-13,48.7,29.0,139.0,26.0,136.0,K18131,48.9,142.97,False,0.9999798659368615,False,True,,0,M00718,154,0.007
K18138,0.427,0.139,1485.0,SAMD00000344.contig00001_190,1485.0,0.25,5.6,0.3,5.4,1278.0,1340.0,42.0,111.0,K05222,11.8,1055.4,True,0.010492332449900636,False,True,K18131,1,M00718,9234,0.431
K18139,0.325,0.095,,,,1000.0,0.0,,,,,,,,,,,0.0,,,"K18095,K18131",2,"M00642,M00643,M00718",7874,0.368
K18140,0.003,0.003,210.0,SAMD00000344.contig00002_102,210.0,2.1e-20,70.6,2.7e-20,70.3,3.0,94.0,3.0,92.0,K18135,112.6,254.37,True,2.273577351169256e-13,False,True,,0,M00696,1353,0.063
K18141,0.054,0.054,388.0,SAMD00000344.contig00022_31,388.0,6.7e-05,18.8,0.00011,18.1,59.0,96.0,101.0,139.0,K02160,151.2,582.43,True,1.3919658292037014e-40,False,True,,0,M00696,5966,0.279
K18142,0.025,0.025,,,,1000.0,0.0,,,,,,,,,,,0.0,,,,0,M00696,4068,0.19
K18143,0.005,0.005,357.0,SAMD00000344.contig00001_64,357.0,8.300000000000001e-71,236.0,8.300000000000001e-71,236.0,51.0,353.0,140.0,449.0,K07642,313.6,301.33,True,4.3658854476066934e-24,False,True,K18147,1,M00649,1804,0.084
K18144,0.005,0.005,235.0,SAMD00000344.contig00026_10,235.0,2.3e-64,214.2,2.5e-64,214.1,7.0,233.0,2.0,228.0,K18349,289.1,265.0,True,2.83696073362828e-23,False,True,K18147,1,M00649,1778,0.083
K18145,0.002,0.002,383.0,SAMD00000344.contig00022_31,383.0,0.00066,15.6,0.00098,15.1,58.0,95.0,102.0,140.0,K02160,151.2,450.23,True,1.514720795877798e-41,False,True,K18147,1,M00649,1104,0.052
K18146,0.002,0.002,,,,1000.0,0.0,,,,,,,,,,,0.0,,,K18147,1,M00649,1260,0.059
K18147,0.0,0.0,,,,1000.0,0.0,,,,,,,,,,,0.0,,,,0,M00649,290,0.014
K18209,0.011,0.011,554.0,SAMD00000344.contig00011_46,554.0,2.3999999999999997e-61,204.9,4.2999999999999997e-61,204.1,8.0,405.0,18.0,461.0,K26318,449.9,650.8,True,1.7686873200834393e-74,False,True,,0,M00620,2677,0.125
K18210,0.001,0.001,,,,1000.0,0.0,,,,,,,,,,,0.0,,,,0,M00620,855,0.04
K18227,0.0,0.0,406.0,SAMD00000344.contig00022_16,406.0,3.3e-54,181.3,4.2e-54,181.0,7.0,379.0,11.0,380.0,K00529,324.4,483.77,True,8.367689970130873e-44,False,True,K10623,1,M00539,36,0.002
K18237,0.0,0.0,,,,1000.0,0.0,,,,,,,,,,,0.0,,,,0,M00968,120,0.006
K18240,0.001,0.001,,,,1000.0,0.0,,,,,,,,,,,0.0,,,,0,M00117,935,0.044
K18242,0.001,0.0,,,,1000.0,0.0,,,,,,,,,,,0.0,,,"K14578,K18243",2,M00638,528,0.025
K18243,0.001,0.0,,,,1000.0,0.0,,,,,,,,,,,0.0,,,"K14578,K18242",2,M00638,559,0.026
K18248,0.001,0.001,,,,1000.0,0.0,,,,,,,,,,,0.0,,,K18249,1,M00637,832,0.039
K18249,0.001,0.0,407.0,SAMD00000344.contig00022_16,407.0,1.6999999999999998e-75,251.5,2.0000000000000002e-75,251.3,5.0,390.0,11.0,389.0,K00529,324.4,645.03,True,1.134778964026368e-22,False,True,"K16319,K18248",2,M00637,341,0.016
K18251,0.0,0.0,,,,1000.0,0.0,,,,,,,,,,,0.0,,,"K18253,K18254",2,M00636,319,0.015
K18252,0.0,0.0,,,,1000.0,0.0,,,,,,,,,,,0.0,,,"K18253,K18254",2,M00636,326,0.015
K18253,0.0,0.0,,,,1000.0,0.0,,,,,,,,,,,0.0,,,"K18251,K18252,K18254,K18256",4,M00636,107,0.005
K18254,0.0,0.0,411.0,SAMD00000344.contig00022_16,411.0,3.5000000000000003e-44,148.5,4.4e-44,148.2,4.0,383.0,11.0,381.0,K00529,324.4,793.5,True,1.118978450984511e-53,False,True,"K18251,K18252,K18253,K18256",4,M00636,174,0.008
K18255,0.0,0.0,267.0,SAMD00000344.contig00014_58,267.0,2.4e-23,79.7,7.4e-19,65.0,5.0,188.0,36.0,221.0,K17739,161.0,574.87,True,3.359397089183839e-25,False,True,"K18253,K18254",2,M00636,287,0.013
K18256,0.0,0.0,242.0,SAMD00000344.contig00001_240,242.0,0.0032,13.7,0.02,11.1,12.0,119.0,7.0,110.0,K03077,325.0,250.7,True,1.9469838530883096e-94,False,True,"K18253,K18254",2,M00636,347,0.016
K18276,0.0,0.0,397.0,SAMD00000344.contig00029_3,397.0,0.00019,17.5,290.0,-2.8,5.0,35.0,166.0,196.0,K22699,44.5,544.6,True,7.40356860686644e-09,False,True,,0,M00811,70,0.003
K18284,0.0,0.0,229.0,SAMD00000344.contig00010_27,229.0,3.6e-54,180.7,3.9999999999999995e-54,180.5,1.0,226.0,1.0,227.0,K01243,208.8,303.6,True,3.4758187394355765e-09,False,True,,0,M00931,490,0.023
K18285,0.008,0.008,,,,1000.0,0.0,,,,,,,,,,,0.0,,,K18284,1,"M00930,M00931",2216,0.104
K18286,0.004,0.004,,,,1000.0,0.0,,,,,,,,,,,0.0,,,,0,M00930,1677,0.078
K18287,0.001,0.001,271.0,SAMD00000344.contig00006_14,271.0,0.0077,12.4,55.0,-0.3,129.0,200.0,13.0,83.0,K01591,217.2,342.03,True,2.2338648165002464e-62,False,True,"K17835,K20204",2,M00905,753,0.035
K18293,0.123,0.0,,,,1000.0,0.0,,,,,,,,,,,0.0,,,"K10616,K10617",2,M00419,119,0.006
K18294,0.012,0.012,185.0,SAMD00000344.contig00007_53,185.0,4.4e-09,33.6,4.9e-09,33.4,2.0,109.0,18.0,133.0,K09017,97.6,126.33,True,5.42029436129775e-20,False,True,,0,M00639,2848,0.133
K18295,0.002,0.002,384.0,SAMD00000344.contig00016_39,384.0,0.0059,12.7,0.0095,12.0,6.0,63.0,5.0,60.0,K02077,276.9,459.93,True,2.936805234514816e-80,False,True,,0,M00639,1083,0.051
K18296,0.005,0.005,,,,1000.0,0.0,,,,,,,,,,,0.0,,,K08721,1,M00639,1779,0.083
K18297,0.023,0.023,304.0,SAMD00000344.contig00018_24,304.0,1.1e-13,48.3,1.3e-13,48.1,14.0,183.0,6.0,175.0,K04761,169.6,248.77,True,3.0553539307476153e-37,False,True,,0,"M00641,M00745",3894,0.182
K18298,0.006,0.006,418.0,SAMD00000344.contig00022_31,418.0,0.0071,12.4,0.015,11.2,61.0,99.0,101.0,140.0,K02160,151.2,507.23,True,1.6483013026097127e-42,False,True,,0,M00641,2009,0.094
K18299,0.005,0.005,,,,1000.0,0.0,,,,,,,,,,,0.0,,,,0,M00641,1887,0.088
K18300,0.018,0.018,,,,1000.0,0.0,,,,,,,,,,,0.0,,,,0,M00641,3415,0.16
K18301,0.143,0.143,317.0,SAMD00000344.contig00002_102,317.0,1e-20,71.9,1.7e-20,71.1,61.0,144.0,8.0,93.0,K18135,112.6,169.8,True,5.59820410839917e-13,False,True,,0,M00642,9672,0.452
K18302,0.117,0.117,453.0,SAMD00000344.contig00013_33,453.0,2.6e-09,33.7,34.0,0.4,134.0,173.0,60.0,99.0,K12293,312.3,357.23,True,1.3584485920871461e-84,False,True,,0,M00642,8732,0.408
K18303,0.076,0.076,,,,1000.0,0.0,,,,,,,,,,,0.0,,,,0,M00642,7043,0.329
K18304,0.003,0.003,,,,1000.0,0.0,,,,,,,,,,,0.0,,,,0,M00769,1336,0.062
K18315,0.0,0.0,,,,1000.0,0.0,,,,,,,,,,,0.0,,,"K18316,K18317",2,M00675,78,0.004
K18316,0.0,0.0,502.0,SAMD00000344.contig00006_61,502.0,8.5e-36,120.7,1.9000000000000003e-28,96.5,45.0,354.0,65.0,372.0,K01953,556.2,640.43,True,7.969606678694335e-132,False,True,"K18315,K18317",2,M00675,53,0.002
K18317,0.0,0.0,250.0,SAMD00000344.contig00001_226,250.0,6.1e-31,104.8,7.4e-31,104.5,7.0,248.0,12.0,253.0,K01715,364.2,336.53,True,8.1812398438331e-79,False,True,"K18315,K18316",2,M00675,49,0.002
K18344,0.005,0.005,223.0,SAMD00000344.contig00001_65,223.0,1.2e-57,191.9,1.4e-57,191.6,5.0,221.0,2.0,224.0,K18073,232.0,237.8,True,4.53657109854532e-13,False,True,,0,M00651,1849,0.086
K18345,0.312,0.016,520.0,SAMD00000344.contig00024_19,520.0,2.5e-96,320.5,4e-69,230.7,273.0,506.0,366.0,607.0,K07652,603.6,344.97,True,6.003551321011696e-86,False,True,"K15739,K18347",2,M00651,3191,0.149
K18346,0.332,0.028,,,,1000.0,0.0,,,,,,,,,,,0.0,,,"K15739,K18347",2,M00651,4278,0.2
K18347,1.0,1.0,324.0,SAMD00000344.contig00007_87,324.0,1.7e-80,267.5,2e-80,267.2,6.0,308.0,1.0,310.0,K18347,267.5,426.03,False,1.0,False,True,K15739,1,M00651,449,0.021
K18348,0.005,0.005,712.0,SAMD00000344.contig00016_16,712.0,1.6999999999999999e-84,281.4,1.9999999999999998e-84,281.1,347.0,711.0,11.0,371.0,K01775,428.8,507.87,True,4.247942594005378e-45,False,True,,0,M00652,1750,0.082
K18349,1.0,1.0,233.0,SAMD00000344.contig00026_10,233.0,2.6e-87,289.1,3e-87,289.0,5.0,232.0,2.0,227.0,K18349,289.1,302.4,False,1.0,False,True,"K18856,K18866",2,M00652,3426,0.16
K18350,1.0,1.0,459.0,SAMD00000344.contig00026_7,459.0,1.6e-93,311.3,1.7999999999999999e-93,311.1,48.0,419.0,4.0,375.0,K18350,311.3,267.83,False,1.0,False,False,"K18856,K18866",2,M00652,3646,0.17
K18351,0.218,0.004,434.0,SAMD00000344.contig00009_39,434.0,1e-44,149.8,1.3000000000000002e-44,149.4,90.0,389.0,184.0,489.0,K18940,527.2,304.07,True,2.4619523121018423e-114,False,True,"K15739,K18347",2,M00651,1555,0.073
K18352,0.22,0.004,227.0,SAMD00000344.contig00009_40,227.0,2.1000000000000003e-44,148.6,2.5e-44,148.3,2.0,218.0,3.0,227.0,K18941,327.2,318.03,True,1.7220381731451718e-54,False,True,"K15739,K18347",2,M00651,1520,0.071
K18353,0.446,0.279,384.0,SAMD00000344.contig00028_11,384.0,5.7e-05,19.6,0.00019,17.9,123.0,334.0,3.0,250.0,K01142,362.7,115.3,True,5.207250635497452e-104,False,True,"K15739,K18347,K18354",3,M00651,13515,0.632
K18354,0.001,0.001,,,,1000.0,0.0,,,,,,,,,,,0.0,,,,0,M00651,830,0.039
K18364,0.003,0.003,260.0,SAMD00000344.contig00010_15,260.0,1e-41,140.3,1.1999999999999999e-41,140.0,7.0,257.0,15.0,264.0,K02509,231.9,357.53,True,2.664725004642839e-28,False,True,,0,M00569,1301,0.061
K18365,0.014,0.014,343.0,SAMD00000344.contig00021_2,343.0,1e-08,31.6,7.5e-08,28.8,150.0,263.0,688.0,799.0,K01958,1831.2,552.83,True,0.0,False,True,,0,M00569,3002,0.14
K18366,0.002,0.002,,,,1000.0,0.0,,,,,,,,,,,0.0,,,,0,M00569,1198,0.056
K18373,0.0,0.0,,,,1000.0,0.0,,,,,,,,,,,0.0,,,"K18375,K18376,K18378,K18379",4,M00660,360,0.017
K18374,0.0,0.0,,,,1000.0,0.0,,,,,,,,,,,0.0,,,"K18375,K18376,K18378,K18379",4,M00660,350,0.016
K18375,0.0,0.0,,,,1000.0,0.0,,,,,,,,,,,0.0,,,"K18376,K18378,K18379,K18381",4,M00660,87,0.004
K18376,0.0,0.0,,,,1000.0,0.0,,,,,,,,,,,0.0,,,"K18373,K18374,K18375,K18378,K18379,K18380,K18381",7,M00660,286,0.013
K18377,0.009,0.009,,,,1000.0,0.0,,,,,,,,,,,0.0,,,"K18375,K18376,K18378,K18379",4,M00660,2428,0.113
K18378,0.0,0.0,,,,1000.0,0.0,,,,,,,,,,,0.0,,,"K18375,K18376,K18379",3,M00660,76,0.004
K18379,0.0,0.0,,,,1000.0,0.0,,,,,,,,,,,0.0,,,"K18373,K18374,K18375,K18376,K18378,K18380,K18381",7,M00660,251,0.012
K18380,0.0,0.0,,,,1000.0,0.0,,,,,,,,,,,0.0,,,"K18375,K18376,K18378,K18379",4,M00660,366,0.017
K18381,0.0,0.0,,,,1000.0,0.0,,,,,,,,,,,0.0,,,"K18375,K18376,K18378,K18379",4,M00660,341,0.016
K18472,0.002,0.002,474.0,SAMD00000344.contig00022_28,474.0,7.7e-14,48.4,1.2e-13,47.7,26.0,169.0,80.0,230.0,K01963,342.4,610.07,True,3.141819817790609e-89,False,True,"K00667,K01964",2,"M00082,M00741,M00885,M00886",1145,0.054
K18473,0.001,0.001,637.0,SAMD00000344.contig00022_32,637.0,6.1000000000000005e-30,101.3,9.900000000000001e-30,100.6,187.0,547.0,70.0,400.0,K09458,519.1,602.0,True,1.6969451759956946e-126,False,True,,0,M00082,721,0.034
K18513,0.0,0.0,,,,1000.0,0.0,,,,,,,,,,,0.0,,,,0,M00746,0,0.0
K18532,0.0,0.0,381.0,SAMD00000344.contig00002_101,381.0,1.2e-06,25.4,0.00045,16.9,51.0,115.0,155.0,237.0,K03696,1181.8,69.97,True,0.0,False,True,,0,M00049,304,0.014
K18533,0.001,0.001,1801.0,SAMD00000344.contig00002_130,1801.0,5.6e-13,44.1,1e-12,43.2,1261.0,1374.0,6.0,120.0,K00939,231.3,299.7,True,4.39569540769945e-57,False,True,,0,"M00049,M00050,M00052,M00053,M00938",768,0.036
K18534,0.164,0.164,340.0,SAMD00000344.contig00011_32,340.0,5.399999999999999e-25,85.8,6.6e-25,85.5,88.0,200.0,43.0,158.0,K03183,308.4,331.4,True,9.788653717039335e-68,False,True,"K05928,K09833,K12502",3,M00112,10357,0.484
K18550,0.0,0.0,,,,1000.0,0.0,,,,,,,,,,,0.0,,,,0,M00958,0,0.0
K18649,0.015,0.015,368.0,SAMD00000344.contig00010_2,368.0,1.3e-26,90.8,1.5e-26,90.5,127.0,353.0,26.0,251.0,K01092,175.9,246.1,True,2.411833754598735e-26,False,True,,0,M00026,3179,0.149
K18652,0.0,0.0,350.0,SAMD00000344.contig00017_48,350.0,7.6e-17,58.5,1.3e-16,57.7,1.0,218.0,1.0,222.0,K22230,342.6,209.87,True,3.0017756605058423e-86,False,True,"K18653,K18654",2,M00877,153,0.007
K18653,0.0,0.0,441.0,SAMD00000344.contig00012_61,441.0,3.5000000000000003e-44,148.4,4.3e-44,148.1,102.0,439.0,31.0,374.0,K19430,564.1,486.63,True,7.274963228044564e-126,False,True,"K18652,K18654",2,M00877,152,0.007
K18654,0.0,0.0,277.0,SAMD00000344.contig00016_32,277.0,8.4e-11,38.8,1.6e-10,38.0,196.0,274.0,190.0,268.0,K22223,103.8,276.27,True,2.7096325353236753e-20,False,True,"K18652,K18653",2,M00877,363,0.017
K18686,0.0,0.0,,,,1000.0,0.0,,,,,,,,,,,0.0,,,K22998,1,M00921,18,0.001
K18689,0.0,0.0,323.0,SAMD00000344.contig00003_18,323.0,3.8e-23,78.9,4.5000000000000003e-23,78.6,1.0,307.0,1.0,312.0,K01597,340.2,325.6,True,2.1921089388162383e-79,False,True,,0,M00849,0,0.0
K18690,0.104,0.104,203.0,SAMD00000344.contig00001_127,203.0,0.0047,13.7,26.0,1.5,138.0,199.0,127.0,182.0,K03729,16.8,259.8,True,0.10444750315159095,False,True,,0,M00849,24,0.001
K18766,0.0,0.0,,,,1000.0,0.0,,,,,,,,,,,0.0,,,,0,M00627,275,0.013
K18768,0.002,0.002,,,,1000.0,0.0,,,,,,,,,,,0.0,,,,0,M00851,1109,0.052
K18780,0.0,0.0,,,,1000.0,0.0,,,,,,,,,,,0.0,,,"K18972,K19320",2,M00851,86,0.004
K18781,0.0,0.0,266.0,SAMD00000344.contig00024_16,266.0,0.0016,14.8,0.002,14.5,80.0,172.0,29.0,120.0,K17837,65.7,544.13,True,4.759630015476639e-16,False,True,,0,M00851,97,0.005
K18782,0.0,0.0,,,,1000.0,0.0,,,,,,,,,,,0.0,,,,0,M00851,97,0.005
K18793,0.0,0.0,,,,1000.0,0.0,,,,,,,,,,,0.0,,,K18794,1,M00851,13,0.001
K18794,0.0,0.0,,,,1000.0,0.0,,,,,,,,,,,0.0,,,,0,M00851,6,0.0
K18800,0.059,0.059,564.0,SAMD00000344.contig00022_16,564.0,3.6e-06,22.8,23.0,0.3,142.0,177.0,6.0,43.0,K00529,324.4,475.8,True,1.6193893101760463e-91,False,True,,0,M00117,6217,0.291
K18856,0.0,0.0,349.0,SAMD00000344.contig00005_69,349.0,1.1999999999999999e-75,251.7,1.6e-75,251.2,3.0,347.0,6.0,351.0,K01921,337.1,443.27,True,1.9590177467856252e-26,False,True,,0,M00652,507,0.024
K18859,0.0,0.0,,,,1000.0,0.0,,,,,,,,,,,0.0,,,,0,"M00009,M00011,M00149",0,0.0
K18860,0.0,0.0,,,,1000.0,0.0,,,,,,,,,,,0.0,,,,0,"M00009,M00011,M00149,M00374",0,0.0
K18861,0.0,0.0,,,,1000.0,0.0,,,,,,,,,,,0.0,,,,0,"M00374,M00375",0,0.0
K18866,0.0,0.0,254.0,SAMD00000344.contig00019_1,254.0,1.6999999999999998e-31,106.3,2.3e-31,105.9,14.0,194.0,44.0,231.0,K07260,195.1,238.93,True,1.8558222830568133e-27,False,True,,0,M00652,478,0.022
K18898,0.002,0.002,,,,1000.0,0.0,,,,,,,,,,,0.0,,,K18899,1,M00697,1233,0.058
K18899,0.0,0.0,,,,1000.0,0.0,,,,,,,,,,,0.0,,,,0,M00697,87,0.004
K18900,0.123,0.123,424.0,SAMD00000344.contig00001_4,424.0,2.5e-33,112.8,3.6e-33,112.3,98.0,224.0,2.0,128.0,K14057,137.9,338.5,True,2.780063723368672e-08,False,True,,0,M00698,8982,0.42
K18901,0.021,0.021,429.0,SAMD00000344.contig00013_33,429.0,6e-06,22.6,2.4,4.1,218.0,261.0,50.0,100.0,K12293,312.3,450.33,True,6.188854266230613e-88,False,True,,0,M00698,3723,0.174
K18902,0.017,0.017,,,,1000.0,0.0,,,,,,,,,,,0.0,,,,0,M00698,3324,0.155
K18903,0.022,0.022,,,,1000.0,0.0,,,,,,,,,,,0.0,,,,0,M00698,3805,0.178
K18906,0.002,0.002,142.0,SAMD00000344.contig00007_6,142.0,2.1999999999999997e-25,86.4,2.8e-25,86.1,4.0,138.0,8.0,142.0,K23775,145.4,166.3,True,1.7347234759768011e-18,False,True,,0,"M00700,M00702,M00704",1166,0.054
K18907,0.003,0.003,476.0,SAMD00000344.contig00013_47,476.0,2.9999999999999996e-76,254.1,3.6e-76,253.9,111.0,475.0,24.0,393.0,K05825,550.0,396.3,True,8.418297761946293e-90,False,True,,0,"M00700,M00702",1451,0.068
K18908,1.0,1.0,453.0,SAMD00000344.contig00011_17,453.0,2.8e-108,359.6,3.3e-108,359.4,33.0,436.0,1.0,405.0,K18908,359.6,535.1,False,1.0,False,True,,0,M00705,10530,0.492
K18909,1.0,1.0,143.0,SAMD00000344.contig00012_28,143.0,6.8e-38,126.8,7.600000000000001e-38,126.6,8.0,130.0,5.0,128.0,K18909,126.8,115.4,False,1.0,False,False,,0,M00705,6517,0.305
K18931,0.001,0.001,504.0,SAMD00000344.contig00001_90,504.0,3.7000000000000005e-71,237.1,4.7e-71,236.7,90.0,476.0,5.0,403.0,K00756,657.0,596.53,True,3.9582645850833194e-127,False,True,,0,M00968,986,0.046
K18938,0.0,0.0,188.0,SAMD00000344.contig00002_102,188.0,1.9e-14,50.9,2.5e-14,50.5,2.0,71.0,9.0,78.0,K18135,112.6,220.7,True,2.66943173809011e-19,False,True,,0,M00714,478,0.022
K18970,0.0,0.0,,,,1000.0,0.0,,,,,,,,,,,0.0,,,,0,M00851,15,0.001
K18971,0.0,0.0,,,,1000.0,0.0,,,,,,,,,,,0.0,,,,0,M00851,9,0.0
K18972,0.0,0.0,,,,1000.0,0.0,,,,,,,,,,,0.0,,,,0,M00851,31,0.001
K18976,0.0,0.0,,,,1000.0,0.0,,,,,,,,,,,0.0,,,,0,M00851,51,0.002
K18978,0.0,0.0,504.0,SAMD00000344.contig00002_191,504.0,2.7e-108,359.8,3.3e-108,359.5,20.0,491.0,4.0,477.0,K07248,692.4,566.1,True,7.540904523553345e-101,False,True,,0,"M00308,M00633",13,0.001
K19068,0.005,0.005,368.0,SAMD00000344.contig00012_58,368.0,6e-12,42.3,1.5e-11,41.0,3.0,236.0,280.0,540.0,K24300,639.3,178.8,True,1.9279358920823535e-180,False,True,,0,M00923,1896,0.089
K19077,0.0,0.0,342.0,SAMD00000344.contig00004_15,342.0,7.000000000000001e-29,98.1,3.3e-26,89.3,94.0,323.0,191.0,436.0,K11357,210.9,429.93,True,1.1061538537223394e-34,False,True,,0,"M00725,M00726,M00730",554,0.026
K19078,0.0,0.0,224.0,SAMD00000344.contig00009_40,224.0,1.8e-47,158.8,2.0999999999999998e-47,158.6,2.0,222.0,3.0,226.0,K18941,327.2,365.57,True,2.0255768747356003e-51,False,True,,0,"M00725,M00726,M00730",488,0.023
K19079,0.0,0.0,253.0,SAMD00000344.contig00005_75,253.0,8.2e-64,212.4,9.2e-64,212.2,3.0,186.0,6.0,190.0,K11631,265.6,460.9,True,9.664906595963935e-17,False,True,,0,M00730,277,0.013
K19080,0.0,0.0,629.0,SAMD00000344.contig00005_74,629.0,1.3e-13,47.3,1.9e-07,27.0,10.0,328.0,9.0,324.0,K11632,238.0,928.1,True,3.922652412671354e-58,False,True,,0,M00730,281,0.013
K19099,0.0,0.0,,,,1000.0,0.0,,,,,,,,,,,0.0,,,,0,M00851,74,0.003
K19102,0.0,0.0,3570.0,SAMD00000344.contig00029_11,3570.0,3.8e-18,60.4,2.2e-05,18.1,2467.0,2581.0,381.0,495.0,K22133,447.6,6567.27,True,2.7523985960933588e-117,False,True,K19105,1,M00736,187,0.009
K19103,0.0,0.0,1927.0,SAMD00000344.contig00029_11,1927.0,1.6e-18,62.2,2.8e-14,48.2,165.0,536.0,142.0,502.0,K22133,447.6,3960.33,True,9.584408592978498e-117,False,True,K19105,1,M00736,24,0.001
K19104,0.0,0.0,297.0,SAMD00000344.contig00011_32,297.0,5.7e-07,26.1,8.4e-07,25.5,149.0,254.0,43.0,153.0,K03183,308.4,215.9,True,1.0452789968568215e-85,False,True,K19105,1,M00736,137,0.006
K19105,0.0,0.0,,,,1000.0,0.0,,,,,,,,,,,0.0,,,,0,M00736,5,0.0
K19106,0.001,0.001,,,,1000.0,0.0,,,,,,,,,,,0.0,,,K19103,1,M00736,596,0.028
K19185,0.001,0.001,,,,1000.0,0.0,,,,,,,,,,,0.0,,,"K19186,K19187,K19818,K19819,K19820,K19826",6,M00810,685,0.032
K19186,0.0,0.0,,,,1000.0,0.0,,,,,,,,,,,0.0,,,"K19818,K19820",2,M00810,27,0.001
K19187,0.0,0.0,,,,1000.0,0.0,,,,,,,,,,,0.0,,,"K19186,K19818,K19820",3,M00810,83,0.004
K19188,0.0,0.0,,,,1000.0,0.0,,,,,,,,,,,0.0,,,"K19186,K19818,K19820,K19826",4,M00810,205,0.01
K19211,0.0,0.0,,,,1000.0,0.0,,,,,,,,,,,0.0,,,,0,M00851,49,0.002
K19216,0.0,0.0,,,,1000.0,0.0,,,,,,,,,,,0.0,,,,0,M00851,147,0.007
K19221,0.177,0.177,,,,1000.0,0.0,,,,,,,,,,,0.0,,,,0,M00122,10772,0.503
K19222,0.176,0.176,,,,1000.0,0.0,,,,,,,,,,,0.0,,,"K14759,K14760",2,"M00116,M00932",10722,0.501
K19243,0.001,0.001,253.0,SAMD00000344.contig00004_31,253.0,3.5e-20,69.8,1.7e-19,67.5,1.0,183.0,1.0,180.0,K12448,424.7,262.83,True,1.45707285758293e-107,False,True,,0,"M00004,M00006",761,0.036
K19268,0.001,0.001,,,,1000.0,0.0,,,,,,,,,,,0.0,,,,0,M00740,952,0.044
K19280,0.0,0.0,,,,1000.0,0.0,,,,,,,,,,,0.0,,,,0,M00740,27,0.001
K19281,0.0,0.0,,,,1000.0,0.0,,,,,,,,,,,0.0,,,,0,M00740,10,0.0
K19282,0.0,0.0,,,,1000.0,0.0,,,,,,,,,,,0.0,,,,0,"M00012,M00740",0,0.0
K19298,0.0,0.0,,,,1000.0,0.0,,,,,,,,,,,0.0,,,,0,M00856,58,0.003
K19312,0.0,0.0,516.0,SAMD00000344.contig00022_28,516.0,7.2e-16,54.9,1.7e-15,53.7,70.0,202.0,97.0,230.0,K01963,342.4,960.37,True,2.8436506859853434e-87,False,True,,0,M00741,54,0.003
K19316,0.0,0.0,,,,1000.0,0.0,,,,,,,,,,,0.0,,,,0,M00851,238,0.011
K19318,0.0,0.0,,,,1000.0,0.0,,,,,,,,,,,0.0,,,,0,M00851,45,0.002
K19319,0.0,0.0,,,,1000.0,0.0,,,,,,,,,,,0.0,,,K18794,1,M00851,35,0.002
K19320,0.0,0.0,,,,1000.0,0.0,,,,,,,,,,,0.0,,,,0,M00851,8,0.0
K19321,0.0,0.0,,,,1000.0,0.0,,,,,,,,,,,0.0,,,,0,M00851,5,0.0
K19322,0.0,0.0,,,,1000.0,0.0,,,,,,,,,,,0.0,,,"K18971,K18972",2,M00851,55,0.003
K19412,0.0,0.0,284.0,SAMD00000344.contig00006_16,284.0,4.2e-12,42.9,0.0039,13.5,82.0,134.0,121.0,173.0,K01955,1656.9,362.43,True,0.0,False,True,,0,M00763,40,0.002
K19515,0.0,0.0,,,,1000.0,0.0,,,,,,,,,,,0.0,,,"K07537,K07538,K07539,K19516",4,M00541,15,0.001
K19516,0.0,0.0,,,,1000.0,0.0,,,,,,,,,,,0.0,,,"K07537,K07538,K07539,K19515",4,M00541,15,0.001
K19546,1.0,1.0,201.0,SAMD00000344.contig00019_2,201.0,6.6e-15,52.1,1.2e-14,51.2,22.0,195.0,3.0,175.0,K19546,52.1,182.63,False,1.0,False,True,"K19549,K19550",2,M00787,585,0.027
K19547,0.019,0.019,225.0,SAMD00000344.contig00019_17,225.0,5.6e-06,22.7,6.4e-06,22.5,27.0,88.0,30.0,94.0,K01569,29.0,141.1,True,0.01252272580534351,False,True,"K19549,K19550",2,M00787,2107,0.098
K19548,0.001,0.001,251.0,SAMD00000344.contig00012_38,251.0,4.500000000000001e-74,246.1,5.1000000000000005e-74,245.9,2.0,251.0,3.0,244.0,K00038,369.4,295.5,True,7.638384826868901e-38,False,True,"K19549,K19550",2,M00787,595,0.028
K19549,0.0,0.0,399.0,SAMD00000344.contig00006_24,399.0,3.2999999999999997e-137,454.7,3.7e-137,454.5,1.0,389.0,1.0,390.0,K08969,596.2,688.5,True,2.536621175271336e-43,False,True,K19550,1,M00787,52,0.002
K19550,0.0,0.0,256.0,SAMD00000344.contig00014_43,256.0,1.4e-34,116.5,1.6e-34,116.3,3.0,253.0,4.0,256.0,K03366,337.4,388.33,True,3.180342975506621e-67,False,True,K19549,1,M00787,74,0.003
K19560,0.0,0.0,,,,1000.0,0.0,,,,,,,,,,,0.0,,,,0,M00572,94,0.004
K19561,0.0,0.0,306.0,SAMD00000344.contig00002_86,306.0,0.00043,16.4,0.00058,16.0,71.0,159.0,36.0,125.0,K01432,28.3,548.17,True,0.0002578196403076775,False,True,,0,M00572,69,0.003
K19562,0.0,0.0,838.0,SAMD00000344.contig00014_1,838.0,7e-15,51.3,0.00041,15.7,368.0,486.0,47.0,153.0,K20708,820.1,538.33,True,3.6994684979639514e-232,False,True,,0,M00123,26,0.001
K19563,0.001,0.001,448.0,SAMD00000344.contig00014_1,448.0,4.7000000000000005e-60,200.5,6.2e-60,200.1,27.0,439.0,29.0,430.0,K20708,820.1,787.0,True,3.032596899349297e-187,False,True,,0,"M00123,M00573,M00577",717,0.034
K19572,0.0,0.0,,,,1000.0,0.0,,,,,,,,,,,0.0,,,,0,M00958,100,0.005
K19591,0.224,0.223,245.0,SAMD00000344.contig00001_55,245.0,2e-31,106.9,2.3e-31,106.7,46.0,169.0,4.0,129.0,K08365,163.4,155.87,True,9.81307786624069e-18,False,True,"K19593,K19595",2,M00769,12092,0.565
K19593,0.0,0.0,,,,1000.0,0.0,,,,,,,,,,,0.0,,,K19594,1,M00769,120,0.006
K19594,0.0,0.0,,,,1000.0,0.0,,,,,,,,,,,0.0,,,K19593,1,M00769,348,0.016
K19595,0.001,0.001,396.0,SAMD00000344.contig00022_31,396.0,0.00013,17.9,0.00014,17.8,62.0,100.0,101.0,140.0,K02160,151.2,470.53,True,7.459360182489234e-41,False,True,K19593,1,M00769,744,0.035
K19700,0.014,0.014,474.0,SAMD00000344.contig00002_191,474.0,1.2e-81,271.9,1.6000000000000002e-81,271.5,6.0,471.0,8.0,477.0,K07248,692.4,995.03,True,2.6114807164747813e-127,False,True,"K18276,K20171,K20172",3,M00811,3052,0.143
K19744,0.001,0.001,,,,1000.0,0.0,,,,,,,,,,,0.0,,,,0,M00947,963,0.045
K19746,0.011,0.011,454.0,SAMD00000344.contig00003_41,454.0,1.2e-15,54.9,1.6e-15,54.4,11.0,362.0,3.0,349.0,K03153,196.5,215.6,True,2.3667512435590667e-43,False,True,,0,M00947,2632,0.123
K19793,0.057,0.057,382.0,SAMD00000344.contig00032_2,382.0,1.5e-99,330.4,1.9e-99,330.1,29.0,380.0,31.0,388.0,K15849,338.8,431.8,True,0.0029516263676973593,False,True,K07072,1,M00935,5949,0.278
K19818,0.0,0.0,,,,1000.0,0.0,,,,,,,,,,,0.0,,,"K19186,K19820",2,M00810,12,0.001
K19819,0.0,0.0,,,,1000.0,0.0,,,,,,,,,,,0.0,,,"K19186,K19818,K19820",3,M00810,89,0.004
K19820,0.0,0.0,,,,1000.0,0.0,,,,,,,,,,,0.0,,,"K19186,K19818",2,M00810,12,0.001
K19826,0.0,0.0,427.0,SAMD00000344.contig00022_6,427.0,0.0055,12.6,19.0,1.0,190.0,223.0,97.0,130.0,K00383,400.5,560.5,True,1.7000616941846947e-117,False,True,"K19186,K19818,K19820",3,M00810,38,0.002
K19853,0.0,0.0,,,,1000.0,0.0,,,,,,,,,,,0.0,,,K19854,1,M00796,139,0.006
K19854,0.0,0.0,408.0,SAMD00000344.contig00012_61,408.0,4.9000000000000003e-36,121.5,5.9e-36,121.3,47.0,379.0,32.0,366.0,K19430,564.1,,True,5.809301531870254e-134,False,True,,0,M00796,14,0.001
K19855,0.002,0.002,,,,1000.0,0.0,,,,,,,,,,,0.0,,,K17625,1,M00795,1268,0.059
K19856,0.0,0.0,,,,1000.0,0.0,,,,,,,,,,,0.0,,,K19857,1,M00799,532,0.025
K19857,0.0,0.0,343.0,SAMD00000344.contig00009_91,343.0,0.00034,16.9,0.042,10.0,27.0,90.0,6.0,75.0,K25787,146.4,,True,1.0390000333911033e-39,False,True,,0,M00799,5,0.0
K19890,0.0,0.0,,,,1000.0,0.0,,,,,,,,,,,0.0,,,,0,M00810,47,0.002
K19965,0.001,0.001,169.0,SAMD00000344.contig00001_128,169.0,1.2e-07,28.9,1.7e-07,28.4,48.0,119.0,6.0,82.0,K01518,129.9,182.83,True,3.944304526104877e-31,False,True,,0,M00126,675,0.032
K19969,0.069,0.0,404.0,SAMD00000344.contig00001_205,404.0,2.6000000000000002e-67,224.2,3.4e-67,223.9,29.0,367.0,11.0,338.0,K01735,417.7,405.4,True,5.632430447498791e-59,False,True,"K19974,K19979,K20424,K20425,K20426,K20427,K20430,K20432,K20433,K20434,K20436",11,"M00814,M00815",301,0.014
K19970,0.001,0.001,1063.0,SAMD00000344.contig00034_9,1063.0,3.1999999999999997e-25,85.7,5.4e-22,75.0,212.0,447.0,4.0,225.0,K11751,218.8,631.97,True,8.568554770955599e-41,False,True,,0,"M00958,M00959",599,0.028
K19974,0.0,0.0,,,,1000.0,0.0,,,,,,,,,,,0.0,,,"K19969,K19979,K20424,K20425",4,M00814,144,0.007
K19979,0.0,0.0,351.0,SAMD00000344.contig00009_20,351.0,3.2e-10,36.6,5.5e-10,35.8,9.0,304.0,4.0,286.0,K25026,319.5,295.97,True,6.896269526586375e-86,False,True,"K19969,K19974,K20424,K20425",4,M00814,120,0.006
K19981,0.0,0.0,,,,1000.0,0.0,,,,,,,,,,,0.0,,,,0,M00790,400,0.019
K19982,0.001,0.001,,,,1000.0,0.0,,,,,,,,,,,0.0,,,"K14257,K19981",2,M00790,622,0.029
K20075,0.0,0.0,504.0,SAMD00000344.contig00017_20,504.0,0.00049,15.7,0.00076,15.1,23.0,64.0,8.0,49.0,K01854,553.8,987.93,True,1.0369536227484349e-162,False,True,"K20077,K20078,K20080",3,M00805,99,0.005
K20076,0.001,0.001,,,,1000.0,0.0,,,,,,,,,,,0.0,,,"K20075,K20077,K20078,K20080",4,M00805,728,0.034
K20077,0.0,0.0,,,,1000.0,0.0,,,,,,,,,,,0.0,,,"K20075,K20078,K20080",3,M00805,281,0.013
K20078,0.0,0.0,,,,1000.0,0.0,,,,,,,,,,,0.0,,,"K20075,K20077,K20080",3,M00805,169,0.008
K20079,0.002,0.002,437.0,SAMD00000344.contig00010_40,437.0,6.7e-05,18.7,0.00012,17.9,277.0,407.0,205.0,345.0,K02563,356.1,771.4,True,2.7069451941859545e-102,False,True,"K20075,K20080",2,M00805,1118,0.052
K20080,0.0,0.0,,,,1000.0,0.0,,,,,,,,,,,0.0,,,,0,M00805,28,0.001
K20081,0.0,0.0,276.0,SAMD00000344.contig00011_32,276.0,3.3e-20,69.9,4.1e-20,69.6,61.0,173.0,43.0,157.0,K03183,308.4,385.67,True,1.6008330212219408e-72,False,True,K20080,1,M00805,190,0.009
K20082,0.002,0.002,279.0,SAMD00000344.contig00011_32,279.0,2.9e-25,86.3,4.5e-25,85.7,64.0,177.0,43.0,158.0,K03183,308.4,319.0,True,1.384324684401085e-67,False,True,"K20075,K20078,K20080",3,M00805,994,0.046
K20086,0.0,0.0,430.0,SAMD00000344.contig00017_20,430.0,0.0057,12.7,0.008,12.2,6.0,65.0,5.0,60.0,K01854,553.8,611.87,True,1.2961920284355364e-163,False,True,"K20087,K20088,K20089,K20090",4,M00808,67,0.003
K20087,0.0,0.0,,,,1000.0,0.0,,,,,,,,,,,0.0,,,"K20086,K20088,K20089,K20090",4,M00808,127,0.006
K20088,0.0,0.0,,,,1000.0,0.0,,,,,,,,,,,0.0,,,"K20086,K20087,K20089,K20090",4,M00808,66,0.003
K20089,0.0,0.0,373.0,SAMD00000344.contig00003_63,373.0,1.2e-05,21.4,0.00013,18.0,1.0,56.0,1.0,57.0,K17869,813.4,656.93,True,3.839223843573258e-239,False,True,"K20086,K20087,K20088,K20090",4,M00808,62,0.003
K20090,0.0,0.0,429.0,SAMD00000344.contig00017_20,429.0,0.0027,14.0,66.0,-0.5,258.0,297.0,182.0,218.0,K01854,553.8,758.1,True,3.191599148861277e-163,False,True,"K20086,K20087,K20088,K20089",4,M00808,65,0.003
K20155,0.0,0.0,411.0,SAMD00000344.contig00017_20,411.0,0.00025,17.2,0.00037,16.7,10.0,70.0,7.0,64.0,K01854,553.8,381.33,True,2.932947753685426e-162,False,True,"K19818,K19820",2,M00810,47,0.002
K20156,0.007,0.007,,,,1000.0,0.0,,,,,,,,,,,0.0,,,"K20159,K21175,K21176,K21179",4,M00826,2196,0.103
K20158,0.0,0.0,443.0,SAMD00000344.contig00017_20,443.0,1.8e-07,27.2,2.6e-07,26.7,12.0,79.0,7.0,75.0,K01854,553.8,316.63,True,3.003338499773932e-159,False,True,K20169,1,M00811,323,0.015
K20159,0.0,0.0,501.0,SAMD00000344.contig00008_62,501.0,8.8e-68,226.2,1.2e-67,225.8,133.0,495.0,113.0,474.0,K01657,447.3,641.43,True,2.7686493688020962e-67,False,True,"K21175,K21176,K21179",3,M00826,185,0.009
K20169,0.0,0.0,478.0,SAMD00000344.contig00017_20,478.0,2.6e-08,30.0,3.5e-08,29.6,49.0,120.0,3.0,81.0,K01854,553.8,982.5,True,2.09164641819767e-158,False,True,,0,M00811,81,0.004
K20170,0.002,0.002,,,,1000.0,0.0,,,,,,,,,,,0.0,,,,0,M00811,1066,0.05
K20171,0.0,0.0,,,,1000.0,0.0,,,,,,,,,,,0.0,,,K20172,1,M00811,16,0.001
K20172,0.0,0.0,,,,1000.0,0.0,,,,,,,,,,,0.0,,,K20171,1,M00811,26,0.001
K20204,0.0,0.0,,,,1000.0,0.0,,,,,,,,,,,0.0,,,K17835,1,M00905,426,0.02
K20260,0.0,0.0,,,,1000.0,0.0,,,,,,,,,,,0.0,,,"K20261,K20262,K21103",3,M00835,252,0.012
K20261,0.0,0.0,221.0,SAMD00000344.contig00002_58,221.0,1.4e-12,44.6,1.9e-12,44.1,118.0,189.0,101.0,172.0,K09020,100.0,311.5,True,2.0201361445972932e-17,False,True,"K20260,K20262,K21103",3,M00835,461,0.022
K20262,0.0,0.0,,,,1000.0,0.0,,,,,,,,,,,0.0,,,"K20260,K20261,K21103",3,M00835,501,0.023
K20420,0.003,0.003,,,,1000.0,0.0,,,,,,,,,,,0.0,,,"K20422,K20423",2,M00830,1505,0.07
K20421,0.008,0.008,337.0,SAMD00000344.contig00003_50,337.0,0.0049,13.0,0.0059,12.8,33.0,85.0,37.0,95.0,K20146,19.8,319.97,True,0.006457400392526953,False,True,K20422,1,M00830,1138,0.053
K20422,0.0,0.0,1757.0,SAMD00000344.contig00022_32,1757.0,3.0999999999999997e-24,81.5,3.9e-24,81.2,86.0,380.0,60.0,358.0,K09458,519.1,2831.83,True,1.8589764901986042e-132,False,True,,0,M00830,44,0.002
K20423,0.0,0.0,563.0,SAMD00000344.contig00029_11,563.0,5.5e-58,193.4,2.8e-56,187.8,58.0,550.0,29.0,504.0,K22133,447.6,799.4,True,2.9970966687633137e-77,False,True,K20422,1,M00830,75,0.004
K20424,0.0,0.0,374.0,SAMD00000344.contig00001_22,374.0,2.7e-16,56.8,2e-05,21.0,129.0,237.0,143.0,249.0,K18369,287.6,261.73,True,3.328717971593347e-70,False,True,"K19969,K19974,K19979,K20425",4,M00814,117,0.005
K20425,0.0,0.0,252.0,SAMD00000344.contig00001_227,252.0,1.6000000000000002e-23,80.3,2.2e-23,79.8,7.0,230.0,18.0,257.0,K00046,287.6,247.37,True,3.9489524000032864e-63,False,True,"K19974,K19979,K20424",3,M00814,74,0.003
K20426,0.0,0.0,,,,1000.0,0.0,,,,,,,,,,,0.0,,,"K20427,K20430",2,M00814,39,0.002
K20427,0.0,0.0,366.0,SAMD00000344.contig00004_2,366.0,1.1e-09,34.7,1.3e-09,34.4,1.0,196.0,1.0,205.0,K00963,170.1,485.73,True,1.7399570929758158e-41,False,True,"K20426,K20430",2,M00814,56,0.003
K20430,0.0,0.0,,,,1000.0,0.0,,,,,,,,,,,0.0,,,"K20426,K20427",2,M00814,43,0.002
K20431,0.001,0.001,292.0,SAMD00000344.contig00002_155,292.0,1.2e-07,28.4,0.0012,15.3,13.0,66.0,4.0,55.0,K08234,76.0,204.63,True,4.6856990813142775e-15,False,True,K20436,1,M00815,695,0.032
K20432,0.105,0.0,304.0,SAMD00000344.contig00004_31,304.0,1.1e-06,24.9,1.4e-06,24.7,7.0,170.0,3.0,178.0,K12448,424.7,338.17,True,4.438481999327816e-121,False,True,"K20433,K20434,K20436",3,M00815,88,0.004
K20433,0.004,0.0,345.0,SAMD00000344.contig00009_20,345.0,1e-27,94.0,1.1000000000000001e-27,93.9,6.0,331.0,4.0,316.0,K25026,319.5,424.0,True,1.311402410984971e-68,False,True,"K20432,K20436",2,M00815,58,0.003
K20434,0.997,0.997,345.0,SAMD00000344.contig00013_8,345.0,1e-08,31.3,3.2e-07,26.4,20.0,84.0,35.0,102.0,K20434,31.3,254.93,False,0.9970483540861337,False,True,K20436,1,M00815,43,0.002
K20435,0.106,0.0,424.0,SAMD00000344.contig00014_1,424.0,1.6e-68,228.2,2.0999999999999997e-68,227.8,14.0,416.0,23.0,427.0,K20708,820.1,730.53,True,6.612193685136274e-179,False,True,"K20434,K20436",2,M00815,219,0.01
K20436,0.085,0.067,486.0,SAMD00000344.contig00009_65,486.0,0.0051,12.4,0.0055,12.2,309.0,369.0,46.0,105.0,K24933,16.2,595.8,True,0.06698457989158756,False,True,K20434,1,M00815,14,0.001
K20437,0.06,0.005,231.0,SAMD00000344.contig00014_16,231.0,8.9e-26,87.9,1.7e-25,87.0,12.0,219.0,7.0,218.0,K01838,291.4,308.33,True,5.500420378004134e-62,False,True,"K20434,K20436",2,M00815,1854,0.087
K20438,0.0,0.0,422.0,SAMD00000344.contig00012_65,422.0,2.4e-09,33.4,3.3e-09,33.0,7.0,116.0,3.0,108.0,K25652,250.2,,True,5.453771524658682e-66,False,True,K20436,1,M00815,211,0.01
K20457,0.0,0.0,593.0,SAMD00000344.contig00005_53,593.0,3.7000000000000004e-89,297.1,4.9e-89,296.7,93.0,485.0,34.0,433.0,K11754,428.5,446.53,True,2.7839316584074477e-40,False,True,,0,M00126,8,0.0
K20810,0.007,0.007,535.0,SAMD00000344.contig00013_56,535.0,1.2e-36,123.3,5.2e-36,121.3,124.0,507.0,28.0,440.0,K01487,490.9,306.3,True,2.194692067439172e-111,False,True,,0,M00930,2121,0.099
K20812,0.0,0.0,,,,1000.0,0.0,,,,,,,,,,,0.0,,,,0,M00854,0,0.0
K20860,0.0,0.0,323.0,SAMD00000344.contig00014_16,323.0,5e-07,26.3,6.9e-07,25.8,187.0,277.0,100.0,192.0,K01838,291.4,117.6,True,1.5737949574953428e-80,False,True,,0,M00125,81,0.004
K20861,1.0,1.0,268.0,SAMD00000344.contig00020_28,268.0,2.6e-34,116.2,3.5000000000000003e-34,115.8,3.0,264.0,16.0,280.0,K20861,116.2,371.77,False,1.0,False,True,"K00082,K20884",2,M00125,5558,0.26
K20862,0.081,0.081,353.0,SAMD00000344.contig00001_139,353.0,5.3e-17,59.5,1.6e-16,57.9,78.0,268.0,4.0,183.0,K07025,69.4,184.8,True,0.0010449739328974956,False,True,"K20884,K22912",2,M00125,7253,0.339
K20881,0.018,0.018,269.0,SAMD00000344.contig00001_139,269.0,6.3e-06,23.1,23.0,1.5,32.0,45.0,2.0,15.0,K07025,69.4,118.5,True,1.1524275044679668e-14,False,True,"K01081,K13480",2,M00959,3423,0.16
K20932,0.007,0.007,377.0,SAMD00000344.contig00019_35,377.0,0.0014,14.5,0.019,10.8,87.0,140.0,217.0,274.0,K11997,23.3,624.27,True,0.0013091219893755892,False,True,"K20933,K20934",2,M00973,1937,0.091
K20933,0.0,0.0,,,,1000.0,0.0,,,,,,,,,,,0.0,,,,0,M00973,58,0.003
K20934,0.0,0.0,,,,1000.0,0.0,,,,,,,,,,,0.0,,,K20933,1,M00973,120,0.006
K20935,0.0,0.0,,,,1000.0,0.0,,,,,,,,,,,0.0,,,,0,M00973,0,0.0
K20940,0.013,0.013,509.0,SAMD00000344.contig00029_3,509.0,0.00019,17.4,600.0,-4.0,8.0,34.0,167.0,193.0,K22699,44.5,266.03,True,6.907773765312606e-09,False,True,"K20260,K20261,K20262,K21103",4,M00835,2905,0.136
K20967,0.0,0.0,,,,1000.0,0.0,,,,,,,,,,,0.0,,,,0,M00880,134,0.006
K21056,0.0,0.0,292.0,SAMD00000344.contig00009_79,292.0,1.1e-31,107.4,1.4e-31,107.0,3.0,283.0,4.0,304.0,K00852,375.6,464.9,True,1.8355032715716943e-81,False,True,,0,M00968,21,0.001
K21060,0.016,0.016,414.0,SAMD00000344.contig00003_41,414.0,1.7e-24,83.4,1.3e-17,60.7,108.0,409.0,56.0,355.0,K03153,196.5,472.5,True,8.984780887509745e-35,False,True,,0,M00948,3191,0.149
K21061,0.052,0.052,658.0,SAMD00000344.contig00003_41,658.0,1.8999999999999998e-39,132.8,1.9000000000000002e-38,129.4,190.0,558.0,3.0,355.0,K03153,196.5,330.73,True,6.674047237959849e-20,False,True,,0,M00948,5842,0.273
K21062,0.038,0.038,371.0,SAMD00000344.contig00021_13,371.0,1.2e-49,166.1,1.5999999999999998e-49,165.8,73.0,348.0,9.0,284.0,K01714,313.7,295.73,True,3.698048818061053e-45,False,True,,0,M00948,5011,0.234
K21063,0.0,0.0,207.0,SAMD00000344.contig00014_16,207.0,4.8e-06,23.4,4.4,3.9,2.0,18.0,7.0,23.0,K01838,291.4,246.3,True,2.10843958864619e-81,False,True,,0,M00125,452,0.021
K21064,1.0,1.0,320.0,SAMD00000344.contig00003_13,320.0,2.5e-85,283.6,2.7e-85,283.4,24.0,281.0,1.0,268.0,K21064,283.6,178.9,False,1.0,False,False,"K00082,K01498,K20860,K21063,K22912,K22949",6,M00125,14903,0.696
K21071,1.0,1.0,426.0,SAMD00000344.contig00023_41,426.0,0.012,11.5,0.02,10.8,133.0,165.0,57.0,90.0,K21071,11.5,356.8,False,1.0,False,True,"K00150,K00844,K00918,K11389,K12406,K13831,K16305",7,"M00001,M00345",7451,0.348
K21103,0.0,0.0,,,,1000.0,0.0,,,,,,,,,,,0.0,,,,0,M00835,31,0.001
K21142,0.024,0.024,,,,1000.0,0.0,,,,,,,,,,,0.0,,,,0,M00880,3971,0.186
K21160,0.0,0.0,,,,1000.0,0.0,,,,,,,,,,,0.0,,,"K21161,K21165,K21166",3,M00824,149,0.007
K21161,0.026,0.0,,,,1000.0,0.0,,,,,,,,,,,0.0,,,"K21160,K21163,K21165,K21166",4,M00824,262,0.012
K21162,0.014,0.014,,,,1000.0,0.0,,,,,,,,,,,0.0,,,"K21160,K21161,K21165,K21166",4,M00824,2999,0.14
K21163,0.228,0.228,331.0,SAMD00000344.contig00014_8,331.0,0.031,10.4,0.036,10.2,176.0,217.0,11.0,55.0,K05570,11.3,175.77,True,0.22704795282441617,False,True,"K21160,K21161,K21165,K21166",4,M00824,759,0.035
K21164,0.027,0.027,,,,1000.0,0.0,,,,,,,,,,,0.0,,,"K21160,K21161,K21165,K21166",4,M00824,4207,0.197
K21165,0.0,0.0,,,,1000.0,0.0,,,,,,,,,,,0.0,,,"K21160,K21161,K21166",3,M00824,136,0.006
K21166,0.0,0.0,549.0,SAMD00000344.contig00029_3,549.0,0.00014,17.1,0.00023,16.4,7.0,40.0,4.0,37.0,K22699,44.5,911.83,True,5.610855794361906e-09,False,True,"K21160,K21161,K21165",3,M00824,188,0.009
K21167,0.023,0.006,,,,1000.0,0.0,,,,,,,,,,,0.0,,,"K21160,K21161,K21163,K21165,K21166",5,M00824,1926,0.09
K21175,0.0,0.0,235.0,SAMD00000344.contig00008_63,235.0,5.9e-41,137.4,7.1e-41,137.1,37.0,220.0,3.0,189.0,K01658,269.6,,True,1.598946545812653e-40,False,True,"K20159,K21179",2,M00826,52,0.002
K21176,0.0,0.0,,,,1000.0,0.0,,,,,,,,,,,0.0,,,"K20159,K21175,K21179",3,M00826,283,0.013
K21177,0.003,0.002,,,,1000.0,0.0,,,,,,,,,,,0.0,,,"K20159,K21175,K21176,K21178,K21179",5,M00826,1120,0.052
K21178,0.006,0.006,335.0,SAMD00000344.contig00003_50,335.0,0.0065,12.8,0.0073,12.6,34.0,76.0,38.0,80.0,K20146,19.8,487.03,True,0.0056214935491429524,False,True,"K21175,K21179",2,M00826,83,0.004
K21179,0.0,0.0,,,,1000.0,0.0,,,,,,,,,,,0.0,,,K21175,1,M00826,15,0.001
K21181,0.0,0.0,,,,1000.0,0.0,,,,,,,,,,,0.0,,,K21182,1,"M00827,M00828",116,0.005
K21182,0.0,0.0,1058.0,SAMD00000344.contig00029_11,1058.0,1.3e-14,50.4,4e-14,48.8,593.0,965.0,143.0,500.0,K22133,447.6,835.8,True,2.6878892539973705e-120,False,True,K21181,1,"M00827,M00828",100,0.005
K21183,0.0,0.0,91.0,SAMD00000344.contig00015_7,91.0,0.0046,13.9,0.0054,13.7,11.0,64.0,3.0,59.0,K02078,86.7,88.27,True,1.2162298071673304e-22,False,True,"K21181,K21182,K21188",3,"M00827,M00828",345,0.016
K21184,0.003,0.003,,,,1000.0,0.0,,,,,,,,,,,0.0,,,"K21181,K21182",2,M00827,1329,0.062
K21191,0.0,0.0,548.0,SAMD00000344.contig00029_11,548.0,2.1e-42,142.3,3.5e-41,138.2,49.0,543.0,27.0,505.0,K22133,447.6,1000.87,True,1.2418466569657726e-92,False,True,K21192,1,M00829,11,0.001
K21192,0.0,0.0,348.0,SAMD00000344.contig00011_32,348.0,0.0028,13.9,0.0039,13.4,180.0,279.0,50.0,152.0,K03183,308.4,615.57,True,2.2216020984260837e-89,False,True,K21191,1,M00829,13,0.001
K21219,0.0,0.0,452.0,SAMD00000344.contig00006_3,452.0,2.5e-93,310.2,2.7e-93,310.1,5.0,266.0,6.0,270.0,K00941,362.0,372.27,True,2.5506227241299045e-16,False,True,,0,M00896,82,0.004
K21220,0.0,0.0,,,,1000.0,0.0,,,,,,,,,,,0.0,,,,0,M00896,0,0.0
K21254,0.0,0.0,1274.0,SAMD00000344.contig00022_32,1274.0,4.1e-29,97.9,5.599999999999999e-29,97.5,77.0,428.0,50.0,396.0,K09458,519.1,2041.07,True,1.6075549473228689e-127,False,True,"K21257,K21262",2,"M00833,M00834",28,0.001
K21255,0.002,0.002,,,,1000.0,0.0,,,,,,,,,,,0.0,,,"K21254,K21256,K21257,K21259,K21260,K21261,K21262,K21263",8,"M00833,M00834",1131,0.053
K21256,0.0,0.0,420.0,SAMD00000344.contig00029_3,420.0,0.0051,12.8,91.0,-1.2,10.0,64.0,167.0,221.0,K22699,44.5,,True,2.8483944153623307e-10,False,True,"K21254,K21257,K21260,K21262",4,"M00833,M00834",87,0.004
K21257,0.0,0.0,,,,1000.0,0.0,,,,,,,,,,,0.0,,,"K21260,K21262",2,"M00833,M00834",14,0.001
K21258,0.0,0.0,,,,1000.0,0.0,,,,,,,,,,,0.0,,,"K21254,K21257,K21260,K21262",4,"M00833,M00834",357,0.017
K21277,0.0,0.0,,,,1000.0,0.0,,,,,,,,,,,0.0,,,,0,M00851,29,0.001
K21297,0.0,0.0,,,,1000.0,0.0,,,,,,,,,,,0.0,,,"K14255,K21301",2,M00823,496,0.023
K21301,0.0,0.0,,,,1000.0,0.0,,,,,,,,,,,0.0,,,,0,"M00780,M00823",19,0.001
K21344,0.009,0.009,359.0,SAMD00000344.contig00009_79,359.0,1.5999999999999999e-24,83.6,1.9e-23,80.1,48.0,317.0,31.0,299.0,K00852,375.6,414.47,True,1.2567279271161768e-88,False,True,,0,M00064,2369,0.111
K21345,0.007,0.007,215.0,SAMD00000344.contig00017_12,215.0,1.7999999999999997e-24,83.3,2.1e-24,83.2,57.0,188.0,3.0,128.0,K00980,199.1,229.9,True,1.3826953493482262e-35,False,True,,0,M00064,2098,0.098
K21456,0.0,0.0,,,,1000.0,0.0,,,,,,,,,,,0.0,,,,0,M00118,184,0.009
K21479,0.001,0.001,,,,1000.0,0.0,,,,,,,,,,,0.0,,,,0,M00924,737,0.034
K21610,0.0,0.0,267.0,SAMD00000344.contig00027_9,267.0,3.3e-13,46.4,0.00034,16.9,3.0,43.0,325.0,365.0,K01551,398.0,404.23,True,1.4383133933168558e-106,False,True,,0,M00836,5,0.0
K21611,0.0,0.0,,,,1000.0,0.0,,,,,,,,,,,0.0,,,,0,M00836,0,0.0
K21612,0.0,0.0,451.0,SAMD00000344.contig00009_64,451.0,1.2e-14,50.9,2.1e-06,23.7,21.0,130.0,22.0,128.0,K01924,457.4,199.53,True,4.2786500058721506e-123,False,True,,0,M00836,20,0.001
K21721,0.007,0.002,338.0,SAMD00000344.contig00002_154,338.0,1.2e-05,21.7,1.7e-05,21.2,143.0,195.0,7.0,59.0,K16043,127.7,412.5,True,1.2325951644078326e-32,False,True,K23371,1,M00875,1231,0.058
K21722,0.005,0.004,,,,1000.0,0.0,,,,,,,,,,,0.0,,,"K21723,K21724",2,M00915,1699,0.079
K21723,0.0,0.0,,,,1000.0,0.0,,,,,,,,,,,0.0,,,,0,M00915,66,0.003
K21724,0.001,0.001,,,,1000.0,0.0,,,,,,,,,,,0.0,,,K21723,1,M00915,621,0.029
K21780,0.0,0.0,519.0,SAMD00000344.contig00029_11,519.0,2.3999999999999997e-41,138.7,3.1e-41,138.3,36.0,513.0,32.0,503.0,K22133,447.6,569.47,True,1.0241415548957376e-93,False,True,"K21428,K21778,K21779,K21782,K21783,K21787,K21791",7,"M00837,M00838",163,0.008
K21781,0.0,0.0,,,,1000.0,0.0,,,,,,,,,,,0.0,,,"K21428,K21778,K21779,K21780,K21782,K21783,K21787,K21791",8,"M00837,M00838",453,0.021
K21782,0.0,0.0,388.0,SAMD00000344.contig00008_11,388.0,9.1e-53,176.5,1.1e-52,176.2,7.0,375.0,7.0,367.0,K18244,355.5,507.23,True,1.3050608932958748e-54,False,True,"K21428,K21778,K21779,K21780,K21781,K21783,K21787,K21791",8,"M00837,M00838",421,0.02
K21783,0.0,0.0,905.0,SAMD00000344.contig00022_32,905.0,5.3e-39,131.4,6.2e-36,121.3,630.0,876.0,140.0,387.0,K09458,519.1,540.2,True,1.9528580715034764e-117,False,True,"K21428,K21778,K21779,K21780,K21787,K21791",6,"M00837,M00838",177,0.008
K21784,0.0,0.0,613.0,SAMD00000344.contig00001_147,613.0,1.4000000000000002e-111,370.9,1.7e-111,370.7,256.0,606.0,42.0,393.0,K00639,510.0,772.33,True,1.3388366829618164e-42,False,True,"K21428,K21778,K21779,K21780,K21782,K21783,K21787,K21791",8,"M00837,M00838",465,0.022
K21785,0.013,0.013,,,,1000.0,0.0,,,,,,,,,,,0.0,,,"K21428,K21778,K21779,K21780,K21781,K21782,K21783,K21784,K21787,K21791,K21793",11,"M00837,M00838",2897,0.135
K21786,0.006,0.006,342.0,SAMD00000344.contig00011_32,342.0,1.1e-17,61.2,2.3e-14,50.2,167.0,280.0,44.0,157.0,K03183,308.4,257.47,True,3.8493293569832725e-75,False,True,"K21428,K21778,K21779,K21780,K21781,K21782,K21783,K21784,K21787",9,M00837,1941,0.091
K21832,0.024,0.024,,,,1000.0,0.0,,,,,,,,,,,0.0,,,,0,M00975,4001,0.187
K21833,0.006,0.006,684.0,SAMD00000344.contig00012_16,684.0,2.9e-50,168.3,4.6e-50,167.6,7.0,349.0,6.0,342.0,K26355,413.0,1049.3,True,2.1775095130746697e-74,False,True,,0,M00975,1994,0.093
K21834,0.06,0.06,,,,1000.0,0.0,,,,,,,,,,,0.0,,,,0,M00975,6271,0.293
K21898,0.005,0.005,437.0,SAMD00000344.contig00016_16,437.0,2.3e-08,29.9,3.1e-08,29.4,6.0,208.0,8.0,212.0,K01775,428.8,209.73,True,8.301082491136507e-121,False,True,,0,M00876,1792,0.084
K21949,0.009,0.003,667.0,SAMD00000344.contig00016_42,667.0,1.9e-71,238.4,2.4e-71,238.1,202.0,501.0,2.0,298.0,K17216,429.9,343.83,True,2.2529721868304796e-58,False,True,K23371,1,M00875,1469,0.069
K21977,0.003,0.003,238.0,SAMD00000344.contig00015_21,238.0,1.9e-49,165.4,4.0000000000000005e-49,164.4,7.0,226.0,191.0,396.0,K13038,542.5,210.53,True,3.031018834965974e-114,False,True,K02318,1,M00120,1429,0.067
K22011,0.0,0.0,,,,1000.0,0.0,,,,,,,,,,,0.0,,,,0,"M00836,M00924",4,0.0
K22012,0.0,0.0,470.0,SAMD00000344.contig00026_28,470.0,0.0043,12.8,0.0053,12.5,279.0,356.0,48.0,123.0,K05520,230.4,599.33,True,3.1323691894525277e-66,False,True,,0,M00836,3,0.0
K22015,0.004,0.004,,,,1000.0,0.0,,,,,,,,,,,0.0,,,"K25008,K25123,K25124",3,"M00377,M00618",1535,0.072
K22099,0.0,0.0,,,,1000.0,0.0,,,,,,,,,,,0.0,,,K22100,1,M00840,70,0.003
K22100,0.0,0.0,208.0,SAMD00000344.contig00008_66,208.0,1.7000000000000002e-27,93.4,2.5e-27,92.9,2.0,202.0,3.0,190.0,K01817,196.3,264.03,True,1.0568502298103026e-31,False,True,K22099,1,M00840,23,0.001
K22113,0.0,0.0,,,,1000.0,0.0,,,,,,,,,,,0.0,,,K01957,1,M00904,72,0.003
K22114,0.0,0.0,424.0,SAMD00000344.contig00003_40,424.0,4e-05,19.7,9.4e-05,18.4,148.0,345.0,136.0,339.0,K01945,538.0,619.83,True,9.465711143372894e-157,False,True,,0,M00904,394,0.018
K22116,0.002,0.002,342.0,SAMD00000344.contig00030_8,342.0,0.16,8.3,0.22,7.9,84.0,134.0,147.0,213.0,K24131,18.2,53.9,True,0.0006700029396403454,False,True,"K22976,K22981",2,M00860,960,0.045
K22225,0.002,0.002,446.0,SAMD00000344.contig00008_84,446.0,0.0031,13.4,0.0036,13.2,110.0,325.0,2.0,63.0,K03719,140.2,109.53,True,6.751442135340534e-39,False,True,,0,M00847,1050,0.049
K22226,0.123,0.123,438.0,SAMD00000344.contig00013_62,438.0,0.00077,15.7,0.001,15.3,68.0,121.0,38.0,91.0,K04068,218.6,373.8,True,8.337078289711883e-62,False,True,,0,M00847,8968,0.419
K22227,0.012,0.012,529.0,SAMD00000344.contig00015_21,529.0,0.0092,11.8,0.013,11.3,450.0,521.0,273.0,342.0,K13038,542.5,363.03,True,1.751383690651004e-160,False,True,,0,M00847,2827,0.132
K22269,0.0,0.0,,,,1000.0,0.0,,,,,,,,,,,0.0,,,,0,M00890,7,0.0
K22283,0.0,0.0,,,,1000.0,0.0,,,,,,,,,,,0.0,,,,0,M00098,0,0.0
K22284,0.0,0.0,,,,1000.0,0.0,,,,,,,,,,,0.0,,,,0,M00098,0,0.0
K22305,0.884,0.884,212.0,SAMD00000344.contig00010_23,212.0,1.5e-46,155.9,1.8e-46,155.6,2.0,206.0,1.0,212.0,K22305,155.9,212.67,False,0.8644137323480449,False,True,,0,M00020,9689,0.453
K22346,0.0,0.0,,,,1000.0,0.0,,,,,,,,,,,0.0,,,,0,M00851,40,0.002
K22391,1.0,1.0,259.0,SAMD00000344.contig00003_107,259.0,2.8e-51,171.7,3e-51,171.6,1.0,240.0,1.0,245.0,K22391,171.7,163.6,False,1.0,False,False,"K13939,K13941,K13998,K20457",4,M00126,17277,0.807
K22451,0.001,0.001,,,,1000.0,0.0,,,,,,,,,,,0.0,,,,0,M00855,840,0.039
K22477,0.044,0.044,198.0,SAMD00000344.contig00004_29,198.0,2.1e-09,34.4,2.6e-09,34.1,53.0,181.0,38.0,166.0,K03789,146.0,81.67,True,2.541279797213342e-34,False,True,"K00818,K14677",2,M00028,5388,0.252
K22478,0.001,0.0,435.0,SAMD00000344.contig00024_10,435.0,4e-31,105.2,4.8e-31,104.9,34.0,266.0,3.0,234.0,K00930,245.3,516.47,True,6.694183414809165e-43,False,True,K12659,1,"M00028,M00845",553,0.026
K22480,0.0,0.0,775.0,SAMD00000344.contig00011_46,775.0,2.9e-05,19.2,5.6e-05,18.3,140.0,183.0,16.0,59.0,K26318,449.9,1091.73,True,2.220142586683712e-130,False,True,,0,"M00356,M00357,M00563,M00567,M00617",175,0.008
K22481,0.0,0.0,,,,1000.0,0.0,,,,,,,,,,,0.0,,,,0,"M00356,M00357,M00563,M00567,M00617",85,0.004
K22482,0.0,0.0,,,,1000.0,0.0,,,,,,,,,,,0.0,,,,0,"M00356,M00357,M00563,M00567,M00617",71,0.003
K22501,0.0,0.0,,,,1000.0,0.0,,,,,,,,,,,0.0,,,,0,M00153,118,0.006
K22516,1.0,1.0,685.0,SAMD00000344.contig00001_14,685.0,0.0098,11.1,0.0098,11.1,595.0,642.0,14.0,61.0,K22516,11.1,982.3,False,1.0,False,True,"K00200,K00201,K00202,K00577,K00672,K01499,K11260,K13942,K16178,K22480,K22482",11,"M00356,M00357,M00563,M00567,M00617",3799,0.178
K22549,0.034,0.034,601.0,SAMD00000344.contig00010_4,601.0,1.1e-15,54.3,8.4e-07,25.0,359.0,444.0,261.0,346.0,K00382,572.4,406.57,True,1.0873246819269798e-156,False,True,,0,M00948,4721,0.221
K22550,0.027,0.027,,,,1000.0,0.0,,,,,,,,,,,0.0,,,,0,M00948,4202,0.196
K22568,0.0,0.0,,,,1000.0,0.0,,,,,,,,,,,0.0,,,,0,M00741,0,0.0
K22598,0.008,0.008,,,,1000.0,0.0,,,,,,,,,,,0.0,,,K22269,1,M00890,2345,0.11
K22622,0.017,0.017,,,,1000.0,0.0,,,,,,,,,,,0.0,,,,0,M00595,3370,0.157
K22699,0.994,0.994,261.0,SAMD00000344.contig00029_3,261.0,1.5e-12,44.5,0.024,11.0,15.0,108.0,148.0,246.0,K22699,44.5,258.23,False,0.9936901575057393,False,True,K21219,1,M00896,390,0.018
K22813,0.0,0.0,371.0,SAMD00000344.contig00003_18,371.0,4.7e-16,55.7,5.9e-16,55.4,46.0,338.0,10.0,308.0,K01597,340.2,428.5,True,2.274920548788223e-86,False,True,,0,M00849,0,0.0
K22850,0.0,0.0,,,,1000.0,0.0,,,,,,,,,,,0.0,,,K22852,1,M00853,258,0.012
K22851,0.0,0.0,,,,1000.0,0.0,,,,,,,,,,,0.0,,,"K22852,K22853,K22854",3,M00853,431,0.02
K22852,0.0,0.0,,,,1000.0,0.0,,,,,,,,,,,0.0,,,,0,M00853,3,0.0
K22853,0.0,0.0,,,,1000.0,0.0,,,,,,,,,,,0.0,,,"K22851,K22852,K22854",3,M00853,429,0.02
K22854,0.0,0.0,265.0,SAMD00000344.contig00001_232,265.0,6.2e-09,32.5,1.1e-08,31.8,168.0,258.0,177.0,267.0,K02099,127.6,,True,2.3553052777821963e-29,False,True,,0,M00853,5,0.0
K22879,0.011,0.011,617.0,SAMD00000344.contig00001_4,617.0,7.2e-12,41.4,7.2e-12,41.4,3.0,112.0,2.0,122.0,K14057,137.9,194.3,True,8.92304453021593e-30,False,True,"K00106,K13484,K16838",3,M00546,2704,0.126
K22896,0.0,0.0,,,,1000.0,0.0,,,,,,,,,,,0.0,,,"K00531,K22897,K22898",3,M00175,147,0.007
K22897,0.0,0.0,,,,1000.0,0.0,,,,,,,,,,,0.0,,,"K00531,K22896,K22898",3,M00175,142,0.007
K22898,0.0,0.0,112.0,SAMD00000344.contig00002_158,112.0,0.0065,14.0,0.016,12.7,33.0,74.0,85.0,126.0,K20968,68.7,144.63,True,1.410752233804447e-17,False,True,"K22896,K22897",2,M00175,43,0.002
K22899,0.001,0.0,275.0,SAMD00000344.contig00030_12,275.0,5.8e-11,39.3,2.7e-10,37.1,9.0,249.0,10.0,251.0,K03496,359.5,558.9,True,4.075635987747461e-97,False,True,"K00531,K22896,K22897,K22898",4,M00175,569,0.027
K22906,0.0,0.0,,,,1000.0,0.0,,,,,,,,,,,0.0,,,,0,M00967,203,0.009
K22912,0.0,0.0,370.0,SAMD00000344.contig00014_16,370.0,2.5e-19,66.8,3e-19,66.5,118.0,299.0,9.0,193.0,K01838,291.4,207.83,True,2.4471634292598247e-68,False,True,,0,M00125,7,0.0
K22914,0.0,0.0,,,,1000.0,0.0,,,,,,,,,,,0.0,,,"K22921,K22922,K22923,K22925",4,M00857,48,0.002
K22915,0.0,0.0,,,,1000.0,0.0,,,,,,,,,,,0.0,,,"K22914,K22916,K22917,K22921,K22922,K22923,K22924,K22925,K22926",9,M00857,219,0.01
K22916,0.0,0.0,578.0,SAMD00000344.contig00012_62,578.0,7.7e-11,38.1,1e-10,37.7,429.0,524.0,224.0,319.0,K19422,357.7,913.27,True,6.177508985694874e-97,False,True,"K22914,K22915,K22917,K22921,K22922,K22923,K22924,K22925,K22926",9,M00857,250,0.012
K22917,0.0,0.0,639.0,SAMD00000344.contig00003_88,639.0,7.3e-06,21.7,0.0019,13.7,173.0,319.0,219.0,361.0,K09667,109.7,698.9,True,3.2263945245116583e-27,False,True,"K22914,K22915,K22916,K22921,K22922,K22923,K22924,K22925",8,M00857,222,0.01
K22918,0.007,0.007,180.0,SAMD00000344.contig00003_41,180.0,0.0038,14.0,60.0,0.3,106.0,144.0,183.0,221.0,K03153,196.5,413.97,True,1.1535217596571594e-55,False,True,,0,M00856,2129,0.099
K22921,0.0,0.0,,,,1000.0,0.0,,,,,,,,,,,0.0,,,"K22914,K22922,K22923,K22925",4,M00857,36,0.002
K22922,0.0,0.0,,,,1000.0,0.0,,,,,,,,,,,0.0,,,"K22914,K22921,K22923,K22925",4,M00857,35,0.002
K22923,0.0,0.0,225.0,SAMD00000344.contig00012_54,225.0,7.2e-18,62.0,3.8e-16,56.4,1.0,199.0,1.0,218.0,K02003,402.8,270.73,True,2.564351047164684e-103,False,True,"K22914,K22921,K22922,K22925",4,M00857,35,0.002
K22924,0.0,0.0,,,,1000.0,0.0,,,,,,,,,,,0.0,,,"K22914,K22915,K22916,K22917,K22921,K22922,K22923,K22925",8,M00857,172,0.008
K22925,0.0,0.0,346.0,SAMD00000344.contig00026_20,346.0,1.1e-37,126.7,1.7e-37,126.2,18.0,331.0,9.0,307.0,K02473,247.0,790.23,True,6.110707861494982e-37,False,True,"K22914,K22921,K22922,K22923",4,M00857,23,0.001
K22926,0.0,0.0,,,,1000.0,0.0,,,,,,,,,,,0.0,,,"K22914,K22921,K22922,K22923,K22925",5,M00857,73,0.003
K22944,0.001,0.001,,,,1000.0,0.0,,,,,,,,,,,0.0,,,,0,M00575,951,0.044
K22976,0.0,0.0,487.0,SAMD00000344.contig00002_142,487.0,1.6e-15,54.2,2.2e-14,50.4,9.0,485.0,4.0,491.0,K03483,276.1,496.07,True,1.5901714877532623e-67,False,True,,0,M00860,70,0.003
K22977,0.0,0.0,483.0,SAMD00000344.contig00002_142,483.0,8.5e-14,48.2,6.6e-13,45.3,6.0,478.0,5.0,488.0,K03483,276.1,692.7,True,2.4846429496144446e-69,False,True,K22976,1,M00860,359,0.017
K22980,1.0,1.0,482.0,SAMD00000344.contig00014_64,482.0,7.8e-23,78.1,1.1e-22,77.6,18.0,480.0,23.0,486.0,K22980,78.1,419.67,False,1.0,False,True,K22976,1,M00860,1440,0.067
K22981,0.0,0.0,47.0,SAMD00000344.contig00006_60,47.0,0.024,11.5,0.054,10.4,3.0,17.0,5.0,22.0,K03100,177.9,92.83,True,8.102307498942317e-51,False,True,,0,M00860,68,0.003
K22997,0.002,0.002,,,,1000.0,0.0,,,,,,,,,,,0.0,,,"K18686,K22998",2,M00921,1111,0.052
K22998,0.0,0.0,,,,1000.0,0.0,,,,,,,,,,,0.0,,,K18686,1,M00921,28,0.001
K23082,0.0,0.0,,,,1000.0,0.0,,,,,,,,,,,0.0,,,K12977,1,M00867,96,0.004
K23083,0.001,0.001,,,,1000.0,0.0,,,,,,,,,,,0.0,,,"K12977,K23082,K23159",3,M00867,837,0.039
K23094,0.0,0.0,465.0,SAMD00000344.contig00002_183,465.0,7.7e-11,38.5,9.4e-11,38.2,152.0,433.0,18.0,301.0,K02548,196.1,190.63,True,3.611375798887782e-48,False,True,"K12073,K17872,K23095",3,M00932,177,0.008
K23095,0.0,0.0,422.0,SAMD00000344.contig00011_32,422.0,3.7e-66,220.5,4.7e-66,220.2,51.0,272.0,6.0,226.0,K03183,308.4,248.03,True,3.463086833042447e-27,False,True,"K12073,K17872,K23094",3,M00932,189,0.009
K23120,0.0,0.0,266.0,SAMD00000344.contig00003_29,266.0,0.0024,14.3,0.0046,13.4,145.0,194.0,254.0,302.0,K07444,563.2,216.47,True,5.816147073531302e-166,False,True,K23122,1,M00949,525,0.025
K23122,0.0,0.0,,,,1000.0,0.0,,,,,,,,,,,0.0,,,K23120,1,M00949,403,0.019
K23144,0.026,0.026,413.0,SAMD00000344.contig00016_35,413.0,3.1e-62,207.6,2.2e-41,138.9,4.0,291.0,5.0,309.0,K04042,612.5,412.97,True,1.2970441392400648e-122,False,True,"K00972,K11528",2,M00909,4120,0.193
K23159,0.0,0.0,,,,1000.0,0.0,,,,,,,,,,,0.0,,,"K12977,K23082",2,M00867,440,0.021
K23163,0.101,0.101,,,,1000.0,0.0,,,,,,,,,,,0.0,,,,0,M00616,8114,0.379
K23234,0.0,0.0,549.0,SAMD00000344.contig00002_191,549.0,1.0999999999999998e-105,351.1,1.4999999999999999e-105,350.7,30.0,506.0,8.0,481.0,K07248,692.4,711.2,True,1.8132700147930221e-103,False,True,,0,M00038,0,0.0
K23264,1.0,1.0,211.0,SAMD00000344.contig00003_34,211.0,1.3e-29,101.2,1.3999999999999998e-29,101.1,64.0,145.0,1.0,80.0,K23264,101.2,39.47,False,1.0,False,False,K01492,1,M00048,8809,0.412
K23265,1.0,1.0,578.0,SAMD00000344.contig00003_35,578.0,4.2e-101,336.4,5e-101,336.2,223.0,437.0,1.0,216.0,K23265,336.4,200.83,False,1.0,False,False,"K00601,K01492,K01587,K11787,K13713",5,M00048,9228,0.431
K23269,1.0,1.0,997.0,SAMD00000344.contig00003_36,997.0,0.0,1087.1,0.0,1086.9,196.0,917.0,9.0,730.0,K23269,1087.1,729.0,False,1.0,False,False,"K01492,K11787,K13713",3,M00048,9049,0.423
K23270,0.012,0.0,994.0,SAMD00000344.contig00003_36,994.0,1.6000000000000002e-158,526.4,0.083,7.7,189.0,241.0,8.0,57.0,K23269,1087.1,902.33,True,1.6311031679165605e-169,False,True,"K00601,K01492,K01587",3,M00048,295,0.014
K23304,0.0,0.0,270.0,SAMD00000344.contig00010_61,270.0,2.5999999999999998e-61,204.2,3e-61,204.0,4.0,264.0,23.0,281.0,K00651,348.1,346.9,True,4.805998422899697e-44,False,True,,0,M00021,198,0.009
K23371,0.013,0.013,256.0,SAMD00000344.contig00030_13,256.0,9.1e-05,19.0,0.00018,18.1,23.0,122.0,40.0,130.0,K23370,25.2,139.0,True,0.013407952855301665,False,True,,0,M00875,237,0.011
K23372,0.006,0.003,,,,1000.0,0.0,,,,,,,,,,,0.0,,,"K23371,K23374,K23375",3,M00875,1292,0.06
K23373,0.008,0.005,422.0,SAMD00000344.contig00003_11,422.0,5.7e-58,193.3,7.3e-58,193.0,32.0,412.0,32.0,416.0,K01586,494.4,510.8,True,2.2901730808302553e-91,False,True,"K23371,K23374",2,M00875,1751,0.082
K23374,0.004,0.0,,,,1000.0,0.0,,,,,,,,,,,0.0,,,"K23371,K23375",2,M00875,568,0.027
K23375,0.004,0.001,,,,1000.0,0.0,,,,,,,,,,,0.0,,,"K23371,K23374",2,M00875,797,0.037
K23446,0.001,0.001,,,,1000.0,0.0,,,,,,,,,,,0.0,,,,0,M00876,704,0.033
K23447,0.002,0.002,,,,1000.0,0.0,,,,,,,,,,,0.0,,,,0,M00876,1081,0.051
K23669,0.0,0.0,,,,1000.0,0.0,,,,,,,,,,,0.0,,,,0,M00906,533,0.025
K23670,0.0,0.0,,,,1000.0,0.0,,,,,,,,,,,0.0,,,,0,M00906,274,0.013
K23671,0.0,0.0,511.0,SAMD00000344.contig00016_41,511.0,2.7e-15,53.1,5.6e-15,52.0,247.0,433.0,119.0,304.0,K17217,539.6,,True,3.537090029715475e-147,False,True,,0,M00906,166,0.008
K23672,0.0,0.0,,,,1000.0,0.0,,,,,,,,,,,0.0,,,,0,M00906,132,0.006
K23673,0.0,0.0,,,,1000.0,0.0,,,,,,,,,,,0.0,,,,0,M00906,434,0.02
K23734,1.0,1.0,358.0,SAMD00000344.contig00002_177,358.0,1.5e-20,70.8,1.8e-19,67.2,80.0,341.0,2.0,249.0,K23734,70.8,221.07,False,1.0,False,True,K23735,1,M00883,1836,0.086
K23735,0.0,0.0,,,,1000.0,0.0,,,,,,,,,,,0.0,,,,0,M00883,5,0.0
K23977,0.0,0.0,450.0,SAMD00000344.contig00018_26,450.0,6.7e-63,209.9,8.8e-63,209.5,91.0,444.0,32.0,383.0,K00841,573.2,672.43,True,4.323172604544038e-110,False,True,,0,M00034,11,0.001
K23987,0.004,0.004,478.0,SAMD00000344.contig00001_146,478.0,4.4e-10,36.1,7e-10,35.5,184.0,312.0,2.0,147.0,K15789,375.9,412.83,True,5.128702094329378e-103,False,True,,0,M00793,1714,0.08
K23995,0.002,0.002,,,,1000.0,0.0,,,,,,,,,,,0.0,,,"K10944,K10945,K10946,K14028,K14029,K16157,K16158,K16159,K16160,K16161,K16162",11,M00174,1097,0.051
K24017,0.022,0.022,278.0,SAMD00000344.contig00008_49,278.0,1.7e-57,191.8,1.9000000000000002e-57,191.6,27.0,256.0,3.0,234.0,K01814,235.3,300.53,True,8.038873388460276e-14,False,True,"K01656,K01694",2,"M00023,M00026",3819,0.178
K24018,1.0,1.0,740.0,SAMD00000344.contig00001_203,740.0,5.4e-132,438.4,6.7e-132,438.1,313.0,726.0,9.0,424.0,K24018,438.4,755.23,False,0.9995751070934864,False,True,K15849,1,"M00022,M00040",9161,0.428
K24042,0.023,0.023,628.0,SAMD00000344.contig00008_13,628.0,1.9e-21,73.0,3.4e-21,72.1,323.0,605.0,6.0,278.0,K00297,297.0,361.37,True,3.7092061506874535e-68,False,True,K01739,1,M00017,3867,0.181
K24182,0.0,0.0,,,,1000.0,0.0,,,,,,,,,,,0.0,,,,0,M00001,0,0.0
K24257,0.0,0.0,385.0,SAMD00000344.contig00017_44,385.0,1.2e-10,37.9,1.2e-09,34.6,58.0,373.0,56.0,373.0,K01791,523.5,505.5,True,6.604411205296911e-147,False,True,,0,M00922,151,0.007
K24258,0.006,0.006,376.0,SAMD00000344.contig00017_44,376.0,4.8e-56,187.2,5.7e-56,187.0,5.0,366.0,6.0,371.0,K01791,523.5,585.03,True,5.8024640473373956e-102,False,True,,0,M00923,1965,0.092
K24563,0.0,0.0,3581.0,SAMD00000344.contig00022_34,3581.0,2.6e-26,87.5,3.1e-26,87.2,557.0,844.0,3.0,280.0,K00645,300.7,5355.43,True,6.613097479910201e-65,False,True,"K14366,K14367,K15997",3,M00774,57,0.003
K24564,0.0,0.0,3196.0,SAMD00000344.contig00022_34,3196.0,1.5e-27,91.9,2.3e-27,91.3,2036.0,2320.0,3.0,278.0,K00645,300.7,4849.63,True,1.3961655103126435e-63,False,True,"K10817,K14366,K14367,K15997,K24563",5,M00774,138,0.006
K24567,0.0,0.0,6239.0,SAMD00000344.contig00022_32,6239.0,2.1e-20,67.0,2.6e-20,66.7,2736.0,3045.0,37.0,352.0,K09458,519.1,,True,8.02304005301393e-137,False,True,"K14372,K14375",2,M00777,9,0.0
K24568,0.0,0.0,5532.0,SAMD00000344.contig00022_32,5532.0,1.5e-20,67.9,1.7e-20,67.7,1935.0,2246.0,54.0,367.0,K09458,519.1,,True,1.4971522123766707e-136,False,True,"K14371,K14372,K14375,K24567",4,M00777,18,0.001
K24569,0.0,0.0,4881.0,SAMD00000344.contig00022_34,4881.0,3.9e-23,76.4,1.5e-18,61.2,645.0,869.0,56.0,280.0,K00645,300.7,,True,3.0128115844752394e-68,False,True,"K14372,K14375,K24567",3,M00777,18,0.001
K24866,0.032,0.031,327.0,SAMD00000344.contig00022_16,327.0,1.1e-06,25.1,0.00015,18.1,40.0,72.0,147.0,179.0,K00529,324.4,156.0,True,7.974808409014948e-91,False,True,"K02304,K03794,K21479,K22011",4,"M00846,M00924",4529,0.212
K25007,0.001,0.001,,,,1000.0,0.0,,,,,,,,,,,0.0,,,"K00194,K00197,K14138,K25008",4,"M00377,M00618",757,0.035
K25008,0.0,0.0,,,,1000.0,0.0,,,,,,,,,,,0.0,,,"K00194,K00197,K00198,K14138,K25123,K25124",6,"M00377,M00618",251,0.012
K25026,1.0,1.0,426.0,SAMD00000344.contig00009_20,426.0,4.7e-96,319.5,5.1e-96,319.3,40.0,333.0,4.0,318.0,K25026,319.5,268.3,False,1.0,False,False,"K00844,K00918,K11389,K12406,K12447,K16305",6,"M00001,M00549",15230,0.712
K25033,0.004,0.004,,,,1000.0,0.0,,,,,,,,,,,0.0,,,,0,M00847,1530,0.071
K25123,0.0,0.0,,,,1000.0,0.0,,,,,,,,,,,0.0,,,"K25008,K25124",2,"M00377,M00618",189,0.009
K25124,0.0,0.0,,,,1000.0,0.0,,,,,,,,,,,0.0,,,"K00194,K14138,K25008,K25123",4,"M00377,M00618",240,0.011
K25316,0.069,0.069,364.0,SAMD00000344.contig00008_31,364.0,7.4e-28,94.8,1.1000000000000001e-27,94.3,128.0,357.0,4.0,234.0,K01779,229.3,355.4,True,3.246875104347306e-41,False,True,K15737,1,M00960,6713,0.314
K25317,0.001,0.001,407.0,SAMD00000344.contig00016_16,407.0,2.3000000000000002e-58,194.7,2.7000000000000002e-58,194.4,40.0,405.0,7.0,370.0,K01775,428.8,409.77,True,3.379698936526011e-71,False,True,,0,M00960,833,0.039
K25517,0.0,0.0,,,,1000.0,0.0,,,,,,,,,,,0.0,,,K09128,1,M00849,452,0.021
K25518,0.0,0.0,433.0,SAMD00000344.contig00017_57,433.0,7.1e-66,219.8,1e-65,219.3,35.0,430.0,53.0,481.0,K22958,740.8,479.83,True,1.4567071740625333e-157,False,True,,0,M00849,11,0.001
K25528,0.001,0.001,263.0,SAMD00000344.contig00034_11,263.0,2.8e-13,46.7,5.6e-13,45.7,186.0,254.0,181.0,253.0,K02566,258.7,231.17,True,1.5192908391544188e-64,False,True,,0,M00020,786,0.037
K25570,1.0,1.0,329.0,SAMD00000344.contig00005_78,329.0,6.3e-07,25.8,8.6e-07,25.3,6.0,140.0,3.0,140.0,K25570,25.8,507.53,False,0.9999504265057276,False,True,,0,M00950,82,0.004
K25774,0.0,0.0,546.0,SAMD00000344.contig00029_11,546.0,6.9e-37,124.2,1.9e-25,86.5,388.0,538.0,351.0,502.0,K22133,447.6,1025.33,True,4.420028310313308e-98,False,True,,0,"M00374,M00375",1,0.0
K25801,0.0,0.0,,,,1000.0,0.0,,,,,,,,,,,0.0,,,,0,"M00009,M00011",0,0.0
K25824,0.0,0.0,,,,1000.0,0.0,,,,,,,,,,,0.0,,,,0,M00098,0,0.0
K25960,0.005,0.005,401.0,SAMD00000344.contig00008_9,401.0,6.8e-38,128.3,9.300000000000001e-38,127.9,84.0,389.0,6.0,321.0,K03522,298.7,297.33,True,5.0639421868384065e-52,False,True,,0,M00975,1838,0.086
K25961,0.005,0.005,262.0,SAMD00000344.contig00008_10,262.0,1.7e-08,31.5,2.4e-08,31.0,29.0,169.0,38.0,186.0,K22431,243.2,189.97,True,1.8704652644011865e-64,False,True,,0,M00975,1835,0.086
K25986,0.018,0.018,,,,1000.0,0.0,,,,,,,,,,,0.0,,,K25317,1,M00960,3456,0.161
K26061,0.05,0.05,504.0,SAMD00000344.contig00002_191,504.0,4.9e-85,283.3,5.9e-85,283.0,21.0,434.0,19.0,428.0,K07248,692.4,754.93,True,7.057140662721278e-124,False,True,K25317,1,M00960,5696,0.266
K26062,0.001,0.001,417.0,SAMD00000344.contig00014_1,417.0,1.1e-87,291.6,1.4e-87,291.3,15.0,416.0,29.0,435.0,K20708,820.1,634.67,True,8.047246257677993e-160,False,True,,0,M00960,810,0.038
K26063,0.055,0.055,1018.0,SAMD00000344.contig00010_6,1018.0,0.0055,11.4,0.0073,11.0,288.0,346.0,207.0,269.0,K00167,429.5,1330.67,True,1.3783413123858476e-126,False,True,K26062,1,M00960,5994,0.28
K26064,0.008,0.008,415.0,SAMD00000344.contig00003_41,415.0,1e-15,54.7,2.2e-12,43.8,246.0,409.0,189.0,354.0,K03153,196.5,433.37,True,2.0603766282621588e-43,False,True,K15737,1,M00960,2219,0.104
K26065,0.009,0.009,427.0,SAMD00000344.contig00022_6,427.0,8e-09,31.8,190.0,-2.4,218.0,238.0,119.0,139.0,K00383,400.5,444.47,True,1.0238600525924218e-111,False,True,K15737,1,M00960,2417,0.113
K26069,0.0,0.0,644.0,SAMD00000344.contig00012_16,644.0,3.4e-37,125.0,4.7e-37,124.5,15.0,344.0,12.0,342.0,K26355,413.0,1311.8,True,2.010764683386012e-87,False,True,"K26070,K26175",2,M00966,33,0.002
K26070,0.0,0.0,286.0,SAMD00000344.contig00018_48,286.0,8.799999999999999e-24,81.3,9.799999999999999e-24,81.2,27.0,272.0,2.0,249.0,K26079,172.5,624.67,True,3.1007173961572483e-28,False,True,"K26069,K26175",2,M00966,13,0.001
K26071,0.0,0.0,486.0,SAMD00000344.contig00011_46,486.0,2.5e-34,116.0,4.1e-14,49.3,351.0,458.0,330.0,437.0,K26318,449.9,978.07,True,3.0625588849749526e-101,False,True,"K26069,K26070,K26175",3,M00966,352,0.016
K26138,0.021,0.021,,,,1000.0,0.0,,,,,,,,,,,0.0,,,"K10534,K15579",2,"M00531,M00615",3706,0.173
K26139,0.051,0.051,754.0,SAMD00000344.contig00022_16,754.0,5e-46,154.4,6.3e-46,154.1,8.0,289.0,11.0,288.0,K00529,324.4,804.03,True,6.681880394158819e-52,False,True,"K10534,K17877",2,"M00531,M00615",5750,0.269
K26175,0.0,0.0,158.0,SAMD00000344.contig00001_162,158.0,0.014,12.5,0.018,12.1,68.0,120.0,40.0,92.0,K13984,67.2,261.27,True,3.4157181084059416e-17,False,True,"K26069,K26070",2,M00966,37,0.002
K26176,0.005,0.005,320.0,SAMD00000344.contig00019_43,320.0,0.0026,13.9,1.4,4.9,1.0,48.0,1.0,48.0,K16902,41.8,288.87,True,2.1740136513160613e-09,False,True,K22906,1,M00967,1879,0.088
K26178,0.009,0.009,652.0,SAMD00000344.contig00012_16,652.0,5.5e-59,197.1,7.5e-59,196.7,16.0,348.0,14.0,339.0,K26355,413.0,694.83,True,1.0177097521620993e-65,False,True,K22906,1,M00967,2402,0.112
K26208,0.001,0.001,297.0,SAMD00000344.contig00009_79,297.0,3.1e-50,168.3,3.7e-50,168.0,3.0,287.0,4.0,301.0,K00852,375.6,270.1,True,3.948952400003174e-63,False,True,,0,M00968,810,0.038
K26210,0.0,0.0,232.0,SAMD00000344.contig00034_11,232.0,1e-11,41.9,120.0,-0.9,106.0,133.0,21.0,48.0,K02566,258.7,315.5,True,5.453771524058656e-66,False,True,,0,M00968,342,0.016
K26211,0.0,0.0,,,,1000.0,0.0,,,,,,,,,,,0.0,,,,0,M00968,2,0.0
K26212,0.028,0.028,241.0,SAMD00000344.contig00001_92,241.0,3.2e-37,124.9,3.4e-37,124.8,5.0,225.0,3.0,227.0,K03784,347.9,347.73,True,7.418412301374922e-68,False,True,"K18237,K26210",2,M00968,4246,0.198
K27070,0.0,0.0,,,,1000.0,0.0,,,,,,,,,,,0.0,,,,0,M00886,0,0.0
K27071,0.0,0.0,,,,1000.0,0.0,,,,,,,,,,,0.0,,,,0,M00886,0,0.0
K27072,0.0,0.0,,,,1000.0,0.0,,,,,,,,,,,0.0,,,,0,M00886,0,0.0
K27093,0.0,0.0,,,,1000.0,0.0,,,,,,,,,,,0.0,,,,0,M00887,0,0.0
K27094,0.0,0.0,,,,1000.0,0.0,,,,,,,,,,,0.0,,,,0,"M00741,M00887",0,0.0
K27095,0.0,0.0,,,,1000.0,0.0,,,,,,,,,,,0.0,,,,0,"M00741,M00887",0,0.0
K27109,0.0,0.0,,,,1000.0,0.0,,,,,,,,,,,0.0,,,,0,M00155,0,0.0
K27187,0.0,0.0,,,,1000.0,0.0,,,,,,,,,,,0.0,,,,0,M00596,0,0.0
K27188,0.0,0.0,,,,1000.0,0.0,,,,,,,,,,,0.0,,,,0,M00596,0,0.0
K27189,0.0,0.0,,,,1000.0,0.0,,,,,,,,,,,0.0,,,,0,M00596,0,0.0
K27190,0.0,0.0,,,,1000.0,0.0,,,,,,,,,,,0.0,,,,0,M00596,0,0.0
K27191,0.0,0.0,,,,1000.0,0.0,,,,,,,,,,,0.0,,,,0,M00596,0,0.0
K27196,0.0,0.0,,,,1000.0,0.0,,,,,,,,,,,0.0,,,,0,M00596,0,0.0
K27394,0.0,0.0,,,,1000.0,0.0,,,,,,,,,,,0.0,,,,0,"M00001,M00002,M00003",0,0.0
K27542,0.0,0.0,,,,1000.0,0.0,,,,,,,,,,,0.0,,,,0,M00978,0,0.0
K27545,0.0,0.0,,,,1000.0,0.0,,,,,,,,,,,0.0,,,,0,"M00134,M00978",0,0.0
K27675,0.0,0.0,,,,1000.0,0.0,,,,,,,,,,,0.0,,,,0,M00838,0,0.0
K27802,0.0,0.0,,,,1000.0,0.0,,,,,,,,,,,0.0,,,,0,"M00009,M00010,M00012,M00173,M00614,M00740",0,0.0
K28126,0.0,0.0,,,,1000.0,0.0,,,,,,,,,,,0.0,,,,0,M00909,0,0.0
K28161,0.0,0.0,,,,1000.0,0.0,,,,,,,,,,,0.0,,,,0,M00086,0,0.0
K28192,0.0,0.0,,,,1000.0,0.0,,,,,,,,,,,0.0,,,,0,M00909,0,0.0
K28462,0.0,0.0,,,,1000.0,0.0,,,,,,,,,,,0.0,,,,0,"M00165,M00611,M00612",0,0.0
K28504,0.0,0.0,,,,1000.0,0.0,,,,,,,,,,,0.0,,,,0,"M00528,M00804",0,0.0
