KO id	KO_count
K00001	3637
K00002	698
K00003	16056
K00004	5740
K00005	4210
K00006	0
K00007	1080
K00008	6483
K00009	4430
K00010	10746
K00011	182
K00012	16343
K00013	18016
K00014	19549
K00015	5503
K00016	7276
K00018	6785
K00019	5005
K00020	12127
K00021	941
K00022	354
K00023	5156
K00024	6746
K00025	5451
K00026	2363
K00027	17041
K00028	0
K00029	3703
K00030	9519
K00031	12668
K00032	1772
K00033	14623
K00034	14031
K00035	1888
K00036	15832
K00037	0
K00038	6551
K00039	1188
K00040	6488
K00041	3704
K00042	8370
K00043	2638
K00044	88
K00045	3394
K00046	5429
K00048	1995
K00049	150
K00051	15
K00052	18000
K00053	18856
K00054	4244
K00055	2525
K00057	20989
K00058	19119
K00059	20810
K00060	6004
K00061	78
K00062	0
K00063	0
K00064	4665
K00065	7931
K00066	1733
K00067	14663
K00068	1915
K00069	144
K00070	12
K00071	5
K00072	1
K00073	1658
K00074	11954
K00075	21121
K00076	3901
K00077	13661
K00078	4718
K00079	708
K00081	0
K00082	36
K00083	15
K00084	5
K00085	0
K00086	3354
K00087	4344
K00088	21135
K00089	0
K00090	3507
K00091	7380
K00093	21
K00094	587
K00095	2
K00096	1891
K00097	11260
K00098	2650
K00099	17409
K00100	934
K00101	8536
K00102	4088
K00103	801
K00104	10435
K00105	1009
K00106	65
K00107	3
K00108	9386
K00109	3914
K00111	10627
K00112	1999
K00113	3525
K00114	2022
K00115	186
K00116	8588
K00117	861
K00118	2086
K00119	1058
K00120	238
K00121	10030
K00122	1004
K00123	10307
K00124	3942
K00125	376
K00126	2923
K00127	4713
K00128	1062
K00129	1352
K00130	10557
K00131	3139
K00132	1430
K00133	20835
K00134	21187
K00135	13637
K00137	2965
K00138	10876
K00139	43
K00140	11151
K00141	1645
K00142	513
K00143	32
K00145	17289
K00146	4240
K00147	18488
K00148	7855
K00149	554
K00150	367
K00151	3372
K00152	122
K00153	2656
K00154	5532
K00155	71
K00156	7643
K00157	1
K00158	2357
K00161	4654
K00162	4765
K00163	10984
K00164	11976
K00166	9210
K00167	9229
K00169	1046
K00170	747
K00171	1314
K00172	1113
K00174	5909
K00175	5378
K00176	2775
K00177	2015
K00179	2515
K00180	2468
K00181	0
K00182	0
K00184	288
K00185	2187
K00186	67
K00187	1460
K00188	145
K00189	22
K00192	92
K00193	85
K00194	348
K00195	0
K00196	2713
K00197	420
K00198	821
K00200	497
K00201	467
K00202	481
K00203	13
K00204	625
K00205	281
K00206	834
K00207	0
K00208	11045
K00209	4151
K00211	105
K00212	3
K00213	106
K00214	93
K00215	20518
K00216	3036
K00217	2068
K00218	678
K00219	7806
K00220	2435
K00221	799
K00222	55
K00223	6
K00224	41
K00225	0
K00226	2411
K00227	1981
K00228	9698
K00230	5427
K00231	7566
K00232	2709
K00233	692
K00234	8737
K00235	8665
K00236	2646
K00237	0
K00239	7982
K00240	7804
K00241	13041
K00242	11206
K00243	8680
K00244	2476
K00245	2488
K00246	2422
K00247	2368
K00248	9449
K00249	6588
K00251	1
K00252	9634
K00253	6393
K00254	14818
K00255	5550
K00257	467
K00258	9
K00259	11355
K00260	5244
K00261	2249
K00262	11738
K00263	5164
K00264	4137
K00265	15869
K00266	13950
K00270	271
K00271	1075
K00272	5
K00273	1380
K00274	6563
K00275	14215
K00276	2221
K00277	180
K00278	14454
K00279	759
K00280	67
K00281	11977
K00282	3775
K00283	3769
K00284	267
K00285	8685
K00286	20257
K00287	17630
K00288	36
K00289	53
K00290	907
K00293	185
K00294	3810
K00295	27
K00296	22
K00297	15844
K00298	838
K00299	7776
K00300	175
K00301	4254
K00302	4752
K00303	3851
K00304	3655
K00305	3706
K00306	85
K00307	113
K00308	3
K00309	1351
K00310	2571
K00311	7116
K00312	0
K00313	1631
K00314	48
K00315	1362
K00316	977
K00317	622
K00318	4807
K00319	0
K00320	6404
K00322	5639
K00323	5498
K00324	6840
K00325	10912
K00326	38
K00327	27
K00330	12421
K00331	8531
K00332	6594
K00333	6818
K00334	10081
K00335	10723
K00336	12368
K00337	12869
K00338	8383
K00339	12619
K00340	12415
K00341	13047
K00342	12870
K00343	12820
K00344	15645
K00345	168
K00346	3927
K00347	3995
K00348	4061
K00349	3994
K00350	3996
K00351	4990
K00354	3503
K00355	8823
K00357	1
K00359	4672
K00360	1143
K00361	847
K00362	6865
K00363	6157
K00364	5469
K00365	1660
K00366	1527
K00367	2269
K00368	3293
K00370	5278
K00371	5246
K00372	7318
K00373	4170
K00374	5597
K00375	15032
K00376	2028
K00378	242
K00380	8652
K00381	9353
K00382	19055
K00383	10435
K00384	15734
K00385	1717
K00386	1519
K00387	2065
K00389	4618
K00390	13020
K00392	3690
K00394	1464
K00395	2229
K00399	0
K00400	6
K00401	0
K00402	0
K00404	5589
K00405	5974
K00406	8382
K00407	5566
K00408	0
K00410	2512
K00411	7485
K00412	5118
K00413	7184
K00414	48
K00415	7
K00416	5
K00417	0
K00418	0
K00419	0
K00420	0
K00421	146
K00422	295
K00423	1290
K00424	4776
K00425	15524
K00426	15468
K00427	2882
K00428	8236
K00430	6
K00431	2
K00432	14132
K00433	12731
K00434	85
K00435	3357
K00436	347
K00437	245
K00440	23
K00441	1817
K00442	27
K00443	130
K00444	20
K00445	0
K00446	3376
K00448	5060
K00449	6734
K00450	3044
K00451	7981
K00452	2309
K00453	5949
K00454	1
K00455	2192
K00456	1979
K00457	8086
K00458	0
K00459	13097
K00460	0
K00461	64
K00462	193
K00463	84
K00464	1964
K00465	78
K00466	504
K00467	2011
K00468	1889
K00469	328
K00471	2298
K00472	2027
K00473	7
K00474	67
K00475	0
K00476	294
K00477	6552
K00478	0
K00479	2668
K00480	1377
K00481	5124
K00483	1356
K00484	1577
K00485	2593
K00486	1436
K00487	0
K00488	1
K00489	3
K00490	0
K00491	1735
K00492	10
K00493	0
K00494	829
K00495	0
K00496	3094
K00497	1
K00498	1
K00499	3991
K00500	5326
K00501	2
K00502	0
K00503	74
K00504	11
K00505	1082
K00506	0
K00507	2810
K00508	1360
K00509	24
K00510	34
K00511	49
K00512	3
K00513	0
K00514	350
K00515	39
K00516	155
K00517	1
K00518	1239
K00520	4797
K00521	1070
K00522	22
K00523	6328
K00524	153
K00525	16202
K00526	16835
K00527	450
K00528	9603
K00529	6634
K00530	2
K00531	121
K00532	255
K00533	417
K00534	159
K00537	17275
K00540	2198
K00541	31
K00542	73
K00543	25
K00544	181
K00545	1761
K00546	92
K00547	5648
K00548	15047
K00549	15055
K00550	26
K00551	2
K00552	0
K00553	50
K00554	21333
K00555	50
K00556	7011
K00557	4732
K00558	12544
K00559	449
K00560	17540
K00561	2022
K00562	40
K00563	8428
K00564	12049
K00565	12
K00566	20663
K00567	17399
K00568	14679
K00569	3006
K00570	6051
K00571	6306
K00572	0
K00573	11740
K00574	12091
K00575	10917
K00577	40
K00578	0
K00579	1
K00580	0
K00581	0
K00582	1
K00583	6
K00584	19
K00586	0
K00587	4314
K00588	11285
K00589	1
K00590	1214
K00591	469
K00592	0
K00594	1324
K00595	7491
K00596	991
K00597	5
K00598	10042
K00599	3
K00600	20815
K00601	14
K00602	20690
K00603	908
K00604	21270
K00605	15735
K00606	16356
K00607	124
K00608	35
K00609	20505
K00610	4034
K00611	17646
K00612	4060
K00613	796
K00614	27
K00615	18622
K00616	7960
K00617	4223
K00618	0
K00619	11248
K00620	13466
K00621	299
K00622	432
K00623	0
K00624	506
K00625	2533
K00626	15622
K00627	17919
K00628	0
K00629	846
K00630	133
K00631	5986
K00632	13280
K00633	2328
K00634	3070
K00635	3111
K00637	3
K00638	2652
K00639	8862
K00640	18083
K00641	10929
K00643	2711
K00645	20101
K00646	287
K00647	5069
K00648	18233
K00649	12
K00650	278
K00651	8530
K00652	13020
K00653	0
K00654	0
K00655	20812
K00656	7988
K00657	10509
K00658	12289
K00659	1377
K00660	1
K00661	14148
K00662	2462
K00663	4156
K00664	0
K00665	25
K00666	14665
K00667	2
K00668	464
K00669	541
K00670	17
K00671	14
K00672	466
K00673	4575
K00674	13445
K00675	5743
K00677	11979
K00678	165
K00679	1
K00680	696
K00681	13042
K00682	3527
K00683	825
K00684	10940
K00685	1
K00686	953
K00687	1158
K00688	10706
K00689	1686
K00690	1477
K00691	2120
K00692	1149
K00693	76
K00694	5795
K00695	141
K00696	750
K00697	7092
K00698	48
K00699	14
K00700	15374
K00701	1784
K00702	1127
K00703	12418
K00704	3
K00705	12041
K00706	2
K00709	0
K00710	1725
K00712	3455
K00713	274
K00714	0
K00715	23
K00716	5
K00717	171
K00718	752
K00719	0
K00720	1705
K00721	10118
K00722	57
K00725	45
K00726	257
K00727	942
K00728	4945
K00729	994
K00730	0
K00731	12
K00733	62
K00734	1
K00735	0
K00736	0
K00737	375
K00738	0
K00739	0
K00741	0
K00742	17
K00743	0
K00744	0
K00746	11
K00747	0
K00748	11816
K00749	0
K00750	459
K00752	927
K00753	2
K00754	16704
K00756	4669
K00757	1676
K00758	6736
K00759	18910
K00760	5424
K00761	19382
K00762	20629
K00763	18261
K00764	20671
K00765	18056
K00766	17175
K00767	15847
K00768	11663
K00769	4651
K00770	22
K00771	184
K00772	3771
K00773	19102
K00774	2
K00775	0
K00776	12
K00777	2
K00778	4
K00779	0
K00780	15
K00781	5
K00782	7729
K00783	17337
K00784	14275
K00785	434
K00786	24
K00787	0
K00788	15676
K00789	21278
K00790	21172
K00791	21193
K00793	18157
K00794	18295
K00795	14341
K00796	18999
K00797	13607
K00798	12583
K00799	8685
K00800	12845
K00801	1122
K00802	4
K00803	3202
K00804	26
K00805	1578
K00806	17989
K00807	472
K00808	1736
K00809	1550
K00810	20
K00811	0
K00812	12504
K00813	5446
K00814	5
K00815	2
K00816	3
K00817	18733
K00818	36
K00819	5124
K00820	20829
K00821	14972
K00822	5067
K00823	4161
K00824	6838
K00825	17
K00826	19439
K00827	242
K00830	5105
K00831	17746
K00832	5501
K00833	12055
K00835	2553
K00836	5957
K00837	139
K00838	0
K00839	2169
K00840	4541
K00841	3087
K00843	0
K00844	244
K00845	7516
K00846	100
K00847	11520
K00848	4555
K00849	11020
K00850	10139
K00851	9247
K00852	14269
K00853	4700
K00854	9440
K00855	4005
K00856	1440
K00857	12710
K00858	21153
K00859	21188
K00860	6729
K00861	4
K00862	1161
K00863	3055
K00864	17771
K00865	13351
K00866	10
K00867	8994
K00868	8978
K00869	3818
K00871	7
K00872	12092
K00873	20423
K00874	10703
K00875	2089
K00876	11540
K00877	156
K00878	8448
K00879	2250
K00880	1900
K00881	475
K00882	11008
K00883	4691
K00884	449
K00885	1177
K00886	4334
K00887	13856
K00888	0
K00889	1
K00891	10173
K00892	1971
K00893	0
K00894	92
K00895	1525
K00897	2862
K00898	2
K00899	3403
K00900	1
K00901	16
K00902	10
K00903	7030
K00904	0
K00905	0
K00906	4332
K00907	0
K00908	0
K00909	2
K00910	6
K00911	0
K00912	11579
K00913	3
K00914	0
K00915	11
K00916	1
K00917	3540
K00918	249
K00919	18886
K00920	0
K00921	9
K00922	0
K00923	0
K00924	29
K00925	17144
K00926	6589
K00927	21334
K00928	19659
K00929	2385
K00930	17347
K00931	18486
K00932	617
K00933	4
K00934	24
K00936	7624
K00937	16781
K00938	2819
K00939	16994
K00940	18185
K00941	18282
K00942	21194
K00943	19151
K00944	4120
K00945	18458
K00946	14263
K00947	188
K00948	21312
K00949	8373
K00950	15978
K00951	350
K00952	122
K00953	269
K00954	21093
K00955	4676
K00956	8327
K00957	12131
K00958	3059
K00960	0
K00962	20677
K00963	7046
K00965	8194
K00966	2366
K00967	38
K00968	16
K00969	20361
K00970	14885
K00971	4544
K00972	192
K00973	18092
K00974	13687
K00975	11981
K00976	0
K00977	0
K00978	4484
K00979	11975
K00980	4228
K00981	21242
K00982	12342
K00983	2255
K00984	1940
K00985	0
K00986	9751
K00987	0
K00988	795
K00989	14934
K00990	12066
K00991	13647
K00992	7798
K00993	192
K00994	1
K00995	1325
K00996	749
K00997	15339
K00998	3181
K00999	39
K01000	21160
K01001	0
K01002	2878
K01003	1539
K01004	2729
K01005	9329
K01006	8046
K01007	10528
K01008	8633
K01009	2250
K01011	13487
K01012	15448
K01013	1137
K01014	892
K01015	5
K01016	244
K01017	217
K01019	79
K01020	238
K01021	2017
K01022	317
K01023	3257
K01024	353
K01025	29
K01026	2777
K01027	782
K01028	8781
K01029	8728
K01031	3203
K01032	3124
K01034	2045
K01035	1759
K01039	4138
K01040	4148
K01041	6113
K01042	6130
K01043	468
K01044	86
K01045	332
K01046	13008
K01047	463
K01048	8160
K01049	207
K01050	77
K01051	3145
K01052	749
K01053	6630
K01054	11678
K01055	16651
K01056	21227
K01057	10792
K01058	4893
K01059	1
K01060	3613
K01061	12041
K01062	1020
K01063	4
K01064	0
K01065	1
K01066	970
K01067	0
K01068	199
K01069	20167
K01070	8260
K01071	9
K01073	6818
K01074	4
K01075	2514
K01076	251
K01077	4989
K01078	14
K01079	14368
K01080	19
K01081	395
K01082	9785
K01083	2413
K01084	8
K01085	1527
K01086	5020
K01087	6504
K01089	4441
K01090	7
K01091	19018
K01092	17797
K01093	1142
K01094	0
K01095	8966
K01096	2759
K01097	106
K01098	0
K01099	26
K01100	220
K01101	12
K01102	7
K01103	63
K01104	7126
K01106	0
K01107	0
K01108	0
K01109	0
K01110	8
K01111	2
K01112	0
K01113	7317
K01114	4705
K01115	2421
K01116	0
K01117	1099
K01118	11575
K01119	7822
K01120	830
K01121	42
K01122	3
K01123	101
K01124	20
K01125	3381
K01126	18754
K01127	808
K01128	177
K01129	15958
K01130	3606
K01131	7
K01132	8
K01133	6616
K01134	5845
K01135	437
K01136	453
K01137	251
K01138	2479
K01139	21081
K01141	5058
K01142	19827
K01143	914
K01146	2206
K01147	4005
K01148	0
K01149	0
K01150	6000
K01151	9076
K01152	478
K01153	12684
K01154	12822
K01155	1577
K01156	5973
K01157	78
K01158	65
K01159	17002
K01160	3685
K01161	217
K01163	3503
K01164	0
K01165	170
K01166	2950
K01167	4332
K01168	0
K01169	1914
K01170	0
K01171	0
K01172	0
K01173	5371
K01174	8535
K01175	6511
K01176	6395
K01177	191
K01178	1746
K01179	3124
K01180	636
K01181	3416
K01182	8999
K01183	4967
K01184	2287
K01185	5120
K01186	6008
K01187	48
K01188	2
K01189	3
K01190	6176
K01191	3565
K01192	4155
K01193	7515
K01194	2847
K01195	2008
K01196	1388
K01197	37
K01198	5234
K01199	1639
K01200	5150
K01201	2435
K01202	460
K01203	0
K01204	181
K01205	1122
K01206	4396
K01207	16284
K01208	9454
K01209	4635
K01210	1397
K01212	691
K01213	577
K01214	8278
K01215	1652
K01216	519
K01217	827
K01218	3251
K01219	1111
K01220	1419
K01222	4364
K01223	5575
K01224	2555
K01225	1
K01226	4841
K01227	1274
K01228	1493
K01229	13
K01230	17
K01231	1
K01232	1857
K01233	876
K01235	1867
K01236	7381
K01237	0
K01238	2
K01239	5626
K01240	1979
K01241	6750
K01242	19
K01243	15296
K01244	28
K01245	187
K01246	16122
K01247	7465
K01250	5044
K01251	11177
K01252	3041
K01253	27
K01254	1347
K01255	15801
K01256	14333
K01257	219
K01258	10433
K01259	11763
K01260	3
K01261	3432
K01262	3299
K01264	1657
K01265	21355
K01266	3881
K01267	6570
K01268	35
K01269	5133
K01270	6299
K01271	13046
K01273	10391
K01274	5717
K01275	36
K01276	225
K01277	1371
K01278	5729
K01279	6
K01280	654
K01281	2732
K01282	2
K01283	1014
K01284	6820
K01285	212
K01286	10562
K01288	1933
K01290	5
K01291	12
K01292	21
K01293	2
K01294	138
K01295	4865
K01296	374
K01297	11091
K01298	250
K01299	5373
K01300	46
K01301	324
K01302	2177
K01303	7250
K01304	6238
K01305	1932
K01306	6
K01307	0
K01308	1296
K01309	0
K01310	68
K01311	5
K01312	2287
K01313	2
K01314	0
K01315	0
K01316	53
K01317	3
K01318	4435
K01319	0
K01320	2
K01321	1
K01322	6516
K01323	266
K01324	214
K01325	7
K01326	12
K01327	0
K01328	4
K01329	1
K01330	0
K01331	0
K01332	51
K01333	0
K01334	7
K01335	34
K01336	14
K01337	858
K01338	16548
K01339	0
K01340	8
K01341	265
K01342	3462
K01343	0
K01344	1
K01345	2
K01346	241
K01347	509
K01348	1
K01349	32
K01350	9
K01351	0
K01352	0
K01353	1
K01354	9040
K01355	290
K01356	19568
K01357	0
K01358	21180
K01359	49
K01360	108
K01361	2766
K01362	21
K01363	34
K01364	528
K01365	392
K01366	82
K01367	3
K01368	2
K01369	924
K01370	0
K01371	994
K01372	3871
K01373	77
K01374	25
K01375	13
K01376	0
K01377	0
K01378	0
K01379	6
K01380	0
K01381	135
K01382	5
K01383	0
K01384	0
K01385	6
K01386	0
K01387	1359
K01388	78
K01389	0
K01390	923
K01392	1049
K01393	0
K01394	12
K01395	10
K01396	2
K01397	78
K01398	2
K01399	135
K01400	4783
K01401	295
K01402	5
K01403	2
K01404	176
K01405	21
K01406	4589
K01407	2295
K01408	1730
K01409	79
K01410	35
K01411	44
K01412	146
K01413	60
K01414	7227
K01415	3
K01416	1311
K01417	737
K01419	12127
K01420	10125
K01421	7614
K01422	5
K01423	9717
K01424	10981
K01425	9716
K01426	9536
K01427	1452
K01428	7329
K01429	8070
K01430	8166
K01431	1539
K01432	7918
K01433	12566
K01434	6428
K01435	3
K01436	6403
K01437	397
K01438	11054
K01439	15301
K01440	39
K01441	2
K01442	4471
K01443	14247
K01444	2459
K01446	2532
K01447	6616
K01448	18676
K01449	5801
K01451	8068
K01452	16
K01453	5654
K01455	5409
K01456	18
K01457	4526
K01458	6171
K01459	819
K01460	5385
K01461	312
K01462	21326
K01463	7699
K01464	7284
K01465	20553
K01466	3755
K01467	3160
K01468	11593
K01469	2518
K01470	7487
K01471	331
K01473	5087
K01474	3604
K01475	3185
K01476	6442
K01477	2975
K01478	8771
K01479	5423
K01480	7894
K01481	198
K01482	3371
K01483	4372
K01484	4335
K01485	8848
K01486	6962
K01487	7127
K01488	8902
K01489	14894
K01490	3
K01491	21166
K01492	2
K01493	8412
K01494	13890
K01495	17675
K01496	10397
K01497	9025
K01498	19
K01499	513
K01500	2717
K01501	3559
K01502	59
K01505	4568
K01506	2357
K01507	14496
K01509	0
K01510	162
K01511	0
K01512	12047
K01513	1295
K01514	7
K01515	13555
K01516	2
K01517	511
K01518	1135
K01519	20733
K01520	18359
K01521	2123
K01522	182
K01523	9945
K01524	17576
K01525	6761
K01526	4
K01527	3
K01528	0
K01529	2769
K01530	51
K01531	6609
K01532	8
K01533	11024
K01534	13713
K01535	781
K01536	41
K01537	8259
K01538	0
K01539	261
K01540	0
K01542	0
K01543	0
K01544	4
K01545	3793
K01546	10883
K01547	10880
K01548	10848
K01549	0
K01551	4525
K01552	8320
K01554	5792
K01555	5319
K01556	6753
K01557	4357
K01558	0
K01559	760
K01560	6141
K01561	5503
K01562	49
K01563	4897
K01565	1370
K01566	1345
K01567	4267
K01568	615
K01569	2981
K01571	3230
K01573	1698
K01574	2841
K01575	4201
K01576	2799
K01577	1314
K01578	1756
K01579	11992
K01580	3378
K01581	4797
K01582	1371
K01583	111
K01584	5802
K01585	11102
K01586	19812
K01587	16
K01588	19989
K01589	17329
K01590	130
K01591	20657
K01592	0
K01593	3762
K01595	13194
K01596	5249
K01597	3807
K01598	38
K01599	16841
K01601	1474
K01602	1403
K01604	4146
K01607	12705
K01608	3706
K01609	16009
K01610	11524
K01611	6716
K01612	915
K01613	15375
K01615	181
K01616	3190
K01617	1539
K01618	0
K01619	14974
K01620	13459
K01621	5905
K01622	175
K01623	4495
K01624	17484
K01625	14060
K01626	14190
K01627	11797
K01628	8707
K01629	2365
K01630	1642
K01631	4287
K01633	14330
K01634	748
K01635	2098
K01636	53
K01637	10171
K01638	11458
K01639	3476
K01640	9835
K01641	3217
K01643	2364
K01644	8760
K01645	0
K01646	2280
K01647	16001
K01648	5
K01649	18663
K01652	19522
K01653	18092
K01654	1179
K01655	66
K01656	2
K01657	16828
K01658	13625
K01659	9100
K01661	8126
K01662	19311
K01663	52
K01664	4572
K01665	9215
K01666	2279
K01667	2056
K01668	666
K01669	12686
K01670	12
K01671	806
K01672	0
K01673	16106
K01674	3434
K01675	728
K01676	10245
K01677	2225
K01678	2112
K01679	16147
K01681	14704
K01682	7247
K01683	263
K01684	5671
K01685	3557
K01686	6158
K01687	18808
K01689	21217
K01690	7145
K01691	1
K01692	3226
K01693	13683
K01694	12
K01695	18530
K01696	18890
K01697	6371
K01698	17354
K01699	624
K01702	16571
K01703	2450
K01704	15292
K01705	27
K01706	1716
K01707	4103
K01708	3407
K01709	3310
K01710	17266
K01711	7870
K01712	11145
K01713	4043
K01714	20633
K01715	11837
K01716	6688
K01719	8106
K01720	5461
K01721	2007
K01723	4
K01724	9986
K01725	3616
K01726	14993
K01727	2108
K01728	2567
K01729	2076
K01730	1185
K01731	287
K01732	651
K01733	11019
K01734	8719
K01735	16310
K01736	20556
K01737	13637
K01738	18203
K01739	845
K01740	13988
K01741	13
K01742	2
K01743	1458
K01744	9908
K01745	11690
K01746	1
K01749	17478
K01750	2645
K01751	3213
K01752	17092
K01753	5299
K01754	18114
K01755	17075
K01756	20990
K01757	0
K01758	11766
K01759	16100
K01760	7906
K01761	7670
K01762	27
K01763	0
K01764	0
K01765	1
K01766	2893
K01767	629
K01768	7982
K01769	1623
K01770	7344
K01771	2093
K01772	17132
K01773	0
K01774	300
K01775	19395
K01776	19797
K01777	2678
K01778	18048
K01779	4229
K01780	529
K01781	400
K01782	8835
K01783	21226
K01784	18415
K01785	15547
K01787	973
K01788	5293
K01790	12397
K01791	10171
K01792	10104
K01793	311
K01794	39
K01795	2096
K01796	6078
K01798	1780
K01799	3933
K01800	1964
K01801	5891
K01802	671
K01803	21329
K01804	5636
K01805	7724
K01807	12873
K01808	12621
K01809	11547
K01810	19584
K01811	6483
K01812	6111
K01813	2387
K01814	14874
K01815	4890
K01816	4312
K01817	13095
K01818	2376
K01819	1519
K01820	2684
K01821	10901
K01822	8272
K01823	7793
K01824	147
K01825	4000
K01826	4878
K01827	0
K01828	1
K01829	1753
K01830	8
K01831	0
K01832	6
K01833	4789
K01834	12492
K01835	10590
K01836	3
K01837	1
K01838	6814
K01839	8852
K01840	14786
K01841	957
K01843	4353
K01844	600
K01845	16116
K01846	1002
K01847	6556
K01848	1941
K01849	1295
K01850	3
K01851	464
K01852	47
K01853	6
K01854	7235
K01855	1
K01856	3532
K01857	6013
K01858	3961
K01859	0
K01860	24
K01861	0
K01865	464
K01866	21343
K01867	21337
K01868	21362
K01869	21362
K01870	21363
K01872	21365
K01873	21358
K01874	21352
K01875	21351
K01876	20964
K01878	13328
K01879	13394
K01880	7908
K01881	17733
K01883	21343
K01884	1322
K01885	14039
K01886	10758
K01887	21349
K01889	21358
K01890	21354
K01892	21352
K01893	10757
K01894	9156
K01895	14751
K01896	2633
K01897	12684
K01899	1386
K01900	109
K01902	14559
K01903	15523
K01904	1670
K01905	74
K01906	525
K01907	5164
K01908	5679
K01909	861
K01910	2320
K01911	8556
K01912	9948
K01913	26
K01914	5253
K01915	8727
K01916	11161
K01917	55
K01918	16541
K01919	12336
K01920	10199
K01921	20983
K01922	0
K01923	20507
K01924	21162
K01925	20488
K01926	7403
K01928	15685
K01929	20596
K01930	1
K01931	0
K01932	972
K01933	19690
K01934	20519
K01935	12966
K01937	20658
K01938	9489
K01939	20965
K01940	19337
K01941	4333
K01942	330
K01945	20506
K01946	77
K01947	409
K01948	6
K01949	7393
K01950	11565
K01951	21188
K01952	11395
K01953	13165
K01954	26
K01955	20025
K01956	20337
K01957	8
K01958	7300
K01959	2120
K01960	2707
K01961	16662
K01962	15456
K01963	15437
K01964	12
K01965	4144
K01966	8294
K01968	7850
K01969	9526
K01970	1761
K01971	8727
K01972	21354
K01973	3
K01974	995
K01975	11526
K01988	784
K01989	7908
K01990	19133
K01991	9411
K01992	248
K01993	7255
K01994	2516
K01995	12185
K01996	12197
K01997	12169
K01998	12112
K01999	14067
K02000	9038
K02001	8985
K02002	9059
K02003	18668
K02004	11351
K02005	10778
K02006	4513
K02007	4837
K02008	4031
K02009	2134
K02010	9001
K02011	11057
K02012	12131
K02013	14172
K02014	8688
K02015	9901
K02016	8921
K02017	12800
K02018	14776
K02019	10478
K02020	14902
K02021	2800
K02022	1414
K02024	2842
K02025	9999
K02026	10017
K02027	10183
K02028	16582
K02029	14450
K02030	8864
K02031	12093
K02032	11605
K02033	15353
K02034	14707
K02035	14846
K02036	18624
K02037	18630
K02038	18499
K02039	17808
K02040	17063
K02041	7742
K02042	7617
K02043	4104
K02044	9486
K02045	8642
K02046	8623
K02047	8593
K02048	4479
K02049	13663
K02050	6357
K02051	10307
K02052	11001
K02053	7547
K02054	7714
K02055	7873
K02056	4468
K02057	4576
K02058	4984
K02062	4208
K02063	4638
K02064	4651
K02065	13296
K02066	13275
K02067	13278
K02068	5533
K02069	6672
K02071	15498
K02072	15401
K02073	15500
K02074	7331
K02075	7341
K02076	2505
K02077	5958
K02078	20868
K02079	1856
K02080	537
K02081	5869
K02082	3468
K02083	3998
K02084	1058
K02085	0
K02086	5893
K02087	2
K02088	0
K02089	13
K02090	0
K02091	21
K02092	105
K02093	108
K02094	105
K02095	106
K02096	106
K02097	104
K02098	0
K02099	13973
K02100	2131
K02101	502
K02103	3569
K02104	0
K02105	0
K02106	5524
K02107	1370
K02108	19058
K02109	20490
K02110	19350
K02111	18505
K02112	2450
K02113	19478
K02114	20615
K02115	20687
K02116	2619
K02117	2681
K02118	2684
K02119	2005
K02120	2684
K02121	2644
K02122	1961
K02123	2685
K02124	2645
K02125	1
K02126	1750
K02127	0
K02128	1071
K02129	0
K02130	0
K02131	1
K02132	2424
K02133	19218
K02134	1
K02135	0
K02136	2
K02137	989
K02138	3
K02139	0
K02140	0
K02141	0
K02142	0
K02143	0
K02144	0
K02145	2
K02146	1
K02147	10
K02148	1
K02149	2
K02150	1
K02151	0
K02152	0
K02153	0
K02154	2
K02155	0
K02156	112
K02157	0
K02158	0
K02159	0
K02160	16369
K02161	0
K02162	0
K02163	0
K02164	1778
K02165	1
K02166	0
K02167	8959
K02168	6624
K02169	12384
K02170	8485
K02171	9113
K02172	5180
K02173	3654
K02174	0
K02175	0
K02176	0
K02177	0
K02178	1
K02179	0
K02180	0
K02181	0
K02182	2800
K02183	219
K02184	20
K02185	0
K02186	5
K02187	2
K02188	5732
K02189	6657
K02190	2504
K02191	1739
K02192	8326
K02193	8708
K02194	7992
K02195	8503
K02196	6008
K02197	7938
K02198	8169
K02199	17967
K02200	2969
K02201	0
K02202	1
K02203	1939
K02204	12125
K02205	1076
K02206	11
K02207	0
K02208	1
K02209	1
K02210	0
K02211	0
K02212	0
K02213	186
K02214	8
K02215	1
K02216	4
K02217	6367
K02218	1
K02219	0
K02220	0
K02221	16766
K02222	0
K02223	0
K02224	9659
K02225	4166
K02226	10403
K02227	11201
K02228	4074
K02229	4806
K02230	6789
K02231	11548
K02232	11075
K02233	11796
K02234	13771
K02235	0
K02236	5088
K02237	17679
K02238	20896
K02239	1033
K02240	3809
K02241	1664
K02242	19804
K02243	3352
K02244	3306
K02245	3369
K02246	3971
K02247	1355
K02248	3348
K02249	947
K02250	1502
K02251	343
K02252	0
K02253	180
K02254	419
K02255	642
K02256	165
K02257	14241
K02258	5651
K02259	12058
K02260	0
K02261	243
K02262	4270
K02263	2
K02264	0
K02265	1
K02266	0
K02267	0
K02268	0
K02269	0
K02270	0
K02271	0
K02272	3
K02273	0
K02274	11050
K02275	11470
K02276	7318
K02277	3341
K02278	5831
K02279	8918
K02280	5155
K02281	2075
K02282	9227
K02283	10169
K02284	106
K02285	133
K02286	105
K02287	103
K02288	339
K02289	229
K02290	105
K02291	6686
K02292	3692
K02293	791
K02294	4753
K02295	12
K02296	2
K02297	6565
K02298	6400
K02299	6909
K02300	6357
K02302	9663
K02303	7209
K02304	3
K02305	2185
K02306	0
K02307	0
K02308	0
K02309	0
K02310	1
K02311	9
K02313	21255
K02314	21357
K02315	9918
K02316	21350
K02317	1107
K02318	4
K02319	219
K02320	1
K02321	0
K02322	2
K02323	3
K02324	0
K02325	0
K02326	0
K02327	1
K02328	0
K02329	0
K02330	15
K02331	0
K02332	0
K02333	1
K02334	1184
K02335	21264
K02336	4120
K02337	21361
K02338	21336
K02339	8911
K02340	21223
K02341	21257
K02342	16878
K02343	21333
K02344	2325
K02345	1698
K02346	19535
K02347	2963
K02348	14254
K02349	277
K02350	1
K02351	5422
K02352	598
K02353	1
K02354	0
K02355	21364
K02356	21322
K02357	21346
K02358	21334
K02359	52
K02360	0
K02361	5117
K02362	5588
K02363	3395
K02364	7160
K02365	65
K02366	44
K02367	36
K02368	0
K02369	4
K02370	11
K02371	8198
K02372	16675
K02373	0
K02374	1
K02375	0
K02376	0
K02377	5840
K02379	7607
K02380	4055
K02381	1585
K02382	61
K02383	3853
K02384	70
K02385	2280
K02386	8481
K02387	10857
K02388	10866
K02389	10681
K02390	9558
K02391	10474
K02392	10353
K02393	8371
K02394	8441
K02395	12691
K02396	10872
K02397	10848
K02398	7983
K02399	7519
K02400	10954
K02401	10627
K02402	2792
K02403	2698
K02404	7024
K02405	10451
K02406	10941
K02407	9242
K02408	10854
K02409	10930
K02410	10976
K02411	9630
K02412	10948
K02413	8918
K02414	9444
K02415	10131
K02416	10928
K02417	10874
K02418	9349
K02419	10877
K02420	10807
K02421	10627
K02422	9200
K02423	4593
K02424	13292
K02425	1227
K02426	9164
K02427	9367
K02429	5553
K02430	1043
K02431	3323
K02432	0
K02433	17266
K02434	16690
K02435	16867
K02436	327
K02437	16923
K02438	4348
K02439	11917
K02440	10459
K02441	4716
K02442	2276
K02443	3001
K02444	8768
K02445	4852
K02446	6664
K02447	0
K02448	3996
K02449	0
K02450	4511
K02451	1328
K02452	5412
K02453	6585
K02454	6847
K02455	5996
K02456	7372
K02457	5603
K02458	6432
K02459	6269
K02460	6015
K02461	5464
K02462	5374
K02463	2915
K02464	2782
K02465	1344
K02466	2002
K02467	907
K02468	2818
K02469	21369
K02470	21363
K02471	5388
K02472	4734
K02473	4485
K02474	4893
K02475	3370
K02476	3061
K02477	10441
K02478	5576
K02479	7265
K02480	9450
K02481	4745
K02482	6711
K02483	9662
K02484	12512
K02485	4353
K02486	349
K02488	3548
K02489	78
K02490	4510
K02491	6190
K02492	15043
K02493	21331
K02494	6803
K02495	20568
K02496	5504
K02497	13095
K02498	8692
K02499	7034
K02500	18119
K02501	18066
K02502	10193
K02503	21135
K02504	1641
K02505	1661
K02506	950
K02507	1683
K02508	1740
K02509	3867
K02510	6086
K02511	847
K02512	0
K02513	105
K02514	150
K02515	4
K02516	6
K02517	10280
K02518	21142
K02519	21370
K02520	21286
K02521	2749
K02523	15918
K02524	0
K02525	3901
K02526	2789
K02527	11561
K02528	21258
K02529	13879
K02530	1734
K02531	879
K02532	2003
K02533	5643
K02535	10112
K02536	12067
K02537	0
K02538	730
K02539	0
K02540	0
K02541	0
K02542	1
K02543	0
K02544	0
K02545	92
K02546	123
K02547	742
K02548	10004
K02549	8350
K02550	1212
K02551	8099
K02552	5163
K02553	6933
K02554	5008
K02555	0
K02556	10886
K02557	13016
K02558	7990
K02560	2226
K02561	0
K02562	1854
K02563	21146
K02564	11258
K02565	11226
K02566	7613
K02567	3015
K02568	2975
K02569	2677
K02570	2965
K02571	1365
K02572	2186
K02573	2203
K02574	10514
K02575	9352
K02576	1
K02577	35
K02578	0
K02579	3
K02580	148
K02581	13
K02582	0
K02583	3
K02584	4241
K02585	2268
K02586	1440
K02587	1705
K02588	1418
K02589	334
K02590	301
K02591	1453
K02592	1278
K02593	907
K02594	1505
K02595	1000
K02596	1516
K02597	901
K02598	4066
K02599	6
K02600	21368
K02601	21325
K02602	0
K02603	1
K02604	0
K02605	0
K02606	23
K02607	65
K02608	0
K02609	5292
K02610	5184
K02611	5243
K02612	14216
K02613	6262
K02614	13104
K02615	766
K02616	4916
K02617	2646
K02618	4473
K02619	11158
K02620	0
K02621	12594
K02622	11108
K02623	4174
K02624	5593
K02625	3197
K02626	324
K02627	0
K02628	23
K02629	23
K02630	23
K02631	68
K02632	36
K02633	1
K02634	185
K02635	262
K02636	5469
K02637	195
K02638	6058
K02639	675
K02640	102
K02641	385
K02642	70
K02643	126
K02646	1
K02647	8152
K02649	12
K02650	6030
K02651	5244
K02652	7211
K02653	7905
K02654	9011
K02655	4942
K02656	10067
K02657	3003
K02658	4588
K02659	3027
K02660	3709
K02661	525
K02662	7054
K02663	6075
K02664	6172
K02665	4044
K02666	5742
K02667	2733
K02668	2969
K02669	8623
K02670	3508
K02671	5062
K02672	5201
K02673	4438
K02674	3125
K02675	37
K02676	3065
K02677	0
K02678	0
K02679	1590
K02680	2416
K02681	2063
K02682	2105
K02683	32
K02684	1
K02685	0
K02686	3168
K02687	17144
K02688	3699
K02689	189
K02690	187
K02691	373
K02692	179
K02693	180
K02694	181
K02695	1
K02696	149
K02697	165
K02698	182
K02699	184
K02700	157
K02701	1
K02702	51
K02703	198
K02704	188
K02705	182
K02706	183
K02707	182
K02708	158
K02709	182
K02710	131
K02711	148
K02712	145
K02713	121
K02714	141
K02715	169
K02716	183
K02717	195
K02718	121
K02719	113
K02720	109
K02721	1
K02722	137
K02723	137
K02724	169
K02725	0
K02726	0
K02727	0
K02728	1
K02729	2
K02730	0
K02731	0
K02732	10
K02733	0
K02734	0
K02735	0
K02736	0
K02737	1
K02738	0
K02739	0
K02740	0
K02741	0
K02742	8710
K02744	2479
K02745	1546
K02746	1533
K02747	1527
K02750	1898
K02753	1084
K02755	158
K02757	4355
K02759	4369
K02760	4668
K02761	5294
K02765	295
K02768	2604
K02769	3013
K02770	10306
K02771	142
K02773	2009
K02774	2003
K02775	2442
K02777	7152
K02778	599
K02779	2386
K02781	2415
K02782	2082
K02783	2019
K02784	14186
K02786	1462
K02788	1400
K02791	2490
K02793	6906
K02794	4213
K02795	2795
K02796	4224
K02798	2177
K02800	4549
K02803	1742
K02804	7085
K02805	3158
K02806	8865
K02810	5945
K02812	382
K02813	406
K02814	1763
K02815	337
K02819	4362
K02821	4121
K02822	4330
K02823	6420
K02824	9883
K02825	11787
K02826	1333
K02827	1626
K02828	1555
K02829	1454
K02830	0
K02831	206
K02832	1
K02833	0
K02834	21078
K02835	21335
K02836	21217
K02837	16697
K02838	21340
K02839	1677
K02840	626
K02841	5611
K02842	0
K02843	8546
K02844	3872
K02846	1231
K02847	12875
K02848	1798
K02849	6516
K02850	373
K02851	12254
K02852	1514
K02853	1399
K02854	950
K02855	1172
K02856	1789
K02857	5
K02858	4259
K02859	1735
K02860	21043
K02861	2
K02862	1249
K02863	21332
K02864	21336
K02865	6
K02866	6
K02867	21324
K02868	8
K02869	4
K02870	8
K02871	21250
K02872	16
K02873	15
K02874	21303
K02875	109
K02876	21273
K02877	5
K02878	21272
K02879	21240
K02880	2
K02881	21062
K02882	7
K02883	5
K02884	21260
K02885	6
K02886	21358
K02887	21286
K02888	21211
K02889	6
K02890	21254
K02891	2
K02892	21121
K02893	30
K02894	6
K02895	21218
K02896	0
K02897	17991
K02898	4
K02899	21260
K02900	8
K02901	5
K02902	20920
K02903	10
K02904	21051
K02905	3
K02906	21306
K02907	19749
K02908	378
K02909	21083
K02910	10
K02911	20304
K02912	9
K02913	19667
K02914	14953
K02915	2
K02916	20602
K02917	0
K02918	8
K02919	14805
K02920	3
K02921	3
K02922	0
K02923	0
K02924	0
K02925	10
K02926	21341
K02927	95
K02928	0
K02929	1
K02930	4
K02931	21359
K02932	0
K02933	21332
K02934	5
K02935	21154
K02936	10
K02937	4
K02938	12
K02939	21132
K02940	1
K02941	10
K02942	10
K02943	8
K02944	0
K02945	21044
K02946	21313
K02947	2
K02948	20517
K02949	15
K02950	21315
K02951	11
K02952	21208
K02953	2
K02954	20658
K02955	5
K02956	21202
K02957	3
K02958	7
K02959	21254
K02960	11
K02961	21291
K02962	6
K02963	21146
K02964	14
K02965	20580
K02966	10
K02967	21353
K02968	20839
K02969	5
K02970	16888
K02971	2
K02972	697
K02973	5
K02974	8
K02975	2
K02976	2
K02977	6
K02978	0
K02979	2
K02980	1
K02981	7
K02982	21348
K02983	3
K02984	4
K02985	13
K02986	21336
K02987	7
K02988	21288
K02989	6
K02990	21284
K02991	7
K02992	21338
K02993	4
K02994	21333
K02995	10
K02996	21298
K02997	8
K02998	7
K02999	7
K03000	63
K03001	0
K03002	0
K03003	0
K03004	1
K03005	0
K03006	42
K03007	0
K03008	0
K03009	5
K03010	0
K03011	0
K03012	0
K03013	1
K03014	0
K03015	0
K03016	1
K03017	24
K03018	8
K03019	3
K03020	0
K03021	10
K03022	0
K03023	3
K03024	0
K03025	4
K03026	0
K03027	0
K03028	0
K03029	1
K03030	26
K03031	0
K03032	0
K03033	0
K03034	0
K03035	0
K03036	0
K03037	29
K03038	0
K03039	1
K03040	21356
K03041	2
K03042	380
K03043	11693
K03044	1
K03045	0
K03046	20883
K03047	0
K03048	3758
K03049	8
K03051	0
K03052	0
K03053	0
K03054	0
K03055	0
K03056	0
K03057	58
K03058	0
K03059	895
K03060	18689
K03061	8
K03062	7
K03063	7
K03064	15
K03065	1
K03066	11
K03068	148
K03069	0
K03070	21362
K03071	9608
K03072	12385
K03073	20260
K03074	13862
K03075	19718
K03076	21359
K03077	6897
K03078	1840
K03079	11952
K03083	0
K03084	0
K03085	0
K03086	21345
K03087	6588
K03088	18192
K03089	9606
K03090	5673
K03091	5054
K03092	13602
K03093	1152
K03094	2
K03095	3452
K03096	0
K03097	4
K03098	6674
K03099	63
K03100	21238
K03101	21089
K03102	0
K03103	1186
K03104	0
K03105	0
K03106	21182
K03107	0
K03108	140
K03109	0
K03110	21150
K03111	21315
K03112	4943
K03113	6072
K03114	0
K03115	2
K03116	12182
K03117	13016
K03118	17107
K03119	4654
K03120	5
K03121	0
K03122	0
K03123	0
K03124	16
K03125	0
K03126	0
K03127	0
K03128	61
K03129	0
K03130	523
K03131	1
K03132	33
K03133	0
K03134	0
K03135	1
K03136	40
K03137	0
K03138	0
K03139	0
K03140	6
K03141	0
K03142	6
K03143	0
K03144	15
K03145	0
K03146	1
K03147	14387
K03148	5056
K03149	14706
K03150	5181
K03151	9321
K03152	8381
K03153	11938
K03154	14388
K03156	1
K03157	0
K03158	0
K03159	3
K03160	2
K03161	0
K03162	52
K03163	155
K03164	0
K03165	10
K03166	131
K03167	70
K03168	19956
K03169	10867
K03170	83
K03171	1
K03172	0
K03173	0
K03174	6
K03175	3
K03176	0
K03177	21231
K03178	41
K03179	10130
K03181	6140
K03182	8218
K03183	18362
K03184	2474
K03185	8953
K03186	9319
K03187	6953
K03188	8445
K03189	8479
K03190	8462
K03191	304
K03192	4709
K03193	3
K03194	3650
K03195	2508
K03196	2493
K03197	2472
K03198	1978
K03199	2507
K03200	2733
K03201	2904
K03202	351
K03203	2286
K03204	2622
K03205	10066
K03206	3323
K03207	1245
K03208	7508
K03209	0
K03210	20552
K03211	0
K03212	2412
K03213	0
K03214	2084
K03215	20356
K03216	17386
K03217	21329
K03218	21026
K03219	2070
K03220	2355
K03221	887
K03222	1966
K03223	2324
K03224	1959
K03225	2169
K03226	1956
K03227	1903
K03228	1945
K03229	1967
K03230	2189
K03231	24
K03232	0
K03233	164
K03234	10
K03235	7
K03236	1
K03237	1
K03238	0
K03239	10
K03240	285
K03241	345
K03242	0
K03243	40
K03245	0
K03246	5
K03247	0
K03248	4
K03249	0
K03250	0
K03251	0
K03252	0
K03253	2
K03254	8
K03255	527
K03256	0
K03257	9
K03258	0
K03259	1
K03260	0
K03261	0
K03262	2
K03263	5
K03264	0
K03265	65
K03267	0
K03268	8
K03269	10883
K03270	9609
K03271	7576
K03272	6798
K03273	9568
K03274	5706
K03275	169
K03276	2293
K03277	385
K03278	193
K03279	2630
K03280	156
K03281	14970
K03282	17480
K03283	66
K03284	17973
K03285	2024
K03286	12016
K03287	372
K03288	2621
K03289	681
K03290	968
K03291	3086
K03292	7558
K03293	6012
K03294	14828
K03296	12257
K03297	9836
K03298	19438
K03299	10020
K03300	5316
K03301	1790
K03303	6690
K03304	5253
K03305	10603
K03306	12966
K03307	13223
K03308	8965
K03309	7015
K03310	11598
K03311	9205
K03312	6005
K03313	10367
K03314	2819
K03315	6919
K03316	5248
K03317	5169
K03318	119
K03319	6636
K03320	16731
K03321	15878
K03322	14171
K03323	1
K03324	10309
K03325	9317
K03326	4304
K03327	18961
K03328	14708
K03329	379
K03330	20
K03331	1325
K03332	2532
K03333	3635
K03334	1166
K03335	8253
K03336	5706
K03337	5703
K03338	5764
K03339	1921
K03340	2533
K03341	0
K03342	5083
K03343	1224
K03344	0
K03345	0
K03346	3890
K03347	0
K03348	0
K03349	2
K03350	658
K03351	6
K03352	108
K03353	438
K03354	1590
K03355	136
K03356	0
K03357	0
K03358	0
K03359	0
K03360	8
K03361	132
K03362	39
K03363	11
K03364	4
K03365	2020
K03366	12237
K03367	6378
K03368	2
K03369	0
K03370	0
K03371	0
K03372	1
K03373	0
K03374	0
K03375	0
K03376	0
K03377	1
K03378	2
K03379	1738
K03380	155
K03381	3355
K03382	218
K03383	458
K03385	2281
K03386	7367
K03387	8246
K03388	2359
K03389	867
K03390	665
K03391	25
K03392	3605
K03393	39
K03394	4328
K03395	1180
K03396	4005
K03397	104
K03399	1426
K03400	1744
K03402	10993
K03403	617
K03404	4023
K03405	4441
K03406	8169
K03407	10467
K03408	10146
K03409	2601
K03410	3928
K03411	5828
K03412	10931
K03413	11713
K03414	6132
K03415	5775
K03416	112
K03417	10054
K03418	754
K03419	0
K03420	2293
K03421	0
K03422	0
K03423	28
K03424	21331
K03425	4919
K03426	12920
K03427	15053
K03428	810
K03429	3361
K03430	3866
K03431	19057
K03432	2157
K03433	2242
K03434	1
K03435	4281
K03436	12927
K03437	16389
K03438	21321
K03439	20275
K03440	0
K03441	605
K03442	13158
K03443	0
K03444	6
K03445	4257
K03446	13804
K03447	0
K03448	1
K03449	9816
K03451	3031
K03452	0
K03453	9498
K03454	0
K03455	4360
K03456	128
K03457	7346
K03458	496
K03459	5
K03460	0
K03462	2074
K03463	140
K03464	3445
K03465	5117
K03466	20994
K03468	9808
K03469	13634
K03470	21226
K03471	2906
K03472	4153
K03473	4673
K03474	11192
K03475	4437
K03476	2136
K03477	1017
K03478	5389
K03479	1
K03480	2044
K03481	2158
K03482	869
K03483	4453
K03484	6095
K03485	1462
K03486	3715
K03487	1273
K03488	3569
K03489	847
K03490	3789
K03491	5503
K03492	1999
K03493	430
K03494	2
K03495	17691
K03496	19827
K03497	20539
K03498	15387
K03499	17480
K03500	19527
K03501	21088
K03502	9227
K03503	5548
K03504	0
K03505	0
K03506	0
K03507	9
K03508	0
K03509	3
K03510	1
K03511	10
K03512	1
K03513	1
K03514	2
K03515	4
K03516	1350
K03517	14770
K03518	6289
K03519	3423
K03520	3131
K03521	13308
K03522	14112
K03523	10067
K03524	20451
K03525	13487
K03526	17837
K03527	16884
K03528	6023
K03529	17423
K03530	19862
K03531	21267
K03532	1965
K03533	1056
K03534	5837
K03535	5218
K03536	19250
K03537	0
K03538	0
K03539	0
K03540	0
K03541	12
K03542	184
K03543	9571
K03544	21041
K03545	21324
K03546	16167
K03547	15366
K03548	17462
K03549	9073
K03550	21163
K03551	21312
K03552	158
K03553	21341
K03554	6204
K03555	17293
K03556	10069
K03557	7382
K03558	16505
K03559	10135
K03560	10696
K03561	8882
K03562	9635
K03563	7989
K03564	17493
K03565	18396
K03566	8967
K03567	5565
K03568	11470
K03569	15642
K03570	16969
K03571	13451
K03572	17216
K03573	3244
K03574	17194
K03575	19209
K03576	6914
K03577	6774
K03578	9955
K03579	8878
K03580	9609
K03581	16571
K03582	7291
K03583	7260
K03584	20373
K03585	9229
K03586	14965
K03587	15657
K03588	21111
K03589	20497
K03590	16526
K03591	5468
K03592	11388
K03593	19451
K03594	11398
K03595	20952
K03596	21357
K03597	6485
K03598	5350
K03599	9102
K03600	6675
K03601	20115
K03602	19316
K03603	2469
K03604	6474
K03605	4006
K03606	3980
K03607	4403
K03608	9054
K03609	12321
K03610	10605
K03611	10698
K03612	6260
K03613	6069
K03614	6254
K03615	5986
K03616	9598
K03617	6039
K03618	765
K03619	758
K03620	6942
K03621	15656
K03622	0
K03623	5448
K03624	20990
K03625	21158
K03626	22
K03627	123
K03628	19034
K03629	18902
K03630	16726
K03631	21001
K03632	2318
K03633	2095
K03634	12554
K03635	12635
K03636	11260
K03637	15804
K03638	7472
K03639	15861
K03640	11435
K03641	15364
K03642	10988
K03643	9555
K03644	16257
K03645	2371
K03646	5726
K03647	6977
K03648	18101
K03649	7951
K03650	17768
K03651	15548
K03652	9451
K03653	572
K03654	17743
K03655	20960
K03656	8097
K03657	21233
K03658	4688
K03660	1142
K03661	0
K03662	0
K03663	2
K03664	21267
K03665	20271
K03666	11539
K03667	12142
K03668	9183
K03669	4810
K03670	4707
K03671	21128
K03672	10684
K03673	13278
K03674	3188
K03675	2881
K03676	8461
K03678	0
K03679	0
K03680	0
K03681	0
K03683	5781
K03684	11706
K03685	21156
K03686	21339
K03687	21223
K03688	14618
K03689	59
K03690	6426
K03691	71
K03692	409
K03693	2426
K03694	10020
K03695	19105
K03696	12803
K03697	2919
K03698	5264
K03699	21205
K03700	4300
K03701	21356
K03702	21346
K03703	21326
K03704	18484
K03705	14348
K03706	3888
K03707	6581
K03708	4049
K03709	6739
K03710	9303
K03711	18332
K03712	12046
K03713	6428
K03714	701
K03715	16
K03716	2733
K03717	4392
K03718	10903
K03719	15789
K03720	6033
K03721	3978
K03722	14598
K03723	21166
K03724	9619
K03725	17
K03726	5411
K03727	3628
K03728	0
K03729	0
K03730	0
K03731	352
K03732	5067
K03733	18524
K03734	14048
K03735	5718
K03736	5644
K03737	5313
K03738	1306
K03739	3020
K03740	3092
K03741	9067
K03742	13396
K03743	13467
K03744	13241
K03745	7338
K03746	3709
K03747	3497
K03748	12219
K03749	10650
K03750	15907
K03752	13803
K03753	6016
K03754	0
K03755	220
K03756	1654
K03757	662
K03758	5589
K03759	1675
K03760	4771
K03761	4668
K03762	9979
K03763	5717
K03764	2399
K03765	2686
K03766	0
K03767	6379
K03768	17337
K03769	10544
K03770	12057
K03771	11891
K03772	7811
K03773	8315
K03774	5357
K03775	9579
K03776	8352
K03777	3090
K03778	7687
K03779	1022
K03780	1131
K03781	13694
K03782	9225
K03783	10279
K03784	8967
K03785	4631
K03786	16336
K03787	12534
K03788	1455
K03789	20412
K03790	13498
K03791	4192
K03792	2
K03793	4292
K03794	287
K03795	6384
K03796	2709
K03797	17271
K03798	19831
K03799	15126
K03800	7995
K03801	14598
K03802	5113
K03803	4294
K03804	2389
K03805	3397
K03806	6055
K03807	3386
K03808	6362
K03809	10570
K03810	4315
K03811	10515
K03812	2572
K03813	993
K03814	9422
K03816	7136
K03817	16696
K03818	2917
K03819	1496
K03820	13779
K03821	6916
K03822	898
K03823	2820
K03824	10186
K03825	9587
K03826	6279
K03827	7067
K03828	11751
K03829	8154
K03830	7621
K03831	9033
K03832	11652
K03833	6113
K03834	2665
K03835	2200
K03836	171
K03837	3958
K03838	617
K03839	9581
K03840	2144
K03841	4110
K03842	1
K03843	433
K03844	48
K03845	1
K03846	1
K03847	3
K03848	0
K03849	0
K03850	37
K03851	1289
K03852	1207
K03853	3
K03854	0
K03855	1555
K03856	3597
K03857	3
K03858	0
K03859	9
K03860	0
K03861	0
K03862	2790
K03863	3830
K03865	0
K03867	3045
K03868	0
K03869	0
K03870	0
K03871	166
K03872	0
K03873	0
K03874	0
K03875	45
K03876	0
K03877	5
K03878	94
K03879	25
K03880	432
K03881	34
K03882	22
K03883	68
K03884	154
K03885	15430
K03886	1261
K03887	1285
K03888	1281
K03889	3854
K03890	2987
K03891	2982
K03892	17517
K03893	11592
K03894	526
K03895	2621
K03896	4013
K03897	3488
K03898	4
K03899	2
K03900	2
K03901	0
K03902	9
K03903	3
K03904	3
K03905	1
K03906	0
K03907	0
K03908	0
K03909	5
K03910	14
K03911	7
K03912	0
K03913	1
K03914	0
K03915	0
K03916	1
K03917	1
K03918	1110
K03919	5621
K03921	3071
K03922	2042
K03923	4374
K03924	15651
K03925	16438
K03926	5657
K03927	10
K03928	8064
K03929	6715
K03930	8574
K03931	3708
K03932	7831
K03933	1613
K03934	2381
K03935	2426
K03936	2669
K03937	2358
K03938	0
K03939	1679
K03940	4575
K03941	4694
K03942	2372
K03943	1490
K03944	0
K03945	0
K03946	0
K03947	0
K03948	1
K03949	0
K03950	0
K03951	0
K03952	0
K03953	4055
K03954	19
K03955	163
K03956	11
K03957	0
K03958	0
K03959	0
K03960	0
K03961	0
K03962	0
K03963	0
K03964	0
K03965	0
K03966	0
K03967	1
K03968	1
K03969	9193
K03970	2591
K03971	1207
K03972	18167
K03973	11264
K03974	2633
K03975	18450
K03976	16767
K03977	21320
K03978	17414
K03979	21314
K03980	15229
K03981	9368
K03982	55
K03983	2
K03984	15
K03985	0
K03986	19
K03987	7
K03988	19
K03989	5
K03990	3
K03991	29
K03992	2
K03993	0
K03994	1
K03995	5
K03996	8
K03997	0
K03998	0
K03999	0
K04000	0
K04001	1
K04002	0
K04003	0
K04004	1
K04006	0
K04007	0
K04008	0
K04009	0
K04010	1
K04011	0
K04012	0
K04013	1580
K04014	1282
K04015	2246
K04016	833
K04017	4479
K04018	6440
K04019	1278
K04020	636
K04021	404
K04022	328
K04023	1752
K04024	1271
K04025	482
K04026	1636
K04027	2605
K04028	2388
K04029	1690
K04030	3273
K04031	1694
K04032	1102
K04033	5481
K04034	11745
K04035	566
K04036	269
K04037	650
K04038	652
K04039	687
K04040	683
K04041	3198
K04042	18393
K04043	21325
K04044	7318
K04045	1966
K04046	6931
K04047	15848
K04048	0
K04049	161
K04050	144
K04051	150
K04052	118
K04053	629
K04054	836
K04055	25
K04056	810
K04057	175
K04058	922
K04059	271
K04060	835
K04061	5662
K04062	4949
K04063	13225
K04064	2179
K04065	9034
K04066	21208
K04067	2218
K04068	8612
K04069	10240
K04070	1510
K04072	7106
K04073	2854
K04074	8582
K04075	18627
K04076	3136
K04077	21249
K04078	21177
K04079	14898
K04080	5995
K04081	1049
K04082	5739
K04083	14933
K04084	9253
K04085	13153
K04086	1504
K04087	11694
K04088	12333
K04090	3905
K04091	6695
K04092	3851
K04093	3982
K04094	6535
K04095	13429
K04096	21020
K04097	1954
K04098	1963
K04099	1112
K04100	692
K04101	693
K04102	1280
K04103	1839
K04104	2590
K04105	659
K04107	39
K04108	39
K04109	52
K04110	1108
K04112	1566
K04113	542
K04114	110
K04115	68
K04116	2050
K04117	570
K04118	3532
K04119	0
K04120	3
K04121	3
K04122	0
K04123	1
K04124	101
K04125	5267
K04126	26
K04127	2600
K04128	207
K04129	6
K04130	1
K04131	0
K04132	0
K04133	3
K04134	0
K04135	3
K04136	0
K04137	0
K04138	2
K04139	1
K04140	0
K04141	0
K04142	2
K04143	29
K04144	0
K04145	0
K04146	0
K04147	0
K04148	0
K04149	0
K04150	2
K04151	0
K04152	0
K04153	0
K04157	0
K04160	1
K04161	0
K04162	0
K04163	0
K04165	0
K04166	0
K04167	0
K04168	0
K04169	0
K04170	0
K04171	1
K04172	0
K04173	0
K04174	0
K04175	0
K04176	0
K04177	0
K04178	0
K04179	0
K04180	0
K04181	0
K04182	1
K04183	0
K04184	0
K04185	0
K04186	0
K04187	0
K04188	0
K04189	0
K04190	0
K04191	0
K04192	0
K04193	0
K04194	1
K04195	22
K04197	0
K04198	0
K04199	9
K04200	0
K04201	0
K04202	6
K04203	5
K04204	0
K04205	0
K04206	0
K04207	0
K04208	0
K04209	0
K04210	0
K04211	1
K04212	0
K04213	1
K04214	0
K04215	0
K04216	0
K04217	1
K04218	1
K04219	1
K04220	1
K04221	0
K04222	0
K04223	15
K04224	0
K04226	0
K04227	0
K04228	0
K04229	0
K04230	0
K04231	3
K04232	0
K04233	0
K04234	0
K04235	0
K04236	0
K04237	6
K04238	0
K04239	0
K04240	0
K04241	0
K04242	0
K04243	0
K04244	0
K04245	0
K04246	1
K04247	241
K04248	19
K04249	30
K04250	0
K04251	0
K04252	0
K04253	0
K04254	0
K04255	0
K04256	0
K04257	4
K04258	0
K04259	0
K04260	0
K04261	0
K04262	0
K04263	0
K04264	0
K04265	0
K04266	0
K04267	0
K04268	1
K04269	0
K04270	0
K04271	0
K04272	1
K04273	0
K04274	0
K04275	4
K04276	0
K04277	0
K04278	0
K04279	1
K04280	0
K04281	1
K04282	0
K04283	10
K04284	0
K04285	0
K04286	0
K04287	3
K04288	0
K04289	1
K04290	0
K04291	0
K04292	0
K04293	0
K04294	0
K04295	1
K04296	0
K04297	1
K04298	0
K04299	0
K04300	1
K04301	0
K04302	0
K04303	0
K04304	0
K04305	0
K04306	69
K04307	166
K04308	17
K04309	8
K04310	0
K04311	0
K04312	2
K04313	0
K04314	0
K04315	0
K04316	2
K04317	2
K04318	0
K04319	0
K04320	0
K04321	0
K04322	0
K04323	2
K04324	0
K04325	0
K04326	0
K04328	0
K04332	0
K04333	1151
K04334	1417
K04335	2046
K04336	757
K04337	1738
K04338	1913
K04339	42
K04340	315
K04341	26
K04342	1895
K04343	3713
K04344	0
K04345	16
K04346	0
K04347	0
K04348	3
K04349	6
K04350	0
K04351	2
K04352	1
K04353	2
K04354	0
K04355	0
K04356	0
K04357	2
K04358	0
K04359	0
K04360	0
K04361	45
K04362	7
K04363	0
K04364	0
K04365	0
K04366	0
K04367	40
K04368	11
K04369	0
K04370	0
K04371	3
K04372	0
K04373	1
K04374	0
K04375	0
K04376	0
K04377	0
K04378	0
K04379	3
K04380	0
K04381	16
K04382	1
K04383	0
K04384	1
K04385	0
K04386	0
K04387	0
K04388	0
K04389	1
K04390	0
K04391	1
K04392	0
K04393	0
K04394	1
K04395	0
K04396	0
K04397	10
K04398	0
K04399	0
K04400	0
K04401	0
K04402	0
K04403	0
K04404	5
K04405	0
K04406	0
K04407	2
K04408	0
K04409	0
K04410	14
K04411	0
K04412	0
K04413	0
K04414	0
K04415	0
K04416	0
K04417	0
K04418	0
K04419	0
K04420	6
K04421	2
K04422	0
K04423	0
K04424	6
K04425	0
K04426	88
K04427	71
K04428	0
K04429	0
K04430	0
K04431	0
K04432	0
K04433	0
K04434	0
K04435	0
K04436	1
K04437	125
K04438	4
K04439	0
K04440	0
K04441	1
K04442	2
K04443	1
K04444	0
K04445	16
K04446	0
K04447	10
K04448	0
K04449	0
K04450	1
K04451	1
K04452	3
K04453	7
K04454	0
K04455	4
K04456	0
K04457	0
K04458	0
K04459	54
K04460	28
K04461	2
K04462	1
K04463	0
K04464	1
K04465	0
K04466	0
K04467	2
K04468	1
K04469	1
K04477	5912
K04478	789
K04479	37
K04480	57
K04482	114
K04483	445
K04484	202
K04485	20653
K04486	4795
K04487	19746
K04488	12115
K04489	0
K04490	0
K04491	0
K04492	0
K04493	0
K04494	0
K04495	0
K04496	0
K04497	0
K04498	0
K04499	15
K04500	0
K04501	0
K04502	0
K04503	0
K04504	0
K04505	0
K04506	12
K04507	0
K04508	97
K04510	1
K04511	1
K04512	8
K04513	2
K04514	9
K04515	79
K04516	3106
K04517	10949
K04518	10408
K04519	0
K04520	0
K04521	5
K04522	0
K04523	4
K04524	198
K04525	118
K04526	1
K04527	5
K04528	0
K04529	0
K04530	0
K04531	0
K04532	0
K04533	0
K04534	0
K04535	0
K04536	13
K04537	1
K04538	4
K04539	0
K04540	0
K04541	0
K04542	0
K04543	0
K04544	0
K04545	0
K04546	0
K04547	0
K04548	0
K04549	0
K04550	18
K04551	80
K04552	0
K04553	0
K04554	0
K04555	0
K04556	0
K04557	0
K04558	29
K04559	75
K04560	1
K04561	3615
K04562	6763
K04563	2
K04564	18282
K04565	8478
K04566	3138
K04567	18683
K04568	5389
K04569	23
K04570	0
K04571	0
K04572	3
K04573	0
K04574	0
K04575	772
K04576	0
K04577	1
K04578	0
K04579	0
K04580	0
K04581	0
K04582	0
K04583	0
K04584	0
K04585	0
K04586	0
K04587	0
K04588	0
K04589	0
K04590	0
K04591	3
K04592	0
K04593	5
K04594	3
K04595	0
K04596	0
K04597	0
K04598	0
K04599	1
K04600	47
K04601	0
K04602	0
K04603	0
K04604	0
K04605	0
K04606	0
K04607	0
K04608	0
K04609	0
K04610	0
K04611	0
K04612	0
K04613	1
K04614	1
K04615	2
K04617	0
K04618	1599
K04619	0
K04620	0
K04621	0
K04622	0
K04623	0
K04624	0
K04625	0
K04626	0
K04627	6
K04628	136
K04629	8
K04630	0
K04631	0
K04632	3
K04633	0
K04634	1
K04635	0
K04636	4
K04637	6
K04638	1
K04639	0
K04640	0
K04641	315
K04642	4
K04643	368
K04644	1
K04645	0
K04646	2
K04647	0
K04648	18
K04649	5
K04650	1
K04651	5196
K04652	5201
K04653	4934
K04654	4913
K04655	5665
K04656	5099
K04657	369
K04658	0
K04659	464
K04660	12
K04661	0
K04662	4
K04663	1
K04664	0
K04665	0
K04666	0
K04667	0
K04668	0
K04669	4
K04670	0
K04671	0
K04672	0
K04673	0
K04674	0
K04675	0
K04676	0
K04677	0
K04678	0
K04679	3
K04680	0
K04681	1
K04682	0
K04683	0
K04684	0
K04685	9
K04686	0
K04687	0
K04688	1
K04690	0
K04691	4797
K04692	0
K04693	0
K04694	0
K04695	0
K04696	0
K04697	0
K04698	0
K04699	0
K04701	0
K04702	1
K04703	0
K04704	0
K04705	0
K04706	0
K04707	0
K04708	992
K04709	0
K04710	0
K04711	601
K04712	159
K04713	6
K04714	105
K04715	0
K04716	11
K04717	104
K04718	37
K04719	8138
K04720	4635
K04721	0
K04722	1
K04723	4
K04724	0
K04725	0
K04726	0
K04727	14
K04728	2
K04729	67
K04730	5
K04731	0
K04732	0
K04733	2
K04734	32
K04735	0
K04736	0
K04737	0
K04738	17
K04739	160
K04740	5
K04741	0
K04742	9
K04743	3
K04744	12224
K04745	1
K04746	26
K04747	1408
K04748	9710
K04749	7735
K04750	12072
K04751	13104
K04752	6840
K04753	2232
K04754	8040
K04755	9921
K04756	11335
K04757	6663
K04758	10676
K04759	11677
K04760	8206
K04761	11995
K04762	18186
K04763	20941
K04764	9746
K04765	9939
K04766	1464
K04767	11901
K04768	7718
K04769	2351
K04770	5336
K04771	9728
K04772	14766
K04773	14222
K04774	4691
K04775	3481
K04778	26
K04780	4094
K04781	920
K04782	2581
K04783	346
K04784	597
K04785	167
K04786	959
K04787	802
K04788	1691
K04789	1077
K04790	678
K04791	733
K04792	1342
K04793	765
K04794	1294
K04795	0
K04796	5
K04797	6
K04798	2
K04799	0
K04800	131
K04801	42
K04802	0
K04803	1
K04804	0
K04805	0
K04806	0
K04807	0
K04808	21
K04809	8
K04810	1
K04811	0
K04812	0
K04813	0
K04814	10
K04815	0
K04816	0
K04817	0
K04818	0
K04819	0
K04824	0
K04825	0
K04826	0
K04827	0
K04828	0
K04829	0
K04830	0
K04831	0
K04832	0
K04833	0
K04834	27
K04835	672
K04836	0
K04837	1
K04838	0
K04839	0
K04840	0
K04841	0
K04842	0
K04843	0
K04845	0
K04846	0
K04847	0
K04848	0
K04849	1
K04850	0
K04851	1
K04852	0
K04853	0
K04854	1
K04855	0
K04856	4
K04857	1
K04858	50
K04859	2
K04860	21
K04861	18
K04862	0
K04863	0
K04864	0
K04865	0
K04866	0
K04867	0
K04868	0
K04869	0
K04870	3
K04871	0
K04872	0
K04873	0
K04874	7
K04875	1363
K04876	1
K04877	0
K04878	2
K04879	5
K04880	2
K04881	1
K04882	37
K04883	841
K04884	193
K04885	8
K04886	2
K04887	106
K04888	0
K04889	0
K04890	4
K04891	42
K04892	1441
K04893	0
K04894	0
K04895	0
K04896	1
K04897	0
K04898	0
K04899	0
K04900	0
K04901	0
K04902	0
K04903	0
K04904	0
K04905	0
K04906	0
K04907	3
K04908	1
K04909	0
K04910	0
K04911	0
K04912	1
K04913	3
K04914	0
K04915	0
K04916	0
K04917	0
K04918	0
K04919	0
K04920	6
K04921	0
K04922	1
K04923	0
K04924	0
K04925	0
K04926	0
K04927	2
K04928	0
K04929	0
K04930	131
K04931	0
K04932	0
K04933	2
K04934	2
K04935	0
K04936	12
K04937	0
K04938	0
K04939	0
K04940	2087
K04941	0
K04942	0
K04943	1
K04944	9
K04945	3
K04946	4
K04947	0
K04948	0
K04949	0
K04950	40
K04951	0
K04952	0
K04953	113
K04954	5
K04955	40
K04956	58
K04957	0
K04958	1
K04959	0
K04960	1
K04961	8
K04962	366
K04963	8
K04964	1
K04965	2
K04966	4
K04967	0
K04968	2
K04969	0
K04970	0
K04971	0
K04972	0
K04973	0
K04974	2
K04975	3
K04976	0
K04977	64
K04978	16
K04979	0
K04980	1
K04981	0
K04982	1
K04983	1
K04984	1317
K04985	1865
K04986	1
K04987	183
K04988	33
K04989	0
K04990	2
K04991	0
K04992	0
K04993	0
K04994	0
K04995	0
K04996	0
K04997	0
K04998	0
K04999	0
K05000	0
K05001	4
K05002	0
K05003	2
K05004	0
K05005	0
K05006	0
K05007	0
K05008	0
K05009	0
K05010	0
K05011	0
K05012	2
K05015	0
K05016	12
K05017	0
K05018	0
K05019	0
K05020	5050
K05021	0
K05022	0
K05023	1
K05024	0
K05025	0
K05026	0
K05027	215
K05028	22
K05030	779
K05031	0
K05032	6
K05033	5
K05034	0
K05035	0
K05036	0
K05037	0
K05038	8
K05039	0
K05040	6
K05041	0
K05043	0
K05044	1
K05045	5
K05046	0
K05047	0
K05048	2
K05050	0
K05051	0
K05052	0
K05053	2
K05054	0
K05055	0
K05056	1
K05057	3
K05058	7
K05059	0
K05060	216
K05061	0
K05062	3
K05063	66
K05064	32
K05065	0
K05066	1
K05067	4
K05068	0
K05069	16
K05070	7
K05071	3
K05072	0
K05073	0
K05074	2
K05075	4
K05076	13
K05077	1
K05078	0
K05079	2
K05080	4
K05081	1
K05082	10
K05083	1
K05084	0
K05085	0
K05086	14
K05087	18
K05088	80
K05089	0
K05090	2
K05091	0
K05092	8
K05093	8
K05094	3
K05095	2
K05096	14
K05097	1
K05098	0
K05099	503
K05100	267
K05101	0
K05102	0
K05103	5
K05104	1
K05105	21
K05106	1
K05107	0
K05108	16
K05109	3
K05110	10
K05111	17
K05112	2
K05113	21
K05114	0
K05115	0
K05116	3
K05117	1
K05118	0
K05119	60
K05120	108
K05121	112
K05122	0
K05123	1
K05124	0
K05125	44
K05126	0
K05127	28
K05128	2
K05129	9
K05130	3
K05131	0
K05132	0
K05133	4
K05134	0
K05135	2
K05136	0
K05137	0
K05138	0
K05139	0
K05140	0
K05141	4
K05142	0
K05143	0
K05144	0
K05145	0
K05146	0
K05147	0
K05148	1
K05149	0
K05150	0
K05151	1
K05152	0
K05153	1
K05154	0
K05155	0
K05156	0
K05157	3
K05158	0
K05159	0
K05160	0
K05161	0
K05162	0
K05163	0
K05164	11
K05165	0
K05166	0
K05167	69
K05168	0
K05169	6
K05170	8
K05171	1
K05172	10
K05173	0
K05174	0
K05175	0
K05181	43
K05184	0
K05185	0
K05186	0
K05189	1
K05190	21
K05192	63
K05193	8
K05194	148
K05195	8
K05196	0
K05197	0
K05198	13
K05199	0
K05200	0
K05201	0
K05202	0
K05203	0
K05204	0
K05205	0
K05206	2
K05207	8
K05208	0
K05209	0
K05210	0
K05211	0
K05212	0
K05213	2
K05214	0
K05215	0
K05216	0
K05217	0
K05218	0
K05219	0
K05220	0
K05221	0
K05222	1
K05223	0
K05224	0
K05225	0
K05226	0
K05227	0
K05228	0
K05229	0
K05230	0
K05231	0
K05232	0
K05233	0
K05234	0
K05235	0
K05236	2
K05237	0
K05238	0
K05239	0
K05240	0
K05241	0
K05242	0
K05243	0
K05244	0
K05245	387
K05246	0
K05247	0
K05248	0
K05249	0
K05250	0
K05251	0
K05252	0
K05253	0
K05254	0
K05255	0
K05256	0
K05257	0
K05258	0
K05259	0
K05260	0
K05261	0
K05262	0
K05263	0
K05264	0
K05265	0
K05266	0
K05267	0
K05268	0
K05269	0
K05271	25
K05273	15
K05274	2
K05275	11221
K05277	2
K05278	16
K05279	0
K05280	0
K05281	0
K05282	451
K05283	0
K05284	8
K05285	97
K05286	253
K05287	1
K05288	1386
K05289	2
K05290	0
K05291	0
K05292	0
K05293	0
K05294	81
K05295	0
K05296	1454
K05297	2105
K05298	222
K05299	813
K05300	168
K05301	3836
K05302	0
K05303	2346
K05304	293
K05305	0
K05306	3862
K05307	18
K05308	455
K05309	259
K05310	464
K05311	2857
K05312	0
K05313	259
K05323	8
K05330	0
K05334	0
K05336	1
K05337	6875
K05338	858
K05339	11112
K05340	2496
K05341	1922
K05342	2661
K05343	6023
K05345	1
K05346	7618
K05349	10185
K05350	6554
K05351	1128
K05352	1162
K05353	1
K05354	0
K05355	6
K05356	184
K05357	1332
K05358	4576
K05359	1
K05360	160
K05361	34
K05362	2687
K05363	4286
K05364	5009
K05365	4824
K05366	20578
K05367	6877
K05368	2127
K05369	123
K05370	111
K05371	186
K05372	482
K05373	1504
K05374	176
K05375	4123
K05376	53
K05377	108
K05378	96
K05379	27
K05380	24
K05381	35
K05382	182
K05383	294
K05384	1710
K05385	67
K05386	577
K05387	34
K05389	709
K05391	0
K05394	4
K05396	410
K05397	1
K05398	38
K05399	1
K05400	0
K05401	281
K05402	1
K05403	123
K05404	0
K05405	2
K05406	0
K05407	2
K05408	0
K05409	1
K05410	1
K05411	0
K05412	0
K05413	11
K05414	1
K05415	0
K05416	0
K05417	4
K05418	0
K05419	0
K05420	0
K05421	0
K05422	0
K05423	0
K05424	2
K05425	0
K05426	0
K05427	0
K05428	0
K05429	0
K05430	1
K05431	0
K05432	0
K05433	0
K05434	1
K05435	0
K05436	0
K05437	0
K05438	0
K05439	0
K05440	0
K05441	0
K05442	0
K05443	0
K05444	0
K05445	0
K05446	0
K05447	0
K05448	0
K05449	0
K05450	0
K05451	0
K05452	0
K05453	8
K05454	0
K05455	0
K05456	5
K05457	0
K05458	0
K05459	0
K05460	0
K05461	0
K05462	0
K05463	0
K05464	0
K05465	0
K05466	2
K05467	18
K05468	0
K05469	0
K05470	0
K05471	0
K05472	1
K05473	2
K05474	0
K05475	0
K05476	14
K05477	0
K05478	0
K05479	5
K05480	1
K05481	0
K05482	0
K05483	0
K05484	0
K05485	0
K05486	0
K05487	0
K05488	0
K05489	0
K05490	0
K05491	0
K05492	0
K05493	0
K05494	0
K05495	0
K05496	0
K05497	119
K05498	0
K05499	14197
K05500	0
K05501	4400
K05502	16
K05503	1
K05504	0
K05505	0
K05506	0
K05507	0
K05508	0
K05509	0
K05510	0
K05511	0
K05512	0
K05513	0
K05514	0
K05515	14253
K05516	11823
K05517	3332
K05518	2801
K05519	438
K05520	12016
K05521	6660
K05522	4992
K05523	2607
K05524	13833
K05525	908
K05526	4314
K05527	9364
K05528	244
K05529	130
K05530	0
K05531	35
K05532	1
K05533	9
K05534	6
K05535	79
K05536	0
K05537	0
K05538	6
K05539	8835
K05540	20943
K05541	5278
K05542	4
K05543	0
K05544	2
K05545	0
K05546	1529
K05547	0
K05548	2747
K05549	2538
K05550	2929
K05551	648
K05552	661
K05553	806
K05554	1045
K05555	8949
K05556	341
K05557	1766
K05558	1893
K05559	4265
K05560	3901
K05561	3888
K05562	3989
K05563	4490
K05564	3854
K05565	4615
K05566	3014
K05567	5478
K05568	5793
K05569	5365
K05570	5137
K05571	5482
K05572	184
K05573	209
K05574	506
K05575	192
K05576	950
K05577	1685
K05578	650
K05579	189
K05580	237
K05581	188
K05582	185
K05583	166
K05584	181
K05585	176
K05586	280
K05587	263
K05588	402
K05589	10550
K05590	3716
K05591	6634
K05592	17517
K05593	2750
K05594	6593
K05595	11360
K05596	7543
K05597	4196
K05599	1318
K05600	591
K05601	4891
K05602	3465
K05603	5604
K05604	0
K05605	8699
K05606	8640
K05607	1105
K05609	0
K05610	0
K05611	0
K05612	19
K05613	77
K05614	1725
K05615	109
K05616	17
K05617	37
K05618	0
K05619	25
K05620	0
K05621	13
K05622	0
K05623	1
K05624	0
K05625	0
K05626	0
K05627	0
K05628	0
K05629	1
K05630	0
K05631	36
K05632	1
K05633	0
K05634	7
K05635	308
K05636	1267
K05637	553
K05638	0
K05639	0
K05640	2
K05641	1
K05642	0
K05643	57
K05644	0
K05645	1
K05646	10
K05647	0
K05648	5
K05649	0
K05650	3
K05651	1
K05652	0
K05653	1
K05654	0
K05655	23
K05656	18
K05657	254
K05658	120
K05659	1
K05660	0
K05661	4
K05662	59
K05664	0
K05665	43
K05666	1
K05667	0
K05668	1
K05669	1
K05670	1
K05671	1
K05672	9
K05673	7
K05674	66
K05675	0
K05676	1
K05677	8
K05678	4
K05679	3
K05680	1
K05681	15
K05682	0
K05683	25
K05684	3
K05685	13678
K05687	14
K05688	0
K05689	16
K05690	0
K05691	1
K05692	28
K05693	0
K05694	123
K05695	879
K05696	0
K05697	0
K05698	358
K05699	0
K05700	8
K05701	0
K05702	3
K05703	0
K05704	0
K05705	0
K05706	1
K05707	0
K05708	620
K05709	375
K05710	6714
K05711	467
K05712	6138
K05713	1532
K05714	13665
K05715	230
K05716	94
K05717	11
K05718	19
K05719	34
K05720	0
K05721	0
K05722	0
K05723	1
K05724	0
K05725	0
K05726	4
K05727	0
K05728	3
K05729	0
K05730	3
K05731	0
K05732	5
K05733	0
K05734	0
K05735	0
K05736	0
K05737	0
K05738	0
K05739	767
K05740	204
K05741	8
K05742	0
K05743	1
K05744	0
K05745	2
K05746	6
K05747	4
K05748	3
K05749	0
K05750	0
K05751	5
K05752	0
K05753	0
K05754	0
K05755	0
K05756	0
K05757	0
K05758	0
K05759	19
K05760	1
K05761	1
K05762	2
K05763	0
K05764	11
K05765	28
K05766	5
K05767	3
K05768	0
K05769	0
K05770	6268
K05771	0
K05772	2296
K05773	2218
K05774	4339
K05775	1918
K05776	3593
K05777	2222
K05778	1661
K05779	1608
K05780	3618
K05781	3588
K05782	6956
K05783	2103
K05784	2434
K05785	4434
K05786	12201
K05787	4460
K05788	9879
K05789	2243
K05790	1465
K05791	2585
K05792	2261
K05793	1972
K05794	13044
K05795	3252
K05796	1356
K05797	839
K05798	2093
K05799	14426
K05800	7060
K05801	9326
K05802	7175
K05803	3816
K05804	1503
K05805	6012
K05806	3
K05807	12148
K05808	20027
K05809	2942
K05810	17062
K05811	2093
K05812	4469
K05813	7332
K05814	6388
K05815	6178
K05816	139
K05817	1014
K05818	1467
K05819	1951
K05820	8780
K05821	0
K05822	3736
K05823	3020
K05824	133
K05825	13702
K05826	853
K05827	634
K05828	245
K05829	290
K05830	88
K05831	218
K05832	6099
K05833	6108
K05834	11242
K05835	9491
K05836	6195
K05837	17167
K05838	11081
K05839	1348
K05840	0
K05841	1925
K05842	2
K05843	1
K05844	9069
K05845	9722
K05846	11397
K05847	11685
K05848	0
K05849	1072
K05850	16
K05851	3499
K05852	0
K05853	15
K05854	0
K05855	0
K05856	0
K05857	0
K05858	1
K05859	0
K05860	0
K05861	0
K05862	0
K05863	2
K05864	106
K05865	4
K05866	5
K05867	0
K05868	1
K05869	0
K05870	0
K05871	0
K05872	22
K05873	3758
K05874	7191
K05875	3267
K05876	1004
K05877	1365
K05878	6412
K05879	6335
K05880	778
K05881	4001
K05882	4950
K05884	2582
K05886	1002
K05887	1407
K05888	3924
K05889	730
K05894	2
K05895	7814
K05896	16722
K05897	3067
K05898	3899
K05901	2525
K05906	122
K05907	1498
K05908	443
K05909	18
K05910	2017
K05913	3911
K05914	4
K05915	2
K05916	10465
K05917	886
K05918	43
K05919	2153
K05921	3199
K05922	593
K05925	1373
K05926	85
K05927	585
K05928	267
K05929	644
K05931	0
K05933	4
K05934	1808
K05936	8908
K05937	3304
K05939	7559
K05940	0
K05941	6
K05942	540
K05946	6903
K05947	35
K05948	0
K05951	269
K05952	2960
K05953	76
K05954	19
K05955	0
K05956	118
K05957	35
K05960	0
K05961	37
K05964	1902
K05966	825
K05967	4785
K05969	0
K05970	3146
K05972	1530
K05973	3896
K05977	568
K05978	139
K05979	2925
K05982	4129
K05984	3136
K05985	4736
K05986	2680
K05988	491
K05989	5614
K05991	4129
K05992	47
K05994	2195
K05995	6463
K05996	1999
K05997	1672
K05998	414
K05999	2238
K06000	0
K06001	2005
K06002	1
K06004	0
K06005	1
K06006	8031
K06007	0
K06008	0
K06009	0
K06011	42
K06012	2352
K06013	3705
K06015	6777
K06016	7540
K06018	0
K06019	2810
K06020	14382
K06023	10362
K06024	16724
K06027	63
K06030	550
K06033	133
K06034	961
K06035	3265
K06037	10024
K06038	4
K06039	2298
K06041	12300
K06042	8819
K06044	6479
K06045	3496
K06046	2772
K06047	110
K06048	7785
K06049	516
K06051	2
K06052	0
K06053	0
K06054	0
K06055	0
K06056	0
K06057	0
K06058	1
K06059	44
K06061	0
K06062	0
K06063	0
K06064	0
K06065	0
K06066	1
K06067	2
K06068	1
K06069	2
K06070	0
K06071	0
K06072	241
K06073	1760
K06074	1771
K06075	13595
K06076	9731
K06077	6362
K06078	2995
K06079	3580
K06080	1847
K06081	0
K06082	2
K06083	10
K06084	0
K06085	4
K06086	0
K06087	2
K06088	3
K06089	1
K06090	0
K06091	0
K06092	0
K06093	0
K06094	0
K06095	245
K06096	1
K06097	3
K06098	0
K06099	71
K06100	1
K06101	0
K06102	13
K06103	0
K06104	1
K06105	0
K06106	0
K06107	0
K06108	0
K06109	3
K06110	2
K06111	1
K06112	18
K06113	4891
K06114	1
K06115	2
K06116	7
K06117	6512
K06118	1127
K06119	214
K06120	639
K06121	204
K06122	183
K06123	5055
K06124	0
K06125	1489
K06126	3
K06127	2495
K06128	1070
K06129	117
K06130	1591
K06131	17775
K06132	5676
K06133	10449
K06134	4481
K06135	457
K06136	3978
K06137	5698
K06138	5153
K06139	3825
K06140	5959
K06141	1545
K06142	9981
K06143	3719
K06144	1667
K06145	5782
K06146	563
K06147	8731
K06148	8618
K06149	16802
K06151	2833
K06152	3369
K06153	19762
K06154	172
K06155	2689
K06156	1687
K06157	671
K06158	20967
K06159	1634
K06160	2397
K06161	106
K06162	4483
K06163	3638
K06164	3648
K06165	3728
K06166	3109
K06167	15531
K06168	18645
K06169	4989
K06170	0
K06171	0
K06172	1
K06173	21125
K06174	2
K06175	4141
K06176	5324
K06177	9852
K06178	20487
K06179	11585
K06180	21338
K06181	7601
K06182	7975
K06183	11327
K06184	11
K06185	3
K06186	9050
K06187	21142
K06188	9493
K06189	9151
K06190	8466
K06191	9070
K06192	6273
K06193	12129
K06194	12576
K06195	8445
K06196	11206
K06197	2279
K06198	5021
K06199	16973
K06200	5369
K06201	9708
K06202	4987
K06203	7993
K06204	14939
K06205	4174
K06206	6880
K06207	20975
K06208	2290
K06209	2704
K06210	17
K06211	6349
K06212	2794
K06213	16195
K06214	2068
K06215	7024
K06216	503
K06217	20082
K06218	6553
K06219	5260
K06221	11734
K06222	4818
K06223	7792
K06224	280
K06225	1
K06226	0
K06227	2
K06228	37
K06229	1173
K06230	1
K06231	8
K06232	0
K06233	24
K06234	134
K06235	0
K06236	24
K06237	94
K06238	170
K06240	1397
K06241	8
K06243	184
K06244	40
K06245	43
K06246	25
K06247	0
K06248	23
K06249	45
K06250	2
K06251	4
K06252	708
K06253	0
K06254	11
K06255	64
K06256	1
K06257	0
K06258	3
K06259	2
K06260	5
K06261	15
K06262	0
K06263	0
K06264	0
K06265	298
K06266	5
K06267	374
K06268	31
K06269	42
K06270	4
K06271	0
K06272	8
K06273	0
K06274	0
K06275	0
K06276	2
K06277	0
K06278	0
K06279	0
K06281	2684
K06282	2801
K06283	2255
K06284	2285
K06285	1031
K06286	3431
K06287	18538
K06288	558
K06289	1074
K06290	235
K06291	105
K06292	275
K06293	190
K06294	1047
K06295	1645
K06296	2109
K06297	1599
K06298	3827
K06299	654
K06300	626
K06301	751
K06302	645
K06303	658
K06304	650
K06305	1083
K06306	3632
K06307	539
K06308	1096
K06309	193
K06310	924
K06311	1369
K06312	697
K06313	1412
K06314	1044
K06315	443
K06316	0
K06317	1894
K06318	889
K06319	111
K06320	5161
K06321	59
K06322	208
K06323	1043
K06324	2343
K06325	427
K06326	11
K06327	649
K06328	1109
K06329	1433
K06330	2603
K06331	1545
K06332	983
K06333	2062
K06334	2090
K06335	469
K06336	1586
K06337	367
K06338	775
K06339	30
K06340	88
K06341	333
K06342	344
K06343	557
K06345	1617
K06346	9248
K06347	1067
K06348	1697
K06349	1413
K06350	3071
K06351	4737
K06352	43
K06353	46
K06354	36
K06355	46
K06356	47
K06357	14
K06358	57
K06359	178
K06360	295
K06361	224
K06362	94
K06363	67
K06364	187
K06365	364
K06366	132
K06367	200
K06368	372
K06369	80
K06370	2201
K06371	770
K06372	494
K06373	5702
K06374	6739
K06375	1365
K06376	1377
K06377	2557
K06378	6190
K06379	2438
K06380	1315
K06381	4822
K06382	2643
K06383	2335
K06384	7092
K06385	2354
K06386	1377
K06387	2153
K06388	323
K06389	149
K06390	2394
K06391	2196
K06392	2230
K06393	2218
K06394	2301
K06395	2067
K06396	2293
K06397	2352
K06398	2371
K06399	2631
K06400	10899
K06401	1329
K06402	9365
K06403	1461
K06404	1453
K06405	2412
K06406	2370
K06407	2364
K06408	1647
K06409	5812
K06410	1792
K06411	1702
K06412	3342
K06413	5233
K06414	110
K06415	6874
K06416	2044
K06417	1128
K06418	511
K06419	443
K06420	837
K06421	1589
K06422	701
K06423	1729
K06424	32
K06425	1033
K06426	1103
K06427	73
K06428	486
K06429	390
K06430	318
K06431	506
K06432	457
K06433	745
K06434	941
K06435	0
K06436	1363
K06437	112
K06438	2375
K06439	954
K06440	577
K06441	126
K06442	12346
K06443	2642
K06444	2
K06445	5438
K06446	2745
K06447	4506
K06448	0
K06449	33
K06450	0
K06451	0
K06452	0
K06453	0
K06454	2
K06455	0
K06456	1
K06457	0
K06458	0
K06459	0
K06460	2
K06461	65
K06462	7
K06463	1
K06464	0
K06465	0
K06466	0
K06467	46
K06468	308
K06469	0
K06470	0
K06471	14
K06472	4
K06473	0
K06474	7
K06475	0
K06476	141
K06477	8
K06478	15
K06479	0
K06480	1
K06481	31
K06482	32
K06483	227
K06484	259
K06485	68
K06486	0
K06487	154
K06488	0
K06489	4
K06490	0
K06491	598
K06492	4
K06493	1
K06494	0
K06495	0
K06496	0
K06497	12
K06498	2
K06499	12
K06500	2
K06501	13
K06502	1
K06503	40
K06504	18
K06505	9
K06506	0
K06507	0
K06508	1
K06509	7
K06510	0
K06511	3
K06512	0
K06513	0
K06514	0
K06515	3
K06516	0
K06517	1
K06518	10704
K06519	66
K06520	1
K06521	0
K06522	0
K06523	0
K06524	1
K06525	0
K06526	0
K06527	21
K06528	0
K06529	0
K06530	65
K06531	0
K06532	47
K06533	9
K06534	1
K06535	0
K06536	0
K06537	35
K06538	0
K06539	1
K06540	2
K06541	0
K06542	0
K06543	0
K06544	0
K06545	0
K06546	4
K06547	0
K06548	25
K06549	0
K06550	30
K06551	2
K06552	0
K06553	2
K06554	7
K06555	1
K06556	0
K06557	0
K06558	5
K06559	1
K06560	126
K06561	10
K06562	0
K06563	79
K06564	0
K06565	2
K06566	150
K06567	2
K06568	25
K06569	2
K06570	0
K06571	0
K06572	21
K06573	33
K06574	0
K06575	0
K06576	0
K06577	0
K06578	0
K06579	0
K06580	73
K06581	0
K06582	0
K06583	78
K06584	175
K06585	225
K06586	3
K06587	14
K06588	0
K06589	0
K06590	0
K06591	0
K06592	0
K06593	1
K06594	0
K06595	5494
K06596	3210
K06597	873
K06598	1945
K06599	4342
K06600	1100
K06601	1739
K06602	1832
K06603	5454
K06604	384
K06605	1887
K06606	4899
K06607	4484
K06608	654
K06609	2091
K06610	1013
K06611	1
K06612	8
K06613	0
K06614	67
K06615	0
K06616	2
K06617	219
K06618	1
K06619	0
K06620	0
K06621	2
K06622	53
K06623	4
K06624	0
K06625	0
K06626	0
K06627	1
K06628	0
K06629	0
K06630	2
K06631	1
K06632	0
K06633	19
K06634	0
K06635	0
K06636	152
K06637	0
K06639	67
K06640	2
K06641	62
K06642	0
K06643	7
K06644	1
K06645	0
K06646	0
K06647	19
K06648	8
K06649	2
K06650	0
K06651	0
K06652	0
K06653	7
K06654	12
K06655	60
K06656	0
K06657	0
K06658	0
K06659	0
K06660	0
K06661	0
K06662	41
K06663	0
K06664	1
K06665	94
K06666	216
K06667	6
K06668	0
K06669	46
K06670	0
K06671	0
K06672	2
K06673	0
K06674	457
K06675	760
K06676	0
K06677	0
K06678	22
K06679	183
K06680	0
K06681	1
K06682	0
K06683	0
K06684	0
K06685	0
K06686	0
K06687	0
K06688	0
K06689	19
K06691	0
K06692	0
K06693	402
K06694	2268
K06695	15
K06696	0
K06697	0
K06698	0
K06699	1
K06700	0
K06702	2
K06704	7
K06706	0
K06707	9
K06708	0
K06709	0
K06710	0
K06711	39
K06712	0
K06713	0
K06714	1600
K06715	0
K06716	183
K06717	0
K06718	2726
K06719	0
K06720	3083
K06721	265
K06722	0
K06723	2
K06724	22
K06725	0
K06726	6164
K06727	128
K06728	0
K06729	0
K06730	0
K06731	17
K06732	0
K06733	1
K06734	3
K06735	0
K06736	0
K06737	1
K06738	0
K06739	0
K06740	1
K06741	0
K06742	0
K06743	0
K06744	2
K06745	0
K06746	0
K06747	0
K06748	0
K06749	2
K06750	0
K06751	2
K06752	1
K06753	31
K06754	126
K06755	11
K06756	376
K06757	0
K06758	3
K06759	9
K06760	12
K06761	87
K06762	41
K06763	5
K06764	1
K06765	10
K06766	797
K06767	329
K06768	27
K06769	29
K06770	2
K06771	1
K06772	3
K06773	1
K06774	4
K06775	1
K06776	23
K06777	761
K06778	18
K06779	0
K06780	0
K06781	0
K06782	4
K06783	0
K06784	4
K06785	0
K06786	17
K06787	1
K06788	3
K06789	2
K06790	1
K06791	0
K06792	0
K06793	0
K06794	1
K06795	0
K06796	0
K06797	0
K06798	0
K06799	6
K06800	0
K06801	0
K06802	0
K06803	2
K06804	0
K06805	0
K06806	7
K06807	1
K06808	0
K06809	1
K06810	2
K06811	42
K06812	0
K06813	288
K06814	3
K06815	1
K06816	773
K06817	32
K06818	1
K06819	26
K06820	452
K06821	183
K06822	174
K06823	18
K06824	0
K06825	3
K06826	12
K06827	0
K06828	0
K06829	0
K06830	8
K06831	5
K06832	0
K06833	0
K06834	359
K06835	29
K06836	0
K06837	0
K06838	11
K06839	9
K06840	0
K06841	0
K06842	0
K06843	0
K06844	0
K06845	0
K06846	0
K06847	0
K06848	0
K06849	0
K06850	0
K06851	0
K06852	0
K06853	0
K06854	0
K06855	0
K06856	6
K06857	2406
K06858	4855
K06859	973
K06860	1891
K06861	12437
K06862	7
K06863	4
K06864	2860
K06865	2696
K06866	2397
K06867	9737
K06868	1
K06869	99
K06870	37
K06871	7569
K06872	11085
K06873	3167
K06874	0
K06875	0
K06876	4609
K06877	5948
K06878	8581
K06879	6057
K06880	3727
K06881	9516
K06882	5709
K06883	5242
K06884	2493
K06885	6016
K06886	10973
K06887	824
K06888	5874
K06889	19036
K06890	8491
K06891	14170
K06892	7
K06893	11602
K06894	9323
K06895	10528
K06896	6302
K06897	2642
K06898	2728
K06899	4454
K06900	1774
K06901	16429
K06902	8309
K06903	5372
K06904	5212
K06905	5314
K06906	3143
K06907	5601
K06908	3274
K06909	5960
K06910	7221
K06911	13947
K06912	1510
K06913	764
K06914	690
K06915	11522
K06916	10999
K06917	5423
K06918	4214
K06919	2093
K06920	12929
K06921	7707
K06922	897
K06923	7370
K06924	1807
K06925	19793
K06926	5397
K06927	2327
K06928	459
K06929	9822
K06930	3139
K06931	504
K06932	225
K06933	1846
K06934	3436
K06935	82
K06936	605
K06937	1325
K06938	7106
K06939	265
K06940	9894
K06941	19997
K06942	80
K06943	1
K06944	32
K06945	2884
K06946	5204
K06947	53
K06948	3869
K06949	18679
K06950	11974
K06951	1783
K06952	2877
K06953	4527
K06954	6206
K06956	8457
K06957	2651
K06958	17396
K06959	17035
K06960	9264
K06961	1
K06962	5098
K06963	0
K06964	87
K06965	12
K06966	4934
K06967	6693
K06968	4927
K06969	12708
K06970	4200
K06971	1404
K06972	2490
K06973	5614
K06974	320
K06975	11567
K06976	5698
K06977	1498
K06978	7081
K06979	2399
K06980	12185
K06981	50
K06982	10
K06983	422
K06984	528
K06985	5828
K06986	2886
K06987	6971
K06988	6456
K06989	2720
K06990	1567
K06991	3745
K06992	4697
K06993	1342
K06994	4936
K06995	5568
K06996	9430
K06997	20383
K06998	12786
K06999	11023
K07000	6268
K07001	17084
K07002	7017
K07003	8914
K07004	8610
K07005	7933
K07006	7921
K07007	15043
K07008	5319
K07009	5772
K07010	11193
K07012	6023
K07013	3164
K07014	3100
K07015	5072
K07016	616
K07017	7412
K07018	8256
K07019	7009
K07020	5582
K07022	664
K07023	4693
K07024	777
K07025	8504
K07026	1524
K07027	8233
K07028	8795
K07029	17211
K07030	8211
K07031	1404
K07032	11519
K07033	1251
K07034	3559
K07035	3325
K07037	3926
K07038	9542
K07039	8429
K07040	19801
K07041	752
K07042	21270
K07043	6245
K07044	3132
K07045	7774
K07046	5445
K07047	11357
K07048	2507
K07049	1
K07050	6025
K07051	1417
K07052	16768
K07053	12205
K07054	10772
K07055	4
K07056	21207
K07057	565
K07058	19662
K07059	8101
K07060	437
K07061	403
K07062	4563
K07063	4806
K07064	4889
K07065	1675
K07066	1199
K07067	3630
K07068	3734
K07069	1079
K07070	3974
K07071	12236
K07072	466
K07073	729
K07074	4161
K07075	4333
K07076	6716
K07077	3759
K07078	3674
K07079	5607
K07080	6805
K07081	52
K07082	20184
K07083	52
K07084	4774
K07085	5921
K07086	1853
K07087	693
K07089	9037
K07090	19006
K07091	11991
K07092	4610
K07093	8327
K07094	1629
K07095	13438
K07096	7233
K07097	2497
K07098	12884
K07099	2462
K07100	4381
K07101	4262
K07102	7867
K07103	0
K07104	6815
K07105	3936
K07106	8483
K07107	17669
K07108	338
K07109	2002
K07110	4519
K07111	323
K07112	9546
K07113	9419
K07114	14630
K07115	8563
K07116	2662
K07117	3837
K07118	11676
K07119	46
K07120	6539
K07121	5756
K07122	6823
K07123	1150
K07124	17278
K07125	1283
K07126	11263
K07127	7766
K07128	288
K07129	288
K07130	7195
K07131	3127
K07132	782
K07133	5517
K07134	9
K07135	146
K07136	3898
K07137	7613
K07138	1979
K07139	7061
K07140	8453
K07141	9793
K07142	1142
K07143	40
K07144	645
K07145	4066
K07146	12327
K07147	10016
K07148	7682
K07149	10588
K07150	4330
K07151	20
K07152	10260
K07153	4706
K07154	8521
K07155	6314
K07156	6645
K07157	8535
K07158	740
K07159	2855
K07160	11188
K07161	4446
K07162	722
K07163	9
K07164	6503
K07165	7068
K07166	6315
K07167	6208
K07168	8571
K07169	847
K07171	8739
K07172	4110
K07173	8576
K07175	9468
K07176	1256
K07177	6979
K07178	3213
K07179	4
K07180	6879
K07181	5694
K07182	10620
K07183	8139
K07184	8276
K07186	3601
K07187	0
K07188	16
K07189	62
K07190	197
K07191	1
K07192	5840
K07193	0
K07194	0
K07195	0
K07196	0
K07197	0
K07198	7
K07199	722
K07200	1
K07201	0
K07202	0
K07203	1
K07204	3
K07205	0
K07206	16
K07207	0
K07208	0
K07209	0
K07210	3
K07211	1
K07213	13473
K07214	3890
K07215	4031
K07216	3672
K07217	4478
K07218	7221
K07219	3262
K07220	8905
K07221	4355
K07222	8364
K07223	7392
K07224	5695
K07225	4071
K07226	5721
K07227	1693
K07228	7367
K07229	9064
K07230	2512
K07231	3796
K07232	5099
K07233	3319
K07234	4213
K07235	4358
K07236	4268
K07237	4214
K07238	10485
K07239	921
K07240	11437
K07241	3621
K07242	137
K07243	8639
K07244	5
K07245	7013
K07246	5675
K07248	2539
K07249	1017
K07250	5992
K07251	9710
K07252	379
K07253	926
K07254	4
K07255	2654
K07256	1027
K07257	1514
K07258	17259
K07259	11426
K07260	8889
K07261	3815
K07262	4914
K07263	18126
K07264	7229
K07265	3072
K07266	2291
K07267	4029
K07268	255
K07269	1781
K07270	3827
K07271	2833
K07272	2155
K07273	8849
K07274	5721
K07275	8762
K07276	1759
K07277	12514
K07278	10128
K07279	1247
K07280	2794
K07281	1166
K07282	7819
K07283	5153
K07284	7786
K07285	2632
K07286	4079
K07287	6487
K07288	501
K07289	10118
K07290	5505
K07291	32
K07292	0
K07293	1
K07294	0
K07295	0
K07296	29
K07297	0
K07298	1
K07299	3
K07300	6721
K07301	9255
K07302	5050
K07303	5049
K07304	15356
K07305	13124
K07306	678
K07307	1386
K07308	1584
K07309	1657
K07310	162
K07311	1132
K07312	697
K07313	12100
K07314	857
K07315	9061
K07316	5361
K07317	12207
K07318	1941
K07319	3370
K07320	7042
K07321	2181
K07322	5736
K07323	8044
K07324	0
K07325	5
K07326	5854
K07327	61
K07328	0
K07329	45
K07330	3
K07331	30
K07332	18
K07333	289
K07334	4298
K07335	10717
K07336	4881
K07337	4594
K07338	3533
K07339	3551
K07340	12447
K07341	6526
K07342	0
K07343	7814
K07344	4388
K07345	3296
K07346	4339
K07347	4922
K07348	993
K07349	1445
K07350	859
K07351	1796
K07352	1693
K07353	980
K07354	911
K07355	63
K07356	1077
K07357	608
K07358	317
K07359	6
K07360	0
K07361	0
K07362	0
K07363	0
K07364	1
K07365	2
K07366	0
K07367	1
K07368	0
K07369	2452
K07370	0
K07371	0
K07372	0
K07373	0
K07374	6
K07375	5
K07376	2
K07377	6
K07378	16
K07379	2
K07380	33
K07381	0
K07382	0
K07384	0
K07385	0
K07386	8066
K07387	2978
K07388	0
K07389	998
K07390	9411
K07391	17707
K07392	1357
K07393	8260
K07394	5379
K07395	3729
K07396	12242
K07397	13817
K07398	0
K07399	7774
K07400	5384
K07401	4220
K07402	11053
K07403	6364
K07404	12694
K07405	795
K07406	2303
K07407	7210
K07408	1
K07409	1
K07410	0
K07411	0
K07412	3
K07413	0
K07414	1
K07415	2
K07416	1
K07417	0
K07418	1
K07419	0
K07420	0
K07422	2
K07423	0
K07424	75
K07425	0
K07426	1
K07427	289
K07428	0
K07429	0
K07430	1
K07431	0
K07432	42
K07433	0
K07434	0
K07435	2
K07436	0
K07437	1
K07438	0
K07439	19
K07440	0
K07441	55
K07442	3643
K07443	10541
K07444	5849
K07445	1337
K07446	975
K07447	20849
K07448	8456
K07449	1938
K07450	5641
K07451	13131
K07452	5788
K07453	1757
K07454	5291
K07455	2069
K07456	14244
K07457	1807
K07458	4857
K07459	15360
K07460	17184
K07461	12235
K07462	17739
K07463	194
K07464	2958
K07465	4371
K07466	1
K07467	2313
K07468	114
K07469	1701
K07470	1378
K07471	180
K07472	9
K07473	5467
K07474	3645
K07475	65
K07476	1339
K07477	14
K07478	20965
K07479	4478
K07480	1624
K07481	5672
K07482	8038
K07483	15384
K07484	5541
K07485	8708
K07486	11483
K07487	8141
K07488	3341
K07489	1011
K07490	1374
K07491	10302
K07492	6848
K07493	8038
K07494	5036
K07495	5484
K07496	4871
K07497	16895
K07498	2275
K07499	4749
K07500	25
K07501	3454
K07502	2750
K07503	5412
K07504	4189
K07505	4443
K07506	11811
K07507	12454
K07508	1025
K07509	1445
K07511	5737
K07512	2331
K07513	2540
K07514	3414
K07515	13
K07516	5152
K07517	1386
K07518	1157
K07520	0
K07521	0
K07522	0
K07523	30
K07524	0
K07525	0
K07526	0
K07527	1
K07528	8
K07529	12
K07530	0
K07531	0
K07532	0
K07533	6406
K07534	1213
K07535	9222
K07536	672
K07537	50
K07538	32
K07539	32
K07540	8
K07541	0
K07542	2188
K07543	284
K07544	1015
K07545	227
K07546	2036
K07547	5
K07548	84
K07549	225
K07550	3300
K07552	14549
K07553	24
K07554	17
K07555	1
K07556	2384
K07557	30
K07558	240
K07559	3324
K07560	17036
K07561	0
K07562	3
K07565	0
K07566	20895
K07568	17888
K07569	0
K07570	3314
K07571	3525
K07572	4
K07573	0
K07574	12108
K07575	0
K07576	5401
K07577	4819
K07578	99
K07579	389
K07580	171
K07581	0
K07583	6
K07584	5237
K07585	8
K07586	4145
K07587	0
K07588	6260
K07589	2180
K07590	4219
K07591	0
K07592	674
K07593	1
K07594	0
K07595	3
K07596	0
K07597	0
K07598	0
K07599	0
K07600	0
K07601	3
K07602	0
K07603	5
K07604	18
K07605	19
K07606	19
K07607	0
K07608	4
K07609	1
K07610	6
K07611	94
K07612	0
K07613	3
K07614	0
K07615	0
K07616	0
K07617	0
K07618	0
K07619	0
K07620	0
K07621	0
K07622	0
K07623	0
K07624	1
K07625	0
K07626	0
K07627	0
K07628	1
K07630	0
K07631	0
K07632	0
K07633	6
K07634	2
K07635	2
K07636	16656
K07637	6139
K07638	8572
K07639	4731
K07640	5927
K07641	3680
K07642	5309
K07643	1157
K07644	8172
K07645	7988
K07646	12525
K07647	1553
K07648	6786
K07649	6042
K07650	1218
K07651	3849
K07652	8853
K07653	2263
K07654	3887
K07655	1045
K07656	1969
K07657	10564
K07658	15584
K07659	8562
K07660	6289
K07661	4133
K07662	4962
K07663	3182
K07664	2965
K07665	9068
K07666	6776
K07667	11142
K07668	5958
K07669	6729
K07670	3530
K07671	1735
K07672	4074
K07673	5462
K07674	1856
K07675	7223
K07676	1333
K07677	2822
K07678	6755
K07679	8036
K07680	794
K07681	711
K07682	3558
K07683	1446
K07684	12734
K07685	2372
K07686	2907
K07687	4037
K07688	2011
K07689	9235
K07690	1837
K07691	512
K07692	4006
K07693	5161
K07694	1239
K07695	3395
K07696	5069
K07697	1099
K07698	1572
K07699	2592
K07700	1370
K07701	995
K07702	1171
K07703	1023
K07704	4373
K07705	5502
K07706	3593
K07707	2516
K07708	8106
K07709	4898
K07710	4693
K07711	2609
K07712	8096
K07713	7928
K07714	4908
K07715	2421
K07716	2152
K07717	943
K07718	8773
K07719	1024
K07720	8574
K07721	745
K07722	3658
K07723	3067
K07724	2045
K07725	5123
K07726	7743
K07727	10612
K07728	359
K07729	12654
K07730	219
K07731	30
K07732	169
K07733	10473
K07734	7522
K07735	12756
K07736	8106
K07738	18182
K07739	615
K07740	3342
K07741	4483
K07742	9646
K07743	457
K07744	86
K07745	132
K07746	4390
K07747	0
K07748	86
K07749	5145
K07750	2
K07751	2388
K07752	853
K07753	71
K07754	20
K07755	10228
K07756	0
K07757	931
K07758	56
K07759	6
K07760	27
K07761	9
K07762	1732
K07763	1604
K07764	0
K07765	3
K07766	1834
K07767	60
K07768	4162
K07769	188
K07770	953
K07771	2018
K07772	1783
K07773	2403
K07774	6465
K07775	4538
K07776	5704
K07777	2475
K07778	6325
K07779	638
K07780	6
K07781	1273
K07782	3537
K07783	2083
K07784	1220
K07785	1791
K07786	534
K07787	4886
K07788	5192
K07789	5708
K07790	2096
K07791	3289
K07792	2682
K07793	7567
K07794	7281
K07795	7823
K07796	781
K07797	1514
K07798	5290
K07799	5782
K07800	1016
K07801	1
K07802	0
K07803	958
K07804	710
K07805	25
K07806	1668
K07807	1244
K07808	33
K07809	608
K07810	3717
K07811	776
K07812	1893
K07813	1675
K07814	8120
K07816	8379
K07817	1
K07818	92
K07819	3
K07820	0
K07821	476
K07822	16
K07823	7169
K07824	1
K07825	0
K07826	0
K07827	1
K07828	0
K07829	0
K07830	0
K07831	0
K07832	0
K07833	0
K07834	0
K07835	0
K07836	0
K07837	0
K07838	0
K07839	0
K07840	0
K07841	6
K07842	0
K07843	0
K07844	3
K07845	0
K07846	0
K07847	1
K07848	1
K07849	0
K07850	1
K07851	0
K07852	0
K07853	0
K07854	0
K07855	0
K07856	0
K07857	1
K07858	0
K07859	0
K07860	5
K07861	0
K07862	6340
K07863	1
K07864	0
K07865	0
K07866	3
K07868	0
K07869	0
K07870	8
K07871	0
K07872	0
K07873	8
K07874	56
K07875	0
K07876	3
K07877	13
K07878	0
K07879	0
K07880	1
K07881	16
K07882	0
K07883	4
K07884	0
K07885	0
K07886	0
K07887	0
K07888	7
K07889	61
K07890	3
K07891	1
K07893	25
K07894	0
K07895	0
K07896	0
K07897	10
K07898	10
K07899	0
K07900	0
K07901	5
K07902	3
K07903	0
K07904	12
K07905	1
K07906	1
K07907	0
K07908	0
K07909	0
K07910	2
K07911	4
K07912	16
K07913	0
K07914	0
K07915	0
K07916	1
K07917	9
K07918	16
K07919	0
K07920	0
K07921	0
K07922	0
K07923	0
K07924	0
K07925	8
K07928	0
K07929	0
K07930	0
K07931	0
K07933	0
K07934	0
K07935	4
K07936	0
K07937	3
K07938	0
K07939	0
K07940	0
K07941	2
K07942	4
K07943	0
K07944	5
K07945	0
K07949	0
K07950	0
K07951	0
K07952	0
K07953	2
K07955	0
K07957	0
K07958	0
K07959	0
K07960	0
K07961	0
K07962	0
K07963	0
K07964	406
K07965	0
K07966	41
K07967	54
K07968	8
K07969	8
K07970	0
K07971	0
K07972	3
K07973	0
K07975	4
K07976	220
K07978	1155
K07979	9203
K07980	0
K07981	0
K07982	0
K07983	1
K07984	0
K07985	0
K07986	0
K07987	0
K07988	0
K07989	0
K07990	0
K07991	60
K07992	0
K07993	9
K07994	206
K07995	155
K07996	72
K07997	39
K07998	341
K07999	350
K08000	50
K08001	2
K08002	351
K08003	71
K08004	4
K08005	7
K08006	1
K08007	0
K08008	0
K08009	0
K08010	26
K08011	5
K08012	0
K08013	0
K08014	0
K08015	0
K08016	0
K08017	0
K08018	0
K08019	0
K08020	0
K08021	0
K08022	14
K08023	2
K08024	0
K08025	0
K08026	0
K08027	0
K08028	0
K08029	0
K08030	0
K08031	0
K08032	0
K08033	0
K08034	0
K08035	0
K08036	1
K08037	0
K08038	0
K08039	0
K08040	0
K08041	30
K08042	10
K08043	24
K08044	8
K08045	20
K08046	1
K08047	0
K08048	39
K08049	160
K08050	0
K08051	5
K08052	5
K08053	0
K08054	2
K08055	14
K08056	15
K08057	3
K08058	0
K08059	2
K08060	26
K08061	5
K08062	2
K08063	0
K08064	0
K08065	1
K08066	0
K08067	0
K08068	423
K08069	0
K08070	1
K08071	17
K08073	615
K08074	1
K08075	0
K08076	911
K08077	432
K08079	7
K08080	63
K08081	505
K08082	3322
K08083	4827
K08084	5096
K08085	1195
K08086	4549
K08087	429
K08088	354
K08089	0
K08090	0
K08091	0
K08092	986
K08093	1936
K08094	2518
K08095	1442
K08096	14
K08097	949
K08098	1
K08099	592
K08100	132
K08101	0
K08102	0
K08103	3
K08104	433
K08105	458
K08106	189
K08107	0
K08108	0
K08109	1
K08110	0
K08111	0
K08112	0
K08114	0
K08115	215
K08116	0
K08117	0
K08118	0
K08119	4
K08120	4
K08121	5
K08122	0
K08123	0
K08124	0
K08125	0
K08126	0
K08127	0
K08128	0
K08129	8
K08130	4
K08131	105
K08132	4
K08133	10
K08134	1
K08135	3
K08136	4
K08137	3160
K08138	3691
K08139	555
K08141	6
K08142	8
K08143	4
K08144	1
K08145	5
K08146	0
K08147	0
K08148	0
K08149	3
K08150	240
K08151	6355
K08152	3226
K08153	18252
K08154	3166
K08155	43
K08156	1743
K08157	9
K08158	0
K08159	5957
K08160	2087
K08161	7880
K08162	6200
K08163	812
K08164	2035
K08165	2
K08166	11455
K08167	5484
K08168	1843
K08169	5377
K08170	841
K08171	3
K08172	8980
K08173	1657
K08174	11409
K08175	42
K08176	99
K08177	12626
K08178	1745
K08179	0
K08180	11
K08181	5
K08182	2
K08183	22
K08184	14
K08185	62
K08186	67
K08187	85
K08188	76
K08189	46
K08190	55
K08191	6136
K08192	20
K08193	10
K08194	9785
K08195	3368
K08196	533
K08197	1
K08198	0
K08199	1
K08200	0
K08202	8
K08203	0
K08204	0
K08205	0
K08206	0
K08207	0
K08208	0
K08209	0
K08210	0
K08211	1
K08212	4
K08213	0
K08214	3
K08215	0
K08216	1
K08217	15070
K08218	8860
K08219	6809
K08220	28
K08221	7991
K08222	1113
K08223	8166
K08224	11605
K08225	8987
K08226	585
K08227	2815
K08228	0
K08229	0
K08230	0
K08231	0
K08232	1
K08233	30
K08234	17426
K08235	2
K08236	0
K08237	0
K08238	26
K08239	2328
K08240	11
K08241	0
K08242	1
K08243	1
K08244	1
K08245	0
K08246	34
K08247	31
K08248	26
K08249	0
K08251	176
K08252	6
K08253	7
K08254	188
K08255	663
K08256	2695
K08257	931
K08258	163
K08259	330
K08260	1434
K08261	823
K08262	0
K08264	1930
K08265	381
K08266	38
K08267	0
K08268	3
K08269	7
K08270	0
K08271	0
K08272	0
K08273	0
K08274	38
K08275	52
K08276	2510
K08277	352
K08278	0
K08279	403
K08280	580
K08281	14156
K08282	4314
K08283	0
K08284	0
K08285	10
K08286	143
K08287	4
K08288	0
K08289	8196
K08290	0
K08291	0
K08292	6
K08293	0
K08294	0
K08295	2497
K08296	12985
K08297	544
K08298	516
K08299	3431
K08300	12741
K08301	12063
K08302	3539
K08303	11521
K08304	7592
K08305	10681
K08306	2969
K08307	10009
K08308	1547
K08309	13626
K08310	4205
K08311	9818
K08312	4294
K08313	2722
K08314	2322
K08315	1580
K08316	21105
K08317	1794
K08318	641
K08319	2952
K08320	13682
K08321	1179
K08322	3397
K08323	3189
K08324	4690
K08325	3726
K08326	1013
K08327	0
K08328	15
K08329	7
K08330	74
K08331	0
K08332	10
K08333	8
K08334	3
K08335	0
K08336	0
K08337	19
K08338	0
K08339	0
K08340	6
K08341	0
K08342	0
K08343	0
K08344	5487
K08348	4997
K08349	3852
K08350	2060
K08351	2020
K08352	7009
K08353	364
K08354	532
K08355	596
K08356	255
K08357	1233
K08358	1937
K08359	1074
K08360	4
K08362	0
K08363	2498
K08364	6691
K08365	5917
K08366	2
K08367	0
K08368	3222
K08369	9429
K08370	0
K08371	49
K08372	8450
K08373	0
K08374	0
K08375	0
K08376	0
K08377	0
K08378	0
K08379	0
K08380	0
K08381	4
K08382	0
K08383	0
K08384	7330
K08385	0
K08386	0
K08387	0
K08388	0
K08389	0
K08390	0
K08391	0
K08392	0
K08393	0
K08394	0
K08395	0
K08396	0
K08397	0
K08398	0
K08399	83
K08400	0
K08401	0
K08402	0
K08403	0
K08404	0
K08405	0
K08406	0
K08407	0
K08408	0
K08409	2
K08410	1
K08411	0
K08412	1
K08413	0
K08414	0
K08415	0
K08416	0
K08417	0
K08418	0
K08419	0
K08420	0
K08421	6
K08422	0
K08423	0
K08424	0
K08425	0
K08426	4
K08427	0
K08428	0
K08429	0
K08430	0
K08431	0
K08432	1
K08433	0
K08434	0
K08435	0
K08436	0
K08437	0
K08438	0
K08439	0
K08440	0
K08441	0
K08442	0
K08443	0
K08444	1
K08445	0
K08446	1
K08447	0
K08448	0
K08449	0
K08450	0
K08451	0
K08452	0
K08453	0
K08454	0
K08455	3
K08456	0
K08457	0
K08458	0
K08459	0
K08460	0
K08461	0
K08462	11
K08463	0
K08464	1
K08465	0
K08466	107
K08467	0
K08468	2
K08469	2
K08470	0
K08471	1
K08472	0
K08473	6
K08474	1
K08475	874
K08476	801
K08477	168
K08478	893
K08479	247
K08480	105
K08481	689
K08482	3401
K08483	13583
K08484	7421
K08485	5000
K08486	2
K08487	1
K08488	0
K08489	0
K08490	5
K08491	13
K08492	0
K08493	2
K08494	4
K08495	0
K08496	3
K08497	4
K08498	1
K08499	5
K08500	8
K08501	1
K08502	0
K08503	2
K08504	0
K08505	0
K08506	3
K08507	0
K08508	0
K08509	1
K08510	1
K08511	0
K08512	2
K08513	10
K08514	15
K08515	9
K08516	10
K08517	0
K08518	2
K08519	0
K08520	5
K08521	0
K08522	0
K08523	0
K08524	0
K08525	0
K08526	0
K08527	0
K08528	0
K08529	0
K08530	1
K08531	0
K08532	0
K08533	0
K08534	0
K08535	0
K08536	0
K08537	0
K08538	0
K08539	0
K08540	0
K08541	0
K08542	0
K08543	0
K08544	0
K08545	0
K08546	0
K08547	0
K08548	0
K08549	0
K08550	0
K08551	0
K08552	0
K08553	0
K08554	0
K08555	0
K08556	0
K08557	0
K08558	0
K08559	0
K08560	0
K08561	0
K08562	0
K08563	0
K08564	1
K08565	0
K08566	504
K08568	1
K08569	4
K08570	25
K08571	0
K08572	0
K08573	15
K08574	4
K08575	0
K08576	30
K08577	14
K08578	97
K08579	1
K08580	0
K08581	10
K08582	164
K08583	1
K08584	0
K08585	117
K08586	44
K08587	741
K08588	0
K08589	217
K08590	43
K08591	15276
K08592	41
K08593	0
K08594	0
K08595	0
K08596	0
K08597	34
K08598	279
K08599	131
K08600	2248
K08601	0
K08602	8577
K08603	1
K08604	883
K08605	5
K08606	27
K08607	1
K08608	0
K08609	11
K08610	1
K08611	0
K08612	0
K08613	0
K08614	87
K08615	0
K08616	1
K08617	0
K08618	0
K08619	6
K08620	0
K08621	55
K08622	0
K08623	0
K08624	14
K08625	0
K08626	0
K08627	1
K08628	0
K08629	0
K08630	0
K08631	1
K08632	2
K08633	0
K08634	0
K08635	2
K08636	0
K08637	696
K08638	1
K08639	1
K08640	6515
K08641	7401
K08642	926
K08643	964
K08644	10
K08645	22
K08646	900
K08647	139
K08648	3
K08649	25
K08650	10
K08651	4224
K08652	108
K08653	3
K08654	27
K08655	3
K08656	10
K08657	0
K08658	4
K08659	3008
K08660	1601
K08661	0
K08662	1
K08663	0
K08664	527
K08665	2
K08666	1
K08667	71
K08668	1
K08669	1312
K08670	8
K08671	1
K08672	14
K08673	20
K08674	2
K08675	1811
K08676	3530
K08677	1744
K08678	5917
K08679	8911
K08680	4404
K08681	6636
K08682	4637
K08683	7424
K08685	660
K08686	18
K08687	131
K08688	1042
K08689	34
K08690	233
K08691	1671
K08692	538
K08693	5878
K08694	0
K08695	77
K08696	256
K08697	429
K08698	108
K08699	102
K08700	138
K08701	0
K08702	0
K08703	0
K08704	0
K08705	0
K08706	0
K08707	0
K08709	0
K08710	8
K08711	2
K08712	2
K08713	3572
K08714	1813
K08715	1347
K08716	3
K08717	2871
K08718	0
K08719	66
K08720	1946
K08721	450
K08722	4736
K08723	7556
K08724	2099
K08725	0
K08726	4220
K08727	15
K08728	1489
K08729	0
K08730	2
K08731	0
K08732	0
K08733	0
K08734	35
K08735	41
K08736	97
K08737	175
K08738	4479
K08739	171
K08740	95
K08741	52
K08742	0
K08743	385
K08744	19564
K08745	362
K08746	16
K08747	0
K08748	4
K08749	99
K08750	3
K08751	1
K08752	11
K08753	3
K08754	0
K08755	2
K08756	3
K08757	224
K08758	34
K08759	2
K08760	93
K08761	0
K08762	1933
K08763	1
K08764	2748
K08765	0
K08766	6
K08767	1
K08768	3
K08769	0
K08770	10
K08771	5
K08772	0
K08773	0
K08774	0
K08775	1
K08776	2601
K08777	286
K08778	3
K08779	101
K08780	28
K08781	208
K08782	2
K08783	57
K08784	1
K08785	8
K08786	4
K08787	1
K08788	9
K08789	0
K08790	0
K08791	0
K08793	1
K08794	61
K08795	0
K08796	0
K08797	0
K08798	1
K08799	2
K08800	0
K08801	3
K08802	3
K08803	0
K08804	0
K08805	0
K08806	14
K08807	0
K08808	0
K08809	3
K08810	4
K08811	11
K08812	0
K08813	4
K08814	0
K08815	0
K08816	88
K08817	1
K08818	5
K08819	0
K08820	0
K08821	0
K08822	0
K08823	1
K08824	1
K08825	0
K08826	0
K08827	0
K08828	0
K08829	1
K08830	1
K08831	0
K08832	2
K08833	0
K08834	0
K08835	0
K08836	0
K08837	0
K08838	0
K08840	0
K08841	5
K08842	0
K08843	44
K08844	690
K08845	0
K08846	0
K08847	1
K08848	9
K08849	0
K08850	5
K08851	65
K08852	16
K08853	0
K08854	0
K08855	1
K08856	14
K08857	6
K08858	0
K08859	2
K08860	1
K08861	1
K08862	0
K08863	1
K08864	6
K08865	0
K08866	0
K08867	3
K08868	0
K08869	2528
K08870	0
K08871	26
K08872	0
K08873	1
K08874	1
K08875	0
K08876	4
K08877	2
K08878	0
K08879	7
K08880	0
K08881	0
K08882	1
K08883	1
K08884	10114
K08885	7
K08886	0
K08887	0
K08888	0
K08889	0
K08890	0
K08891	0
K08892	0
K08893	0
K08894	0
K08895	0
K08896	0
K08897	3
K08898	0
K08899	0
K08900	577
K08901	19
K08902	179
K08903	176
K08904	65
K08905	1
K08906	1235
K08907	81
K08908	2
K08909	27
K08910	34
K08911	0
K08912	18
K08913	0
K08914	7
K08915	5
K08916	8
K08917	4
K08918	67
K08919	16
K08920	18
K08921	114
K08922	16
K08923	17
K08924	1
K08925	16
K08926	460
K08927	468
K08928	468
K08929	455
K08930	169
K08939	123
K08940	2
K08941	1
K08942	4143
K08943	1
K08944	1
K08945	1
K08946	1
K08947	1
K08948	0
K08949	1
K08950	2
K08951	1
K08952	667
K08953	9
K08954	12
K08955	135
K08956	1749
K08957	0
K08958	0
K08959	1
K08960	1
K08961	629
K08963	7393
K08964	3647
K08965	960
K08966	1938
K08967	4382
K08968	11760
K08969	3592
K08970	5401
K08971	4
K08972	7886
K08973	8712
K08974	4822
K08975	25
K08976	2749
K08977	1411
K08978	7748
K08979	15
K08980	208
K08981	7762
K08982	2404
K08983	2011
K08984	3491
K08985	2694
K08986	4449
K08987	6690
K08988	5452
K08989	5866
K08990	4368
K08991	26
K08992	11491
K08993	2996
K08994	5778
K08995	7363
K08996	2285
K08997	11057
K08998	15042
K08999	5051
K09000	504
K09001	11389
K09002	975
K09003	1267
K09004	3135
K09005	6178
K09006	78
K09007	4771
K09008	4320
K09009	3511
K09010	30
K09011	1076
K09012	6750
K09013	15650
K09014	14847
K09015	14223
K09016	4782
K09017	15882
K09018	2147
K09019	3756
K09020	9520
K09021	2018
K09022	19908
K09023	1871
K09024	4202
K09025	0
K09026	0
K09027	258
K09028	6
K09029	0
K09030	1
K09031	0
K09032	1
K09033	0
K09034	7
K09035	0
K09036	0
K09037	2
K09038	8
K09039	2
K09040	0
K09041	0
K09042	0
K09043	13
K09044	0
K09045	0
K09047	0
K09048	6
K09049	90
K09051	0
K09052	1
K09053	0
K09054	74
K09055	0
K09056	0
K09057	9
K09058	3
K09059	0
K09060	52
K09061	2
K09062	0
K09063	0
K09064	0
K09065	1483
K09066	0
K09067	0
K09068	0
K09069	0
K09070	0
K09071	0
K09072	0
K09073	0
K09074	0
K09075	0
K09076	0
K09077	0
K09078	0
K09079	0
K09080	0
K09081	0
K09082	0
K09083	0
K09084	0
K09085	0
K09086	0
K09087	8
K09088	0
K09089	0
K09090	0
K09091	0
K09092	0
K09093	0
K09094	0
K09095	11
K09096	0
K09097	4
K09098	0
K09099	0
K09100	0
K09101	0
K09102	0
K09103	14
K09104	1
K09105	0
K09106	12
K09107	0
K09108	4
K09109	0
K09110	0
K09111	0
K09112	0
K09113	0
K09114	0
K09115	0
K09116	628
K09117	13925
K09118	4103
K09119	1
K09120	106
K09121	2739
K09122	2014
K09123	1247
K09124	1143
K09125	11106
K09126	147
K09127	470
K09128	465
K09129	699
K09130	17
K09131	5965
K09132	758
K09133	408
K09134	4
K09135	0
K09136	5738
K09137	2793
K09138	1234
K09139	36
K09140	2
K09141	657
K09142	1
K09143	767
K09144	5846
K09145	1885
K09146	1188
K09147	1337
K09148	0
K09149	52
K09150	88
K09152	0
K09153	1829
K09154	480
K09155	3780
K09156	0
K09157	4585
K09158	7896
K09159	8860
K09160	6815
K09161	2201
K09162	377
K09163	736
K09164	3027
K09165	5246
K09166	2652
K09167	5953
K09168	0
K09169	0
K09170	0
K09171	0
K09172	0
K09173	4
K09174	4
K09175	0
K09176	0
K09177	0
K09178	0
K09179	0
K09180	0
K09181	7321
K09182	0
K09183	0
K09184	0
K09185	0
K09186	1
K09187	0
K09188	3
K09189	0
K09190	1740
K09191	35
K09192	0
K09193	0
K09194	0
K09195	0
K09196	0
K09197	0
K09198	0
K09199	0
K09200	0
K09201	0
K09202	0
K09203	0
K09204	0
K09205	0
K09206	0
K09207	0
K09208	0
K09209	0
K09210	0
K09211	1
K09213	0
K09214	9
K09215	0
K09216	1
K09217	0
K09219	0
K09220	1
K09221	2
K09222	0
K09223	2
K09224	0
K09225	2
K09226	0
K09227	0
K09228	7
K09229	6
K09230	15
K09231	3
K09232	0
K09233	1
K09234	0
K09235	0
K09236	0
K09237	2
K09238	0
K09239	0
K09240	2
K09241	1
K09242	0
K09243	0
K09244	0
K09245	1
K09246	0
K09247	0
K09248	1
K09249	0
K09250	35
K09251	3153
K09252	1640
K09253	0
K09254	0
K09256	19
K09257	336
K09258	33
K09260	0
K09261	0
K09262	0
K09264	1
K09265	0
K09266	0
K09267	0
K09268	0
K09269	0
K09270	0
K09271	0
K09272	1
K09273	0
K09274	0
K09275	0
K09276	33
K09277	11
K09278	0
K09279	0
K09280	0
K09281	0
K09282	1
K09283	10
K09284	196
K09285	16
K09286	69
K09287	26
K09288	6
K09289	0
K09290	6
K09291	520
K09292	0
K09293	1
K09294	0
K09295	0
K09296	0
K09297	0
K09298	0
K09299	0
K09300	0
K09301	0
K09302	0
K09304	0
K09305	0
K09306	0
K09307	0
K09308	0
K09309	0
K09310	0
K09312	0
K09313	16
K09314	0
K09315	0
K09317	0
K09318	0
K09319	0
K09320	0
K09321	0
K09322	0
K09323	0
K09324	0
K09325	0
K09326	0
K09327	0
K09328	0
K09329	0
K09330	0
K09331	0
K09332	0
K09333	0
K09334	0
K09335	0
K09336	0
K09337	0
K09338	0
K09339	0
K09340	0
K09341	0
K09342	0
K09343	0
K09344	0
K09345	0
K09346	0
K09347	0
K09348	0
K09349	0
K09350	0
K09351	0
K09352	0
K09353	0
K09354	0
K09355	0
K09356	0
K09357	0
K09358	0
K09359	0
K09360	0
K09361	0
K09362	0
K09363	0
K09364	0
K09365	0
K09366	0
K09367	0
K09368	0
K09370	1
K09371	0
K09372	0
K09373	0
K09374	0
K09375	0
K09377	0
K09378	0
K09379	0
K09380	0
K09381	0
K09382	0
K09383	0
K09384	3899
K09385	0
K09386	4719
K09387	0
K09388	1379
K09389	0
K09390	0
K09391	0
K09392	0
K09393	0
K09395	0
K09396	0
K09397	0
K09398	0
K09399	0
K09400	0
K09401	0
K09402	0
K09403	0
K09404	0
K09405	0
K09406	0
K09407	0
K09408	0
K09409	0
K09410	0
K09411	0
K09412	0
K09413	0
K09414	0
K09415	0
K09416	0
K09417	0
K09419	11
K09420	25
K09421	0
K09422	3
K09423	0
K09424	0
K09425	6
K09426	0
K09427	0
K09428	0
K09429	1
K09430	0
K09431	0
K09432	0
K09433	0
K09434	0
K09435	0
K09436	0
K09437	0
K09438	0
K09439	0
K09440	0
K09441	0
K09442	0
K09443	0
K09444	0
K09445	0
K09446	0
K09447	0
K09448	0
K09451	0
K09452	0
K09453	6
K09454	34
K09455	0
K09456	7815
K09457	6742
K09458	19541
K09459	1153
K09460	3
K09461	8820
K09462	0
K09463	4
K09464	0
K09465	1
K09466	1
K09467	3
K09468	0
K09469	80
K09470	6728
K09471	11705
K09472	2391
K09473	938
K09474	3806
K09475	1215
K09476	2349
K09477	539
K09478	101
K09479	17
K09480	10
K09481	0
K09482	236
K09483	400
K09484	5
K09485	0
K09486	0
K09487	60
K09488	106
K09489	5
K09490	79
K09491	5
K09492	0
K09493	0
K09494	0
K09495	0
K09496	1
K09497	0
K09498	0
K09499	4
K09500	2
K09501	0
K09502	68
K09503	158
K09504	80
K09505	0
K09506	27
K09507	9
K09508	1
K09509	0
K09510	128
K09511	145
K09512	638
K09513	0
K09514	33
K09515	140
K09516	2350
K09517	45
K09518	53
K09519	2
K09520	4
K09521	13
K09522	2
K09523	775
K09524	154
K09525	32
K09526	0
K09527	766
K09528	27
K09529	83
K09530	12
K09531	274
K09532	1
K09533	1079
K09534	19
K09535	0
K09536	45
K09537	61
K09538	1
K09539	1460
K09540	61
K09541	1
K09542	4
K09543	0
K09544	0
K09545	0
K09546	0
K09547	0
K09548	3
K09549	5
K09550	0
K09551	0
K09552	9
K09553	225
K09554	0
K09555	0
K09556	0
K09557	0
K09558	0
K09559	0
K09560	45
K09561	183
K09562	3
K09563	2
K09564	22
K09565	413
K09566	3
K09567	0
K09568	239
K09569	1904
K09570	6
K09571	192
K09572	87
K09573	4
K09574	88
K09575	35
K09576	0
K09577	171
K09578	35
K09579	0
K09580	34
K09581	6
K09582	11
K09583	47
K09584	188
K09585	0
K09586	0
K09587	0
K09588	0
K09589	0
K09590	0
K09591	666
K09592	0
K09593	0
K09594	0
K09595	1
K09596	0
K09597	7
K09598	0
K09599	5
K09600	0
K09601	1
K09602	26
K09603	6
K09604	1
K09605	0
K09606	5
K09607	2840
K09608	48
K09609	1
K09610	0
K09611	5
K09612	1387
K09613	2
K09614	0
K09615	0
K09616	0
K09617	1
K09618	0
K09619	0
K09620	3
K09621	1
K09622	17
K09623	0
K09624	0
K09625	2
K09626	0
K09627	5
K09628	201
K09629	5
K09630	3
K09631	0
K09632	34
K09633	10
K09634	81
K09635	7
K09636	0
K09637	5
K09638	0
K09639	7
K09640	599
K09641	10
K09642	1
K09643	3
K09644	1
K09645	1155
K09646	31
K09647	485
K09648	85
K09649	305
K09650	15
K09651	3
K09652	5
K09653	0
K09654	9
K09655	3
K09656	47
K09657	111
K09658	0
K09659	1
K09660	47
K09661	0
K09662	43
K09663	33
K09664	0
K09665	0
K09666	399
K09667	18974
K09668	3
K09669	8
K09670	0
K09671	17
K09672	6
K09673	289
K09674	12
K09675	49
K09676	90
K09677	4
K09678	1
K09679	9
K09680	1056
K09681	14369
K09682	908
K09683	557
K09684	6018
K09685	4147
K09688	2529
K09689	2487
K09690	9407
K09691	9892
K09692	3248
K09693	2651
K09694	10582
K09695	2220
K09696	4533
K09697	2104
K09698	8340
K09699	7584
K09700	975
K09701	5886
K09702	4156
K09703	1991
K09704	2924
K09705	5632
K09706	1270
K09707	1762
K09708	8
K09709	2268
K09710	20672
K09711	205
K09712	2957
K09713	1
K09714	41
K09715	55
K09716	85
K09717	80
K09718	0
K09719	161
K09720	148
K09721	0
K09722	5
K09723	10
K09724	0
K09725	0
K09726	215
K09727	0
K09728	0
K09729	614
K09730	0
K09731	1
K09732	102
K09733	682
K09735	0
K09736	0
K09737	4
K09738	23
K09739	0
K09740	1031
K09741	2
K09742	0
K09743	0
K09744	146
K09745	0
K09746	1
K09747	18907
K09748	20352
K09749	2949
K09750	1
K09751	3
K09752	0
K09753	1424
K09754	0
K09755	0
K09756	24
K09757	3
K09758	1877
K09759	1472
K09760	14116
K09761	20647
K09762	9146
K09763	3262
K09764	3676
K09765	5839
K09766	1435
K09767	11476
K09768	10450
K09769	5462
K09770	2081
K09771	7955
K09772	9106
K09773	11515
K09774	11565
K09775	2493
K09776	1072
K09777	2477
K09778	2146
K09779	2766
K09780	12540
K09781	8089
K09782	0
K09783	3
K09784	9
K09785	277
K09786	6871
K09787	5799
K09788	4322
K09789	873
K09790	9146
K09791	10857
K09792	5646
K09793	4964
K09794	7031
K09795	2477
K09796	8916
K09797	2271
K09798	6202
K09799	2967
K09800	11014
K09801	6375
K09802	2167
K09803	3560
K09804	529
K09805	769
K09806	7667
K09807	12890
K09808	18500
K09809	4117
K09810	14193
K09811	18151
K09812	17789
K09813	6619
K09814	2924
K09815	12306
K09816	12099
K09817	12061
K09818	2994
K09819	1372
K09820	957
K09821	0
K09822	1731
K09823	7854
K09824	2809
K09825	6570
K09826	1960
K09827	0
K09828	1374
K09829	20
K09831	0
K09832	0
K09833	96
K09834	959
K09835	475
K09836	389
K09837	0
K09838	47
K09839	1
K09840	9
K09841	4
K09842	2
K09843	0
K09844	803
K09845	592
K09846	499
K09847	729
K09848	0
K09849	17
K09850	0
K09851	0
K09852	0
K09854	0
K09855	91
K09856	3
K09857	5523
K09858	9859
K09859	2316
K09860	1517
K09861	14036
K09862	7607
K09863	0
K09864	3
K09865	0
K09866	48
K09867	2
K09868	0
K09869	18
K09870	0
K09871	0
K09872	3
K09873	18
K09874	269
K09875	0
K09876	2
K09877	387
K09878	17
K09879	1315
K09880	2889
K09881	0
K09882	6775
K09883	4017
K09884	25
K09885	0
K09886	7
K09887	7
K09888	14599
K09889	6598
K09890	3361
K09891	2693
K09892	5581
K09893	3051
K09894	2368
K09895	4988
K09896	2051
K09897	2319
K09898	3822
K09899	2386
K09900	1729
K09901	2150
K09902	4702
K09903	21310
K09904	2322
K09905	5
K09906	3257
K09907	3154
K09908	3929
K09909	2427
K09910	2378
K09911	1972
K09912	4129
K09913	5549
K09914	4039
K09915	4771
K09916	3968
K09917	1901
K09918	3083
K09919	7377
K09920	3930
K09921	6379
K09922	3571
K09923	3612
K09924	5267
K09925	1168
K09926	4761
K09927	7829
K09928	5920
K09929	4072
K09930	5901
K09931	3344
K09932	4922
K09933	5453
K09934	721
K09935	3357
K09936	8276
K09937	4506
K09938	3093
K09939	6785
K09940	5721
K09941	2807
K09942	1552
K09943	1949
K09944	435
K09945	3116
K09946	5349
K09947	2972
K09948	3814
K09949	2763
K09950	3264
K09951	5953
K09952	5034
K09953	2186
K09954	5559
K09955	3280
K09956	2538
K09957	3335
K09958	5798
K09959	4852
K09960	1154
K09961	1461
K09962	4797
K09963	2348
K09964	2644
K09965	2024
K09966	2503
K09967	5109
K09968	1034
K09969	5033
K09970	4784
K09971	4769
K09972	4653
K09973	6400
K09974	1620
K09975	6358
K09976	3715
K09977	3253
K09978	2676
K09979	2694
K09980	1528
K09981	3316
K09982	1404
K09983	3578
K09984	2954
K09985	2459
K09986	4477
K09987	2442
K09988	2050
K09989	5379
K09990	3546
K09991	1924
K09992	5715
K09993	0
K09994	7725
K09995	0
K09996	1219
K09997	2112
K09998	1942
K09999	1931
K10000	1941
K10001	4609
K10002	4238
K10003	4243
K10004	4391
K10005	4548
K10006	2790
K10007	2829
K10008	3567
K10009	8043
K10010	350
K10011	2789
K10012	5335
K10013	1588
K10014	2265
K10015	2479
K10016	2495
K10017	2946
K10018	1113
K10019	1189
K10020	1741
K10021	1840
K10022	4125
K10023	2564
K10024	2444
K10025	0
K10026	13193
K10027	5541
K10028	0
K10029	0
K10030	0
K10031	0
K10032	0
K10033	3
K10034	0
K10035	0
K10036	6385
K10037	4806
K10038	10
K10039	5038
K10040	2531
K10041	1434
K10042	1
K10043	2
K10044	0
K10045	0
K10046	347
K10047	4
K10048	1
K10049	4
K10050	0
K10051	0
K10052	0
K10053	0
K10054	0
K10055	1
K10056	1
K10057	5
K10058	7
K10059	45
K10060	755
K10061	7
K10062	26
K10063	25
K10064	13
K10065	14
K10066	42
K10067	1
K10068	67
K10069	2
K10070	0
K10071	0
K10072	0
K10073	0
K10074	3
K10075	0
K10076	0
K10077	5
K10078	0
K10079	0
K10080	82
K10081	0
K10082	143
K10083	0
K10084	65
K10085	48
K10086	4
K10087	0
K10088	0
K10089	0
K10090	0
K10091	4
K10092	7
K10093	5
K10094	4544
K10095	0
K10096	0
K10097	0
K10098	0
K10099	4
K10100	15
K10101	0
K10102	2
K10103	0
K10104	17
K10105	50
K10106	1009
K10107	2578
K10108	2225
K10109	2516
K10110	1910
K10111	4757
K10112	14861
K10117	6237
K10118	5302
K10119	5560
K10120	1127
K10121	523
K10122	429
K10123	909
K10124	342
K10125	5243
K10126	4262
K10127	2
K10128	0
K10129	0
K10130	147
K10131	0
K10132	0
K10133	5953
K10134	0
K10135	1
K10136	1
K10137	0
K10138	0
K10139	0
K10140	1
K10141	35
K10142	3
K10143	2
K10144	590
K10145	0
K10146	0
K10147	2
K10148	0
K10149	4
K10150	0
K10151	0
K10152	1
K10153	0
K10154	0
K10155	0
K10156	262
K10157	0
K10158	0
K10159	215
K10160	696
K10161	2
K10162	7
K10163	0
K10164	0
K10165	115
K10166	0
K10167	0
K10168	35
K10169	57
K10170	2
K10171	19
K10172	0
K10173	0
K10174	0
K10175	0
K10176	0
K10177	0
K10178	0
K10179	0
K10180	0
K10181	0
K10182	0
K10183	0
K10184	0
K10185	0
K10186	0
K10187	770
K10188	2629
K10189	1630
K10190	1611
K10191	429
K10192	948
K10193	947
K10194	930
K10195	867
K10196	0
K10197	0
K10198	1
K10199	0
K10200	1469
K10201	1410
K10202	1585
K10203	1
K10205	0
K10206	2142
K10207	0
K10208	949
K10209	908
K10210	1611
K10211	1937
K10212	621
K10213	1438
K10214	1
K10215	3207
K10216	2241
K10217	1837
K10218	6793
K10219	569
K10220	1291
K10221	2752
K10222	712
K10223	15
K10224	0
K10225	0
K10226	11
K10227	4090
K10228	3951
K10229	4086
K10231	2181
K10232	2434
K10233	2280
K10234	2336
K10235	901
K10236	5029
K10237	4059
K10238	3718
K10240	2700
K10241	2613
K10242	2593
K10244	1
K10245	0
K10246	0
K10247	0
K10248	0
K10249	0
K10250	0
K10251	74
K10252	56
K10253	2548
K10254	3386
K10255	3430
K10256	70
K10257	59
K10258	1
K10259	14
K10260	579
K10261	5
K10262	11
K10263	6
K10264	1
K10265	1
K10266	0
K10267	0
K10268	1271
K10269	5
K10270	128
K10271	21
K10272	19
K10273	126
K10274	1
K10275	12
K10276	2
K10277	1165
K10278	120
K10279	4
K10280	94
K10281	12
K10282	9
K10283	7
K10284	0
K10285	0
K10287	0
K10288	0
K10289	0
K10290	697
K10291	23
K10292	1
K10293	28
K10294	0
K10295	10
K10296	19
K10297	1104
K10298	26
K10299	12
K10300	1932
K10301	5884
K10302	252
K10303	0
K10304	0
K10305	0
K10306	47
K10307	0
K10308	3
K10310	0
K10311	0
K10312	7
K10313	2
K10314	1
K10315	1
K10316	7
K10317	7
K10318	0
K10319	0
K10320	0
K10321	6
K10323	4
K10324	45
K10325	364
K10326	0
K10327	13
K10328	0
K10329	8
K10330	79
K10331	25
K10332	30
K10333	4
K10334	17
K10335	14
K10336	7
K10337	11
K10338	0
K10339	0
K10340	1
K10341	14
K10342	0
K10343	1
K10344	0
K10345	0
K10347	0
K10348	86
K10349	78
K10350	18
K10351	1
K10352	608
K10353	363
K10354	0
K10355	10
K10356	0
K10357	0
K10358	2
K10359	0
K10360	3
K10361	0
K10362	2
K10363	5
K10364	0
K10365	0
K10366	6
K10367	0
K10368	0
K10369	0
K10370	4
K10371	0
K10372	0
K10373	14
K10374	11
K10375	9
K10376	9
K10377	9
K10378	0
K10379	0
K10380	111
K10381	9
K10382	21
K10383	6
K10384	1
K10385	0
K10386	4
K10387	0
K10388	0
K10389	0
K10390	1
K10391	0
K10392	5
K10393	1
K10394	11
K10395	10
K10396	31
K10397	1
K10398	1846
K10399	5
K10400	197
K10401	13
K10402	101
K10403	2
K10404	0
K10405	79
K10406	2
K10407	197
K10408	66
K10409	0
K10410	9
K10411	0
K10412	0
K10413	3
K10414	1
K10415	3
K10416	0
K10417	1
K10418	0
K10419	0
K10420	0
K10421	3943
K10422	0
K10423	0
K10424	1
K10425	0
K10426	0
K10427	37
K10428	0
K10429	2
K10430	0
K10431	0
K10432	0
K10433	0
K10434	0
K10435	0
K10436	1
K10437	0
K10438	8
K10439	11611
K10440	10214
K10441	10420
K10442	203
K10443	213
K10444	10
K10445	18
K10446	40
K10447	299
K10448	39
K10449	1
K10450	411
K10451	0
K10452	0
K10453	2
K10454	253
K10455	261
K10456	54
K10457	351
K10458	28
K10459	0
K10460	0
K10461	355
K10462	10
K10463	64
K10464	27
K10465	3
K10466	2
K10467	16
K10468	0
K10469	0
K10470	8
K10471	0
K10472	0
K10473	2
K10474	4
K10475	11
K10476	0
K10477	0
K10478	1
K10479	0
K10480	1
K10481	52
K10482	0
K10483	0
K10484	0
K10485	1
K10486	0
K10487	0
K10488	0
K10489	0
K10490	0
K10491	0
K10492	0
K10493	0
K10494	0
K10495	0
K10496	0
K10497	0
K10498	12
K10499	0
K10500	5
K10501	0
K10502	0
K10503	1
K10504	1
K10505	0
K10506	0
K10507	0
K10508	0
K10509	0
K10510	0
K10511	0
K10512	0
K10513	10
K10514	0
K10515	0
K10516	0
K10517	0
K10518	0
K10519	3
K10520	0
K10521	0
K10522	0
K10523	0
K10524	415
K10525	18
K10526	31
K10527	62
K10528	1
K10529	520
K10530	1374
K10531	2673
K10532	2326
K10533	1997
K10534	32
K10535	1697
K10536	8514
K10537	2710
K10538	2798
K10539	2667
K10540	2768
K10541	2657
K10542	2660
K10543	5060
K10544	4583
K10545	2691
K10546	3848
K10547	3708
K10548	3736
K10549	804
K10550	216
K10551	219
K10552	1783
K10553	1736
K10554	1843
K10555	939
K10556	924
K10557	927
K10558	916
K10559	2858
K10560	2348
K10561	2306
K10562	2215
K10563	17230
K10564	866
K10565	941
K10566	0
K10567	1
K10568	13
K10569	32
K10570	3
K10571	0
K10572	0
K10573	3
K10574	36
K10575	2
K10576	1
K10577	0
K10578	4
K10579	1
K10580	1
K10581	0
K10582	0
K10583	0
K10584	0
K10585	1
K10586	1
K10587	0
K10588	0
K10589	0
K10590	0
K10591	0
K10592	1
K10593	0
K10594	34
K10595	74
K10596	0
K10597	4
K10598	3
K10599	206
K10600	0
K10601	1
K10602	3
K10603	0
K10604	0
K10605	1
K10606	0
K10607	3
K10608	1
K10609	2
K10610	0
K10611	0
K10612	0
K10613	0
K10614	27
K10615	604
K10616	31
K10617	14
K10618	470
K10619	722
K10620	150
K10621	2553
K10622	236
K10623	32
K10624	4
K10625	10
K10626	0
K10627	0
K10628	0
K10629	1
K10630	0
K10631	1
K10632	653
K10633	0
K10634	0
K10635	0
K10636	0
K10637	0
K10638	215
K10639	13
K10640	1
K10641	72
K10642	1
K10643	2
K10644	5
K10645	312
K10646	19
K10647	0
K10648	0
K10649	14
K10650	1
K10651	0
K10652	4
K10653	0
K10654	0
K10655	0
K10656	0
K10657	1
K10658	0
K10659	0
K10660	0
K10661	0
K10662	0
K10663	0
K10664	0
K10665	0
K10666	0
K10667	849
K10668	6
K10669	0
K10670	512
K10671	478
K10672	764
K10673	583
K10674	1860
K10675	29
K10676	1102
K10677	66
K10678	1586
K10679	6591
K10680	10739
K10681	1051
K10682	934
K10683	1
K10684	1
K10685	4
K10686	15
K10687	0
K10688	1
K10689	7
K10691	0
K10692	1
K10693	9
K10694	0
K10695	0
K10696	28
K10697	1255
K10698	0
K10699	49
K10700	1
K10701	5
K10702	198
K10703	2
K10704	0
K10705	1
K10706	313
K10707	1
K10708	1008
K10709	1931
K10710	1225
K10711	1005
K10712	6
K10713	902
K10714	420
K10715	801
K10716	12415
K10717	0
K10718	1243
K10719	1
K10720	1
K10721	0
K10722	1
K10723	2
K10724	1
K10725	512
K10726	13
K10727	1
K10728	0
K10729	0
K10730	4
K10731	0
K10732	0
K10733	0
K10734	0
K10735	0
K10736	0
K10737	1
K10738	0
K10739	14
K10740	0
K10741	1
K10742	8401
K10743	5
K10744	0
K10745	0
K10746	1
K10747	3478
K10748	1848
K10749	1
K10750	79
K10751	14
K10752	3
K10753	0
K10754	154
K10755	16
K10756	23
K10757	0
K10758	1
K10759	9
K10760	11
K10761	396
K10762	1210
K10763	8771
K10764	7539
K10765	0
K10766	0
K10767	0
K10768	40
K10769	2
K10770	439
K10771	158
K10772	6
K10773	20406
K10774	179
K10775	27
K10776	0
K10777	101
K10778	8960
K10779	1
K10780	2447
K10781	1062
K10782	3333
K10784	2
K10785	7
K10786	1
K10787	0
K10788	84
K10789	24
K10790	1
K10791	2
K10793	361
K10794	741
K10795	313
K10796	321
K10797	2851
K10798	229
K10799	17
K10800	139
K10801	0
K10802	1
K10803	0
K10804	18716
K10805	9723
K10806	10656
K10807	4963
K10808	796
K10809	1
K10810	3038
K10811	150
K10812	0
K10814	419
K10815	473
K10816	424
K10817	90
K10819	2337
K10820	3962
K10822	160
K10823	8700
K10824	1491
K10829	3758
K10830	891
K10831	4243
K10834	6976
K10837	104
K10838	3
K10839	0
K10840	0
K10841	1184
K10842	6
K10843	3867
K10844	4202
K10845	0
K10846	0
K10847	2
K10848	312
K10849	1
K10850	900
K10851	792
K10852	0
K10854	394
K10855	394
K10856	534
K10857	2401
K10858	25
K10859	3755
K10860	1937
K10861	0
K10862	10
K10863	0
K10864	25
K10865	0
K10866	1301
K10867	157
K10868	0
K10869	3
K10870	2
K10871	5
K10872	0
K10873	47
K10874	0
K10875	250
K10876	0
K10877	445
K10878	25
K10879	0
K10880	0
K10881	0
K10882	1
K10883	0
K10884	36
K10885	0
K10886	0
K10887	0
K10888	0
K10889	0
K10890	0
K10891	6
K10892	0
K10893	0
K10894	11
K10895	0
K10896	1
K10897	0
K10898	12
K10899	24
K10900	1498
K10901	38
K10902	0
K10903	0
K10905	2
K10906	1182
K10907	5623
K10908	92
K10909	514
K10910	372
K10911	528
K10912	980
K10913	488
K10914	13269
K10915	608
K10916	823
K10917	2832
K10918	1235
K10919	4
K10920	24
K10921	1438
K10922	337
K10923	4
K10924	1151
K10925	833
K10926	1245
K10927	1209
K10928	84
K10929	4
K10930	95
K10931	75
K10932	78
K10933	83
K10934	825
K10935	4
K10936	158
K10937	941
K10938	590
K10939	732
K10940	282
K10941	2845
K10942	2528
K10943	3758
K10944	146
K10945	148
K10946	154
K10947	15099
K10948	264
K10949	1
K10950	0
K10951	145
K10952	128
K10953	326
K10954	1716
K10955	176
K10956	1
K10957	2
K10958	0
K10959	8
K10960	667
K10961	77
K10962	386
K10963	4
K10964	8
K10965	138
K10966	8
K10967	6
K10968	0
K10969	1
K10970	0
K10971	0
K10972	3766
K10973	139
K10974	6763
K10975	395
K10976	1
K10977	62
K10978	259
K10979	7974
K10980	0
K10981	4
K10982	0
K10983	0
K10984	375
K10985	346
K10986	339
K10988	0
K10989	3
K10990	0
K10991	1
K10992	5
K10993	0
K10994	0
K10995	2
K10996	0
K10997	0
K10998	3
K10999	2
K11000	0
K11001	10
K11002	0
K11003	2752
K11004	3058
K11005	2191
K11006	42
K11007	102
K11008	376
K11009	142
K11010	5
K11011	0
K11012	0
K11013	938
K11014	542
K11015	256
K11016	1326
K11017	864
K11018	686
K11019	6
K11020	76
K11021	5381
K11022	7455
K11023	479
K11024	5
K11025	26
K11026	10
K11027	10
K11028	118
K11029	10
K11030	533
K11031	996
K11032	137
K11033	136
K11034	476
K11035	100
K11036	97
K11037	127
K11038	78
K11039	41
K11040	44
K11041	2342
K11042	39
K11043	2
K11044	536
K11045	158
K11046	77
K11047	16
K11048	19
K11049	139
K11050	1580
K11051	1360
K11052	30
K11053	28
K11054	59
K11055	129
K11056	35
K11057	24
K11058	1
K11059	143
K11060	1161
K11061	10
K11062	4985
K11063	1309
K11064	0
K11065	10952
K11066	6922
K11067	0
K11068	15788
K11069	10504
K11070	10647
K11071	11174
K11072	9829
K11073	5693
K11074	5605
K11075	5578
K11076	5568
K11077	3646
K11078	1208
K11079	1735
K11080	117
K11081	1165
K11082	1145
K11083	1150
K11084	1171
K11085	15559
K11086	0
K11087	0
K11088	0
K11089	2797
K11090	0
K11091	0
K11092	0
K11093	1
K11094	0
K11095	0
K11096	0
K11097	0
K11098	0
K11099	0
K11100	0
K11101	0
K11102	6328
K11103	9439
K11104	936
K11105	10931
K11106	1078
K11107	2749
K11108	0
K11109	1
K11110	0
K11111	1
K11112	0
K11113	0
K11114	0
K11115	0
K11116	0
K11117	2
K11118	1
K11119	0
K11120	0
K11121	12
K11122	3
K11123	0
K11124	2
K11125	0
K11126	23
K11127	2557
K11128	0
K11129	0
K11130	4
K11131	1
K11132	0
K11133	0
K11134	0
K11135	1
K11136	0
K11137	1
K11138	0
K11139	19
K11140	89
K11141	36
K11142	21
K11143	1
K11144	4014
K11145	5497
K11146	2
K11147	673
K11148	0
K11149	0
K11150	2873
K11151	0
K11152	86
K11153	7510
K11154	17
K11155	25
K11156	0
K11157	0
K11158	1
K11159	651
K11160	3
K11161	600
K11162	1396
K11163	2798
K11164	2
K11165	239
K11166	2230
K11167	0
K11168	460
K11169	26
K11170	33
K11171	11
K11172	8
K11173	388
K11175	20041
K11176	1060
K11177	4866
K11178	4896
K11179	4381
K11180	266
K11181	267
K11182	0
K11183	1994
K11184	2061
K11185	0
K11186	0
K11187	3
K11188	52
K11192	791
K11194	149
K11195	134
K11196	195
K11200	494
K11201	243
K11202	725
K11203	1059
K11204	0
K11205	1
K11206	11991
K11207	1
K11208	5916
K11209	8899
K11210	1931
K11211	4321
K11212	9308
K11213	0
K11214	156
K11215	0
K11216	1298
K11217	2
K11218	2
K11219	0
K11220	0
K11221	0
K11222	0
K11223	0
K11224	0
K11225	0
K11226	0
K11227	0
K11228	7
K11229	0
K11230	9
K11231	28
K11232	7
K11233	0
K11234	0
K11235	0
K11236	3
K11237	0
K11238	16
K11239	0
K11240	1
K11241	0
K11242	0
K11243	1
K11244	226
K11245	51
K11246	6
K11247	2
K11248	0
K11249	6984
K11250	3411
K11251	17
K11252	12
K11253	18
K11254	12
K11255	0
K11256	0
K11257	0
K11258	2846
K11259	35
K11260	471
K11261	597
K11262	514
K11263	4425
K11264	486
K11265	1768
K11266	4
K11267	11
K11268	25
K11269	17
K11270	0
K11271	0
K11272	7
K11273	13
K11274	349
K11275	20
K11276	3
K11277	0
K11278	0
K11279	0
K11280	0
K11281	0
K11282	0
K11283	0
K11284	1
K11285	0
K11286	0
K11287	1
K11288	0
K11289	0
K11290	0
K11291	3
K11292	3
K11293	5
K11294	90
K11295	1
K11296	0
K11297	0
K11298	0
K11299	0
K11300	0
K11301	0
K11302	0
K11303	1
K11304	1
K11305	0
K11306	5
K11307	0
K11308	0
K11309	0
K11310	0
K11311	713
K11312	2020
K11313	0
K11314	0
K11315	0
K11316	0
K11317	0
K11318	0
K11319	4
K11320	0
K11321	0
K11322	0
K11323	120
K11324	0
K11325	2167
K11326	129
K11327	26
K11328	78
K11329	445
K11330	78
K11331	330
K11332	122
K11333	470
K11334	470
K11335	475
K11336	468
K11337	1217
K11338	0
K11339	4
K11340	0
K11341	10
K11342	0
K11343	0
K11344	1
K11345	0
K11346	0
K11347	0
K11348	0
K11349	0
K11350	0
K11351	0
K11352	2357
K11353	2
K11354	6660
K11355	5057
K11356	991
K11357	2357
K11358	1665
K11359	1
K11360	0
K11361	4
K11362	0
K11363	0
K11364	0
K11365	1
K11366	9
K11367	2
K11368	2
K11369	112
K11370	0
K11371	0
K11372	22
K11373	4
K11374	10
K11375	1
K11376	0
K11377	1
K11378	0
K11379	0
K11380	0
K11381	3688
K11382	437
K11383	6336
K11384	1326
K11385	649
K11386	870
K11387	1160
K11389	16
K11390	20
K11391	3775
K11392	5633
K11393	1
K11394	0
K11395	0
K11396	0
K11397	1
K11398	0
K11399	0
K11400	0
K11401	0
K11402	0
K11403	5
K11404	0
K11405	7
K11406	34
K11407	5128
K11408	4
K11409	0
K11410	2541
K11411	0
K11412	0
K11413	2
K11414	4760
K11415	8
K11416	31
K11417	0
K11418	2514
K11419	10
K11420	8
K11421	5
K11422	4
K11423	0
K11424	1
K11425	0
K11426	6
K11427	200
K11428	4
K11429	2
K11430	10
K11431	1241
K11432	0
K11433	1
K11434	215
K11435	7
K11436	0
K11437	13
K11438	9
K11439	1
K11440	308
K11441	3316
K11442	512
K11443	3649
K11444	3726
K11445	0
K11446	4
K11447	3
K11448	0
K11449	0
K11450	18
K11451	0
K11452	0
K11453	1
K11454	0
K11455	5
K11456	2
K11457	0
K11458	0
K11459	0
K11460	0
K11461	0
K11462	2
K11463	0
K11464	0
K11465	0
K11466	0
K11467	0
K11468	0
K11469	0
K11470	1
K11471	0
K11472	5934
K11473	6647
K11474	1116
K11475	5864
K11476	4021
K11477	9096
K11478	0
K11479	1
K11480	1
K11481	3
K11482	0
K11483	0
K11484	13
K11485	1
K11486	0
K11487	0
K11488	0
K11489	0
K11490	0
K11491	5
K11492	0
K11493	2092
K11494	627
K11495	0
K11496	3
K11497	5
K11498	10
K11499	475
K11500	0
K11501	0
K11502	9
K11503	1
K11504	0
K11505	0
K11506	0
K11507	2
K11508	3
K11509	17
K11510	0
K11511	0
K11512	0
K11513	2
K11514	0
K11515	1
K11516	0
K11517	235
K11518	0
K11519	0
K11520	121
K11521	918
K11522	165
K11523	421
K11524	114
K11525	609
K11526	283
K11527	5491
K11528	277
K11529	4532
K11530	13314
K11531	1329
K11532	2271
K11533	3918
K11534	2321
K11535	2972
K11536	32
K11537	3214
K11538	4803
K11539	11
K11540	604
K11541	4
K11542	1
K11543	5
K11544	2
K11545	0
K11546	6
K11547	400
K11548	114
K11549	11
K11550	9
K11551	0
K11552	2
K11553	1
K11554	0
K11555	0
K11556	0
K11557	6
K11558	98
K11559	5
K11560	1
K11561	0
K11562	55
K11563	9
K11564	0
K11565	0
K11566	0
K11567	0
K11568	0
K11569	2
K11570	0
K11571	0
K11572	0
K11573	0
K11574	0
K11575	0
K11576	0
K11577	0
K11578	3
K11579	0
K11580	0
K11581	0
K11582	0
K11583	0
K11584	0
K11585	1
K11586	0
K11587	8
K11588	1
K11589	0
K11590	0
K11591	0
K11592	24
K11593	9
K11594	0
K11595	0
K11597	0
K11598	0
K11599	0
K11600	1
K11601	757
K11602	765
K11603	688
K11604	2225
K11605	2224
K11606	2226
K11607	2276
K11608	2443
K11609	1264
K11610	2849
K11611	2151
K11614	1358
K11615	1096
K11616	2933
K11617	4296
K11618	10112
K11619	1133
K11620	1187
K11621	7627
K11622	4955
K11623	692
K11624	692
K11625	1302
K11626	3489
K11627	44
K11628	292
K11629	578
K11630	582
K11631	2862
K11632	4148
K11633	1080
K11634	1084
K11635	1349
K11636	1619
K11637	642
K11638	523
K11639	308
K11640	396
K11641	412
K11642	0
K11643	3
K11644	0
K11645	2905
K11646	146
K11647	2
K11648	0
K11649	0
K11650	0
K11651	0
K11652	0
K11653	0
K11654	7096
K11655	0
K11656	0
K11657	4
K11658	1
K11659	0
K11660	0
K11661	27
K11662	0
K11663	2
K11664	0
K11665	9
K11666	0
K11667	0
K11668	1
K11669	0
K11670	2
K11671	0
K11672	1
K11673	0
K11674	0
K11675	0
K11676	3
K11677	0
K11678	0
K11679	0
K11680	3
K11682	0
K11683	0
K11684	1
K11685	2359
K11686	766
K11687	4405
K11688	2851
K11689	5411
K11690	8921
K11691	682
K11692	687
K11693	555
K11694	357
K11695	359
K11696	3
K11697	0
K11698	0
K11699	113
K11700	0
K11701	243
K11702	1
K11703	323
K11704	96
K11705	896
K11706	92
K11707	1781
K11708	1775
K11709	1782
K11710	1865
K11711	3376
K11712	583
K11713	17
K11714	86
K11715	0
K11716	0
K11717	18459
K11718	0
K11719	11479
K11720	12476
K11721	0
K11722	0
K11723	0
K11724	5
K11725	655
K11726	0
K11727	66
K11728	1
K11729	5392
K11730	6091
K11731	2322
K11732	697
K11733	4838
K11734	3947
K11735	4092
K11736	1746
K11737	5621
K11738	3414
K11739	1326
K11740	1663
K11741	11073
K11742	2047
K11743	2170
K11744	8039
K11745	1572
K11746	1888
K11747	7228
K11748	4878
K11749	20956
K11750	3021
K11751	9475
K11752	18621
K11753	21217
K11754	21044
K11755	7848
K11756	0
K11757	0
K11758	0
K11759	0
K11760	0
K11761	0
K11762	0
K11763	0
K11764	0
K11765	0
K11766	0
K11767	0
K11768	0
K11769	0
K11770	0
K11771	1
K11772	0
K11773	0
K11774	0
K11775	1
K11776	0
K11777	232
K11778	10
K11779	2248
K11780	103
K11781	113
K11782	2267
K11783	1719
K11784	2359
K11785	2209
K11786	3
K11787	52
K11788	963
K11789	0
K11790	6
K11791	0
K11792	0
K11793	48
K11794	0
K11795	0
K11796	0
K11797	5
K11798	11
K11799	0
K11800	0
K11801	2
K11802	0
K11803	0
K11804	0
K11805	1
K11806	2
K11807	4
K11808	564
K11809	2
K11810	196
K11811	4341
K11812	0
K11813	0
K11814	447
K11815	521
K11816	269
K11817	0
K11818	0
K11819	0
K11820	0
K11821	0
K11822	10
K11823	0
K11824	0
K11825	2
K11826	0
K11827	0
K11828	0
K11829	0
K11830	2
K11831	0
K11832	1
K11833	4
K11834	9
K11835	2
K11836	17
K11837	0
K11838	3
K11839	4
K11840	1
K11841	11
K11842	1
K11843	1
K11844	1492
K11845	7
K11846	0
K11847	0
K11848	2
K11849	3
K11850	4
K11851	2
K11852	0
K11853	1
K11854	4
K11855	24
K11856	0
K11857	0
K11858	1
K11859	3
K11860	0
K11861	0
K11862	1
K11863	1
K11864	0
K11865	1
K11866	0
K11867	0
K11868	4
K11869	0
K11870	0
K11871	0
K11872	3
K11873	2
K11874	0
K11875	0
K11876	0
K11877	0
K11878	0
K11879	0
K11880	0
K11881	0
K11882	0
K11883	1
K11884	1
K11885	61
K11886	0
K11887	8
K11888	0
K11889	163
K11890	3258
K11891	5381
K11892	5388
K11893	5592
K11894	4282
K11895	5445
K11896	5226
K11897	3592
K11898	1580
K11899	511
K11900	5257
K11901	5263
K11902	3827
K11903	5464
K11904	7217
K11905	2968
K11906	4364
K11907	5011
K11908	519
K11909	1916
K11910	2803
K11911	1397
K11912	1426
K11913	2652
K11914	793
K11915	2246
K11916	1595
K11917	1675
K11918	450
K11919	268
K11920	272
K11921	10738
K11922	1244
K11923	890
K11924	4745
K11925	2697
K11926	1765
K11927	14686
K11928	8581
K11929	1288
K11930	1000
K11931	4202
K11932	1662
K11933	1778
K11934	2943
K11935	2739
K11936	13546
K11937	1814
K11938	2816
K11939	7378
K11940	3562
K11941	2914
K11942	2701
K11943	274
K11944	213
K11945	624
K11946	13
K11947	452
K11948	873
K11949	47
K11950	111
K11951	89
K11952	100
K11953	130
K11954	909
K11955	176
K11956	476
K11957	87
K11958	162
K11959	6994
K11960	6497
K11961	6502
K11962	6489
K11963	6368
K11964	0
K11967	1
K11968	1
K11969	0
K11970	0
K11971	2
K11972	2
K11973	0
K11974	2
K11975	0
K11976	0
K11977	0
K11978	0
K11979	0
K11980	0
K11981	3
K11982	1
K11983	0
K11984	1
K11985	118
K11986	0
K11987	136
K11988	21
K11989	211
K11990	424
K11991	20482
K11992	6
K11993	67
K11994	44
K11995	765
K11996	911
K11997	2699
K11998	0
K11999	0
K12000	1
K12001	0
K12002	3
K12003	0
K12004	3
K12005	1
K12006	1
K12007	0
K12008	4
K12009	1
K12010	1
K12011	0
K12012	0
K12013	8
K12014	0
K12015	2
K12016	0
K12017	0
K12018	0
K12019	0
K12020	2
K12021	84
K12022	0
K12023	2
K12024	4
K12025	0
K12026	201
K12027	0
K12028	1
K12029	0
K12030	0
K12031	1
K12032	2
K12033	0
K12034	0
K12035	3149
K12036	0
K12037	0
K12038	0
K12039	0
K12040	0
K12041	0
K12042	22
K12043	1
K12044	4
K12045	0
K12046	2
K12047	29
K12048	117
K12049	252
K12050	120
K12051	55
K12052	434
K12053	421
K12054	667
K12055	1131
K12056	1232
K12057	1330
K12058	1141
K12059	871
K12060	1200
K12061	1114
K12062	2693
K12063	8724
K12064	1113
K12065	2115
K12066	1636
K12067	1154
K12068	1120
K12069	669
K12070	1843
K12071	2271
K12072	1153
K12073	263
K12074	0
K12075	1
K12076	11
K12077	1
K12078	44
K12079	24
K12080	47
K12081	28
K12082	10
K12083	18
K12084	109
K12085	10
K12086	26
K12087	14
K12088	24
K12089	42
K12090	25
K12091	24
K12092	28
K12093	24
K12094	23
K12095	23
K12096	23
K12097	95
K12098	24
K12099	23
K12100	32
K12101	23
K12102	23
K12103	23
K12104	23
K12105	23
K12106	23
K12107	23
K12108	24
K12109	46
K12110	36
K12111	6106
K12112	627
K12113	3517
K12114	0
K12115	1
K12116	1
K12117	0
K12118	102
K12119	83
K12120	3
K12121	1
K12122	0
K12123	8
K12124	0
K12125	0
K12126	0
K12127	0
K12128	0
K12129	1
K12130	0
K12131	0
K12132	13650
K12133	1
K12134	0
K12135	0
K12136	802
K12137	2737
K12138	1835
K12139	514
K12140	1855
K12141	1883
K12142	1404
K12143	2964
K12144	648
K12145	540
K12146	737
K12147	977
K12148	1402
K12149	1536
K12150	3
K12151	1359
K12152	8299
K12153	0
K12154	0
K12155	0
K12156	0
K12157	0
K12158	2
K12159	6
K12160	1
K12161	0
K12162	0
K12163	0
K12164	24
K12165	0
K12166	38
K12167	0
K12168	0
K12169	23
K12170	1
K12171	0
K12172	11
K12173	0
K12174	2
K12175	0
K12176	0
K12177	1
K12178	0
K12179	0
K12180	0
K12181	0
K12182	1
K12183	45
K12184	0
K12185	1
K12186	0
K12187	0
K12188	20
K12189	0
K12190	0
K12191	1
K12192	12
K12193	27
K12194	1
K12195	0
K12196	601
K12197	1
K12198	2
K12199	0
K12200	1
K12201	0
K12202	789
K12203	642
K12204	601
K12205	618
K12206	647
K12207	364
K12208	221
K12209	610
K12210	132
K12211	647
K12212	2468
K12213	598
K12214	587
K12215	132
K12216	140
K12217	910
K12218	566
K12219	139
K12220	15
K12221	140
K12222	493
K12223	190
K12224	205
K12225	139
K12226	64
K12227	162
K12228	221
K12229	0
K12230	0
K12231	49
K12232	0
K12233	1
K12234	1406
K12235	679
K12236	1
K12237	399
K12238	174
K12239	456
K12240	1534
K12241	647
K12242	4911
K12243	5430
K12244	305
K12245	39
K12246	33
K12247	134
K12248	114
K12249	2
K12250	550
K12251	8920
K12252	1780
K12253	2253
K12254	3218
K12255	3417
K12256	7341
K12257	7484
K12258	2
K12259	224
K12260	90
K12261	4
K12262	8609
K12263	4347
K12264	4036
K12265	1254
K12266	3285
K12267	9244
K12268	1044
K12269	1425
K12270	1005
K12271	9
K12272	6
K12273	0
K12274	10
K12275	0
K12276	1341
K12277	412
K12278	1665
K12279	1017
K12280	1159
K12281	1310
K12282	2822
K12283	2231
K12284	5311
K12285	1490
K12286	1404
K12287	1231
K12288	1485
K12289	2650
K12290	1316
K12291	870
K12292	874
K12293	744
K12294	645
K12295	655
K12296	1032
K12297	5308
K12298	1
K12299	492
K12300	0
K12301	5
K12302	0
K12303	0
K12304	24
K12305	0
K12306	177
K12307	10
K12308	5916
K12309	3382
K12310	0
K12311	2
K12312	0
K12313	0
K12314	1
K12315	1
K12316	316
K12317	19
K12318	8
K12319	1633
K12320	3
K12321	6
K12322	20
K12323	67
K12324	21
K12325	6
K12326	4
K12327	30
K12328	0
K12329	2
K12330	0
K12331	0
K12332	0
K12333	0
K12334	1
K12335	0
K12336	0
K12337	0
K12338	1
K12339	5876
K12340	11337
K12341	1790
K12342	707
K12343	1225
K12344	9
K12345	0
K12346	25
K12347	0
K12348	18
K12349	1700
K12350	2
K12351	771
K12352	1
K12353	0
K12354	8
K12355	8
K12356	0
K12357	3
K12358	0
K12359	0
K12360	0
K12361	77
K12362	1
K12363	0
K12364	29
K12365	2
K12366	0
K12367	0
K12368	6286
K12369	6844
K12370	5024
K12371	4342
K12372	4403
K12373	7687
K12374	1
K12375	12
K12376	1
K12377	34
K12378	4
K12379	1
K12380	0
K12381	12
K12382	6
K12383	0
K12384	0
K12385	1
K12386	0
K12387	0
K12388	503
K12389	1
K12390	0
K12391	0
K12392	0
K12393	0
K12394	0
K12395	0
K12396	0
K12397	0
K12398	3
K12399	0
K12400	0
K12401	3
K12402	0
K12403	0
K12404	0
K12405	4282
K12406	8
K12407	0
K12408	2
K12409	1
K12410	14936
K12411	0
K12412	0
K12413	0
K12414	0
K12415	481
K12416	0
K12417	837
K12418	145
K12419	0
K12420	543
K12421	885
K12422	211
K12423	439
K12424	263
K12425	12
K12426	1356
K12427	413
K12428	1100
K12429	1132
K12430	597
K12431	501
K12432	159
K12433	582
K12434	1050
K12435	591
K12436	541
K12437	1201
K12439	87
K12440	308
K12441	333
K12442	230
K12443	1119
K12444	1475
K12445	3825
K12446	450
K12447	4
K12448	7713
K12449	38
K12450	43
K12451	16
K12452	1429
K12453	918
K12454	1008
K12455	142
K12456	0
K12457	0
K12458	5
K12459	0
K12460	1751
K12461	0
K12462	16
K12463	0
K12464	0
K12465	0
K12466	1019
K12467	0
K12469	28
K12470	8
K12471	0
K12472	509
K12473	2
K12474	0
K12475	0
K12476	2
K12477	0
K12478	579
K12479	0
K12480	5
K12481	0
K12482	15
K12483	187
K12484	1
K12485	2
K12486	0
K12487	7
K12488	0
K12489	20
K12490	0
K12491	0
K12492	0
K12493	1
K12494	0
K12495	0
K12496	0
K12497	0
K12498	0
K12499	0
K12500	5970
K12501	0
K12502	30
K12503	3256
K12504	0
K12505	0
K12506	10592
K12507	1904
K12508	1977
K12509	67
K12510	9666
K12511	9271
K12512	1208
K12513	4277
K12514	720
K12515	2776
K12516	437
K12517	755
K12518	1504
K12519	1507
K12520	14
K12521	815
K12522	21
K12523	67
K12524	4591
K12525	2083
K12526	568
K12527	1094
K12528	2318
K12529	1144
K12530	383
K12531	361
K12532	447
K12536	4014
K12537	4002
K12538	2559
K12541	5231
K12542	5163
K12543	5012
K12544	200
K12545	516
K12546	70
K12547	890
K12548	3504
K12549	2689
K12550	4
K12551	298
K12552	388
K12553	360
K12554	1210
K12555	3018
K12556	1163
K12557	3
K12558	0
K12559	0
K12560	22
K12561	0
K12562	2
K12563	4
K12564	0
K12565	0
K12566	0
K12567	164
K12568	1
K12569	0
K12570	678
K12571	25
K12572	0
K12573	19102
K12574	12934
K12575	603
K12576	0
K12577	0
K12578	0
K12579	0
K12580	0
K12581	0
K12582	1715
K12583	7805
K12584	19
K12585	0
K12586	0
K12587	0
K12589	0
K12590	0
K12591	3
K12592	0
K12593	0
K12594	0
K12595	1
K12596	0
K12597	15
K12598	24
K12599	39
K12600	989
K12601	8
K12602	654
K12603	1
K12604	1257
K12605	0
K12606	1
K12607	13
K12608	1
K12609	0
K12610	0
K12611	0
K12612	0
K12613	2
K12614	1
K12615	4
K12616	6
K12617	0
K12618	0
K12619	0
K12620	0
K12621	0
K12622	0
K12623	0
K12624	0
K12625	0
K12626	1
K12627	1
K12628	20
K12629	181
K12630	27
K12631	22
K12632	2378
K12633	228
K12634	12
K12635	11
K12636	21
K12637	0
K12638	0
K12639	0
K12640	0
K12641	60
K12642	0
K12643	0
K12644	0
K12645	213
K12646	11
K12647	11
K12648	0
K12649	10
K12650	3
K12651	0
K12652	1
K12653	0
K12654	0
K12655	0
K12656	0
K12657	20
K12658	3815
K12659	392
K12660	369
K12661	1189
K12662	183
K12663	2790
K12664	2
K12665	0
K12666	6
K12667	0
K12668	0
K12669	1
K12670	8
K12671	0
K12672	0
K12673	52
K12674	45
K12675	145
K12676	63
K12677	962
K12678	3476
K12679	179
K12681	1735
K12682	78
K12683	133
K12684	681
K12685	5677
K12686	4525
K12687	1214
K12688	358
K12689	111
K12690	1612
K12691	0
K12692	0
K12693	0
K12694	0
K12695	0
K12696	0
K12697	0
K12698	0
K12699	0
K12700	1490
K12701	298
K12702	222
K12703	6
K12704	3
K12705	2
K12706	1940
K12707	14
K12708	1811
K12709	129
K12710	1748
K12711	407
K12712	476
K12713	144
K12714	112
K12719	71
K12720	11
K12721	21
K12722	60
K12723	143
K12724	696
K12729	0
K12730	0
K12731	0
K12732	1
K12733	23
K12734	1
K12735	0
K12736	2070
K12737	7
K12738	0
K12739	0
K12740	1
K12741	3
K12742	3
K12743	162
K12744	15
K12745	11
K12747	1
K12748	82
K12749	0
K12750	0
K12751	6
K12753	0
K12754	1
K12755	3
K12756	0
K12757	0
K12758	2
K12760	0
K12761	2
K12762	2
K12763	0
K12764	0
K12765	1
K12766	0
K12767	2
K12768	55
K12769	0
K12770	0
K12771	0
K12772	0
K12773	4
K12774	0
K12775	7
K12776	39
K12777	0
K12778	0
K12779	0
K12780	0
K12781	0
K12782	0
K12783	0
K12784	16
K12785	20
K12786	14
K12787	17
K12788	16
K12789	10
K12790	36
K12791	2
K12792	0
K12793	0
K12794	0
K12795	223
K12796	285
K12797	0
K12798	0
K12799	1
K12800	62
K12801	0
K12802	0
K12803	0
K12804	2
K12805	1187
K12806	0
K12807	2
K12809	1
K12810	127
K12811	2
K12812	0
K12813	47
K12814	0
K12815	0
K12816	2
K12817	1
K12818	22
K12819	0
K12820	2
K12821	0
K12822	1
K12823	7
K12824	1
K12825	0
K12826	0
K12827	0
K12828	0
K12829	0
K12830	1
K12831	0
K12832	0
K12833	0
K12834	0
K12835	0
K12836	0
K12837	1
K12838	0
K12839	40
K12840	0
K12841	0
K12842	1
K12843	0
K12844	0
K12845	0
K12846	1
K12847	1
K12848	0
K12849	1
K12850	0
K12851	0
K12852	0
K12853	1
K12854	2462
K12855	522
K12856	1
K12857	16
K12858	1
K12859	0
K12860	0
K12861	2
K12862	14
K12863	0
K12864	0
K12865	0
K12866	0
K12867	1
K12868	1
K12869	2
K12870	1
K12871	0
K12872	0
K12873	0
K12874	25
K12875	5
K12876	2
K12877	0
K12878	0
K12879	0
K12880	162
K12881	1
K12882	0
K12883	1
K12884	0
K12885	473
K12886	1
K12887	8
K12888	1
K12889	0
K12890	4
K12891	30
K12892	0
K12893	0
K12894	2
K12895	0
K12896	4
K12897	382
K12898	0
K12899	0
K12900	0
K12901	2
K12902	7
K12903	1
K12904	31
K12905	17
K12906	31
K12907	11
K12908	117
K12909	34
K12910	19
K12911	1
K12912	6
K12913	7
K12914	49
K12915	7
K12917	0
K12918	0
K12919	0
K12920	0
K12921	0
K12922	0
K12923	0
K12924	0
K12925	1
K12926	1
K12927	0
K12928	0
K12929	0
K12930	0
K12931	0
K12932	0
K12933	0
K12934	0
K12935	0
K12936	0
K12937	0
K12938	0
K12939	0
K12940	1132
K12941	3110
K12942	4521
K12943	7359
K12944	4430
K12945	4829
K12946	0
K12947	1
K12948	0
K12949	521
K12950	3103
K12951	0
K12952	5047
K12953	3406
K12954	951
K12955	994
K12956	261
K12957	1767
K12958	0
K12959	0
K12960	14915
K12961	4589
K12962	4482
K12963	2659
K12964	0
K12965	58
K12966	0
K12967	0
K12968	8
K12969	0
K12970	0
K12971	1
K12972	10973
K12973	1758
K12974	2825
K12975	1251
K12976	4728
K12977	89
K12978	4051
K12979	2989
K12980	871
K12981	1200
K12982	1797
K12983	33
K12984	9091
K12985	50
K12986	1147
K12987	2221
K12988	3297
K12989	1138
K12990	2453
K12991	1252
K12992	1394
K12993	642
K12994	821
K12995	83
K12996	2332
K12997	2338
K12998	1756
K12999	2380
K13000	16
K13001	697
K13002	1588
K13003	14
K13004	619
K13005	989
K13006	1289
K13007	3718
K13008	12
K13009	14
K13010	8841
K13011	396
K13012	2552
K13013	83
K13014	2588
K13015	3589
K13016	809
K13017	5340
K13018	5190
K13019	1310
K13020	7623
K13021	5491
K13022	16
K13023	1186
K13024	1
K13025	2
K13026	1
K13027	0
K13028	893
K13029	0
K13030	0
K13031	0
K13032	0
K13033	9
K13034	24
K13035	91
K13037	630
K13038	20695
K13039	950
K13040	1293
K13041	1202
K13042	6
K13043	1354
K13044	0
K13045	0
K13046	17
K13047	66
K13048	196
K13049	4042
K13050	0
K13051	4897
K13052	8378
K13053	3342
K13054	0
K13055	0
K13056	0
K13057	239
K13058	163
K13059	2033
K13060	321
K13061	1351
K13062	197
K13063	1219
K13064	0
K13065	146
K13066	1
K13067	0
K13068	0
K13069	3484
K13070	1
K13071	80
K13072	0
K13073	1
K13074	382
K13075	11704
K13076	1
K13077	0
K13078	0
K13079	1
K13080	0
K13081	0
K13082	17
K13083	0
K13084	9
K13085	114
K13086	216
K13087	0
K13088	37
K13089	1
K13090	1
K13091	74
K13092	4
K13093	1
K13094	6
K13095	2
K13096	1
K13097	0
K13098	0
K13099	0
K13100	6
K13101	0
K13102	0
K13103	14
K13104	0
K13105	0
K13106	0
K13107	0
K13108	4
K13109	0
K13110	0
K13111	4
K13112	1
K13113	0
K13114	4
K13115	0
K13116	3
K13117	2
K13118	0
K13119	0
K13120	0
K13121	0
K13122	95
K13123	0
K13124	6
K13125	0
K13126	21
K13127	0
K13128	0
K13129	0
K13130	0
K13131	2
K13132	0
K13133	9
K13134	0
K13135	0
K13136	0
K13137	106
K13138	3
K13139	0
K13140	0
K13141	40
K13142	0
K13143	1
K13144	0
K13145	0
K13146	0
K13147	0
K13148	8
K13149	0
K13150	0
K13151	0
K13152	0
K13153	0
K13154	0
K13155	2
K13156	0
K13157	0
K13158	0
K13159	0
K13160	0
K13161	9
K13162	0
K13163	19
K13164	0
K13165	9
K13166	0
K13167	0
K13168	0
K13169	3
K13170	8
K13171	10
K13172	7
K13173	0
K13174	0
K13175	1
K13176	5
K13177	19
K13178	0
K13179	0
K13180	0
K13181	5
K13182	0
K13183	2
K13184	0
K13185	3
K13186	79
K13187	2
K13188	0
K13189	0
K13190	0
K13191	0
K13192	2
K13193	1
K13194	4
K13195	2530
K13196	0
K13197	0
K13198	0
K13199	3
K13200	0
K13201	0
K13202	0
K13203	3
K13204	0
K13205	3
K13206	0
K13207	0
K13208	57
K13209	0
K13210	0
K13211	0
K13212	4
K13213	0
K13214	1
K13215	0
K13216	29
K13217	6
K13218	0
K13219	0
K13220	0
K13221	27
K13222	1
K13223	0
K13224	0
K13225	0
K13226	0
K13227	0
K13229	1
K13230	0
K13231	0
K13232	0
K13233	1
K13234	0
K13235	0
K13236	1522
K13237	1270
K13238	1430
K13239	795
K13240	23
K13241	6
K13242	1
K13243	681
K13244	44
K13245	103
K13246	1806
K13247	699
K13248	0
K13249	2
K13250	13
K13251	0
K13252	454
K13254	24
K13255	4774
K13256	5362
K13257	1
K13258	0
K13259	0
K13260	4
K13261	0
K13262	0
K13263	0
K13264	0
K13265	1
K13266	383
K13267	0
K13269	0
K13270	0
K13271	0
K13272	0
K13273	14
K13274	2058
K13275	1025
K13276	2343
K13277	1909
K13278	4413
K13279	5
K13280	2731
K13281	1947
K13282	2882
K13283	17385
K13284	61
K13285	563
K13286	357
K13287	418
K13288	10044
K13289	22
K13290	1626
K13291	0
K13292	21146
K13293	3
K13294	62
K13295	0
K13296	0
K13297	12
K13298	737
K13299	8
K13300	1376
K13301	1343
K13302	1
K13303	8
K13304	0
K13305	0
K13306	58
K13307	1465
K13308	261
K13309	34
K13310	712
K13311	905
K13312	190
K13313	138
K13315	1543
K13316	168
K13317	228
K13318	155
K13319	62
K13320	33
K13322	11
K13326	66
K13327	576
K13328	257
K13329	67
K13330	42
K13332	7
K13333	51
K13334	0
K13335	0
K13336	5
K13337	0
K13338	202
K13339	335
K13340	0
K13341	0
K13342	48
K13343	20
K13344	8
K13345	0
K13346	5
K13347	9
K13348	20
K13349	0
K13350	0
K13351	0
K13352	1
K13353	0
K13354	9
K13355	4644
K13356	1023
K13357	226
K13358	38
K13359	0
K13360	0
K13361	0
K13362	0
K13363	0
K13364	0
K13365	29
K13366	107
K13367	32
K13368	84
K13369	21
K13370	68
K13371	94
K13372	19
K13373	0
K13374	0
K13375	0
K13376	0
K13377	0
K13378	3899
K13379	22
K13380	131
K13381	1770
K13382	0
K13383	16
K13384	1275
K13385	0
K13386	0
K13387	0
K13389	0
K13390	0
K13391	0
K13392	0
K13393	0
K13394	0
K13395	0
K13396	12
K13397	0
K13398	0
K13400	0
K13401	0
K13402	0
K13403	4
K13404	0
K13405	0
K13406	0
K13407	0
K13408	2457
K13409	3205
K13411	39
K13412	664
K13413	3
K13414	1
K13415	7
K13416	0
K13417	0
K13418	11
K13419	1247
K13420	666
K13421	357
K13422	2
K13423	0
K13424	0
K13425	0
K13426	0
K13427	0
K13428	0
K13429	0
K13430	1
K13431	6
K13432	10
K13433	9
K13434	14
K13435	0
K13436	0
K13437	0
K13438	0
K13439	155
K13440	104
K13441	0
K13442	0
K13443	3
K13444	8780
K13445	0
K13446	0
K13447	2
K13448	2944
K13449	1829
K13450	129
K13451	12
K13452	20
K13453	0
K13454	43
K13455	60
K13456	0
K13457	636
K13458	0
K13459	730
K13460	246
K13461	81
K13462	0
K13463	0
K13464	1
K13465	0
K13466	91
K13467	0
K13468	9
K13469	0
K13470	0
K13471	3
K13472	846
K13473	0
K13474	0
K13475	1
K13476	0
K13477	20
K13478	17
K13479	3746
K13480	615
K13481	5017
K13482	4886
K13483	4836
K13484	6
K13485	3966
K13486	2133
K13487	3697
K13488	1934
K13489	1813
K13490	2156
K13491	1864
K13492	0
K13493	0
K13494	0
K13495	0
K13496	12
K13497	2570
K13498	2903
K13499	45
K13500	1510
K13501	7
K13502	3
K13503	1326
K13504	0
K13505	4
K13506	0
K13507	136
K13508	0
K13509	3714
K13510	5
K13511	7
K13512	0
K13513	3495
K13514	0
K13515	0
K13516	0
K13517	0
K13519	0
K13520	2
K13521	0
K13522	7887
K13523	158
K13524	3
K13525	4323
K13526	7
K13527	2939
K13528	0
K13529	7230
K13530	2016
K13531	1349
K13532	2312
K13533	4979
K13534	0
K13535	64
K13536	0
K13537	2
K13538	0
K13539	6
K13540	4406
K13541	5157
K13542	7359
K13543	6318
K13544	274
K13545	54
K13546	122
K13547	183
K13548	63
K13549	191
K13550	170
K13551	5
K13552	5
K13553	23
K13554	35
K13555	15
K13556	10
K13557	10
K13558	40
K13559	329
K13560	27
K13561	24
K13562	50
K13563	87
K13564	1149
K13565	0
K13566	8209
K13567	0
K13568	0
K13570	2061
K13571	2858
K13572	8739
K13573	13727
K13574	1630
K13575	0
K13576	0
K13577	0
K13578	0
K13580	1890
K13581	3507
K13582	6147
K13583	2526
K13584	2526
K13585	83
K13586	290
K13587	6905
K13588	2210
K13589	3415
K13590	8062
K13591	468
K13592	1620
K13593	823
K13594	0
K13596	0
K13598	7240
K13599	4780
K13600	19
K13601	23
K13602	111
K13603	2
K13604	1
K13605	2
K13606	153
K13607	145
K13608	0
K13609	2442
K13610	0
K13611	1391
K13612	424
K13613	940
K13614	988
K13615	161
K13616	524
K13617	19
K13618	1
K13619	63
K13620	587
K13621	1
K13622	1183
K13623	1160
K13624	26
K13625	10
K13626	3153
K13627	0
K13628	11799
K13629	953
K13630	674
K13631	2288
K13632	861
K13633	10036
K13634	5974
K13635	2764
K13636	1425
K13637	3595
K13638	8177
K13639	6640
K13640	4248
K13641	9211
K13642	441
K13643	13069
K13644	0
K13645	21
K13646	85
K13647	56
K13648	0
K13649	0
K13650	1023
K13651	1067
K13652	7867
K13653	8061
K13654	3172
K13655	2406
K13656	1178
K13657	536
K13658	2344
K13659	302
K13660	586
K13661	144
K13662	454
K13663	9368
K13664	227
K13665	952
K13666	0
K13667	904
K13668	5077
K13669	2835
K13670	253
K13671	3051
K13672	2
K13673	0
K13674	0
K13675	0
K13676	19
K13677	977
K13678	1453
K13679	1
K13680	814
K13681	5
K13682	0
K13683	2487
K13684	2030
K13686	1105
K13687	1847
K13688	3141
K13689	162
K13690	10
K13691	0
K13692	0
K13693	4298
K13694	6829
K13695	4736
K13696	0
K13697	6
K13698	73
K13699	5
K13700	662
K13701	86
K13702	2266
K13703	39
K13704	17
K13705	2
K13706	35
K13707	1
K13708	1
K13709	0
K13710	0
K13711	1
K13712	0
K13713	174
K13714	531
K13715	49
K13716	3
K13717	24
K13718	4
K13719	0
K13720	21
K13721	5
K13722	98
K13723	1
K13724	2
K13725	38
K13726	1
K13727	1595
K13728	0
K13729	2
K13730	4183
K13731	903
K13732	1614
K13733	753
K13734	417
K13735	3753
K13736	0
K13737	0
K13738	3
K13739	42
K13740	32
K13741	73
K13742	0
K13743	0
K13744	0
K13745	4622
K13746	5589
K13747	4921
K13748	301
K13749	0
K13750	0
K13751	0
K13752	1
K13753	3
K13754	6
K13755	2
K13756	0
K13757	0
K13758	0
K13759	0
K13760	0
K13761	0
K13762	125
K13763	176
K13764	0
K13765	0
K13766	8405
K13767	1008
K13768	0
K13769	0
K13770	6951
K13771	8359
K13772	1307
K13773	0
K13774	1433
K13775	3153
K13776	1909
K13777	1584
K13778	1499
K13779	1104
K13780	10
K13781	0
K13782	7
K13783	1
K13784	3
K13785	5
K13786	1238
K13787	5335
K13788	14631
K13789	1825
K13790	67
K13791	10
K13792	223
K13793	7
K13794	1024
K13795	1617
K13796	2458
K13797	9727
K13798	2
K13799	2009
K13800	472
K13801	0
K13802	2
K13803	0
K13804	164
K13805	1
K13806	102
K13807	2
K13808	0
K13809	14
K13810	5348
K13811	4
K13812	0
K13813	0
K13814	3
K13815	2273
K13816	1722
K13818	1892
K13819	1672
K13820	266
K13821	11382
K13822	28
K13823	16
K13824	0
K13825	1
K13826	0
K13827	1
K13828	0
K13829	12978
K13830	81
K13831	192
K13832	1181
K13833	1
K13834	93
K13835	2
K13836	0
K13837	16
K13838	0
K13839	0
K13840	0
K13841	0
K13842	0
K13843	0
K13844	0
K13845	0
K13846	0
K13847	0
K13848	0
K13849	7
K13850	0
K13851	3
K13852	1
K13853	1597
K13854	6
K13855	0
K13856	1
K13857	0
K13858	0
K13859	0
K13860	0
K13861	0
K13862	0
K13863	8
K13864	7
K13865	12
K13866	39
K13867	2
K13868	80
K13869	30
K13870	0
K13871	5
K13872	1
K13873	484
K13874	3978
K13875	4046
K13876	2294
K13877	4836
K13878	0
K13879	0
K13880	0
K13881	0
K13882	0
K13883	0
K13884	219
K13885	0
K13886	1
K13887	7
K13888	6072
K13889	4974
K13890	2159
K13891	4513
K13892	6802
K13893	6492
K13894	6454
K13895	6537
K13896	10439
K13897	3
K13898	0
K13899	191
K13900	0
K13901	0
K13902	7
K13903	0
K13904	0
K13905	0
K13906	0
K13907	146
K13908	4
K13909	0
K13910	0
K13911	1
K13912	0
K13913	0
K13914	1
K13915	17
K13916	1
K13917	0
K13918	3730
K13919	1087
K13920	1064
K13921	1820
K13922	1152
K13923	551
K13924	4389
K13925	2598
K13926	3832
K13927	1871
K13928	1974
K13929	3199
K13930	3223
K13931	3117
K13932	3063
K13933	2955
K13934	3205
K13935	2156
K13936	10122
K13937	8
K13938	2603
K13939	176
K13940	4405
K13941	303
K13942	2
K13943	3
K13944	0
K13945	0
K13946	0
K13947	0
K13948	351
K13949	2
K13950	1618
K13951	39
K13952	0
K13953	9008
K13954	5185
K13955	2713
K13956	331
K13957	2
K13958	37
K13959	6
K13960	2
K13961	0
K13962	0
K13963	1761
K13964	0
K13965	45
K13966	14
K13967	807
K13968	0
K13969	0
K13970	0
K13971	0
K13972	0
K13973	0
K13974	13
K13975	0
K13976	0
K13977	0
K13978	2
K13979	8508
K13980	2
K13981	1
K13982	5
K13983	24
K13984	174
K13985	11610
K13986	5
K13987	43
K13988	68
K13989	1
K13990	272
K13991	1949
K13992	553
K13993	11435
K13994	74
K13995	3277
K13996	26
K13997	190
K13998	49
K13999	36
K14000	19
K14001	1
K14002	73
K14003	123
K14004	5
K14005	5
K14006	2
K14007	4
K14008	0
K14009	20
K14010	1
K14011	0
K14012	0
K14013	0
K14014	0
K14015	5
K14016	0
K14017	0
K14018	334
K14019	0
K14020	7
K14021	1
K14022	0
K14023	21
K14024	3
K14025	1
K14026	528
K14027	0
K14028	203
K14029	201
K14030	0
K14031	0
K14032	0
K14033	0
K14034	0
K14035	0
K14036	0
K14037	0
K14038	0
K14039	0
K14040	0
K14041	0
K14042	0
K14043	0
K14044	0
K14045	0
K14046	0
K14047	0
K14048	1044
K14050	17
K14051	1468
K14052	5201
K14053	582
K14054	6281
K14055	11221
K14056	6888
K14057	4664
K14058	10733
K14059	18416
K14060	10296
K14061	4316
K14062	1289
K14063	7814
K14064	897
K14065	46
K14066	0
K14067	649
K14068	0
K14069	4
K14070	0
K14071	0
K14072	0
K14073	29
K14074	1
K14075	10
K14076	0
K14077	0
K14078	0
K14079	0
K14080	637
K14081	9
K14082	536
K14083	858
K14084	444
K14085	1
K14086	401
K14087	354
K14088	400
K14089	421
K14090	491
K14091	2109
K14092	0
K14093	0
K14094	0
K14095	1
K14096	0
K14097	0
K14098	0
K14099	0
K14100	32
K14101	0
K14102	2
K14103	5
K14104	0
K14105	7
K14106	6
K14107	985
K14108	251
K14109	46
K14110	1
K14111	1
K14112	0
K14113	855
K14114	98
K14115	0
K14116	1
K14117	17
K14118	46
K14119	0
K14120	2154
K14121	1
K14122	48
K14123	0
K14124	0
K14125	0
K14126	83
K14127	405
K14128	63
K14129	31
K14130	0
K14131	0
K14132	0
K14133	0
K14134	0
K14135	0
K14136	4581
K14137	0
K14138	349
K14139	0
K14140	0
K14141	0
K14142	0
K14143	0
K14144	0
K14145	0
K14146	0
K14147	0
K14148	0
K14149	0
K14150	0
K14151	0
K14152	54
K14153	5359
K14154	156
K14155	10816
K14156	35
K14157	931
K14158	4
K14159	9261
K14160	5197
K14161	7717
K14162	9367
K14163	4995
K14164	310
K14165	1625
K14166	3242
K14167	1408
K14168	24
K14169	1
K14170	10004
K14171	0
K14172	0
K14173	0
K14174	0
K14175	0
K14176	0
K14177	0
K14178	0
K14179	0
K14180	0
K14181	0
K14182	0
K14183	0
K14184	0
K14185	0
K14186	0
K14187	3167
K14188	6588
K14189	6454
K14190	42
K14191	14
K14192	838
K14193	89
K14194	5673
K14195	1343
K14196	624
K14197	82
K14198	52
K14199	86
K14200	44
K14201	198
K14202	5
K14203	19
K14204	28
K14205	10071
K14206	30
K14207	1
K14208	7920
K14209	5
K14210	1721
K14211	3
K14212	0
K14213	4220
K14214	0
K14215	596
K14216	137
K14217	6
K14242	0
K14244	2462
K14245	4
K14246	5
K14249	9
K14250	1720
K14251	526
K14252	1355
K14253	2648
K14254	3222
K14255	171
K14256	2325
K14257	614
K14258	23
K14259	3895
K14260	10520
K14261	6391
K14262	75
K14263	121
K14264	1
K14265	0
K14266	1054
K14267	8069
K14268	1805
K14270	0
K14271	7
K14272	0
K14273	3504
K14274	3691
K14275	25
K14281	0
K14282	0
K14283	0
K14284	0
K14285	7
K14286	3299
K14287	5296
K14288	0
K14289	0
K14290	1
K14291	0
K14292	906
K14293	7
K14294	3
K14295	0
K14296	11
K14297	1
K14298	0
K14299	1
K14300	0
K14301	1
K14302	0
K14303	0
K14304	0
K14305	0
K14306	3
K14307	11
K14308	2
K14309	0
K14310	0
K14311	0
K14312	1
K14313	0
K14314	657
K14315	2
K14316	0
K14317	2
K14318	9
K14319	175
K14320	36
K14321	0
K14322	0
K14323	0
K14324	0
K14325	18
K14326	143
K14327	1
K14328	0
K14329	0
K14330	904
K14331	473
K14332	4
K14333	1026
K14334	18
K14335	2409
K14336	27
K14337	3349
K14338	1770
K14339	1871
K14340	4937
K14341	0
K14342	100
K14343	1
K14344	0
K14345	0
K14346	4
K14347	7430
K14348	4527
K14349	443
K14350	0
K14351	92
K14352	0
K14353	0
K14354	0
K14355	0
K14356	1
K14357	0
K14358	292
K14359	4
K14360	0
K14361	18
K14362	0
K14363	6
K14364	0
K14365	2
K14366	23
K14367	2
K14368	75
K14369	270
K14370	89
K14371	15
K14372	3
K14373	21
K14374	39
K14375	7
K14376	131
K14377	0
K14378	0
K14379	1888
K14380	0
K14381	1
K14382	1
K14383	4
K14384	0
K14385	0
K14386	328
K14387	87
K14388	426
K14389	5
K14390	0
K14391	408
K14392	5467
K14393	10227
K14394	1497
K14395	0
K14396	1
K14397	0
K14398	0
K14399	5
K14400	2
K14401	0
K14402	4
K14403	56
K14404	0
K14405	6
K14406	0
K14407	284
K14408	0
K14409	0
K14410	107
K14411	0
K14412	6
K14413	0
K14414	1794
K14415	6828
K14416	1
K14417	1
K14418	0
K14419	47
K14420	40
K14421	331
K14422	4063
K14423	2
K14424	56
K14425	0
K14426	0
K14427	9
K14428	6
K14429	1
K14430	46
K14431	0
K14432	1
K14433	0
K14434	206
K14435	1
K14436	9
K14437	10
K14438	0
K14439	378
K14440	4444
K14441	13122
K14442	6
K14443	4
K14444	4
K14445	9675
K14446	1090
K14447	1785
K14448	1108
K14449	1865
K14451	2812
K14452	10
K14453	93
K14454	0
K14455	6
K14456	8
K14457	66
K14458	143
K14459	157
K14460	0
K14461	1
K14462	1
K14463	21
K14464	69
K14465	499
K14466	949
K14467	8
K14468	18
K14469	33
K14470	1068
K14471	62
K14472	37
K14473	0
K14474	0
K14475	2374
K14477	4
K14478	0
K14479	5
K14480	72
K14481	1743
K14482	26
K14484	0
K14485	0
K14486	1
K14487	2573
K14488	0
K14489	81
K14490	0
K14491	0
K14492	3
K14493	0
K14494	26
K14495	0
K14496	1
K14497	2
K14498	0
K14499	0
K14500	2
K14501	0
K14502	0
K14503	6
K14504	0
K14505	0
K14506	386
K14507	2
K14508	1
K14509	179
K14510	1
K14512	0
K14513	0
K14514	0
K14515	12
K14516	0
K14517	2
K14518	178
K14519	1273
K14520	4100
K14521	5
K14522	0
K14523	0
K14524	0
K14525	1
K14526	0
K14527	0
K14528	0
K14529	0
K14530	2
K14531	1
K14532	0
K14533	0
K14534	621
K14535	0
K14536	0
K14537	1
K14538	0
K14539	5
K14540	7750
K14541	26
K14543	0
K14544	4
K14545	1
K14546	28
K14547	0
K14548	101
K14549	15
K14550	5
K14551	7
K14552	15
K14553	58
K14554	45
K14555	151
K14556	146
K14557	5
K14558	31
K14559	0
K14560	0
K14561	0
K14562	0
K14563	1
K14564	0
K14565	0
K14566	0
K14567	0
K14568	0
K14569	4
K14570	1
K14571	343
K14572	320
K14573	20
K14574	0
K14575	3357
K14577	0
K14578	740
K14579	30
K14580	20
K14581	657
K14582	22
K14583	16
K14584	4972
K14585	53
K14586	323
K14587	176
K14588	2516
K14589	17
K14590	0
K14591	1619
K14592	8
K14593	0
K14594	0
K14595	0
K14596	3428
K14597	3117
K14598	685
K14599	8
K14600	29
K14601	6
K14602	6
K14603	10
K14604	20
K14605	97
K14606	131
K14607	4
K14608	6
K14609	0
K14610	0
K14611	25
K14612	0
K14613	4
K14614	2
K14615	0
K14616	70
K14617	2
K14618	5
K14619	95
K14620	0
K14621	5
K14622	0
K14623	1785
K14624	0
K14625	0
K14626	599
K14627	268
K14628	429
K14629	2553
K14630	205
K14631	1098
K14632	1443
K14633	1535
K14634	16
K14635	0
K14636	11
K14637	134
K14638	3
K14639	0
K14640	87
K14641	0
K14642	0
K14643	0
K14644	1
K14645	3954
K14647	3798
K14648	66
K14649	0
K14650	1
K14651	1
K14652	16634
K14653	9
K14654	7940
K14655	17
K14656	1372
K14657	8129
K14658	581
K14659	705
K14660	1181
K14661	884
K14662	15
K14663	3
K14664	1343
K14665	980
K14666	472
K14667	595
K14668	551
K14669	509
K14670	1501
K14671	539
K14672	1912
K14673	11427
K14674	446
K14675	4
K14676	599
K14677	6
K14678	0
K14679	2
K14680	570
K14681	2393
K14682	5913
K14683	803
K14684	106
K14685	6
K14686	1
K14687	0
K14688	118
K14689	30
K14690	2
K14691	0
K14692	350
K14693	0
K14695	1
K14696	4805
K14697	4
K14698	4477
K14699	4501
K14700	0
K14701	1
K14702	2
K14703	9
K14704	2
K14705	1
K14706	0
K14707	14
K14708	209
K14709	218
K14710	0
K14711	0
K14712	0
K14713	1
K14714	0
K14715	0
K14716	0
K14717	286
K14718	1
K14719	19
K14720	0
K14721	0
K14722	0
K14723	0
K14724	1
K14725	0
K14726	62
K14727	6756
K14728	1547
K14729	1652
K14730	380
K14731	13677
K14732	28
K14733	2124
K14734	2
K14735	245
K14736	6
K14737	0
K14738	0
K14739	1
K14740	0
K14741	0
K14742	21053
K14743	2649
K14744	1774
K14745	40
K14746	13
K14747	12
K14748	94
K14749	488
K14750	110
K14751	14
K14752	0
K14753	19
K14754	0
K14755	427
K14756	2
K14757	0
K14758	2
K14759	27
K14760	7
K14761	11038
K14762	1653
K14763	24
K14764	0
K14765	0
K14766	0
K14767	0
K14768	1
K14769	0
K14770	6
K14771	1
K14772	0
K14773	0
K14774	1
K14775	1
K14776	0
K14777	2
K14778	15
K14779	6
K14780	1
K14781	2
K14782	0
K14783	0
K14784	0
K14785	0
K14786	0
K14787	5
K14788	0
K14789	1
K14790	0
K14791	0
K14792	1877
K14793	26
K14794	5
K14795	3
K14796	0
K14797	0
K14798	0
K14799	0
K14800	0
K14801	185
K14802	8
K14803	18
K14804	0
K14805	0
K14806	2
K14807	4
K14808	1
K14809	7
K14810	3
K14811	1
K14812	0
K14813	0
K14814	0
K14815	1
K14816	0
K14817	0
K14818	9
K14819	2339
K14820	0
K14821	0
K14822	0
K14823	0
K14824	0
K14825	0
K14826	949
K14827	4
K14828	0
K14829	29
K14830	22
K14831	0
K14832	0
K14833	0
K14834	0
K14835	2
K14836	2
K14837	246
K14838	3
K14839	0
K14840	1
K14841	2
K14842	0
K14843	0
K14844	0
K14845	0
K14846	1
K14847	0
K14848	0
K14849	0
K14850	6
K14851	0
K14852	0
K14853	0
K14854	0
K14855	104
K14856	0
K14857	0
K14858	0
K14859	1
K14860	0
K14861	4
K14862	0
K14863	29
K14864	0
K14937	9
K14938	66
K14939	6
K14940	1289
K14941	2392
K14942	0
K14943	0
K14944	0
K14945	0
K14946	0
K14947	0
K14948	0
K14949	1954
K14950	1
K14951	0
K14952	4098
K14953	1388
K14954	1884
K14955	604
K14956	4464
K14957	0
K14958	0
K14959	0
K14960	2
K14961	14
K14962	15
K14963	366
K14964	0
K14965	1
K14966	0
K14967	0
K14968	0
K14969	0
K14970	0
K14971	0
K14972	5
K14973	0
K14974	1500
K14975	1
K14976	0
K14977	3582
K14978	350
K14979	1189
K14980	3279
K14981	3293
K14982	3950
K14983	3020
K14984	0
K14985	17
K14986	6241
K14987	5672
K14988	492
K14989	595
K14990	0
K14991	0
K14992	1
K14993	3
K14994	1
K14995	2
K14996	22
K14997	2
K14998	8822
K14999	3
K15001	64
K15003	31
K15004	14
K15005	13
K15006	0
K15007	8
K15008	0
K15009	17
K15010	172
K15011	5874
K15012	5894
K15013	301
K15014	3
K15015	2
K15016	445
K15017	17
K15018	2
K15019	1441
K15020	163
K15022	2410
K15023	905
K15024	2172
K15025	0
K15026	10
K15027	5
K15028	0
K15029	0
K15030	0
K15031	0
K15032	2
K15033	0
K15034	10137
K15036	4
K15037	157
K15038	2
K15039	0
K15040	0
K15041	0
K15042	1252
K15043	0
K15044	0
K15045	216
K15046	587
K15047	3
K15048	13
K15049	0
K15050	5
K15051	3239
K15052	38
K15053	0
K15054	2077
K15055	10360
K15056	622
K15057	4649
K15058	83
K15059	83
K15060	574
K15061	11
K15062	88
K15063	793
K15064	46
K15065	256
K15066	411
K15067	1675
K15068	27
K15069	19
K15070	4
K15071	3
K15072	32
K15073	7
K15074	0
K15075	0
K15076	7
K15077	0
K15078	5
K15079	0
K15080	1
K15081	0
K15082	0
K15083	463
K15084	0
K15085	0
K15086	0
K15087	0
K15088	0
K15089	0
K15090	1
K15091	1
K15092	0
K15093	0
K15094	0
K15095	135
K15096	0
K15097	0
K15098	0
K15099	0
K15100	27
K15101	15
K15102	0
K15103	1
K15104	2
K15105	0
K15106	0
K15107	0
K15108	1
K15109	49
K15110	2
K15111	9
K15112	0
K15113	0
K15114	0
K15115	1
K15116	0
K15117	0
K15118	34
K15119	3
K15120	0
K15121	0
K15122	1
K15123	0
K15124	1
K15125	4046
K15126	79
K15127	0
K15128	0
K15129	0
K15130	0
K15131	0
K15132	0
K15133	0
K15134	0
K15135	0
K15136	0
K15137	0
K15138	1
K15139	0
K15140	0
K15141	0
K15142	0
K15143	0
K15144	0
K15145	0
K15146	0
K15147	0
K15148	0
K15149	0
K15150	1
K15151	0
K15152	0
K15153	0
K15154	0
K15155	0
K15156	11
K15157	0
K15158	0
K15159	0
K15160	0
K15161	0
K15162	0
K15163	1
K15164	0
K15165	1
K15166	2
K15167	0
K15168	1
K15169	0
K15170	0
K15171	0
K15172	4
K15173	37
K15174	1
K15175	0
K15176	657
K15177	0
K15178	0
K15179	0
K15180	0
K15181	0
K15182	0
K15183	0
K15184	0
K15185	0
K15186	7
K15187	0
K15188	0
K15189	47
K15190	4
K15191	0
K15192	4114
K15193	0
K15194	7
K15195	1
K15196	6
K15197	7
K15198	0
K15199	1
K15200	1
K15201	2090
K15202	0
K15203	0
K15204	0
K15205	0
K15206	221
K15207	0
K15208	0
K15209	0
K15210	0
K15211	0
K15212	1
K15213	1
K15214	0
K15215	0
K15216	2
K15217	1
K15218	100
K15219	0
K15220	0
K15221	0
K15222	0
K15223	1096
K15224	0
K15225	3
K15226	181
K15227	28
K15228	723
K15229	803
K15230	28
K15231	31
K15232	139
K15233	89
K15234	1532
K15235	0
K15236	475
K15237	4
K15238	8
K15239	57
K15240	2
K15241	89
K15242	16
K15243	37
K15244	26
K15245	22
K15246	0
K15253	30
K15254	22
K15255	3305
K15256	13429
K15257	6281
K15258	0
K15259	5
K15260	77
K15261	189
K15262	0
K15263	0
K15264	3
K15265	0
K15266	8
K15267	0
K15268	15545
K15269	9317
K15270	9412
K15271	17
K15272	3
K15273	0
K15274	0
K15275	0
K15276	0
K15277	0
K15278	1
K15279	1
K15280	1
K15281	0
K15282	0
K15283	5
K15284	0
K15285	0
K15286	1
K15287	0
K15288	7
K15289	10
K15290	7
K15291	0
K15292	0
K15293	3
K15294	5
K15295	0
K15296	20
K15297	0
K15298	0
K15299	0
K15300	0
K15301	0
K15302	4
K15303	221
K15304	0
K15305	1
K15306	0
K15307	0
K15308	1
K15309	0
K15310	0
K15311	283
K15312	281
K15313	246
K15314	1458
K15315	534
K15316	4
K15317	0
K15318	10
K15319	3
K15320	411
K15321	34
K15322	0
K15323	0
K15324	1
K15325	0
K15326	0
K15327	179
K15328	290
K15329	960
K15331	36
K15332	3
K15333	44
K15334	1
K15335	0
K15336	21
K15337	341
K15338	0
K15340	3
K15341	0
K15342	7432
K15343	23
K15344	301
K15345	296
K15346	308
K15347	101
K15348	0
K15349	112
K15350	190
K15351	44
K15352	1023
K15353	558
K15354	93
K15355	241
K15356	0
K15357	1150
K15358	814
K15359	878
K15360	0
K15361	16
K15362	7
K15363	2604
K15364	0
K15365	9
K15366	1213
K15367	214
K15368	1128
K15369	16
K15370	0
K15371	7472
K15372	2457
K15373	1135
K15374	0
K15375	0
K15376	21
K15377	1
K15378	16
K15379	0
K15380	6
K15381	3
K15382	1678
K15383	2757
K15384	0
K15385	0
K15386	0
K15387	43
K15388	0
K15389	1
K15390	0
K15391	0
K15392	0
K15393	3
K15394	9
K15395	455
K15396	5177
K15397	2
K15398	0
K15400	0
K15401	0
K15402	0
K15403	0
K15404	4
K15405	0
K15406	0
K15407	0
K15408	1742
K15409	1
K15410	46
K15411	1
K15412	0
K15413	0
K15414	0
K15415	0
K15416	4
K15417	1
K15418	0
K15419	0
K15420	0
K15421	124
K15422	60
K15423	0
K15424	9
K15425	0
K15426	2
K15427	0
K15428	238
K15429	20
K15430	2
K15431	98
K15432	0
K15433	0
K15434	0
K15435	126
K15436	1
K15437	608
K15438	7
K15439	2
K15440	0
K15441	16
K15442	16
K15443	7
K15444	1068
K15445	5
K15446	149
K15447	0
K15448	5
K15449	0
K15450	1
K15451	225
K15452	0
K15453	0
K15454	30
K15455	0
K15456	2
K15457	0
K15458	0
K15460	12158
K15461	9297
K15462	110
K15463	0
K15464	0
K15465	0
K15466	65
K15467	1216
K15468	211
K15469	253
K15470	21
K15471	31
K15472	0
K15473	51
K15474	564
K15475	3282
K15476	84
K15477	42
K15478	35
K15479	43
K15480	95
K15481	145
K15482	58
K15483	7
K15484	15
K15485	0
K15486	124
K15487	81
K15488	16
K15490	89
K15491	36
K15492	125
K15493	0
K15494	0
K15495	430
K15496	245
K15497	383
K15498	1
K15499	0
K15500	3
K15501	1
K15502	358
K15503	465
K15504	13
K15505	223
K15506	0
K15507	1
K15508	2
K15509	1819
K15510	2566
K15511	750
K15512	1007
K15513	1001
K15514	306
K15515	517
K15516	11
K15517	1
K15518	2574
K15519	3538
K15520	8849
K15521	4337
K15522	45
K15523	6400
K15524	2368
K15525	2789
K15526	2805
K15527	128
K15528	19
K15529	1420
K15530	2349
K15531	907
K15532	3814
K15533	824
K15534	177
K15535	283
K15536	2152
K15537	5653
K15538	831
K15539	13481
K15540	3174
K15541	1
K15542	2
K15543	0
K15544	1
K15545	3435
K15546	2549
K15547	3893
K15548	4875
K15549	3702
K15550	3554
K15551	4614
K15552	5332
K15553	10705
K15554	12114
K15555	6831
K15556	12
K15557	12
K15558	12
K15559	5
K15560	0
K15561	2
K15562	1
K15563	0
K15564	0
K15565	1
K15566	7
K15567	4
K15568	12
K15569	8
K15570	10
K15571	5
K15572	11
K15573	5
K15574	0
K15575	31
K15576	4445
K15577	3451
K15578	3099
K15579	415
K15580	11251
K15581	6980
K15582	10492
K15583	8800
K15584	1777
K15585	2248
K15586	2123
K15587	1012
K15588	2
K15589	0
K15590	0
K15591	0
K15592	0
K15593	0
K15594	0
K15595	1
K15596	0
K15598	2655
K15599	5843
K15600	1470
K15601	3
K15602	1
K15603	0
K15604	0
K15605	0
K15606	0
K15607	0
K15608	0
K15609	0
K15610	0
K15611	0
K15612	0
K15613	0
K15614	1
K15615	0
K15616	0
K15617	0
K15618	1
K15619	11
K15620	1009
K15621	0
K15622	0
K15623	0
K15624	0
K15625	0
K15626	0
K15627	0
K15628	0
K15629	2258
K15630	27
K15631	301
K15632	167
K15633	11803
K15634	13283
K15635	2626
K15636	0
K15637	603
K15638	0
K15639	0
K15640	1320
K15641	572
K15642	1038
K15643	783
K15644	40
K15645	81
K15646	24
K15647	21
K15648	22
K15649	23
K15650	412
K15651	27
K15652	617
K15653	828
K15654	915
K15655	1660
K15656	131
K15657	191
K15658	652
K15659	829
K15660	1067
K15661	699
K15662	715
K15663	418
K15664	145
K15665	222
K15666	943
K15667	527
K15668	190
K15669	890
K15670	338
K15671	191
K15672	33
K15673	129
K15674	139
K15675	236
K15676	193
K15677	589
K15678	157
K15679	101
K15680	0
K15681	33
K15682	2
K15683	0
K15684	0
K15685	0
K15686	0
K15687	0
K15688	93
K15689	0
K15690	0
K15691	5
K15692	54
K15693	60
K15694	0
K15695	0
K15696	0
K15697	0
K15698	0
K15699	1
K15700	0
K15701	1
K15702	0
K15703	0
K15704	0
K15705	0
K15706	0
K15707	1640
K15708	0
K15709	0
K15710	7
K15711	471
K15712	51
K15713	0
K15714	0
K15715	0
K15716	1
K15717	60
K15718	0
K15719	2800
K15720	647
K15721	2534
K15722	573
K15723	2242
K15724	11201
K15725	7414
K15726	5691
K15727	6396
K15728	1
K15729	363
K15730	1
K15731	21
K15732	1
K15733	1732
K15734	3639
K15735	6596
K15736	3720
K15737	783
K15738	19912
K15739	340
K15740	3212
K15741	6
K15742	1
K15743	13
K15744	549
K15745	9
K15746	1928
K15747	0
K15748	2
K15749	0
K15750	109
K15751	187
K15752	63
K15753	0
K15754	267
K15755	140
K15756	56
K15757	25
K15758	147
K15759	0
K15760	175
K15761	167
K15762	1036
K15763	178
K15764	182
K15765	190
K15766	0
K15767	0
K15768	192
K15769	10
K15770	5104
K15771	4296
K15772	4858
K15773	14142
K15774	0
K15775	0
K15776	0
K15777	9431
K15778	6965
K15779	6774
K15780	13281
K15781	7850
K15782	2650
K15783	2386
K15784	1932
K15785	1612
K15786	1366
K15787	0
K15789	3098
K15790	1241
K15791	0
K15792	3342
K15793	1
K15794	1
K15795	0
K15796	0
K15797	0
K15798	0
K15799	0
K15800	0
K15801	0
K15802	0
K15803	0
K15804	1
K15805	0
K15806	0
K15807	0
K15808	0
K15809	0
K15810	30
K15811	1
K15812	0
K15813	4
K15814	0
K15815	0
K15816	0
K15817	0
K15818	0
K15819	0
K15820	0
K15821	0
K15822	0
K15823	0
K15824	0
K15825	543
K15826	0
K15827	725
K15828	782
K15829	1065
K15830	1510
K15831	1422
K15832	1998
K15833	720
K15834	943
K15835	3127
K15836	2519
K15837	1019
K15838	0
K15839	28
K15840	0
K15842	25
K15843	47
K15844	41
K15845	49
K15846	59
K15847	43
K15848	97
K15849	23
K15850	226
K15852	172
K15853	106
K15854	88
K15855	739
K15856	3330
K15857	22
K15858	12
K15859	23
K15860	57
K15861	796
K15862	1910
K15863	57
K15864	653
K15865	35
K15866	10050
K15867	6
K15868	1960
K15869	13
K15870	218
K15871	14
K15872	1570
K15873	52
K15874	17
K15876	1262
K15877	1
K15878	331
K15879	56
K15884	116
K15885	518
K15886	58
K15887	0
K15888	9
K15889	925
K15890	170
K15891	102
K15892	1
K15893	1
K15894	3197
K15895	416
K15896	1968
K15897	2921
K15898	2550
K15899	1662
K15901	0
K15902	0
K15903	0
K15904	158
K15907	165
K15908	0
K15909	0
K15910	349
K15911	23
K15912	374
K15913	2379
K15914	2881
K15915	6137
K15916	2017
K15918	1152
K15919	2485
K15920	408
K15921	3588
K15922	913
K15923	3746
K15924	1255
K15925	7
K15926	224
K15927	62
K15928	238
K15929	20
K15930	834
K15931	13
K15932	2365
K15933	3
K15934	1
K15935	10
K15936	6
K15937	2
K15938	1
K15939	0
K15941	2511
K15942	529
K15943	346
K15944	352
K15945	3197
K15946	7
K15947	37
K15948	19
K15949	515
K15950	25
K15951	6
K15952	12
K15953	115
K15954	9
K15955	43
K15956	118
K15957	353
K15958	4
K15959	1
K15960	26
K15961	3
K15962	33
K15963	77
K15964	2
K15965	1
K15966	7
K15967	1262
K15968	73
K15969	567
K15970	318
K15971	3252
K15972	19
K15973	14261
K15974	8966
K15975	4115
K15976	4626
K15977	14610
K15978	0
K15979	4
K15980	1726
K15981	1696
K15982	1878
K15983	1985
K15984	6977
K15985	0
K15986	7101
K15987	6379
K15988	9
K15989	12
K15990	23
K15991	24
K15992	19
K15993	28
K15994	13
K15995	195
K15996	16
K15997	13
K15998	3
K15999	503
K16000	36
K16001	12
K16002	7
K16003	8
K16004	4
K16005	37
K16006	423
K16007	36
K16008	2
K16009	3
K16010	0
K16011	9332
K16012	8055
K16013	8541
K16014	2909
K16015	174
K16016	231
K16017	288
K16018	155
K16019	1938
K16020	107
K16021	132
K16022	881
K16023	66
K16024	193
K16025	517
K16026	227
K16027	1937
K16028	3120
K16029	8
K16030	6
K16031	1
K16032	5
K16033	809
K16034	1
K16035	35
K16036	54
K16037	195
K16038	1091
K16039	146
K16040	1
K16041	13
K16042	39
K16043	4083
K16044	9941
K16045	551
K16046	1772
K16047	3528
K16048	5198
K16049	1655
K16050	2166
K16051	2091
K16052	7972
K16053	5643
K16054	2
K16055	731
K16056	3
K16057	0
K16058	0
K16059	1
K16060	1
K16061	8
K16062	0
K16063	0
K16064	0
K16065	0
K16066	14015
K16067	1
K16068	0
K16069	0
K16070	0
K16071	1
K16072	19
K16073	3
K16074	5822
K16075	45
K16076	1315
K16077	1523
K16078	3799
K16079	4860
K16080	776
K16081	1242
K16082	0
K16083	0
K16084	0
K16085	0
K16086	0
K16087	9732
K16088	4634
K16089	8762
K16090	9215
K16091	5512
K16092	9718
K16093	738
K16094	343
K16095	2129
K16096	4
K16097	249
K16098	7
K16099	47
K16100	7
K16101	6
K16102	22
K16103	13
K16104	54
K16105	208
K16106	99
K16107	13
K16108	90
K16109	7
K16110	21
K16111	11
K16112	69
K16113	38
K16114	5
K16115	38
K16116	5
K16117	310
K16118	1243
K16122	64
K16123	900
K16124	4319
K16125	263
K16126	104
K16127	377
K16128	26
K16129	231
K16130	395
K16131	159
K16132	234
K16133	66
K16134	89
K16135	7237
K16136	1235
K16137	13188
K16138	7227
K16139	291
K16140	126
K16141	10
K16142	1
K16143	213
K16144	2
K16145	4
K16146	2790
K16147	6396
K16148	4591
K16149	1844
K16150	11757
K16151	11
K16152	2161
K16153	4202
K16157	23
K16158	34
K16159	34
K16160	30
K16161	220
K16162	25
K16163	2648
K16164	5639
K16165	6295
K16166	0
K16167	3918
K16168	3309
K16169	2999
K16170	219
K16171	4536
K16172	0
K16173	726
K16174	0
K16175	79
K16176	32
K16177	25
K16178	16
K16179	1468
K16180	113
K16181	117
K16182	45
K16183	1927
K16184	10
K16185	0
K16186	0
K16188	983
K16189	0
K16190	44
K16191	7738
K16192	300
K16193	1311
K16194	3
K16195	13
K16196	8
K16197	2
K16198	0
K16199	1156
K16200	2105
K16201	993
K16202	433
K16203	2805
K16204	0
K16205	0
K16206	0
K16207	0
K16208	0
K16209	659
K16210	1446
K16211	3756
K16212	1005
K16213	3212
K16214	1763
K16215	111
K16216	3483
K16217	525
K16218	555
K16219	1
K16220	5
K16221	0
K16222	1
K16223	2
K16224	0
K16225	0
K16226	18
K16227	1495
K16228	1067
K16229	735
K16230	3
K16231	3
K16232	86
K16233	184
K16234	2202
K16235	2294
K16236	139
K16237	1377
K16238	5131
K16239	543
K16240	1
K16241	0
K16242	670
K16243	525
K16244	516
K16245	511
K16246	1403
K16247	3259
K16248	356
K16249	490
K16250	195
K16251	4
K16252	2
K16253	0
K16254	1117
K16255	288
K16256	354
K16257	397
K16258	399
K16259	364
K16260	4197
K16261	11
K16262	17
K16263	2644
K16264	15307
K16265	0
K16266	0
K16267	2562
K16268	9
K16269	10
K16270	6
K16271	0
K16272	5
K16273	0
K16274	0
K16275	0
K16276	725
K16277	0
K16278	0
K16279	0
K16280	0
K16281	1
K16282	0
K16283	0
K16284	0
K16285	0
K16286	0
K16287	0
K16288	361
K16289	35
K16290	0
K16291	8683
K16292	61
K16293	301
K16294	357
K16295	2
K16296	10
K16297	0
K16298	42
K16301	5656
K16302	171
K16303	639
K16304	123
K16305	85
K16306	1230
K16307	10
K16308	316
K16309	0
K16310	7
K16311	0
K16312	0
K16313	0
K16314	0
K16315	1
K16316	2
K16317	262
K16318	1022
K16319	609
K16320	1769
K16321	439
K16322	4604
K16323	1017
K16324	301
K16325	149
K16326	2270
K16327	2354
K16328	3357
K16329	4030
K16330	169
K16331	402
K16332	0
K16333	0
K16334	0
K16335	0
K16336	2
K16337	0
K16338	1
K16339	3726
K16340	233
K16341	0
K16342	29
K16343	63
K16344	0
K16345	5644
K16346	476
K16347	1665
K16348	4191
K16349	1
K16350	1
K16351	82
K16352	0
K16353	342
K16354	0
K16355	0
K16356	0
K16357	0
K16358	6
K16359	0
K16360	45
K16361	3
K16362	3
K16363	1818
K16364	4
K16365	567
K16366	0
K16367	0
K16368	16
K16369	15
K16370	2280
K16371	2385
K16372	400
K16373	23
K16374	128
K16375	7
K16376	30
K16377	12
K16378	179
K16379	5
K16380	446
K16381	971
K16382	23
K16383	150
K16384	835
K16385	264
K16386	471
K16387	48
K16388	97
K16389	106
K16390	279
K16391	21
K16392	73
K16393	337
K16394	3
K16395	120
K16396	15
K16397	260
K16398	22
K16399	4
K16400	59
K16401	18
K16402	17
K16403	74
K16404	0
K16405	1
K16406	24
K16407	3
K16408	8
K16409	23
K16410	10
K16411	0
K16412	7
K16413	335
K16414	48
K16415	8
K16416	4727
K16417	83
K16418	73
K16419	98
K16420	22
K16421	388
K16422	4556
K16423	496
K16424	206
K16425	171
K16426	399
K16427	216
K16428	385
K16429	744
K16430	133
K16431	2909
K16432	88
K16433	145
K16434	1148
K16435	605
K16436	687
K16437	2169
K16438	449
K16439	2
K16440	8
K16442	9
K16443	3
K16444	1934
K16445	73
K16446	250
K16447	8
K16448	143
K16449	2
K16450	28
K16451	15
K16452	14
K16453	0
K16454	0
K16455	2
K16456	6
K16457	31
K16458	2
K16459	5
K16460	13
K16461	382
K16462	25
K16463	3
K16464	320
K16465	83
K16466	1
K16467	14
K16468	7
K16469	60
K16470	5
K16471	1
K16472	0
K16473	1
K16474	323
K16475	18
K16476	30
K16477	126
K16478	0
K16479	11
K16480	3
K16481	10
K16482	167
K16483	0
K16484	0
K16485	1
K16486	0
K16487	203
K16488	13
K16489	3
K16490	3
K16491	0
K16492	2
K16493	0
K16494	1
K16495	3
K16496	3
K16497	0
K16498	22
K16499	1
K16500	43
K16501	14
K16502	38
K16503	89
K16504	7
K16505	20
K16506	161
K16507	417
K16509	3445
K16510	19
K16511	4232
K16512	0
K16513	0
K16514	2787
K16515	1278
K16516	2267
K16517	1120
K16518	7
K16519	0
K16520	0
K16521	0
K16522	1
K16523	0
K16524	0
K16525	0
K16526	0
K16527	0
K16528	0
K16529	0
K16530	0
K16531	663
K16532	8
K16533	171
K16534	3
K16535	0
K16536	121
K16537	0
K16538	6
K16539	0
K16540	2
K16541	1
K16542	11
K16543	23
K16544	1
K16545	0
K16546	1
K16547	20
K16548	0
K16549	28
K16550	130
K16551	79
K16552	960
K16553	181
K16554	5801
K16555	3842
K16556	1548
K16557	3747
K16558	922
K16559	5035
K16560	737
K16561	365
K16562	388
K16563	379
K16564	539
K16565	492
K16566	4600
K16567	5810
K16568	16139
K16569	0
K16570	0
K16571	0
K16572	0
K16573	1
K16574	0
K16575	1
K16576	0
K16578	4
K16579	0
K16580	0
K16581	0
K16582	7
K16583	0
K16584	0
K16585	5
K16586	2
K16587	0
K16588	1
K16589	0
K16590	0
K16591	0
K16593	3317
K16594	36
K16595	0
K16596	0
K16597	0
K16598	0
K16599	0
K16600	1
K16601	71
K16602	3
K16603	7
K16604	46
K16605	12
K16606	1
K16607	0
K16608	1
K16609	0
K16610	0
K16611	0
K16612	0
K16613	0
K16614	0
K16615	5
K16616	0
K16617	7
K16618	3
K16619	494
K16620	4
K16621	36
K16622	0
K16623	51
K16624	315
K16625	26
K16626	27
K16627	0
K16628	635
K16629	16
K16630	4
K16631	0
K16632	0
K16633	0
K16634	54
K16635	29
K16636	46
K16637	263
K16638	257
K16639	8446
K16640	0
K16641	0
K16642	0
K16643	15
K16644	29
K16645	1683
K16646	3
K16647	1420
K16648	2347
K16649	3587
K16650	2159
K16651	1708
K16652	3082
K16653	4188
K16654	118
K16655	0
K16656	0
K16657	0
K16658	0
K16659	4
K16660	0
K16661	0
K16662	0
K16663	4
K16664	3
K16665	4
K16666	0
K16667	43
K16668	2
K16669	1099
K16670	0
K16671	1
K16672	0
K16673	0
K16674	0
K16675	0
K16676	0
K16677	2
K16678	11
K16679	0
K16680	9
K16681	24
K16682	0
K16683	0
K16684	1
K16685	0
K16686	0
K16687	0
K16688	1
K16689	0
K16690	1
K16691	0
K16692	6392
K16693	2359
K16694	4447
K16695	5637
K16696	158
K16697	3871
K16698	10588
K16699	4612
K16700	340
K16701	165
K16702	2291
K16703	4664
K16704	3132
K16705	3495
K16706	152
K16707	262
K16708	202
K16709	368
K16710	6754
K16711	577
K16712	85
K16713	17
K16714	0
K16715	0
K16717	1
K16718	126
K16719	0
K16720	1
K16721	0
K16722	6
K16724	1
K16725	19
K16726	24
K16727	2
K16728	35
K16729	0
K16731	184
K16732	11
K16733	4
K16734	0
K16735	0
K16737	0
K16738	15
K16739	4
K16740	1
K16741	0
K16742	1
K16743	1
K16744	0
K16745	1
K16746	0
K16747	0
K16748	0
K16749	1
K16750	0
K16751	0
K16752	0
K16753	0
K16754	19
K16755	38
K16756	56
K16757	5
K16758	2
K16759	10
K16760	31
K16761	0
K16762	5
K16763	36
K16764	0
K16765	9
K16766	4
K16767	4
K16768	0
K16769	0
K16770	63
K16771	1
K16772	1
K16773	1
K16774	0
K16775	9
K16776	0
K16777	0
K16778	2
K16779	0
K16780	10
K16781	52
K16782	0
K16783	2649
K16784	2673
K16785	8295
K16786	6650
K16787	5917
K16788	1446
K16789	3764
K16790	0
K16791	0
K16792	351
K16793	1140
K16794	57
K16795	720
K16796	0
K16797	0
K16798	0
K16799	0
K16800	0
K16801	1
K16802	2
K16803	12
K16804	0
K16805	0
K16806	3
K16807	0
K16808	609
K16809	10
K16810	0
K16811	18
K16812	0
K16813	0
K16814	0
K16815	123
K16816	1
K16817	1118
K16818	380
K16819	0
K16820	0
K16821	0
K16822	0
K16823	0
K16824	0
K16825	0
K16826	0
K16827	0
K16828	0
K16829	0
K16830	8
K16831	0
K16832	0
K16833	0
K16834	0
K16835	0
K16836	0
K16837	0
K16838	210
K16839	5585
K16840	2752
K16841	5791
K16842	6911
K16843	656
K16844	1380
K16845	561
K16846	568
K16847	1
K16848	2
K16849	1181
K16850	1282
K16851	0
K16852	0
K16853	1
K16854	2
K16855	3
K16856	3677
K16857	78
K16858	0
K16859	0
K16860	577
K16861	0
K16862	2320
K16865	0
K16866	572
K16867	0
K16868	13270
K16869	2771
K16870	11938
K16871	1531
K16872	2946
K16873	1124
K16874	969
K16875	270
K16876	483
K16877	478
K16878	706
K16879	428
K16880	469
K16881	2390
K16882	2
K16883	46
K16884	2
K16885	168
K16886	197
K16887	674
K16888	2
K16889	0
K16890	1
K16891	0
K16892	0
K16893	0
K16894	0
K16895	0
K16896	0
K16897	0
K16898	12236
K16899	12761
K16900	1
K16901	367
K16902	916
K16903	16
K16904	7478
K16905	845
K16906	943
K16907	1227
K16908	11
K16909	0
K16910	239
K16911	50
K16912	0
K16913	0
K16914	894
K16915	2449
K16916	126
K16917	124
K16918	1654
K16919	3271
K16920	304
K16921	6030
K16922	3158
K16923	2088
K16924	2607
K16925	3613
K16926	2266
K16927	3052
K16928	107
K16929	65
K16930	0
K16931	104
K16932	14
K16933	2
K16934	0
K16935	0
K16936	0
K16937	4169
K16938	1
K16939	2
K16940	0
K16941	0
K16942	0
K16943	0
K16944	1
K16945	0
K16946	0
K16947	3
K16948	1
K16949	2
K16950	890
K16951	1904
K16952	15
K16953	735
K16954	4
K16955	0
K16956	309
K16957	1284
K16958	1373
K16959	1462
K16960	922
K16961	1434
K16962	1221
K16963	918
K16964	41
K16965	31
K16966	28
K16967	17
K16968	25
K16969	36
K17043	0
K17044	0
K17045	0
K17046	0
K17047	0
K17048	1
K17049	1
K17050	6
K17051	2
K17052	2
K17053	1
K17054	0
K17055	0
K17056	0
K17057	0
K17058	0
K17059	0
K17060	1975
K17061	1809
K17062	1236
K17063	55
K17064	1449
K17065	3
K17066	23
K17067	280
K17068	137
K17069	635
K17070	17
K17071	342
K17072	59
K17073	2185
K17074	706
K17076	1836
K17077	4354
K17078	768
K17079	1
K17080	1723
K17081	750
K17082	0
K17083	0
K17084	0
K17085	0
K17086	0
K17087	0
K17088	0
K17089	2
K17090	0
K17091	4
K17092	2
K17093	5
K17094	3
K17095	19
K17096	1
K17097	2
K17098	3
K17099	5
K17100	4343
K17101	0
K17102	1
K17103	13101
K17104	594
K17105	2906
K17106	7
K17107	1
K17108	791
K17192	0
K17193	0
K17194	1
K17195	816
K17196	0
K17197	0
K17198	0
K17199	98
K17200	0
K17201	0
K17202	1342
K17203	1274
K17204	1355
K17205	568
K17206	1228
K17207	592
K17208	487
K17209	494
K17210	484
K17211	0
K17212	11
K17213	2569
K17214	2047
K17215	1740
K17216	1438
K17217	2684
K17218	5171
K17219	11
K17220	8
K17221	0
K17222	1327
K17223	3189
K17224	1690
K17225	1526
K17226	2375
K17227	1439
K17228	3933
K17229	1371
K17230	5552
K17231	1179
K17232	0
K17233	0
K17234	542
K17235	525
K17236	569
K17237	270
K17238	271
K17239	274
K17240	155
K17241	715
K17242	689
K17243	689
K17244	1306
K17245	1065
K17246	1090
K17247	7743
K17248	611
K17249	628
K17250	708
K17251	349
K17252	2
K17253	1084
K17254	10
K17255	1
K17256	1444
K17257	1635
K17258	6
K17259	0
K17260	1
K17261	0
K17262	0
K17263	9
K17264	2
K17265	0
K17266	14
K17267	0
K17268	23
K17269	0
K17270	0
K17271	1
K17272	0
K17273	1
K17274	0
K17275	0
K17276	0
K17277	8
K17278	792
K17279	0
K17280	0
K17281	2
K17282	1
K17283	1
K17284	0
K17285	1166
K17286	5929
K17287	0
K17288	0
K17289	0
K17290	7011
K17291	1
K17292	0
K17293	0
K17294	1
K17295	11
K17296	0
K17297	3
K17298	0
K17299	11
K17300	0
K17301	0
K17302	1
K17303	0
K17304	10
K17305	2
K17306	0
K17307	14
K17308	2
K17309	28
K17310	29
K17311	32
K17312	31
K17313	27
K17314	1
K17315	3875
K17316	3463
K17317	3496
K17318	3658
K17319	2942
K17320	2747
K17321	2887
K17322	2834
K17323	2844
K17324	2866
K17325	2873
K17326	1244
K17327	631
K17328	614
K17329	1377
K17330	1264
K17331	2064
K17332	0
K17333	0
K17334	0
K17335	0
K17336	0
K17337	1
K17338	0
K17339	0
K17340	0
K17341	412
K17342	0
K17343	5
K17344	0
K17345	0
K17346	0
K17347	0
K17348	0
K17349	8
K17350	0
K17351	0
K17352	3
K17353	1
K17354	6
K17355	0
K17356	0
K17357	1
K17358	0
K17359	0
K17360	278
K17361	18
K17362	3562
K17363	2981
K17364	120
K17382	398
K17383	0
K17384	0
K17385	0
K17386	0
K17387	27
K17388	2
K17390	0
K17391	0
K17392	1
K17398	89
K17399	24
K17400	0
K17401	0
K17402	1
K17403	0
K17404	1
K17405	1
K17406	0
K17407	0
K17408	5
K17409	0
K17410	0
K17411	0
K17412	0
K17413	0
K17414	0
K17415	0
K17417	1
K17418	0
K17419	0
K17420	0
K17421	0
K17422	0
K17423	0
K17424	0
K17425	0
K17426	260
K17427	0
K17428	0
K17429	0
K17430	0
K17431	0
K17432	0
K17433	0
K17434	2
K17435	0
K17436	0
K17437	0
K17438	0
K17439	16
K17440	0
K17441	0
K17442	2
K17443	0
K17444	0
K17445	0
K17446	0
K17447	0
K17448	0
K17449	0
K17450	1612
K17451	0
K17452	0
K17453	0
K17454	0
K17455	24
K17456	3
K17457	8
K17458	2
K17459	15
K17460	0
K17461	6
K17462	4058
K17463	2003
K17464	308
K17465	1435
K17466	795
K17467	1245
K17468	2663
K17469	2
K17470	2
K17471	17
K17472	6070
K17473	326
K17474	435
K17475	0
K17476	20
K17477	0
K17478	43
K17479	18
K17480	0
K17481	5
K17482	0
K17483	183
K17484	316
K17485	130
K17486	486
K17487	212
K17488	26
K17489	104
K17490	392
K17491	0
K17492	0
K17493	6
K17494	0
K17495	16
K17496	0
K17497	176
K17498	0
K17499	11
K17500	12
K17501	14
K17502	0
K17503	0
K17504	0
K17505	4
K17506	76
K17507	0
K17508	34
K17509	1256
K17510	0
K17511	1
K17512	29
K17513	38
K17514	0
K17515	0
K17516	0
K17517	1
K17518	0
K17519	3
K17520	1
K17521	1
K17522	0
K17523	60
K17524	1
K17525	2
K17526	0
K17527	217
K17528	0
K17529	2
K17530	0
K17531	9
K17532	2
K17533	0
K17534	0
K17535	21
K17536	0
K17537	0
K17538	0
K17539	14
K17540	0
K17541	0
K17542	0
K17543	0
K17544	34
K17545	16
K17546	14
K17547	0
K17548	0
K17549	0
K17550	1152
K17551	4
K17552	0
K17553	0
K17554	5
K17555	0
K17556	0
K17557	0
K17558	0
K17559	0
K17560	2
K17561	0
K17562	6
K17563	0
K17564	0
K17565	0
K17566	45
K17567	0
K17568	0
K17569	0
K17570	676
K17571	0
K17572	0
K17573	322
K17574	0
K17575	0
K17576	30
K17577	1
K17578	12
K17579	2
K17580	25
K17581	1
K17582	2
K17583	1
K17584	5
K17586	0
K17587	1
K17588	2
K17589	58
K17590	0
K17591	38
K17592	716
K17593	2
K17594	0
K17595	0
K17596	0
K17597	2
K17598	0
K17599	1
K17600	0
K17601	6
K17602	1
K17603	1
K17604	6
K17605	0
K17606	0
K17607	0
K17608	8
K17609	647
K17610	0
K17611	1
K17612	0
K17613	6
K17614	93
K17615	2
K17616	55
K17617	56
K17618	5
K17619	29
K17620	0
K17621	0
K17622	0
K17623	1230
K17624	1311
K17625	142
K17626	1
K17630	0
K17631	0
K17632	2
K17633	0
K17634	0
K17635	0
K17636	1
K17637	1
K17638	0
K17639	0
K17640	1117
K17641	2565
K17642	0
K17643	221
K17644	1047
K17645	0
K17646	7
K17647	0
K17648	1251
K17649	1
K17650	0
K17651	1
K17652	4
K17653	0
K17654	0
K17655	12
K17656	4
K17657	0
K17658	136
K17659	0
K17660	0
K17661	0
K17662	1640
K17663	1
K17664	0
K17665	0
K17666	0
K17667	0
K17668	0
K17669	30
K17670	0
K17671	0
K17672	0
K17673	0
K17674	0
K17675	3565
K17676	1
K17677	3568
K17678	0
K17679	6
K17680	1362
K17681	34
K17682	0
K17683	0
K17685	0
K17686	16207
K17687	0
K17689	0
K17690	0
K17691	0
K17692	0
K17693	0
K17694	0
K17695	0
K17696	0
K17697	0
K17698	0
K17699	0
K17700	0
K17701	9
K17702	1
K17703	0
K17704	0
K17705	11
K17706	0
K17707	0
K17708	0
K17709	0
K17710	50
K17711	0
K17712	0
K17713	12111
K17714	0
K17715	0
K17716	2382
K17717	1479
K17718	0
K17719	0
K17720	0
K17721	0
K17722	3472
K17723	4098
K17724	4497
K17725	1583
K17726	0
K17728	0
K17729	0
K17730	0
K17731	0
K17732	2892
K17733	5079
K17734	6919
K17735	3522
K17736	3569
K17737	9268
K17738	101
K17739	22
K17740	234
K17741	796
K17742	428
K17743	59
K17744	15
K17745	286
K17746	2
K17747	33
K17748	18
K17749	389
K17750	21
K17751	10
K17752	3623
K17753	0
K17754	483
K17755	998
K17756	2140
K17757	0
K17758	4421
K17759	13
K17760	964
K17761	53
K17762	2793
K17763	2832
K17764	3
K17765	0
K17766	25
K17767	1
K17768	995
K17769	0
K17770	0
K17771	0
K17772	1
K17773	0
K17774	0
K17775	0
K17776	258
K17777	0
K17778	7
K17779	0
K17780	0
K17781	0
K17782	0
K17783	10
K17784	0
K17785	489
K17786	0
K17787	0
K17788	0
K17789	0
K17790	1
K17791	0
K17792	0
K17793	0
K17794	0
K17795	1
K17796	2
K17797	11
K17798	38
K17799	0
K17800	311
K17801	6
K17802	0
K17803	2864
K17804	2033
K17805	6
K17806	0
K17807	0
K17808	0
K17809	0
K17810	6033
K17811	240
K17812	0
K17813	0
K17814	31
K17815	1
K17816	1798
K17817	18
K17818	571
K17819	1
K17820	1
K17821	0
K17822	0
K17823	0
K17824	0
K17825	309
K17826	0
K17827	0
K17828	6805
K17829	982
K17830	6866
K17831	655
K17832	303
K17833	0
K17834	21
K17835	355
K17836	7967
K17837	5125
K17838	1486
K17839	1070
K17840	2248
K17841	22
K17842	2
K17843	0
K17844	0
K17845	0
K17846	0
K17847	0
K17848	0
K17849	0
K17850	2568
K17851	5
K17852	0
K17853	0
K17854	0
K17861	0
K17862	62
K17863	0
K17864	0
K17865	11343
K17866	0
K17867	364
K17868	0
K17869	1480
K17870	1045
K17872	200
K17873	0
K17874	0
K17875	0
K17876	1685
K17877	54
K17878	0
K17879	11195
K17880	2617
K17881	83
K17882	338
K17883	1919
K17884	8949
K17885	0
K17886	2
K17887	0
K17888	0
K17889	37
K17890	153
K17891	1
K17892	343
K17893	440
K17894	0
K17895	0
K17896	0
K17897	0
K17898	226
K17899	227
K17900	450
K17901	0
K17902	3
K17903	0
K17904	1
K17905	5
K17906	0
K17907	2
K17908	0
K17909	0
K17910	3378
K17911	14
K17912	0
K17913	0
K17914	1
K17915	12
K17916	7
K17917	21
K17918	0
K17919	1
K17920	0
K17921	0
K17922	0
K17923	0
K17924	0
K17925	0
K17926	0
K17927	0
K17928	93
K17929	0
K17930	0
K17931	1
K17932	5
K17933	0
K17934	1
K17935	6
K17936	0
K17937	0
K17938	2277
K17939	360
K17940	20
K17941	0
K17942	2
K17943	0
K17944	0
K17945	48
K17946	0
K17947	2702
K17948	1181
K17949	0
K17950	5140
K17951	0
K17952	0
K17953	29
K17958	0
K17960	18
K17961	1
K17962	0
K17963	2
K17964	29
K17965	0
K17966	0
K17967	0
K17968	0
K17969	9
K17970	20
K17971	6
K17972	5
K17973	10
K17974	0
K17975	36
K17976	1
K17977	0
K17978	10
K17979	0
K17980	0
K17981	1
K17982	1
K17983	1
K17984	0
K17985	0
K17986	53
K17987	361
K17988	10
K17989	1100
K17990	650
K17991	24
K17992	672
K17993	805
K17994	807
K17995	94
K17996	1132
K17997	655
K17998	20
K17999	1161
K18000	45
K18001	71
K18002	73
K18003	86
K18004	54
K18005	231
K18006	205
K18007	305
K18008	101
K18009	14650
K18010	0
K18011	604
K18012	613
K18013	6242
K18014	795
K18015	90
K18016	44
K18017	15
K18018	2
K18019	0
K18020	0
K18021	0
K18022	4
K18023	430
K18024	1
K18025	0
K18026	0
K18027	3
K18028	1591
K18029	2006
K18030	3164
K18031	50
K18032	51
K18033	13
K18034	537
K18035	0
K18036	3
K18037	3
K18038	0
K18039	12
K18040	0
K18041	34
K18042	6
K18043	0
K18044	1
K18045	2341
K18046	0
K18047	7
K18048	0
K18049	18
K18050	5
K18051	0
K18052	0
K18053	757
K18054	809
K18055	1086
K18056	73
K18057	28
K18058	2110
K18059	3376
K18060	12
K18061	0
K18062	997
K18063	36
K18064	15
K18065	0
K18066	117
K18067	437
K18068	1190
K18069	450
K18070	466
K18071	344
K18072	1810
K18073	1829
K18074	121
K18075	96
K18076	107
K18077	30
K18078	181
K18079	9
K18080	0
K18081	1
K18082	0
K18083	0
K18084	0
K18085	0
K18086	0
K18087	108
K18088	28
K18089	12
K18090	8
K18091	1207
K18092	472
K18093	3688
K18094	1113
K18095	472
K18096	744
K18097	17
K18098	3326
K18099	267
K18100	1371
K18101	1041
K18102	5
K18103	0
K18104	2325
K18105	13
K18106	27
K18107	4
K18108	0
K18109	326
K18110	60
K18111	200
K18112	0
K18113	0
K18114	0
K18115	1285
K18116	0
K18117	0
K18118	4908
K18119	244
K18120	479
K18121	97
K18122	4694
K18123	90
K18124	0
K18125	3
K18126	2
K18127	0
K18128	1
K18129	409
K18130	393
K18131	154
K18132	10
K18133	866
K18134	20
K18135	2565
K18136	4230
K18137	308
K18138	9234
K18139	7874
K18140	1353
K18141	5966
K18142	4068
K18143	1804
K18144	1778
K18145	1104
K18146	1260
K18147	290
K18148	1118
K18149	377
K18150	5
K18151	67
K18152	0
K18153	254
K18154	4
K18155	0
K18156	8
K18157	0
K18158	0
K18159	1087
K18160	1
K18161	0
K18162	2474
K18163	2146
K18164	6073
K18165	0
K18166	1413
K18167	1
K18168	46
K18169	737
K18170	0
K18171	0
K18172	0
K18173	400
K18174	0
K18175	4
K18176	0
K18177	0
K18178	0
K18179	0
K18180	473
K18181	0
K18182	0
K18183	0
K18184	0
K18185	0
K18186	0
K18187	0
K18188	1
K18189	21230
K18190	0
K18191	0
K18192	43
K18193	0
K18194	0
K18195	602
K18196	0
K18197	1419
K18198	461
K18199	6378
K18200	780
K18201	2665
K18202	2
K18203	172
K18204	6361
K18205	1518
K18206	1814
K18207	59
K18208	3098
K18209	2677
K18210	855
K18211	8
K18212	0
K18213	0
K18214	1254
K18215	692
K18216	304
K18217	372
K18218	4104
K18219	43
K18220	3946
K18221	1921
K18222	3
K18223	424
K18224	433
K18225	1503
K18226	413
K18227	36
K18228	0
K18229	140
K18230	2839
K18231	3925
K18232	2442
K18233	3934
K18234	5951
K18235	10250
K18236	946
K18237	120
K18239	107
K18240	935
K18241	0
K18242	528
K18243	559
K18244	10999
K18245	0
K18246	0
K18247	0
K18248	832
K18249	341
K18250	8
K18251	319
K18252	326
K18253	107
K18254	174
K18255	287
K18256	347
K18257	54
K18258	148
K18259	6
K18260	0
K18261	0
K18262	0
K18263	1435
K18264	3
K18265	0
K18266	1
K18267	0
K18268	27
K18269	0
K18270	0
K18271	5
K18272	0
K18273	152
K18274	4
K18275	345
K18276	70
K18277	1181
K18278	84
K18279	0
K18280	0
K18281	1
K18282	72
K18283	301
K18284	490
K18285	2216
K18286	1677
K18287	753
K18288	263
K18289	3276
K18290	4898
K18291	776
K18292	2418
K18293	119
K18294	2848
K18295	1083
K18296	1779
K18297	3894
K18298	2009
K18299	1887
K18300	3415
K18301	9672
K18302	8732
K18303	7043
K18304	1336
K18305	3650
K18306	5322
K18307	3603
K18308	306
K18309	17
K18310	11
K18311	1
K18312	61
K18313	2062
K18314	34
K18315	78
K18316	53
K18317	49
K18318	72
K18319	40
K18320	2490
K18321	2843
K18322	484
K18323	1704
K18324	1167
K18325	694
K18326	7358
K18327	0
K18328	23
K18329	0
K18330	1398
K18331	1084
K18332	2397
K18333	1315
K18334	2756
K18335	2600
K18336	7993
K18337	463
K18338	0
K18339	0
K18340	0
K18341	6
K18342	94
K18343	0
K18344	1849
K18345	3191
K18346	4278
K18347	449
K18348	1750
K18349	3426
K18350	3646
K18351	1555
K18352	1520
K18353	13515
K18354	830
K18355	40
K18356	42
K18357	22
K18358	21
K18359	178
K18360	5607
K18361	20
K18362	76
K18363	28
K18364	1301
K18365	3002
K18366	1198
K18367	5899
K18368	1
K18369	7360
K18370	19
K18371	199
K18372	3526
K18373	360
K18374	350
K18375	87
K18376	286
K18377	2428
K18378	76
K18379	251
K18380	366
K18381	341
K18382	667
K18383	1471
K18384	177
K18385	0
K18386	2
K18387	351
K18388	2
K18389	0
K18390	0
K18391	0
K18392	0
K18393	0
K18394	0
K18395	0
K18396	1
K18397	0
K18398	3927
K18399	212
K18400	0
K18401	0
K18402	19
K18403	0
K18404	0
K18405	0
K18406	0
K18407	0
K18408	1
K18409	0
K18410	976
K18411	0
K18412	0
K18413	0
K18414	0
K18415	0
K18416	2172
K18417	126
K18418	6
K18419	0
K18420	55
K18421	7
K18422	346
K18423	1
K18424	2069
K18425	5115
K18426	0
K18427	140
K18428	137
K18429	564
K18430	2400
K18431	2333
K18433	635
K18434	3545
K18435	1
K18436	0
K18437	15
K18438	240
K18439	2
K18440	0
K18441	0
K18442	0
K18443	15
K18444	1222
K18445	1609
K18446	12104
K18447	139
K18448	0
K18449	1
K18450	0
K18451	0
K18452	0
K18453	3593
K18454	772
K18455	3870
K18456	4929
K18457	3043
K18458	22
K18459	1647
K18460	0
K18461	4
K18462	0
K18463	0
K18464	0
K18465	0
K18466	0
K18467	0
K18468	1
K18469	0
K18470	69
K18471	3138
K18472	1145
K18473	721
K18474	1012
K18475	1585
K18476	7424
K18477	41
K18478	6819
K18479	4266
K18480	5477
K18481	1631
K18482	100
K18483	2
K18484	0
K18485	0
K18486	0
K18487	0
K18488	0
K18489	0
K18490	0
K18491	175
K18492	0
K18493	0
K18494	0
K18495	0
K18496	0
K18497	0
K18498	0
K18499	1
K18500	241
K18501	275
K18529	2
K18530	170
K18531	192
K18532	304
K18533	768
K18534	10357
K18535	919
K18536	28
K18537	81
K18538	535
K18539	459
K18540	4993
K18541	330
K18542	86
K18543	43
K18544	146
K18545	1545
K18546	2677
K18547	817
K18548	138
K18549	18
K18550	0
K18551	1560
K18552	641
K18553	1677
K18554	2951
K18555	9538
K18556	90
K18557	67
K18558	7
K18559	7
K18560	77
K18561	24
K18562	921
K18563	5
K18564	5
K18565	13
K18566	84
K18567	6395
K18568	2773
K18569	697
K18570	6
K18571	167
K18572	4882
K18573	5896
K18574	911
K18575	6753
K18576	969
K18577	652
K18578	4785
K18579	738
K18580	66
K18581	3003
K18582	11
K18583	35
K18584	1
K18585	107
K18586	775
K18587	1367
K18588	8536
K18589	425
K18590	275
K18591	298
K18592	7
K18593	1
K18594	548
K18595	42
K18596	0
K18597	18
K18598	11
K18599	8
K18600	2
K18601	7
K18602	0
K18603	0
K18604	8
K18605	15
K18606	1207
K18607	201
K18608	885
K18609	293
K18610	216
K18611	306
K18612	172
K18613	398
K18614	112
K18615	0
K18616	1
K18617	0
K18618	0
K18619	1
K18620	8
K18621	0
K18622	3959
K18623	0
K18624	1
K18625	0
K18626	9
K18627	0
K18628	0
K18629	0
K18630	2
K18631	0
K18632	0
K18633	0
K18634	0
K18635	0
K18636	0
K18637	1027
K18638	0
K18639	0
K18640	3029
K18641	0
K18642	83
K18643	168
K18644	0
K18645	0
K18646	1
K18647	0
K18648	1
K18649	3179
K18650	2874
K18651	248
K18652	153
K18653	152
K18654	363
K18655	2
K18656	0
K18657	2046
K18658	0
K18659	0
K18660	63
K18661	2714
K18663	8
K18664	6
K18665	589
K18666	1
K18667	0
K18668	13
K18669	1
K18670	5
K18671	85
K18672	7526
K18673	3324
K18674	5
K18675	784
K18676	7194
K18677	76
K18678	904
K18679	0
K18680	0
K18681	2
K18682	9382
K18683	27
K18684	2
K18685	3
K18686	18
K18687	1904
K18688	1524
K18689	0
K18690	24
K18691	6160
K18692	3433
K18693	36
K18694	119
K18695	251
K18696	19
K18697	6682
K18698	616
K18699	55
K18700	2899
K18701	799
K18702	7158
K18703	971
K18704	2445
K18705	0
K18706	1113
K18707	8581
K18708	0
K18709	1
K18710	0
K18711	0
K18712	0
K18713	0
K18714	0
K18715	3
K18716	9
K18717	0
K18718	0
K18719	12
K18720	0
K18721	1
K18722	0
K18723	32
K18724	0
K18725	111
K18726	17
K18727	0
K18728	0
K18729	28
K18730	2
K18731	0
K18732	73
K18733	0
K18734	0
K18735	1
K18736	0
K18737	33
K18738	0
K18739	3
K18740	0
K18741	0
K18742	4
K18743	0
K18744	0
K18745	0
K18746	0
K18747	1
K18748	0
K18749	1
K18750	3
K18751	0
K18752	0
K18753	0
K18754	4
K18755	0
K18756	280
K18757	0
K18758	1
K18759	0
K18760	0
K18761	0
K18762	3
K18763	0
K18764	1248
K18765	3704
K18766	275
K18767	2099
K18768	1109
K18769	2
K18770	747
K18772	0
K18773	0
K18774	0
K18775	464
K18776	0
K18777	0
K18778	3794
K18779	426
K18780	86
K18781	97
K18782	97
K18783	102
K18784	5
K18785	1195
K18786	345
K18787	140
K18788	3
K18789	16
K18790	51
K18791	113
K18792	46
K18793	13
K18794	6
K18795	154
K18796	133
K18797	158
K18798	60
K18799	1791
K18800	6217
K18801	10
K18802	5029
K18803	0
K18804	0
K18806	5
K18807	41
K18808	869
K18809	687
K18810	0
K18811	0
K18812	0
K18813	0
K18814	4100
K18815	5455
K18816	3332
K18817	387
K18818	5
K18819	166
K18820	1115
K18821	1454
K18822	0
K18823	0
K18824	374
K18825	4
K18826	0
K18827	419
K18828	5782
K18829	2995
K18830	4776
K18831	9130
K18832	0
K18833	517
K18834	0
K18835	0
K18836	3
K18837	672
K18838	678
K18839	881
K18840	544
K18841	2047
K18842	1518
K18843	6917
K18844	1893
K18845	66
K18846	69
K18847	224
K18848	7
K18849	10
K18850	6731
K18851	1731
K18852	5676
K18853	421
K18854	12
K18855	2989
K18856	507
K18857	2
K18858	0
K18859	0
K18860	0
K18861	0
K18862	381
K18866	478
K18873	0
K18874	64
K18875	26
K18876	99
K18877	10
K18878	0
K18879	267
K18880	0
K18881	3846
K18882	3
K18883	0
K18884	1
K18885	0
K18886	547
K18887	8032
K18888	7424
K18889	8254
K18890	9231
K18891	1338
K18892	1336
K18893	6464
K18894	924
K18895	427
K18896	8769
K18897	5212
K18898	1233
K18899	87
K18900	8982
K18901	3723
K18902	3324
K18903	3805
K18904	6157
K18905	3271
K18906	1166
K18907	1451
K18908	10530
K18909	6517
K18910	3711
K18911	5444
K18912	6094
K18913	1835
K18914	2390
K18915	1289
K18916	349
K18917	4812
K18918	7481
K18919	273
K18920	481
K18921	435
K18922	315
K18923	3295
K18924	1808
K18925	1907
K18926	5157
K18927	214
K18928	7110
K18929	7325
K18930	3453
K18931	986
K18932	7
K18933	398
K18934	1295
K18935	561
K18936	1956
K18937	471
K18938	478
K18939	2706
K18940	5623
K18941	4121
K18942	2
K18943	5
K18944	6
K18945	4
K18946	3
K18947	3
K18948	10
K18949	2
K18950	1
K18951	168
K18952	0
K18953	30
K18954	9383
K18955	3369
K18956	330
K18957	491
K18958	2025
K18959	5
K18960	375
K18961	2
K18962	225
K18963	0
K18964	0
K18966	49
K18967	8586
K18968	5514
K18969	39
K18970	15
K18971	9
K18972	31
K18973	49
K18974	840
K18975	279
K18976	51
K18977	6
K18978	13
K18979	13386
K18980	46
K18981	4711
K18982	1832
K18983	4394
K18984	337
K18985	0
K18986	1147
K18987	905
K18988	8030
K18989	2090
K18990	2325
K18991	8404
K18992	799
K18993	10
K18994	0
K18995	0
K18996	1469
K18997	5156
K18998	0
K18999	0
K19000	2472
K19001	225
K19002	8587
K19003	3975
K19004	44
K19005	10735
K19006	0
K19007	110
K19008	0
K19009	0
K19010	0
K19011	0
K19012	1
K19013	13
K19014	2
K19015	0
K19016	0
K19017	0
K19018	43
K19019	0
K19020	2
K19021	0
K19022	0
K19023	0
K19024	0
K19025	0
K19026	0
K19027	3
K19028	3
K19029	2
K19030	0
K19031	97
K19032	174
K19033	709
K19034	0
K19035	0
K19036	4124
K19037	3
K19038	0
K19039	0
K19040	0
K19041	3
K19042	3
K19043	0
K19044	4
K19045	1
K19046	1800
K19047	165
K19048	1592
K19049	717
K19050	115
K19051	599
K19052	1890
K19053	460
K19054	23
K19055	7231
K19056	179
K19057	839
K19058	1066
K19059	621
K19060	524
K19061	613
K19062	1616
K19063	48
K19064	3417
K19065	1186
K19066	6
K19067	44
K19068	1896
K19069	70
K19070	17
K19071	18
K19072	18
K19073	637
K19074	6
K19075	766
K19076	854
K19077	554
K19078	488
K19079	277
K19080	281
K19081	3379
K19082	3366
K19083	2240
K19084	2501
K19085	21
K19086	3
K19087	0
K19088	512
K19089	0
K19090	650
K19091	1666
K19092	8474
K19093	818
K19094	8
K19095	252
K19096	150
K19097	560
K19098	144
K19099	74
K19100	24
K19101	365
K19102	187
K19103	24
K19104	137
K19105	5
K19106	596
K19107	553
K19108	146
K19109	13
K19110	28
K19111	20
K19112	577
K19113	5274
K19114	416
K19115	517
K19116	522
K19117	1822
K19118	1814
K19119	1818
K19120	96
K19121	115
K19122	110
K19123	1814
K19124	1880
K19125	1873
K19126	1978
K19127	894
K19128	1007
K19129	1009
K19130	1075
K19131	336
K19132	316
K19133	79
K19134	504
K19135	208
K19136	77
K19137	706
K19138	501
K19139	543
K19140	511
K19141	369
K19142	503
K19143	31
K19144	72
K19145	441
K19146	0
K19147	4023
K19148	430
K19149	7
K19150	0
K19151	0
K19152	0
K19153	0
K19154	0
K19155	875
K19156	4494
K19157	3092
K19158	4759
K19159	5518
K19160	420
K19161	96
K19162	1304
K19163	1836
K19164	2137
K19165	7667
K19166	2712
K19167	821
K19168	3624
K19169	2081
K19170	2413
K19171	6113
K19172	691
K19173	1684
K19174	395
K19175	1972
K19176	160
K19177	0
K19178	8
K19179	61
K19180	443
K19181	1320
K19182	0
K19183	529
K19184	0
K19185	685
K19186	27
K19187	83
K19188	205
K19189	1083
K19190	807
K19191	6
K19192	0
K19193	0
K19194	2
K19195	0
K19196	0
K19197	1
K19198	0
K19199	8
K19200	4603
K19201	0
K19202	0
K19203	426
K19204	443
K19205	70
K19206	74
K19207	80
K19208	285
K19209	242
K19210	15
K19211	49
K19212	6
K19213	105
K19214	627
K19215	447
K19216	147
K19217	163
K19218	292
K19219	187
K19220	3670
K19221	10772
K19222	10722
K19223	10051
K19224	2638
K19225	10926
K19226	2371
K19227	2376
K19228	2370
K19229	2381
K19230	2385
K19231	3972
K19232	2493
K19233	1259
K19234	5900
K19235	3134
K19236	1886
K19237	293
K19238	252
K19239	13346
K19240	7
K19241	0
K19242	609
K19243	761
K19244	6237
K19245	138
K19246	200
K19247	0
K19248	0
K19249	0
K19251	4
K19252	7
K19253	0
K19254	0
K19255	0
K19256	4
K19257	0
K19258	0
K19259	0
K19260	0
K19261	1
K19262	50
K19263	1
K19264	0
K19265	8045
K19266	2951
K19267	12961
K19268	952
K19269	467
K19270	8504
K19271	3353
K19272	339
K19273	2027
K19274	134
K19275	134
K19276	74
K19277	6
K19278	224
K19279	324
K19280	27
K19281	10
K19282	0
K19283	1
K19284	0
K19285	5318
K19286	8895
K19287	2
K19288	1
K19289	8
K19290	1204
K19291	1718
K19292	1291
K19293	1131
K19294	7091
K19295	3843
K19296	1887
K19297	1
K19298	58
K19299	134
K19300	1050
K19301	33
K19302	18637
K19303	5942
K19304	17635
K19305	23
K19306	2
K19307	151
K19308	2
K19309	3197
K19310	5296
K19311	7740
K19312	54
K19313	9
K19314	323
K19315	4
K19316	238
K19317	13
K19318	45
K19319	35
K19320	8
K19321	5
K19322	55
K19323	1
K19324	0
K19325	0
K19326	73
K19327	0
K19328	0
K19329	164
K19330	0
K19331	0
K19332	0
K19333	11672
K19334	5037
K19335	715
K19336	1131
K19337	13822
K19338	5761
K19339	1741
K19340	1587
K19341	4148
K19342	3224
K19343	87
K19344	595
K19345	989
K19346	2
K19347	69
K19348	0
K19349	487
K19350	1775
K19351	29
K19352	4
K19353	4067
K19354	2564
K19355	2254
K19356	2
K19357	0
K19358	0
K19360	4402
K19361	0
K19362	1
K19363	10
K19364	2
K19365	1
K19366	1
K19367	54
K19368	0
K19369	30
K19370	2908
K19371	11
K19372	0
K19373	3792
K19374	51
K19375	211
K19376	0
K19377	0
K19378	0
K19379	0
K19380	1
K19381	0
K19382	0
K19383	0
K19384	0
K19385	0
K19386	11
K19387	0
K19388	2
K19389	1
K19390	1
K19391	3
K19392	1
K19393	6
K19394	0
K19395	1
K19396	5
K19397	0
K19398	0
K19399	0
K19400	6
K19401	0
K19402	0
K19403	1
K19404	5
K19405	2676
K19406	0
K19407	0
K19408	114
K19409	22
K19410	3
K19411	2681
K19412	40
K19413	17
K19414	0
K19415	5
K19416	6395
K19417	91
K19418	705
K19419	2374
K19420	3972
K19421	537
K19422	1179
K19423	3421
K19424	1900
K19425	1668
K19426	514
K19427	4878
K19428	597
K19429	2556
K19430	2869
K19431	528
K19432	236
K19433	158
K19434	4
K19435	0
K19436	0
K19437	0
K19438	5
K19439	2
K19440	0
K19441	0
K19442	0
K19443	0
K19444	0
K19445	0
K19446	0
K19447	0
K19448	0
K19449	4039
K19450	0
K19451	0
K19452	4
K19453	0
K19454	0
K19455	0
K19456	0
K19457	0
K19458	0
K19459	0
K19460	0
K19461	3
K19462	0
K19463	0
K19464	0
K19465	303
K19466	1
K19467	15
K19469	0
K19470	6
K19471	0
K19472	2
K19473	0
K19474	0
K19475	0
K19476	0
K19477	414
K19478	0
K19479	16
K19480	0
K19481	0
K19482	0
K19483	26
K19484	0
K19485	0
K19486	0
K19487	0
K19488	0
K19489	0
K19490	0
K19491	1
K19492	0
K19493	0
K19494	0
K19495	1
K19496	0
K19497	0
K19498	0
K19499	0
K19500	0
K19501	0
K19502	0
K19503	0
K19504	1220
K19505	1632
K19506	1015
K19507	1017
K19508	1071
K19509	1150
K19510	1024
K19511	1167
K19512	0
K19513	0
K19514	0
K19515	15
K19516	15
K19517	78
K19518	0
K19519	6703
K19520	0
K19521	0
K19522	0
K19523	2
K19524	0
K19525	4
K19526	1
K19527	1
K19528	1
K19529	0
K19530	16
K19531	0
K19532	558
K19533	230
K19534	0
K19535	0
K19536	0
K19537	0
K19538	0
K19539	0
K19540	1217
K19541	100
K19542	2241
K19543	1
K19544	9
K19545	1259
K19546	585
K19547	2107
K19548	595
K19549	52
K19550	74
K19551	412
K19552	42
K19553	0
K19554	0
K19555	64
K19556	139
K19557	13
K19558	0
K19559	1
K19560	94
K19561	69
K19562	26
K19563	717
K19564	2701
K19565	0
K19566	3
K19567	325
K19568	173
K19569	119
K19570	2387
K19571	0
K19572	100
K19573	0
K19574	1
K19575	3687
K19576	2378
K19577	11979
K19578	722
K19579	0
K19580	453
K19581	0
K19582	0
K19583	110
K19584	0
K19585	1195
K19586	4071
K19587	7940
K19588	94
K19589	32
K19590	2
K19591	12092
K19592	1242
K19593	120
K19594	348
K19595	744
K19596	2
K19597	3034
K19598	46
K19599	50
K19600	1
K19601	3
K19602	0
K19603	1
K19604	6
K19605	0
K19606	0
K19607	113
K19608	5
K19609	1136
K19610	1385
K19611	4906
K19612	50
K19613	3466
K19614	1
K19615	623
K19616	1861
K19617	43
K19618	69
K19619	1063
K19620	3085
K19621	421
K19622	1228
K19623	3325
K19624	109
K19625	0
K19626	73
K19627	0
K19628	92
K19629	3
K19630	798
K19631	0
K19632	3
K19633	193
K19634	0
K19635	1
K19636	549
K19637	1
K19638	2
K19639	473
K19640	946
K19641	499
K19642	0
K19643	3
K19644	15
K19645	27
K19646	67
K19647	642
K19648	959
K19649	209
K19650	0
K19651	0
K19652	13
K19653	11
K19654	0
K19655	0
K19656	7
K19657	8
K19658	2657
K19659	189
K19660	0
K19661	780
K19662	0
K19663	0
K19664	320
K19665	146
K19666	1568
K19667	127
K19668	2367
K19669	236
K19670	7091
K19671	12
K19672	8
K19673	238
K19674	1
K19675	0
K19676	15
K19677	26
K19678	2
K19679	7
K19680	3
K19681	74
K19682	1
K19683	131
K19684	0
K19685	9
K19686	1660
K19687	1286
K19688	625
K19689	7333
K19690	1898
K19691	3573
K19692	1131
K19693	3640
K19694	7549
K19695	36
K19696	2099
K19697	335
K19698	7
K19699	15
K19700	3052
K19701	6307
K19702	1356
K19703	1573
K19704	1
K19705	1
K19706	1129
K19707	2212
K19708	4
K19709	227
K19710	9415
K19711	1708
K19712	456
K19713	2912
K19714	387
K19715	482
K19716	28
K19717	2
K19718	0
K19719	5
K19720	1
K19721	20
K19722	4
K19723	223
K19724	289
K19725	419
K19726	340
K19727	2126
K19728	0
K19729	0
K19730	0
K19731	581
K19732	661
K19733	113
K19734	743
K19735	10
K19736	9090
K19737	83
K19738	0
K19739	0
K19740	0
K19741	37
K19742	1231
K19743	1061
K19744	963
K19745	8650
K19746	2632
K19747	0
K19748	1
K19749	0
K19750	0
K19751	1
K19752	0
K19753	0
K19754	0
K19755	1673
K19756	1
K19757	0
K19758	19
K19759	12
K19760	857
K19761	3468
K19762	0
K19763	0
K19764	0
K19765	0
K19766	1
K19767	16
K19768	0
K19769	1
K19770	0
K19771	0
K19772	35
K19773	0
K19774	0
K19775	1739
K19776	6305
K19777	968
K19778	791
K19779	623
K19780	42
K19781	210
K19782	0
K19783	2549
K19784	13075
K19785	22
K19786	0
K19787	8
K19788	21282
K19789	10249
K19790	0
K19791	261
K19792	2711
K19793	5949
K19794	182
K19795	2444
K19796	1
K19797	516
K19798	1
K19799	0
K19800	0
K19801	353
K19802	6934
K19803	2211
K19804	6540
K19805	0
K19806	0
K19807	0
K19808	0
K19809	1407
K19810	3633
K19811	966
K19812	0
K19813	4944
K19814	199
K19815	15
K19816	1
K19817	7
K19818	12
K19819	89
K19820	12
K19821	0
K19822	21
K19823	217
K19824	2094
K19825	1
K19826	38
K19827	1
K19828	9
K19829	1
K19830	0
K19831	9
K19832	1
K19833	1
K19834	1
K19835	8
K19836	0
K19837	1590
K19838	0
K19839	39
K19840	13
K19841	434
K19842	0
K19843	0
K19844	0
K19845	0
K19846	54
K19847	0
K19848	1
K19849	2
K19850	11
K19851	1
K19852	0
K19853	139
K19854	14
K19855	1268
K19856	532
K19857	5
K19858	1
K19859	18
K19860	0
K19861	0
K19862	0
K19863	0
K19864	0
K19865	57
K19866	0
K19867	15
K19868	22
K19869	2
K19870	224
K19871	9
K19872	176
K19873	32
K19874	0
K19875	0
K19876	31
K19877	3
K19878	6
K19879	0
K19880	2
K19881	1
K19882	585
K19883	77
K19884	2
K19885	12
K19886	0
K19887	5
K19888	51
K19889	46
K19890	47
K19891	1
K19892	0
K19893	30
K19894	0
K19895	0
K19896	7
K19897	46
K19898	0
K19899	2
K19900	1
K19901	1
K19902	3
K19903	0
K19904	0
K19905	0
K19906	0
K19907	0
K19908	0
K19909	0
K19910	0
K19911	0
K19912	0
K19913	0
K19914	4
K19915	0
K19916	0
K19917	0
K19918	0
K19919	4
K19920	0
K19921	1
K19922	23
K19923	0
K19924	0
K19925	0
K19926	0
K19927	0
K19928	0
K19929	0
K19930	0
K19931	0
K19932	31
K19933	0
K19934	18
K19935	5
K19936	0
K19937	1
K19938	1
K19939	0
K19940	13
K19941	0
K19942	14
K19943	3
K19944	0
K19945	0
K19946	3
K19947	1
K19948	0
K19949	1
K19950	2
K19951	1
K19952	0
K19953	0
K19954	5216
K19955	3293
K19956	950
K19957	9
K19958	7
K19959	5
K19960	215
K19961	673
K19962	1472
K19963	465
K19964	0
K19965	675
K19966	341
K19967	2756
K19968	0
K19969	301
K19970	599
K19971	844
K19972	9
K19973	1042
K19974	144
K19975	1165
K19976	1164
K19977	144
K19978	781
K19979	120
K19980	6
K19981	400
K19982	622
K19983	0
K19984	1
K19985	2
K19986	5
K19987	0
K19988	0
K19989	0
K19990	0
K19991	0
K19992	0
K19993	0
K19994	0
K19995	1
K19996	0
K19997	5330
K19998	0
K19999	3
K20000	12
K20001	0
K20002	0
K20003	0
K20004	0
K20005	0
K20006	2
K20007	1
K20008	5
K20009	0
K20010	1
K20011	92
K20012	0
K20013	0
K20014	0
K20015	0
K20016	0
K20017	0
K20018	0
K20019	0
K20020	1
K20021	7
K20022	36
K20023	1720
K20024	177
K20025	195
K20026	207
K20027	1
K20028	1
K20029	1
K20030	0
K20031	0
K20032	604
K20033	5
K20034	8217
K20035	8838
K20036	1088
K20037	1587
K20038	2507
K20039	317
K20040	22
K20041	0
K20042	0
K20043	0
K20044	0
K20045	75
K20046	20
K20047	5
K20048	0
K20049	0
K20050	2
K20051	561
K20052	8
K20053	11
K20054	0
K20055	0
K20056	0
K20057	2
K20058	0
K20059	0
K20060	0
K20061	2
K20062	0
K20063	1
K20064	0
K20065	0
K20066	0
K20067	0
K20068	0
K20069	0
K20070	0
K20071	6
K20072	0
K20073	1286
K20074	14240
K20075	99
K20076	728
K20077	281
K20078	169
K20079	1118
K20080	28
K20081	190
K20082	994
K20084	136
K20085	26
K20086	67
K20087	127
K20088	66
K20089	62
K20090	65
K20091	2
K20092	970
K20093	201
K20094	0
K20095	2
K20096	14
K20097	230
K20098	17
K20099	2
K20100	0
K20101	1
K20102	1
K20103	6
K20104	0
K20105	0
K20106	0
K20108	2005
K20109	642
K20110	561
K20111	7
K20112	976
K20113	888
K20114	942
K20115	2
K20118	3003
K20119	0
K20120	0
K20121	2
K20122	0
K20123	0
K20124	0
K20125	2
K20126	0
K20127	0
K20128	0
K20129	23
K20130	0
K20131	0
K20132	0
K20133	0
K20134	0
K20135	4
K20136	62
K20137	0
K20138	1541
K20139	0
K20140	13
K20141	117
K20142	0
K20143	115
K20144	2
K20145	76
K20146	120
K20147	60
K20148	49
K20149	45
K20150	400
K20151	709
K20152	57
K20153	1
K20154	5
K20155	47
K20156	2196
K20157	660
K20158	323
K20159	185
K20160	0
K20161	0
K20162	4
K20163	9
K20164	0
K20165	0
K20166	7
K20167	0
K20168	0
K20169	81
K20170	1066
K20171	16
K20172	26
K20173	2
K20174	0
K20175	123
K20176	0
K20177	0
K20178	0
K20179	1
K20180	0
K20181	0
K20182	0
K20183	2
K20184	0
K20185	0
K20186	3
K20187	0
K20188	0
K20189	0
K20190	0
K20191	2
K20192	0
K20193	1
K20194	0
K20195	0
K20196	2
K20197	0
K20198	2
K20199	1154
K20200	236
K20201	3365
K20202	11
K20203	2228
K20204	426
K20205	2
K20206	232
K20207	24
K20208	110
K20209	21
K20210	2
K20211	0
K20212	0
K20213	0
K20214	0
K20215	3
K20216	21
K20217	0
K20218	110
K20219	220
K20220	0
K20221	0
K20222	6
K20223	0
K20224	0
K20225	0
K20226	0
K20227	2
K20228	0
K20229	0
K20230	11
K20231	0
K20232	0
K20233	0
K20234	2
K20235	10
K20236	0
K20237	225
K20238	10
K20239	0
K20240	0
K20241	8
K20242	3
K20243	0
K20244	0
K20245	25
K20246	60
K20247	2
K20248	122
K20249	331
K20250	87
K20251	71
K20252	124
K20253	1
K20254	56
K20255	7
K20256	54
K20257	3076
K20258	76
K20259	22
K20260	252
K20261	461
K20262	501
K20263	3157
K20264	1945
K20265	4490
K20266	2640
K20267	710
K20268	317
K20269	3288
K20270	25
K20271	75
K20272	217
K20273	1143
K20274	1162
K20275	694
K20276	1987
K20277	273
K20278	0
K20279	1
K20280	0
K20281	7
K20282	1084
K20283	1970
K20284	0
K20285	403
K20286	80
K20287	0
K20288	0
K20289	0
K20290	0
K20291	7
K20292	1
K20293	6
K20294	1
K20295	0
K20296	0
K20297	2
K20298	363
K20299	0
K20300	0
K20301	1
K20302	0
K20303	0
K20304	0
K20305	3
K20306	1
K20307	2
K20308	31
K20309	48
K20310	7
K20311	0
K20312	0
K20313	0
K20314	0
K20315	15
K20316	0
K20317	14
K20318	0
K20319	375
K20320	766
K20321	178
K20322	81
K20323	163
K20324	168
K20325	2503
K20326	365
K20327	1886
K20328	399
K20329	2277
K20330	1146
K20331	5827
K20332	370
K20333	4819
K20334	289
K20335	0
K20336	4
K20337	265
K20338	329
K20339	831
K20340	365
K20341	417
K20342	789
K20343	301
K20344	2707
K20345	1218
K20346	0
K20347	15
K20348	0
K20349	0
K20350	0
K20351	0
K20352	1
K20353	1
K20354	1
K20355	1
K20356	2
K20357	14
K20358	31
K20359	2
K20360	0
K20361	1192
K20362	0
K20363	0
K20364	0
K20365	0
K20366	0
K20367	4
K20368	0
K20369	51
K20370	177
K20371	25
K20372	0
K20373	1537
K20374	1098
K20375	1265
K20376	0
K20377	5
K20378	0
K20379	1365
K20380	3
K20381	48
K20382	593
K20383	34
K20384	77
K20385	1334
K20386	61
K20387	3
K20388	82
K20389	33
K20390	125
K20391	2426
K20392	1
K20393	0
K20394	142
K20395	0
K20396	2
K20397	0
K20398	0
K20399	0
K20400	0
K20401	0
K20402	8
K20403	1
K20404	3
K20405	0
K20406	0
K20407	1
K20408	9
K20409	0
K20410	0
K20411	0
K20412	99
K20413	8
K20414	0
K20415	101
K20416	5
K20417	32
K20418	1029
K20419	621
K20420	1505
K20421	1138
K20422	44
K20423	75
K20424	117
K20425	74
K20426	39
K20427	56
K20428	47
K20429	2650
K20430	43
K20431	695
K20432	88
K20433	58
K20434	43
K20435	219
K20436	14
K20437	1854
K20438	211
K20439	12
K20440	2
K20441	2
K20442	43
K20443	56
K20444	4041
K20445	114
K20446	183
K20447	177
K20448	532
K20449	822
K20450	26
K20451	852
K20452	1627
K20453	1779
K20454	2425
K20455	3972
K20456	1
K20457	8
K20458	10
K20459	5295
K20460	2239
K20461	3910
K20462	0
K20463	0
K20464	0
K20465	1
K20466	1120
K20467	655
K20468	2733
K20469	9243
K20470	1821
K20471	0
K20472	0
K20473	1
K20474	10
K20475	0
K20476	5
K20477	4
K20478	39
K20479	0
K20480	5759
K20481	80
K20482	174
K20483	1768
K20484	1800
K20485	2839
K20486	1492
K20487	3688
K20488	2159
K20489	403
K20490	1874
K20491	1488
K20492	1224
K20493	4
K20494	21
K20495	0
K20496	0
K20497	1038
K20498	110
K20499	1490
K20500	64
K20501	54
K20502	2
K20503	0
K20504	1
K20505	7
K20506	0
K20507	0
K20508	1495
K20509	3708
K20510	104
K20511	101
K20512	0
K20513	0
K20514	0
K20515	0
K20516	0
K20517	0
K20518	0
K20519	0
K20520	1
K20521	10
K20522	2
K20523	2952
K20524	0
K20525	3291
K20526	4
K20527	2052
K20528	2019
K20529	2071
K20530	2217
K20531	2766
K20532	2128
K20533	2387
K20534	10189
K20535	0
K20536	0
K20537	0
K20538	0
K20539	1045
K20540	21
K20541	3985
K20542	3903
K20543	6350
K20544	0
K20545	0
K20546	0
K20547	1879
K20548	52
K20549	419
K20550	358
K20551	28
K20552	19
K20553	0
K20555	189
K20556	0
K20557	0
K20558	0
K20559	0
K20560	0
K20561	0
K20562	0
K20563	0
K20564	0
K20565	133
K20566	3
K20567	7
K20568	4
K20569	1013
K20570	268
K20571	3
K20572	2
K20573	0
K20574	111
K20575	2
K20576	43
K20577	13
K20578	2
K20579	15
K20580	1
K20581	1
K20582	1
K20583	26
K20584	8
K20585	12
K20586	0
K20587	4
K20588	1
K20589	0
K20590	1
K20591	4
K20592	21
K20593	1
K20594	8
K20595	0
K20596	2
K20597	0
K20598	9
K20599	6
K20600	0
K20602	0
K20603	3
K20604	53
K20605	0
K20606	4
K20607	1
K20608	3505
K20609	231
K20610	347
K20611	1773
K20612	10
K20613	2650
K20614	52
K20615	62
K20616	102
K20617	0
K20618	0
K20619	0
K20620	0
K20621	0
K20622	0
K20623	0
K20624	0
K20625	83
K20626	74
K20627	77
K20628	1161
K20629	0
K20630	2
K20631	0
K20632	6
K20633	0
K20634	0
K20635	1
K20636	1
K20637	0
K20638	0
K20639	2
K20640	7
K20641	0
K20642	25
K20643	4
K20644	0
K20645	0
K20646	0
K20647	1
K20648	0
K20649	0
K20650	1
K20651	0
K20652	0
K20653	0
K20654	2
K20655	0
K20656	150
K20657	0
K20658	1
K20659	11
K20660	1
K20661	0
K20662	0
K20663	0
K20664	1
K20665	0
K20666	0
K20667	0
K20668	3
K20669	0
K20670	1
K20671	5
K20672	0
K20673	0
K20674	6
K20675	0
K20676	0
K20677	5
K20678	86
K20679	2146
K20680	1481
K20681	21
K20682	3
K20683	0
K20684	0
K20685	2
K20686	0
K20687	0
K20688	1
K20689	6
K20690	0
K20691	0
K20692	576
K20693	0
K20694	0
K20695	0
K20696	2
K20697	114
K20698	0
K20699	0
K20700	3
K20701	10
K20702	0
K20703	1
K20704	1
K20705	21
K20706	0
K20707	75
K20708	552
K20709	0
K20710	6
K20711	2
K20712	13715
K20713	2
K20714	0
K20715	2927
K20716	2
K20717	0
K20718	14
K20719	85
K20720	0
K20721	0
K20722	0
K20723	1
K20724	0
K20725	0
K20726	0
K20727	0
K20728	2674
K20729	0
K20730	22
K20731	3
K20732	24
K20733	0
K20734	0
K20735	0
K20736	2
K20737	0
K20738	0
K20739	2
K20740	1
K20741	19
K20742	6927
K20743	73
K20744	69
K20745	0
K20746	0
K20747	0
K20748	0
K20749	56
K20750	7
K20751	0
K20752	1
K20753	0
K20754	1402
K20755	710
K20756	0
K20757	1534
K20758	201
K20759	2
K20760	140
K20761	595
K20762	578
K20763	7
K20764	11
K20765	417
K20766	275
K20767	0
K20768	0
K20769	0
K20770	0
K20771	1
K20772	39
K20773	3
K20774	0
K20775	0
K20776	0
K20777	1030
K20778	0
K20779	0
K20780	180
K20781	0
K20782	0
K20783	0
K20784	161
K20785	0
K20786	49
K20787	529
K20788	18
K20789	799
K20790	17
K20791	14
K20792	51
K20793	100
K20794	54
K20795	0
K20796	12
K20797	0
K20798	1598
K20799	0
K20800	0
K20801	913
K20802	467
K20803	0
K20804	0
K20805	0
K20806	10
K20807	1903
K20808	5
K20809	0
K20810	2121
K20811	153
K20812	0
K20813	208
K20814	2865
K20815	0
K20816	3195
K20817	408
K20818	0
K20819	4
K20820	0
K20821	0
K20822	0
K20823	0
K20824	0
K20825	2
K20826	0
K20827	0
K20828	9
K20829	769
K20830	269
K20831	139
K20832	586
K20833	1
K20834	2
K20835	0
K20836	1186
K20837	0
K20838	1360
K20839	0
K20840	1
K20841	49
K20842	0
K20843	17
K20844	577
K20845	96
K20846	3077
K20847	958
K20848	0
K20849	0
K20850	70
K20851	409
K20852	0
K20853	62
K20854	1
K20855	0
K20856	0
K20857	1
K20858	4
K20859	578
K20860	81
K20861	5558
K20862	7253
K20863	0
K20864	23
K20865	74
K20866	8681
K20867	1
K20868	7
K20869	0
K20870	60
K20871	0
K20872	2
K20873	5
K20875	3
K20876	0
K20877	21
K20878	6
K20879	1
K20880	0
K20881	3423
K20882	1097
K20883	315
K20884	301
K20885	2853
K20886	0
K20887	5
K20888	0
K20889	11
K20890	17
K20891	718
K20892	11
K20893	4
K20894	0
K20895	1001
K20896	121
K20897	0
K20898	0
K20899	14
K20900	390
K20901	103
K20902	1035
K20903	200
K20904	248
K20906	77
K20907	40
K20908	0
K20909	2
K20910	0
K20911	0
K20912	2
K20913	0
K20914	0
K20915	3
K20916	0
K20917	0
K20918	2454
K20919	436
K20920	3309
K20921	57
K20922	1443
K20923	5
K20924	1
K20925	0
K20926	150
K20927	824
K20928	20
K20929	3
K20930	17
K20931	307
K20932	1937
K20933	58
K20934	120
K20935	0
K20936	262
K20937	671
K20938	4543
K20939	14
K20940	2905
K20941	475
K20942	389
K20943	111
K20944	10
K20945	71
K20946	335
K20947	366
K20948	245
K20949	239
K20950	5761
K20951	89
K20952	173
K20953	62
K20954	71
K20955	689
K20956	744
K20957	300
K20958	487
K20959	615
K20960	600
K20961	47
K20962	4308
K20963	3442
K20964	1689
K20965	1556
K20966	623
K20967	134
K20968	3200
K20971	4686
K20972	3721
K20973	2184
K20974	9844
K20975	5841
K20976	6335
K20977	3408
K20978	2335
K20979	0
K20980	0
K20981	1
K20982	0
K20983	1
K20984	1
K20985	3
K20986	562
K20987	1348
K20988	2486
K20989	440
K20990	3
K20991	0
K20992	548
K20993	54
K20994	0
K20995	8
K20996	14
K20997	9091
K20998	371
K20999	2356
K21000	5930
K21001	5365
K21002	336
K21003	1867
K21004	355
K21005	1511
K21006	1173
K21007	1142
K21008	2314
K21009	1419
K21010	1262
K21011	2242
K21012	1335
K21013	8
K21014	1616
K21015	1
K21016	1461
K21017	34
K21018	2
K21019	9537
K21020	969
K21021	10896
K21022	9054
K21023	9899
K21024	13044
K21025	2964
K21026	0
K21027	559
K21028	1277
K21029	9734
K21030	2235
K21031	0
K21032	1
K21033	703
K21034	511
K21035	278
K21036	723
K21037	23
K21038	165
K21039	1266
K21040	0
K21041	0
K21042	0
K21043	0
K21044	0
K21045	0
K21046	0
K21047	0
K21048	0
K21049	0
K21050	0
K21051	0
K21052	35
K21053	5287
K21054	6985
K21055	116
K21056	21
K21057	1173
K21058	3
K21059	53
K21060	3191
K21061	5842
K21062	5011
K21063	452
K21064	14903
K21065	650
K21066	10
K21067	0
K21068	0
K21069	0
K21070	0
K21071	7451
K21072	0
K21073	0
K21074	0
K21075	1
K21076	1
K21077	1
K21078	0
K21079	4
K21080	0
K21081	0
K21082	0
K21083	0
K21084	12164
K21085	3469
K21086	1216
K21087	5764
K21088	6999
K21089	5994
K21090	973
K21092	0
K21093	0
K21094	0
K21095	0
K21096	0
K21097	0
K21098	0
K21099	0
K21100	0
K21101	1659
K21102	1
K21103	31
K21104	743
K21105	874
K21106	821
K21107	42
K21108	18
K21109	0
K21110	4
K21111	0
K21112	0
K21113	282
K21114	32
K21115	88
K21116	167
K21117	360
K21118	178
K21119	906
K21120	12
K21121	13
K21122	0
K21123	0
K21124	162
K21126	13
K21127	8
K21128	15
K21129	2
K21130	278
K21131	314
K21132	214
K21133	975
K21134	3013
K21135	1397
K21136	2360
K21137	3372
K21138	4983
K21140	5271
K21141	2
K21142	3971
K21143	0
K21144	0
K21145	0
K21146	95
K21147	8663
K21148	1566
K21149	0
K21150	0
K21151	0
K21152	0
K21153	11
K21154	76
K21155	7
K21156	0
K21157	2
K21158	0
K21159	3954
K21160	149
K21161	262
K21162	2999
K21163	759
K21164	4207
K21165	136
K21166	188
K21167	1926
K21168	599
K21169	295
K21170	138
K21171	103
K21172	3609
K21173	43
K21174	185
K21175	52
K21176	283
K21177	1120
K21178	83
K21179	15
K21180	50
K21181	116
K21182	100
K21183	345
K21184	1329
K21185	4126
K21186	278
K21187	1
K21188	88
K21189	586
K21190	185
K21191	11
K21192	13
K21193	931
K21194	13
K21195	508
K21196	1812
K21197	5
K21198	11
K21199	786
K21200	969
K21201	1
K21202	0
K21203	0
K21204	0
K21205	0
K21206	0
K21207	0
K21208	0
K21209	1244
K21210	717
K21211	1564
K21212	299
K21213	3
K21214	2151
K21215	339
K21216	1721
K21217	806
K21218	2643
K21219	82
K21220	0
K21221	701
K21222	34
K21223	0
K21224	78
K21225	0
K21226	2464
K21227	1
K21228	0
K21229	0
K21230	10
K21231	278
K21232	549
K21233	0
K21234	0
K21235	0
K21236	14
K21237	12
K21238	124
K21239	93
K21240	3
K21241	0
K21242	1
K21243	0
K21244	0
K21245	0
K21246	80
K21247	0
K21248	4
K21249	16
K21250	0
K21251	794
K21252	351
K21253	511
K21254	28
K21255	1131
K21256	87
K21257	14
K21258	357
K21259	117
K21260	25
K21261	267
K21262	16
K21263	138
K21264	698
K21265	833
K21266	50
K21267	1507
K21268	0
K21269	0
K21270	0
K21271	119
K21272	461
K21273	2738
K21274	47
K21275	40
K21276	74
K21277	29
K21278	71
K21279	90
K21280	11
K21281	462
K21282	222
K21283	84
K21284	3134
K21285	2255
K21286	17
K21287	12
K21288	344
K21289	0
K21290	0
K21291	0
K21292	0
K21293	0
K21294	0
K21295	1
K21296	0
K21297	496
K21298	739
K21299	79
K21300	0
K21301	19
K21302	1574
K21303	2124
K21304	1001
K21305	1
K21306	801
K21307	1035
K21308	1056
K21309	1120
K21310	6619
K21311	1
K21312	372
K21313	99
K21314	7
K21315	0
K21316	0
K21317	12
K21318	1
K21319	1
K21320	1
K21321	12
K21322	1
K21323	163
K21324	84
K21325	36
K21326	2
K21327	5
K21328	126
K21329	16
K21330	26
K21331	204
K21332	629
K21333	19
K21335	129
K21336	57
K21337	32
K21338	3
K21339	0
K21340	2
K21341	84
K21342	121
K21343	0
K21344	2369
K21345	2098
K21346	0
K21347	93
K21348	209
K21349	117
K21350	234
K21351	0
K21352	3
K21353	493
K21354	0
K21355	24
K21356	3707
K21357	0
K21358	5
K21359	83
K21360	14
K21361	0
K21362	1
K21363	54
K21364	202
K21365	146
K21366	170
K21367	494
K21368	76
K21369	30
K21370	0
K21371	0
K21372	0
K21373	0
K21374	0
K21375	218
K21376	23
K21377	1636
K21378	410
K21379	541
K21380	0
K21381	3
K21382	23
K21383	0
K21384	0
K21385	0
K21386	0
K21387	0
K21388	0
K21389	0
K21390	0
K21391	0
K21392	1
K21393	6310
K21394	6891
K21395	8761
K21396	9
K21397	7824
K21398	29
K21399	256
K21400	249
K21401	4101
K21402	5661
K21403	0
K21404	1
K21405	9302
K21406	0
K21407	2169
K21408	2
K21409	0
K21410	0
K21411	47
K21412	5
K21413	19
K21414	2
K21415	159
K21416	4888
K21417	4635
K21418	245
K21419	37
K21420	7277
K21421	8
K21422	0
K21423	2
K21424	3
K21425	0
K21426	0
K21427	9
K21428	132
K21429	424
K21430	11951
K21431	1166
K21432	8
K21433	64
K21434	30
K21435	85
K21436	0
K21437	4
K21438	0
K21439	657
K21440	4590
K21441	9
K21442	505
K21443	0
K21444	0
K21445	0
K21446	0
K21447	0
K21448	0
K21449	948
K21450	0
K21451	0
K21452	4
K21453	4223
K21454	3110
K21455	0
K21456	184
K21457	257
K21458	0
K21459	102
K21460	1425
K21461	156
K21462	1254
K21463	3656
K21464	1389
K21465	1855
K21466	111
K21467	2261
K21468	849
K21469	10029
K21470	10793
K21471	7450
K21472	6459
K21473	2215
K21474	593
K21475	0
K21476	0
K21477	0
K21478	8703
K21479	737
K21480	2110
K21481	3444
K21482	0
K21483	0
K21484	0
K21485	1
K21486	107
K21487	679
K21488	1202
K21489	135
K21490	166
K21491	326
K21492	851
K21493	687
K21494	324
K21495	5084
K21496	767
K21497	370
K21498	6623
K21499	261
K21500	15
K21501	38
K21502	341
K21503	57
K21504	0
K21505	0
K21506	22
K21507	789
K21508	64
K21509	0
K21510	0
K21511	799
K21512	2595
K21513	0
K21514	465
K21515	123
K21516	0
K21517	0
K21518	0
K21519	17
K21520	0
K21521	1
K21522	11
K21523	551
K21524	2
K21525	182
K21526	125
K21527	254
K21528	5659
K21529	1
K21530	79
K21531	9
K21532	0
K21533	5
K21534	5
K21535	0
K21536	0
K21537	3
K21538	0
K21539	0
K21540	181
K21541	0
K21542	0
K21543	2
K21544	0
K21545	0
K21546	0
K21547	0
K21548	18
K21549	0
K21550	0
K21551	38
K21552	1856
K21553	11
K21554	0
K21555	325
K21556	1677
K21557	808
K21558	31
K21559	360
K21560	240
K21561	1249
K21562	6149
K21563	8165
K21564	3710
K21565	10
K21566	331
K21567	7045
K21568	63
K21569	210
K21570	73
K21571	1928
K21572	1740
K21573	1999
K21574	2591
K21575	2106
K21576	498
K21577	511
K21578	175
K21579	174
K21580	1
K21581	0
K21582	0
K21583	116
K21584	120
K21585	263
K21586	17
K21587	0
K21588	0
K21589	162
K21590	0
K21591	1805
K21592	487
K21593	1
K21594	25
K21595	1
K21596	13
K21597	0
K21598	0
K21599	0
K21600	9145
K21601	179
K21602	1822
K21603	868
K21604	4
K21605	0
K21606	3175
K21607	2817
K21608	494
K21609	217
K21610	5
K21611	0
K21612	20
K21613	3157
K21614	1014
K21615	619
K21616	162
K21617	218
K21618	22
K21619	286
K21620	1191
K21621	960
K21622	554
K21623	0
K21624	469
K21625	55
K21626	0
K21627	1
K21628	0
K21629	0
K21630	1
K21631	0
K21632	1
K21633	0
K21634	0
K21635	3
K21636	8739
K21637	94
K21638	319
K21639	165
K21640	0
K21641	0
K21642	0
K21643	0
K21644	8
K21645	4024
K21646	0
K21647	141
K21648	2
K21649	0
K21650	0
K21651	0
K21652	0
K21653	0
K21654	0
K21655	0
K21656	0
K21657	0
K21658	0
K21659	0
K21660	0
K21661	0
K21662	0
K21663	0
K21664	2
K21665	0
K21666	1
K21667	0
K21668	0
K21669	0
K21670	0
K21671	0
K21672	1401
K21673	0
K21674	0
K21675	1
K21676	22
K21677	3513
K21678	1255
K21679	2325
K21680	37
K21681	857
K21682	9
K21683	4
K21684	101
K21685	1884
K21686	8165
K21687	4394
K21688	6468
K21689	587
K21690	108
K21691	948
K21692	0
K21693	0
K21694	240
K21695	4969
K21696	1126
K21697	66
K21698	6759
K21699	3314
K21700	2668
K21701	1393
K21702	651
K21703	12466
K21704	0
K21705	0
K21706	0
K21707	0
K21708	2
K21709	0
K21710	0
K21711	2210
K21712	3297
K21713	746
K21714	0
K21715	0
K21716	0
K21717	0
K21718	2
K21719	0
K21720	0
K21721	1231
K21722	1699
K21723	66
K21724	621
K21725	321
K21726	42
K21727	1469
K21728	8
K21729	5
K21730	121
K21731	90
K21732	4
K21733	1
K21734	2
K21735	0
K21736	0
K21737	1598
K21738	27
K21739	4109
K21740	888
K21741	2942
K21742	183
K21743	2050
K21744	9762
K21745	6718
K21746	324
K21747	2275
K21748	40
K21749	641
K21750	80
K21751	0
K21752	0
K21753	0
K21754	4
K21755	1667
K21756	267
K21757	12383
K21758	513
K21759	1153
K21760	45
K21761	2
K21762	0
K21763	2
K21764	55
K21765	0
K21766	2
K21767	7
K21768	9
K21769	0
K21770	0
K21771	0
K21772	142
K21773	0
K21774	0
K21775	0
K21776	0
K21777	1
K21778	121
K21779	75
K21780	163
K21781	453
K21782	421
K21783	177
K21784	465
K21785	2897
K21786	1941
K21787	206
K21788	466
K21789	477
K21790	731
K21791	112
K21792	2091
K21793	681
K21794	0
K21795	35
K21796	1
K21797	0
K21798	0
K21799	0
K21800	0
K21801	880
K21802	2950
K21803	18
K21804	97
K21805	0
K21806	5
K21807	0
K21808	0
K21809	0
K21810	6
K21811	0
K21812	0
K21813	0
K21814	52
K21815	88
K21816	33
K21817	456
K21818	66
K21819	0
K21820	0
K21821	232
K21822	1069
K21823	1
K21824	0
K21825	1710
K21826	4205
K21827	40
K21828	1118
K21829	6523
K21830	2512
K21831	598
K21832	4001
K21833	1994
K21834	6271
K21835	1
K21836	0
K21837	0
K21838	2
K21839	48
K21840	27
K21841	1
K21842	0
K21843	87
K21844	0
K21845	0
K21846	11
K21847	0
K21848	3
K21849	0
K21850	194
K21851	0
K21852	0
K21853	0
K21854	0
K21855	0
K21856	0
K21857	0
K21858	0
K21859	0
K21860	0
K21861	0
K21862	0
K21863	0
K21864	1
K21865	42
K21866	549
K21867	0
K21868	0
K21869	2
K21870	0
K21871	2
K21872	0
K21873	0
K21874	3
K21875	0
K21876	1
K21877	22
K21878	223
K21879	20
K21880	0
K21881	3
K21882	2
K21883	3300
K21884	146
K21885	5912
K21886	1806
K21887	888
K21888	87
K21889	0
K21890	0
K21891	0
K21892	1
K21893	82
K21894	10
K21895	0
K21896	4
K21897	0
K21898	1792
K21899	122
K21900	11316
K21901	52
K21902	2636
K21903	10709
K21904	938
K21905	44
K21906	6094
K21907	71
K21908	9042
K21909	548
K21910	1485
K21911	644
K21912	8
K21913	1
K21914	0
K21915	0
K21916	0
K21917	0
K21918	0
K21919	3317
K21920	0
K21921	0
K21922	0
K21923	2
K21924	0
K21925	0
K21926	0
K21927	51
K21928	0
K21929	11184
K21930	3
K21931	0
K21932	0
K21933	0
K21934	42
K21935	764
K21936	1497
K21937	0
K21938	0
K21939	0
K21940	0
K21941	5
K21942	5
K21943	1
K21944	0
K21945	0
K21946	77
K21947	289
K21948	3271
K21949	1469
K21950	0
K21951	0
K21952	5
K21953	0
K21954	934
K21955	9
K21956	57
K21957	0
K21958	0
K21959	5575
K21960	467
K21961	9209
K21962	5523
K21963	425
K21964	501
K21965	1587
K21966	1795
K21967	467
K21968	686
K21969	2
K21970	83
K21971	0
K21972	1522
K21973	5959
K21974	620
K21975	716
K21976	698
K21977	1429
K21978	6
K21979	4
K21980	0
K21981	0
K21982	0
K21983	0
K21984	0
K21985	0
K21986	0
K21987	0
K21988	0
K21989	1
K21990	3504
K21991	59
K21992	939
K21993	4451
K21994	0
K21995	0
K21996	0
K21997	0
K21998	0
K21999	0
K22000	0
K22001	0
K22002	0
K22003	2419
K22004	16
K22005	0
K22006	0
K22007	6
K22008	0
K22009	3
K22010	8455
K22011	4
K22012	3
K22013	385
K22014	617
K22015	1535
K22017	86
K22018	40
K22019	9
K22021	0
K22022	1
K22023	326
K22024	3465
K22025	2590
K22026	4229
K22027	2710
K22028	0
K22029	0
K22030	1
K22031	4
K22032	0
K22033	1761
K22034	0
K22035	0
K22036	0
K22037	0
K22038	12
K22039	0
K22040	0
K22041	8156
K22042	8153
K22043	5238
K22044	11178
K22045	0
K22046	0
K22047	5
K22048	1
K22049	1
K22050	0
K22051	3457
K22052	93
K22053	1
K22054	0
K22055	1
K22056	0
K22057	0
K22058	0
K22059	0
K22060	6
K22061	0
K22062	1
K22063	959
K22064	0
K22065	0
K22066	1092
K22067	3717
K22068	7104
K22069	0
K22070	1
K22071	1546
K22072	1602
K22073	420
K22074	7065
K22075	29
K22076	1
K22077	233
K22078	201
K22079	4
K22080	0
K22081	1956
K22082	2075
K22083	10392
K22084	1064
K22085	1039
K22086	1143
K22087	1048
K22088	5
K22089	564
K22090	0
K22091	1
K22092	0
K22093	2
K22094	0
K22095	0
K22096	0
K22097	0
K22098	0
K22099	70
K22100	23
K22101	295
K22102	14
K22103	1925
K22104	1968
K22105	6755
K22106	9297
K22107	4507
K22108	13242
K22109	5075
K22110	1779
K22111	103
K22112	934
K22113	72
K22114	394
K22115	3916
K22116	960
K22117	0
K22118	48
K22119	1
K22120	18
K22121	0
K22122	0
K22123	219
K22124	5542
K22125	0
K22126	0
K22127	0
K22128	2
K22129	3755
K22130	3137
K22131	5191
K22132	12219
K22133	921
K22134	1508
K22135	4495
K22136	2761
K22137	53
K22138	0
K22139	0
K22140	0
K22141	0
K22142	0
K22143	0
K22144	14
K22145	0
K22146	0
K22147	2
K22148	263
K22149	15
K22150	4
K22151	0
K22152	12
K22153	7234
K22154	0
K22155	0
K22156	0
K22157	0
K22158	0
K22159	1
K22160	4
K22161	0
K22162	0
K22163	0
K22164	44
K22165	0
K22166	31
K22167	6
K22168	0
K22169	13
K22170	0
K22171	0
K22172	0
K22173	0
K22174	7
K22175	0
K22176	14
K22177	0
K22178	0
K22179	0
K22180	0
K22181	0
K22182	1
K22184	0
K22185	2136
K22186	2499
K22187	5098
K22188	0
K22189	0
K22190	5
K22191	0
K22192	0
K22193	0
K22194	3
K22195	3
K22196	0
K22197	1
K22198	0
K22199	4
K22200	164
K22201	0
K22202	0
K22203	746
K22204	0
K22205	3409
K22206	437
K22207	0
K22208	0
K22209	1718
K22210	3977
K22211	7837
K22212	2232
K22213	1691
K22214	703
K22215	790
K22216	217
K22217	1316
K22218	49
K22219	4594
K22220	473
K22221	5275
K22222	1005
K22223	2907
K22224	45
K22225	1050
K22226	8968
K22227	2827
K22228	14
K22229	2004
K22230	6057
K22231	40
K22232	63
K22233	255
K22234	0
K22235	0
K22236	0
K22237	0
K22238	0
K22239	2
K22240	2
K22241	1
K22242	6
K22243	0
K22244	56
K22245	273
K22246	0
K22247	398
K22248	0
K22249	83
K22250	1458
K22251	727
K22252	1055
K22253	274
K22254	0
K22255	3
K22256	0
K22257	5
K22258	0
K22259	0
K22260	0
K22261	0
K22262	0
K22263	1
K22264	0
K22265	3
K22266	311
K22267	202
K22268	351
K22269	7
K22270	3839
K22271	0
K22272	0
K22273	0
K22274	0
K22275	2
K22276	26
K22277	28
K22278	13816
K22279	2
K22280	0
K22281	1
K22282	11
K22283	0
K22284	0
K22285	1
K22286	4
K22287	2
K22288	3
K22289	16
K22290	0
K22291	8
K22292	5696
K22293	6615
K22294	4902
K22295	1646
K22296	9511
K22297	2643
K22298	2984
K22299	12620
K22300	17645
K22301	366
K22302	1890
K22303	3318
K22304	18
K22305	9689
K22306	5907
K22307	136
K22308	187
K22309	444
K22310	9478
K22311	4259
K22312	2
K22313	7
K22314	3046
K22315	2452
K22316	4700
K22317	1336
K22318	2368
K22319	882
K22320	5575
K22321	0
K22322	1444
K22323	0
K22324	10
K22325	28
K22326	0
K22327	0
K22328	3
K22329	1
K22330	527
K22331	27
K22332	17
K22333	39
K22334	15
K22335	177
K22336	1026
K22337	0
K22338	51
K22339	4106
K22340	663
K22341	665
K22342	1645
K22343	1198
K22344	1106
K22345	6795
K22346	40
K22347	1584
K22348	2419
K22349	600
K22350	380
K22351	63
K22352	87
K22353	15
K22354	5
K22355	16
K22356	7
K22357	8
K22358	2
K22359	8
K22360	1
K22361	2
K22362	1
K22363	29
K22364	24
K22365	0
K22366	1
K22367	1
K22368	37
K22369	5052
K22370	0
K22371	0
K22372	49
K22373	1880
K22374	3
K22375	0
K22376	2
K22377	1
K22378	8
K22379	0
K22380	5
K22381	0
K22382	96
K22383	0
K22384	6
K22385	0
K22386	1
K22387	79
K22388	0
K22389	69
K22390	5245
K22391	17277
K22392	15
K22393	1416
K22394	1279
K22395	1898
K22396	510
K22397	1619
K22398	0
K22399	483
K22400	0
K22401	0
K22402	3
K22403	0
K22404	0
K22405	2444
K22406	2
K22407	5
K22408	809
K22409	2358
K22410	0
K22411	0
K22412	0
K22413	0
K22414	0
K22415	0
K22416	0
K22417	0
K22418	108
K22419	2700
K22420	0
K22421	0
K22422	0
K22423	0
K22424	441
K22425	0
K22426	0
K22427	51
K22428	0
K22429	0
K22430	94
K22431	1830
K22432	1458
K22433	247
K22434	0
K22435	0
K22436	0
K22437	0
K22438	7225
K22439	0
K22440	0
K22441	16765
K22442	0
K22443	1777
K22444	615
K22445	1094
K22446	101
K22447	157
K22448	0
K22449	3
K22450	7781
K22451	840
K22452	13418
K22453	0
K22454	0
K22455	0
K22456	0
K22457	1872
K22458	0
K22459	3
K22460	5
K22461	0
K22462	1385
K22463	1266
K22464	2
K22465	67
K22466	32
K22467	0
K22468	8048
K22469	29
K22470	417
K22471	0
K22472	0
K22473	169
K22474	5603
K22475	1772
K22476	6888
K22477	5388
K22478	553
K22479	12034
K22480	175
K22481	85
K22482	71
K22483	0
K22484	0
K22485	1
K22486	3669
K22487	418
K22488	420
K22489	11187
K22490	56
K22491	7013
K22492	26
K22493	7
K22494	0
K22495	0
K22496	0
K22497	0
K22498	0
K22499	0
K22500	0
K22501	118
K22502	1328
K22503	4
K22504	547
K22505	431
K22506	423
K22507	445
K22508	420
K22509	419
K22510	419
K22511	451
K22512	440
K22513	319
K22514	191
K22515	1055
K22516	3799
K22517	2
K22518	0
K22519	1421
K22520	40
K22521	4
K22522	15000
K22523	168
K22524	1
K22525	40
K22526	0
K22527	0
K22528	0
K22529	0
K22530	115
K22531	32
K22532	0
K22533	0
K22534	36
K22535	4
K22536	1
K22537	0
K22538	0
K22539	451
K22540	166
K22541	0
K22542	0
K22543	0
K22544	1
K22545	593
K22546	0
K22547	118
K22548	1187
K22549	4721
K22550	4202
K22551	1694
K22552	7400
K22553	1264
K22554	0
K22555	0
K22556	0
K22557	0
K22558	0
K22559	0
K22560	0
K22561	0
K22562	0
K22563	0
K22564	0
K22565	0
K22566	0
K22567	7
K22568	0
K22569	1
K22570	63
K22571	0
K22572	0
K22573	0
K22574	5
K22575	1078
K22576	1359
K22577	1
K22578	89
K22579	3470
K22580	2638
K22581	0
K22582	12
K22583	91
K22584	24
K22585	7985
K22586	0
K22587	0
K22588	10
K22589	5021
K22590	5
K22591	0
K22592	0
K22593	0
K22594	5
K22595	3
K22596	3
K22597	1589
K22598	2345
K22599	1
K22600	4
K22601	781
K22602	2650
K22603	0
K22604	365
K22605	398
K22606	223
K22607	43
K22608	0
K22609	0
K22610	0
K22611	28
K22612	0
K22613	0
K22614	25
K22615	997
K22616	1756
K22617	7307
K22618	5183
K22619	2
K22620	0
K22621	0
K22622	3370
K22623	0
K22624	0
K22625	0
K22626	2
K22627	0
K22628	0
K22629	0
K22630	32
K22631	0
K22632	19
K22633	0
K22634	0
K22635	0
K22636	0
K22637	0
K22638	0
K22639	0
K22640	0
K22641	0
K22642	0
K22643	0
K22644	4
K22645	0
K22646	0
K22647	0
K22648	0
K22649	0
K22650	951
K22651	0
K22652	0
K22653	6
K22654	5
K22655	2
K22656	101
K22657	21
K22658	1
K22659	24
K22660	0
K22661	0
K22662	1
K22663	2
K22664	0
K22665	0
K22666	11
K22667	0
K22668	0
K22669	0
K22670	3
K22671	0
K22672	3
K22673	0
K22674	0
K22675	0
K22676	1
K22677	33
K22678	0
K22679	36
K22680	0
K22681	0
K22682	0
K22683	0
K22684	2813
K22685	752
K22686	75
K22687	1
K22688	0
K22689	0
K22690	663
K22691	0
K22692	12
K22693	77
K22694	305
K22695	53
K22696	16
K22697	31
K22698	1
K22699	390
K22700	0
K22701	0
K22702	0
K22703	1
K22704	858
K22705	1095
K22706	0
K22707	0
K22708	4058
K22709	61
K22710	283
K22711	349
K22712	210
K22713	12
K22714	142
K22715	1
K22716	1
K22717	0
K22718	101
K22719	15689
K22720	668
K22721	3680
K22722	0
K22723	2432
K22724	0
K22725	88
K22726	0
K22727	0
K22728	0
K22729	0
K22730	0
K22731	0
K22732	62
K22733	975
K22734	210
K22735	0
K22736	8205
K22737	2163
K22738	2
K22739	0
K22740	0
K22741	23
K22742	0
K22743	23
K22744	5
K22745	2092
K22746	3
K22747	1803
K22748	0
K22749	0
K22750	574
K22751	0
K22752	0
K22753	0
K22754	48
K22755	0
K22756	5
K22757	2652
K22758	8
K22759	1
K22760	0
K22761	0
K22762	4
K22763	2
K22764	0
K22765	0
K22766	127
K22767	44
K22768	0
K22769	2664
K22770	4482
K22771	0
K22772	0
K22773	0
K22774	0
K22775	0
K22776	0
K22777	0
K22778	0
K22779	0
K22780	0
K22781	0
K22782	0
K22783	0
K22784	0
K22785	0
K22786	0
K22787	0
K22788	0
K22789	0
K22790	4
K22791	0
K22792	0
K22793	0
K22794	0
K22795	51
K22796	698
K22797	983
K22798	2
K22799	12
K22800	33
K22801	1992
K22802	5
K22803	206
K22804	1539
K22805	0
K22806	0
K22807	334
K22808	15
K22809	0
K22810	1
K22811	0
K22812	0
K22813	0
K22814	0
K22815	0
K22816	0
K22817	2
K22818	2828
K22819	3827
K22820	3015
K22821	957
K22822	1174
K22823	0
K22824	26
K22825	0
K22826	0
K22827	1
K22828	0
K22829	2
K22830	0
K22831	0
K22832	15
K22833	0
K22834	13
K22835	5
K22836	8
K22837	248
K22838	359
K22839	92
K22840	69
K22841	2
K22842	1208
K22843	3520
K22844	6032
K22845	0
K22846	8
K22847	2810
K22848	256
K22849	23
K22850	258
K22851	431
K22852	3
K22853	429
K22854	5
K22855	6
K22856	235
K22857	22
K22858	2
K22859	0
K22860	1
K22861	0
K22862	0
K22863	0
K22864	0
K22865	1
K22866	0
K22867	0
K22868	2
K22869	1
K22870	1
K22871	217
K22872	0
K22873	5
K22874	1400
K22875	712
K22876	2
K22877	1
K22878	0
K22879	2704
K22880	0
K22881	1336
K22882	26
K22883	386
K22884	0
K22885	370
K22886	763
K22887	0
K22888	23
K22889	0
K22890	0
K22891	1
K22892	1
K22893	2810
K22894	5151
K22895	2589
K22896	147
K22897	142
K22898	43
K22899	569
K22900	7841
K22901	256
K22902	1313
K22903	12
K22904	46
K22905	3356
K22906	203
K22907	6957
K22908	324
K22909	2
K22910	0
K22911	0
K22912	7
K22913	0
K22914	48
K22915	219
K22916	250
K22917	222
K22918	2129
K22919	0
K22920	7
K22921	36
K22922	35
K22923	35
K22924	172
K22925	23
K22926	73
K22927	5251
K22928	151
K22929	4
K22930	12
K22931	6
K22932	0
K22933	228
K22934	6789
K22935	995
K22936	0
K22937	1
K22938	70
K22939	0
K22940	11
K22941	0
K22942	0
K22943	0
K22944	951
K22945	0
K22946	0
K22947	0
K22948	0
K22949	2
K22950	0
K22951	50
K22952	759
K22953	2
K22954	115
K22955	527
K22956	512
K22957	409
K22958	920
K22959	215
K22960	701
K22961	0
K22962	0
K22963	158
K22964	0
K22965	0
K22966	1
K22967	0
K22968	236
K22969	499
K22970	35
K22971	24
K22972	0
K22973	0
K22974	0
K22975	0
K22976	70
K22977	359
K22978	0
K22979	2
K22980	1440
K22981	68
K22982	66
K22983	1
K22984	0
K22985	0
K22986	1
K22987	0
K22988	0
K22989	0
K22990	9
K22991	1
K22992	0
K22993	1
K22994	2295
K22995	0
K22996	13
K22997	1111
K22998	28
K22999	5
K23000	0
K23001	12
K23002	443
K23003	433
K23004	206
K23005	479
K23006	1
K23007	2391
K23008	0
K23009	176
K23010	6757
K23011	4
K23012	542
K23013	0
K23014	5
K23015	1061
K23016	1244
K23017	7
K23018	0
K23019	9
K23020	145
K23021	0
K23022	0
K23023	48
K23024	7
K23025	142
K23026	0
K23027	4
K23028	18
K23029	1
K23030	15
K23031	1
K23032	0
K23033	0
K23034	0
K23035	0
K23036	219
K23037	0
K23038	0
K23039	0
K23040	3
K23041	0
K23042	0
K23043	26
K23044	415
K23045	4
K23046	6
K23047	2
K23048	1
K23049	0
K23050	525
K23051	40
K23052	15
K23053	0
K23054	4341
K23055	1577
K23056	1997
K23057	1611
K23058	1403
K23059	6338
K23060	565
K23061	2692
K23062	634
K23063	638
K23064	633
K23065	0
K23066	340
K23067	172
K23068	0
K23069	0
K23070	0
K23071	0
K23072	1321
K23073	256
K23074	0
K23075	64
K23076	116
K23077	375
K23078	580
K23079	57
K23080	0
K23081	0
K23082	96
K23083	837
K23084	851
K23085	332
K23086	829
K23087	23
K23088	0
K23089	0
K23090	0
K23091	7
K23092	0
K23093	0
K23094	177
K23095	189
K23096	0
K23097	0
K23098	0
K23099	0
K23100	0
K23101	285
K23102	25
K23103	1239
K23104	370
K23105	1
K23106	0
K23107	13871
K23108	0
K23109	60
K23110	98
K23111	155
K23112	2
K23113	660
K23114	422
K23115	0
K23116	3
K23117	1843
K23118	1117
K23119	0
K23120	525
K23121	747
K23122	403
K23123	6724
K23124	8813
K23125	0
K23126	0
K23127	1328
K23128	2
K23129	1
K23130	11
K23131	1
K23132	245
K23133	5
K23134	0
K23135	0
K23136	1
K23137	0
K23138	3032
K23139	648
K23140	0
K23141	0
K23142	0
K23143	0
K23144	4120
K23145	1
K23146	1519
K23147	1519
K23148	522
K23149	1100
K23150	406
K23151	37
K23152	0
K23153	14
K23154	0
K23155	839
K23156	1167
K23157	0
K23158	0
K23159	440
K23160	191
K23161	0
K23162	2
K23163	8114
K23164	2413
K23165	0
K23166	6
K23167	1002
K23168	17
K23169	700
K23170	696
K23171	1
K23172	0
K23173	0
K23174	0
K23175	0
K23176	1154
K23177	0
K23178	0
K23179	0
K23180	0
K23181	1386
K23182	1434
K23183	1372
K23184	115
K23185	1647
K23186	4926
K23187	4840
K23188	7835
K23189	432
K23190	53
K23191	47
K23192	0
K23193	1
K23194	0
K23195	1
K23196	2
K23197	18
K23198	10
K23199	10
K23200	0
K23201	11
K23202	83
K23203	0
K23204	7
K23205	2230
K23206	7
K23207	2
K23208	1
K23209	3
K23210	3
K23211	0
K23212	0
K23213	0
K23214	14
K23215	0
K23216	0
K23217	0
K23218	0
K23219	0
K23220	5
K23221	1
K23222	1018
K23223	241
K23224	0
K23225	0
K23226	0
K23227	4087
K23228	4096
K23229	13
K23230	12
K23231	42
K23232	4
K23233	2
K23234	0
K23235	28
K23236	2
K23237	1391
K23238	630
K23239	3420
K23240	1363
K23241	247
K23242	6970
K23243	3828
K23244	1184
K23245	973
K23246	652
K23247	1127
K23248	2927
K23249	182
K23250	14
K23251	3
K23252	186
K23253	2054
K23254	4253
K23255	16
K23256	6277
K23257	1512
K23258	6135
K23259	589
K23260	0
K23261	0
K23262	966
K23263	13
K23264	8809
K23265	9228
K23266	27
K23267	33
K23268	0
K23269	9049
K23270	295
K23271	1338
K23272	28
K23273	551
K23274	1191
K23275	2104
K23276	0
K23277	0
K23278	4
K23279	0
K23280	0
K23281	0
K23282	1
K23283	0
K23284	362
K23285	13
K23286	0
K23287	0
K23288	0
K23289	1
K23290	0
K23291	0
K23292	6
K23293	107
K23294	0
K23295	1
K23296	5
K23297	0
K23298	0
K23299	0
K23300	1945
K23301	1859
K23302	1772
K23303	947
K23304	198
K23305	2
K23306	0
K23307	0
K23308	0
K23309	0
K23310	0
K23311	0
K23312	0
K23313	1
K23314	3
K23315	33
K23316	2
K23317	0
K23318	0
K23319	140
K23320	0
K23321	0
K23322	0
K23323	7
K23324	0
K23325	7
K23326	0
K23327	0
K23328	0
K23329	3
K23330	150
K23331	0
K23332	5
K23333	0
K23334	34
K23335	1
K23336	1
K23337	2
K23338	1
K23339	0
K23340	0
K23341	7
K23342	4
K23343	27
K23344	22
K23345	0
K23346	0
K23347	500
K23348	17
K23349	3841
K23351	9772
K23352	1896
K23353	24
K23354	1
K23355	0
K23356	2481
K23357	0
K23358	0
K23359	13254
K23360	60
K23361	1091
K23362	1
K23363	198
K23364	161
K23365	95
K23366	152
K23367	102
K23368	252
K23369	0
K23370	476
K23371	237
K23372	1292
K23373	1751
K23374	568
K23375	797
K23376	1336
K23377	2
K23378	3
K23379	247
K23380	385
K23381	0
K23382	3
K23383	194
K23384	35
K23385	102
K23386	0
K23387	0
K23388	2
K23389	0
K23390	1
K23392	0
K23393	5977
K23394	632
K23395	2
K23396	53
K23397	210
K23398	881
K23399	0
K23400	14
K23401	0
K23402	0
K23403	0
K23404	0
K23405	0
K23406	0
K23407	10
K23408	0
K23409	2
K23410	1
K23411	2
K23412	8
K23413	15
K23414	2097
K23415	111
K23416	380
K23417	181
K23418	16
K23419	29
K23420	0
K23421	11
K23422	0
K23423	0
K23424	6827
K23425	38
K23426	0
K23427	1
K23428	0
K23429	1
K23430	21
K23431	2
K23432	0
K23433	0
K23434	0
K23435	19
K23436	0
K23437	1307
K23438	12
K23439	1933
K23440	375
K23441	0
K23442	0
K23443	0
K23444	0
K23445	0
K23446	704
K23447	1081
K23448	788
K23449	4
K23450	0
K23451	14
K23452	1
K23453	0
K23454	96
K23455	1
K23456	3
K23457	0
K23458	4
K23459	0
K23460	0
K23461	0
K23462	2043
K23463	4386
K23464	13469
K23465	2927
K23466	6505
K23467	3088
K23468	0
K23469	2
K23470	2692
K23471	0
K23472	23
K23473	7
K23474	181
K23475	328
K23476	184
K23477	14
K23478	46
K23479	0
K23480	2
K23481	0
K23482	144
K23483	364
K23484	0
K23485	0
K23486	19
K23487	4
K23488	0
K23489	43
K23490	149
K23491	0
K23492	503
K23493	0
K23494	0
K23495	18
K23496	4
K23497	0
K23498	331
K23499	906
K23500	0
K23501	0
K23502	0
K23503	0
K23504	455
K23505	0
K23506	0
K23507	1
K23508	4685
K23509	4006
K23510	90
K23511	94
K23512	94
K23513	72
K23514	9427
K23515	0
K23516	0
K23517	62
K23518	8522
K23519	871
K23520	0
K23521	0
K23522	0
K23523	0
K23524	0
K23525	0
K23526	215
K23527	157
K23528	1671
K23529	997
K23530	3
K23531	40
K23532	0
K23533	295
K23534	0
K23535	10202
K23536	10238
K23537	10208
K23538	0
K23539	0
K23540	22
K23541	5982
K23542	0
K23543	0
K23544	6
K23545	307
K23546	305
K23547	286
K23548	617
K23549	870
K23550	48
K23551	36
K23552	0
K23553	0
K23554	2
K23555	1497
K23556	20
K23557	21
K23558	0
K23560	0
K23561	0
K23562	41
K23563	58
K23564	0
K23565	0
K23566	0
K23567	0
K23568	54
K23569	0
K23570	0
K23571	0
K23573	1
K23574	20
K23575	0
K23576	0
K23577	0
K23578	0
K23579	0
K23580	1
K23581	0
K23582	0
K23583	0
K23584	0
K23585	0
K23586	34
K23587	76
K23588	0
K23589	8
K23590	0
K23591	2
K23592	0
K23593	165
K23594	0
K23595	0
K23596	0
K23597	60
K23598	301
K23599	0
K23600	0
K23601	0
K23602	0
K23603	84
K23604	0
K23605	0
K23606	1
K23607	0
K23608	0
K23609	0
K23610	0
K23611	0
K23612	40
K23613	0
K23614	45
K23615	314
K23616	1
K23617	5780
K23618	14
K23619	9
K23620	4
K23621	3
K23622	0
K23623	0
K23624	5
K23625	0
K23626	0
K23627	3
K23628	1
K23629	0
K23630	11
K23631	116
K23632	0
K23633	591
K23634	2
K23635	0
K23636	1
K23637	17
K23638	0
K23639	9
K23640	1
K23641	0
K23642	0
K23643	0
K23644	0
K23645	0
K23646	4
K23647	2
K23648	34
K23649	0
K23650	17
K23651	9
K23652	50
K23653	63
K23654	31
K23655	37
K23656	58
K23657	1
K23658	31
K23659	11
K23660	48
K23661	29
K23662	0
K23663	0
K23664	74
K23665	30
K23666	0
K23667	5
K23668	2120
K23669	533
K23670	274
K23671	166
K23672	132
K23673	434
K23674	2795
K23675	5418
K23676	7068
K23677	1428
K23678	14
K23679	0
K23680	0
K23681	0
K23682	0
K23683	1433
K23684	3842
K23685	1379
K23686	282
K23687	0
K23688	0
K23689	0
K23690	0
K23691	0
K23692	0
K23693	0
K23694	0
K23695	0
K23696	0
K23697	0
K23698	0
K23699	0
K23700	0
K23701	0
K23702	0
K23703	3
K23704	151
K23705	0
K23706	0
K23707	0
K23708	0
K23709	0
K23710	0
K23711	0
K23712	0
K23713	0
K23714	0
K23715	2
K23716	0
K23717	0
K23718	22
K23719	0
K23720	0
K23721	244
K23722	923
K23723	306
K23724	0
K23725	327
K23726	2599
K23727	1
K23728	21
K23729	34
K23730	2
K23731	0
K23732	6
K23733	6
K23734	1836
K23735	5
K23736	0
K23737	0
K23738	75
K23739	0
K23740	1
K23741	1
K23742	3
K23743	1559
K23744	14
K23745	17
K23746	67
K23747	52
K23748	14
K23749	50
K23750	1
K23751	0
K23752	351
K23753	8859
K23754	0
K23755	919
K23756	0
K23757	0
K23758	0
K23759	1
K23760	0
K23761	1
K23762	1
K23763	59
K23764	5
K23765	2
K23766	0
K23767	0
K23768	0
K23769	0
K23770	1
K23771	0
K23772	0
K23773	4224
K23774	3330
K23775	14905
K23776	1448
K23777	9795
K23778	6984
K23779	16781
K23780	0
K23781	0
K23782	0
K23783	0
K23784	0
K23785	0
K23786	4292
K23787	8
K23788	1
K23789	0
K23790	72
K23791	0
K23792	138
K23793	0
K23794	5
K23795	0
K23796	0
K23797	1
K23798	0
K23799	0
K23800	0
K23801	0
K23802	0
K23803	0
K23804	0
K23805	0
K23806	0
K23807	0
K23808	3
K23809	0
K23810	0
K23811	465
K23812	603
K23813	0
K23814	13
K23815	0
K23816	0
K23817	0
K23818	233
K23819	0
K23820	308
K23821	0
K23822	0
K23823	0
K23824	1
K23825	2372
K23826	0
K23827	5
K23828	15
K23829	14
K23830	9
K23831	7
K23832	60
K23833	73
K23834	6
K23835	0
K23836	1
K23837	0
K23838	0
K23839	0
K23840	1
K23841	0
K23842	2896
K23843	0
K23844	0
K23845	1
K23846	0
K23847	213
K23848	2
K23849	0
K23850	0
K23851	1
K23852	1
K23853	0
K23854	4
K23855	35
K23856	1693
K23857	0
K23858	4
K23859	0
K23860	1
K23861	0
K23862	1
K23863	0
K23864	163
K23865	0
K23866	440
K23867	0
K23868	0
K23869	70
K23870	0
K23871	0
K23872	0
K23873	17
K23874	331
K23875	27
K23876	3800
K23877	0
K23878	0
K23879	0
K23880	0
K23881	47
K23882	28
K23883	0
K23884	0
K23885	32
K23886	3567
K23887	4
K23888	0
K23889	0
K23890	0
K23891	0
K23892	0
K23893	0
K23894	1
K23895	0
K23896	1053
K23897	0
K23898	2
K23899	188
K23900	12
K23901	828
K23902	8
K23903	1
K23904	50
K23905	17
K23906	5
K23907	0
K23908	15
K23909	109
K23910	0
K23911	684
K23912	1
K23913	0
K23914	8
K23915	9
K23916	1225
K23917	0
K23918	0
K23919	0
K23920	0
K23921	0
K23922	1
K23923	0
K23924	0
K23925	4
K23926	11
K23927	1
K23928	0
K23929	1
K23930	0
K23931	0
K23932	1
K23934	44
K23935	0
K23936	63
K23937	0
K23938	3
K23939	1
K23940	0
K23941	62
K23942	170
K23943	7
K23944	34
K23945	5
K23946	1201
K23947	12
K23948	2373
K23949	49
K23950	0
K23951	0
K23952	0
K23953	0
K23954	0
K23955	9
K23956	0
K23957	35
K23958	5
K23959	0
K23960	34
K23961	0
K23962	0
K23963	0
K23964	0
K23965	1
K23966	0
K23967	0
K23968	7
K23969	0
K23970	0
K23971	0
K23972	0
K23973	121
K23974	173
K23975	322
K23976	3819
K23977	11
K23978	1547
K23979	0
K23980	9240
K23981	54
K23982	445
K23983	2066
K23984	1116
K23985	788
K23986	3
K23987	1714
K23988	5411
K23989	2358
K23990	0
K23991	670
K23992	2208
K23993	3777
K23994	879
K23995	1097
K23996	1
K23997	16473
K23998	91
K23999	491
K24000	354
K24001	254
K24002	306
K24003	962
K24004	281
K24005	15
K24006	30
K24007	0
K24008	0
K24009	5
K24010	20
K24011	0
K24012	6697
K24013	0
K24014	0
K24015	0
K24016	38
K24017	3819
K24018	9161
K24019	0
K24020	6
K24021	0
K24022	0
K24023	44
K24024	0
K24025	0
K24026	0
K24027	5
K24028	1374
K24029	31
K24030	1
K24031	1
K24032	17
K24033	2587
K24034	770
K24035	0
K24036	0
K24037	0
K24038	0
K24039	0
K24040	3395
K24041	1172
K24042	3867
K24043	0
K24044	0
K24045	2
K24046	0
K24047	48
K24048	0
K24049	12
K24050	37
K24051	196
K24052	0
K24053	33
K24054	0
K24055	23
K24056	0
K24057	50
K24058	1
K24059	44
K24060	34
K24061	13
K24062	0
K24063	0
K24064	0
K24065	0
K24066	3
K24067	15
K24068	1
K24069	79
K24070	48
K24071	295
K24072	737
K24073	3512
K24074	51
K24075	3
K24076	702
K24077	0
K24078	372
K24079	38
K24080	3
K24081	0
K24082	5056
K24083	3815
K24084	2228
K24085	1739
K24086	1
K24087	1813
K24088	351
K24089	86
K24090	189
K24091	2
K24092	0
K24093	3
K24094	0
K24095	0
K24096	20
K24097	36
K24098	0
K24099	1
K24100	326
K24101	1002
K24102	78
K24103	1
K24104	1
K24105	216
K24106	4
K24107	0
K24108	1527
K24109	398
K24110	479
K24111	373
K24112	414
K24113	0
K24114	0
K24115	0
K24116	6860
K24117	2402
K24118	491
K24119	8572
K24120	5519
K24121	4355
K24122	286
K24123	0
K24124	56
K24125	2
K24126	3128
K24127	0
K24128	1
K24129	1029
K24130	4259
K24131	5446
K24132	0
K24133	0
K24134	0
K24135	734
K24136	2782
K24137	50
K24138	4440
K24139	6
K24140	1
K24141	224
K24142	553
K24143	0
K24144	2
K24145	0
K24146	0
K24147	1310
K24148	1
K24149	4
K24150	6
K24151	1
K24152	2
K24153	326
K24154	0
K24155	8
K24156	0
K24157	937
K24158	5431
K24159	21
K24160	3340
K24161	187
K24162	313
K24163	10931
K24164	0
K24165	0
K24166	0
K24167	0
K24168	0
K24169	1
K24170	0
K24171	0
K24172	0
K24173	3
K24174	295
K24175	1
K24176	0
K24177	0
K24178	12
K24179	0
K24180	8562
K24181	0
K24182	0
K24183	0
K24184	0
K24185	10
K24186	3
K24187	0
K24188	0
K24189	1
K24190	3
K24191	0
K24192	681
K24193	1
K24194	0
K24195	0
K24196	1
K24197	0
K24198	0
K24199	0
K24200	2269
K24201	0
K24202	1
K24203	0
K24204	12211
K24205	67
K24206	6559
K24207	1
K24208	0
K24209	0
K24210	0
K24211	61
K24212	11
K24213	136
K24214	4
K24215	5
K24216	0
K24217	13431
K24218	14
K24219	0
K24220	10
K24221	0
K24222	1
K24223	15
K24224	6
K24225	1
K24226	130
K24227	0
K24228	4
K24229	0
K24230	0
K24231	0
K24232	0
K24233	0
K24234	0
K24235	9
K24236	51
K24237	23
K24238	0
K24239	0
K24240	0
K24241	903
K24242	2
K24243	34
K24244	428
K24245	370
K24246	109
K24247	22
K24248	21
K24249	182
K24250	119
K24251	167
K24252	969
K24253	0
K24254	65
K24255	1
K24256	626
K24257	151
K24258	1965
K24259	595
K24260	0
K24261	0
K24262	2
K24263	4699
K24264	949
K24265	0
K24266	1
K24267	0
K24268	361
K24269	1643
K24270	0
K24271	2
K24272	2
K24273	0
K24274	120
K24275	0
K24276	0
K24277	0
K24278	9
K24279	770
K24280	16
K24281	150
K24282	653
K24283	132
K24284	403
K24285	131
K24286	1
K24287	139
K24288	2739
K24289	2426
K24290	1550
K24291	526
K24292	15
K24293	38
K24294	0
K24295	0
K24296	0
K24297	0
K24298	13
K24299	43
K24300	10966
K24301	577
K24302	934
K24303	959
K24304	404
K24305	1390
K24306	358
K24307	1010
K24308	0
K24309	1
K24310	4379
K24311	380
K24312	20
K24313	17
K24314	0
K24315	0
K24316	0
K24317	0
K24318	1
K24319	0
K24320	0
K24321	0
K24322	0
K24323	0
K24324	0
K24325	0
K24326	859
K24327	1772
K24328	0
K24329	0
K24330	0
K24331	3
K24332	28
K24333	1
K24334	2
K24335	0
K24336	27
K24337	13
K24338	2
K24339	4
K24340	1
K24341	19
K24342	5
K24343	965
K24344	1187
K24345	0
K24346	321
K24347	0
K24348	11
K24349	0
K24350	0
K24351	0
K24352	0
K24353	17
K24354	0
K24355	4
K24356	4
K24357	52
K24358	6
K24359	7
K24360	0
K24361	2
K24362	0
K24363	6
K24364	0
K24365	0
K24366	1
K24367	0
K24368	0
K24369	4
K24370	0
K24371	0
K24372	0
K24373	1
K24374	1
K24375	0
K24376	0
K24377	0
K24378	2
K24379	2
K24380	2
K24381	0
K24382	0
K24383	0
K24384	0
K24385	1
K24386	0
K24387	0
K24388	0
K24389	1382
K24390	21
K24391	913
K24392	1455
K24393	8
K24394	49
K24395	10
K24396	1
K24397	0
K24398	0
K24399	1
K24400	0
K24401	0
K24402	0
K24403	438
K24404	1071
K24405	2
K24406	0
K24407	0
K24408	76
K24409	1179
K24410	881
K24411	2144
K24412	0
K24413	0
K24414	1
K24415	0
K24416	0
K24417	0
K24418	3
K24419	1238
K24420	0
K24421	0
K24422	0
K24423	0
K24424	0
K24425	3
K24426	1
K24427	45
K24428	306
K24429	0
K24430	0
K24431	0
K24432	0
K24433	7
K24434	5
K24435	3
K24436	250
K24437	121
K24438	0
K24439	0
K24440	0
K24441	0
K24442	9
K24443	24
K24444	896
K24445	14
K24446	25
K24447	419
K24448	204
K24449	1103
K24450	6
K24451	1549
K24452	67
K24453	151
K24454	306
K24455	0
K24456	2722
K24457	125
K24458	112
K24459	4260
K24460	0
K24461	1
K24462	1
K24463	0
K24464	361
K24465	0
K24466	0
K24467	3
K24468	2
K24469	993
K24470	14
K24471	0
K24472	7
K24473	7046
K24474	0
K24475	11
K24476	0
K24477	21
K24478	37
K24479	0
K24480	0
K24481	0
K24482	7
K24483	184
K24484	0
K24485	1364
K24486	3
K24487	261
K24488	6
K24489	2
K24490	0
K24491	1
K24492	131
K24493	1
K24494	4
K24495	97
K24496	316
K24497	0
K24498	263
K24499	2
K24500	6
K24501	0
K24502	4
K24503	0
K24504	0
K24505	0
K24506	15
K24507	8
K24508	1
K24509	3
K24510	1589
K24511	384
K24512	1
K24513	239
K24514	614
K24515	54
K24516	13
K24517	1
K24518	0
K24519	0
K24520	0
K24521	0
K24522	1
K24523	10
K24524	4
K24525	0
K24526	2
K24527	0
K24528	134
K24529	245
K24530	554
K24531	2
K24532	0
K24533	0
K24534	1
K24535	0
K24536	0
K24537	1
K24538	0
K24539	0
K24540	8
K24541	0
K24542	0
K24543	2
K24544	0
K24545	0
K24546	0
K24547	0
K24548	0
K24549	1
K24550	0
K24551	0
K24552	40
K24553	0
K24554	1
K24555	2
K24556	117
K24557	27
K24558	16
K24559	10
K24560	2
K24561	5
K24562	42
K24563	57
K24564	138
K24565	175
K24566	3
K24567	9
K24568	18
K24569	18
K24570	1
K24571	0
K24572	0
K24573	0
K24574	6
K24575	0
K24576	0
K24577	0
K24578	0
K24579	4
K24580	1
K24581	2
K24582	0
K24583	1
K24584	1
K24585	0
K24586	0
K24587	0
K24588	0
K24589	0
K24590	0
K24591	0
K24592	0
K24593	9
K24594	2
K24595	0
K24596	0
K24597	0
K24598	0
K24599	0
K24600	0
K24601	0
K24602	0
K24603	0
K24604	0
K24605	0
K24606	0
K24607	0
K24608	0
K24609	15
K24610	57
K24611	0
K24612	1
K24613	0
K24614	0
K24615	1
K24616	1
K24617	0
K24618	0
K24619	2226
K24620	1249
K24621	0
K24622	0
K24623	30
K24624	0
K24625	0
K24626	0
K24627	0
K24628	0
K24629	0
K24630	1
K24631	102
K24632	94
K24633	8
K24634	11
K24635	3
K24636	5
K24637	6
K24638	0
K24639	0
K24640	1
K24641	0
K24642	3
K24643	3
K24644	1
K24645	0
K24646	0
K24647	0
K24648	1534
K24649	10
K24650	1
K24651	9
K24652	36
K24653	0
K24654	31
K24655	1959
K24656	1165
K24657	1019
K24658	974
K24659	685
K24660	2
K24661	52
K24662	2468
K24663	0
K24664	7
K24665	0
K24666	307
K24667	1071
K24668	0
K24669	0
K24670	59
K24671	106
K24672	702
K24673	128
K24674	2
K24675	14
K24676	0
K24677	9
K24678	0
K24679	0
K24680	0
K24681	0
K24682	1
K24683	0
K24684	0
K24685	0
K24686	0
K24687	2
K24688	0
K24689	1201
K24690	0
K24691	1
K24692	0
K24693	1063
K24694	865
K24695	1048
K24696	1867
K24697	1055
K24698	1692
K24699	4397
K24700	3270
K24701	0
K24702	29
K24703	28
K24704	1035
K24705	406
K24706	0
K24707	5335
K24708	2847
K24709	19
K24710	77
K24711	61
K24712	1569
K24713	13
K24714	40
K24715	36
K24716	57
K24717	40
K24718	20
K24719	149
K24720	0
K24721	0
K24722	0
K24723	3
K24724	0
K24725	134
K24726	0
K24727	399
K24728	11
K24729	27
K24730	17
K24731	0
K24732	2
K24733	5
K24734	2003
K24735	40
K24736	115
K24737	4
K24738	1
K24739	0
K24740	4
K24741	0
K24742	2
K24743	3
K24744	1
K24745	566
K24746	0
K24747	1
K24748	1
K24749	3
K24750	12
K24751	0
K24752	0
K24753	0
K24754	0
K24755	1
K24756	17
K24757	16
K24758	2
K24759	0
K24760	5
K24761	0
K24762	0
K24763	0
K24764	194
K24765	1
K24766	4
K24767	28
K24768	177
K24769	0
K24770	1
K24771	0
K24772	0
K24773	0
K24774	0
K24775	0
K24776	0
K24777	0
K24778	12
K24779	3
K24780	7
K24781	28
K24782	0
K24783	0
K24784	0
K24785	0
K24786	0
K24787	0
K24788	1
K24789	0
K24790	42
K24791	0
K24792	2
K24793	0
K24794	33
K24795	0
K24796	0
K24797	0
K24798	0
K24799	0
K24800	0
K24801	0
K24802	5
K24803	19
K24804	0
K24805	0
K24806	0
K24807	0
K24808	0
K24809	0
K24810	44
K24811	0
K24812	1
K24813	5
K24814	0
K24815	0
K24816	2
K24817	1
K24818	0
K24819	1134
K24820	612
K24821	4581
K24822	80
K24823	0
K24824	0
K24825	0
K24826	0
K24827	0
K24828	0
K24829	1
K24830	0
K24831	69
K24832	0
K24833	0
K24834	9
K24835	1943
K24836	0
K24837	10
K24838	6
K24839	9
K24840	0
K24841	1
K24842	71
K24843	3676
K24844	3612
K24845	3608
K24846	1698
K24847	3138
K24848	161
K24849	15
K24850	197
K24851	0
K24852	3
K24853	1
K24854	1
K24855	381
K24856	3
K24857	0
K24858	29
K24859	0
K24860	0
K24861	0
K24862	0
K24863	0
K24864	1
K24865	0
K24866	4529
K24867	718
K24868	717
K24869	0
K24870	0
K24871	38
K24872	3097
K24873	2315
K24874	0
K24875	0
K24876	0
K24877	0
K24878	0
K24879	0
K24880	0
K24881	0
K24882	0
K24883	0
K24884	0
K24885	8
K24886	2
K24887	2
K24888	0
K24889	0
K24890	0
K24891	0
K24892	0
K24893	1
K24894	0
K24895	0
K24896	11
K24897	2
K24898	0
K24899	0
K24900	1
K24901	0
K24902	0
K24903	0
K24904	0
K24905	9
K24906	130
K24907	0
K24908	0
K24909	1
K24910	477
K24911	480
K24912	305
K24913	428
K24914	1492
K24915	3957
K24916	0
K24917	0
K24918	0
K24919	0
K24920	0
K24921	0
K24922	0
K24923	1
K24924	246
K24925	70
K24926	213
K24927	27
K24928	213
K24929	846
K24930	7
K24931	22
K24932	257
K24933	27
K24934	32
K24935	186
K24936	3153
K24937	915
K24938	1
K24939	38
K24940	2
K24941	100
K24942	1646
K24943	55
K24944	40
K24945	4
K24946	160
K24947	17
K24948	7651
K24949	469
K24950	2993
K24951	1073
K24952	20
K24953	21
K24954	2386
K24955	1190
K24956	577
K24957	0
K24958	3
K24959	0
K24960	0
K24961	0
K24962	1
K24963	27
K24964	0
K24965	0
K24966	295
K24967	11837
K24968	559
K24969	907
K24970	3
K24971	5374
K24972	97
K24973	0
K24974	1
K24975	0
K24976	77
K24977	0
K24978	0
K24979	0
K24980	0
K24981	0
K24982	2
K24983	4
K24984	0
K24985	1624
K24986	1158
K24987	2778
K24988	1208
K24989	524
K24990	2
K24991	370
K24992	0
K24993	0
K24994	0
K24995	5073
K24996	0
K24997	23
K24998	5601
K24999	0
K25000	1
K25001	0
K25002	2
K25003	0
K25004	17
K25005	0
K25006	0
K25007	757
K25008	251
K25009	0
K25010	1711
K25011	0
K25012	1
K25013	2
K25014	1
K25015	0
K25016	0
K25017	0
K25018	1
K25019	1
K25020	0
K25021	0
K25022	5
K25023	1
K25024	0
K25025	1
K25026	15230
K25027	7158
K25028	5473
K25029	203
K25030	84
K25031	3911
K25032	0
K25033	1530
K25034	8891
K25035	267
K25036	0
K25037	2
K25038	187
K25039	0
K25040	0
K25041	0
K25042	0
K25043	8
K25044	651
K25045	0
K25046	0
K25047	0
K25048	0
K25049	0
K25050	1
K25051	0
K25052	0
K25053	0
K25054	0
K25055	3
K25056	184
K25057	0
K25058	1
K25059	0
K25060	0
K25061	150
K25062	326
K25063	283
K25064	290
K25065	0
K25066	17
K25067	282
K25068	234
K25069	251
K25070	0
K25071	0
K25072	3807
K25073	12
K25074	20
K25075	0
K25076	2
K25077	1
K25078	0
K25079	1
K25080	0
K25081	0
K25082	0
K25083	0
K25084	3
K25085	0
K25086	1978
K25087	1958
K25088	1961
K25089	2852
K25090	0
K25091	0
K25092	1
K25093	1
K25094	0
K25095	0
K25096	599
K25097	916
K25098	1164
K25099	583
K25100	13
K25101	1
K25102	0
K25103	550
K25104	208
K25105	220
K25106	219
K25107	335
K25108	3
K25109	3429
K25110	1644
K25111	2106
K25112	0
K25113	1280
K25114	1205
K25115	701
K25116	25
K25117	750
K25118	718
K25119	285
K25120	202
K25121	314
K25122	0
K25123	189
K25124	240
K25125	0
K25126	0
K25127	1
K25128	0
K25129	1
K25130	72
K25131	0
K25132	6921
K25133	7047
K25134	4
K25135	6185
K25136	461
K25137	3571
K25138	39
K25139	5
K25140	1743
K25141	2762
K25142	8037
K25143	8386
K25144	5144
K25145	20
K25146	0
K25147	5155
K25148	3463
K25149	2935
K25150	2852
K25151	4210
K25152	4430
K25153	3923
K25154	3696
K25155	3682
K25156	3748
K25157	3526
K25158	3798
K25159	2256
K25160	1
K25161	1
K25162	0
K25163	0
K25164	10
K25165	27
K25166	515
K25167	165
K25168	8
K25169	885
K25170	313
K25171	150
K25172	98
K25173	0
K25174	0
K25175	0
K25176	2
K25177	0
K25178	0
K25179	0
K25180	7989
K25181	7110
K25182	4805
K25183	3016
K25184	195
K25185	1
K25186	0
K25187	476
K25188	525
K25189	2183
K25190	484
K25191	3
K25192	0
K25193	526
K25194	38
K25195	40
K25196	2859
K25197	2281
K25198	71
K25199	76
K25200	12
K25201	2
K25202	0
K25203	0
K25204	0
K25205	303
K25206	0
K25207	57
K25208	0
K25209	0
K25210	60
K25211	94
K25212	366
K25213	2784
K25214	0
K25215	0
K25216	3
K25217	0
K25218	0
K25219	0
K25220	590
K25221	30
K25222	1441
K25223	1803
K25224	1784
K25225	0
K25226	0
K25227	3994
K25228	0
K25229	0
K25230	1210
K25231	365
K25232	8822
K25233	9
K25234	156
K25235	0
K25236	0
K25237	0
K25238	0
K25239	0
K25240	0
K25241	0
K25242	0
K25243	0
K25244	0
K25245	0
K25246	0
K25247	0
K25248	0
K25249	0
K25250	0
K25251	0
K25252	0
K25253	0
K25254	80
K25255	546
K25256	3
K25257	0
K25258	18
K25259	3
K25260	663
K25261	127
K25262	1674
K25263	93
K25264	10
K25265	74
K25266	1
K25267	120
K25268	0
K25269	3
K25270	0
K25271	2541
K25272	729
K25273	0
K25274	0
K25275	0
K25276	0
K25277	0
K25278	0
K25279	0
K25280	116
K25281	5
K25282	5600
K25283	5281
K25284	5275
K25285	5281
K25286	4294
K25287	980
K25288	2350
K25289	2358
K25290	1073
K25291	0
K25292	0
K25293	0
K25294	0
K25295	0
K25296	0
K25297	0
K25298	1
K25299	0
K25300	5
K25301	0
K25302	0
K25303	0
K25304	1
K25305	187
K25306	0
K25307	14322
K25308	2389
K25309	0
K25310	0
K25311	0
K25312	0
K25313	0
K25314	345
K25315	2
K25316	6713
K25317	833
K25318	0
K25319	0
K25320	0
K25321	0
K25322	0
K25323	0
K25324	40
K25325	0
K25326	0
K25327	0
K25328	2
K25329	1
K25330	1
K25331	5
K25332	0
K25333	0
K25334	4
K25335	1
K25336	0
K25337	0
K25338	0
K25339	0
K25340	0
K25341	0
K25342	0
K25343	0
K25344	0
K25345	0
K25346	0
K25347	0
K25348	1
K25349	0
K25350	0
K25351	0
K25352	0
K25353	2
K25354	0
K25355	0
K25356	7
K25357	12
K25358	0
K25359	1
K25360	1
K25361	1
K25362	0
K25363	0
K25364	0
K25365	1535
K25366	0
K25367	0
K25368	0
K25369	0
K25370	0
K25371	0
K25372	0
K25373	0
K25374	6
K25375	0
K25376	1
K25377	1
K25378	6
K25379	497
K25380	437
K25381	14
K25382	0
K25383	0
K25384	20
K25385	0
K25386	0
K25387	0
K25388	0
K25389	5
K25390	2
K25391	0
K25392	105
K25393	0
K25394	0
K25395	0
K25396	0
K25397	0
K25398	7
K25399	0
K25400	26
K25401	18
K25402	0
K25403	0
K25404	0
K25405	0
K25406	0
K25407	0
K25408	0
K25409	4
K25410	0
K25411	0
K25412	0
K25413	0
K25414	0
K25415	0
K25416	0
K25417	0
K25418	0
K25419	0
K25420	0
K25421	0
K25422	6239
K25423	0
K25424	0
K25425	0
K25426	1
K25427	0
K25428	4
K25429	0
K25430	0
K25431	38
K25432	0
K25433	0
K25434	2463
K25435	1
K25436	0
K25437	1
K25438	0
K25439	4
K25440	1
K25441	0
K25442	25
K25443	6
K25444	0
K25445	0
K25446	1
K25447	3
K25448	1
K25449	0
K25450	148
K25451	3
K25452	2
K25453	0
K25454	0
K25455	0
K25456	0
K25457	0
K25458	2382
K25459	0
K25460	1
K25461	1
K25462	0
K25463	0
K25464	1
K25465	0
K25466	0
K25467	0
K25468	0
K25469	0
K25470	1
K25471	0
K25472	0
K25473	4
K25474	1
K25475	2
K25476	0
K25477	0
K25478	0
K25479	0
K25480	0
K25481	0
K25482	0
K25483	0
K25484	0
K25485	0
K25486	0
K25487	0
K25488	0
K25489	0
K25490	0
K25491	0
K25492	0
K25493	1
K25494	1961
K25495	8111
K25496	218
K25497	639
K25498	69
K25499	223
K25500	66
K25501	17
K25502	0
K25503	1775
K25504	0
K25505	0
K25506	0
K25507	0
K25508	0
K25509	118
K25510	86
K25511	0
K25512	3
K25513	1
K25514	0
K25515	0
K25516	0
K25517	452
K25518	11
K25519	122
K25520	1135
K25521	0
K25522	0
K25523	0
K25524	110
K25525	4448
K25526	1
K25527	9
K25528	786
K25529	0
K25530	0
K25531	1
K25532	0
K25533	0
K25534	0
K25535	0
K25536	1
K25537	11
K25538	0
K25539	0
K25540	0
K25541	0
K25542	0
K25543	461
K25544	0
K25545	0
K25546	0
K25547	0
K25548	54
K25549	18
K25550	62
K25551	1
K25552	241
K25553	1
K25554	59
K25555	1024
K25556	0
K25557	1457
K25558	1
K25559	0
K25560	1
K25561	0
K25562	3037
K25563	401
K25564	2066
K25565	0
K25566	1
K25567	0
K25568	0
K25569	0
K25570	82
K25571	169
K25572	0
K25573	0
K25574	428
K25575	429
K25576	1
K25577	0
K25578	1464
K25579	0
K25580	0
K25581	0
K25582	0
K25583	99
K25584	0
K25585	143
K25586	0
K25587	379
K25588	3613
K25589	1770
K25590	2603
K25591	0
K25592	0
K25593	0
K25594	271
K25595	272
K25596	262
K25597	333
K25598	694
K25599	417
K25600	14
K25601	32
K25602	725
K25603	809
K25604	56
K25605	0
K25606	0
K25607	130
K25608	0
K25609	40
K25610	2
K25611	0
K25612	0
K25613	0
K25614	4
K25615	3
K25616	0
K25617	939
K25618	60
K25619	5463
K25620	556
K25621	2001
K25622	1579
K25623	3227
K25624	5
K25625	0
K25626	1503
K25627	2034
K25628	10
K25629	0
K25630	1
K25631	3
K25632	43
K25633	0
K25634	579
K25635	0
K25636	2
K25637	0
K25638	1
K25639	0
K25640	0
K25641	1365
K25642	0
K25643	0
K25644	0
K25645	0
K25646	0
K25647	0
K25648	2
K25649	1732
K25650	220
K25651	724
K25652	3648
K25653	308
K25654	258
K25655	0
K25656	1499
K25657	1702
K25658	1453
K25659	424
K25660	765
K25661	0
K25662	0
K25663	0
K25664	3
K25665	0
K25666	1
K25667	0
K25668	0
K25669	67
K25670	1373
K25671	815
K25672	1069
K25673	511
K25674	578
K25675	797
K25676	1513
K25677	2142
K25678	1466
K25679	0
K25680	0
K25681	0
K25682	0
K25683	0
K25684	0
K25685	0
K25686	0
K25687	0
K25688	0
K25689	5
K25690	0
K25691	0
K25692	0
K25693	0
K25694	0
K25695	0
K25696	0
K25697	0
K25698	0
K25699	21
K25700	0
K25701	807
K25702	0
K25703	0
K25704	0
K25705	2
K25706	21314
K25707	3
K25708	0
K25709	12
K25710	2
K25711	0
K25712	0
K25713	0
K25714	0
K25715	0
K25716	0
K25717	0
K25718	0
K25719	0
K25720	0
K25721	0
K25722	0
K25723	0
K25724	122
K25725	0
K25726	0
K25727	2
K25728	0
K25729	6
K25730	0
K25731	0
K25732	0
K25733	0
K25734	0
K25735	0
K25736	0
K25737	0
K25738	0
K25739	0
K25740	0
K25741	459
K25742	0
K25743	0
K25744	0
K25745	36
K25746	0
K25747	67
K25748	3
K25749	0
K25750	0
K25751	0
K25752	0
K25753	0
K25754	3
K25755	25
K25756	0
K25757	1
K25758	0
K25759	9
K25760	239
K25761	6
K25762	118
K25763	409
K25764	89
K25765	6
K25766	522
K25767	2802
K25768	0
K25769	0
K25770	0
K25771	0
K25772	0
K25773	0
K25774	1
K25775	1365
K25776	1133
K25777	0
K25778	1
K25779	1
K25780	1
K25781	0
K25782	0
K25783	3
K25784	1
K25785	0
K25786	5
K25787	13
K25788	0
K25789	0
K25790	0
K25791	0
K25792	0
K25793	0
K25794	2
K25795	0
K25796	0
K25797	3
K25798	0
K25799	0
K25800	0
K25801	0
K25802	1
K25803	11
K25804	2
K25805	3
K25806	0
K25807	3
K25808	1
K25809	8
K25810	0
K25811	1
K25812	72
K25813	8
K25814	980
K25815	222
K25816	3
K25817	0
K25818	0
K25819	0
K25820	763
K25821	872
K25822	18
K25823	18
K25824	0
K25825	0
K25826	7
K25827	4
K25828	45
K25829	0
K25830	0
K25831	0
K25832	0
K25833	0
K25834	1
K25835	0
K25836	0
K25837	0
K25838	0
K25839	0
K25840	0
K25841	150
K25842	42
K25843	51
K25844	11
K25845	137
K25846	47
K25847	10
K25848	39
K25849	148
K25850	82
K25851	40
K25852	37
K25853	67
K25854	9
K25855	125
K25856	0
K25857	0
K25858	0
K25859	1330
K25860	0
K25861	187
K25862	0
K25863	3
K25864	1468
K25865	0
K25866	1
K25867	0
K25868	0
K25869	0
K25870	0
K25871	0
K25872	0
K25873	512
K25874	3
K25875	766
K25876	6
K25877	1145
K25878	0
K25879	1
K25880	1
K25881	3
K25882	303
K25883	1671
K25884	2186
K25885	1313
K25886	551
K25887	46
K25888	48
K25889	99
K25890	363
K25891	534
K25892	452
K25893	0
K25894	14
K25895	888
K25896	0
K25897	314
K25898	481
K25899	0
K25900	1
K25901	3040
K25902	179
K25903	1172
K25904	1293
K25905	144
K25906	43
K25907	544
K25908	41
K25909	38
K25910	37
K25911	279
K25912	281
K25913	396
K25914	0
K25915	14
K25916	140
K25917	0
K25918	0
K25919	3
K25920	0
K25921	1
K25922	0
K25923	1
K25924	0
K25925	0
K25926	0
K25927	0
K25928	0
K25929	0
K25930	0
K25931	0
K25932	4
K25933	70
K25934	3
K25935	5
K25936	140
K25937	165
K25938	23
K25939	367
K25940	1
K25941	2
K25942	0
K25943	0
K25944	0
K25945	0
K25946	0
K25947	0
K25948	0
K25949	2
K25950	574
K25951	0
K25952	1448
K25953	0
K25954	1
K25955	0
K25956	7
K25957	280
K25958	128
K25959	0
K25960	1838
K25961	1835
K25962	0
K25963	0
K25964	0
K25965	0
K25966	32
K25967	8
K25968	0
K25969	9
K25970	2
K25971	0
K25972	0
K25973	2
K25974	0
K25975	0
K25976	0
K25977	0
K25978	0
K25979	0
K25980	0
K25981	0
K25982	0
K25983	0
K25984	2
K25985	1256
K25986	3456
K25987	340
K25988	5467
K25989	0
K25990	1
K25991	0
K25992	0
K25993	0
K25994	9
K25995	661
K25996	668
K25997	0
K25998	0
K25999	0
K26000	0
K26001	15
K26002	3
K26003	20
K26004	6
K26005	447
K26006	53
K26007	6
K26008	4
K26009	4
K26010	1
K26011	1
K26012	1
K26013	17
K26014	0
K26015	0
K26016	0
K26017	0
K26018	0
K26019	0
K26020	0
K26021	0
K26022	0
K26023	0
K26024	7
K26025	0
K26026	0
K26027	0
K26028	1
K26029	338
K26030	239
K26031	104
K26032	5493
K26033	49
K26034	0
K26035	1
K26036	3270
K26037	0
K26038	0
K26039	2851
K26040	2
K26041	1996
K26042	0
K26043	23
K26044	1
K26045	4
K26046	268
K26047	6
K26048	68
K26049	547
K26050	0
K26051	160
K26052	0
K26053	2
K26054	0
K26055	336
K26056	69
K26057	7253
K26058	531
K26059	1535
K26060	1261
K26061	5696
K26062	810
K26063	5994
K26064	2219
K26065	2417
K26066	35
K26067	1
K26068	4
K26069	33
K26070	13
K26071	352
K26072	29
K26073	192
K26074	0
K26075	114
K26076	0
K26077	33
K26078	6
K26079	2
K26080	1017
K26081	314
K26082	29
K26083	167
K26084	0
K26085	0
K26086	0
K26087	36
K26088	165
K26089	75
K26090	0
K26091	0
K26092	0
K26093	0
K26094	10
K26095	0
K26096	1
K26097	0
K26098	106
K26099	7
K26100	0
K26101	2
K26102	0
K26103	0
K26104	0
K26105	0
K26106	0
K26107	3
K26108	0
K26109	1
K26110	2698
K26111	0
K26112	0
K26113	746
K26114	473
K26115	1025
K26116	0
K26117	0
K26118	4
K26119	0
K26120	0
K26121	0
K26122	0
K26123	0
K26124	0
K26125	0
K26126	2
K26127	0
K26128	0
K26129	0
K26130	0
K26131	0
K26132	0
K26133	0
K26134	0
K26135	0
K26136	0
K26137	0
K26138	3706
K26139	5750
K26140	0
K26141	3836
K26142	0
K26143	1
K26144	0
K26145	0
K26146	5
K26147	0
K26148	6778
K26149	1870
K26150	0
K26151	6
K26152	0
K26153	0
K26154	0
K26155	0
K26156	0
K26157	0
K26158	1
K26159	0
K26160	0
K26161	0
K26162	0
K26163	1
K26164	0
K26165	0
K26166	3
K26167	0
K26168	0
K26169	0
K26170	0
K26171	73
K26172	1802
K26173	353
K26174	348
K26175	37
K26176	1879
K26177	93
K26178	2402
K26179	3834
K26180	1930
K26181	1636
K26182	1316
K26183	596
K26184	1609
K26185	480
K26186	686
K26187	0
K26188	0
K26189	0
K26190	0
K26197	1
K26198	1
K26199	0
K26200	0
K26201	0
K26202	0
K26203	0
K26204	0
K26205	0
K26206	0
K26207	0
K26208	810
K26209	227
K26210	342
K26211	2
K26212	4246
K26213	0
K26214	0
K26215	0
K26216	2675
K26217	345
K26218	348
K26219	0
K26220	0
K26221	0
K26222	0
K26223	0
K26224	0
K26225	0
K26226	0
K26227	19
K26228	0
K26229	11
K26230	0
K26231	0
K26232	0
K26233	0
K26234	0
K26235	0
K26236	0
K26237	0
K26238	0
K26239	0
K26240	0
K26241	60
K26242	0
K26243	0
K26244	3
K26245	0
K26246	0
K26247	0
K26248	233
K26249	2978
K26250	19
K26251	0
K26252	3179
K26253	0
K26254	0
K26255	0
K26256	3
K26257	0
K26258	1
K26259	0
K26260	0
K26261	0
K26262	1
K26263	0
K26264	0
K26265	0
K26266	0
K26267	0
K26268	0
K26269	0
K26270	0
K26271	0
K26272	2227
K26273	1002
K26274	0
K26275	0
K26276	0
K26277	0
K26278	0
K26279	0
K26280	0
K26281	0
K26282	0
K26283	0
K26284	85
K26285	176
K26286	103
K26287	6
K26288	2135
K26289	313
K26290	289
K26316	3
K26317	1
K26318	2522
K26346	0
K26347	4
K26348	25
K26349	771
K26350	0
K26351	2
K26352	3
K26353	51
K26354	2
K26355	3194
K26356	0
K26357	0
K26364	484
K26365	718
K26366	0
K26367	1
K26368	10
K26369	8
K26370	1
K26371	0
K26372	49
K26373	0
K26374	0
K26375	0
K26376	0
K26377	0
K26378	0
K26379	0
K26380	1
K26381	0
K26382	1
K26383	2
K26384	0
K26385	0
K26389	29
K26390	0
K26391	3336
K26392	13347
K26393	73
K26394	5
K26395	0
K26396	0
K26397	15
K26398	97
K26399	2650
K26400	3751
K26401	1
K26402	0
K26403	0
K26404	9
K26405	775
K26406	0
K26407	2
K26408	1
K26409	2
K26410	25
K26411	0
K26412	0
K26413	290
K26414	249
K26415	1
K26416	0
K26417	0
K26418	2
K26419	0
K26420	0
K26421	0
K26422	0
K26423	0
K26424	0
K26425	1
K26426	0
K26427	0
K26428	0
K26429	0
K26430	0
K26431	0
K26432	0
K26433	0
K26434	2
K26435	1
K26436	3
K26437	1
K26438	0
K26439	0
K26440	949
K26441	3021
K26442	0
K26443	1
K26444	0
K26445	0
K26446	1
K26447	0
K26448	0
K26449	1
K26450	16
K26451	6
K26452	0
K26453	0
K26454	0
K26455	0
K26456	133
K26457	0
K26458	0
K26459	0
K26460	3
K26466	5
K26467	0
K26468	2
K26469	54
K26470	0
K26471	28
K26472	3
K26473	5
K26480	5
K26481	0
K26482	0
K26483	5
K26484	0
K26485	0
K26486	1
K26487	0
K26488	0
K26489	0
K26490	0
K26491	0
K26492	1
K26493	0
K26494	0
K26495	0
K26496	1
K26497	0
K26498	0
K26499	1
K26500	570
K26501	0
K26502	0
K26503	5
K26504	0
K26505	0
K26506	0
K26507	0
K26508	0
K26509	0
K26510	29
K26511	0
K26512	0
K26513	3
K26514	0
K26515	0
K26516	0
K26517	1
K26518	361
K26519	6
K26520	0
K26521	0
K26522	0
K26523	1
K26524	0
K26525	0
K26526	0
K26527	3
K26528	2
K26529	1
K26530	2
K26531	0
K26532	1
K26533	0
K26534	0
K26535	0
K26536	0
K26537	0
K26538	4
K26539	27
K26540	18
K26541	0
K26542	0
K26543	0
K26544	0
K26545	6
K26546	11
K26547	56
K26548	0
K26549	1
K26550	0
K26551	0
K26552	3
K26553	0
K26554	0
K26555	4
K26556	12
K26557	0
K26558	5
K26559	0
K26560	0
K26561	0
K26562	0
K26563	1
K26564	0
K26579	96
K26580	1313
K26581	0
K26582	0
K26583	0
K26584	0
K26585	0
K26586	27
K26587	3
K26588	0
K26589	0
K26590	382
K26591	269
K26592	453
K26593	164
K26594	377
K26595	696
K26596	285
K26597	176
K26598	14
K26599	3
K26600	0
K26601	1489
K26602	1887
K26603	331
K26604	961
K26605	14908
K26606	13845
K26607	3448
K26608	3
K26609	442
K26610	0
K26611	0
K26612	0
K26613	0
K26614	0
K26615	2
K26616	0
K26617	1
K26618	1
K26619	0
K26620	0
K26621	3
K26622	0
K26623	20
K26624	3
K26625	0
K26626	4
K26627	3
K26628	19
K26629	0
K26630	0
K26631	12
K26632	1
K26633	1
K26634	0
K26635	0
K26636	0
K26637	0
K26638	0
K26639	0
K26640	0
K26641	0
K26642	2
K26643	2
K26644	0
K26645	3
K26646	0
K26647	1
K26648	0
K26649	0
K26650	24
K26651	0
K26652	0
K26653	151
K26654	1
K26655	0
K26656	0
K26657	1
K26658	0
K26659	0
K26660	1032
K26661	3
K26662	0
K26663	0
K26664	0
K26665	0
K26666	2
K26667	0
K26668	0
K26669	0
K26670	0
K26671	0
K26672	0
K26673	3
K26674	0
K26675	25
K26676	0
K26677	0
K26678	2
K26679	0
K26680	0
K26681	0
K26682	1
K26683	1
K26684	0
K26685	0
K26686	0
K26687	0
K26688	0
K26689	0
K26690	0
K26691	0
K26692	340
K26693	0
K26694	0
K26695	0
K26696	307
K26697	0
K26698	3
K26699	0
K26700	0
K26701	0
K26702	0
K26703	0
K26704	0
K26705	0
K26706	13
K26707	15
K26708	0
K26709	4
K26710	14
K26711	43
K26712	0
K26713	0
K26714	2
K26715	2
K26716	2
K26717	3
K26718	0
K26719	7
K26720	0
K26721	0
K26722	197
K26723	41
K26724	0
K26725	0
K26726	0
K26727	5
K26728	0
K26729	0
K26730	6980
K26731	3912
K26732	2506
K26733	61
K26734	9
K26735	7812
K26736	1
K26737	0
K26738	0
K26739	3338
K26740	2064
K26741	1736
K26742	338
K26743	72
K26744	1253
K26745	1198
K26746	14
K26747	0
K26748	9
K26749	133
K26750	0
K26751	1
K26752	0
K26753	1468
K26754	12
K26755	1
K26756	62
K26757	0
K26758	1
K26759	1
K26760	3
K26761	18
K26762	4
K26763	2
K26764	3
K26765	4
K26766	4
K26767	3
K26768	3
K26769	0
K26770	2810
K26771	2
K26772	2
K26773	11
K26774	3
K26775	399
K26776	2
K26777	50
K26778	874
K26779	3
K26780	110
K26781	1
K26782	1823
K26783	80
K26784	2
K26785	3
K26786	3
K26787	0
K26788	2
K26789	529
K26790	5
K26791	1
K26792	2
K26793	2
K26794	5
K26795	7
K26796	0
K26797	3
K26798	0
K26799	0
K26800	0
K26801	0
K26802	0
K26803	0
K26804	2
K26805	888
K26806	7
K26807	0
K26808	2
K26815	1457
K26816	84
K26817	914
K26818	104
K26819	86
K26820	228
K26821	5
K26822	1
K26823	121
K26824	0
K26825	0
K26826	26
K26827	40
K26828	3013
K26829	339
K26830	0
K26831	0
K26832	3
K26833	1
K26834	0
K26835	273
K26836	0
K26837	151
K26838	769
K26839	0
K26840	526
K26841	267
K26842	682
K26843	75
K26844	0
K26845	1
K26846	23
K26847	14
K26848	0
K26849	0
K26850	0
K26851	0
K26852	0
K26853	0
K26854	0
K26855	0
K26856	12
K26857	49
K26858	577
K26859	113
K26860	8
K26861	26
K26862	13
K26863	5
K26864	1737
K26865	3004
K26866	18
K26867	7
K26868	6
K26869	5
K26870	76
K26871	1
K26872	4
K26873	383
K26874	0
K26875	127
K26876	11
K26877	57
K26878	123
K26879	53
K26880	65
K26881	41
K26882	1
K26883	24
K26884	0
K26885	15
K26886	38
K26887	1
K26888	0
K26889	355
K26890	18
K26891	1
K26892	31
K26893	2
K26894	22
K26895	516
K26896	0
K26897	6
K26898	0
K26899	72
K26900	1667
K26901	1559
K26902	7
K26903	38
K26904	0
K26905	15
K26906	1
K26907	2
K26908	177
K26909	0
K26910	0
K26911	67
K26912	48
K26913	596
K26914	0
K26915	1
K26916	27
K26917	404
K26918	19
K26919	0
K26920	1325
K26921	0
K26922	757
K26923	3
K26924	1
K26925	0
K26926	0
K26927	0
K26928	76
K26929	626
K26930	58
K26931	84
K26932	499
