module,module_description,module_confidence,module_confidence_prior,best_path,best_path_reactions,module_frequency,num_steps,num_steps_present_raw,num_steps_present,posterior_mean,posterior_variance,completeness_threshold,credible_interval_low,credible_interval_high,hdi_low,hdi_high,effect_size,best_path_warnings,best_path_flagged_kos,best_path_severe_kos,module_status
M00001,"Glycolysis (Embden-Meyerhof pathway), glucose => pyruvate",0.999,0.995,"K00134,K00845,K00850,K00873,K00927,K01624,K01689,K01803,K01810,K15633","R00200,R00658,R00756,R01015,R01061,R01063,R01068,R01512,R01518,R01786,R13199",0.933,9,8.58,8.8,0.976,0.002152,0.65,0.8355,1.0,0.976,0.976,7.026,"K00850: outcompeted at locus; below KOfam threshold by 327.0 (score=12.4, threshold=339.4, ratio=0.04)",2,1,"Present: confidence=0.999 with 95% credible interval [0.84, 1.00] and HDI [0.98, 0.98] entirely above threshold=0.65. Posterior mean=0.976, effect size=7.03. Note: 2 KO(s) flagged but within acceptable range."
M00002,"Glycolysis, core module involving three-carbon compounds",0.999,0.999,"K00134,K00873,K00927,K01689,K01803,K15633","R00200,R00658,R01015,R01061,R01063,R01512,R01518",0.966,5,5.0,5.0,0.9969,0.000469,0.65,0.9714,1.0,0.9969,0.9969,16.02,,0,0,"Present: confidence=0.999 with 95% credible interval [0.97, 1.00] and HDI [1.00, 1.00] entirely above threshold=0.65. Posterior mean=0.997, effect size=16.02."
M00003,"Gluconeogenesis, oxaloacetate => fructose-6P",0.998,0.998,"K00134,K00927,K01086,K01610,K01624,K01689,K01803,K15633","R00341,R00431,R00658,R00726,R00762,R01015,R01061,R01063,R01068,R01512,R01518",0.82,7,7.0,7.0,0.9836,0.001853,0.65,0.8524,1.0,0.9836,0.9836,7.75,"K01086: below KOfam threshold by 52.1 (score=535.2, threshold=587.3, ratio=0.91)",1,0,"Present: confidence=0.998 with 95% credible interval [0.85, 1.00] and HDI [0.98, 0.98] entirely above threshold=0.65. Posterior mean=0.984, effect size=7.75. Note: 1 KO(s) flagged but within acceptable range."
M00004,Pentose phosphate pathway (Pentose phosphate cycle),0.993,0.993,"K00033,K00036,K00615,K00616,K01783,K01807,K01810,K07404","R01056,R01067,R01528,R01529,R01641,R02035,R02736,R02739,R08575,R10221,R10907,R13199",0.633,6,6.0,6.0,0.9666,0.004247,0.65,0.7663,1.0,0.9666,0.9666,4.858,,0,0,"Present: confidence=0.993 with 95% credible interval [0.77, 1.00] and HDI [0.97, 0.97] entirely above threshold=0.65. Posterior mean=0.967, effect size=4.86."
M00005,"PRPP biosynthesis, ribose 5P => PRPP",1.0,1.0,K00948,R01049,0.995,1,1.0,1.0,0.9996,0.000204,0.65,1.0,1.0,0.9996,0.9996,24.488,,0,0,"Present: confidence=1.000 with 95% credible interval [1.00, 1.00] and HDI [1.00, 1.00] entirely above threshold=0.65. Posterior mean=1.000, effect size=24.49."
M00006,"Pentose phosphate pathway, oxidative phase, glucose 6P => ribulose 5P",0.97,0.97,"K00033,K00036,K07404","R01528,R02035,R02736,R10221,R10907",0.603,2,2.0,2.0,0.9639,0.01087,0.65,0.6145,1.0,0.9639,0.9639,3.011,,0,0,"Likely present: confidence=0.970 and posterior mean=0.964 above threshold=0.65, but credible interval [0.61, 1.00] extends below threshold. HDI [0.96, 0.96], effect size=3.01."
M00007,"Pentose phosphate pathway, non-oxidative phase, fructose 6P => ribose 5P",0.998,0.998,"K00615,K00616,K01783,K01807","R01056,R01067,R01529,R01641,R08575",0.938,4,4.0,4.0,0.9943,0.001043,0.65,0.9345,1.0,0.9943,0.9943,10.663,,0,0,"Present: confidence=0.998 with 95% credible interval [0.93, 1.00] and HDI [0.99, 0.99] entirely above threshold=0.65. Posterior mean=0.994, effect size=10.66."
M00008,"Entner-Doudoroff pathway, glucose-6P => glyceraldehyde-3P + pyruvate",0.977,0.977,"K00036,K01625,K01690,K07404","R02035,R02036,R02736,R05605,R10907",0.456,4,4.0,4.0,0.9505,0.008709,0.65,0.6597,1.0,0.9505,0.9505,3.22,,0,0,"Present: confidence=0.977 with 95% credible interval [0.66, 1.00] and HDI [0.95, 0.95] entirely above threshold=0.65. Posterior mean=0.951, effect size=3.22."
M00009,"Citrate cycle (TCA cycle, Krebs cycle)",0.993,0.993,"K00031,K00116,K00164,K00239,K00240,K00241,K00382,K00658,K01659,K01679,K01682,K18118","R00267,R00268,R00351,R00361,R00621,R00709,R01082,R01324,R01325,R01700,R01899,R01900,R02164,R02570,R03316,R07618,R10343",0.437,8,8.0,8.0,0.9488,0.004955,0.65,0.7457,1.0,0.9488,0.9488,4.245,K00031: outcompeted at locus | K00239: outcompeted at locus | K00240: outcompeted at locus,3,0,"Present: confidence=0.993 with 95% credible interval [0.75, 1.00] and HDI [0.95, 0.95] entirely above threshold=0.65. Posterior mean=0.949, effect size=4.25. Note: 3 KO(s) flagged but within acceptable range."
M00010,"Citrate cycle, first carbon oxidation, oxaloacetate => 2-oxoglutarate",0.953,0.953,"K00031,K01659,K01682","R00267,R00268,R00351,R00709,R01324,R01325,R01899,R01900",0.241,3,3.0,3.0,0.931,0.014932,0.65,0.5496,1.0,0.931,0.931,2.3,K00031: outcompeted at locus,1,0,"Likely present: confidence=0.953 and posterior mean=0.931 above threshold=0.65, but credible interval [0.55, 1.00] extends below threshold. HDI [0.93, 0.93], effect size=2.30. Note: 1 KO(s) flagged but within acceptable range."
M00011,"Citrate cycle, second carbon oxidation, 2-oxoglutarate => oxaloacetate",0.984,0.984,"K00116,K00164,K00239,K00240,K00241,K00382,K00658,K01679,K18118","R00361,R00621,R01082,R01700,R02164,R02570,R03316,R07618,R10343",0.488,5,5.0,5.0,0.9534,0.006829,0.65,0.7007,1.0,0.9534,0.9534,3.672,K00239: outcompeted at locus | K00240: outcompeted at locus,2,0,"Present: confidence=0.984 with 95% credible interval [0.70, 1.00] and HDI [0.95, 0.95] entirely above threshold=0.65. Posterior mean=0.953, effect size=3.67. Note: 2 KO(s) flagged but within acceptable range."
M00012,Glyoxylate cycle,0.966,0.791,"K00025,K01637,K01638,K01659,K01682","R00342,R00351,R00472,R00479,R01325,R01900",0.315,5,4.12,4.9,0.9209,0.011201,0.65,0.6157,1.0,0.9209,0.9209,2.56,,0,0,"Likely present: confidence=0.966 and posterior mean=0.921 above threshold=0.65, but credible interval [0.62, 1.00] extends below threshold. HDI [0.92, 0.92], effect size=2.56."
M00015,"Proline biosynthesis, glutamate => proline",0.977,0.977,"K00147,K00286,K00931","R00239,R01251,R03313",0.685,2,2.0,2.0,0.9714,0.008682,0.65,0.6671,1.0,0.9714,0.9714,3.449,,0,0,"Present: confidence=0.977 with 95% credible interval [0.67, 1.00] and HDI [0.97, 0.97] entirely above threshold=0.65. Posterior mean=0.971, effect size=3.45."
M00016,"Lysine biosynthesis, succinyl-DAP pathway, aspartate => lysine",0.998,0.998,"K00133,K00215,K00674,K00821,K00928,K01439,K01586,K01714,K01778","R00451,R00480,R02291,R02734,R02735,R04198,R04199,R04365,R04475,R10147",0.722,9,9.0,9.0,0.9748,0.002257,0.65,0.8313,1.0,0.9748,0.9748,6.836,K00821: outcompeted at locus,1,0,"Present: confidence=0.998 with 95% credible interval [0.83, 1.00] and HDI [0.97, 0.97] entirely above threshold=0.65. Posterior mean=0.975, effect size=6.84. Note: 1 KO(s) flagged but within acceptable range."
M00017,"Methionine biosynthesis, aspartate => homoserine => methionine",0.994,0.994,"K00003,K00133,K00548,K00641,K00928,K01739,K01760","R00480,R00946,R01286,R01773,R01775,R01777,R02291,R03260,R04405",0.583,7,7.0,7.0,0.9621,0.004193,0.65,0.7673,1.0,0.9621,0.9621,4.819,K01739: outcompeted at locus,1,0,"Present: confidence=0.994 with 95% credible interval [0.77, 1.00] and HDI [0.96, 0.96] entirely above threshold=0.65. Posterior mean=0.962, effect size=4.82. Note: 1 KO(s) flagged but within acceptable range."
M00018,"Threonine biosynthesis, aspartate => homoserine => threonine",0.998,0.998,"K00003,K00133,K00928,K01733,K02204","R00480,R01466,R01771,R01773,R01775,R02291",0.903,5,5.0,5.0,0.9912,0.001341,0.65,0.8956,1.0,0.9912,0.9912,9.317,K01733: outcompeted at locus,1,0,"Present: confidence=0.998 with 95% credible interval [0.90, 1.00] and HDI [0.99, 0.99] entirely above threshold=0.65. Posterior mean=0.991, effect size=9.32. Note: 1 KO(s) flagged but within acceptable range."
M00019,"Valine/isoleucine biosynthesis, pyruvate => valine / 2-oxobutanoate => isoleucine",0.995,0.995,"K00053,K00826,K01652,K01653,K01687","R00226,R01214,R02199,R04439,R04440,R04441,R05068,R05069,R05070,R05071,R08648",0.858,4,4.0,4.0,0.9871,0.002366,0.65,0.8491,1.0,0.9871,0.9871,6.93,,0,0,"Present: confidence=0.995 with 95% credible interval [0.85, 1.00] and HDI [0.99, 0.99] entirely above threshold=0.65. Posterior mean=0.987, effect size=6.93."
M00020,"Serine biosynthesis, glycerate-3P => serine",0.97,0.97,"K00058,K00831,K01079","R00582,R01513,R04173",0.473,3,3.0,3.0,0.9521,0.010614,0.65,0.6202,1.0,0.9521,0.9521,2.932,,0,0,"Likely present: confidence=0.970 and posterior mean=0.952 above threshold=0.65, but credible interval [0.62, 1.00] extends below threshold. HDI [0.95, 0.95], effect size=2.93."
M00021,"Cysteine biosynthesis, serine => cysteine",0.974,0.974,"K00640,K01738","R00586,R00897",0.643,2,2.0,2.0,0.9676,0.009805,0.65,0.6388,1.0,0.9676,0.9676,3.207,,0,0,"Likely present: confidence=0.974 and posterior mean=0.968 above threshold=0.65, but credible interval [0.64, 1.00] extends below threshold. HDI [0.97, 0.97], effect size=3.21."
M00022,"Shikimate pathway, phosphoenolpyruvate + erythrose-4P => chorismate",0.992,0.992,"K00014,K00891,K01626,K01735,K01736,K03786,K24018","R01714,R01826,R02412,R02413,R03083,R03084,R03460",0.777,4,4.0,4.0,0.9797,0.00368,0.65,0.7922,1.0,0.9797,0.9797,5.436,,0,0,"Present: confidence=0.992 with 95% credible interval [0.79, 1.00] and HDI [0.98, 0.98] entirely above threshold=0.65. Posterior mean=0.980, effect size=5.44."
M00023,"Tryptophan biosynthesis, chorismate => tryptophan",0.969,0.969,"K00766,K01609,K01657,K01658,K01695,K01696,K01817","R00985,R00986,R01073,R02722,R03508,R03509",0.458,3,3.0,3.0,0.9508,0.010889,0.65,0.6151,1.0,0.9508,0.9508,2.882,,0,0,"Likely present: confidence=0.969 and posterior mean=0.951 above threshold=0.65, but credible interval [0.62, 1.00] extends below threshold. HDI [0.95, 0.95], effect size=2.88."
M00024,"Phenylalanine biosynthesis, chorismate => phenylpyruvate => phenylalanine",0.936,0.936,"K00832,K14170","R00694,R01373,R01715",0.206,2,2.0,2.0,0.9278,0.020925,0.65,0.4545,1.0,0.9278,0.9278,1.921,,0,0,"Likely present (prior-driven): confidence=0.936 but based on only 2 step(s) with wide credible interval [0.45, 1.00] (width=0.55). HDI [0.93, 0.93]. High confidence may be due to prior (frequency and/or genomic evidence) instead of influence."
M00025,"Tyrosine biosynthesis, chorismate => HPP => tyrosine",0.935,0.935,"K00832,K04517,K14170","R00734,R01715,R01728",0.202,2,2.0,2.0,0.9274,0.02103,0.65,0.4532,1.0,0.9274,0.9274,1.913,K04517: outcompeted at locus,1,0,"Likely present (prior-driven): confidence=0.935 but based on only 2 step(s) with wide credible interval [0.45, 1.00] (width=0.55). HDI [0.93, 0.93]. High confidence may be due to prior (frequency and/or genomic evidence) instead of influence. Note: 1 KO(s) flagged but within acceptable range."
M00026,"Histidine biosynthesis, PRPP => histidine",0.981,0.869,"K00013,K00765,K00817,K01496,K01523,K01693,K01814,K02500,K02501,K18649","R01071,R01163,R03012,R03013,R03243,R03457,R04035,R04037,R04558,R04640",0.497,6,5.1,5.9,0.936,0.007879,0.65,0.6784,1.0,0.936,0.936,3.222,"K18649: outcompeted at locus; below KOfam threshold by 96.2 (score=149.9, threshold=246.1, ratio=0.61)",2,0,"Present: confidence=0.981 with 95% credible interval [0.68, 1.00] and HDI [0.94, 0.94] entirely above threshold=0.65. Posterior mean=0.936, effect size=3.22. Note: 2 KO(s) flagged but within acceptable range."
M00027,GABA (gamma-Aminobutyrate) shunt,0.594,0.484,"K00135,K00823,K01580","R00261,R00713,R00714,R01648",0.025,3,2.02,2.2,0.6769,0.050863,0.65,0.1839,0.9856,0.2523,0.999,0.119,"K01580: outcompeted at locus; below KOfam threshold by 355.2 (score=28.3, threshold=383.5, ratio=0.07)",2,1,"Uncertain: confidence=0.594 with credible interval [0.18, 0.99] straddling threshold=0.65. Posterior mean=0.677, HDI [0.25, 1.00]. Module may be present but evidence is inconclusive. Note: 2 KO(s) flagged but within acceptable range."
M00028,"Ornithine biosynthesis, glutamate => ornithine",0.989,0.989,"K00145,K00620,K00821,K00930,K14682","R00259,R02282,R02283,R02649,R03443",0.706,4,4.0,4.0,0.9733,0.004819,0.65,0.754,1.0,0.9733,0.9733,4.656,K00821: outcompeted at locus,1,0,"Present: confidence=0.989 with 95% credible interval [0.75, 1.00] and HDI [0.97, 0.97] entirely above threshold=0.65. Posterior mean=0.973, effect size=4.66. Note: 1 KO(s) flagged but within acceptable range."
M00031,"Lysine biosynthesis, mediated by LysW, 2-aminoadipate => lysine",0.044,0.044,K05826,,0.01,1,0.1,0.1,0.0935,0.040365,0.65,0.0,0.7831,0.0935,0.0935,-2.77,"K05826: outcompeted at locus; below KOfam threshold by 17.2 (score=16.5, threshold=33.7, ratio=0.49)",2,1,"Absent: confidence=0.044, posterior mean=0.094. Credible interval [0.00, 0.78] and HDI [0.09, 0.09] well below threshold=0.65. No meaningful genomic evidence. Note: 2 KO(s) flagged but within acceptable range."
M00033,"Ectoine biosynthesis, aspartate => ectoine",0.523,0.349,"K00133,K00836,K00928,K06718,K06720","R00480,R02291,R06977,R06978,R06979",0.096,5,3.03,3.5,0.6437,0.035286,0.65,0.2472,0.944,0.2913,0.97,-0.034,"K06718: outcompeted at locus; below KOfam threshold by 60.0 (score=30.4, threshold=90.4, ratio=0.34)",2,1,"Uncertain: confidence=0.523 with credible interval [0.25, 0.94] straddling threshold=0.65. Posterior mean=0.644, HDI [0.29, 0.97]. Module may be present but evidence is inconclusive. Note: 2 KO(s) flagged but within acceptable range."
M00034,Methionine salvage pathway,0.84,0.666,"K00789,K00797,K00832,K01611,K05810,K08963,K08964,K08967,K09880","R00177,R00178,R01402,R01920,R04420,R07364,R07392,R07395,R07396",0.154,8,6.07,6.8,0.7842,0.017271,0.65,0.4779,0.9716,0.5315,0.992,1.021,"K00797: below KOfam threshold by 19.0 (score=87.0, threshold=106.0, ratio=0.82) | K08964: outcompeted at locus; below KOfam threshold by 76.6 (score=64.3, threshold=140.9, ratio=0.46) | K09880: outcompeted at locus; below KOfam threshold by 96.7 (score=11.3, threshold=108.0, ratio=0.10)",5,2,"Uncertain: confidence=0.840 with credible interval [0.48, 0.97] straddling threshold=0.65. Posterior mean=0.784, HDI [0.53, 0.99]. Module may be present but evidence is inconclusive. Note: 5 KO(s) flagged but within acceptable range."
M00035,Methionine degradation,0.972,0.972,"K00558,K00789,K01251,K01697","R00177,R00192,R01290,R04858",0.371,4,4.0,4.0,0.9428,0.00998,0.65,0.6354,1.0,0.9428,0.9428,2.931,,0,0,"Likely present: confidence=0.972 and posterior mean=0.943 above threshold=0.65, but credible interval [0.64, 1.00] extends below threshold. HDI [0.94, 0.94], effect size=2.93."
M00036,"Leucine degradation, leucine => acetoacetate + acetyl-CoA",0.974,0.974,"K00166,K00167,K00253,K00382,K00826,K01640,K01968,K01969,K09699,K13766","R01090,R01360,R02085,R04095,R04097,R04138,R07601,R07602,R07618",0.131,6,6.0,6.0,0.921,0.009576,0.65,0.6446,0.9999,0.921,0.921,2.769,,0,0,"Likely present: confidence=0.974 and posterior mean=0.921 above threshold=0.65, but credible interval [0.64, 1.00] extends below threshold. HDI [0.92, 0.92], effect size=2.77."
M00038,"Tryptophan metabolism, tryptophan => kynurenine => 2-aminomuconate",0.516,0.25,"K00452,K00453,K00486,K01556,K03392,K07130,K10217","R00678,R01959,R01960,R02665,R02668,R03889,R04323",0.027,7,4.03,4.9,0.644,0.026353,0.65,0.3026,0.9154,0.3343,0.9359,-0.037,"K00452: below KOfam threshold by 44.1 (score=22.5, threshold=66.6, ratio=0.34) | K00486: outcompeted at locus; below KOfam threshold by 225.8 (score=117.1, threshold=342.9, ratio=0.34) | K03392: outcompeted at locus; below KOfam threshold by 237.7 (score=11.1, threshold=248.8, ratio=0.04) | K10217: outcompeted at locus; below KOfam threshold by 73.1 (score=611.2, threshold=684.3, ratio=0.89)",7,3,"Uncertain: confidence=0.516 with credible interval [0.30, 0.92] straddling threshold=0.65. Posterior mean=0.644, HDI [0.33, 0.94]. Module may be present but evidence is inconclusive. Note: 7 KO(s) flagged but within acceptable range."
M00040,"Tyrosine biosynthesis, chorismate => arogenate => tyrosine",0.936,0.936,"K00832,K14170,K24018","R00732,R01715,R01731",0.046,3,3.0,3.0,0.9133,0.018417,0.65,0.5026,1.0,0.9133,0.9133,1.94,,0,0,"Likely present: confidence=0.936 and posterior mean=0.913 above threshold=0.65, but credible interval [0.50, 1.00] extends below threshold. HDI [0.91, 0.91], effect size=1.94."
M00043,"Thyroid hormone biosynthesis, tyrosine => triiodothyronine/thyroxine",0.0,0.0,K00431,"R03208,R03539,R03953,R03973",0.001,1,0.0,0.0,0.0001,4.3e-05,0.65,0.0,0.0,0.0001,0.0001,-98.779,"K00431: outcompeted at locus; below KOfam threshold by 1121.7 (score=10.0, threshold=1131.7, ratio=0.01)",2,1,"Absent: confidence=0.000, posterior mean=0.000. Credible interval [0.00, 0.00] and HDI [0.00, 0.00] well below threshold=0.65. No meaningful genomic evidence. Note: 2 KO(s) flagged but within acceptable range."
M00044,"Tyrosine degradation, tyrosine => homogentisate",0.969,0.969,"K00451,K00457,K00832,K01555,K01800","R00734,R01364,R02519,R02521,R03181",0.178,5,5.0,5.0,0.9252,0.01064,0.65,0.6255,1.0,0.9252,0.9252,2.668,K01800: outcompeted at locus,1,0,"Likely present: confidence=0.969 and posterior mean=0.925 above threshold=0.65, but credible interval [0.63, 1.00] extends below threshold. HDI [0.93, 0.93], effect size=2.67. Note: 1 KO(s) flagged but within acceptable range."
M00045,"Histidine degradation, histidine => N-formiminoglutamate => glutamate",0.976,0.976,"K01458,K01468,K01712,K01745,K05603","R00525,R01168,R02286,R02288,R02914",0.44,4,4.0,4.0,0.9491,0.008942,0.65,0.6551,1.0,0.9491,0.9491,3.163,,0,0,"Present: confidence=0.976 with 95% credible interval [0.66, 1.00] and HDI [0.95, 0.95] entirely above threshold=0.65. Posterior mean=0.949, effect size=3.16."
M00046,"Pyrimidine degradation, uracil => beta-alanine, thymine => 3-aminoisobutanoate",0.94,0.94,"K01464,K06016,K17722,K17723","R00905,R00977,R02269,R03055,R04666,R11026",0.091,3,3.0,3.0,0.9174,0.017628,0.65,0.5127,1.0,0.9174,0.9174,2.014,,0,0,"Likely present: confidence=0.940 and posterior mean=0.917 above threshold=0.65, but credible interval [0.51, 1.00] extends below threshold. HDI [0.92, 0.92], effect size=2.01."
M00048,"De novo purine biosynthesis, PRPP + glutamine => IMP",1.0,1.0,"K00602,K00764,K01756,K01923,K01933,K01945,K01952,K08289","R01072,R01127,R04144,R04208,R04325,R04463,R04559,R04560,R04591",0.96,8,8.0,8.0,0.9964,0.000366,0.65,0.958,1.0,0.9964,0.9964,18.116,,0,0,"Present: confidence=1.000 with 95% credible interval [0.96, 1.00] and HDI [1.00, 1.00] entirely above threshold=0.65. Posterior mean=0.996, effect size=18.12."
M00049,"Adenine ribonucleotide biosynthesis, IMP => ADP,ATP",0.999,0.999,"K00939,K00940,K01756,K01939","R00127,R00331,R01083,R01135",0.954,4,4.0,4.0,0.9958,0.000767,0.65,0.958,1.0,0.9958,0.9958,12.488,K00939: outcompeted at locus,1,0,"Present: confidence=0.999 with 95% credible interval [0.96, 1.00] and HDI [1.00, 1.00] entirely above threshold=0.65. Posterior mean=0.996, effect size=12.49. Note: 1 KO(s) flagged but within acceptable range."
M00050,"Guanine ribonucleotide biosynthesis, IMP => GDP,GTP",0.999,0.999,"K00088,K00940,K00942,K01951","R00330,R00332,R01130,R01230,R01231",0.97,4,4.0,4.0,0.9973,0.000499,0.65,0.9816,1.0,0.9973,0.9973,15.543,,0,0,"Present: confidence=0.999 with 95% credible interval [0.98, 1.00] and HDI [1.00, 1.00] entirely above threshold=0.65. Posterior mean=0.997, effect size=15.54."
M00051,"De novo pyrimidine biosynthesis, glutamine (+ PRPP) => UMP",0.503,0.497,"K00254,K00609,K00610,K00762,K01465,K01591,K01955,K01956","R00575,R00965,R01397,R01868,R01870,R01993",0.082,3,2.03,2.0,0.6246,0.054531,0.65,0.1438,0.9739,0.2032,0.999,-0.109,,0,0,"Uncertain: confidence=0.503 with credible interval [0.14, 0.97] straddling threshold=0.65. Posterior mean=0.625, HDI [0.20, 1.00]. Module may be present but evidence is inconclusive."
M00052,"Pyrimidine ribonucleotide biosynthesis, UMP => UDP/UTP,CDP/CTP",0.987,0.987,"K00940,K01937,K09903","R00156,R00158,R00571,R00573",0.753,3,3.0,3.0,0.9775,0.005111,0.65,0.7539,1.0,0.9775,0.9775,4.581,,0,0,"Present: confidence=0.987 with 95% credible interval [0.75, 1.00] and HDI [0.98, 0.98] entirely above threshold=0.65. Posterior mean=0.978, effect size=4.58."
M00053,"Deoxyribonucleotide biosynthesis, ADP/GDP/CDP/UDP => dATP/dGTP/dCTP/dUTP",0.961,0.961,"K00525,K00526,K00940","R01137,R01857,R02017,R02018,R02019,R02024,R02326,R02331",0.486,2,2.0,2.0,0.9532,0.013927,0.65,0.555,1.0,0.9532,0.9532,2.57,K00525: outcompeted at locus,1,0,"Likely present: confidence=0.961 and posterior mean=0.953 above threshold=0.65, but credible interval [0.56, 1.00] extends below threshold. HDI [0.95, 0.95], effect size=2.57. Note: 1 KO(s) flagged but within acceptable range."
M00060,"KDO2-lipid A biosynthesis, Raetz pathway, LpxL-LpxM type",0.942,0.942,"K00677,K00748,K00912,K02517,K02527,K02535,K02536,K02560,K03269","R04549,R04550,R04567,R04587,R04606,R04657,R04658,R05075,R05146",0.454,9,8.01,8.0,0.8501,0.011691,0.65,0.5842,0.988,0.6396,0.999,1.851,"K02560: outcompeted at locus; below KOfam threshold by 106.0 (score=242.2, threshold=348.2, ratio=0.70)",2,0,"Likely present: confidence=0.942 and posterior mean=0.850 above threshold=0.65, but credible interval [0.58, 0.99] extends below threshold. HDI [0.64, 1.00], effect size=1.85. Note: 2 KO(s) flagged but within acceptable range."
M00061,"D-Glucuronate degradation, D-glucuronate => pyruvate + D-glyceraldehyde 3P",0.333,0.136,"K00040,K00874,K01625,K01686,K01812","R01482,R01541,R02454,R05605,R05606",0.227,5,2.19,2.9,0.5499,0.038078,0.65,0.1703,0.896,0.1862,0.9079,-0.513,"K00040: outcompeted at locus; below KOfam threshold by 15.2 (score=576.8, threshold=592.0, ratio=0.97) | K00874: outcompeted at locus | K01686: outcompeted at locus; below KOfam threshold by 63.3 (score=71.1, threshold=134.4, ratio=0.53)",5,0,"Uncertain: confidence=0.333 with credible interval [0.17, 0.90] straddling threshold=0.65. Posterior mean=0.550, HDI [0.19, 0.91]. Module may be present but evidence is inconclusive. Note: 5 KO(s) flagged but within acceptable range."
M00063,"CMP-3-deoxy-D-manno-octulosonate biosynthesis, ribulose-5P => CMP-KDO",0.98,0.98,"K00979,K01627,K03270,K06041","R01530,R03254,R03350,R03351",0.511,4,4.0,4.0,0.9556,0.007862,0.65,0.6772,1.0,0.9556,0.9556,3.446,,0,0,"Present: confidence=0.980 with 95% credible interval [0.68, 1.00] and HDI [0.96, 0.96] entirely above threshold=0.65. Posterior mean=0.956, effect size=3.45."
M00064,"ADP-L-glycero-D-manno-heptose biosynthesis, sedoheptulose-7P => ADP-LDmanHep",0.929,0.766,"K03271,K03272,K03273,K03274","R05176,R05644,R05645,R05646,R05647",0.296,5,4.05,4.7,0.8771,0.016579,0.65,0.5307,0.9992,0.8771,0.8771,1.764,"K03271: outcompeted at locus | K03274: outcompeted at locus; below KOfam threshold by 104.2 (score=156.2, threshold=260.4, ratio=0.60)",3,0,"Likely present: confidence=0.929 and posterior mean=0.877 above threshold=0.65, but credible interval [0.53, 1.00] extends below threshold. HDI [0.88, 0.88], effect size=1.76. Note: 3 KO(s) flagged but within acceptable range."
M00082,"Fatty acid biosynthesis, initiation",0.959,0.959,"K00645,K00648,K01961,K01962,K01963,K02160","R00742,R01626,R10707",0.468,2,2.0,2.0,0.9517,0.014373,0.65,0.5474,1.0,0.9517,0.9517,2.516,K00648: outcompeted at locus,1,0,"Likely present: confidence=0.959 and posterior mean=0.952 above threshold=0.65, but credible interval [0.55, 1.00] extends below threshold. HDI [0.95, 0.95], effect size=2.52. Note: 1 KO(s) flagged but within acceptable range."
M00083,"Fatty acid biosynthesis, elongation",0.982,0.982,"K00059,K00209,K01716,K09458","R04355,R04428,R04429,R04430,R04533,R04534,R04535,R04536,R04537,R04543,R04544,R04566,R04568,R04724,R04725,R04726,R04952,R04953,R04954,R04955,R04956,R04957,R04958,R04959,R04960,R04961,R04962,R04963,R04964,R04965,R04966,R04967,R04968,R04969,R04970",0.808,1,1.0,1.0,0.9825,0.008173,0.65,0.7586,1.0,0.9825,0.9825,3.678,,0,0,"Present: confidence=0.982 with 95% credible interval [0.76, 1.00] and HDI [0.98, 0.98] entirely above threshold=0.65. Posterior mean=0.983, effect size=3.68."
M00086,"beta-Oxidation, acyl-CoA synthesis",0.959,0.959,K15013,R01280,0.575,1,1.0,1.0,0.9614,0.01769,0.65,0.4781,1.0,0.9614,0.9614,2.341,"K15013: below KOfam threshold by 356.6 (score=281.4, threshold=638.0, ratio=0.44)",1,1,"Dubious: confidence=0.959 but 1 KO(s) on best path score below 50% of their KOfam threshold. Credible interval [0.48, 1.00], HDI [0.96, 0.96]. Module detection may be based on weak or spurious HMM hits. DOWNGRADED due to: K15013: below KOfam threshold by 356.6 (score=281.4, threshold=638.0, ratio=0.44)"
M00087,beta-Oxidation,0.949,0.949,"K00632,K01825,K06445","R00238,R01175,R01177,R01279,R01975,R03026,R03777,R03778,R03857,R03858,R03990,R03991,R04170,R04737,R04738,R04739,R04740,R04741,R04742,R04743,R04744,R04745,R04746,R04747,R04748,R04749,R04751,R04754",0.201,3,3.0,3.0,0.9273,0.01567,0.65,0.5391,1.0,0.9273,0.9273,2.216,,0,0,"Likely present: confidence=0.949 and posterior mean=0.927 above threshold=0.65, but credible interval [0.54, 1.00] extends below threshold. HDI [0.93, 0.93], effect size=2.22."
M00088,"Ketone body biosynthesis, acetyl-CoA => acetoacetate/3-hydroxybutyrate/acetone",0.902,0.902,K00019,R01361,0.019,1,1.0,1.0,0.9108,0.038686,0.65,0.2283,1.0,0.9108,0.9108,1.326,,0,0,"Likely present (prior-driven): confidence=0.902 but based on only 1 step(s) with wide credible interval [0.23, 1.00] (width=0.77). HDI [0.91, 0.91]. High confidence may be due to prior (frequency and/or genomic evidence) instead of influence."
M00091,"Phosphatidylcholine (PC) biosynthesis, PE => PC",0.029,0.029,K00570,"R01320,R02056,R03424",0.158,1,0.06,0.1,0.0652,0.029042,0.65,0.0,0.6886,0.0652,0.0652,-3.431,"K00570: outcompeted at locus; below KOfam threshold by 21.5 (score=66.3, threshold=87.8, ratio=0.76)",2,0,"Absent: confidence=0.029, posterior mean=0.065. Credible interval [0.00, 0.69] and HDI [0.07, 0.07] well below threshold=0.65. No meaningful genomic evidence. Note: 2 KO(s) flagged but within acceptable range."
M00093,"Phosphatidylethanolamine (PE) biosynthesis, PA => PS => PE",0.975,0.975,"K00981,K00998,K01613","R01799,R01800,R02055",0.555,3,3.0,3.0,0.9595,0.009029,0.65,0.6516,1.0,0.9595,0.9595,3.257,,0,0,"Present: confidence=0.975 with 95% credible interval [0.65, 1.00] and HDI [0.96, 0.96] entirely above threshold=0.65. Posterior mean=0.960, effect size=3.26."
M00095,"C5 isoprenoid biosynthesis, mevalonate pathway",0.082,0.018,"K00021,K00626,K00869,K00938,K01597,K01641,K01823","R00238,R01121,R01123,R01978,R02082,R02245,R03245",0.044,7,2.18,3.1,0.4044,0.027685,0.65,0.1131,0.7423,0.0981,0.7217,-1.476,"K00021: below KOfam threshold by 215.3 (score=9.1, threshold=224.4, ratio=0.04) | K00869: outcompeted at locus; below KOfam threshold by 144.9 (score=13.0, threshold=157.9, ratio=0.08) | K01641: outcompeted at locus; below KOfam threshold by 173.8 (score=39.4, threshold=213.2, ratio=0.18) | K01823: outcompeted at locus; below KOfam threshold by 2.9 (score=30.5, threshold=33.4, ratio=0.91)",7,3,"Likely absent: confidence=0.082, posterior mean=0.404 below threshold=0.65. Credible interval [0.11, 0.74] mostly below threshold. Some genomic evidence exists but is insufficient. Note: 7 KO(s) flagged but within acceptable range."
M00096,"C5 isoprenoid biosynthesis, non-mevalonate pathway",0.988,0.956,"K00099,K00919,K00991,K01662,K01770,K01823,K03526,K03527","R01123,R05633,R05634,R05636,R05637,R05688,R05884,R08689,R10859",0.732,8,7.1,7.6,0.9305,0.006599,0.65,0.7044,0.9997,0.9305,0.9305,3.453,"K01770: outcompeted at locus | K01823: outcompeted at locus; below KOfam threshold by 2.9 (score=30.5, threshold=33.4, ratio=0.91)",3,0,"Present: confidence=0.988 with 95% credible interval [0.70, 1.00] and HDI [0.93, 0.93] entirely above threshold=0.65. Posterior mean=0.931, effect size=3.45. Note: 3 KO(s) flagged but within acceptable range."
M00097,"beta-Carotene biosynthesis, GGAP => beta-carotene",0.396,0.311,"K10027,K17841",,0.006,2,1.05,1.2,0.5398,0.077631,0.65,0.0443,0.9779,0.0801,0.999,-0.396,"K10027: outcompeted at locus; below KOfam threshold by 453.0 (score=64.1, threshold=517.1, ratio=0.12) | K17841: below KOfam threshold by 277.2 (score=5.5, threshold=282.7, ratio=0.02)",3,2,"Uncertain: confidence=0.396 with credible interval [0.04, 0.98] straddling threshold=0.65. Posterior mean=0.540, HDI [0.08, 1.00]. Module may be present but evidence is inconclusive. Note: 3 KO(s) flagged but within acceptable range."
M00098,Acylglycerol degradation,0.922,0.922,"K01046,K01054","R01351,R02250,R02687",0.06,2,2.0,2.0,0.9146,0.024416,0.65,0.4152,1.0,0.9146,0.9146,1.693,"K01054: below KOfam threshold by 42.5 (score=182.9, threshold=225.4, ratio=0.81)",1,0,"Likely present (prior-driven): confidence=0.922 but based on only 2 step(s) with wide credible interval [0.42, 1.00] (width=0.58). HDI [0.91, 0.91]. High confidence may be due to prior (frequency and/or genomic evidence) instead of influence. Note: 1 KO(s) flagged but within acceptable range."
M00112,"Tocopherol/tocotorienol biosynthesis, homogentisate + phytyl/geranylgeranyl-PP => tocopherol/tocotorienol",0.001,0.001,"K05928,K09833,K09834,K18534","R07236,R07500,R07501,R07502,R07503,R07504,R10491,R10492,R10623,R10624,R10708,R10710",0.006,4,0.17,0.2,0.0382,0.00681,0.65,0.0,0.2992,0.0382,0.0382,-7.413,"K05928: outcompeted at locus; below KOfam threshold by 230.1 (score=71.9, threshold=302.0, ratio=0.24) | K18534: outcompeted at locus; below KOfam threshold by 236.9 (score=94.5, threshold=331.4, ratio=0.29)",4,2,"Absent: confidence=0.001, posterior mean=0.038. Credible interval [0.00, 0.30] and HDI [0.04, 0.04] well below threshold=0.65. No meaningful genomic evidence. Note: 4 KO(s) flagged but within acceptable range."
M00115,"NAD biosynthesis, aspartate => quinolinate => NAD",0.989,0.989,"K00278,K00767,K00969,K01916,K03517","R00189,R00481,R03005,R03348,R04292",0.594,5,5.0,5.0,0.9631,0.005466,0.65,0.7335,1.0,0.9631,0.9631,4.235,,0,0,"Present: confidence=0.989 with 95% credible interval [0.73, 1.00] and HDI [0.96, 0.96] entirely above threshold=0.65. Posterior mean=0.963, effect size=4.23."
M00116,"Menaquinone biosynthesis, chorismate (+ polyprenyl-PP) => menaquinol",0.039,0.009,"K01661,K01911,K02548,K02549,K02551,K02552,K03183,K08680,K19222","R01717,R04030,R04031,R07262,R07263,R08165,R08166,R09736,R10757",0.217,9,2.64,3.5,0.3753,0.02151,0.65,0.1195,0.6786,0.1051,0.6587,-1.873,"K01661: outcompeted at locus; below KOfam threshold by 206.8 (score=173.5, threshold=380.3, ratio=0.46) | K01911: outcompeted at locus; below KOfam threshold by -350.2 (score=699.9, threshold=349.7, ratio=2.00) | K02548: outcompeted at locus; below KOfam threshold by 140.9 (score=63.3, threshold=204.2, ratio=0.31) | K02549: outcompeted at locus; below KOfam threshold by 58.4 (score=163.1, threshold=221.5, ratio=0.74) | K02551: outcompeted at locus; below KOfam threshold by 146.1 (score=79.9, threshold=226.0, ratio=0.35) | K02552: outcompeted at locus; below KOfam threshold by 140.0 (score=227.3, threshold=367.3, ratio=0.62) | K08680: outcompeted at locus; below KOfam threshold by 107.0 (score=132.1, threshold=239.1, ratio=0.55)",14,3,"Absent: confidence=0.039, posterior mean=0.375. Credible interval [0.12, 0.68] and HDI [0.11, 0.66] well below threshold=0.65. No meaningful genomic evidence. Note: 14 KO(s) flagged but within acceptable range."
M00117,"Ubiquinone biosynthesis, prokaryotes, chorismate (+ polyprenyl-PP) => ubiquinol",0.987,0.987,"K00568,K03179,K03181,K03182,K03183,K03185,K03186,K06134,K18800","R01302,R04985,R05000,R08768,R08769,R09737,R12067,R12657,R12658",0.223,8,8.0,8.0,0.9293,0.006701,0.65,0.702,0.9997,0.9293,0.9293,3.412,,0,0,"Present: confidence=0.987 with 95% credible interval [0.70, 1.00] and HDI [0.93, 0.93] entirely above threshold=0.65. Posterior mean=0.929, effect size=3.41."
M00118,"Glutathione biosynthesis, glutamate => glutathione",0.948,0.948,"K01919,K01920","R00497,R00894",0.339,2,2.0,2.0,0.9399,0.017662,0.65,0.4968,1.0,0.9399,0.9399,2.181,,0,0,"Likely present (prior-driven): confidence=0.948 but based on only 2 step(s) with wide credible interval [0.50, 1.00] (width=0.50). HDI [0.94, 0.94]. High confidence may be due to prior (frequency and/or genomic evidence) instead of influence."
M00119,"Pantothenate biosynthesis, valine/L-aspartate => pantothenate",0.945,0.945,K01918,R02473,0.437,1,1.0,1.0,0.9488,0.023129,0.65,0.3847,1.0,0.9488,0.9488,1.965,,0,0,"Likely present (prior-driven): confidence=0.945 but based on only 1 step(s) with wide credible interval [0.38, 1.00] (width=0.62). HDI [0.95, 0.95]. High confidence may be due to prior (frequency and/or genomic evidence) instead of influence."
M00120,"Coenzyme A biosynthesis, pantothenate => CoA",0.993,0.993,"K00859,K00954,K03525,K13038","R00130,R03018,R03035,R03269,R04231",0.851,3,3.0,3.0,0.9865,0.003104,0.65,0.8334,1.0,0.9865,0.9865,6.04,,0,0,"Present: confidence=0.993 with 95% credible interval [0.83, 1.00] and HDI [0.99, 0.99] entirely above threshold=0.65. Posterior mean=0.986, effect size=6.04."
M00121,"Heme biosynthesis, plants and bacteria, glutamate => heme",0.998,0.998,"K01599,K01698,K01749,K01772,K01845,K01885,K02492,K02495,K08973,K13543","R00036,R00084,R00310,R02272,R03165,R03197,R04109,R05578,R06895,R12605",0.649,10,10.0,10.0,0.9681,0.002573,0.65,0.8184,1.0,0.9681,0.9681,6.272,"K13543: below KOfam threshold by 235.7 (score=200.0, threshold=435.7, ratio=0.46)",1,1,"Present: confidence=0.998 with 95% credible interval [0.82, 1.00] and HDI [0.97, 0.97] entirely above threshold=0.65. Posterior mean=0.968, effect size=6.27. Note: 1 KO(s) flagged but within acceptable range."
M00122,"Cobalamin biosynthesis, cobyrinate a,c-diamide => cobalamin",0.95,0.95,K02233,R05223,0.483,1,1.0,1.0,0.953,0.021333,0.65,0.4121,1.0,0.953,0.953,2.074,,0,0,"Likely present (prior-driven): confidence=0.950 but based on only 1 step(s) with wide credible interval [0.41, 1.00] (width=0.59). HDI [0.95, 0.95]. High confidence may be due to prior (frequency and/or genomic evidence) instead of influence."
M00123,"Biotin biosynthesis, pimeloyl-ACP/CoA => biotin",0.954,0.954,"K00652,K00833,K01012,K01935","R01078,R03182,R03210,R03231,R10124",0.256,3,3.0,3.0,0.9323,0.014674,0.65,0.5534,1.0,0.9323,0.9323,2.331,,0,0,"Likely present: confidence=0.954 and posterior mean=0.932 above threshold=0.65, but credible interval [0.55, 1.00] extends below threshold. HDI [0.93, 0.93], effect size=2.33."
M00124,"Pyridoxal-P biosynthesis, erythrose-4P => pyridoxal-P",0.975,0.975,"K00097,K00275,K00831,K03472,K03473,K03474","R00278,R01825,R04210,R05085,R05681,R05838",0.164,6,6.0,6.0,0.924,0.009243,0.65,0.651,0.9999,0.924,0.924,2.85,,0,0,"Present: confidence=0.975 with 95% credible interval [0.65, 1.00] and HDI [0.92, 0.92] entirely above threshold=0.65. Posterior mean=0.924, effect size=2.85."
M00125,"Riboflavin biosynthesis, plants and bacteria, GTP => riboflavin/FMN/FAD",0.947,0.947,K14652,"R00425,R07281",0.455,1,1.0,1.0,0.9505,0.022422,0.65,0.3952,1.0,0.9505,0.9505,2.007,,0,0,"Likely present (prior-driven): confidence=0.947 but based on only 1 step(s) with wide credible interval [0.40, 1.00] (width=0.60). HDI [0.95, 0.95]. High confidence may be due to prior (frequency and/or genomic evidence) instead of influence."
M00126,"Tetrahydrofolate biosynthesis, GTP => THF",0.993,0.993,"K00287,K00796,K00950,K01113,K01495,K01633,K11754","R00428,R00936,R00939,R02237,R03066,R03067,R03503,R03504,R04620,R04639,R05046,R05048",0.732,5,5.0,5.0,0.9757,0.003652,0.65,0.7871,1.0,0.9757,0.9757,5.389,,0,0,"Present: confidence=0.993 with 95% credible interval [0.79, 1.00] and HDI [0.98, 0.98] entirely above threshold=0.65. Posterior mean=0.976, effect size=5.39."
M00127,"Thiamine biosynthesis, prokaryotes, AIR (+ DXP/tyrosine) => TMP/TPP",0.906,0.906,"K00788,K00941,K00946,K03147","R00617,R03472,R04509,R10712",0.057,1,1.0,1.0,0.9143,0.037307,0.65,0.2382,1.0,0.9143,0.9143,1.368,"K00941: below KOfam threshold by 61.8 (score=267.8, threshold=329.6, ratio=0.81)",1,0,"Likely present (prior-driven): confidence=0.906 but based on only 1 step(s) with wide credible interval [0.24, 1.00] (width=0.76). HDI [0.91, 0.91]. High confidence may be due to prior (frequency and/or genomic evidence) instead of influence. Note: 1 KO(s) flagged but within acceptable range."
M00133,"Polyamine biosynthesis, arginine => agmatine => putrescine => spermidine",0.927,0.927,"K01480,K01584","R00566,R01157",0.255,1,1.0,1.0,0.9322,0.030083,0.65,0.3006,1.0,0.9322,0.9322,1.627,K01480: outcompeted at locus,1,0,"Likely present (prior-driven): confidence=0.927 but based on only 1 step(s) with wide credible interval [0.30, 1.00] (width=0.70). HDI [0.93, 0.93]. High confidence may be due to prior (frequency and/or genomic evidence) instead of influence. Note: 1 KO(s) flagged but within acceptable range."
M00134,"Polyamine biosynthesis, arginine => ornithine => putrescine",0.479,0.326,"K01476,K01581","R00551,R00670",0.05,2,1.06,1.3,0.5973,0.075164,0.65,0.0671,0.9883,0.5973,0.5973,-0.192,"K01476: outcompeted at locus; below KOfam threshold by 40.6 (score=149.0, threshold=189.6, ratio=0.79)",2,0,"Uncertain: confidence=0.479 with credible interval [0.07, 0.99] straddling threshold=0.65. Posterior mean=0.597, HDI [0.60, 0.60]. Module may be present but evidence is inconclusive. Note: 2 KO(s) flagged but within acceptable range."
M00135,"GABA biosynthesis, eukaryotes, putrescine => GABA",0.933,0.933,"K00128,K00274,K00657","R01154,R04025,R05050",0.006,3,3.0,3.0,0.9097,0.019111,0.65,0.494,1.0,0.9097,0.9097,1.878,"K00128: outcompeted at locus | K00274: below KOfam threshold by 89.6 (score=195.1, threshold=284.7, ratio=0.69)",2,0,"Likely present: confidence=0.933 and posterior mean=0.910 above threshold=0.65, but credible interval [0.49, 1.00] extends below threshold. HDI [0.91, 0.91], effect size=1.88. Note: 2 KO(s) flagged but within acceptable range."
M00136,"GABA biosynthesis, prokaryotes, putrescine => GABA",0.609,0.609,"K09470,K09471,K09472,K09473","R07414,R07415,R07417,R07418,R07419",0.031,4,3.0,3.0,0.685,0.03996,0.65,0.2453,0.974,0.3113,0.998,0.175,"K09470: below KOfam threshold by 52.9 (score=505.5, threshold=558.4, ratio=0.91) | K09472: outcompeted at locus | K09473: outcompeted at locus; below KOfam threshold by 255.2 (score=44.6, threshold=299.8, ratio=0.15)",4,1,"Uncertain: confidence=0.609 with credible interval [0.25, 0.97] straddling threshold=0.65. Posterior mean=0.685, HDI [0.31, 1.00]. Module may be present but evidence is inconclusive. Note: 4 KO(s) flagged but within acceptable range."
M00140,"C1-unit interconversion, prokaryotes",0.629,0.564,"K00600,K01491,K01938","R00943,R00945,R01220,R01655",0.128,3,2.14,2.3,0.697,0.049118,0.65,0.2011,0.9891,0.2723,0.999,0.212,"K01938: outcompeted at locus; below KOfam threshold by 880.7 (score=15.9, threshold=896.6, ratio=0.02)",2,1,"Uncertain: confidence=0.629 with credible interval [0.20, 0.99] straddling threshold=0.65. Posterior mean=0.697, HDI [0.27, 1.00]. Module may be present but evidence is inconclusive. Note: 2 KO(s) flagged but within acceptable range."
M00144,"NADH:quinone oxidoreductase, prokaryotes",0.913,0.913,"K00330,K00331,K00334,K00335,K00336,K00337,K00338,K00339,K00340,K00341,K00342,K00343,K13378",,0.119,1,1.0,1.0,0.9199,0.035076,0.65,0.2555,1.0,0.9199,0.9199,1.441,,0,0,"Likely present (prior-driven): confidence=0.913 but based on only 1 step(s) with wide credible interval [0.26, 1.00] (width=0.74). HDI [0.92, 0.92]. High confidence may be due to prior (frequency and/or genomic evidence) instead of influence."
M00145,"NAD(P)H:quinone oxidoreductase, chloroplasts and cyanobacteria",0.0,0.0,"K05572,K05573,K05574,K05575,K05576,K05577,K05578,K05579,K05580,K05581,K05582",,0.006,1,0.0,0.0,0.0005,0.000239,0.65,0.0,0.0,0.0005,0.0005,-42.039,"K05572: outcompeted at locus; below KOfam threshold by 248.1 (score=254.7, threshold=502.8, ratio=0.51) | K05573: outcompeted at locus; below KOfam threshold by 180.9 (score=286.9, threshold=467.8, ratio=0.61) | K05574: outcompeted at locus; below KOfam threshold by 61.3 (score=109.2, threshold=170.5, ratio=0.64) | K05575: outcompeted at locus; below KOfam threshold by 136.2 (score=436.6, threshold=572.8, ratio=0.76) | K05576: outcompeted at locus; below KOfam threshold by 36.7 (score=97.9, threshold=134.6, ratio=0.73) | K05577: outcompeted at locus; below KOfam threshold by 114.6 (score=432.0, threshold=546.6, ratio=0.79) | K05578: outcompeted at locus; below KOfam threshold by 86.2 (score=84.3, threshold=170.5, ratio=0.49) | K05579: outcompeted at locus; below KOfam threshold by 177.1 (score=329.6, threshold=506.7, ratio=0.65) | K05580: outcompeted at locus; below KOfam threshold by 43.7 (score=115.8, threshold=159.5, ratio=0.73) | K05581: outcompeted at locus; below KOfam threshold by 127.0 (score=95.5, threshold=222.5, ratio=0.43) | K05582: outcompeted at locus; below KOfam threshold by 85.1 (score=178.8, threshold=263.9, ratio=0.68)",22,2,"Absent: confidence=0.000, posterior mean=0.001. Credible interval [0.00, 0.00] and HDI [0.00, 0.00] well below threshold=0.65. No meaningful genomic evidence. Note: 22 KO(s) flagged but within acceptable range."
M00149,"Succinate dehydrogenase, prokaryotes",0.935,0.935,"K00239,K00240,K00241,K00242",,0.333,1,1.0,1.0,0.9393,0.027138,0.65,0.3326,1.0,0.9393,0.9393,1.756,K00239: outcompeted at locus | K00240: outcompeted at locus,2,0,"Likely present (prior-driven): confidence=0.935 but based on only 1 step(s) with wide credible interval [0.33, 1.00] (width=0.67). HDI [0.94, 0.94]. High confidence may be due to prior (frequency and/or genomic evidence) instead of influence. Note: 2 KO(s) flagged but within acceptable range."
M00150,"Fumarate reductase, prokaryotes",0.004,0.004,"K00244,K00245,K00246,K00247",,0.106,1,0.0,0.0,0.0097,0.004578,0.65,0.0,0.082,0.0097,0.0097,-9.463,"K00244: outcompeted at locus; below KOfam threshold by 92.4 (score=603.1, threshold=695.5, ratio=0.87) | K00245: outcompeted at locus; below KOfam threshold by 57.8 (score=237.0, threshold=294.8, ratio=0.80) | K00246: outcompeted at locus; below KOfam threshold by 16.7 (score=22.2, threshold=38.9, ratio=0.57) | K00247: outcompeted at locus; below KOfam threshold by 9.7 (score=22.8, threshold=32.5, ratio=0.70)",8,0,"Absent: confidence=0.004, posterior mean=0.010. Credible interval [0.00, 0.08] and HDI [0.01, 0.01] well below threshold=0.65. No meaningful genomic evidence. Note: 8 KO(s) flagged but within acceptable range."
M00151,Cytochrome bc1 complex respiratory unit,0.946,0.946,"K00411,K00412,K00413",,0.446,1,1.0,1.0,0.9496,0.022789,0.65,0.3897,1.0,0.9496,0.9496,1.985,,0,0,"Likely present (prior-driven): confidence=0.946 but based on only 1 step(s) with wide credible interval [0.39, 1.00] (width=0.61). HDI [0.95, 0.95]. High confidence may be due to prior (frequency and/or genomic evidence) instead of influence."
M00153,Cytochrome bd ubiquinol oxidase,0.219,0.023,"K00424,K00425,K00426",,0.209,1,0.04,0.3,0.3305,0.105368,0.65,0.0001,0.9788,0.3305,0.3305,-0.984,,0,0,"Likely absent: confidence=0.219, posterior mean=0.331 below threshold=0.65. Credible interval [0.00, 0.98] mostly below threshold. Some genomic evidence exists but is insufficient."
M00155,"Cytochrome c oxidase, prokaryotes",0.93,0.93,"K02274,K02275,K02276",,0.284,1,1.0,1.0,0.9349,0.028977,0.65,0.3121,1.0,0.9349,0.9349,1.674,,0,0,"Likely present (prior-driven): confidence=0.930 but based on only 1 step(s) with wide credible interval [0.31, 1.00] (width=0.69). HDI [0.93, 0.93]. High confidence may be due to prior (frequency and/or genomic evidence) instead of influence."
M00156,"Cytochrome c oxidase, cbb3-type",0.922,0.922,"K00404,K00405,K00406,K00407",,0.209,1,1.0,1.0,0.9281,0.031777,0.65,0.2842,1.0,0.9281,0.9281,1.56,,0,0,"Likely present (prior-driven): confidence=0.922 but based on only 1 step(s) with wide credible interval [0.28, 1.00] (width=0.72). HDI [0.93, 0.93]. High confidence may be due to prior (frequency and/or genomic evidence) instead of influence."
M00157,"F-type ATPase, prokaryotes and chloroplasts",0.94,0.94,"K02108,K02109,K02110,K02111,K02112,K02113,K02114,K02115",,0.387,1,1.0,1.0,0.9443,0.025043,0.65,0.3584,1.0,0.9443,0.9443,1.86,K02112: outcompeted at locus,1,0,"Likely present (prior-driven): confidence=0.940 but based on only 1 step(s) with wide credible interval [0.36, 1.00] (width=0.64). HDI [0.94, 0.94]. High confidence may be due to prior (frequency and/or genomic evidence) instead of influence. Note: 1 KO(s) flagged but within acceptable range."
M00159,"V/A-type ATPase, prokaryotes",0.0,0.0,"K02107,K02117,K02118,K02119,K02120,K02121,K02122,K02123,K02124",,0.009,1,0.0,0.0,0.0008,0.000378,0.65,0.0,0.0,0.0008,0.0008,-33.378,"K02107: outcompeted at locus; below KOfam threshold by 12.9 (score=29.5, threshold=42.4, ratio=0.70) | K02117: outcompeted at locus; below KOfam threshold by 670.7 (score=144.8, threshold=815.5, ratio=0.18) | K02118: outcompeted at locus; below KOfam threshold by 509.1 (score=188.1, threshold=697.2, ratio=0.27) | K02121: outcompeted at locus; below KOfam threshold by 66.5 (score=25.7, threshold=92.2, ratio=0.28) | K02123: below KOfam threshold by 296.3 (score=14.3, threshold=310.6, ratio=0.05) | K02124: outcompeted at locus; below KOfam threshold by 61.3 (score=14.4, threshold=75.7, ratio=0.19)",11,5,"Absent: confidence=0.000, posterior mean=0.001. Credible interval [0.00, 0.00] and HDI [0.00, 0.00] well below threshold=0.65. No meaningful genomic evidence. Note: 11 KO(s) flagged but within acceptable range."
M00161,Photosystem II,0.0,0.0,"K02703,K02704,K02705,K02706,K02707,K02708",,0.005,1,0.0,0.0,0.0005,0.000229,0.65,0.0,0.0,0.0005,0.0005,-42.94,"K02704: below KOfam threshold by 315.6 (score=11.4, threshold=327.0, ratio=0.03) | K02707: outcompeted at locus; below KOfam threshold by 85.2 (score=15.5, threshold=100.7, ratio=0.15)",3,2,"Absent: confidence=0.000, posterior mean=0.000. Credible interval [0.00, 0.00] and HDI [0.00, 0.00] well below threshold=0.65. No meaningful genomic evidence. Note: 3 KO(s) flagged but within acceptable range."
M00162,Cytochrome b6f complex,0.0,0.0,"K02634,K02635,K02636,K02637,K02640,K02642,K02643,K03689",,0.0,1,0.0,0.0,0.0001,6.6e-05,0.65,0.0,0.0,0.0001,0.0001,-79.763,"K02635: outcompeted at locus; below KOfam threshold by 56.4 (score=249.1, threshold=305.5, ratio=0.82) | K02636: outcompeted at locus; below KOfam threshold by 54.2 (score=59.7, threshold=113.9, ratio=0.52) | K02637: outcompeted at locus; below KOfam threshold by 18.5 (score=71.7, threshold=90.2, ratio=0.79) | K02640: below KOfam threshold by 44.8 (score=12.3, threshold=57.1, ratio=0.22) | K03689: below KOfam threshold by 20.3 (score=17.1, threshold=37.4, ratio=0.46)",8,2,"Absent: confidence=0.000, posterior mean=0.000. Credible interval [0.00, 0.00] and HDI [0.00, 0.00] well below threshold=0.65. No meaningful genomic evidence. Note: 8 KO(s) flagged but within acceptable range."
M00163,Photosystem I,0.0,0.0,"K02689,K02690,K02691,K02692,K02693,K02694",,0.006,1,0.0,0.0,0.0006,0.000274,0.65,0.0,0.0,0.0006,0.0006,-39.251,"K02691: outcompeted at locus; below KOfam threshold by 120.3 (score=37.4, threshold=157.7, ratio=0.24)",2,1,"Absent: confidence=0.000, posterior mean=0.001. Credible interval [0.00, 0.00] and HDI [0.00, 0.00] well below threshold=0.65. No meaningful genomic evidence. Note: 2 KO(s) flagged but within acceptable range."
M00165,Reductive pentose phosphate cycle (Calvin cycle),0.86,0.83,"K00134,K00615,K00855,K00927,K01086,K01601,K01624,K01783,K01803,K01807","R00024,R00762,R01015,R01056,R01061,R01063,R01067,R01068,R01512,R01523,R01529,R01641,R01829,R01845",0.189,11,9.03,9.2,0.7787,0.013156,0.65,0.5178,0.9537,0.5566,0.973,1.122,"K00855: outcompeted at locus; below KOfam threshold by 159.5 (score=18.2, threshold=177.7, ratio=0.10) | K01086: below KOfam threshold by 52.1 (score=535.2, threshold=587.3, ratio=0.91) | K01601: outcompeted at locus; below KOfam threshold by 318.3 (score=11.5, threshold=329.8, ratio=0.03)",5,2,"Uncertain: confidence=0.860 with credible interval [0.52, 0.95] straddling threshold=0.65. Posterior mean=0.779, HDI [0.56, 0.97]. Module may be present but evidence is inconclusive. Note: 5 KO(s) flagged but within acceptable range."
M00168,"CAM (Crassulacean acid metabolism), dark",0.888,0.377,"K00025,K01595","R00342,R00345",0.192,2,1.12,1.9,0.8846,0.031892,0.65,0.3452,1.0,0.8846,0.8846,1.314,,0,0,"Uncertain: confidence=0.888 with credible interval [0.35, 1.00] straddling threshold=0.65. Posterior mean=0.885, HDI [0.88, 0.88]. Module may be present but evidence is inconclusive."
M00169,"CAM (Crassulacean acid metabolism), light",0.566,0.357,"K00029,K01006","R00206,R00216",0.131,2,1.1,1.4,0.6555,0.07057,0.65,0.0973,0.9948,0.6555,0.6555,0.021,"K00029: outcompeted at locus | K01006: outcompeted at locus; below KOfam threshold by 170.8 (score=198.5, threshold=369.3, ratio=0.54)",3,0,"Uncertain: confidence=0.566 with credible interval [0.10, 0.99] straddling threshold=0.65. Posterior mean=0.655, HDI [0.66, 0.66]. Module may be present but evidence is inconclusive. Note: 3 KO(s) flagged but within acceptable range."
M00173,Reductive citrate cycle (Arnon-Buchanan cycle),0.445,0.274,"K00024,K00031,K00174,K00175,K00239,K00240,K01007,K01595,K01679,K01682,K01902,K01903,K03737,K15230,K15231","R00199,R00267,R00342,R00345,R00352,R00405,R01082,R01196,R01197,R01325,R01900,R02164,R10866",0.009,10,6.12,6.8,0.6221,0.019591,0.65,0.3335,0.8688,0.3514,0.8819,-0.199,"K00024: outcompeted at locus; below KOfam threshold by 333.6 (score=23.9, threshold=357.5, ratio=0.07) | K00031: outcompeted at locus | K00174: outcompeted at locus; below KOfam threshold by 232.7 (score=29.5, threshold=262.2, ratio=0.11) | K00175: outcompeted at locus; below KOfam threshold by 198.3 (score=37.9, threshold=236.2, ratio=0.16) | K00239: outcompeted at locus | K00240: outcompeted at locus | K03737: outcompeted at locus; below KOfam threshold by 488.1 (score=22.1, threshold=510.2, ratio=0.04) | K15230: outcompeted at locus; below KOfam threshold by 759.2 (score=148.4, threshold=907.6, ratio=0.16) | K15231: outcompeted at locus; below KOfam threshold by 433.1 (score=90.3, threshold=523.4, ratio=0.17)",15,6,"Uncertain: confidence=0.445 with credible interval [0.33, 0.87] straddling threshold=0.65. Posterior mean=0.622, HDI [0.35, 0.88]. Module may be present but evidence is inconclusive. Note: 15 KO(s) flagged but within acceptable range."
M00174,"Methane oxidation, methanotroph, methane => formaldehyde",0.0,0.0,"K10944,K10945,K10946,K23995","R01146,R09518",0.003,2,0.0,0.0,0.0012,0.000373,0.65,0.0,0.0,0.0012,0.0012,-33.606,"K23995: outcompeted at locus; below KOfam threshold by 649.2 (score=187.4, threshold=836.6, ratio=0.22)",2,1,"Absent: confidence=0.000, posterior mean=0.001. Credible interval [0.00, 0.00] and HDI [0.00, 0.00] well below threshold=0.65. No meaningful genomic evidence. Note: 2 KO(s) flagged but within acceptable range."
M00175,"Nitrogen fixation, nitrogen => ammonia",0.002,0.002,"K02586,K02588,K02591",R05185,0.053,1,0.0,0.0,0.0049,0.002301,0.65,0.0,0.0076,0.0049,0.0049,-13.449,"K02588: outcompeted at locus; below KOfam threshold by 304.7 (score=62.6, threshold=367.3, ratio=0.17)",2,1,"Absent: confidence=0.002, posterior mean=0.005. Credible interval [0.00, 0.01] and HDI [0.00, 0.00] well below threshold=0.65. No meaningful genomic evidence. Note: 2 KO(s) flagged but within acceptable range."
M00176,"Assimilatory sulfate reduction, sulfate => H2S",0.946,0.946,"K00380,K00381,K00390,K00955,K00957","R00509,R00529,R00858,R02021",0.155,3,3.0,3.0,0.9231,0.016499,0.65,0.5277,1.0,0.9231,0.9231,2.126,K00380: outcompeted at locus | K00390: outcompeted at locus,2,0,"Likely present: confidence=0.946 and posterior mean=0.923 above threshold=0.65, but credible interval [0.53, 1.00] extends below threshold. HDI [0.92, 0.92], effect size=2.13. Note: 2 KO(s) flagged but within acceptable range."
M00307,"Pyruvate oxidation, pyruvate => acetyl-CoA",0.959,0.959,"K00163,K00382,K00627","R00014,R00209,R02569,R03270,R07618",0.574,1,1.0,1.0,0.9613,0.017722,0.65,0.4774,1.0,0.9613,0.9613,2.338,,0,0,"Likely present (prior-driven): confidence=0.959 but based on only 1 step(s) with wide credible interval [0.48, 1.00] (width=0.52). HDI [0.96, 0.96]. High confidence may be due to prior (frequency and/or genomic evidence) instead of influence."
M00308,"Semi-phosphorylative Entner-Doudoroff pathway, gluconate => glycerate-3P",0.662,0.662,"K00131,K00874,K01625,K05308","R01058,R01538,R01541,R05605",0.344,4,3.0,3.0,0.7132,0.037879,0.65,0.2728,0.9814,0.3433,0.999,0.325,"K00874: outcompeted at locus | K05308: outcompeted at locus; below KOfam threshold by 116.9 (score=298.7, threshold=415.6, ratio=0.72)",3,0,"Uncertain: confidence=0.662 with credible interval [0.27, 0.98] straddling threshold=0.65. Posterior mean=0.713, HDI [0.34, 1.00]. Module may be present but evidence is inconclusive. Note: 3 KO(s) flagged but within acceptable range."
M00309,,0.0,0.0,"K03738,K05308,K11395","R01538,R03033,R08570,R08571,R10616",0.001,3,0.0,0.0,0.001,0.000227,0.65,0.0,0.0001,0.001,0.001,-43.084,"K03738: outcompeted at locus; below KOfam threshold by 155.1 (score=153.5, threshold=308.6, ratio=0.50) | K05308: outcompeted at locus; below KOfam threshold by 116.9 (score=298.7, threshold=415.6, ratio=0.72) | K11395: outcompeted at locus; below KOfam threshold by 200.7 (score=118.9, threshold=319.6, ratio=0.37)",6,2,"Absent: confidence=0.000, posterior mean=0.001. Credible interval [0.00, 0.00] and HDI [0.00, 0.00] well below threshold=0.65. No meaningful genomic evidence. Note: 6 KO(s) flagged but within acceptable range."
M00338,"Cysteine biosynthesis, homocysteine + serine => cysteine",0.922,0.922,"K01697,K01758","R01001,R01290",0.064,2,2.0,2.0,0.9149,0.02434,0.65,0.416,1.0,0.9149,0.9149,1.698,,0,0,"Likely present (prior-driven): confidence=0.922 but based on only 2 step(s) with wide credible interval [0.42, 1.00] (width=0.58). HDI [0.91, 0.91]. High confidence may be due to prior (frequency and/or genomic evidence) instead of influence."
M00345,"Formaldehyde assimilation, ribulose monophosphate pathway",0.877,0.774,"K00850,K01624,K13831","R00756,R01068,R05338,R05339",0.047,3,2.58,2.8,0.8596,0.028069,0.65,0.3959,0.9999,0.8596,0.8596,1.251,"K00850: outcompeted at locus; below KOfam threshold by 327.0 (score=12.4, threshold=339.4, ratio=0.04) | K13831: below KOfam threshold by 124.0 (score=157.9, threshold=281.9, ratio=0.56)",3,1,"Uncertain: confidence=0.877 with credible interval [0.40, 1.00] straddling threshold=0.65. Posterior mean=0.860, HDI [0.86, 0.86]. Module may be present but evidence is inconclusive. Note: 3 KO(s) flagged but within acceptable range."
M00346,"Formaldehyde assimilation, serine pathway",0.376,0.205,"K00018,K00024,K00600,K00830,K01595,K01689,K08691,K08692,K11529,K14067","R00342,R00345,R00473,R00588,R00658,R00945,R01256,R01388,R08572",0.015,9,5.11,5.9,0.5939,0.022127,0.65,0.2922,0.8598,0.3073,0.8709,-0.377,"K00024: outcompeted at locus; below KOfam threshold by 333.6 (score=23.9, threshold=357.5, ratio=0.07) | K00830: outcompeted at locus; below KOfam threshold by 228.3 (score=184.1, threshold=412.4, ratio=0.45) | K08691: outcompeted at locus; below KOfam threshold by 228.6 (score=159.6, threshold=388.2, ratio=0.41) | K08692: outcompeted at locus; below KOfam threshold by 63.8 (score=407.0, threshold=470.8, ratio=0.86) | K14067: outcompeted at locus; below KOfam threshold by 75.5 (score=538.0, threshold=613.5, ratio=0.88)",10,3,"Uncertain: confidence=0.376 with credible interval [0.29, 0.86] straddling threshold=0.65. Posterior mean=0.594, HDI [0.31, 0.87]. Module may be present but evidence is inconclusive. Note: 10 KO(s) flagged but within acceptable range."
M00356,,0.0,0.0,"K00399,K00401,K00402,K03388,K03389,K03390,K04480,K14080,K14081","R04541,R09098,R11928,R11931,R11943,R11944",0.001,3,0.0,0.0,0.0006,0.00013,0.65,0.0,0.0,0.0006,0.0006,-56.851,"K03388: outcompeted at locus; below KOfam threshold by 537.7 (score=48.9, threshold=586.6, ratio=0.08) | K03389: outcompeted at locus; below KOfam threshold by 277.5 (score=43.2, threshold=320.7, ratio=0.13) | K03390: outcompeted at locus; below KOfam threshold by 47.1 (score=63.6, threshold=110.7, ratio=0.57) | K14080: outcompeted at locus; below KOfam threshold by 291.1 (score=93.7, threshold=384.8, ratio=0.24) | K14081: outcompeted at locus; below KOfam threshold by 162.2 (score=141.2, threshold=303.4, ratio=0.47)",10,4,"Absent: confidence=0.000, posterior mean=0.001. Credible interval [0.00, 0.00] and HDI [0.00, 0.00] well below threshold=0.65. No meaningful genomic evidence. Note: 10 KO(s) flagged but within acceptable range."
M00357,,0.009,0.009,"K00193,K00194,K00197,K00399,K00401,K00402,K00577,K00578,K00579,K00580,K00581,K00584,K01895,K03388,K03389,K03390","R00235,R04347,R04541,R09096,R11928,R11931,R11943,R11944",0.001,5,1.0,1.0,0.1822,0.022923,0.65,0.0057,0.56,0.001,0.4855,-3.09,"K00194: outcompeted at locus; below KOfam threshold by 260.0 (score=12.7, threshold=272.7, ratio=0.05) | K00197: outcompeted at locus; below KOfam threshold by 270.6 (score=22.2, threshold=292.8, ratio=0.08) | K00584: outcompeted at locus; below KOfam threshold by 285.3 (score=12.7, threshold=298.0, ratio=0.04) | K03388: outcompeted at locus; below KOfam threshold by 537.7 (score=48.9, threshold=586.6, ratio=0.08) | K03389: outcompeted at locus; below KOfam threshold by 277.5 (score=43.2, threshold=320.7, ratio=0.13) | K03390: outcompeted at locus; below KOfam threshold by 47.1 (score=63.6, threshold=110.7, ratio=0.57)",12,5,"Absent: confidence=0.009, posterior mean=0.182. Credible interval [0.01, 0.56] and HDI [0.00, 0.49] well below threshold=0.65. No meaningful genomic evidence. Note: 12 KO(s) flagged but within acceptable range."
M00358,Coenzyme M biosynthesis,0.001,0.001,"K05884,K05979,K06034,K08097,K13039","R05774,R05789,R07136,R07476",0.012,4,0.2,0.2,0.0474,0.008367,0.65,0.0,0.3334,0.0474,0.0474,-6.588,"K05884: outcompeted at locus; below KOfam threshold by 135.8 (score=269.2, threshold=405.0, ratio=0.66) | K05979: outcompeted at locus; below KOfam threshold by 46.8 (score=8.6, threshold=55.4, ratio=0.16) | K06034: outcompeted at locus; below KOfam threshold by 148.6 (score=23.0, threshold=171.6, ratio=0.13) | K13039: outcompeted at locus; below KOfam threshold by 167.5 (score=51.1, threshold=218.6, ratio=0.23)",8,3,"Absent: confidence=0.001, posterior mean=0.047. Credible interval [0.00, 0.33] and HDI [0.05, 0.05] well below threshold=0.65. No meaningful genomic evidence. Note: 8 KO(s) flagged but within acceptable range."
M00363,"EHEC pathogenicity signature, Shiga toxin",0.0,0.0,"K11006,K11007",,0.001,2,0.0,0.0,0.0001,3.1e-05,0.65,0.0,0.0,0.0001,0.0001,-116.636,,0,0,"Absent: confidence=0.000, posterior mean=0.000. Credible interval [0.00, 0.00] and HDI [0.00, 0.00] well below threshold=0.65. No meaningful genomic evidence."
M00364,"C10-C20 isoprenoid biosynthesis, bacteria",0.699,0.363,"K00795,K01823","R01123,R01658,R02003",0.17,2,1.1,1.6,0.7439,0.059539,0.65,0.1609,0.9992,0.7439,0.7439,0.385,"K01823: outcompeted at locus; below KOfam threshold by 2.9 (score=30.5, threshold=33.4, ratio=0.91)",2,0,"Uncertain: confidence=0.699 with credible interval [0.16, 1.00] straddling threshold=0.65. Posterior mean=0.744, HDI [0.74, 0.74]. Module may be present but evidence is inconclusive. Note: 2 KO(s) flagged but within acceptable range."
M00365,"C10-C20 isoprenoid biosynthesis, archaea",0.133,0.013,"K01823,K13787","R01123,R01658,R02003,R02061",0.063,2,0.15,0.7,0.3074,0.066534,0.65,0.0027,0.879,0.3074,0.3074,-1.328,"K01823: outcompeted at locus; below KOfam threshold by 2.9 (score=30.5, threshold=33.4, ratio=0.91) | K13787: outcompeted at locus; below KOfam threshold by 38.2 (score=263.7, threshold=301.9, ratio=0.87)",4,0,"Likely absent: confidence=0.133, posterior mean=0.307 below threshold=0.65. Credible interval [0.00, 0.88] mostly below threshold. Some genomic evidence exists but is insufficient. Note: 4 KO(s) flagged but within acceptable range."
M00373,Ethylmalonyl pathway,0.001,0.001,"K01847,K01965,K01966,K05606","R00833,R01859,R02765,R09979",0.023,1,0.0,0.0,0.0037,0.001747,0.65,0.0,0.0017,0.0037,0.0037,-15.463,"K01847: outcompeted at locus; below KOfam threshold by 653.4 (score=16.6, threshold=670.0, ratio=0.02) | K01965: outcompeted at locus; below KOfam threshold by 65.2 (score=812.0, threshold=877.2, ratio=0.93) | K01966: outcompeted at locus; below KOfam threshold by 523.0 (score=351.3, threshold=874.3, ratio=0.40) | K05606: outcompeted at locus; below KOfam threshold by 28.8 (score=43.7, threshold=72.5, ratio=0.60)",8,2,"Absent: confidence=0.001, posterior mean=0.004. Credible interval [0.00, 0.00] and HDI [0.00, 0.00] well below threshold=0.65. No meaningful genomic evidence. Note: 8 KO(s) flagged but within acceptable range."
M00374,,0.021,0.011,"K00024,K00169,K00170,K00171,K00172,K00239,K00240,K00626,K01007,K01595,K01677,K01678,K01902,K01903,K14465,K14467,K14534,K15016,K15017","R00199,R00238,R00342,R00345,R00405,R01082,R01196,R01975,R02164,R03026,R09279,R09280,R09281,R10782",0.001,13,5.07,5.5,0.3849,0.015474,0.65,0.1607,0.6396,0.1512,0.6266,-2.131,"K00024: outcompeted at locus; below KOfam threshold by 333.6 (score=23.9, threshold=357.5, ratio=0.07) | K00169: below KOfam threshold by 259.0 (score=40.6, threshold=299.6, ratio=0.14) | K00170: outcompeted at locus; below KOfam threshold by 294.7 (score=21.6, threshold=316.3, ratio=0.07) | K00171: outcompeted at locus; below KOfam threshold by 41.9 (score=56.5, threshold=98.4, ratio=0.57) | K00172: outcompeted at locus; below KOfam threshold by 114.5 (score=36.5, threshold=151.0, ratio=0.24) | K00239: outcompeted at locus | K00240: outcompeted at locus | K01677: outcompeted at locus; below KOfam threshold by 3.7 (score=301.5, threshold=305.2, ratio=0.99) | K01678: outcompeted at locus; below KOfam threshold by 4.6 (score=215.6, threshold=220.2, ratio=0.98) | K14465: outcompeted at locus; below KOfam threshold by 153.7 (score=301.9, threshold=455.6, ratio=0.66) | K14467: outcompeted at locus; below KOfam threshold by 441.5 (score=600.0, threshold=1041.5, ratio=0.58) | K14534: outcompeted at locus; below KOfam threshold by 403.5 (score=14.6, threshold=418.1, ratio=0.03) | K15016: outcompeted at locus; below KOfam threshold by -48.5 (score=491.5, threshold=443.0, ratio=1.11) | K15017: outcompeted at locus; below KOfam threshold by 665.3 (score=30.9, threshold=696.2, ratio=0.04)",25,6,"Absent: confidence=0.021, posterior mean=0.385. Credible interval [0.16, 0.64] and HDI [0.15, 0.63] well below threshold=0.65. No meaningful genomic evidence. Note: 25 KO(s) flagged but within acceptable range."
M00375,,0.0,0.0,"K00626,K01848,K01849,K01964,K05606,K14465,K14466,K14534,K15016,K15017,K15018,K15019,K15020,K15036,K15037,K15039","R00238,R00740,R00742,R00833,R00919,R01859,R01975,R02765,R03026,R03045,R09279,R09280,R09281,R09286,R09289,R10782",0.001,14,3.12,3.3,0.2165,0.010344,0.65,0.0565,0.4455,0.04,0.4144,-4.262,"K01849: outcompeted at locus; below KOfam threshold by 142.1 (score=35.3, threshold=177.4, ratio=0.20) | K01964: outcompeted at locus; below KOfam threshold by 453.0 (score=526.5, threshold=979.5, ratio=0.54) | K05606: outcompeted at locus; below KOfam threshold by 28.8 (score=43.7, threshold=72.5, ratio=0.60) | K14465: outcompeted at locus; below KOfam threshold by 153.7 (score=301.9, threshold=455.6, ratio=0.66) | K14466: outcompeted at locus; below KOfam threshold by 352.7 (score=510.4, threshold=863.1, ratio=0.59) | K14534: outcompeted at locus; below KOfam threshold by 403.5 (score=14.6, threshold=418.1, ratio=0.03) | K15016: outcompeted at locus; below KOfam threshold by -48.5 (score=491.5, threshold=443.0, ratio=1.11) | K15017: outcompeted at locus; below KOfam threshold by 665.3 (score=30.9, threshold=696.2, ratio=0.04) | K15018: below KOfam threshold by 746.3 (score=565.3, threshold=1311.6, ratio=0.43) | K15019: outcompeted at locus; below KOfam threshold by 52.2 (score=287.4, threshold=339.6, ratio=0.85) | K15036: outcompeted at locus; below KOfam threshold by 819.1 (score=260.6, threshold=1079.7, ratio=0.24) | K15037: outcompeted at locus; below KOfam threshold by 56.4 (score=76.6, threshold=133.0, ratio=0.58) | K15039: outcompeted at locus; below KOfam threshold by 434.4 (score=174.7, threshold=609.1, ratio=0.29)",25,6,"Absent: confidence=0.000, posterior mean=0.217. Credible interval [0.06, 0.45] and HDI [0.04, 0.41] well below threshold=0.65. No meaningful genomic evidence. Note: 25 KO(s) flagged but within acceptable range."
M00376,3-Hydroxypropionate bi-cycle,0.001,0.0,"K08691,K09709,K14449,K14470","R00237,R00473,R00934,R05076,R09282,R09283",0.001,1,0.0,0.0,0.0014,0.000653,0.65,0.0,0.0,0.0014,0.0014,-25.379,"K08691: outcompeted at locus; below KOfam threshold by 228.6 (score=159.6, threshold=388.2, ratio=0.41) | K09709: outcompeted at locus | K14449: outcompeted at locus; below KOfam threshold by 227.3 (score=34.3, threshold=261.6, ratio=0.13) | K14470: outcompeted at locus; below KOfam threshold by 293.5 (score=180.2, threshold=473.7, ratio=0.38)",7,3,"Absent: confidence=0.001, posterior mean=0.001. Credible interval [0.00, 0.00] and HDI [0.00, 0.00] well below threshold=0.65. No meaningful genomic evidence. Note: 7 KO(s) flagged but within acceptable range."
M00377,Reductive acetyl-CoA pathway (Wood-Ljungdahl pathway),0.02,0.016,"K00194,K00197,K00198,K00297,K01491,K01938,K05299,K14138,K15023","R00134,R00943,R01220,R01655,R02289,R07157,R07168,R08433,R10243",0.002,7,2.14,2.3,0.2944,0.023877,0.65,0.0533,0.6347,0.029,0.5896,-2.301,"K00194: outcompeted at locus; below KOfam threshold by 260.0 (score=12.7, threshold=272.7, ratio=0.05) | K00197: outcompeted at locus; below KOfam threshold by 270.6 (score=22.2, threshold=292.8, ratio=0.08) | K01938: outcompeted at locus; below KOfam threshold by 880.7 (score=15.9, threshold=896.6, ratio=0.02) | K05299: outcompeted at locus; below KOfam threshold by 612.6 (score=573.0, threshold=1185.6, ratio=0.48) | K15023: outcompeted at locus; below KOfam threshold by 47.1 (score=221.3, threshold=268.4, ratio=0.82)",10,4,"Absent: confidence=0.020, posterior mean=0.294. Credible interval [0.05, 0.63] and HDI [0.03, 0.59] well below threshold=0.65. No meaningful genomic evidence. Note: 10 KO(s) flagged but within acceptable range."
M00378,"F420 biosynthesis, archaea",0.013,0.003,K14941,R09397,0.004,1,0.01,0.0,0.0306,0.014138,0.65,0.0,0.4399,0.0306,0.0306,-5.209,"K14941: outcompeted at locus; below KOfam threshold by 53.9 (score=28.2, threshold=82.1, ratio=0.34)",2,1,"Absent: confidence=0.013, posterior mean=0.031. Credible interval [0.00, 0.44] and HDI [0.03, 0.03] well below threshold=0.65. No meaningful genomic evidence. Note: 2 KO(s) flagged but within acceptable range."
M00416,Cytochrome aa3-600 menaquinol oxidase,0.001,0.001,"K02826,K02827,K02828,K02829",,0.023,1,0.0,0.0,0.0021,0.000977,0.65,0.0,0.0,0.0021,0.0021,-20.734,"K02826: outcompeted at locus; below KOfam threshold by 85.8 (score=296.8, threshold=382.6, ratio=0.78) | K02827: outcompeted at locus; below KOfam threshold by 133.1 (score=874.5, threshold=1007.6, ratio=0.87) | K02828: outcompeted at locus; below KOfam threshold by 51.2 (score=229.5, threshold=280.7, ratio=0.82) | K02829: outcompeted at locus; below KOfam threshold by 29.6 (score=69.5, threshold=99.1, ratio=0.70)",8,0,"Absent: confidence=0.001, posterior mean=0.002. Credible interval [0.00, 0.00] and HDI [0.00, 0.00] well below threshold=0.65. No meaningful genomic evidence. Note: 8 KO(s) flagged but within acceptable range."
M00417,Cytochrome o ubiquinol oxidase,0.926,0.926,"K02297,K02298,K02299,K02300",,0.242,1,1.0,1.0,0.9311,0.03054,0.65,0.2961,1.0,0.9311,0.9311,1.609,,0,0,"Likely present (prior-driven): confidence=0.926 but based on only 1 step(s) with wide credible interval [0.30, 1.00] (width=0.70). HDI [0.93, 0.93]. High confidence may be due to prior (frequency and/or genomic evidence) instead of influence."
M00418,"Toluene degradation, anaerobic, toluene => benzoyl-CoA",0.0,0.0,"K07540,K07543,K07544,K07545,K07546,K07547,K07548,K07549,K07550","R05575,R05584,R05587,R05588,R05598,R05599",0.0,6,0.01,0.0,0.0014,0.000179,0.65,0.0,0.0057,0.0014,0.0014,-48.491,"K07543: outcompeted at locus; below KOfam threshold by 161.8 (score=203.6, threshold=365.4, ratio=0.56) | K07544: outcompeted at locus; below KOfam threshold by 132.7 (score=329.1, threshold=461.8, ratio=0.71) | K07545: outcompeted at locus; below KOfam threshold by 353.7 (score=261.7, threshold=615.4, ratio=0.43) | K07546: outcompeted at locus; below KOfam threshold by 52.3 (score=236.2, threshold=288.5, ratio=0.82) | K07547: outcompeted at locus; below KOfam threshold by 342.0 (score=128.2, threshold=470.2, ratio=0.27) | K07548: below KOfam threshold by 209.7 (score=219.0, threshold=428.7, ratio=0.51) | K07550: outcompeted at locus; below KOfam threshold by 408.0 (score=63.0, threshold=471.0, ratio=0.13)",13,3,"Absent: confidence=0.000, posterior mean=0.001. Credible interval [0.00, 0.01] and HDI [0.00, 0.00] well below threshold=0.65. No meaningful genomic evidence. Note: 13 KO(s) flagged but within acceptable range."
M00419,"Cymene degradation, p-cymene => p-cumate",0.0,0.0,"K10616,K10617,K10618,K18293","R05232,R05235,R05266",0.0,3,0.0,0.0,0.0001,3.2e-05,0.65,0.0,0.0,0.0001,0.0001,-114.222,"K10616: outcompeted at locus; below KOfam threshold by 450.7 (score=100.1, threshold=550.8, ratio=0.18) | K10617: outcompeted at locus; below KOfam threshold by 391.7 (score=141.3, threshold=533.0, ratio=0.27) | K10618: outcompeted at locus; below KOfam threshold by 186.1 (score=628.6, threshold=814.7, ratio=0.77) | K18293: outcompeted at locus; below KOfam threshold by 178.2 (score=226.0, threshold=404.2, ratio=0.56)",8,2,"Absent: confidence=0.000, posterior mean=0.000. Credible interval [0.00, 0.00] and HDI [0.00, 0.00] well below threshold=0.65. No meaningful genomic evidence. Note: 8 KO(s) flagged but within acceptable range."
M00422,"Acetyl-CoA pathway, CO2 => acetyl-CoA",0.0,0.0,"K00192,K00193,K00194,K00195,K00197","R07157,R09096,R10219",0.001,2,0.0,0.0,0.0001,2.8e-05,0.65,0.0,0.0,0.0001,0.0001,-121.932,"K00192: outcompeted at locus; below KOfam threshold by 674.8 (score=23.5, threshold=698.3, ratio=0.03) | K00194: outcompeted at locus; below KOfam threshold by 260.0 (score=12.7, threshold=272.7, ratio=0.05) | K00195: outcompeted at locus; below KOfam threshold by 82.8 (score=16.2, threshold=99.0, ratio=0.16) | K00197: outcompeted at locus; below KOfam threshold by 270.6 (score=22.2, threshold=292.8, ratio=0.08)",8,4,"Absent: confidence=0.000, posterior mean=0.000. Credible interval [0.00, 0.00] and HDI [0.00, 0.00] well below threshold=0.65. No meaningful genomic evidence. Note: 8 KO(s) flagged but within acceptable range."
M00432,"Leucine biosynthesis, 2-oxoisovalerate => 2-oxoisocaproate",0.987,0.987,"K00052,K01649,K01702","R01213,R03968,R04001,R04426",0.74,3,3.0,3.0,0.9764,0.005366,0.65,0.7457,1.0,0.9764,0.9764,4.455,"K01702: below KOfam threshold by 310.6 (score=787.2, threshold=1097.8, ratio=0.72)",1,0,"Present: confidence=0.987 with 95% credible interval [0.75, 1.00] and HDI [0.98, 0.98] entirely above threshold=0.65. Posterior mean=0.976, effect size=4.46. Note: 1 KO(s) flagged but within acceptable range."
M00433,"Lysine biosynthesis, 2-oxoglutarate => 2-oxoadipate",0.011,0.0,"K01655,K05824,K16792,K16793","R00271,R01934,R03444,R04371,R09720",0.001,3,0.0,0.4,0.1079,0.02238,0.65,0.0,0.5443,0.1079,0.1079,-3.624,"K01655: outcompeted at locus; below KOfam threshold by 326.9 (score=75.9, threshold=402.8, ratio=0.19) | K05824: outcompeted at locus; below KOfam threshold by 161.4 (score=264.8, threshold=426.2, ratio=0.62) | K16792: below KOfam threshold by 283.2 (score=331.1, threshold=614.3, ratio=0.54) | K16793: outcompeted at locus; below KOfam threshold by 144.2 (score=85.0, threshold=229.2, ratio=0.37)",7,2,"Absent: confidence=0.011, posterior mean=0.108. Credible interval [0.00, 0.54] and HDI [0.11, 0.11] well below threshold=0.65. No meaningful genomic evidence. Note: 7 KO(s) flagged but within acceptable range."
M00525,"Lysine biosynthesis, acetyl-DAP pathway, aspartate => lysine",0.466,0.456,"K00133,K00215,K00841,K00928,K01586,K01714,K01778,K05822,K05823","R00451,R00480,R02291,R02733,R02735,R04198,R04199,R04364,R04467,R10147",0.143,9,6.05,6.1,0.6277,0.021439,0.65,0.3244,0.8825,0.3453,0.8969,-0.152,"K00841: outcompeted at locus; below KOfam threshold by 144.5 (score=346.6, threshold=491.1, ratio=0.71) | K05822: outcompeted at locus; below KOfam threshold by 257.0 (score=83.3, threshold=340.3, ratio=0.24) | K05823: outcompeted at locus; below KOfam threshold by 81.9 (score=273.9, threshold=355.8, ratio=0.77)",6,1,"Uncertain: confidence=0.466 with credible interval [0.32, 0.88] straddling threshold=0.65. Posterior mean=0.628, HDI [0.35, 0.90]. Module may be present but evidence is inconclusive. Note: 6 KO(s) flagged but within acceptable range."
M00526,"Lysine biosynthesis, DAP dehydrogenase pathway, aspartate => lysine",0.901,0.901,"K00133,K00215,K00928,K01586,K01714,K03340","R00451,R00480,R02291,R02755,R04198,R04199,R10147",0.9,6,5.01,5.0,0.8409,0.017603,0.65,0.5063,0.9945,0.5746,0.999,1.439,"K03340: outcompeted at locus; below KOfam threshold by 175.6 (score=20.8, threshold=196.4, ratio=0.11)",2,1,"Likely present: confidence=0.901 and posterior mean=0.841 above threshold=0.65, but credible interval [0.51, 0.99] extends below threshold. HDI [0.57, 1.00], effect size=1.44. Note: 2 KO(s) flagged but within acceptable range."
M00527,"Lysine biosynthesis, DAP aminotransferase pathway, aspartate => lysine",0.924,0.924,"K00133,K00215,K00928,K01586,K01714,K01778,K10206","R00451,R00480,R02291,R02735,R04198,R04199,R07613,R10147",0.773,7,6.01,6.0,0.8504,0.014625,0.65,0.5463,0.9933,0.6096,0.999,1.657,"K10206: outcompeted at locus; below KOfam threshold by 45.6 (score=329.3, threshold=374.9, ratio=0.88)",2,0,"Likely present: confidence=0.924 and posterior mean=0.850 above threshold=0.65, but credible interval [0.55, 0.99] extends below threshold. HDI [0.61, 1.00], effect size=1.66. Note: 2 KO(s) flagged but within acceptable range."
M00528,"Nitrification, ammonia => nitrite",0.0,0.0,"K10535,K10945,K10946,K28504","R00148,R10164",0.003,2,0.0,0.0,0.0023,0.000703,0.65,0.0,0.002,0.0023,0.0023,-24.427,"K10535: outcompeted at locus; below KOfam threshold by 271.7 (score=16.9, threshold=288.6, ratio=0.06)",2,1,"Absent: confidence=0.000, posterior mean=0.002. Credible interval [0.00, 0.00] and HDI [0.00, 0.00] well below threshold=0.65. No meaningful genomic evidence. Note: 2 KO(s) flagged but within acceptable range."
M00529,"Denitrification, nitrate => nitrogen",0.193,0.032,"K00368,K00370,K00371,K00374,K00376,K02305,K04561","R00294,R00783,R00785,R00798,R02804",0.054,4,1.02,1.9,0.4447,0.04573,0.65,0.0764,0.8588,0.0601,0.8368,-0.96,"K00368: outcompeted at locus; below KOfam threshold by 110.0 (score=81.6, threshold=191.6, ratio=0.43) | K00370: outcompeted at locus; below KOfam threshold by 739.1 (score=80.8, threshold=819.9, ratio=0.10) | K00374: outcompeted at locus; below KOfam threshold by 123.7 (score=9.6, threshold=133.3, ratio=0.07) | K00376: outcompeted at locus; below KOfam threshold by 443.3 (score=21.8, threshold=465.1, ratio=0.05) | K02305: below KOfam threshold by 48.3 (score=42.0, threshold=90.3, ratio=0.47) | K04561: below KOfam threshold by 78.3 (score=57.5, threshold=135.8, ratio=0.42)",10,6,"Likely absent: confidence=0.193, posterior mean=0.445 below threshold=0.65. Credible interval [0.08, 0.86] mostly below threshold. Some genomic evidence exists but is insufficient. Note: 10 KO(s) flagged but within acceptable range."
M00530,"Dissimilatory nitrate reduction, nitrate => ammonia",0.358,0.31,"K00362,K00363,K00370,K00371,K00374","R00787,R00798,R09497",0.23,2,1.0,1.1,0.5123,0.078078,0.65,0.0355,0.9714,0.0601,0.992,-0.493,"K00370: outcompeted at locus; below KOfam threshold by 739.1 (score=80.8, threshold=819.9, ratio=0.10) | K00374: outcompeted at locus; below KOfam threshold by 123.7 (score=9.6, threshold=133.3, ratio=0.07)",4,2,"Uncertain: confidence=0.358 with credible interval [0.04, 0.97] straddling threshold=0.65. Posterior mean=0.512, HDI [0.06, 0.99]. Module may be present but evidence is inconclusive. Note: 4 KO(s) flagged but within acceptable range."
M00531,"Assimilatory nitrate reduction, nitrate => ammonia",0.306,0.278,"K00372,K26138,K26139","R00787,R00789,R00798",0.113,2,0.97,1.0,0.4723,0.077886,0.65,0.0248,0.9598,0.001,0.9259,-0.637,"K00372: below KOfam threshold by 145.8 (score=915.3, threshold=1061.1, ratio=0.86) | K26138: outcompeted at locus; below KOfam threshold by 23.6 (score=79.0, threshold=102.6, ratio=0.77) | K26139: outcompeted at locus; below KOfam threshold by 162.1 (score=641.9, threshold=804.0, ratio=0.80)",5,0,"Uncertain: confidence=0.306 with credible interval [0.02, 0.96] straddling threshold=0.65. Posterior mean=0.472, HDI [0.00, 0.93]. Module may be present but evidence is inconclusive. Note: 5 KO(s) flagged but within acceptable range."
M00533,"Homoprotocatechuate degradation, homoprotocatechuate => 2-oxohept-3-enedioate",0.953,0.953,"K00151,K00455,K01826,K05921","R03303,R04134,R04379,R04380,R04418",0.085,4,4.0,4.0,0.9169,0.014117,0.65,0.5676,1.0,0.9169,0.9169,2.246,,0,0,"Likely present: confidence=0.953 and posterior mean=0.917 above threshold=0.65, but credible interval [0.57, 1.00] extends below threshold. HDI [0.92, 0.92], effect size=2.25."
M00534,"Naphthalene degradation, naphthalene => salicylate",0.0,0.0,"K00152,K14578,K14579,K14580,K14581,K14582,K14583,K14584,K14585","R02941,R02968,R04115,R04117,R05136,R05137",0.0,6,0.04,0.0,0.0058,0.00076,0.65,0.0,0.0695,0.0058,0.0058,-23.365,"K00152: outcompeted at locus; below KOfam threshold by 540.7 (score=550.6, threshold=1091.3, ratio=0.50) | K14578: outcompeted at locus; below KOfam threshold by 20.4 (score=111.2, threshold=131.6, ratio=0.84) | K14579: outcompeted at locus; below KOfam threshold by 480.1 (score=186.0, threshold=666.1, ratio=0.28) | K14581: outcompeted at locus; below KOfam threshold by 162.7 (score=225.2, threshold=387.9, ratio=0.58) | K14582: outcompeted at locus; below KOfam threshold by 310.2 (score=123.0, threshold=433.2, ratio=0.28) | K14584: outcompeted at locus; below KOfam threshold by 121.9 (score=45.7, threshold=167.6, ratio=0.27) | K14585: outcompeted at locus; below KOfam threshold by 316.0 (score=89.9, threshold=405.9, ratio=0.22)",14,4,"Absent: confidence=0.000, posterior mean=0.006. Credible interval [0.00, 0.07] and HDI [0.01, 0.01] well below threshold=0.65. No meaningful genomic evidence. Note: 14 KO(s) flagged but within acceptable range."
M00535,"Isoleucine biosynthesis, pyruvate => 2-oxobutanoate",0.478,0.478,"K00052,K01703,K01704,K09011","R00994,R03896,R03898,R07399",0.038,3,2.0,2.0,0.6101,0.055321,0.65,0.1338,0.9699,0.1892,0.997,-0.17,"K01703: outcompeted at locus | K09011: outcompeted at locus; below KOfam threshold by 501.0 (score=117.3, threshold=618.3, ratio=0.19)",3,1,"Uncertain: confidence=0.478 with credible interval [0.13, 0.97] straddling threshold=0.65. Posterior mean=0.610, HDI [0.19, 1.00]. Module may be present but evidence is inconclusive. Note: 3 KO(s) flagged but within acceptable range."
M00537,"Xylene degradation, xylene => methylbenzoate",0.132,0.091,"K00055,K00141,K15757,K15758","R05282,R05288,R05289,R05347,R05348,R05442,R05443,R05663,R05664",0.0,3,1.01,1.2,0.3567,0.053366,0.65,0.0215,0.8426,0.001,0.7798,-1.269,"K00055: outcompeted at locus; below KOfam threshold by 67.2 (score=313.6, threshold=380.8, ratio=0.82) | K15757: outcompeted at locus; below KOfam threshold by 493.2 (score=80.7, threshold=573.9, ratio=0.14) | K15758: outcompeted at locus; below KOfam threshold by 299.9 (score=204.6, threshold=504.5, ratio=0.41)",6,2,"Likely absent: confidence=0.132, posterior mean=0.357 below threshold=0.65. Credible interval [0.02, 0.84] mostly below threshold. Some genomic evidence exists but is insufficient. Note: 6 KO(s) flagged but within acceptable range."
M00538,"Toluene degradation, toluene => benzoate",0.132,0.091,"K00055,K00141,K15760,K15761,K15763,K15764","R01419,R01763,R02550",0.0,3,1.01,1.2,0.3567,0.053366,0.65,0.0215,0.8426,0.001,0.7798,-1.269,"K00055: outcompeted at locus; below KOfam threshold by 67.2 (score=313.6, threshold=380.8, ratio=0.82)",2,0,"Likely absent: confidence=0.132, posterior mean=0.357 below threshold=0.65. Credible interval [0.02, 0.84] mostly below threshold. Some genomic evidence exists but is insufficient. Note: 2 KO(s) flagged but within acceptable range."
M00539,"Cumate degradation, p-cumate => 2-oxopent-4-enoate + 2-methylpropanoate",0.014,0.009,"K10619,K10620,K10621,K10622,K10623,K16303,K16304,K18227","R05240,R05247,R05248,R05364,R05377",0.001,5,1.01,1.2,0.2107,0.025584,0.65,0.0102,0.5975,0.001,0.5255,-2.747,"K10619: outcompeted at locus; below KOfam threshold by 168.6 (score=334.3, threshold=502.9, ratio=0.66) | K10620: below KOfam threshold by 121.2 (score=166.4, threshold=287.6, ratio=0.58) | K10621: outcompeted at locus; below KOfam threshold by 65.1 (score=139.1, threshold=204.2, ratio=0.68) | K10622: outcompeted at locus; below KOfam threshold by 137.0 (score=50.6, threshold=187.6, ratio=0.27) | K10623: outcompeted at locus; below KOfam threshold by 441.0 (score=71.2, threshold=512.2, ratio=0.14) | K16303: outcompeted at locus; below KOfam threshold by 64.9 (score=88.8, threshold=153.7, ratio=0.58) | K16304: outcompeted at locus; below KOfam threshold by 32.5 (score=94.1, threshold=126.6, ratio=0.74) | K18227: outcompeted at locus; below KOfam threshold by 161.5 (score=322.3, threshold=483.8, ratio=0.67)",15,2,"Absent: confidence=0.014, posterior mean=0.211. Credible interval [0.01, 0.60] and HDI [0.00, 0.53] well below threshold=0.65. No meaningful genomic evidence. Note: 15 KO(s) flagged but within acceptable range."
M00540,"Benzoate degradation, cyclohexanecarboxylic acid =>pimeloyl-CoA",0.0,0.0,"K04116,K04117,K07534,K07535,K07536","R05582,R05592,R05600,R05619,R05620",0.009,5,0.14,0.1,0.027,0.004035,0.65,0.0,0.2255,0.027,0.027,-9.809,"K04116: outcompeted at locus; below KOfam threshold by -250.8 (score=858.6, threshold=607.8, ratio=1.41) | K04117: outcompeted at locus; below KOfam threshold by 78.0 (score=348.7, threshold=426.7, ratio=0.82) | K07534: outcompeted at locus; below KOfam threshold by 100.4 (score=369.0, threshold=469.4, ratio=0.79) | K07535: outcompeted at locus; below KOfam threshold by 28.1 (score=280.0, threshold=308.1, ratio=0.91) | K07536: outcompeted at locus; below KOfam threshold by 198.9 (score=197.8, threshold=396.7, ratio=0.50)",10,1,"Absent: confidence=0.000, posterior mean=0.027. Credible interval [0.00, 0.23] and HDI [0.03, 0.03] well below threshold=0.65. No meaningful genomic evidence. Note: 10 KO(s) flagged but within acceptable range."
M00541,"Benzoyl-CoA degradation, benzoyl-CoA => 3-hydroxypimeloyl-CoA",0.0,0.0,"K07537,K07538,K07539,K19515,K19516","R05581,R05594,R05597,R10961",0.001,4,0.0,0.0,0.0001,2.1e-05,0.65,0.0,0.0,0.0001,0.0001,-140.578,"K07537: outcompeted at locus; below KOfam threshold by 105.1 (score=193.2, threshold=298.3, ratio=0.65) | K07538: outcompeted at locus; below KOfam threshold by 369.3 (score=133.0, threshold=502.3, ratio=0.26) | K07539: outcompeted at locus; below KOfam threshold by 541.2 (score=70.0, threshold=611.2, ratio=0.11) | K19516: outcompeted at locus; below KOfam threshold by 295.4 (score=14.4, threshold=309.8, ratio=0.05)",8,3,"Absent: confidence=0.000, posterior mean=0.000. Credible interval [0.00, 0.00] and HDI [0.00, 0.00] well below threshold=0.65. No meaningful genomic evidence. Note: 8 KO(s) flagged but within acceptable range."
M00542,"EHEC/EPEC pathogenicity signature, T3SS and effectors",0.0,0.0,"K03219,K03221,K03222,K03224,K03225,K03226,K03227,K03228,K03229,K03230,K12784,K12785,K12786,K12787,K12788,K16041,K16042",,0.0,8,0.0,0.1,0.0092,0.000927,0.65,0.0,0.0965,0.0092,0.0092,-21.043,"K03221: outcompeted at locus; below KOfam threshold by 27.0 (score=12.7, threshold=39.7, ratio=0.32) | K03224: outcompeted at locus; below KOfam threshold by 77.7 (score=544.0, threshold=621.7, ratio=0.88) | K03230: outcompeted at locus; below KOfam threshold by 103.3 (score=653.0, threshold=756.3, ratio=0.86)",6,1,"Absent: confidence=0.000, posterior mean=0.009. Credible interval [0.00, 0.10] and HDI [0.01, 0.01] well below threshold=0.65. No meaningful genomic evidence. Note: 6 KO(s) flagged but within acceptable range."
M00543,"Biphenyl degradation, biphenyl => 2-oxopent-4-enoate + benzoate",0.0,0.0,"K00462,K08689,K08690,K10222,K15750,K18087,K18088","R02606,R03462,R05239,R05241,R05245,R05261,R05262,R05263,R05264,R05359",0.001,4,0.0,0.0,0.0003,4.9e-05,0.65,0.0,0.0,0.0003,0.0003,-93.164,"K00462: outcompeted at locus; below KOfam threshold by 261.5 (score=83.6, threshold=345.1, ratio=0.24) | K08689: outcompeted at locus; below KOfam threshold by 719.6 (score=161.1, threshold=880.7, ratio=0.18) | K08690: outcompeted at locus; below KOfam threshold by 266.7 (score=147.0, threshold=413.7, ratio=0.36) | K10222: outcompeted at locus; below KOfam threshold by 392.8 (score=79.8, threshold=472.6, ratio=0.17) | K15750: outcompeted at locus; below KOfam threshold by 245.4 (score=35.8, threshold=281.2, ratio=0.13) | K18087: outcompeted at locus; below KOfam threshold by 63.6 (score=97.1, threshold=160.7, ratio=0.60) | K18088: outcompeted at locus; below KOfam threshold by 375.0 (score=254.5, threshold=629.5, ratio=0.40)",14,6,"Absent: confidence=0.000, posterior mean=0.000. Credible interval [0.00, 0.00] and HDI [0.00, 0.00] well below threshold=0.65. No meaningful genomic evidence. Note: 14 KO(s) flagged but within acceptable range."
M00544,"Carbazole degradation, carbazole => 2-oxopent-4-enoate + anthranilate",0.0,0.0,"K15751,K15754,K15755,K15756","R05365,R05414,R05415,R09512",0.0,3,0.0,0.0,0.0,8e-06,0.65,0.0,0.0,0.0,0.0,-236.904,"K15751: outcompeted at locus; below KOfam threshold by 368.4 (score=67.7, threshold=436.1, ratio=0.16) | K15755: outcompeted at locus; below KOfam threshold by 297.9 (score=33.8, threshold=331.7, ratio=0.10) | K15756: outcompeted at locus; below KOfam threshold by 274.1 (score=100.8, threshold=374.9, ratio=0.27)",6,3,"Absent: confidence=0.000, posterior mean=0.000. Credible interval [0.00, 0.00] and HDI [0.00, 0.00] well below threshold=0.65. No meaningful genomic evidence. Note: 6 KO(s) flagged but within acceptable range."
M00545,"Trans-cinnamate degradation, trans-cinnamate => acetyl-CoA",0.078,0.038,"K01666,K02554,K04073,K05712,K05713,K05714","R00228,R00750,R02601,R06787,R06788,R06789",0.055,6,2.06,2.5,0.3802,0.031005,0.65,0.0837,0.7443,0.0631,0.7137,-1.532,"K01666: outcompeted at locus; below KOfam threshold by 68.1 (score=81.6, threshold=149.7, ratio=0.54) | K02554: outcompeted at locus; below KOfam threshold by 20.6 (score=262.2, threshold=282.8, ratio=0.93) | K04073: outcompeted at locus; below KOfam threshold by 444.9 (score=11.9, threshold=456.8, ratio=0.03) | K05713: outcompeted at locus; below KOfam threshold by 141.5 (score=35.1, threshold=176.6, ratio=0.20) | K05714: below KOfam threshold by 93.5 (score=188.6, threshold=282.1, ratio=0.67)",9,2,"Likely absent: confidence=0.078, posterior mean=0.380 below threshold=0.65. Credible interval [0.08, 0.74] mostly below threshold. Some genomic evidence exists but is insufficient. Note: 9 KO(s) flagged but within acceptable range."
M00546,"Purine degradation, xanthine => urea",0.938,0.737,"K01477,K07127,K13481,K13482,K13485,K16842,K22879","R02103,R02107,R02422,R02425,R06601,R06604,R09514",0.101,5,4.06,4.8,0.8865,0.015474,0.65,0.5473,0.9995,0.8865,0.8865,1.902,"K13485: below KOfam threshold by 1.7 (score=204.0, threshold=205.7, ratio=0.99) | K22879: outcompeted at locus; below KOfam threshold by 126.6 (score=67.7, threshold=194.3, ratio=0.35)",3,1,"Likely present: confidence=0.938 and posterior mean=0.887 above threshold=0.65, but credible interval [0.55, 1.00] extends below threshold. HDI [0.89, 0.89], effect size=1.90. Note: 3 KO(s) flagged but within acceptable range."
M00547,"Benzene/toluene degradation, benzene => catechol / toluene => 3-methylcatechol",0.0,0.0,"K03268,K16268,K16269,K18089,K18090","R00812,R03543,R03559,R04088",0.001,2,0.0,0.0,0.0001,2.8e-05,0.65,0.0,0.0,0.0001,0.0001,-121.877,"K03268: outcompeted at locus; below KOfam threshold by 926.6 (score=128.6, threshold=1055.2, ratio=0.12) | K16268: outcompeted at locus; below KOfam threshold (no score available) | K16269: outcompeted at locus; below KOfam threshold by 498.5 (score=100.2, threshold=598.7, ratio=0.17) | K18089: outcompeted at locus; below KOfam threshold by 182.9 (score=58.2, threshold=241.1, ratio=0.24) | K18090: outcompeted at locus; below KOfam threshold by 676.9 (score=210.5, threshold=887.4, ratio=0.24)",10,5,"Absent: confidence=0.000, posterior mean=0.000. Credible interval [0.00, 0.00] and HDI [0.00, 0.00] well below threshold=0.65. No meaningful genomic evidence. Note: 10 KO(s) flagged but within acceptable range."
M00548,"Benzene degradation, benzene => catechol",0.001,0.001,"K16242,K16243,K16244,K16245,K16246,K16249","R10042,R10043",0.021,1,0.0,0.0,0.0019,0.000913,0.65,0.0,0.0,0.0019,0.0019,-21.451,"K16245: outcompeted at locus; below KOfam threshold by 88.6 (score=13.9, threshold=102.5, ratio=0.14) | K16246: outcompeted at locus; below KOfam threshold by 143.2 (score=258.3, threshold=401.5, ratio=0.64)",4,1,"Absent: confidence=0.001, posterior mean=0.002. Credible interval [0.00, 0.00] and HDI [0.00, 0.00] well below threshold=0.65. No meaningful genomic evidence. Note: 4 KO(s) flagged but within acceptable range."
M00549,"UDP-Glc biosynthesis, Glc => UDP-Glc",0.969,0.969,"K00845,K00963,K15778","R00289,R00959,R01786",0.459,3,3.0,3.0,0.9508,0.010884,0.65,0.6152,1.0,0.9508,0.9508,2.883,,0,0,"Likely present: confidence=0.969 and posterior mean=0.951 above threshold=0.65, but credible interval [0.62, 1.00] extends below threshold. HDI [0.95, 0.95], effect size=2.88."
M00550,"Ascorbate degradation, ascorbate => D-xylulose-5P",0.001,0.001,"K02821,K02822,K03077,K03078,K03079,K03475,K03476","R03244,R05850,R07125,R07671,R07677",0.103,5,0.3,0.4,0.0813,0.011493,0.65,0.0,0.3893,0.0813,0.0813,-5.305,"K02821: outcompeted at locus; below KOfam threshold by 60.4 (score=62.1, threshold=122.5, ratio=0.51) | K02822: outcompeted at locus; below KOfam threshold by 41.3 (score=24.0, threshold=65.3, ratio=0.37) | K03077: outcompeted at locus; below KOfam threshold by 124.5 (score=112.4, threshold=236.9, ratio=0.47) | K03078: outcompeted at locus; below KOfam threshold by 177.6 (score=17.4, threshold=195.0, ratio=0.09) | K03079: outcompeted at locus; below KOfam threshold by 46.9 (score=118.7, threshold=165.6, ratio=0.72) | K03476: outcompeted at locus; below KOfam threshold by 367.9 (score=26.6, threshold=394.5, ratio=0.07)",12,4,"Absent: confidence=0.001, posterior mean=0.081. Credible interval [0.00, 0.39] and HDI [0.08, 0.08] well below threshold=0.65. No meaningful genomic evidence. Note: 12 KO(s) flagged but within acceptable range."
M00551,"Benzoate degradation, benzoate => catechol / methylbenzoate => methylcatechol",0.002,0.001,"K05549,K05550,K05783,K05784","R00813,R05290,R05292,R05309,R05314,R05428,R05621,R05665",0.05,2,0.01,0.0,0.0114,0.003534,0.65,0.0,0.1444,0.0114,0.0114,-10.742,"K05549: outcompeted at locus; below KOfam threshold by 26.3 (score=550.6, threshold=576.9, ratio=0.95) | K05550: outcompeted at locus; below KOfam threshold by 16.2 (score=184.3, threshold=200.5, ratio=0.92) | K05783: outcompeted at locus; below KOfam threshold by 255.3 (score=156.0, threshold=411.3, ratio=0.38) | K05784: outcompeted at locus; below KOfam threshold by 76.0 (score=383.4, threshold=459.4, ratio=0.83)",8,1,"Absent: confidence=0.002, posterior mean=0.011. Credible interval [0.00, 0.14] and HDI [0.01, 0.01] well below threshold=0.65. No meaningful genomic evidence. Note: 8 KO(s) flagged but within acceptable range."
M00552,"D-galactonate degradation, De Ley-Doudoroff pathway, D-galactonate => glycerate-3P",0.968,0.968,"K00134,K00883,K00927,K01631,K01684","R01061,R01064,R01512,R03033,R03387",0.171,5,5.0,5.0,0.9246,0.010724,0.65,0.624,1.0,0.9246,0.9246,2.652,,0,0,"Likely present: confidence=0.968 and posterior mean=0.925 above threshold=0.65, but credible interval [0.62, 1.00] extends below threshold. HDI [0.92, 0.92], effect size=2.65."
M00554,"UDP-Gal biosynthesis, Gal => UDP-Gal",0.375,0.042,"K00849,K00965","R00955,R01092",0.295,2,0.29,1.1,0.5252,0.077927,0.65,0.0394,0.9746,0.0731,0.999,-0.447,"K00849: outcompeted at locus; below KOfam threshold by 354.5 (score=12.4, threshold=366.9, ratio=0.03) | K00965: outcompeted at locus; below KOfam threshold by 215.4 (score=20.1, threshold=235.5, ratio=0.09)",4,2,"Uncertain: confidence=0.375 with credible interval [0.04, 0.97] straddling threshold=0.65. Posterior mean=0.525, HDI [0.07, 1.00]. Module may be present but evidence is inconclusive. Note: 4 KO(s) flagged but within acceptable range."
M00555,"Betaine biosynthesis, choline => betaine",0.92,0.92,"K00108,K00130","R01025,R08557,R08558",0.185,1,1.0,1.0,0.9259,0.032672,0.65,0.276,1.0,0.9259,0.9259,1.526,,0,0,"Likely present (prior-driven): confidence=0.920 but based on only 1 step(s) with wide credible interval [0.28, 1.00] (width=0.72). HDI [0.93, 0.93]. High confidence may be due to prior (frequency and/or genomic evidence) instead of influence."
M00563,,0.0,0.0,"K00399,K00401,K00402,K03388,K03389,K03390,K14082,K16179","R04541,R09998,R09999,R11928,R11931,R11943,R11944",0.001,4,0.0,0.0,0.0098,0.001803,0.65,0.0,0.1194,0.0098,0.0098,-15.075,"K03388: outcompeted at locus; below KOfam threshold by 537.7 (score=48.9, threshold=586.6, ratio=0.08) | K03389: outcompeted at locus; below KOfam threshold by 277.5 (score=43.2, threshold=320.7, ratio=0.13) | K03390: outcompeted at locus; below KOfam threshold by 47.1 (score=63.6, threshold=110.7, ratio=0.57) | K14082: outcompeted at locus; below KOfam threshold by 402.8 (score=78.4, threshold=481.2, ratio=0.16) | K16179: outcompeted at locus; below KOfam threshold by 121.8 (score=154.1, threshold=275.9, ratio=0.56)",10,3,"Absent: confidence=0.000, posterior mean=0.010. Credible interval [0.00, 0.12] and HDI [0.01, 0.01] well below threshold=0.65. No meaningful genomic evidence. Note: 10 KO(s) flagged but within acceptable range."
M00564,"Helicobacter pylori pathogenicity signature, cagA pathogenicity island",0.0,0.0,"K03196,K12086,K12088,K12089,K12090,K12091,K12093,K12094,K12095,K12096,K12097,K12098,K12101,K12102,K12103,K12104,K12105,K12106,K12107,K12108,K12109,K12110,K15842",,0.001,23,1.01,1.9,0.0752,0.002645,0.65,0.0089,0.2028,0.002,0.1752,-11.176,"K03196: outcompeted at locus; below KOfam threshold by 24.6 (score=282.4, threshold=307.0, ratio=0.92) | K12095: below KOfam threshold by 560.8 (score=12.3, threshold=573.1, ratio=0.02)",3,1,"Absent: confidence=0.000, posterior mean=0.075. Credible interval [0.01, 0.20] and HDI [0.00, 0.18] well below threshold=0.65. No meaningful genomic evidence. Note: 3 KO(s) flagged but within acceptable range."
M00565,"Trehalose biosynthesis, D-glucose 1P => trehalose",0.951,0.859,"K00700,K00703,K00975,K01214,K01236,K06044","R00948,R01824,R02110,R02421,R11256,R11261",0.216,6,5.22,5.7,0.889,0.01298,0.65,0.5832,0.999,0.889,0.889,2.098,"K00975: outcompeted at locus; below KOfam threshold by 161.4 (score=36.2, threshold=197.6, ratio=0.18)",2,1,"Likely present: confidence=0.951 and posterior mean=0.889 above threshold=0.65, but credible interval [0.58, 1.00] extends below threshold. HDI [0.89, 0.89], effect size=2.10. Note: 2 KO(s) flagged but within acceptable range."
M00567,,0.0,0.0,"K00200,K00201,K00202,K00203,K00204,K00320,K00399,K00401,K00402,K00577,K00578,K00579,K00580,K00581,K00584,K00672,K01499,K03388,K03389,K03390,K13942","R03015,R03390,R03464,R04347,R04455,R04464,R04541,R11928,R11931,R11943,R11944",0.001,8,1.0,1.0,0.1141,0.010311,0.65,0.0033,0.3775,0.001,0.3193,-5.278,"K00200: outcompeted at locus; below KOfam threshold by 373.9 (score=36.1, threshold=410.0, ratio=0.09) | K00201: outcompeted at locus; below KOfam threshold by 111.6 (score=64.4, threshold=176.0, ratio=0.37) | K00202: outcompeted at locus; below KOfam threshold by 115.9 (score=68.6, threshold=184.5, ratio=0.37) | K00203: outcompeted at locus; below KOfam threshold by 98.5 (score=23.5, threshold=122.0, ratio=0.19) | K00204: outcompeted at locus; below KOfam threshold by 140.3 (score=31.3, threshold=171.6, ratio=0.18) | K00320: below KOfam threshold by 94.7 (score=123.4, threshold=218.1, ratio=0.57) | K00584: outcompeted at locus; below KOfam threshold by 285.3 (score=12.7, threshold=298.0, ratio=0.04) | K03388: outcompeted at locus; below KOfam threshold by 537.7 (score=48.9, threshold=586.6, ratio=0.08) | K03389: outcompeted at locus; below KOfam threshold by 277.5 (score=43.2, threshold=320.7, ratio=0.13) | K03390: outcompeted at locus; below KOfam threshold by 47.1 (score=63.6, threshold=110.7, ratio=0.57) | K13942: outcompeted at locus; below KOfam threshold by 560.8 (score=14.2, threshold=575.0, ratio=0.02)",21,9,"Absent: confidence=0.000, posterior mean=0.114. Credible interval [0.00, 0.38] and HDI [0.00, 0.32] well below threshold=0.65. No meaningful genomic evidence. Note: 21 KO(s) flagged but within acceptable range."
M00568,"Catechol ortho-cleavage, catechol => 3-oxoadipate",0.954,0.954,"K01055,K01856,K03381,K03464","R00817,R02991,R06989,R06990",0.107,4,4.0,4.0,0.9188,0.013814,0.65,0.5721,1.0,0.9188,0.9188,2.287,,0,0,"Likely present: confidence=0.954 and posterior mean=0.919 above threshold=0.65, but credible interval [0.57, 1.00] extends below threshold. HDI [0.92, 0.92], effect size=2.29."
M00569,"Catechol meta-cleavage, catechol => acetyl-CoA / 4-methylcatechol => propanoyl-CoA",0.04,0.012,"K01617,K01821,K02554,K04073,K07104,K10217,K18365","R00228,R00750,R00816,R02601,R02602,R02762,R03966,R05295,R05298,R05353,R05374,R05389",0.046,5,1.08,1.6,0.2933,0.031892,0.65,0.0316,0.6919,0.006,0.6296,-1.997,"K01617: outcompeted at locus; below KOfam threshold by 52.0 (score=240.2, threshold=292.2, ratio=0.82) | K01821: below KOfam threshold by 15.0 (score=16.8, threshold=31.8, ratio=0.53) | K02554: outcompeted at locus; below KOfam threshold by 20.6 (score=262.2, threshold=282.8, ratio=0.93) | K04073: outcompeted at locus; below KOfam threshold by 444.9 (score=11.9, threshold=456.8, ratio=0.03) | K07104: below KOfam threshold by 12.8 (score=75.4, threshold=88.2, ratio=0.86) | K10217: outcompeted at locus; below KOfam threshold by 73.1 (score=611.2, threshold=684.3, ratio=0.89) | K18365: outcompeted at locus; below KOfam threshold by 488.3 (score=64.5, threshold=552.8, ratio=0.12)",12,2,"Absent: confidence=0.040, posterior mean=0.293. Credible interval [0.03, 0.69] and HDI [0.01, 0.63] well below threshold=0.65. No meaningful genomic evidence. Note: 12 KO(s) flagged but within acceptable range."
M00570,"Isoleucine biosynthesis, threonine => 2-oxobutanoate => isoleucine",0.997,0.997,"K00053,K00826,K01652,K01653,K01687,K01754","R00996,R02199,R05068,R05069,R05070,R08648",0.852,5,5.0,5.0,0.9866,0.00204,0.65,0.854,1.0,0.9866,0.9866,7.451,,0,0,"Present: confidence=0.997 with 95% credible interval [0.85, 1.00] and HDI [0.99, 0.99] entirely above threshold=0.65. Posterior mean=0.987, effect size=7.45."
M00572,"Pimeloyl-ACP biosynthesis, BioC-BioH pathway, malonyl-ACP => pimeloyl-ACP",0.946,0.866,"K00059,K00208,K02169,K02170,K02372,K09458","R09543,R09725,R10115,R10116,R10117,R10118,R10119,R10120,R10121,R10122",0.321,6,5.19,5.6,0.8826,0.01363,0.65,0.5721,0.9986,0.8826,0.8826,1.993,"K00208: outcompeted at locus; below KOfam threshold by 149.5 (score=126.5, threshold=276.0, ratio=0.46)",2,1,"Likely present: confidence=0.946 and posterior mean=0.883 above threshold=0.65, but credible interval [0.57, 1.00] extends below threshold. HDI [0.88, 0.88], effect size=1.99. Note: 2 KO(s) flagged but within acceptable range."
M00573,"Biotin biosynthesis, BioI pathway, long-chain-acyl-ACP => pimeloyl-ACP => biotin",0.697,0.697,"K00652,K01012,K01935,K16593,K19563","R01078,R03182,R10123,R10124,R10699",0.002,5,4.0,4.0,0.727,0.030534,0.65,0.3296,0.9748,0.3954,0.997,0.441,"K16593: below KOfam threshold by 342.5 (score=142.9, threshold=485.4, ratio=0.29) | K19563: outcompeted at locus; below KOfam threshold by 285.3 (score=501.7, threshold=787.0, ratio=0.64)",3,1,"Uncertain: confidence=0.697 with credible interval [0.33, 0.97] straddling threshold=0.65. Posterior mean=0.727, HDI [0.40, 1.00]. Module may be present but evidence is inconclusive. Note: 3 KO(s) flagged but within acceptable range."
M00574,"Pertussis pathogenicity signature, pertussis toxin",0.283,0.206,"K11023,K11025,K11026,K11027",,0.0,4,2.0,2.2,0.5075,0.046286,0.65,0.1107,0.8981,0.1141,0.8999,-0.662,"K11023: below KOfam threshold by 98.3 (score=29.3, threshold=127.6, ratio=0.23) | K11026: below KOfam threshold by 203.9 (score=13.6, threshold=217.5, ratio=0.06)",2,2,"Likely absent: confidence=0.283, posterior mean=0.508 below threshold=0.65. Credible interval [0.11, 0.90] mostly below threshold. Some genomic evidence exists but is insufficient. Note: 2 KO(s) flagged but within acceptable range."
M00575,"Pertussis pathogenicity signature, T1SS",0.148,0.086,"K07389,K11003,K11004,K12340,K22944",,0.007,5,2.02,2.4,0.4303,0.037714,0.65,0.0928,0.8148,0.0771,0.7938,-1.131,"K11003: below KOfam threshold by 82.3 (score=277.0, threshold=359.3, ratio=0.77) | K11004: outcompeted at locus; below KOfam threshold by 460.1 (score=475.5, threshold=935.6, ratio=0.51) | K22944: outcompeted at locus; below KOfam threshold by 3910.6 (score=53.1, threshold=3963.7, ratio=0.01)",5,1,"Likely absent: confidence=0.148, posterior mean=0.430 below threshold=0.65. Credible interval [0.09, 0.81] mostly below threshold. Some genomic evidence exists but is insufficient. Note: 5 KO(s) flagged but within acceptable range."
M00576,"ETEC pathogenicity signature, heat-labile and heat-stable enterotoxins",0.284,0.284,"K10928,K10929,K16883",,0.001,2,1.0,1.0,0.4546,0.077482,0.65,0.0209,0.9538,0.001,0.9169,-0.702,K16883: below KOfam threshold (no score available),1,1,"Likely absent: confidence=0.284, posterior mean=0.455 below threshold=0.65. Credible interval [0.02, 0.95] mostly below threshold. Some genomic evidence exists but is insufficient. Note: 1 KO(s) flagged but within acceptable range."
M00577,"Biotin biosynthesis, BioW pathway, pimelate => pimeloyl-CoA => biotin",0.743,0.743,"K00652,K00833,K01012,K01906,K01935","R01078,R03182,R03209,R03210,R03231",0.259,5,4.0,4.0,0.7509,0.028773,0.65,0.3563,0.9814,0.4254,0.999,0.595,,0,0,"Uncertain: confidence=0.743 with credible interval [0.36, 0.98] straddling threshold=0.65. Posterior mean=0.751, HDI [0.43, 1.00]. Module may be present but evidence is inconclusive."
M00579,"Phosphate acetyltransferase-acetate kinase pathway, acetyl-CoA => acetate",0.714,0.668,"K00925,K13788","R00230,R00315",0.71,2,1.45,1.5,0.7544,0.057906,0.65,0.1702,0.9994,0.7544,0.7544,0.434,,0,0,"Uncertain: confidence=0.714 with credible interval [0.17, 1.00] straddling threshold=0.65. Posterior mean=0.754, HDI [0.75, 0.75]. Module may be present but evidence is inconclusive."
M00580,"Pentose phosphate pathway, archaea, fructose 6P => ribose 5P",0.921,0.921,"K01807,K13831","R01056,R05338,R05339",0.046,2,2.0,2.0,0.9133,0.024755,0.65,0.4117,1.0,0.9133,0.9133,1.673,"K13831: below KOfam threshold by 124.0 (score=157.9, threshold=281.9, ratio=0.56)",1,0,"Likely present (prior-driven): confidence=0.921 but based on only 2 step(s) with wide credible interval [0.41, 1.00] (width=0.59). HDI [0.91, 0.91]. High confidence may be due to prior (frequency and/or genomic evidence) instead of influence. Note: 1 KO(s) flagged but within acceptable range."
M00595,"Sulfur oxidation, SOX system, thiosulfate => sulfate",0.002,0.002,"K17222,K17223,K17224,K17226,K17227",,0.043,1,0.0,0.0,0.0039,0.001839,0.65,0.0,0.0023,0.0039,0.0039,-15.066,"K17222: outcompeted at locus; below KOfam threshold by 121.7 (score=51.4, threshold=173.1, ratio=0.30) | K17223: outcompeted at locus; below KOfam threshold by 24.4 (score=52.9, threshold=77.3, ratio=0.68)",4,1,"Absent: confidence=0.002, posterior mean=0.004. Credible interval [0.00, 0.00] and HDI [0.00, 0.00] well below threshold=0.65. No meaningful genomic evidence. Note: 4 KO(s) flagged but within acceptable range."
M00596,"Dissimilatory sulfate reduction, sulfate => H2S",0.001,0.0,"K00394,K00395,K00958,K11180,K11181,K27187,K27188,K27189,K27190,K27191","R00529,R00861,R08553,R13227",0.013,4,0.01,0.1,0.031,0.005555,0.65,0.0,0.2673,0.031,0.031,-8.306,"K00394: outcompeted at locus; below KOfam threshold by 360.6 (score=81.0, threshold=441.6, ratio=0.18) | K00395: outcompeted at locus; below KOfam threshold by 41.0 (score=36.7, threshold=77.7, ratio=0.47) | K00958: outcompeted at locus; below KOfam threshold by 172.7 (score=91.7, threshold=264.4, ratio=0.35) | K11180: outcompeted at locus; below KOfam threshold by 303.9 (score=38.4, threshold=342.3, ratio=0.11) | K11181: outcompeted at locus; below KOfam threshold by 294.3 (score=62.3, threshold=356.6, ratio=0.17)",10,5,"Absent: confidence=0.001, posterior mean=0.031. Credible interval [0.00, 0.27] and HDI [0.03, 0.03] well below threshold=0.65. No meaningful genomic evidence. Note: 10 KO(s) flagged but within acceptable range."
M00597,Anoxygenic photosystem II,0.001,0.001,"K08928,K08929",,0.016,1,0.0,0.0,0.0014,0.000681,0.65,0.0,0.0,0.0014,0.0014,-24.86,,0,0,"Absent: confidence=0.001, posterior mean=0.001. Credible interval [0.00, 0.00] and HDI [0.00, 0.00] well below threshold=0.65. No meaningful genomic evidence."
M00598,Anoxygenic photosystem I,0.0,0.0,"K08940,K08941,K08942,K08943",,0.0,1,0.0,0.0,0.0,6e-06,0.65,0.0,0.0,0.0,0.0,-269.319,"K08941: below KOfam threshold by 177.7 (score=17.2, threshold=194.9, ratio=0.09) | K08942: below KOfam threshold by 189.6 (score=35.5, threshold=225.1, ratio=0.16)",2,2,"Absent: confidence=0.000, posterior mean=0.000. Credible interval [0.00, 0.00] and HDI [0.00, 0.00] well below threshold=0.65. No meaningful genomic evidence. Note: 2 KO(s) flagged but within acceptable range."
M00608,,0.011,0.0,"K10977,K10978,K16792,K16793","R00271,R01934,R03444,R04371,R08214,R08215,R08331,R08332,R09720,R10391,R10392,R10393,R10394,R10395,R10396",0.001,3,0.0,0.4,0.1079,0.022384,0.65,0.0,0.5444,0.1079,0.1079,-3.623,"K10977: outcompeted at locus; below KOfam threshold by 457.7 (score=98.0, threshold=555.7, ratio=0.18) | K10978: outcompeted at locus; below KOfam threshold by 181.2 (score=295.4, threshold=476.6, ratio=0.62) | K16792: below KOfam threshold by 283.2 (score=331.1, threshold=614.3, ratio=0.54) | K16793: outcompeted at locus; below KOfam threshold by 144.2 (score=85.0, threshold=229.2, ratio=0.37)",7,2,"Absent: confidence=0.011, posterior mean=0.108. Credible interval [0.00, 0.54] and HDI [0.11, 0.11] well below threshold=0.65. No meaningful genomic evidence. Note: 7 KO(s) flagged but within acceptable range."
M00609,"Cysteine biosynthesis, methionine => cysteine",0.039,0.016,"K00789,K01243,K07173,K17216,K17217,K17462","R00177,R00194,R01001,R01291,R10305,R10404",0.021,6,1.66,2.1,0.3195,0.028609,0.65,0.0537,0.6865,0.028,0.6396,-1.954,"K01243: outcompeted at locus; below KOfam threshold by 45.7 (score=60.1, threshold=105.8, ratio=0.57) | K17216: outcompeted at locus; below KOfam threshold by 163.1 (score=291.4, threshold=454.5, ratio=0.64) | K17217: outcompeted at locus; below KOfam threshold by 80.8 (score=518.5, threshold=599.3, ratio=0.87) | K17462: outcompeted at locus; below KOfam threshold by 50.5 (score=64.4, threshold=114.9, ratio=0.56)",8,0,"Absent: confidence=0.039, posterior mean=0.320. Credible interval [0.05, 0.69] and HDI [0.03, 0.64] well below threshold=0.65. No meaningful genomic evidence. Note: 8 KO(s) flagged but within acceptable range."
M00611,Oxygenic photosynthesis in plants and cyanobacteria,0.008,0.007,"K00134,K00615,K00855,K00927,K01086,K01601,K01624,K01783,K01803,K01807,K02703,K02704,K02705,K02706,K02707,K02708",,0.5,2,0.0,0.0,0.0499,0.014821,0.65,0.0,0.4601,0.0499,0.0499,-4.929,"K00855: outcompeted at locus; below KOfam threshold by 159.5 (score=18.2, threshold=177.7, ratio=0.10) | K01086: below KOfam threshold by 52.1 (score=535.2, threshold=587.3, ratio=0.91) | K01601: outcompeted at locus; below KOfam threshold by 318.3 (score=11.5, threshold=329.8, ratio=0.03) | K02704: below KOfam threshold by 315.6 (score=11.4, threshold=327.0, ratio=0.03) | K02707: outcompeted at locus; below KOfam threshold by 85.2 (score=15.5, threshold=100.7, ratio=0.15)",8,4,"Absent: confidence=0.008, posterior mean=0.050. Credible interval [0.00, 0.46] and HDI [0.05, 0.05] well below threshold=0.65. No meaningful genomic evidence. Note: 8 KO(s) flagged but within acceptable range."
M00612,Anoxygenic photosynthesis in purple bacteria,0.008,0.007,"K00134,K00615,K00855,K00927,K01086,K01601,K01624,K01783,K01803,K01807,K08928,K08929",,0.5,2,0.0,0.0,0.0499,0.014821,0.65,0.0,0.4601,0.0499,0.0499,-4.929,"K00855: outcompeted at locus; below KOfam threshold by 159.5 (score=18.2, threshold=177.7, ratio=0.10) | K01086: below KOfam threshold by 52.1 (score=535.2, threshold=587.3, ratio=0.91) | K01601: outcompeted at locus; below KOfam threshold by 318.3 (score=11.5, threshold=329.8, ratio=0.03)",5,2,"Absent: confidence=0.008, posterior mean=0.050. Credible interval [0.00, 0.46] and HDI [0.05, 0.05] well below threshold=0.65. No meaningful genomic evidence. Note: 5 KO(s) flagged but within acceptable range."
M00613,Anoxygenic photosynthesis in green nonsulfur bacteria,0.008,0.007,"K08691,K08928,K08929,K09709,K14449,K14470",,0.5,2,0.0,0.0,0.0461,0.013741,0.65,0.0,0.4417,0.0461,0.0461,-5.152,"K08691: outcompeted at locus; below KOfam threshold by 228.6 (score=159.6, threshold=388.2, ratio=0.41) | K09709: outcompeted at locus | K14449: outcompeted at locus; below KOfam threshold by 227.3 (score=34.3, threshold=261.6, ratio=0.13) | K14470: outcompeted at locus; below KOfam threshold by 293.5 (score=180.2, threshold=473.7, ratio=0.38)",7,3,"Absent: confidence=0.008, posterior mean=0.046. Credible interval [0.00, 0.44] and HDI [0.05, 0.05] well below threshold=0.65. No meaningful genomic evidence. Note: 7 KO(s) flagged but within acceptable range."
M00614,Anoxygenic photosynthesis in green sulfur bacteria,0.007,0.007,"K00024,K00031,K00174,K00175,K00239,K00240,K01007,K01595,K01679,K01682,K01902,K01903,K03737,K08940,K08941,K08942,K08943,K15230,K15231",,0.5,2,0.0,0.0,0.0455,0.013559,0.65,0.0,0.4385,0.0455,0.0455,-5.192,"K00024: outcompeted at locus; below KOfam threshold by 333.6 (score=23.9, threshold=357.5, ratio=0.07) | K00031: outcompeted at locus | K00174: outcompeted at locus; below KOfam threshold by 232.7 (score=29.5, threshold=262.2, ratio=0.11) | K00175: outcompeted at locus; below KOfam threshold by 198.3 (score=37.9, threshold=236.2, ratio=0.16) | K00239: outcompeted at locus | K00240: outcompeted at locus | K03737: outcompeted at locus; below KOfam threshold by 488.1 (score=22.1, threshold=510.2, ratio=0.04) | K08941: below KOfam threshold by 177.7 (score=17.2, threshold=194.9, ratio=0.09) | K08942: below KOfam threshold by 189.6 (score=35.5, threshold=225.1, ratio=0.16) | K15230: outcompeted at locus; below KOfam threshold by 759.2 (score=148.4, threshold=907.6, ratio=0.16) | K15231: outcompeted at locus; below KOfam threshold by 433.1 (score=90.3, threshold=523.4, ratio=0.17)",17,8,"Absent: confidence=0.007, posterior mean=0.045. Credible interval [0.00, 0.44] and HDI [0.05, 0.05] well below threshold=0.65. No meaningful genomic evidence. Note: 17 KO(s) flagged but within acceptable range."
M00615,Nitrate assimilation,0.372,0.345,"K00372,K02575,K26138,K26139",,0.5,2,1.01,1.0,0.5228,0.077962,0.65,0.0387,0.974,0.0721,0.999,-0.455,"K00372: below KOfam threshold by 145.8 (score=915.3, threshold=1061.1, ratio=0.86) | K26138: outcompeted at locus; below KOfam threshold by 23.6 (score=79.0, threshold=102.6, ratio=0.77) | K26139: outcompeted at locus; below KOfam threshold by 162.1 (score=641.9, threshold=804.0, ratio=0.80)",5,0,"Uncertain: confidence=0.372 with credible interval [0.04, 0.97] straddling threshold=0.65. Posterior mean=0.523, HDI [0.07, 1.00]. Module may be present but evidence is inconclusive. Note: 5 KO(s) flagged but within acceptable range."
M00616,Sulfate-sulfur assimilation,0.962,0.962,"K00380,K00381,K00390,K00955,K00957,K02045,K02046,K02047,K23163",,0.5,2,2.0,2.0,0.9545,0.013559,0.65,0.5615,1.0,0.9545,0.9545,2.615,K00380: outcompeted at locus | K00390: outcompeted at locus,2,0,"Likely present: confidence=0.962 and posterior mean=0.955 above threshold=0.65, but credible interval [0.56, 1.00] extends below threshold. HDI [0.95, 0.95], effect size=2.62. Note: 2 KO(s) flagged but within acceptable range."
M00617,,0.019,0.019,"K00200,K00201,K00202,K00203,K00204,K00320,K00399,K00401,K00402,K00577,K00578,K00579,K00580,K00581,K00584,K00672,K01499,K03388,K03389,K03390,K13942",,0.5,1,0.0,0.0,0.0455,0.020661,0.65,0.0,0.5768,0.0455,0.0455,-4.206,"K00200: outcompeted at locus; below KOfam threshold by 373.9 (score=36.1, threshold=410.0, ratio=0.09) | K00201: outcompeted at locus; below KOfam threshold by 111.6 (score=64.4, threshold=176.0, ratio=0.37) | K00202: outcompeted at locus; below KOfam threshold by 115.9 (score=68.6, threshold=184.5, ratio=0.37) | K00203: outcompeted at locus; below KOfam threshold by 98.5 (score=23.5, threshold=122.0, ratio=0.19) | K00204: outcompeted at locus; below KOfam threshold by 140.3 (score=31.3, threshold=171.6, ratio=0.18) | K00320: below KOfam threshold by 94.7 (score=123.4, threshold=218.1, ratio=0.57) | K00584: outcompeted at locus; below KOfam threshold by 285.3 (score=12.7, threshold=298.0, ratio=0.04) | K03388: outcompeted at locus; below KOfam threshold by 537.7 (score=48.9, threshold=586.6, ratio=0.08) | K03389: outcompeted at locus; below KOfam threshold by 277.5 (score=43.2, threshold=320.7, ratio=0.13) | K03390: outcompeted at locus; below KOfam threshold by 47.1 (score=63.6, threshold=110.7, ratio=0.57) | K13942: outcompeted at locus; below KOfam threshold by 560.8 (score=14.2, threshold=575.0, ratio=0.02)",21,9,"Absent: confidence=0.019, posterior mean=0.045. Credible interval [0.00, 0.58] and HDI [0.05, 0.05] well below threshold=0.65. No meaningful genomic evidence. Note: 21 KO(s) flagged but within acceptable range."
M00618,Acetogen,0.113,0.091,"K00194,K00197,K00198,K00297,K00925,K01491,K01938,K05299,K13788,K14138,K15023",,0.5,2,0.45,0.5,0.2807,0.063095,0.65,0.0015,0.8594,0.2807,0.2807,-1.47,"K00194: outcompeted at locus; below KOfam threshold by 260.0 (score=12.7, threshold=272.7, ratio=0.05) | K00197: outcompeted at locus; below KOfam threshold by 270.6 (score=22.2, threshold=292.8, ratio=0.08) | K01938: outcompeted at locus; below KOfam threshold by 880.7 (score=15.9, threshold=896.6, ratio=0.02) | K05299: outcompeted at locus; below KOfam threshold by 612.6 (score=573.0, threshold=1185.6, ratio=0.48) | K15023: outcompeted at locus; below KOfam threshold by 47.1 (score=221.3, threshold=268.4, ratio=0.82)",10,4,"Likely absent: confidence=0.113, posterior mean=0.281 below threshold=0.65. Credible interval [0.00, 0.86] mostly below threshold. Some genomic evidence exists but is insufficient. Note: 10 KO(s) flagged but within acceptable range."
M00620,,0.031,0.014,"K00024,K00169,K00170,K00171,K00172,K00174,K00175,K00176,K00177,K01677,K01678,K01902,K01903,K01959,K01960,K18209,K18210","R00342,R00344,R00405,R01082,R01196,R01197,R10660",0.0,7,2.07,2.5,0.3253,0.025227,0.65,0.0682,0.667,0.045,0.6286,-2.044,"K00024: outcompeted at locus; below KOfam threshold by 333.6 (score=23.9, threshold=357.5, ratio=0.07) | K00169: below KOfam threshold by 259.0 (score=40.6, threshold=299.6, ratio=0.14) | K00170: outcompeted at locus; below KOfam threshold by 294.7 (score=21.6, threshold=316.3, ratio=0.07) | K00171: outcompeted at locus; below KOfam threshold by 41.9 (score=56.5, threshold=98.4, ratio=0.57) | K00172: outcompeted at locus; below KOfam threshold by 114.5 (score=36.5, threshold=151.0, ratio=0.24) | K00174: outcompeted at locus; below KOfam threshold by 232.7 (score=29.5, threshold=262.2, ratio=0.11) | K00175: outcompeted at locus; below KOfam threshold by 198.3 (score=37.9, threshold=236.2, ratio=0.16) | K00176: outcompeted at locus; below KOfam threshold by 14.9 (score=52.8, threshold=67.7, ratio=0.78) | K01677: outcompeted at locus; below KOfam threshold by 3.7 (score=301.5, threshold=305.2, ratio=0.99) | K01678: outcompeted at locus; below KOfam threshold by 4.6 (score=215.6, threshold=220.2, ratio=0.98) | K18209: outcompeted at locus; below KOfam threshold by 184.2 (score=466.6, threshold=650.8, ratio=0.72) | K18210: outcompeted at locus; below KOfam threshold by 157.8 (score=172.2, threshold=330.0, ratio=0.52)",23,6,"Absent: confidence=0.031, posterior mean=0.325. Credible interval [0.07, 0.67] and HDI [0.05, 0.63] well below threshold=0.65. No meaningful genomic evidence. Note: 23 KO(s) flagged but within acceptable range."
M00621,Glycine cleavage system,0.978,0.978,"K00281,K00382,K00605","R01221,R03425,R03815,R04125",0.604,3,3.0,3.0,0.964,0.008065,0.65,0.6729,1.0,0.964,0.964,3.497,,0,0,"Present: confidence=0.978 with 95% credible interval [0.67, 1.00] and HDI [0.96, 0.96] entirely above threshold=0.65. Posterior mean=0.964, effect size=3.50."
M00622,"Nicotinate degradation, nicotinate => fumarate",0.968,0.968,"K01799,K13995,K14974,K15357,K18028,K18029,K18030","R01087,R03540,R08764,R09125,R09126,R09473",0.04,6,6.0,6.0,0.9127,0.010485,0.65,0.6275,0.9998,0.9127,0.9127,2.565,,0,0,"Likely present: confidence=0.968 and posterior mean=0.913 above threshold=0.65, but credible interval [0.63, 1.00] extends below threshold. HDI [0.91, 0.91], effect size=2.57."
M00623,"Phthalate degradation, phthalate => protocatechuate",0.0,0.0,"K04102,K18067,K18068,K18069","R01635,R03630,R05275",0.011,3,0.0,0.0,0.0021,0.000477,0.65,0.0,0.0049,0.0021,0.0021,-29.666,"K04102: outcompeted at locus; below KOfam threshold by 170.3 (score=25.9, threshold=196.2, ratio=0.13) | K18067: outcompeted at locus; below KOfam threshold by 86.3 (score=153.8, threshold=240.1, ratio=0.64) | K18068: outcompeted at locus; below KOfam threshold by 230.0 (score=114.4, threshold=344.4, ratio=0.33) | K18069: outcompeted at locus; below KOfam threshold by 45.2 (score=328.2, threshold=373.4, ratio=0.88)",8,2,"Absent: confidence=0.000, posterior mean=0.002. Credible interval [0.00, 0.00] and HDI [0.00, 0.00] well below threshold=0.65. No meaningful genomic evidence. Note: 8 KO(s) flagged but within acceptable range."
M00624,"Terephthalate degradation, terephthalate => 3,4-dihydroxybenzoate",0.0,0.0,"K18074,K18075,K18076,K18077","R01633,R05148",0.0,2,0.0,0.0,0.0,1.2e-05,0.65,0.0,0.0,0.0,0.0,-190.962,"K18074: outcompeted at locus; below KOfam threshold by 687.0 (score=106.6, threshold=793.6, ratio=0.13) | K18076: outcompeted at locus; below KOfam threshold by 328.0 (score=144.9, threshold=472.9, ratio=0.31) | K18077: outcompeted at locus; below KOfam threshold by 319.5 (score=164.1, threshold=483.6, ratio=0.34)",6,3,"Absent: confidence=0.000, posterior mean=0.000. Credible interval [0.00, 0.00] and HDI [0.00, 0.00] well below threshold=0.65. No meaningful genomic evidence. Note: 6 KO(s) flagged but within acceptable range."
M00625,Methicillin resistance,0.0,0.0,"K02545,K02546,K02547",,0.001,3,0.0,0.0,0.0004,9.2e-05,0.65,0.0,0.0,0.0004,0.0004,-67.751,"K02545: outcompeted at locus; below KOfam threshold by 748.1 (score=184.5, threshold=932.6, ratio=0.20)",2,1,"Absent: confidence=0.000, posterior mean=0.000. Credible interval [0.00, 0.00] and HDI [0.00, 0.00] well below threshold=0.65. No meaningful genomic evidence. Note: 2 KO(s) flagged but within acceptable range."
M00627,"beta-Lactam resistance, Bla system",0.017,0.009,"K02171,K02172,K17836",,0.176,3,0.27,0.4,0.1416,0.028263,0.65,0.0001,0.606,0.1416,0.1416,-3.024,"K02171: outcompeted at locus; below KOfam threshold by 39.9 (score=14.1, threshold=54.0, ratio=0.26) | K02172: outcompeted at locus; below KOfam threshold by 113.6 (score=26.6, threshold=140.2, ratio=0.19) | K17836: outcompeted at locus; below KOfam threshold by 20.5 (score=71.2, threshold=91.7, ratio=0.78)",6,2,"Absent: confidence=0.017, posterior mean=0.142. Credible interval [0.00, 0.61] and HDI [0.14, 0.14] well below threshold=0.65. No meaningful genomic evidence. Note: 6 KO(s) flagged but within acceptable range."
M00631,"D-Galacturonate degradation (bacteria), D-galacturonate => pyruvate + D-glyceraldehyde 3P",0.229,0.111,"K00041,K00874,K01625,K01685,K01812","R01540,R01541,R01983,R02555,R05605",0.155,5,2.1,2.6,0.4897,0.038445,0.65,0.1284,0.8579,0.1261,0.8539,-0.818,"K00041: outcompeted at locus; below KOfam threshold by 103.2 (score=183.8, threshold=287.0, ratio=0.64) | K00874: outcompeted at locus | K01685: outcompeted at locus; below KOfam threshold by 168.5 (score=413.2, threshold=581.7, ratio=0.71)",5,0,"Likely absent: confidence=0.229, posterior mean=0.490 below threshold=0.65. Credible interval [0.13, 0.86] mostly below threshold. Some genomic evidence exists but is insufficient. Note: 5 KO(s) flagged but within acceptable range."
M00632,"Galactose degradation, Leloir pathway, galactose => alpha-D-glucose-1P",0.728,0.38,"K00849,K00965,K01784,K01785","R00291,R00955,R01092,R10619",0.496,4,2.29,3.1,0.7488,0.03483,0.65,0.3105,0.9888,0.3854,0.999,0.53,"K00849: outcompeted at locus; below KOfam threshold by 354.5 (score=12.4, threshold=366.9, ratio=0.03) | K00965: outcompeted at locus; below KOfam threshold by 215.4 (score=20.1, threshold=235.5, ratio=0.09) | K01784: outcompeted at locus",5,2,"Uncertain: confidence=0.728 with credible interval [0.31, 0.99] straddling threshold=0.65. Posterior mean=0.749, HDI [0.39, 1.00]. Module may be present but evidence is inconclusive. Note: 5 KO(s) flagged but within acceptable range."
M00633,,0.0,0.0,"K05308,K11395,K18126,K18978","R01058,R01064,R01538,R01541,R03033,R03387,R05605,R10860",0.001,4,0.0,0.0,0.0002,3e-05,0.65,0.0,0.0,0.0002,0.0002,-118.332,"K05308: outcompeted at locus; below KOfam threshold by 116.9 (score=298.7, threshold=415.6, ratio=0.72) | K11395: outcompeted at locus; below KOfam threshold by 200.7 (score=118.9, threshold=319.6, ratio=0.37) | K18126: outcompeted at locus; below KOfam threshold by 263.4 (score=169.3, threshold=432.7, ratio=0.39) | K18978: outcompeted at locus; below KOfam threshold by 178.7 (score=387.4, threshold=566.1, ratio=0.68)",8,2,"Absent: confidence=0.000, posterior mean=0.000. Credible interval [0.00, 0.00] and HDI [0.00, 0.00] well below threshold=0.65. No meaningful genomic evidence. Note: 8 KO(s) flagged but within acceptable range."
M00636,"Phthalate degradation, phthalate => protocatechuate",0.0,0.0,"K18251,K18252,K18255,K18256","R01634,R09227,R09228",0.001,3,0.0,0.0,0.0002,5.1e-05,0.65,0.0,0.0,0.0002,0.0002,-91.09,"K18251: outcompeted at locus; below KOfam threshold by 995.8 (score=131.2, threshold=1127.0, ratio=0.12) | K18252: outcompeted at locus; below KOfam threshold by 282.8 (score=27.6, threshold=310.4, ratio=0.09) | K18255: outcompeted at locus; below KOfam threshold by 496.5 (score=78.4, threshold=574.9, ratio=0.14) | K18256: outcompeted at locus; below KOfam threshold by 181.2 (score=69.5, threshold=250.7, ratio=0.28)",8,4,"Absent: confidence=0.000, posterior mean=0.000. Credible interval [0.00, 0.00] and HDI [0.00, 0.00] well below threshold=0.65. No meaningful genomic evidence. Note: 8 KO(s) flagged but within acceptable range."
M00637,"Anthranilate degradation, anthranilate => catechol",0.903,0.903,"K05599,K05600,K11311","R00823,R00825",0.025,1,1.0,1.0,0.9114,0.038461,0.65,0.2299,1.0,0.9114,0.9114,1.333,,0,0,"Likely present (prior-driven): confidence=0.903 but based on only 1 step(s) with wide credible interval [0.23, 1.00] (width=0.77). HDI [0.91, 0.91]. High confidence may be due to prior (frequency and/or genomic evidence) instead of influence."
M00638,"Salicylate degradation, salicylate => gentisate",0.0,0.0,"K14578,K14581,K18242,K18243","R07709,R07710",0.012,1,0.0,0.0,0.0011,0.000529,0.65,0.0,0.0,0.0011,0.0011,-28.2,"K14578: outcompeted at locus; below KOfam threshold by 20.4 (score=111.2, threshold=131.6, ratio=0.84) | K14581: outcompeted at locus; below KOfam threshold by 162.7 (score=225.2, threshold=387.9, ratio=0.58) | K18242: outcompeted at locus; below KOfam threshold by 443.9 (score=147.8, threshold=591.7, ratio=0.25) | K18243: outcompeted at locus; below KOfam threshold by 167.4 (score=24.5, threshold=191.9, ratio=0.13)",8,2,"Absent: confidence=0.000, posterior mean=0.001. Credible interval [0.00, 0.00] and HDI [0.00, 0.00] well below threshold=0.65. No meaningful genomic evidence. Note: 8 KO(s) flagged but within acceptable range."
M00639,"Multidrug resistance, efflux pump MexCD-OprJ",0.5,0.292,"K18294,K18295,K18296",,0.011,2,1.01,1.3,0.6119,0.074209,0.65,0.0739,0.9903,0.6119,0.6119,-0.14,"K18294: outcompeted at locus; below KOfam threshold by 70.4 (score=55.9, threshold=126.3, ratio=0.44) | K18296: below KOfam threshold by 32.9 (score=1698.1, threshold=1731.0, ratio=0.98)",3,1,"Uncertain: confidence=0.500 with credible interval [0.07, 0.99] straddling threshold=0.65. Posterior mean=0.612, HDI [0.61, 0.61]. Module may be present but evidence is inconclusive. Note: 3 KO(s) flagged but within acceptable range."
M00641,"Multidrug resistance, efflux pump MexEF-OprN",0.917,0.917,"K18297,K18298,K18299",,0.009,2,2.0,2.0,0.9099,0.02562,0.65,0.4028,1.0,0.9099,0.9099,1.624,K18299: outcompeted at locus,1,0,"Likely present (prior-driven): confidence=0.917 but based on only 2 step(s) with wide credible interval [0.40, 1.00] (width=0.60). HDI [0.91, 0.91]. High confidence may be due to prior (frequency and/or genomic evidence) instead of influence. Note: 1 KO(s) flagged but within acceptable range."
M00642,"Multidrug resistance, efflux pump MexJK-OprM",0.921,0.921,"K18301,K18302,K18303",,0.053,2,2.0,2.0,0.9139,0.024581,0.65,0.4135,1.0,0.9139,0.9139,1.683,,0,0,"Likely present (prior-driven): confidence=0.921 but based on only 2 step(s) with wide credible interval [0.41, 1.00] (width=0.59). HDI [0.91, 0.91]. High confidence may be due to prior (frequency and/or genomic evidence) instead of influence."
M00643,"Multidrug resistance, efflux pump MexXY-OprM",0.05,0.0,"K18094,K18095,K18129,K18139",,0.011,2,0.0,0.4,0.1762,0.045363,0.65,0.0,0.7535,0.1762,0.1762,-2.224,"K18094: below KOfam threshold by 94.5 (score=417.7, threshold=512.2, ratio=0.82) | K18095: outcompeted at locus; below KOfam threshold by 117.0 (score=1504.6, threshold=1621.6, ratio=0.93) | K18129: outcompeted at locus; below KOfam threshold by 75.0 (score=150.5, threshold=225.5, ratio=0.67)",5,0,"Absent: confidence=0.050, posterior mean=0.176. Credible interval [0.00, 0.75] and HDI [0.18, 0.18] well below threshold=0.65. No meaningful genomic evidence. Note: 5 KO(s) flagged but within acceptable range."
M00649,"Multidrug resistance, efflux pump AdeABC",0.793,0.486,"K18143,K18144,K18145,K18146",,0.019,3,2.02,2.6,0.7976,0.037541,0.65,0.3068,0.9986,0.7976,0.7976,0.762,"K18145: outcompeted at locus; below KOfam threshold by 38.1 (score=412.1, threshold=450.2, ratio=0.92) | K18146: below KOfam threshold by 69.9 (score=1638.3, threshold=1708.2, ratio=0.96)",3,0,"Uncertain: confidence=0.793 with credible interval [0.31, 1.00] straddling threshold=0.65. Posterior mean=0.798, HDI [0.80, 0.80]. Module may be present but evidence is inconclusive. Note: 3 KO(s) flagged but within acceptable range."
M00651,"Vancomycin resistance, D-Ala-D-Lac type",0.008,0.0,"K08641,K15739,K18347,K18351,K18352,K18353,K18354",,0.002,2,0.0,0.1,0.0502,0.014891,0.65,0.0,0.4612,0.0502,0.0502,-4.915,"K15739: outcompeted at locus; below KOfam threshold by 195.5 (score=353.0, threshold=548.5, ratio=0.64) | K18347: outcompeted at locus; below KOfam threshold by 150.4 (score=275.6, threshold=426.0, ratio=0.65) | K18351: outcompeted at locus; below KOfam threshold by 115.8 (score=188.3, threshold=304.1, ratio=0.62) | K18352: outcompeted at locus; below KOfam threshold by 119.6 (score=198.4, threshold=318.0, ratio=0.62) | K18353: below KOfam threshold by 41.4 (score=73.9, threshold=115.3, ratio=0.64) | K18354: below KOfam threshold by 770.9 (score=15.5, threshold=786.4, ratio=0.02)",10,1,"Absent: confidence=0.008, posterior mean=0.050. Credible interval [0.00, 0.46] and HDI [0.05, 0.05] well below threshold=0.65. No meaningful genomic evidence. Note: 10 KO(s) flagged but within acceptable range."
M00652,"Vancomycin resistance, D-Ala-D-Ser type",0.0,0.0,"K18348,K18349,K18350,K18856,K18866",,0.017,5,0.04,0.1,0.0116,0.001763,0.65,0.0,0.1309,0.0116,0.0116,-15.204,"K18348: outcompeted at locus; below KOfam threshold by 267.2 (score=240.7, threshold=507.9, ratio=0.47) | K18349: outcompeted at locus; below KOfam threshold by 99.3 (score=203.1, threshold=302.4, ratio=0.67) | K18350: outcompeted at locus; below KOfam threshold by 106.7 (score=161.1, threshold=267.8, ratio=0.60) | K18856: outcompeted at locus; below KOfam threshold by 85.5 (score=357.8, threshold=443.3, ratio=0.81)",8,1,"Absent: confidence=0.000, posterior mean=0.012. Credible interval [0.00, 0.13] and HDI [0.01, 0.01] well below threshold=0.65. No meaningful genomic evidence. Note: 8 KO(s) flagged but within acceptable range."
M00660,"Xanthomonas spp. pathogenicity signature, T3SS and effectors",0.0,0.0,"K03222,K03223,K03224,K03225,K03226,K03227,K03228,K03229,K03230,K18373,K18374,K18375,K18376,K18377,K18378,K18379,K18380,K18381",,0.002,8,1.0,1.0,0.114,0.010304,0.65,0.0033,0.3774,0.001,0.3183,-5.281,"K03223: below KOfam threshold by 43.1 (score=70.3, threshold=113.4, ratio=0.62) | K03224: outcompeted at locus; below KOfam threshold by 77.7 (score=544.0, threshold=621.7, ratio=0.88) | K03230: outcompeted at locus; below KOfam threshold by 103.3 (score=653.0, threshold=756.3, ratio=0.86) | K18373: outcompeted at locus; below KOfam threshold by 45.0 (score=14.7, threshold=59.7, ratio=0.25) | K18375: outcompeted at locus; below KOfam threshold by 69.1 (score=6.7, threshold=75.8, ratio=0.09) | K18377: below KOfam threshold by 154.1 (score=103.6, threshold=257.7, ratio=0.40) | K18379: outcompeted at locus; below KOfam threshold by 82.7 (score=13.0, threshold=95.7, ratio=0.14)",12,4,"Absent: confidence=0.000, posterior mean=0.114. Credible interval [0.00, 0.38] and HDI [0.00, 0.32] well below threshold=0.65. No meaningful genomic evidence. Note: 12 KO(s) flagged but within acceptable range."
M00664,Nodulation,0.346,0.186,"K14657,K14658,K14659,K14666",,0.013,4,1.92,2.4,0.5455,0.045913,0.65,0.1346,0.9186,0.1532,0.9329,-0.488,"K14658: outcompeted at locus; below KOfam threshold by 97.0 (score=22.5, threshold=119.5, ratio=0.19) | K14659: below KOfam threshold by 209.0 (score=53.4, threshold=262.4, ratio=0.20) | K14666: outcompeted at locus; below KOfam threshold by 325.1 (score=86.7, threshold=411.8, ratio=0.21)",5,3,"Uncertain: confidence=0.346 with credible interval [0.13, 0.92] straddling threshold=0.65. Posterior mean=0.545, HDI [0.15, 0.93]. Module may be present but evidence is inconclusive. Note: 5 KO(s) flagged but within acceptable range."
M00673,"Cephamycin C biosynthesis, aminoadipate + cycteine + valine => cephamycin C",0.0,0.0,"K04126,K04127,K04128,K12743,K12744,K12745,K18062,K18063","R04147,R04870,R04872,R05229,R05230,R05301,R05302,R05303",0.001,8,1.0,1.0,0.1139,0.0103,0.65,0.0033,0.3773,0.001,0.3183,-5.282,"K04127: below KOfam threshold by 224.4 (score=179.0, threshold=403.4, ratio=0.44) | K04128: outcompeted at locus; below KOfam threshold by 458.8 (score=179.2, threshold=638.0, ratio=0.28) | K12743: outcompeted at locus; below KOfam threshold by 1608.7 (score=3183.8, threshold=4792.5, ratio=0.66) | K18063: outcompeted at locus; below KOfam threshold by 341.3 (score=152.1, threshold=493.4, ratio=0.31)",7,3,"Absent: confidence=0.000, posterior mean=0.114. Credible interval [0.00, 0.38] and HDI [0.00, 0.32] well below threshold=0.65. No meaningful genomic evidence. Note: 7 KO(s) flagged but within acceptable range."
M00674,"Clavaminate biosynthesis, arginine + glyceraldehyde-3P => clavaminate",0.067,0.028,"K12673,K12674,K12675,K12676","R05357,R05465,R05466,R05467,R05468,R05469",0.001,4,1.0,1.4,0.3101,0.039616,0.65,0.0246,0.75,0.002,0.6837,-1.708,"K12673: outcompeted at locus; below KOfam threshold by 551.8 (score=225.4, threshold=777.2, ratio=0.29) | K12674: outcompeted at locus; below KOfam threshold by 543.0 (score=108.2, threshold=651.2, ratio=0.17) | K12675: below KOfam threshold by 426.5 (score=24.7, threshold=451.2, ratio=0.05) | K12676: outcompeted at locus; below KOfam threshold by 186.9 (score=305.1, threshold=492.0, ratio=0.62)",7,3,"Likely absent: confidence=0.067, posterior mean=0.310 below threshold=0.65. Credible interval [0.02, 0.75] mostly below threshold. Some genomic evidence exists but is insufficient. Note: 7 KO(s) flagged but within acceptable range."
M00675,"Carbapenem-3-carboxylate biosynthesis, pyrroline-5-carboxylate + malonyl-CoA => carbapenem-3-carboxylate",0.269,0.089,"K18315,K18316,K18317","R10415,R10485,R10556",0.001,3,1.0,1.6,0.4761,0.058007,0.65,0.0607,0.917,0.049,0.9029,-0.722,"K18315: outcompeted at locus; below KOfam threshold by 426.8 (score=31.2, threshold=458.0, ratio=0.07) | K18316: below KOfam threshold by 570.9 (score=69.5, threshold=640.4, ratio=0.11) | K18317: outcompeted at locus; below KOfam threshold by 226.0 (score=110.5, threshold=336.5, ratio=0.33)",5,3,"Likely absent: confidence=0.269, posterior mean=0.476 below threshold=0.65. Credible interval [0.06, 0.92] mostly below threshold. Some genomic evidence exists but is insufficient. Note: 5 KO(s) flagged but within acceptable range."
M00696,"Multidrug resistance, efflux pump AcrEF-TolC",0.075,0.002,"K12340,K18140,K18141,K18142",,0.021,2,0.03,0.5,0.2248,0.054465,0.65,0.0003,0.8097,0.2248,0.2248,-1.822,"K18140: outcompeted at locus; below KOfam threshold by 80.7 (score=173.7, threshold=254.4, ratio=0.68) | K18141: below KOfam threshold by 140.7 (score=441.7, threshold=582.4, ratio=0.76) | K18142: outcompeted at locus; below KOfam threshold by 473.0 (score=1683.5, threshold=2156.5, ratio=0.78)",5,0,"Likely absent: confidence=0.075, posterior mean=0.225 below threshold=0.65. Credible interval [0.00, 0.81] mostly below threshold. Some genomic evidence exists but is insufficient. Note: 5 KO(s) flagged but within acceptable range."
M00697,"Multidrug resistance, efflux pump MdtEF-TolC",0.284,0.284,"K07690,K12340,K18898,K18899",,0.002,2,1.0,1.0,0.4547,0.077484,0.65,0.0209,0.9538,0.001,0.9169,-0.702,"K18898: outcompeted at locus; below KOfam threshold by 179.0 (score=355.1, threshold=534.1, ratio=0.66) | K18899: outcompeted at locus; below KOfam threshold by 619.9 (score=1496.1, threshold=2116.0, ratio=0.71)",4,0,"Likely absent: confidence=0.284, posterior mean=0.455 below threshold=0.65. Credible interval [0.02, 0.95] mostly below threshold. Some genomic evidence exists but is insufficient. Note: 4 KO(s) flagged but within acceptable range."
M00698,"Multidrug resistance, efflux pump BpeEF-OprC",0.665,0.296,"K18900,K18901,K18902,K18903",,0.021,2,1.02,1.6,0.7213,0.062824,0.65,0.1421,0.9986,0.7213,0.7213,0.284,"K18901: outcompeted at locus; below KOfam threshold by 29.9 (score=420.4, threshold=450.3, ratio=0.93) | K18902: below KOfam threshold by 13.5 (score=1830.0, threshold=1843.5, ratio=0.99)",3,0,"Uncertain: confidence=0.665 with credible interval [0.14, 1.00] straddling threshold=0.65. Posterior mean=0.721, HDI [0.72, 0.72]. Module may be present but evidence is inconclusive. Note: 3 KO(s) flagged but within acceptable range."
M00700,"Multidrug resistance, efflux pump AbcA",0.711,0.292,"K18104,K18907",,0.036,2,1.01,1.6,0.7523,0.058227,0.65,0.1684,0.9994,0.7523,0.7523,0.424,"K18104: outcompeted at locus; below KOfam threshold by 132.2 (score=514.8, threshold=647.0, ratio=0.80) | K18907: below KOfam threshold by 144.2 (score=252.1, threshold=396.3, ratio=0.64)",3,0,"Uncertain: confidence=0.711 with credible interval [0.17, 1.00] straddling threshold=0.65. Posterior mean=0.752, HDI [0.75, 0.75]. Module may be present but evidence is inconclusive. Note: 3 KO(s) flagged but within acceptable range."
M00702,"Multidrug resistance, efflux pump NorB",0.917,0.917,"K08170,K18907",,0.015,2,2.0,2.0,0.9104,0.025485,0.65,0.4042,1.0,0.9104,0.9104,1.631,"K08170: below KOfam threshold by 185.4 (score=194.3, threshold=379.7, ratio=0.51) | K18907: below KOfam threshold by 144.2 (score=252.1, threshold=396.3, ratio=0.64)",2,0,"Likely present (prior-driven): confidence=0.917 but based on only 2 step(s) with wide credible interval [0.40, 1.00] (width=0.60). HDI [0.91, 0.91]. High confidence may be due to prior (frequency and/or genomic evidence) instead of influence. Note: 2 KO(s) flagged but within acceptable range."
M00704,"Tetracycline resistance, efflux pump Tet38",0.287,0.287,"K08168,K18906",,0.006,2,1.01,1.0,0.4574,0.077559,0.65,0.0215,0.9548,0.001,0.9179,-0.691,"K08168: outcompeted at locus; below KOfam threshold by 45.0 (score=221.4, threshold=266.4, ratio=0.83) | K18906: below KOfam threshold by 89.9 (score=76.4, threshold=166.3, ratio=0.46)",3,1,"Likely absent: confidence=0.287, posterior mean=0.457 below threshold=0.65. Credible interval [0.02, 0.95] mostly below threshold. Some genomic evidence exists but is insufficient. Note: 3 KO(s) flagged but within acceptable range."
M00705,"Multidrug resistance, efflux pump MepA",0.918,0.918,"K18908,K18909",,0.016,2,2.0,2.0,0.9105,0.025457,0.65,0.4045,1.0,0.9105,0.9105,1.633,"K18908: below KOfam threshold by 385.7 (score=149.4, threshold=535.1, ratio=0.28) | K18909: below KOfam threshold by 33.6 (score=81.8, threshold=115.4, ratio=0.71)",2,1,"Dubious: confidence=0.918 but 1 KO(s) on best path score below 50% of their KOfam threshold. Credible interval [0.40, 1.00], HDI [0.91, 0.91]. Module detection may be based on weak or spurious HMM hits. DOWNGRADED due to: K18908: below KOfam threshold by 385.7 (score=149.4, threshold=535.1, ratio=0.28) | K18909: below KOfam threshold by 33.6 (score=81.8, threshold=115.4, ratio=0.71)"
M00714,"Multidrug resistance, efflux pump QacA",0.284,0.284,"K08167,K18938",,0.001,2,1.0,1.0,0.4548,0.077486,0.65,0.0209,0.9538,0.001,0.9169,-0.701,"K18938: outcompeted at locus; below KOfam threshold by 176.9 (score=43.8, threshold=220.7, ratio=0.20)",2,1,"Likely absent: confidence=0.284, posterior mean=0.455 below threshold=0.65. Credible interval [0.02, 0.95] mostly below threshold. Some genomic evidence exists but is insufficient. Note: 2 KO(s) flagged but within acceptable range."
M00718,"Multidrug resistance, efflux pump MexAB-OprM",0.284,0.284,"K03585,K18131,K18138,K18139",,0.001,2,1.0,1.0,0.4546,0.077482,0.65,0.0209,0.9538,0.001,0.9169,-0.702,"K03585: outcompeted at locus | K18131: outcompeted at locus; below KOfam threshold by 88.4 (score=54.6, threshold=143.0, ratio=0.38)",3,1,"Likely absent: confidence=0.284, posterior mean=0.455 below threshold=0.65. Credible interval [0.02, 0.95] mostly below threshold. Some genomic evidence exists but is insufficient. Note: 3 KO(s) flagged but within acceptable range."
M00725,"Cationic antimicrobial peptide (CAMP) resistance, dltABCD operon",0.0,0.0,"K03367,K03739,K03740,K14188,K19077,K19078",,0.01,3,0.0,0.0,0.0013,0.000294,0.65,0.0,0.0005,0.0013,0.0013,-37.866,"K03367: outcompeted at locus; below KOfam threshold by -1732.9 (score=2341.2, threshold=608.3, ratio=3.85) | K03739: outcompeted at locus; below KOfam threshold by 78.0 (score=205.7, threshold=283.7, ratio=0.73) | K14188: outcompeted at locus; below KOfam threshold by 8.4 (score=50.4, threshold=58.8, ratio=0.86) | K19077: outcompeted at locus; below KOfam threshold by 340.6 (score=89.3, threshold=429.9, ratio=0.21) | K19078: outcompeted at locus; below KOfam threshold by 202.2 (score=163.4, threshold=365.6, ratio=0.45)",10,2,"Absent: confidence=0.000, posterior mean=0.001. Credible interval [0.00, 0.00] and HDI [0.00, 0.00] well below threshold=0.65. No meaningful genomic evidence. Note: 10 KO(s) flagged but within acceptable range."
M00726,"Cationic antimicrobial peptide (CAMP) resistance, lysyl-phosphatidylglycerol (L-PG) synthase MprF",0.09,0.09,"K14205,K19077,K19078",,0.01,3,1.0,1.0,0.3043,0.049234,0.65,0.0112,0.8,0.001,0.7287,-1.558,"K19077: outcompeted at locus; below KOfam threshold by 340.6 (score=89.3, threshold=429.9, ratio=0.21) | K19078: outcompeted at locus; below KOfam threshold by 202.2 (score=163.4, threshold=365.6, ratio=0.45)",4,2,"Likely absent: confidence=0.090, posterior mean=0.304 below threshold=0.65. Credible interval [0.01, 0.80] mostly below threshold. Some genomic evidence exists but is insufficient. Note: 4 KO(s) flagged but within acceptable range."
M00730,"Cationic antimicrobial peptide (CAMP) resistance, VraFG transporter",0.0,0.0,"K19077,K19078,K19079,K19080",,0.005,3,0.0,0.0,0.0008,0.000188,0.65,0.0,0.0,0.0008,0.0008,-47.352,"K19077: outcompeted at locus; below KOfam threshold by 340.6 (score=89.3, threshold=429.9, ratio=0.21) | K19078: outcompeted at locus; below KOfam threshold by 202.2 (score=163.4, threshold=365.6, ratio=0.45) | K19079: outcompeted at locus; below KOfam threshold by 256.6 (score=204.3, threshold=460.9, ratio=0.44) | K19080: outcompeted at locus; below KOfam threshold by 912.5 (score=15.6, threshold=928.1, ratio=0.02)",8,4,"Absent: confidence=0.000, posterior mean=0.001. Credible interval [0.00, 0.00] and HDI [0.00, 0.00] well below threshold=0.65. No meaningful genomic evidence. Note: 8 KO(s) flagged but within acceptable range."
M00736,"Nocardicin A biosynthesis, L-pHPG + arginine + serine => nocardicin A",0.012,0.012,"K05375,K19102,K19103,K19104,K19105,K19106","R03072,R03073,R10880,R10881,R10882,R10883",0.0,4,0.71,0.7,0.1618,0.025111,0.65,0.0014,0.5753,0.1618,0.1618,-3.081,"K19102: below KOfam threshold by 3926.1 (score=2641.2, threshold=6567.3, ratio=0.40) | K19103: outcompeted at locus; below KOfam threshold by 1770.7 (score=2189.6, threshold=3960.3, ratio=0.55) | K19104: below KOfam threshold by 184.8 (score=31.1, threshold=215.9, ratio=0.14) | K19105: outcompeted at locus; below KOfam threshold by 421.2 (score=105.6, threshold=526.8, ratio=0.20) | K19106: outcompeted at locus; below KOfam threshold by 574.2 (score=81.0, threshold=655.2, ratio=0.12)",8,4,"Absent: confidence=0.012, posterior mean=0.162. Credible interval [0.00, 0.58] and HDI [0.16, 0.16] well below threshold=0.65. No meaningful genomic evidence. Note: 8 KO(s) flagged but within acceptable range."
M00740,,0.001,0.0,"K00024,K00031,K00261,K01659,K01846,K04835,K14449,K19268,K19280,K19281,K19282,K27802","R00248,R00262,R00268,R00342,R00351,R00473,R00934,R01325,R01899,R01900,R03696,R05076,R10612,R10904",0.001,11,2.08,2.6,0.2132,0.012805,0.65,0.0425,0.4722,0.024,0.4324,-3.86,"K00024: outcompeted at locus; below KOfam threshold by 333.6 (score=23.9, threshold=357.5, ratio=0.07) | K00031: outcompeted at locus | K00261: outcompeted at locus; below KOfam threshold by 248.6 (score=275.5, threshold=524.1, ratio=0.53) | K01846: outcompeted at locus; below KOfam threshold by 67.2 (score=36.0, threshold=103.2, ratio=0.35) | K04835: outcompeted at locus; below KOfam threshold by 408.1 (score=23.0, threshold=431.1, ratio=0.05) | K14449: outcompeted at locus; below KOfam threshold by 227.3 (score=34.3, threshold=261.6, ratio=0.13) | K19280: outcompeted at locus; below KOfam threshold by 460.5 (score=293.0, threshold=753.5, ratio=0.39) | K19281: outcompeted at locus; below KOfam threshold by 544.5 (score=27.1, threshold=571.6, ratio=0.05) | K19282: outcompeted at locus; below KOfam threshold by 783.2 (score=12.8, threshold=796.0, ratio=0.02)",17,7,"Absent: confidence=0.001, posterior mean=0.213. Credible interval [0.04, 0.47] and HDI [0.02, 0.43] well below threshold=0.65. No meaningful genomic evidence. Note: 17 KO(s) flagged but within acceptable range."
M00741,"Propanoyl-CoA metabolism, propanoyl-CoA => succinyl-CoA",0.038,0.005,"K01847,K05606,K11263,K18472","R00833,R01859,R02765",0.088,3,0.18,0.7,0.2083,0.038354,0.65,0.0016,0.7005,0.2083,0.2083,-2.255,"K01847: outcompeted at locus; below KOfam threshold by 653.4 (score=16.6, threshold=670.0, ratio=0.02) | K05606: outcompeted at locus; below KOfam threshold by 28.8 (score=43.7, threshold=72.5, ratio=0.60) | K11263: outcompeted at locus; below KOfam threshold by 17.8 (score=816.7, threshold=834.5, ratio=0.98) | K18472: outcompeted at locus; below KOfam threshold by 360.1 (score=250.0, threshold=610.1, ratio=0.41)",8,2,"Absent: confidence=0.038, posterior mean=0.208. Credible interval [0.00, 0.70] and HDI [0.21, 0.21] well below threshold=0.65. No meaningful genomic evidence. Note: 8 KO(s) flagged but within acceptable range."
M00744,"Cationic antimicrobial peptide (CAMP) resistance, protease PgtE",0.471,0.471,"K07637,K07660,K08477",,0.0,3,2.0,2.0,0.6061,0.055522,0.65,0.1311,0.9687,0.1862,0.997,-0.186,,0,0,"Uncertain: confidence=0.471 with credible interval [0.13, 0.97] straddling threshold=0.65. Posterior mean=0.606, HDI [0.19, 1.00]. Module may be present but evidence is inconclusive."
M00745,"Imipenem resistance, repression of porin OprD",0.919,0.919,"K18072,K18073,K18093",,0.036,2,2.0,2.0,0.9123,0.024998,0.65,0.4092,1.0,0.9123,0.9123,1.659,,0,0,"Likely present (prior-driven): confidence=0.919 but based on only 2 step(s) with wide credible interval [0.41, 1.00] (width=0.59). HDI [0.91, 0.91]. High confidence may be due to prior (frequency and/or genomic evidence) instead of influence."
M00746,"Multidrug resistance, repression of porin OmpF",0.13,0.09,"K09476,K13632,K18513",,0.001,3,1.0,1.2,0.3538,0.053168,0.65,0.0208,0.8404,0.001,0.7768,-1.285,"K09476: below KOfam threshold by 466.5 (score=21.4, threshold=487.9, ratio=0.04) | K13632: outcompeted at locus; below KOfam threshold by 81.6 (score=87.9, threshold=169.5, ratio=0.52)",3,1,"Likely absent: confidence=0.130, posterior mean=0.354 below threshold=0.65. Credible interval [0.02, 0.84] mostly below threshold. Some genomic evidence exists but is insufficient. Note: 3 KO(s) flagged but within acceptable range."
M00761,"Undecaprenylphosphate alpha-L-Ara4N biosynthesis, UDP-GlcA => undecaprenyl phosphate alpha-L-Ara4N",0.914,0.712,"K00012,K07806,K10011,K10012,K13014","R07658,R07659,R07660,R07661,R07662",0.074,5,4.0,4.7,0.8628,0.018209,0.65,0.5069,0.9985,0.8628,0.8628,1.577,"K07806: outcompeted at locus; below KOfam threshold by 149.5 (score=330.5, threshold=480.0, ratio=0.69)",2,0,"Likely present: confidence=0.914 and posterior mean=0.863 above threshold=0.65, but credible interval [0.51, 1.00] extends below threshold. HDI [0.86, 0.86], effect size=1.58. Note: 2 KO(s) flagged but within acceptable range."
M00763,,0.044,0.044,K05826,,0.01,1,0.1,0.1,0.0935,0.040365,0.65,0.0,0.7831,0.0935,0.0935,-2.77,"K05826: outcompeted at locus; below KOfam threshold by 17.2 (score=16.5, threshold=33.7, ratio=0.49)",2,1,"Absent: confidence=0.044, posterior mean=0.094. Credible interval [0.00, 0.78] and HDI [0.09, 0.09] well below threshold=0.65. No meaningful genomic evidence. Note: 2 KO(s) flagged but within acceptable range."
M00769,"Multidrug resistance, efflux pump MexPQ-OpmE",0.471,0.471,"K18304,K19591,K19593,K19594,K19595",,0.0,3,2.0,2.0,0.6061,0.055523,0.65,0.1311,0.9687,0.1862,0.997,-0.186,"K19593: outcompeted at locus; below KOfam threshold by 346.9 (score=349.1, threshold=696.0, ratio=0.50) | K19594: outcompeted at locus; below KOfam threshold by 141.5 (score=1785.3, threshold=1926.8, ratio=0.93) | K19595: outcompeted at locus; below KOfam threshold by 70.6 (score=399.9, threshold=470.5, ratio=0.85)",6,0,"Uncertain: confidence=0.471 with credible interval [0.13, 0.97] straddling threshold=0.65. Posterior mean=0.606, HDI [0.19, 1.00]. Module may be present but evidence is inconclusive. Note: 6 KO(s) flagged but within acceptable range."
M00774,"Erythromycin biosynthesis, propanoyl-CoA + methylmalonyl-CoA => deoxyerythronolide B => erythromycin A/B",0.0,0.0,"K10817,K14366,K14367,K14368,K14369,K14370,K15997,K24563,K24564","R00918,R05270,R05520,R05522,R05530,R05531,R05532",0.0,6,0.0,0.0,0.0,4e-06,0.65,0.0,0.0,0.0,0.0,-321.457,"K10817: outcompeted at locus; below KOfam threshold by 4503.5 (score=119.8, threshold=4623.3, ratio=0.03) | K14366: outcompeted at locus; below KOfam threshold by 532.1 (score=87.6, threshold=619.7, ratio=0.14) | K14368: outcompeted at locus; below KOfam threshold by 609.6 (score=29.9, threshold=639.5, ratio=0.05) | K14369: outcompeted at locus; below KOfam threshold by 307.9 (score=53.9, threshold=361.8, ratio=0.15) | K14370: outcompeted at locus; below KOfam threshold by 720.6 (score=51.3, threshold=771.9, ratio=0.07) | K15997: outcompeted at locus; below KOfam threshold by 600.5 (score=43.5, threshold=644.0, ratio=0.07) | K24563: outcompeted at locus; below KOfam threshold by 5228.3 (score=127.1, threshold=5355.4, ratio=0.02) | K24564: outcompeted at locus; below KOfam threshold by 4731.9 (score=117.7, threshold=4849.6, ratio=0.02)",16,8,"Absent: confidence=0.000, posterior mean=0.000. Credible interval [0.00, 0.00] and HDI [0.00, 0.00] well below threshold=0.65. No meaningful genomic evidence. Note: 16 KO(s) flagged but within acceptable range."
M00777,"Avermectin biosynthesis, 2-methylbutanoyl-CoA/isobutyryl-CoA => 6,8a-Seco-6,8a-deoxy-5-oxoavermectin 1a/1b aglycone => avermectin A1a/B1a/A1b/B1b",0.0,0.0,"K14371,K14372,K14373,K14374,K14375,K24567,K24568,K24569","R06467,R06470,R06473,R06475,R06477,R06479,R06481,R06483,R06488,R06489,R06490,R06491,R06496,R06497,R06498,R06499",0.115,5,0.0,0.0,0.0105,0.001598,0.65,0.0,0.1211,0.0105,0.0105,-15.999,K14371: outcompeted at locus; below KOfam threshold (no score available) | K14373: outcompeted at locus; below KOfam threshold (no score available) | K14374: outcompeted at locus; below KOfam threshold (no score available) | K14375: outcompeted at locus; below KOfam threshold (no score available) | K24567: outcompeted at locus; below KOfam threshold (no score available) | K24568: outcompeted at locus; below KOfam threshold (no score available) | K24569: outcompeted at locus; below KOfam threshold (no score available),14,7,"Absent: confidence=0.000, posterior mean=0.010. Credible interval [0.00, 0.12] and HDI [0.01, 0.01] well below threshold=0.65. No meaningful genomic evidence. Note: 14 KO(s) flagged but within acceptable range."
M00778,"Type II polyketide backbone biosynthesis, acyl-CoA + malonyl-CoA => polyketide",0.0,0.0,"K05551,K05552,K05553,K05554,K05555","R06643,R09258,R09259,R09265,R09305,R11516",0.006,2,0.0,0.0,0.0015,0.000479,0.65,0.0,0.0002,0.0015,0.0015,-29.618,"K05551: outcompeted at locus; below KOfam threshold by 298.5 (score=373.6, threshold=672.1, ratio=0.56) | K05552: outcompeted at locus; below KOfam threshold by 275.5 (score=274.3, threshold=549.8, ratio=0.50) | K05553: outcompeted at locus; below KOfam threshold by 23.6 (score=38.5, threshold=62.1, ratio=0.62) | K05554: outcompeted at locus; below KOfam threshold by 74.2 (score=42.2, threshold=116.4, ratio=0.36) | K05555: outcompeted at locus; below KOfam threshold by 93.5 (score=63.8, threshold=157.3, ratio=0.41)",10,3,"Absent: confidence=0.000, posterior mean=0.002. Credible interval [0.00, 0.00] and HDI [0.00, 0.00] well below threshold=0.65. No meaningful genomic evidence. Note: 10 KO(s) flagged but within acceptable range."
M00779,"Dihydrokalafungin biosynthesis, octaketide => dihydrokalafungin",0.034,0.029,"K05556,K14626,K14629,K14632","R06695,R06696,R09306,R09307,R09308",0.001,4,1.01,1.1,0.2429,0.034051,0.65,0.0098,0.6802,0.001,0.6046,-2.206,"K05556: outcompeted at locus; below KOfam threshold by 63.7 (score=305.5, threshold=369.2, ratio=0.83) | K14626: outcompeted at locus; below KOfam threshold by 146.0 (score=16.1, threshold=162.1, ratio=0.10) | K14629: outcompeted at locus; below KOfam threshold by 235.4 (score=176.5, threshold=411.9, ratio=0.43) | K14632: below KOfam threshold by 34.1 (score=54.7, threshold=88.8, ratio=0.62)",7,2,"Absent: confidence=0.034, posterior mean=0.243. Credible interval [0.01, 0.68] and HDI [0.00, 0.60] well below threshold=0.65. No meaningful genomic evidence. Note: 7 KO(s) flagged but within acceptable range."
M00780,"Tetracycline/oxytetracycline biosynthesis, pretetramide => tetracycline/oxytetracycline",0.0,0.0,"K14251,K14252,K14253,K14254,K14255,K14256,K21301","R04060,R05459,R05462,R05463,R09189,R09190,R09191,R09192,R09197,R09198",0.001,7,0.04,0.0,0.0062,0.000711,0.65,0.0,0.0731,0.0062,0.0062,-24.147,"K14251: outcompeted at locus; below KOfam threshold by 367.7 (score=17.1, threshold=384.8, ratio=0.04) | K14252: outcompeted at locus; below KOfam threshold by 527.7 (score=193.3, threshold=721.0, ratio=0.27) | K14253: outcompeted at locus; below KOfam threshold by 362.2 (score=103.2, threshold=465.4, ratio=0.22) | K14254: outcompeted at locus; below KOfam threshold by 393.3 (score=180.8, threshold=574.1, ratio=0.31) | K14255: outcompeted at locus; below KOfam threshold by 431.4 (score=19.4, threshold=450.8, ratio=0.04) | K14256: outcompeted at locus; below KOfam threshold by 463.4 (score=200.5, threshold=663.9, ratio=0.30)",12,6,"Absent: confidence=0.000, posterior mean=0.006. Credible interval [0.00, 0.07] and HDI [0.01, 0.01] well below threshold=0.65. No meaningful genomic evidence. Note: 12 KO(s) flagged but within acceptable range."
M00781,"Nogalavinone/aklavinone biosynthesis, deoxynogalonate/deoxyaklanonate => nogalavinone/aklavinone",0.0,0.0,"K15941,K15942,K15943,K15944","R06675,R06679,R06680,R06681,R06682,R09327,R09328,R09329",0.0,4,0.01,0.0,0.0024,0.000451,0.65,0.0,0.0144,0.0024,0.0024,-30.507,"K15942: outcompeted at locus; below KOfam threshold by 297.8 (score=67.3, threshold=365.1, ratio=0.18) | K15944: outcompeted at locus; below KOfam threshold by 204.8 (score=169.7, threshold=374.5, ratio=0.45)",4,2,"Absent: confidence=0.000, posterior mean=0.002. Credible interval [0.00, 0.01] and HDI [0.00, 0.00] well below threshold=0.65. No meaningful genomic evidence. Note: 4 KO(s) flagged but within acceptable range."
M00783,"Tetracenomycin C/8-demethyltetracenomycin C biosynthesis, tetracenomycin F2 => tetracenomycin C/8-demethyltetracenomycin C",0.0,0.0,"K15886,K15968,K15969,K15971,K15972","R06699,R06700,R06701,R06703,R06704,R06713,R10954",0.001,5,0.02,0.0,0.0031,0.000482,0.65,0.0,0.0299,0.0031,0.0031,-29.465,"K15886: outcompeted at locus; below KOfam threshold (no score available) | K15969: outcompeted at locus; below KOfam threshold (no score available) | K15972: outcompeted at locus; below KOfam threshold by 406.5 (score=224.0, threshold=630.5, ratio=0.36)",6,3,"Absent: confidence=0.000, posterior mean=0.003. Credible interval [0.00, 0.03] and HDI [0.00, 0.00] well below threshold=0.65. No meaningful genomic evidence. Note: 6 KO(s) flagged but within acceptable range."
M00787,"Bacilysin biosynthesis, prephenate => bacilysin",0.201,0.032,"K13037,K19546,K19547,K19548,K19549,K19550","R10917,R10934,R11064,R11065,R11067,R11068",0.001,6,2.01,3.2,0.4861,0.032869,0.65,0.1493,0.8308,0.1471,0.8268,-0.904,"K13037: below KOfam threshold by 430.2 (score=45.1, threshold=475.3, ratio=0.09) | K19546: outcompeted at locus; below KOfam threshold by 164.8 (score=17.8, threshold=182.6, ratio=0.10) | K19547: outcompeted at locus; below KOfam threshold by 117.2 (score=23.9, threshold=141.1, ratio=0.17) | K19548: outcompeted at locus; below KOfam threshold by 41.8 (score=253.7, threshold=295.5, ratio=0.86) | K19549: outcompeted at locus; below KOfam threshold by 387.5 (score=301.0, threshold=688.5, ratio=0.44) | K19550: below KOfam threshold by 227.0 (score=161.3, threshold=388.3, ratio=0.42)",10,5,"Likely absent: confidence=0.201, posterior mean=0.486 below threshold=0.65. Credible interval [0.15, 0.83] mostly below threshold. Some genomic evidence exists but is insufficient. Note: 10 KO(s) flagged but within acceptable range."
M00790,"Pyrrolnitrin biosynthesis, tryptophan => pyrrolnitrin",0.0,0.0,"K14257,K14266,K19981,K19982","R09570,R11105,R11106,R11107",0.007,4,0.0,0.0,0.0015,0.000268,0.65,0.0,0.0028,0.0015,0.0015,-39.604,"K14257: outcompeted at locus; below KOfam threshold by 210.2 (score=141.6, threshold=351.8, ratio=0.40) | K14266: outcompeted at locus; below KOfam threshold by 347.8 (score=48.8, threshold=396.6, ratio=0.12) | K19982: outcompeted at locus; below KOfam threshold by 152.0 (score=108.7, threshold=260.7, ratio=0.42)",6,3,"Absent: confidence=0.000, posterior mean=0.001. Credible interval [0.00, 0.00] and HDI [0.00, 0.00] well below threshold=0.65. No meaningful genomic evidence. Note: 6 KO(s) flagged but within acceptable range."
M00793,"dTDP-L-rhamnose biosynthesis, glucose-1P => dTDP-L-Rha",0.969,0.969,"K00067,K00973,K01710,K01790","R02328,R02777,R06513,R06514",0.463,3,3.0,3.0,0.9512,0.010794,0.65,0.6169,1.0,0.9512,0.9512,2.899,,0,0,"Likely present: confidence=0.969 and posterior mean=0.951 above threshold=0.65, but credible interval [0.62, 1.00] extends below threshold. HDI [0.95, 0.95], effect size=2.90."
M00794,dTDP-6-deoxy-D-allose biosynthesis,0.0,0.0,"K13312,K13313","R06437,R06438,R10573",0.0,2,0.0,0.0,0.0001,1.6e-05,0.65,0.0,0.0,0.0001,0.0001,-163.547,"K13312: outcompeted at locus; below KOfam threshold by 139.3 (score=129.3, threshold=268.6, ratio=0.48) | K13313: outcompeted at locus; below KOfam threshold by 195.9 (score=178.6, threshold=374.5, ratio=0.48)",4,2,"Absent: confidence=0.000, posterior mean=0.000. Credible interval [0.00, 0.00] and HDI [0.00, 0.00] well below threshold=0.65. No meaningful genomic evidence. Note: 4 KO(s) flagged but within acceptable range."
M00795,dTDP-beta-L-noviose biosynthesis,0.0,0.0,"K12710,K17625,K19855","R06437,R10459,R11020",0.001,3,0.01,0.0,0.0023,0.000525,0.65,0.0,0.0069,0.0023,0.0023,-28.273,"K12710: outcompeted at locus; below KOfam threshold by 629.5 (score=13.8, threshold=643.3, ratio=0.02) | K17625: outcompeted at locus; below KOfam threshold by 367.5 (score=172.1, threshold=539.6, ratio=0.32) | K19855: outcompeted at locus; below KOfam threshold by 244.3 (score=141.9, threshold=386.2, ratio=0.37)",6,3,"Absent: confidence=0.000, posterior mean=0.002. Credible interval [0.00, 0.01] and HDI [0.00, 0.00] well below threshold=0.65. No meaningful genomic evidence. Note: 6 KO(s) flagged but within acceptable range."
M00796,dTDP-D-mycaminose biosynthesis,0.09,0.09,"K13307,K19853,K19854","R06423,R06424,R06439",0.001,3,1.0,1.0,0.3041,0.049216,0.65,0.0111,0.7998,0.001,0.7287,-1.559,"K13307: outcompeted at locus; below KOfam threshold by 319.8 (score=47.4, threshold=367.2, ratio=0.13) | K19853: below KOfam threshold (no score available) | K19854: outcompeted at locus; below KOfam threshold (no score available)",5,3,"Likely absent: confidence=0.090, posterior mean=0.304 below threshold=0.65. Credible interval [0.01, 0.80] mostly below threshold. Some genomic evidence exists but is insufficient. Note: 5 KO(s) flagged but within acceptable range."
M00797,dTDP-D-desosamine biosynthesis,0.0,0.0,"K13308,K13309,K13311,K16436","R02773,R06426,R06427,R08583",0.001,4,0.0,0.0,0.0007,0.000137,0.65,0.0,0.0001,0.0007,0.0007,-55.406,"K13308: outcompeted at locus; below KOfam threshold by 406.5 (score=172.4, threshold=578.9, ratio=0.30) | K13309: outcompeted at locus; below KOfam threshold by 817.5 (score=14.9, threshold=832.4, ratio=0.02) | K13311: outcompeted at locus; below KOfam threshold by 308.8 (score=45.2, threshold=354.0, ratio=0.13) | K16436: outcompeted at locus; below KOfam threshold by 267.5 (score=266.3, threshold=533.8, ratio=0.50)",8,4,"Absent: confidence=0.000, posterior mean=0.001. Credible interval [0.00, 0.00] and HDI [0.00, 0.00] well below threshold=0.65. No meaningful genomic evidence. Note: 8 KO(s) flagged but within acceptable range."
M00798,dTDP-L-mycarose biosynthesis,0.0,0.0,"K13315,K13317,K13318,K16435,K16438","R05518,R06436,R08933,R08934,R11051",0.002,5,0.0,0.0,0.0011,0.000169,0.65,0.0,0.0017,0.0011,0.0011,-49.883,"K13315: outcompeted at locus; below KOfam threshold by 192.0 (score=258.6, threshold=450.6, ratio=0.57) | K13317: outcompeted at locus; below KOfam threshold by 531.0 (score=20.4, threshold=551.4, ratio=0.04) | K13318: outcompeted at locus; below KOfam threshold by 324.7 (score=91.6, threshold=416.3, ratio=0.22) | K16435: outcompeted at locus; below KOfam threshold by 139.0 (score=84.5, threshold=223.5, ratio=0.38) | K16438: outcompeted at locus; below KOfam threshold by 138.6 (score=153.2, threshold=291.8, ratio=0.52)",10,3,"Absent: confidence=0.000, posterior mean=0.001. Credible interval [0.00, 0.00] and HDI [0.00, 0.00] well below threshold=0.65. No meaningful genomic evidence. Note: 10 KO(s) flagged but within acceptable range."
M00799,dTDP-L-oleandrose biosynthesis,0.009,0.009,"K13315,K16435,K16438,K19856,K19857","R05518,R06433,R11041,R11042,R11051",0.001,5,1.0,1.0,0.1828,0.022984,0.65,0.0057,0.5608,0.001,0.4865,-3.082,"K13315: outcompeted at locus; below KOfam threshold by 192.0 (score=258.6, threshold=450.6, ratio=0.57) | K16435: outcompeted at locus; below KOfam threshold by 139.0 (score=84.5, threshold=223.5, ratio=0.38) | K16438: outcompeted at locus; below KOfam threshold by 138.6 (score=153.2, threshold=291.8, ratio=0.52) | K19856: below KOfam threshold by 421.6 (score=12.9, threshold=434.5, ratio=0.03) | K19857: outcompeted at locus; below KOfam threshold (no score available)",9,3,"Absent: confidence=0.009, posterior mean=0.183. Credible interval [0.01, 0.56] and HDI [0.00, 0.49] well below threshold=0.65. No meaningful genomic evidence. Note: 9 KO(s) flagged but within acceptable range."
M00800,dTDP-L-megosamine biosynthesis,0.0,0.0,"K13322,K13326,K16435,K16436,K16438","R05518,R06631,R11045,R11046,R11047",0.001,5,0.0,0.0,0.0005,7.2e-05,0.65,0.0,0.0,0.0005,0.0005,-76.539,"K13322: outcompeted at locus; below KOfam threshold (no score available) | K13326: outcompeted at locus; below KOfam threshold by 260.2 (score=38.4, threshold=298.6, ratio=0.13) | K16435: outcompeted at locus; below KOfam threshold by 139.0 (score=84.5, threshold=223.5, ratio=0.38) | K16436: outcompeted at locus; below KOfam threshold by 267.5 (score=266.3, threshold=533.8, ratio=0.50) | K16438: outcompeted at locus; below KOfam threshold by 138.6 (score=153.2, threshold=291.8, ratio=0.52)",10,4,"Absent: confidence=0.000, posterior mean=0.000. Credible interval [0.00, 0.00] and HDI [0.00, 0.00] well below threshold=0.65. No meaningful genomic evidence. Note: 10 KO(s) flagged but within acceptable range."
M00802,dTDP-D-forosamine biosynthesis,0.0,0.0,"K13327,K13328,K13329,K13330,K16435",,0.0,5,0.0,0.0,0.0003,5.3e-05,0.65,0.0,0.0,0.0003,0.0003,-89.056,"K13327: outcompeted at locus; below KOfam threshold by 188.6 (score=159.0, threshold=347.6, ratio=0.46) | K13328: outcompeted at locus; below KOfam threshold by 556.0 (score=177.3, threshold=733.3, ratio=0.24) | K13329: outcompeted at locus; below KOfam threshold by 385.7 (score=191.6, threshold=577.3, ratio=0.33) | K13330: outcompeted at locus; below KOfam threshold by 364.8 (score=34.4, threshold=399.2, ratio=0.09) | K16435: outcompeted at locus; below KOfam threshold by 139.0 (score=84.5, threshold=223.5, ratio=0.38)",10,5,"Absent: confidence=0.000, posterior mean=0.000. Credible interval [0.00, 0.00] and HDI [0.00, 0.00] well below threshold=0.65. No meaningful genomic evidence. Note: 10 KO(s) flagged but within acceptable range."
M00804,"Complete nitrification, comammox, ammonia => nitrite => nitrate",0.002,0.0,"K00370,K00371,K10535,K10945,K10946,K28504","R00148,R00798,R10164",0.001,3,0.01,0.1,0.0369,0.008272,0.65,0.0,0.3318,0.0369,0.0369,-6.741,"K00370: outcompeted at locus; below KOfam threshold by 739.1 (score=80.8, threshold=819.9, ratio=0.10) | K10535: outcompeted at locus; below KOfam threshold by 271.7 (score=16.9, threshold=288.6, ratio=0.06)",4,2,"Absent: confidence=0.002, posterior mean=0.037. Credible interval [0.00, 0.33] and HDI [0.04, 0.04] well below threshold=0.65. No meaningful genomic evidence. Note: 4 KO(s) flagged but within acceptable range."
M00805,"Staurosporine biosynthesis, tryptophan => staurosporine",0.001,0.001,"K20075,K20076,K20077,K20078,K20079,K20080,K20081,K20082","R05757,R11119,R11120,R11121,R11122,R11123,R11129",0.001,7,1.0,1.0,0.1304,0.013036,0.65,0.0038,0.4243,0.001,0.3604,-4.551,"K20075: outcompeted at locus; below KOfam threshold by 885.5 (score=102.4, threshold=987.9, ratio=0.10) | K20076: below KOfam threshold by 1418.3 (score=38.2, threshold=1456.5, ratio=0.03) | K20077: outcompeted at locus; below KOfam threshold by 658.6 (score=139.4, threshold=798.0, ratio=0.17) | K20078: outcompeted at locus; below KOfam threshold by 343.1 (score=110.7, threshold=453.8, ratio=0.24) | K20079: outcompeted at locus; below KOfam threshold by 750.9 (score=20.5, threshold=771.4, ratio=0.03) | K20080: outcompeted at locus; below KOfam threshold by 770.4 (score=36.1, threshold=806.5, ratio=0.04) | K20081: outcompeted at locus; below KOfam threshold by 320.8 (score=64.9, threshold=385.7, ratio=0.17) | K20082: outcompeted at locus; below KOfam threshold by 244.1 (score=74.9, threshold=319.0, ratio=0.23)",15,8,"Absent: confidence=0.001, posterior mean=0.130. Credible interval [0.00, 0.42] and HDI [0.00, 0.36] well below threshold=0.65. No meaningful genomic evidence. Note: 15 KO(s) flagged but within acceptable range."
M00808,"Violacein biosynthesis, tryptophan => violacein",0.0,0.0,"K20086,K20087,K20088,K20089,K20090","R11119,R11131,R11134,R11135",0.001,4,0.0,0.0,0.0001,1.5e-05,0.65,0.0,0.0,0.0001,0.0001,-165.893,"K20086: outcompeted at locus; below KOfam threshold by 583.6 (score=28.3, threshold=611.9, ratio=0.05) | K20089: outcompeted at locus; below KOfam threshold by 641.1 (score=15.8, threshold=656.9, ratio=0.02) | K20090: outcompeted at locus; below KOfam threshold by 706.4 (score=51.7, threshold=758.1, ratio=0.07)",6,3,"Absent: confidence=0.000, posterior mean=0.000. Credible interval [0.00, 0.00] and HDI [0.00, 0.00] well below threshold=0.65. No meaningful genomic evidence. Note: 6 KO(s) flagged but within acceptable range."
M00810,"Nicotine degradation, pyridine pathway, nicotine => 2,6-dihydroxypyridine/succinate semialdehyde",0.0,0.0,"K19185,K19186,K19187,K19188,K19818,K19819,K19820,K19890","R02860,R07514,R07515,R07946,R11050",0.001,4,0.0,0.0,0.0001,2e-05,0.65,0.0,0.0,0.0001,0.0001,-146.089,"K19185: outcompeted at locus; below KOfam threshold by 229.5 (score=142.0, threshold=371.5, ratio=0.38) | K19186: outcompeted at locus; below KOfam threshold by 72.7 (score=173.4, threshold=246.1, ratio=0.70) | K19187: outcompeted at locus; below KOfam threshold by 992.4 (score=290.5, threshold=1282.9, ratio=0.23) | K19188: outcompeted at locus; below KOfam threshold by 504.0 (score=104.5, threshold=608.5, ratio=0.17) | K19818: outcompeted at locus; below KOfam threshold by 236.6 (score=126.7, threshold=363.3, ratio=0.35) | K19819: outcompeted at locus; below KOfam threshold by 103.6 (score=164.0, threshold=267.6, ratio=0.61) | K19820: outcompeted at locus; below KOfam threshold by 1212.9 (score=257.1, threshold=1470.0, ratio=0.17)",14,5,"Absent: confidence=0.000, posterior mean=0.000. Credible interval [0.00, 0.00] and HDI [0.00, 0.00] well below threshold=0.65. No meaningful genomic evidence. Note: 14 KO(s) flagged but within acceptable range."
M00811,"Nicotine degradation, pyrrolidine pathway, nicotine => succinate semialdehyde",0.0,0.0,"K15359,K20169,K20170,K20171","R09472,R11175,R11178,R11179",0.001,4,0.0,0.0,0.0008,0.000147,0.65,0.0,0.0001,0.0008,0.0008,-53.568,"K20169: outcompeted at locus; below KOfam threshold by 931.7 (score=50.8, threshold=982.5, ratio=0.05) | K20171: outcompeted at locus; below KOfam threshold (no score available)",4,2,"Absent: confidence=0.000, posterior mean=0.001. Credible interval [0.00, 0.00] and HDI [0.00, 0.00] well below threshold=0.65. No meaningful genomic evidence. Note: 4 KO(s) flagged but within acceptable range."
M00814,"Acarbose biosynthesis, sedoheptulopyranose-7P => acarbose",0.0,0.0,"K19969,K19974,K19979,K20424,K20425,K20426,K20427,K20430","R10937,R11081,R11185,R11243,R11244,R11245,R11246,R11247",0.0,8,0.0,0.0,0.0001,8e-06,0.65,0.0,0.0,0.0001,0.0001,-232.665,"K19969: outcompeted at locus; below KOfam threshold by 164.6 (score=240.8, threshold=405.4, ratio=0.59) | K19974: outcompeted at locus; below KOfam threshold by 199.7 (score=13.9, threshold=213.6, ratio=0.07) | K19979: outcompeted at locus; below KOfam threshold by 275.2 (score=20.8, threshold=296.0, ratio=0.07) | K20424: outcompeted at locus; below KOfam threshold by 212.2 (score=49.5, threshold=261.7, ratio=0.19) | K20425: outcompeted at locus; below KOfam threshold by 164.9 (score=82.5, threshold=247.4, ratio=0.33) | K20426: outcompeted at locus; below KOfam threshold by 342.3 (score=37.7, threshold=380.0, ratio=0.10) | K20427: outcompeted at locus; below KOfam threshold by 440.9 (score=44.8, threshold=485.7, ratio=0.09) | K20430: outcompeted at locus; below KOfam threshold by 663.6 (score=17.1, threshold=680.7, ratio=0.03)",16,7,"Absent: confidence=0.000, posterior mean=0.000. Credible interval [0.00, 0.00] and HDI [0.00, 0.00] well below threshold=0.65. No meaningful genomic evidence. Note: 16 KO(s) flagged but within acceptable range."
M00815,"Validamycin A biosynthesis, sedoheptulopyranose-7P => validamycin A",0.0,0.0,"K19969,K20431,K20432,K20433,K20434,K20435,K20436,K20437,K20438","R10937,R11079,R11233,R11234,R11236,R11238,R11240,R11241,R11497",0.001,9,1.01,1.0,0.1017,0.008384,0.65,0.0029,0.3405,0.001,0.2863,-5.988,"K19969: outcompeted at locus; below KOfam threshold by 164.6 (score=240.8, threshold=405.4, ratio=0.59) | K20431: outcompeted at locus; below KOfam threshold by 181.9 (score=22.7, threshold=204.6, ratio=0.11) | K20432: outcompeted at locus; below KOfam threshold by 262.8 (score=75.4, threshold=338.2, ratio=0.22) | K20434: outcompeted at locus; below KOfam threshold by 202.7 (score=52.2, threshold=254.9, ratio=0.20) | K20435: below KOfam threshold by 483.4 (score=247.1, threshold=730.5, ratio=0.34) | K20436: outcompeted at locus; below KOfam threshold by 575.1 (score=20.7, threshold=595.8, ratio=0.03) | K20437: outcompeted at locus; below KOfam threshold by 178.1 (score=130.2, threshold=308.3, ratio=0.42) | K20438: outcompeted at locus; below KOfam threshold (no score available)",15,7,"Absent: confidence=0.000, posterior mean=0.102. Credible interval [0.00, 0.34] and HDI [0.00, 0.29] well below threshold=0.65. No meaningful genomic evidence. Note: 15 KO(s) flagged but within acceptable range."
M00819,"Pentalenolactone biosynthesis, farnesyl-PP => pentalenolactone",0.0,0.0,"K12250,K15907,K17476,K17747,K18056,K18057,K18091","R02305,R09814,R10145,R10154,R10156,R10157,R10162",0.0,7,0.0,0.0,0.0004,4.5e-05,0.65,0.0,0.0,0.0004,0.0004,-96.834,"K17476: outcompeted at locus; below KOfam threshold by 775.3 (score=34.8, threshold=810.1, ratio=0.04) | K17747: outcompeted at locus; below KOfam threshold by 383.6 (score=91.6, threshold=475.2, ratio=0.19) | K18056: outcompeted at locus; below KOfam threshold by 501.0 (score=28.8, threshold=529.8, ratio=0.05) | K18057: outcompeted at locus; below KOfam threshold by 400.5 (score=170.5, threshold=571.0, ratio=0.30) | K18091: outcompeted at locus; below KOfam threshold by 835.5 (score=245.0, threshold=1080.5, ratio=0.23)",10,5,"Absent: confidence=0.000, posterior mean=0.000. Credible interval [0.00, 0.00] and HDI [0.00, 0.00] well below threshold=0.65. No meaningful genomic evidence. Note: 10 KO(s) flagged but within acceptable range."
M00823,"Chlortetracycline biosynthesis, pretetramide => chlortetracycline",0.0,0.0,"K14251,K14252,K14253,K14254,K14255,K14256,K14257,K21297,K21301","R04060,R05459,R05462,R05463,R09189,R09190,R09191,R09192,R09197,R09198,R11478",0.001,8,0.04,0.0,0.0055,0.000554,0.65,0.0,0.0638,0.0055,0.0055,-27.391,"K14251: outcompeted at locus; below KOfam threshold by 367.7 (score=17.1, threshold=384.8, ratio=0.04) | K14252: outcompeted at locus; below KOfam threshold by 527.7 (score=193.3, threshold=721.0, ratio=0.27) | K14253: outcompeted at locus; below KOfam threshold by 362.2 (score=103.2, threshold=465.4, ratio=0.22) | K14254: outcompeted at locus; below KOfam threshold by 393.3 (score=180.8, threshold=574.1, ratio=0.31) | K14255: outcompeted at locus; below KOfam threshold by 431.4 (score=19.4, threshold=450.8, ratio=0.04) | K14256: outcompeted at locus; below KOfam threshold by 463.4 (score=200.5, threshold=663.9, ratio=0.30) | K14257: outcompeted at locus; below KOfam threshold by 210.2 (score=141.6, threshold=351.8, ratio=0.40) | K21297: outcompeted at locus; below KOfam threshold by 58.9 (score=123.3, threshold=182.2, ratio=0.68)",16,7,"Absent: confidence=0.000, posterior mean=0.005. Credible interval [0.00, 0.06] and HDI [0.01, 0.01] well below threshold=0.65. No meaningful genomic evidence. Note: 16 KO(s) flagged but within acceptable range."
M00824,"9-membered enediyne core biosynthesis, malonyl-CoA => 3-hydroxyhexadeca-4,6,8,10,12,14-hexaenoyl-ACP => 9-membered enediyne core",0.0,0.0,"K15314,K21160,K21161,K21162,K21163,K21164,K21165,K21166,K21167",R11435,0.004,2,0.0,0.0,0.0021,0.000646,0.65,0.0,0.0013,0.0021,0.0021,-25.485,"K15314: outcompeted at locus; below KOfam threshold by 892.9 (score=183.9, threshold=1076.8, ratio=0.17) | K21162: below KOfam threshold by 172.9 (score=13.5, threshold=186.4, ratio=0.07) | K21164: outcompeted at locus; below KOfam threshold by 393.4 (score=42.1, threshold=435.5, ratio=0.10) | K21166: outcompeted at locus; below KOfam threshold by 820.3 (score=91.5, threshold=911.8, ratio=0.10)",7,4,"Absent: confidence=0.000, posterior mean=0.002. Credible interval [0.00, 0.00] and HDI [0.00, 0.00] well below threshold=0.65. No meaningful genomic evidence. Note: 7 KO(s) flagged but within acceptable range."
M00826,"C-1027 benzoxazolinate moiety biosynthesis, chorismate => benzoxazolinyl-CoA",0.188,0.033,"K20156,K20159,K21175,K21176,K21177,K21178,K21179","R08956,R09559,R11362,R11363,R11364,R11365",0.001,6,2.01,3.2,0.4773,0.032827,0.65,0.1432,0.8242,0.1391,0.8188,-0.953,"K20156: outcompeted at locus; below KOfam threshold by 260.7 (score=12.1, threshold=272.8, ratio=0.04) | K20159: below KOfam threshold by 91.9 (score=549.5, threshold=641.4, ratio=0.86) | K21175: below KOfam threshold (no score available) | K21176: below KOfam threshold by 220.1 (score=487.8, threshold=707.9, ratio=0.69) | K21177: outcompeted at locus; below KOfam threshold by 393.9 (score=129.6, threshold=523.5, ratio=0.25) | K21178: outcompeted at locus; below KOfam threshold by 464.9 (score=22.1, threshold=487.0, ratio=0.05) | K21179: outcompeted at locus; below KOfam threshold (no score available)",11,5,"Likely absent: confidence=0.188, posterior mean=0.477 below threshold=0.65. Credible interval [0.14, 0.82] mostly below threshold. Some genomic evidence exists but is insufficient. Note: 11 KO(s) flagged but within acceptable range."
M00827,"C-1027 beta-amino acid moiety biosynthesis, tyrosine => 3-chloro-4,5-dihydroxy-beta-phenylalanyl-PCP",0.074,0.0,K21183,,0.001,1,0.0,0.2,0.1448,0.058955,0.65,0.0,0.8744,0.1448,0.1448,-2.081,"K21183: outcompeted at locus; below KOfam threshold by -142.6 (score=230.9, threshold=88.3, ratio=2.62)",2,0,"Likely absent: confidence=0.074, posterior mean=0.145 below threshold=0.65. Credible interval [0.00, 0.87] mostly below threshold. Some genomic evidence exists but is insufficient. Note: 2 KO(s) flagged but within acceptable range."
M00828,"Maduropeptin beta-hydroxy acid moiety biosynthesis, tyrosine => 3-(4-hydroxyphenyl)-3-oxopropanoyl-PCP",0.074,0.0,K21183,,0.001,1,0.0,0.2,0.1448,0.058955,0.65,0.0,0.8744,0.1448,0.1448,-2.081,"K21183: outcompeted at locus; below KOfam threshold by -142.6 (score=230.9, threshold=88.3, ratio=2.62)",2,0,"Likely absent: confidence=0.074, posterior mean=0.145 below threshold=0.65. Credible interval [0.00, 0.87] mostly below threshold. Some genomic evidence exists but is insufficient. Note: 2 KO(s) flagged but within acceptable range."
M00829,"3,6-Dimethylsalicylyl-CoA biosynthesis, malonyl-CoA => 6-methylsalicylate => 3,6-dimethylsalicylyl-CoA",0.0,0.0,"K15320,K21191,K21192","R07253,R11370,R11371",0.001,3,0.0,0.0,0.0002,3.9e-05,0.65,0.0,0.0,0.0002,0.0002,-103.574,"K15320: outcompeted at locus; below KOfam threshold by 2055.7 (score=128.1, threshold=2183.8, ratio=0.06) | K21191: outcompeted at locus; below KOfam threshold by 669.6 (score=331.3, threshold=1000.9, ratio=0.33) | K21192: outcompeted at locus; below KOfam threshold by 593.4 (score=22.2, threshold=615.6, ratio=0.04)",6,3,"Absent: confidence=0.000, posterior mean=0.000. Credible interval [0.00, 0.00] and HDI [0.00, 0.00] well below threshold=0.65. No meaningful genomic evidence. Note: 6 KO(s) flagged but within acceptable range."
M00830,"Neocarzinostatin naphthoate moiety biosynthesis, malonyl-CoA => 2-hydroxy-5-methyl-1-naphthoate => 2-hydroxy-7-methoxy-5-methyl-1-naphthoyl-CoA",0.054,0.027,"K20420,K20421,K20422,K20423","R10771,R10796,R10963,R11125",0.001,4,0.99,1.3,0.2876,0.037944,0.65,0.0188,0.7281,0.001,0.6577,-1.86,"K20420: outcompeted at locus; below KOfam threshold by 339.8 (score=89.4, threshold=429.2, ratio=0.21) | K20421: below KOfam threshold by 297.3 (score=22.7, threshold=320.0, ratio=0.07) | K20422: outcompeted at locus; below KOfam threshold by 2728.9 (score=102.9, threshold=2831.8, ratio=0.04) | K20423: outcompeted at locus; below KOfam threshold by 260.7 (score=538.7, threshold=799.4, ratio=0.67)",7,3,"Likely absent: confidence=0.054, posterior mean=0.288 below threshold=0.65. Credible interval [0.02, 0.73] mostly below threshold. Some genomic evidence exists but is insufficient. Note: 7 KO(s) flagged but within acceptable range."
M00833,"Calicheamicin biosynthesis, calicheamicinone => calicheamicin",0.0,0.0,"K21254,K21255,K21256,K21257,K21258","R11412,R11413,R11414,R11415,R11416",0.001,1,0.0,0.0,0.0,2.3e-05,0.65,0.0,0.0,0.0,0.0,-134.654,"K21254: outcompeted at locus; below KOfam threshold by 1931.6 (score=109.5, threshold=2041.1, ratio=0.05) | K21255: outcompeted at locus; below KOfam threshold by 372.7 (score=16.6, threshold=389.3, ratio=0.04) | K21256: outcompeted at locus; below KOfam threshold (no score available) | K21257: outcompeted at locus; below KOfam threshold (no score available)",8,4,"Absent: confidence=0.000, posterior mean=0.000. Credible interval [0.00, 0.00] and HDI [0.00, 0.00] well below threshold=0.65. No meaningful genomic evidence. Note: 8 KO(s) flagged but within acceptable range."
M00834,"Calicheamicin orsellinate moiety biosynthesis, malonyl-CoA => orsellinate-ACP => 5-iodo-2,3-dimethoxyorsellinate-ACP",0.0,0.0,"K21254,K21255,K21256,K21257,K21258","R11412,R11413,R11414,R11415,R11416",0.001,5,0.02,0.0,0.0031,0.000468,0.65,0.0,0.0285,0.0031,0.0031,-29.893,"K21254: outcompeted at locus; below KOfam threshold by 1931.6 (score=109.5, threshold=2041.1, ratio=0.05) | K21255: outcompeted at locus; below KOfam threshold by 372.7 (score=16.6, threshold=389.3, ratio=0.04) | K21256: outcompeted at locus; below KOfam threshold (no score available) | K21257: outcompeted at locus; below KOfam threshold (no score available)",8,4,"Absent: confidence=0.000, posterior mean=0.003. Credible interval [0.00, 0.03] and HDI [0.00, 0.00] well below threshold=0.65. No meaningful genomic evidence. Note: 8 KO(s) flagged but within acceptable range."
M00835,"Pyocyanine biosynthesis, chorismate => pyocyanine",0.001,0.001,"K06998,K13063,K20260,K20261,K20262,K20940,K21103","R08956,R09707,R11346,R11463,R11491,R11533,R11568,R11569",0.002,7,1.02,1.0,0.1323,0.013193,0.65,0.0041,0.4272,0.001,0.3634,-4.507,"K13063: outcompeted at locus; below KOfam threshold by 248.9 (score=144.5, threshold=393.4, ratio=0.37) | K20261: outcompeted at locus; below KOfam threshold by 248.4 (score=63.1, threshold=311.5, ratio=0.20) | K20262: outcompeted at locus; below KOfam threshold by 55.7 (score=176.4, threshold=232.1, ratio=0.76) | K20940: outcompeted at locus; below KOfam threshold by 57.3 (score=208.7, threshold=266.0, ratio=0.78) | K21103: outcompeted at locus; below KOfam threshold by 434.2 (score=19.1, threshold=453.3, ratio=0.04)",10,3,"Absent: confidence=0.001, posterior mean=0.132. Credible interval [0.00, 0.43] and HDI [0.00, 0.36] well below threshold=0.65. No meaningful genomic evidence. Note: 10 KO(s) flagged but within acceptable range."
M00836,,0.0,0.0,"K21610,K21611,K21612,K22011,K22012","R11626,R11627,R11628,R11629",0.001,4,0.0,0.0,0.0001,1.7e-05,0.65,0.0,0.0,0.0001,0.0001,-158.275,"K21610: outcompeted at locus; below KOfam threshold by 361.9 (score=42.3, threshold=404.2, ratio=0.10) | K21612: outcompeted at locus; below KOfam threshold by 152.5 (score=47.0, threshold=199.5, ratio=0.24) | K22011: outcompeted at locus; below KOfam threshold by 104.5 (score=23.8, threshold=128.3, ratio=0.19) | K22012: outcompeted at locus; below KOfam threshold by 350.5 (score=248.8, threshold=599.3, ratio=0.42)",8,4,"Absent: confidence=0.000, posterior mean=0.000. Credible interval [0.00, 0.00] and HDI [0.00, 0.00] well below threshold=0.65. No meaningful genomic evidence. Note: 8 KO(s) flagged but within acceptable range."
M00837,"Prodigiosin biosynthesis, L-proline => prodigiosin",0.0,0.0,K21787,R11662,0.004,1,0.0,0.0,0.0005,0.000218,0.65,0.0,0.0,0.0005,0.0005,-44.013,"K21787: outcompeted at locus; below KOfam threshold by 570.7 (score=330.5, threshold=901.2, ratio=0.37)",2,1,"Absent: confidence=0.000, posterior mean=0.000. Credible interval [0.00, 0.00] and HDI [0.00, 0.00] well below threshold=0.65. No meaningful genomic evidence. Note: 2 KO(s) flagged but within acceptable range."
M00838,"Undecylprodigiosin biosynthesis, L-proline => undecylprodigiosin",0.0,0.0,K21787,R11673,0.004,1,0.0,0.0,0.0005,0.000218,0.65,0.0,0.0,0.0005,0.0005,-44.013,"K21787: outcompeted at locus; below KOfam threshold by 570.7 (score=330.5, threshold=901.2, ratio=0.37)",2,1,"Absent: confidence=0.000, posterior mean=0.000. Credible interval [0.00, 0.00] and HDI [0.00, 0.00] well below threshold=0.65. No meaningful genomic evidence. Note: 2 KO(s) flagged but within acceptable range."
M00840,"Tetrahydrofolate biosynthesis, mediated by ribA and trpF, GTP => THF",0.156,0.156,"K00287,K01633,K13941,K14652,K22099,K22100","R00425,R00936,R00939,R02237,R03066,R03067,R03503,R03504,R11072",0.001,6,3.0,3.0,0.4547,0.032624,0.65,0.1281,0.8069,0.1201,0.7958,-1.081,"K13941: outcompeted at locus; below KOfam threshold by 262.8 (score=303.9, threshold=566.7, ratio=0.54) | K22100: outcompeted at locus; below KOfam threshold by 153.6 (score=110.4, threshold=264.0, ratio=0.42)",4,1,"Likely absent: confidence=0.156, posterior mean=0.455 below threshold=0.65. Credible interval [0.13, 0.81] mostly below threshold. Some genomic evidence exists but is insufficient. Note: 4 KO(s) flagged but within acceptable range."
M00843,"L-threo-Tetrahydrobiopterin biosynthesis, GTP => L-threo-BH4",0.472,0.472,"K01495,K01737,K17745","R00428,R04286,R04639,R05046,R05048,R09990",0.001,3,2.0,2.0,0.6062,0.055517,0.65,0.1312,0.9688,0.1862,0.997,-0.186,"K17745: outcompeted at locus; below KOfam threshold by 271.8 (score=133.4, threshold=405.2, ratio=0.33)",2,1,"Uncertain: confidence=0.472 with credible interval [0.13, 0.97] straddling threshold=0.65. Posterior mean=0.606, HDI [0.19, 1.00]. Module may be present but evidence is inconclusive. Note: 2 KO(s) flagged but within acceptable range."
M00844,"Arginine biosynthesis, ornithine => arginine",0.988,0.988,"K00611,K01755,K01940","R01086,R01398,R01954",0.758,3,3.0,3.0,0.978,0.005002,0.65,0.7576,1.0,0.978,0.978,4.638,,0,0,"Present: confidence=0.988 with 95% credible interval [0.76, 1.00] and HDI [0.98, 0.98] entirely above threshold=0.65. Posterior mean=0.978, effect size=4.64."
M00845,"Arginine biosynthesis, glutamate => acetylcitrulline => arginine",0.535,0.534,"K00145,K00821,K01438,K01755,K01940,K09065,K22478","R00259,R01086,R01954,R02283,R02649,R03443,R07245,R09107",0.019,7,5.0,5.0,0.6516,0.026093,0.65,0.3101,0.9196,0.3433,0.9409,0.01,"K00821: outcompeted at locus | K09065: outcompeted at locus; below KOfam threshold by 187.1 (score=213.3, threshold=400.4, ratio=0.53) | K22478: outcompeted at locus; below KOfam threshold by 394.5 (score=122.0, threshold=516.5, ratio=0.24)",5,1,"Uncertain: confidence=0.535 with credible interval [0.31, 0.92] straddling threshold=0.65. Posterior mean=0.652, HDI [0.34, 0.94]. Module may be present but evidence is inconclusive. Note: 5 KO(s) flagged but within acceptable range."
M00846,"Siroheme biosynthesis, glutamyl-tRNA => siroheme",0.993,0.993,"K01698,K01749,K01845,K02302,K02492,K13543","R00036,R00084,R02272,R02864,R03165,R03194,R03947,R04109",0.643,6,6.0,6.0,0.9675,0.004133,0.65,0.7697,1.0,0.9675,0.9675,4.939,"K13543: below KOfam threshold by 235.7 (score=200.0, threshold=435.7, ratio=0.46)",1,1,"Present: confidence=0.993 with 95% credible interval [0.77, 1.00] and HDI [0.97, 0.97] entirely above threshold=0.65. Posterior mean=0.968, effect size=4.94. Note: 1 KO(s) flagged but within acceptable range."
M00847,"Heme biosynthesis, archaea, siroheme => heme",0.003,0.003,"K22225,K22226,K22227","R12000,R12001,R12002",0.02,3,0.14,0.1,0.0458,0.010157,0.65,0.0,0.3711,0.0458,0.0458,-5.995,"K22225: outcompeted at locus; below KOfam threshold by 81.0 (score=28.5, threshold=109.5, ratio=0.26) | K22226: outcompeted at locus; below KOfam threshold by 186.7 (score=187.1, threshold=373.8, ratio=0.50) | K22227: outcompeted at locus; below KOfam threshold by 173.4 (score=189.6, threshold=363.0, ratio=0.52)",6,1,"Absent: confidence=0.003, posterior mean=0.046. Credible interval [0.00, 0.37] and HDI [0.05, 0.05] well below threshold=0.65. No meaningful genomic evidence. Note: 6 KO(s) flagged but within acceptable range."
M00849,,0.106,0.04,"K00021,K00626,K00869,K01641,K01823,K06981,K17942","R00238,R01123,R01978,R02082,R02245,R10093,R10561",0.001,6,2.12,2.7,0.4114,0.031862,0.65,0.1013,0.7716,0.0851,0.7497,-1.337,"K00021: below KOfam threshold by 215.3 (score=9.1, threshold=224.4, ratio=0.04) | K00869: outcompeted at locus; below KOfam threshold by 144.9 (score=13.0, threshold=157.9, ratio=0.08) | K01641: outcompeted at locus; below KOfam threshold by 173.8 (score=39.4, threshold=213.2, ratio=0.18) | K01823: outcompeted at locus; below KOfam threshold by 2.9 (score=30.5, threshold=33.4, ratio=0.91) | K06981: outcompeted at locus; below KOfam threshold by 61.1 (score=48.1, threshold=109.2, ratio=0.44)",9,4,"Likely absent: confidence=0.106, posterior mean=0.411 below threshold=0.65. Credible interval [0.10, 0.77] mostly below threshold. Some genomic evidence exists but is insufficient. Note: 9 KO(s) flagged but within acceptable range."
M00850,"Vibrio cholerae pathogenicity signature, cholera toxins",0.0,0.0,"K10928,K10929,K10948,K10952,K10953,K10954,K11018",,0.0,6,0.01,0.0,0.0009,0.000115,0.65,0.0,0.0011,0.0009,0.0009,-60.652,"K10953: outcompeted at locus; below KOfam threshold by 2523.5 (score=18.2, threshold=2541.7, ratio=0.01) | K10954: outcompeted at locus; below KOfam threshold by 47.9 (score=20.4, threshold=68.3, ratio=0.30) | K11018: outcompeted at locus; below KOfam threshold by 206.6 (score=124.0, threshold=330.6, ratio=0.38)",6,3,"Absent: confidence=0.000, posterior mean=0.001. Credible interval [0.00, 0.00] and HDI [0.00, 0.00] well below threshold=0.65. No meaningful genomic evidence. Note: 6 KO(s) flagged but within acceptable range."
M00851,Carbapenem resistance,0.902,0.902,K18970,,0.016,1,1.0,1.0,0.9105,0.038796,0.65,0.2275,1.0,0.9105,0.9105,1.323,"K18970: below KOfam threshold by 646.9 (score=14.8, threshold=661.7, ratio=0.02)",1,1,"Dubious: confidence=0.902 but 1 KO(s) on best path score below 50% of their KOfam threshold. Credible interval [0.23, 1.00], HDI [0.91, 0.91]. Module detection may be based on weak or spurious HMM hits. DOWNGRADED due to: K18970: below KOfam threshold by 646.9 (score=14.8, threshold=661.7, ratio=0.02)"
M00852,"Vibrio cholerae pathogenicity signature, toxin coregulated pilus",0.0,0.0,"K10919,K10920,K10930,K10931,K10932,K10933,K10934,K10935,K10961,K10962,K10963,K10964,K10965,K10966",,0.0,14,2.0,3.0,0.1965,0.009626,0.65,0.046,0.4205,0.03,0.3874,-4.623,"K10920: outcompeted at locus; below KOfam threshold (no score available) | K10930: outcompeted at locus; below KOfam threshold by 182.2 (score=24.8, threshold=207.0, ratio=0.12) | K10931: below KOfam threshold by 148.7 (score=23.7, threshold=172.4, ratio=0.14) | K10934: outcompeted at locus; below KOfam threshold by 320.4 (score=77.1, threshold=397.5, ratio=0.19) | K10961: below KOfam threshold (no score available) | K10965: outcompeted at locus; below KOfam threshold by 222.8 (score=172.9, threshold=395.7, ratio=0.44) | K10966: outcompeted at locus; below KOfam threshold (no score available)",12,7,"Absent: confidence=0.000, posterior mean=0.196. Credible interval [0.05, 0.42] and HDI [0.03, 0.39] well below threshold=0.65. No meaningful genomic evidence. Note: 12 KO(s) flagged but within acceptable range."
M00853,"ETEC pathogenicity signature, colonization factors",0.0,0.0,"K22850,K22852,K22853,K22854",,0.001,4,0.0,0.0,0.0012,0.00022,0.65,0.0,0.0012,0.0012,0.0012,-43.718,"K22850: outcompeted at locus; below KOfam threshold by 125.4 (score=16.0, threshold=141.4, ratio=0.11) | K22854: outcompeted at locus; below KOfam threshold (no score available)",4,2,"Absent: confidence=0.000, posterior mean=0.001. Credible interval [0.00, 0.00] and HDI [0.00, 0.00] well below threshold=0.65. No meaningful genomic evidence. Note: 4 KO(s) flagged but within acceptable range."
M00854,"Glycogen biosynthesis, glucose-1P => glycogen/starch",0.921,0.609,"K00700,K00703,K00975","R00948,R02110,R02421",0.515,2,1.4,1.9,0.9134,0.024708,0.65,0.4122,1.0,0.9134,0.9134,1.676,"K00975: outcompeted at locus; below KOfam threshold by 161.4 (score=36.2, threshold=197.6, ratio=0.18)",2,1,"Dubious: confidence=0.921 but 1 KO(s) on best path score below 50% of their KOfam threshold. Credible interval [0.41, 1.00], HDI [0.91, 0.91]. Module detection may be based on weak or spurious HMM hits. DOWNGRADED due to: K00975: outcompeted at locus; below KOfam threshold by 161.4 (score=36.2, threshold=197.6, ratio=0.18)"
M00855,"Glycogen degradation, glycogen => glucose-6P",0.95,0.95,"K00688,K00705,K02438,K15778","R02111,R08639",0.206,3,3.0,3.0,0.9278,0.015582,0.65,0.5403,1.0,0.9278,0.9278,2.225,K02438: outcompeted at locus,1,0,"Likely present: confidence=0.950 and posterior mean=0.928 above threshold=0.65, but credible interval [0.54, 1.00] extends below threshold. HDI [0.93, 0.93], effect size=2.23. Note: 1 KO(s) flagged but within acceptable range."
M00856,"Salmonella enterica pathogenicity signature, typhoid toxin",0.029,0.029,"K11014,K11023,K19298,K22918",,0.0,4,1.01,1.0,0.23,0.032795,0.65,0.0078,0.6653,0.001,0.5886,-2.319,"K11014: outcompeted at locus; below KOfam threshold by 71.3 (score=22.4, threshold=93.7, ratio=0.24) | K11023: below KOfam threshold by 98.3 (score=29.3, threshold=127.6, ratio=0.23)",3,2,"Absent: confidence=0.029, posterior mean=0.230. Credible interval [0.01, 0.67] and HDI [0.00, 0.59] well below threshold=0.65. No meaningful genomic evidence. Note: 3 KO(s) flagged but within acceptable range."
M00857,"Salmonella enterica pathogenicity signature, Vi antigen",0.0,0.0,"K22914,K22915,K22916,K22917,K22921,K22922,K22923,K22924,K22925,K22926",,0.001,7,0.0,0.0,0.0001,1.6e-05,0.65,0.0,0.0,0.0001,0.0001,-163.299,"K22916: outcompeted at locus; below KOfam threshold by 887.9 (score=25.4, threshold=913.3, ratio=0.03) | K22917: outcompeted at locus; below KOfam threshold by 661.8 (score=37.1, threshold=698.9, ratio=0.05) | K22921: outcompeted at locus; below KOfam threshold by 236.9 (score=28.1, threshold=265.0, ratio=0.11) | K22922: outcompeted at locus; below KOfam threshold by 312.5 (score=13.0, threshold=325.5, ratio=0.04) | K22923: outcompeted at locus; below KOfam threshold by 187.7 (score=83.0, threshold=270.7, ratio=0.31) | K22924: outcompeted at locus; below KOfam threshold by 758.1 (score=38.8, threshold=796.9, ratio=0.05) | K22925: outcompeted at locus; below KOfam threshold by 653.9 (score=136.3, threshold=790.2, ratio=0.17) | K22926: outcompeted at locus; below KOfam threshold by 873.6 (score=69.7, threshold=943.3, ratio=0.07)",16,8,"Absent: confidence=0.000, posterior mean=0.000. Credible interval [0.00, 0.00] and HDI [0.00, 0.00] well below threshold=0.65. No meaningful genomic evidence. Note: 16 KO(s) flagged but within acceptable range."
M00859,"Bacillus anthracis pathogenicity signature, anthrax toxin",0.0,0.0,"K08645,K11029,K11030",,0.001,3,0.0,0.0,0.0002,5.2e-05,0.65,0.0,0.0,0.0002,0.0002,-90.279,"K11029: outcompeted at locus; below KOfam threshold by 615.4 (score=73.7, threshold=689.1, ratio=0.11)",2,1,"Absent: confidence=0.000, posterior mean=0.000. Credible interval [0.00, 0.00] and HDI [0.00, 0.00] well below threshold=0.65. No meaningful genomic evidence. Note: 2 KO(s) flagged but within acceptable range."
M00860,"Bacillus anthracis pathogenicity signature, polyglutamic acid capsule biosynthesis",0.004,0.001,"K01932,K07282,K22116,K22976,K22977,K22980,K22981",,0.001,7,1.02,1.5,0.1988,0.018309,0.65,0.0177,0.522,0.002,0.4605,-3.334,"K01932: outcompeted at locus; below KOfam threshold by 131.8 (score=17.7, threshold=149.5, ratio=0.12) | K22116: below KOfam threshold by 40.4 (score=13.5, threshold=53.9, ratio=0.25) | K22976: outcompeted at locus; below KOfam threshold by 485.5 (score=10.6, threshold=496.1, ratio=0.02) | K22977: outcompeted at locus; below KOfam threshold by 681.0 (score=11.7, threshold=692.7, ratio=0.02) | K22980: outcompeted at locus; below KOfam threshold by 403.8 (score=15.9, threshold=419.7, ratio=0.04) | K22981: outcompeted at locus; below KOfam threshold by 86.6 (score=6.2, threshold=92.8, ratio=0.07)",11,6,"Absent: confidence=0.004, posterior mean=0.199. Credible interval [0.02, 0.52] and HDI [0.00, 0.46] well below threshold=0.65. No meaningful genomic evidence. Note: 11 KO(s) flagged but within acceptable range."
M00866,"KDO2-lipid A biosynthesis, Raetz pathway, non-LpxL-LpxM type",0.945,0.945,"K00677,K00748,K00912,K02517,K02527,K02535,K02536,K03269,K09778",,0.481,9,8.01,8.0,0.853,0.011505,0.65,0.5884,0.9887,0.6436,0.999,1.892,,0,0,"Likely present: confidence=0.945 and posterior mean=0.853 above threshold=0.65, but credible interval [0.59, 0.99] extends below threshold. HDI [0.64, 1.00], effect size=1.89."
M00867,KDO2-lipid A modification pathway,0.001,0.0,"K03760,K09953,K12977,K23082,K23083,K23159","R12201,R12202,R12203,R12204,R12219",0.001,5,0.04,0.4,0.0643,0.00926,0.65,0.0,0.3493,0.0643,0.0643,-6.086,"K03760: outcompeted at locus; below KOfam threshold by 221.9 (score=155.2, threshold=377.1, ratio=0.41) | K12977: outcompeted at locus; below KOfam threshold by 211.1 (score=18.1, threshold=229.2, ratio=0.08) | K23083: below KOfam threshold by 285.5 (score=161.3, threshold=446.8, ratio=0.36)",5,3,"Absent: confidence=0.001, posterior mean=0.064. Credible interval [0.00, 0.35] and HDI [0.06, 0.06] well below threshold=0.65. No meaningful genomic evidence. Note: 5 KO(s) flagged but within acceptable range."
M00868,"Heme biosynthesis, animals and fungi, glycine => heme",0.937,0.763,"K00228,K00231,K00643,K01599,K01698,K01719,K01749,K01772","R00036,R00084,R00310,R00830,R03165,R03197,R03220,R03222",0.572,8,6.1,7.0,0.8534,0.012764,0.65,0.5717,0.9914,0.6306,0.999,1.801,"K00231: outcompeted at locus; below KOfam threshold by 30.5 (score=112.9, threshold=143.4, ratio=0.79) | K00643: outcompeted at locus; below KOfam threshold by 149.9 (score=272.4, threshold=422.3, ratio=0.65) | K01719: outcompeted at locus",5,0,"Likely present: confidence=0.937 and posterior mean=0.853 above threshold=0.65, but credible interval [0.57, 0.99] extends below threshold. HDI [0.63, 1.00], effect size=1.80. Note: 5 KO(s) flagged but within acceptable range."
M00875,"Staphyloferrin B biosynthesis, L-serine => staphyloferrin B",0.0,0.0,"K21721,K21949,K23371,K23372,K23373,K23374,K23375","R11705,R12308,R12309,R12311,R12312,R12344",0.003,7,0.01,0.0,0.0032,0.000367,0.65,0.0,0.0355,0.0032,0.0032,-33.782,"K21721: outcompeted at locus; below KOfam threshold by 212.4 (score=200.1, threshold=412.5, ratio=0.49) | K21949: outcompeted at locus; below KOfam threshold by 67.2 (score=276.6, threshold=343.8, ratio=0.80) | K23371: outcompeted at locus; below KOfam threshold by 120.3 (score=18.7, threshold=139.0, ratio=0.13) | K23373: outcompeted at locus; below KOfam threshold by 260.0 (score=250.8, threshold=510.8, ratio=0.49)",8,3,"Absent: confidence=0.000, posterior mean=0.003. Credible interval [0.00, 0.04] and HDI [0.00, 0.00] well below threshold=0.65. No meaningful genomic evidence. Note: 8 KO(s) flagged but within acceptable range."
M00876,"Staphyloferrin A biosynthesis, L-ornithine => staphyloferrin A",0.0,0.0,"K21898,K23446,K23447","R00672,R12353,R12354",0.014,3,0.01,0.0,0.0039,0.000903,0.65,0.0,0.0302,0.0039,0.0039,-21.504,"K21898: outcompeted at locus; below KOfam threshold by 187.3 (score=22.4, threshold=209.7, ratio=0.11)",2,1,"Absent: confidence=0.000, posterior mean=0.004. Credible interval [0.00, 0.03] and HDI [0.00, 0.00] well below threshold=0.65. No meaningful genomic evidence. Note: 2 KO(s) flagged but within acceptable range."
M00877,"Kanosamine biosynthesis, glucose 6-phosphate => kanosamine",0.0,0.0,"K18652,K18653,K18654","R10519,R10547,R10698",0.003,3,0.0,0.0,0.0004,8.9e-05,0.65,0.0,0.0,0.0004,0.0004,-69.049,"K18652: outcompeted at locus; below KOfam threshold by 65.8 (score=144.1, threshold=209.9, ratio=0.69) | K18653: outcompeted at locus; below KOfam threshold by 274.7 (score=211.9, threshold=486.6, ratio=0.44) | K18654: outcompeted at locus; below KOfam threshold by 252.6 (score=23.7, threshold=276.3, ratio=0.09)",6,2,"Absent: confidence=0.000, posterior mean=0.000. Credible interval [0.00, 0.00] and HDI [0.00, 0.00] well below threshold=0.65. No meaningful genomic evidence. Note: 6 KO(s) flagged but within acceptable range."
M00878,"Phenylacetate degradation, phenylaxetate => acetyl-CoA/succinyl-CoA",0.016,0.005,"K00074,K01692,K01912,K02609,K02610,K02611,K02612,K02613,K02615,K02618,K15866","R00829,R02539,R06941,R06942,R09820,R09836,R09837,R09838,R09839",0.057,7,1.56,2.1,0.2778,0.02306,0.65,0.0459,0.6166,0.022,0.5676,-2.451,"K00074: outcompeted at locus; below KOfam threshold by 73.3 (score=336.6, threshold=409.9, ratio=0.82) | K01692: outcompeted at locus | K01912: outcompeted at locus; below KOfam threshold by 50.9 (score=212.9, threshold=263.8, ratio=0.81) | K02613: outcompeted at locus; below KOfam threshold by 118.9 (score=245.2, threshold=364.1, ratio=0.67) | K02615: outcompeted at locus; below KOfam threshold by 113.9 (score=656.8, threshold=770.7, ratio=0.85) | K02618: outcompeted at locus; below KOfam threshold by 520.2 (score=162.6, threshold=682.8, ratio=0.24) | K15866: outcompeted at locus; below KOfam threshold by 31.9 (score=255.5, threshold=287.4, ratio=0.89)",13,1,"Absent: confidence=0.016, posterior mean=0.278. Credible interval [0.05, 0.62] and HDI [0.02, 0.57] well below threshold=0.65. No meaningful genomic evidence. Note: 13 KO(s) flagged but within acceptable range."
M00879,"Arginine succinyltransferase pathway, arginine => glutamate",0.967,0.967,"K00673,K00840,K01484,K05526,K06447","R00411,R00832,R04189,R04217,R05049",0.153,5,5.0,5.0,0.923,0.010934,0.65,0.6204,1.0,0.923,0.923,2.611,,0,0,"Likely present: confidence=0.967 and posterior mean=0.923 above threshold=0.65, but credible interval [0.62, 1.00] extends below threshold. HDI [0.92, 0.92], effect size=2.61."
M00880,"Molybdenum cofactor biosynthesis, GTP => molybdenum cofactor",0.965,0.965,"K03635,K03637,K03638,K03639,K03750","R09394,R09395,R09726,R09735,R11372",0.407,3,3.0,3.0,0.9461,0.011868,0.65,0.5978,1.0,0.9461,0.9461,2.718,,0,0,"Likely present: confidence=0.965 and posterior mean=0.946 above threshold=0.65, but credible interval [0.60, 1.00] extends below threshold. HDI [0.95, 0.95], effect size=2.72."
M00881,"Lipoic acid biosynthesis, plants and bacteria, octanoyl-ACP => dihydrolipoyl-E2/H",0.965,0.965,"K03644,K03801","R12423,R12424,R12427,R12428",0.543,2,2.0,2.0,0.9585,0.012442,0.65,0.5822,1.0,0.9585,0.9585,2.765,,0,0,"Likely present: confidence=0.965 and posterior mean=0.958 above threshold=0.65, but credible interval [0.58, 1.00] extends below threshold. HDI [0.96, 0.96], effect size=2.77."
M00883,"Lipoic acid biosynthesis, animals and bacteria, octanoyl-ACP => dihydrolipoyl-H => dihydrolipoyl-E2",0.48,0.48,"K03644,K16869,K23734","R12424,R12428,R12432",0.04,3,2.01,2.0,0.6113,0.05526,0.65,0.1346,0.9702,0.1902,0.997,-0.165,"K23734: outcompeted at locus; below KOfam threshold by 188.5 (score=32.6, threshold=221.1, ratio=0.15)",2,1,"Uncertain: confidence=0.480 with credible interval [0.13, 0.97] straddling threshold=0.65. Posterior mean=0.611, HDI [0.19, 1.00]. Module may be present but evidence is inconclusive. Note: 2 KO(s) flagged but within acceptable range."
M00885,"Meromycolic acid biosynthesis, initiation and elongation FAS II (KasA)",0.952,0.952,K02078,,0.5,1,1.0,1.0,0.9545,0.020661,0.65,0.4232,1.0,0.9545,0.9545,2.119,,0,0,"Likely present (prior-driven): confidence=0.952 but based on only 1 step(s) with wide credible interval [0.42, 1.00] (width=0.58). HDI [0.95, 0.95]. High confidence may be due to prior (frequency and/or genomic evidence) instead of influence."
M00886,"Meromycolic acid biosynthesis, initiation and elongation FAS II (KasA and KasB)",0.952,0.952,K02078,,0.5,1,1.0,1.0,0.9545,0.020661,0.65,0.4232,1.0,0.9545,0.9545,2.119,,0,0,"Likely present (prior-driven): confidence=0.952 but based on only 1 step(s) with wide credible interval [0.42, 1.00] (width=0.58). HDI [0.95, 0.95]. High confidence may be due to prior (frequency and/or genomic evidence) instead of influence."
M00887,"Mycolic acid biosynthesis, meromycolic acid + alpha-carboxyacyl-CoA + trehalose => TMM => TDM/mAGP/GMM",0.019,0.019,"K11263,K27093,K27094,K27095",R13256,0.5,1,0.0,0.0,0.0455,0.020661,0.65,0.0,0.5768,0.0455,0.0455,-4.206,"K11263: outcompeted at locus; below KOfam threshold by 17.8 (score=816.7, threshold=834.5, ratio=0.98)",2,0,"Absent: confidence=0.019, posterior mean=0.045. Credible interval [0.00, 0.58] and HDI [0.05, 0.05] well below threshold=0.65. No meaningful genomic evidence. Note: 2 KO(s) flagged but within acceptable range."
M00888,"Galactofuranan biosynthesis, decaprenyl phosphate + UDP-GlcNAc (+ dTDP-Rha/UDP-Galf) => GL-5",0.014,0.011,"K02851,K16649,K16650,K16870","R12075,R12077,R12078,R12079,R12080",0.5,4,0.47,0.6,0.1752,0.026758,0.65,0.0021,0.5947,0.1752,0.1752,-2.903,"K02851: outcompeted at locus; below KOfam threshold by 86.2 (score=140.3, threshold=226.5, ratio=0.62) | K16649: outcompeted at locus; below KOfam threshold by 112.9 (score=38.0, threshold=150.9, ratio=0.25) | K16870: outcompeted at locus; below KOfam threshold by 74.4 (score=68.1, threshold=142.5, ratio=0.48)",6,2,"Absent: confidence=0.014, posterior mean=0.175. Credible interval [0.00, 0.59] and HDI [0.18, 0.18] well below threshold=0.65. No meaningful genomic evidence. Note: 6 KO(s) flagged but within acceptable range."
M00889,"Puromycin biosynthesis, ATP => puromycin",0.0,0.0,"K12628,K12629,K12630,K12631,K12632,K12633,K12634,K12635,K12636","R05668,R05669,R05670,R05671,R05672,R05673,R05674,R05675,R05676,R05677",0.001,9,0.01,0.0,0.001,8.9e-05,0.65,0.0,0.0045,0.001,0.001,-68.675,K12628: outcompeted at locus; below KOfam threshold (no score available) | K12629: outcompeted at locus; below KOfam threshold (no score available) | K12630: outcompeted at locus; below KOfam threshold (no score available) | K12632: outcompeted at locus; below KOfam threshold (no score available) | K12633: outcompeted at locus; below KOfam threshold (no score available) | K12634: outcompeted at locus; below KOfam threshold (no score available),12,6,"Absent: confidence=0.000, posterior mean=0.001. Credible interval [0.00, 0.00] and HDI [0.00, 0.00] well below threshold=0.65. No meaningful genomic evidence. Note: 12 KO(s) flagged but within acceptable range."
M00890,"Roseoflavin biosynthesis, FMN => roseoflavin",0.001,0.001,"K22269,K22598","R11779,R11780,R11961,R11962,R11963",0.001,2,0.01,0.0,0.0039,0.001217,0.65,0.0,0.0177,0.0039,0.0039,-18.517,,0,0,"Absent: confidence=0.001, posterior mean=0.004. Credible interval [0.00, 0.02] and HDI [0.00, 0.00] well below threshold=0.65. No meaningful genomic evidence."
M00895,"Thiamine biosynthesis, prokaryotes, AIR (+ DXP/glycine) => TMP/TPP",0.906,0.906,"K00788,K00941,K00946,K03147","R00617,R03472,R04509,R10712",0.057,1,1.0,1.0,0.9143,0.037307,0.65,0.2382,1.0,0.9143,0.9143,1.368,"K00941: below KOfam threshold by 61.8 (score=267.8, threshold=329.6, ratio=0.81)",1,0,"Likely present (prior-driven): confidence=0.906 but based on only 1 step(s) with wide credible interval [0.24, 1.00] (width=0.76). HDI [0.91, 0.91]. High confidence may be due to prior (frequency and/or genomic evidence) instead of influence. Note: 1 KO(s) flagged but within acceptable range."
M00896,"Thiamine biosynthesis, archaea, AIR (+ NAD+) => TMP/TPP",0.902,0.902,"K00788,K00941,K00946,K03147","R00617,R03472,R04509,R10712",0.011,1,1.0,1.0,0.9101,0.038963,0.65,0.2264,1.0,0.9101,0.9101,1.318,"K00941: below KOfam threshold by 61.8 (score=267.8, threshold=329.6, ratio=0.81)",1,0,"Likely present (prior-driven): confidence=0.902 but based on only 1 step(s) with wide credible interval [0.23, 1.00] (width=0.77). HDI [0.91, 0.91]. High confidence may be due to prior (frequency and/or genomic evidence) instead of influence. Note: 1 KO(s) flagged but within acceptable range."
M00899,"Thiamine salvage pathway, HMP/HET => TMP",0.943,0.943,"K00788,K00941","R03223,R03471,R04509",0.411,1,1.0,1.0,0.9465,0.024115,0.65,0.3708,1.0,0.9465,0.9465,1.909,"K00941: below KOfam threshold by 61.8 (score=267.8, threshold=329.6, ratio=0.81)",1,0,"Likely present (prior-driven): confidence=0.943 but based on only 1 step(s) with wide credible interval [0.37, 1.00] (width=0.63). HDI [0.95, 0.95]. High confidence may be due to prior (frequency and/or genomic evidence) instead of influence. Note: 1 KO(s) flagged but within acceptable range."
M00904,"Dapdiamides biosynthesis, L-2,3-diaminopropanoate => dapdiamide A/B/C",0.0,0.0,"K01957,K22113,K22114","R10940,R10942,R10943,R10944,R12352",0.001,3,0.0,0.0,0.0002,3.8e-05,0.65,0.0,0.0,0.0002,0.0002,-104.838,"K01957: outcompeted at locus; below KOfam threshold by 1110.7 (score=295.2, threshold=1405.9, ratio=0.21) | K22113: outcompeted at locus; below KOfam threshold by 403.7 (score=18.3, threshold=422.0, ratio=0.04) | K22114: outcompeted at locus; below KOfam threshold by 608.6 (score=11.2, threshold=619.8, ratio=0.02)",6,3,"Absent: confidence=0.000, posterior mean=0.000. Credible interval [0.00, 0.00] and HDI [0.00, 0.00] well below threshold=0.65. No meaningful genomic evidence. Note: 6 KO(s) flagged but within acceptable range."
M00905,"Grixazone biosynthesis, aspartate 4-semialdehyde => grixazone B",0.0,0.0,"K17835,K18287,K20204","R10469,R10673,R10720",0.001,3,0.0,0.0,0.0005,0.000127,0.65,0.0,0.0,0.0005,0.0005,-57.659,"K18287: outcompeted at locus; below KOfam threshold by 323.4 (score=18.6, threshold=342.0, ratio=0.05)",2,1,"Absent: confidence=0.000, posterior mean=0.001. Credible interval [0.00, 0.00] and HDI [0.00, 0.00] well below threshold=0.65. No meaningful genomic evidence. Note: 2 KO(s) flagged but within acceptable range."
M00906,"Ethynylserine biosynthesis, lysine => ethynylserine",0.009,0.009,"K23669,K23670,K23671,K23672,K23673","R12407,R12408,R12409,R12410,R12411",0.001,5,1.0,1.0,0.1821,0.022909,0.65,0.0056,0.5598,0.001,0.4855,-3.092,"K23670: below KOfam threshold by 233.8 (score=13.1, threshold=246.9, ratio=0.05) | K23671: outcompeted at locus; below KOfam threshold (no score available)",3,2,"Absent: confidence=0.009, posterior mean=0.182. Credible interval [0.01, 0.56] and HDI [0.00, 0.49] well below threshold=0.65. No meaningful genomic evidence. Note: 3 KO(s) flagged but within acceptable range."
M00909,"UDP-GlcNAc biosynthesis, prokaryotes, Fru-6P => UDP-GlcNAc",0.993,0.993,"K00820,K03431,K04042","R00416,R00768,R02060,R05332",0.849,3,3.0,3.0,0.9863,0.00314,0.65,0.8316,1.0,0.9863,0.9863,6.002,,0,0,"Present: confidence=0.993 with 95% credible interval [0.83, 1.00] and HDI [0.99, 0.99] entirely above threshold=0.65. Posterior mean=0.986, effect size=6.00."
M00912,"NAD biosynthesis, tryptophan => quinolinate => NAD",0.92,0.878,"K00452,K00453,K00486,K00767,K00969,K01556,K01916,K07130","R00189,R00678,R01959,R01960,R02665,R02668,R03005,R03348",0.124,8,7.0,7.3,0.8376,0.01388,0.65,0.5488,0.9878,0.6076,0.999,1.592,"K00452: below KOfam threshold by 44.1 (score=22.5, threshold=66.6, ratio=0.34) | K00486: outcompeted at locus; below KOfam threshold by 225.8 (score=117.1, threshold=342.9, ratio=0.34)",3,2,"Likely present: confidence=0.920 and posterior mean=0.838 above threshold=0.65, but credible interval [0.55, 0.99] extends below threshold. HDI [0.61, 1.00], effect size=1.59. Note: 3 KO(s) flagged but within acceptable range."
M00914,,0.07,0.07,"K00077,K00606,K02201,K06982,K09722,K09735,K13038","R01226,R02472,R03035,R03269,R04231,R09378,R09379,R12608",0.001,7,3.0,3.0,0.3897,0.027337,0.65,0.1041,0.729,0.0871,0.7047,-1.574,"K02201: outcompeted at locus; below KOfam threshold by 161.6 (score=21.0, threshold=182.6, ratio=0.11) | K09722: outcompeted at locus; below KOfam threshold by 162.0 (score=14.8, threshold=176.8, ratio=0.08)",4,2,"Likely absent: confidence=0.070, posterior mean=0.390 below threshold=0.65. Credible interval [0.10, 0.73] mostly below threshold. Some genomic evidence exists but is insufficient. Note: 4 KO(s) flagged but within acceptable range."
M00915,"Caffeine degradation, caffeine => xanthine",0.0,0.0,"K21722,K21723,K21724","R07939,R07954,R07955,R07956,R07957,R07958,R07961,R07962,R07965,R07966",0.001,3,0.01,0.0,0.0016,0.000376,0.65,0.0,0.0018,0.0016,0.0016,-33.458,"K21722: outcompeted at locus; below KOfam threshold by 551.2 (score=84.3, threshold=635.5, ratio=0.13) | K21723: outcompeted at locus; below KOfam threshold by 569.6 (score=51.0, threshold=620.6, ratio=0.08) | K21724: outcompeted at locus; below KOfam threshold by 394.6 (score=20.4, threshold=415.0, ratio=0.05)",6,3,"Absent: confidence=0.000, posterior mean=0.002. Credible interval [0.00, 0.00] and HDI [0.00, 0.00] well below threshold=0.65. No meaningful genomic evidence. Note: 6 KO(s) flagged but within acceptable range."
M00916,"Pyridoxal-P biosynthesis, R5P + glyceraldehyde-3P + glutamine => pyridoxal-P",0.017,0.014,"K06215,K08681",R10089,0.312,1,0.01,0.0,0.0394,0.018026,0.65,0.0,0.5287,0.0394,0.0394,-4.548,"K06215: outcompeted at locus; below KOfam threshold by 96.5 (score=26.2, threshold=122.7, ratio=0.21) | K08681: outcompeted at locus; below KOfam threshold by 72.8 (score=20.8, threshold=93.6, ratio=0.22)",4,2,"Absent: confidence=0.017, posterior mean=0.039. Credible interval [0.00, 0.53] and HDI [0.04, 0.04] well below threshold=0.65. No meaningful genomic evidence. Note: 4 KO(s) flagged but within acceptable range."
M00918,"Aerobactin biosynthesis, lysine => aerobactin",0.118,0.032,"K03894,K03895,K03896,K03897","R00448,R03168,R10090,R10091",0.024,4,1.04,1.6,0.376,0.043451,0.65,0.0463,0.8078,0.018,0.7588,-1.314,"K03895: below KOfam threshold by 609.3 (score=14.0, threshold=623.3, ratio=0.02) | K03897: outcompeted at locus; below KOfam threshold by 49.8 (score=341.1, threshold=390.9, ratio=0.87)",3,1,"Likely absent: confidence=0.118, posterior mean=0.376 below threshold=0.65. Credible interval [0.05, 0.81] mostly below threshold. Some genomic evidence exists but is insufficient. Note: 3 KO(s) flagged but within acceptable range."
M00919,"Ectoine degradation, ectoine => aspartate",0.131,0.031,"K15783,K15784,K15785,K15786","R06977,R09800,R09801,R09805",0.041,4,1.02,1.7,0.3901,0.044058,0.65,0.0518,0.819,0.025,0.7758,-1.238,"K15783: outcompeted at locus; below KOfam threshold by 279.1 (score=108.3, threshold=387.4, ratio=0.28) | K15784: below KOfam threshold by 356.2 (score=62.9, threshold=419.1, ratio=0.15) | K15785: outcompeted at locus; below KOfam threshold by 99.1 (score=524.1, threshold=623.2, ratio=0.84) | K15786: outcompeted at locus; below KOfam threshold by 53.1 (score=688.5, threshold=741.6, ratio=0.93)",7,2,"Likely absent: confidence=0.131, posterior mean=0.390 below threshold=0.65. Credible interval [0.05, 0.82] mostly below threshold. Some genomic evidence exists but is insufficient. Note: 7 KO(s) flagged but within acceptable range."
M00921,"Cyclooctatin biosynthesis, dimethylallyl-PP + isopentenyl-PP => cyclooctatin",0.0,0.0,"K13787,K18686,K22997,K22998","R01658,R02003,R02061,R10763,R12177,R12178",0.0,4,0.05,0.1,0.0143,0.002617,0.65,0.0,0.1633,0.0143,0.0143,-12.426,"K13787: outcompeted at locus; below KOfam threshold by 38.2 (score=263.7, threshold=301.9, ratio=0.87) | K22997: outcompeted at locus; below KOfam threshold by 653.8 (score=25.2, threshold=679.0, ratio=0.04) | K22998: outcompeted at locus; below KOfam threshold by 859.5 (score=13.7, threshold=873.2, ratio=0.02)",6,2,"Absent: confidence=0.000, posterior mean=0.014. Credible interval [0.00, 0.16] and HDI [0.01, 0.01] well below threshold=0.65. No meaningful genomic evidence. Note: 6 KO(s) flagged but within acceptable range."
M00922,"CMP-Neu5Ac biosynthesis, bacteria, UDP-GlcNAc => CMP-Neu5Ac",0.0,0.0,"K00983,K01654,K08068","R00414,R01117,R01804",0.001,3,0.01,0.0,0.0032,0.000743,0.65,0.0,0.0192,0.0032,0.0032,-23.721,"K00983: outcompeted at locus; below KOfam threshold by 254.0 (score=31.3, threshold=285.3, ratio=0.11) | K08068: outcompeted at locus; below KOfam threshold by 410.8 (score=26.0, threshold=436.8, ratio=0.06)",4,2,"Absent: confidence=0.000, posterior mean=0.003. Credible interval [0.00, 0.02] and HDI [0.00, 0.00] well below threshold=0.65. No meaningful genomic evidence. Note: 4 KO(s) flagged but within acceptable range."
M00923,"UDP-L-FucNAc biosynthesis, UDP-GlcNAc => UDP-L-FucNAc",0.938,0.938,"K15894,K19068,K24258","R09697,R10676,R12552,R12553",0.064,3,3.0,3.0,0.9149,0.018109,0.65,0.5065,1.0,0.9149,0.9149,1.968,K15894: outcompeted at locus | K24258: outcompeted at locus,2,0,"Likely present: confidence=0.938 and posterior mean=0.915 above threshold=0.65, but credible interval [0.51, 1.00] extends below threshold. HDI [0.91, 0.91], effect size=1.97. Note: 2 KO(s) flagged but within acceptable range."
M00924,"Cobalamin biosynthesis, anaerobic, uroporphyrinogen III => sirohydrochlorin => cobyrinate a,c-diamide",0.976,0.857,"K00595,K02188,K02224,K02302,K03394,K03795,K05895,K05936,K06042,K13541","R03194,R03947,R05807,R05808,R05810,R05812,R05814,R05815,R07772,R07773,R07774,R07775,R11580",0.253,11,9.12,10.4,0.8784,0.008154,0.65,0.6532,0.9907,0.7017,0.999,2.529,"K03795: outcompeted at locus; below KOfam threshold by 77.5 (score=35.0, threshold=112.5, ratio=0.31)",2,1,"Present: confidence=0.976 with 95% credible interval [0.65, 0.99] and HDI [0.70, 1.00] entirely above threshold=0.65. Posterior mean=0.878, effect size=2.53. Note: 2 KO(s) flagged but within acceptable range."
M00925,"Cobalamin biosynthesis, aerobic, uroporphyrinogen III => precorrin 2 => cobyrinate a,c-diamide",0.983,0.948,"K00595,K02224,K02228,K02229,K02230,K02303,K03394,K05895,K05936,K06042,K09882,K09883,K13541","R03194,R03948,R05149,R05150,R05177,R05180,R05181,R05217,R05219,R05224,R05227",0.164,11,10.0,10.6,0.8931,0.007289,0.65,0.6763,0.9939,0.7247,0.999,2.847,"K02303: outcompeted at locus | K09882: outcompeted at locus; below KOfam threshold by 117.9 (score=63.7, threshold=181.6, ratio=0.35) | K09883: outcompeted at locus; below KOfam threshold by 123.1 (score=22.5, threshold=145.6, ratio=0.15)",5,2,"Present: confidence=0.983 with 95% credible interval [0.68, 0.99] and HDI [0.72, 1.00] entirely above threshold=0.65. Posterior mean=0.893, effect size=2.85. Note: 5 KO(s) flagged but within acceptable range."
M00926,"Heme biosynthesis, bacteria, glutamyl-tRNA => coproporphyrin III => heme",0.936,0.818,"K00231,K00435,K01599,K01698,K01719,K01749,K01772,K01845,K02492","R00036,R00084,R02272,R03165,R03197,R04109,R04178,R11329,R11522",0.541,9,7.1,7.9,0.8439,0.012083,0.65,0.5754,0.9864,0.6306,0.999,1.764,"K00231: outcompeted at locus; below KOfam threshold by 30.5 (score=112.9, threshold=143.4, ratio=0.79) | K01719: outcompeted at locus",3,0,"Likely present: confidence=0.936 and posterior mean=0.844 above threshold=0.65, but credible interval [0.58, 0.99] extends below threshold. HDI [0.63, 1.00], effect size=1.76. Note: 3 KO(s) flagged but within acceptable range."
M00930,"Menaquinone biosynthesis, futalosine pathway",0.293,0.036,"K11782,K11783,K11784,K11785,K18285,K20810","R08587,R08588,R08589,R10666,R10667,R10695",0.054,6,2.03,3.5,0.5388,0.032697,0.65,0.188,0.8676,0.1972,0.8749,-0.615,"K11782: below KOfam threshold by 139.3 (score=15.2, threshold=154.5, ratio=0.10) | K11783: outcompeted at locus; below KOfam threshold by 92.1 (score=22.9, threshold=115.0, ratio=0.20) | K11784: outcompeted at locus; below KOfam threshold by 401.7 (score=21.4, threshold=423.1, ratio=0.05) | K18285: below KOfam threshold by 424.7 (score=13.3, threshold=438.0, ratio=0.03) | K20810: outcompeted at locus; below KOfam threshold by 61.1 (score=245.2, threshold=306.3, ratio=0.80)",8,4,"Likely absent: confidence=0.293, posterior mean=0.539 below threshold=0.65. Credible interval [0.19, 0.87] mostly below threshold. Some genomic evidence exists but is insufficient. Note: 8 KO(s) flagged but within acceptable range."
M00931,"Menaquinone biosynthesis, modified futalosine pathway",0.225,0.09,"K11782,K11784,K11785,K18284,K18285","R08588,R08589,R10666,R10667,R10668",0.065,5,2.02,2.6,0.4867,0.038434,0.65,0.1265,0.8558,0.1241,0.8519,-0.833,"K11782: below KOfam threshold by 139.3 (score=15.2, threshold=154.5, ratio=0.10) | K11784: outcompeted at locus; below KOfam threshold by 401.7 (score=21.4, threshold=423.1, ratio=0.05) | K18284: outcompeted at locus; below KOfam threshold by 284.8 (score=18.8, threshold=303.6, ratio=0.06) | K18285: below KOfam threshold by 424.7 (score=13.3, threshold=438.0, ratio=0.03)",6,4,"Likely absent: confidence=0.225, posterior mean=0.487 below threshold=0.65. Credible interval [0.13, 0.86] mostly below threshold. Some genomic evidence exists but is insufficient. Note: 6 KO(s) flagged but within acceptable range."
M00932,"Phylloquinone biosynthesis, chorismate (+ phytyl-PP) => phylloquinol",0.003,0.002,"K01661,K01911,K02549,K02551,K02552,K08680,K17872,K19222,K23094,K23095","R01717,R04030,R04031,R04994,R07262,R07263,R08165,R08166,R11061,R12255",0.005,7,1.21,1.5,0.1919,0.017822,0.65,0.0158,0.5129,0.001,0.4505,-3.432,"K01661: outcompeted at locus; below KOfam threshold by 206.8 (score=173.5, threshold=380.3, ratio=0.46) | K01911: outcompeted at locus; below KOfam threshold by -350.2 (score=699.9, threshold=349.7, ratio=2.00) | K02549: outcompeted at locus; below KOfam threshold by 58.4 (score=163.1, threshold=221.5, ratio=0.74) | K02551: outcompeted at locus; below KOfam threshold by 146.1 (score=79.9, threshold=226.0, ratio=0.35) | K02552: outcompeted at locus; below KOfam threshold by 140.0 (score=227.3, threshold=367.3, ratio=0.62) | K08680: outcompeted at locus; below KOfam threshold by 107.0 (score=132.1, threshold=239.1, ratio=0.55) | K17872: outcompeted at locus; below KOfam threshold by 163.9 (score=190.5, threshold=354.4, ratio=0.54) | K23095: outcompeted at locus; below KOfam threshold by 34.5 (score=213.5, threshold=248.0, ratio=0.86)",16,2,"Absent: confidence=0.003, posterior mean=0.192. Credible interval [0.02, 0.51] and HDI [0.00, 0.45] well below threshold=0.65. No meaningful genomic evidence. Note: 16 KO(s) flagged but within acceptable range."
M00935,,0.0,0.0,K07072,R11040,0.0,1,0.0,0.0,0.0008,0.000367,0.65,0.0,0.0,0.0008,0.0008,-33.868,,0,0,"Absent: confidence=0.000, posterior mean=0.001. Credible interval [0.00, 0.00] and HDI [0.00, 0.00] well below threshold=0.65. No meaningful genomic evidence."
M00938,"Pyrimidine deoxyribonucleotide biosynthesis, UDP => dTTP",0.994,0.994,"K00525,K00526,K00560,K00940,K00943,K01520","R02018,R02093,R02094,R02100,R02101,R02331",0.738,5,5.0,5.0,0.9762,0.003571,0.65,0.7899,1.0,0.9762,0.9762,5.459,K00525: outcompeted at locus,1,0,"Present: confidence=0.994 with 95% credible interval [0.79, 1.00] and HDI [0.98, 0.98] entirely above threshold=0.65. Posterior mean=0.976, effect size=5.46. Note: 1 KO(s) flagged but within acceptable range."
M00939,"Pyrimidine degradation, uracil => 3-hydroxypropanoate",0.091,0.088,"K09018,K09020,K09021,K09023,K09024,K16066","R09289,R09936,R09947,R09982,R09983",0.052,5,2.01,2.0,0.3732,0.035988,0.65,0.0636,0.7678,0.039,0.7287,-1.459,"K09018: outcompeted at locus; below KOfam threshold by 124.0 (score=213.2, threshold=337.2, ratio=0.63) | K09020: below KOfam threshold by 49.2 (score=175.3, threshold=224.5, ratio=0.78) | K09021: outcompeted at locus; below KOfam threshold by 59.2 (score=91.2, threshold=150.4, ratio=0.61) | K09023: outcompeted at locus; below KOfam threshold by 40.4 (score=164.7, threshold=205.1, ratio=0.80) | K09024: outcompeted at locus; below KOfam threshold by 84.9 (score=139.4, threshold=224.3, ratio=0.62) | K16066: outcompeted at locus",10,0,"Likely absent: confidence=0.091, posterior mean=0.373 below threshold=0.65. Credible interval [0.06, 0.77] mostly below threshold. Some genomic evidence exists but is insufficient. Note: 10 KO(s) flagged but within acceptable range."
M00947,"D-Arginine racemization, D-arginine => L-arginine",0.001,0.001,"K19744,K19746","R11018,R11031,R11032",0.015,2,0.01,0.0,0.0072,0.002225,0.65,0.0,0.0725,0.0072,0.0072,-13.627,"K19744: outcompeted at locus; below KOfam threshold by 288.5 (score=106.3, threshold=394.8, ratio=0.27) | K19746: outcompeted at locus; below KOfam threshold by 82.1 (score=133.5, threshold=215.6, ratio=0.62)",4,1,"Absent: confidence=0.001, posterior mean=0.007. Credible interval [0.00, 0.07] and HDI [0.01, 0.01] well below threshold=0.65. No meaningful genomic evidence. Note: 4 KO(s) flagged but within acceptable range."
M00948,"Hydroxyproline degradation, trans-4-hydroxy-L-proline => 2-oxoglutarate",0.955,0.955,"K12658,K13877,K21060,K21062","R00264,R02280,R03296,R11428",0.119,4,4.0,4.0,0.9199,0.013646,0.65,0.5747,1.0,0.9199,0.9199,2.31,,0,0,"Likely present: confidence=0.955 and posterior mean=0.920 above threshold=0.65, but credible interval [0.57, 1.00] extends below threshold. HDI [0.92, 0.92], effect size=2.31."
M00949,"Staphylopine biosynthesis, L-histidine => staphylopine",0.0,0.0,"K01780,K23120,K23122","R12237,R12313,R12341",0.011,3,0.0,0.0,0.0016,0.000364,0.65,0.0,0.0015,0.0016,0.0016,-33.975,"K01780: outcompeted at locus; below KOfam threshold by 128.8 (score=29.5, threshold=158.3, ratio=0.19) | K23120: outcompeted at locus; below KOfam threshold by 191.5 (score=25.0, threshold=216.5, ratio=0.12) | K23122: outcompeted at locus; below KOfam threshold by 376.8 (score=10.1, threshold=386.9, ratio=0.03)",6,3,"Absent: confidence=0.000, posterior mean=0.002. Credible interval [0.00, 0.00] and HDI [0.00, 0.00] well below threshold=0.65. No meaningful genomic evidence. Note: 6 KO(s) flagged but within acceptable range."
M00950,"Biotin biosynthesis, BioU pathway, pimeloyl-ACP/CoA => biotin",0.648,0.648,"K00652,K01012,K01935,K25570","R01078,R03210,R10124,R12934,R12935",0.262,4,3.0,3.0,0.7057,0.038463,0.65,0.2652,0.9795,0.3343,0.999,0.284,"K25570: outcompeted at locus; below KOfam threshold by 493.4 (score=14.1, threshold=507.5, ratio=0.03)",2,1,"Uncertain: confidence=0.648 with credible interval [0.27, 0.98] straddling threshold=0.65. Posterior mean=0.706, HDI [0.33, 1.00]. Module may be present but evidence is inconclusive. Note: 2 KO(s) flagged but within acceptable range."
M00956,"Lysine degradation, bacteria, L-lysine => succinate",0.248,0.024,"K00135,K00137,K01582,K07250,K09251,K15736,K15737","R00462,R02274,R02401,R12214,R12215,R12216,R12217",0.012,7,2.36,4.0,0.5243,0.028668,0.65,0.1979,0.8388,0.2032,0.8428,-0.743,"K01582: outcompeted at locus; below KOfam threshold by 349.4 (score=729.8, threshold=1079.2, ratio=0.68) | K07250: outcompeted at locus; below KOfam threshold by 0.4 (score=653.9, threshold=654.3, ratio=1.00) | K09251: outcompeted at locus; below KOfam threshold by 123.7 (score=374.9, threshold=498.6, ratio=0.75) | K15736: outcompeted at locus; below KOfam threshold by 506.7 (score=69.6, threshold=576.3, ratio=0.12) | K15737: outcompeted at locus; below KOfam threshold by 297.8 (score=21.1, threshold=318.9, ratio=0.07)",10,2,"Likely absent: confidence=0.248, posterior mean=0.524 below threshold=0.65. Credible interval [0.20, 0.84] mostly below threshold. Some genomic evidence exists but is insufficient. Note: 10 KO(s) flagged but within acceptable range."
M00957,"Lysine degradation, bacteria, L-lysine => glutarate => succinate/acetyl-CoA",0.959,0.959,"K00135,K00252,K00468,K00626,K01041,K01506,K01825,K14268","R00238,R00449,R01975,R02273,R02274,R02401,R02488,R03026,R13035",0.031,5,5.0,5.0,0.9119,0.012364,0.65,0.5962,0.9999,0.9119,0.9119,2.355,,0,0,"Likely present: confidence=0.959 and posterior mean=0.912 above threshold=0.65, but credible interval [0.60, 1.00] extends below threshold. HDI [0.91, 0.91], effect size=2.36."
M00958,"Adenine ribonucleotide degradation, AMP => Urate",0.952,0.952,"K03787,K05810,K13481,K13482","R00183,R01126,R01560,R01768,R01769,R01863,R02103,R02107",0.234,3,3.0,3.0,0.9304,0.015069,0.65,0.5476,1.0,0.9304,0.9304,2.284,,0,0,"Likely present: confidence=0.952 and posterior mean=0.930 above threshold=0.65, but credible interval [0.55, 1.00] extends below threshold. HDI [0.93, 0.93], effect size=2.28."
M00959,"Guanine ribonucleotide degradation, GMP => Urate",0.97,0.97,"K01487,K05810,K13481,K13482,K20881","R01227,R01676,R02103,R02107,R02147",0.34,4,4.0,4.0,0.94,0.01044,0.65,0.6271,1.0,0.94,0.94,2.838,,0,0,"Likely present: confidence=0.970 and posterior mean=0.940 above threshold=0.65, but credible interval [0.63, 1.00] extends below threshold. HDI [0.94, 0.94], effect size=2.84."
M00960,"Lysine degradation, bacteria, L-lysine => D-lysine => succinate",0.812,0.499,"K13609,K15737,K25316,K25986,K26061,K26062,K26063,K26064,K26065","R00460,R01939,R02203,R08414,R12216,R13011,R13034,R13036,R13037",0.01,9,6.32,7.6,0.7639,0.016549,0.65,0.4711,0.9576,0.5165,0.979,0.885,"K15737: outcompeted at locus; below KOfam threshold by 297.8 (score=21.1, threshold=318.9, ratio=0.07) | K26063: outcompeted at locus; below KOfam threshold by 1135.5 (score=195.2, threshold=1330.7, ratio=0.15) | K26064: outcompeted at locus; below KOfam threshold by 162.5 (score=270.9, threshold=433.4, ratio=0.63)",6,2,"Uncertain: confidence=0.812 with credible interval [0.47, 0.96] straddling threshold=0.65. Posterior mean=0.764, HDI [0.52, 0.98]. Module may be present but evidence is inconclusive. Note: 6 KO(s) flagged but within acceptable range."
M00966,"Equol biosynthesis, daidzein => equol",0.058,0.028,"K26069,K26070,K26071,K26175","R13054,R13055,R13056,R13057",0.001,4,1.0,1.3,0.2941,0.038445,0.65,0.0204,0.7345,0.001,0.6647,-1.815,"K26069: outcompeted at locus; below KOfam threshold by 1071.9 (score=239.9, threshold=1311.8, ratio=0.18) | K26070: below KOfam threshold by 477.6 (score=147.1, threshold=624.7, ratio=0.24) | K26071: outcompeted at locus; below KOfam threshold by 959.6 (score=18.5, threshold=978.1, ratio=0.02) | K26175: outcompeted at locus; below KOfam threshold by 245.1 (score=16.2, threshold=261.3, ratio=0.06)",7,4,"Likely absent: confidence=0.058, posterior mean=0.294 below threshold=0.65. Credible interval [0.02, 0.73] mostly below threshold. Some genomic evidence exists but is insufficient. Note: 7 KO(s) flagged but within acceptable range."
M00967,"Flavone degradation, luteolin/apigenin => DHCA/phloretate",0.0,0.0,"K22906,K26176,K26178","R02901,R13066,R13069,R13072,R13073,R13082",0.001,3,0.01,0.0,0.0044,0.001026,0.65,0.0,0.0391,0.0044,0.0044,-20.153,"K26176: outcompeted at locus; below KOfam threshold by 274.5 (score=14.4, threshold=288.9, ratio=0.05) | K26178: outcompeted at locus; below KOfam threshold by 297.5 (score=397.3, threshold=694.8, ratio=0.57)",4,1,"Absent: confidence=0.000, posterior mean=0.004. Credible interval [0.00, 0.04] and HDI [0.00, 0.00] well below threshold=0.65. No meaningful genomic evidence. Note: 4 KO(s) flagged but within acceptable range."
M00968,"Pentose bisphosphate pathway (nucleoside degradation), archaea, nucleoside/NMP => 3-PGA/glycerone phosphate",0.001,0.0,"K01601,K18237,K18931","R03140,R10555,R10836,R10837,R10838",0.001,3,0.0,0.1,0.0207,0.004712,0.65,0.0,0.2325,0.0207,0.0207,-9.167,"K01601: outcompeted at locus; below KOfam threshold by 318.3 (score=11.5, threshold=329.8, ratio=0.03) | K18237: outcompeted at locus; below KOfam threshold by 75.3 (score=195.6, threshold=270.9, ratio=0.72) | K18931: outcompeted at locus; below KOfam threshold by 547.5 (score=49.0, threshold=596.5, ratio=0.08)",6,2,"Absent: confidence=0.001, posterior mean=0.021. Credible interval [0.00, 0.23] and HDI [0.02, 0.02] well below threshold=0.65. No meaningful genomic evidence. Note: 6 KO(s) flagged but within acceptable range."
M00970,"Proline degradation, proline => glutamate",0.954,0.954,K13821,"R00245,R01253,R13148",0.525,1,1.0,1.0,0.9569,0.019658,0.65,0.4405,1.0,0.9569,0.9569,2.189,,0,0,"Likely present (prior-driven): confidence=0.954 but based on only 1 step(s) with wide credible interval [0.44, 1.00] (width=0.56). HDI [0.96, 0.96]. High confidence may be due to prior (frequency and/or genomic evidence) instead of influence."
M00972,Proline metabolism,0.673,0.502,"K00286,K00318,K00819","R00667,R01248,R01251,R01253",0.08,3,2.04,2.4,0.7229,0.046581,0.65,0.225,0.9927,0.7229,0.7229,0.338,"K00318: outcompeted at locus; below KOfam threshold by 14.1 (score=167.7, threshold=181.8, ratio=0.92) | K00819: below KOfam threshold by 68.5 (score=415.6, threshold=484.1, ratio=0.86)",3,0,"Uncertain: confidence=0.673 with credible interval [0.23, 0.99] straddling threshold=0.65. Posterior mean=0.723, HDI [0.72, 0.72]. Module may be present but evidence is inconclusive. Note: 3 KO(s) flagged but within acceptable range."
M00973,"Anammox, nitrite + ammonia => nitrogen",0.039,0.003,"K00368,K20932,K20933,K20934,K20935","R00783,R00785,R07174,R09799",0.5,3,0.02,0.5,0.2104,0.038629,0.65,0.0017,0.703,0.2104,0.2104,-2.237,"K00368: outcompeted at locus; below KOfam threshold by 110.0 (score=81.6, threshold=191.6, ratio=0.43) | K20932: below KOfam threshold by 521.9 (score=102.4, threshold=624.3, ratio=0.16) | K20933: outcompeted at locus; below KOfam threshold by 732.1 (score=21.9, threshold=754.0, ratio=0.03)",5,3,"Absent: confidence=0.039, posterior mean=0.210. Credible interval [0.00, 0.70] and HDI [0.21, 0.21] well below threshold=0.65. No meaningful genomic evidence. Note: 5 KO(s) flagged but within acceptable range."
M00975,"Betaine degradation, bacteria, betaine => pyruvate",0.979,0.979,"K00479,K00600,K01752,K21832,K21833,K21834,K25960,K25961","R00220,R00945,R13016,R13028,R13029",0.5,4,4.0,4.0,0.9545,0.008035,0.65,0.6735,1.0,0.9545,0.9545,3.398,,0,0,"Present: confidence=0.979 with 95% credible interval [0.67, 1.00] and HDI [0.95, 0.95] entirely above threshold=0.65. Posterior mean=0.955, effect size=3.40."
M00978,Ornithine-ammonia cycle,0.848,0.848,"K00611,K01755,K01915,K01940,K01955,K01956,K27542","R00253,R00575,R01086,R01398,R01954,R13308",0.5,6,5.0,5.0,0.803,0.020812,0.65,0.4538,0.9876,0.5215,0.999,1.061,K01915: outcompeted at locus,1,0,"Uncertain: confidence=0.848 with credible interval [0.45, 0.99] straddling threshold=0.65. Posterior mean=0.803, HDI [0.52, 1.00]. Module may be present but evidence is inconclusive. Note: 1 KO(s) flagged but within acceptable range."
