organism,module,blimmp_mean_confidence,anvio_mean_completeness,category,is_highlight
MED4,M00001,0.9979999999999999,0.9,both,False
MED4,M00002,1.0,1.0,both,False
MED4,M00003,0.991,0.75,both,False
MED4,M00004,0.995,1.0,both,False
MED4,M00005,1.0,1.0,both,False
MED4,M00006,0.975,1.0,both,False
MED4,M00007,0.999,1.0,both,False
MED4,M00008,0.93,0.5,blimmp_only,False
MED4,M00009,0.745,0.6875,blimmp_only,True
MED4,M00010,0.9620000000000001,1.0,both,False
MED4,M00011,0.429,0.5,neither,False
MED4,M00012,0.608,0.4000000000000001,blimmp_only,False
MED4,M00013,0.0,0.0,neither,False
MED4,M00014,0.0,0.1111111111111111,neither,False
MED4,M00015,0.98,1.0,both,False
MED4,M00016,0.9899999999999999,0.7777777777777778,both,False
MED4,M00017,0.9049999999999999,0.8571428571428571,both,False
MED4,M00018,0.999,1.0,both,False
MED4,M00019,0.996,1.0,both,False
MED4,M00020,0.912,0.3333333333333333,blimmp_only,False
MED4,M00021,0.9780000000000001,1.0,both,False
MED4,M00022,0.9940000000000001,1.0,both,False
MED4,M00023,0.975,1.0,both,False
MED4,M00024,0.945,0.6666666666666666,blimmp_only,False
MED4,M00025,0.944,0.6666666666666666,blimmp_only,False
MED4,M00026,0.985,0.875,both,False
MED4,M00027,0.039,0.0,neither,False
MED4,M00028,0.992,1.0,both,False
MED4,M00029,0.0,0.6,neither,False
MED4,M00030,0.0,0.0,neither,False
MED4,M00031,0.001,0.0,neither,False
MED4,M00032,0.0,0.0555555555555555,neither,False
MED4,M00033,0.18600000000000003,0.4000000000000001,neither,False
MED4,M00034,0.383,0.5,neither,True
MED4,M00035,0.9209999999999999,0.5,blimmp_only,False
MED4,M00036,0.059,0.2222222222222222,neither,False
MED4,M00037,0.0,0.0,neither,False
MED4,M00038,0.002,0.0,neither,False
MED4,M00039,0.0,0.0,neither,False
MED4,M00040,0.365,0.0,neither,False
MED4,M00042,0.0,0.0,neither,False
MED4,M00043,0.0,0.0,neither,False
MED4,M00044,0.045000000000000005,0.0,neither,False
MED4,M00045,0.053,0.0,neither,False
MED4,M00046,0.066,0.0,neither,False
MED4,M00047,0.0,0.0,neither,False
MED4,M00048,1.0,1.0,both,False
MED4,M00049,0.999,1.0,both,False
MED4,M00050,0.999,0.75,both,False
MED4,M00051,0.55,0.75,anvio_only,False
MED4,M00052,0.9899999999999999,1.0,both,False
MED4,M00053,0.6919999999999998,0.5,blimmp_only,False
MED4,M00055,0.0,0.0,neither,False
MED4,M00056,0.0,0.0,neither,False
MED4,M00057,0.0,0.0,neither,False
MED4,M00058,0.0,0.0,neither,False
MED4,M00059,0.0,0.0,neither,False
MED4,M00060,0.642,0.4444444444444444,blimmp_only,False
MED4,M00061,0.115,0.0,neither,False
MED4,M00063,0.122,0.0,neither,False
MED4,M00064,0.9460000000000001,0.4000000000000001,blimmp_only,False
MED4,M00065,0.0,0.0,neither,False
MED4,M00066,0.0,0.0,neither,False
MED4,M00067,0.0,0.0,neither,False
MED4,M00068,0.0,0.0,neither,False
MED4,M00069,0.0,0.0,neither,False
MED4,M00070,0.0,0.0,neither,False
MED4,M00071,0.0,0.0,neither,False
MED4,M00072,0.0,0.0,neither,False
MED4,M00073,0.0,0.0,neither,False
MED4,M00074,0.0,0.0,neither,False
MED4,M00075,0.0,0.0,neither,False
MED4,M00076,0.0,0.0,neither,False
MED4,M00077,0.0,0.0,neither,False
MED4,M00078,0.0,0.0,neither,False
MED4,M00079,0.0,0.0,neither,False
MED4,M00081,0.0,0.0,neither,False
MED4,M00082,0.965,1.0,both,False
MED4,M00083,0.983,1.0,both,False
MED4,M00085,0.0,0.0,neither,False
MED4,M00086,0.963,1.0,both,False
MED4,M00087,0.123,0.0,neither,False
MED4,M00088,0.063,0.0,neither,False
MED4,M00089,0.0,0.25,neither,False
MED4,M00090,0.0,0.0,neither,False
MED4,M00091,0.033,0.0,neither,False
MED4,M00092,0.0,0.0,neither,False
MED4,M00093,0.663,0.3333333333333333,blimmp_only,False
MED4,M00094,0.0,0.0,neither,False
MED4,M00095,0.002,0.0,neither,False
MED4,M00096,0.987,0.875,both,False
MED4,M00097,0.928,1.0,both,False
MED4,M00098,0.561,0.5,neither,False
MED4,M00099,0.0,0.0,neither,False
MED4,M00100,0.0,0.0,neither,False
MED4,M00101,0.0,0.0,neither,False
MED4,M00102,0.0,0.0,neither,False
MED4,M00103,0.0,0.0,neither,False
MED4,M00104,0.0,0.0,neither,False
MED4,M00106,0.0,0.0,neither,False
MED4,M00107,0.0,0.0,neither,False
MED4,M00108,0.0,0.0,neither,False
MED4,M00109,0.0,0.0,neither,False
MED4,M00110,0.0,0.0,neither,False
MED4,M00112,0.039,0.25,neither,False
MED4,M00113,0.0,0.0,neither,False
MED4,M00114,0.0,0.0,neither,False
MED4,M00115,0.992,0.6,blimmp_only,False
MED4,M00116,0.944,0.3333333333333333,blimmp_only,False
MED4,M00117,0.605,0.25,blimmp_only,False
MED4,M00118,0.955,0.5,blimmp_only,False
MED4,M00119,0.9499999999999998,0.6,blimmp_only,False
MED4,M00120,0.9940000000000001,1.0,both,False
MED4,M00121,0.999,1.0,both,False
MED4,M00122,0.9540000000000001,0.7142857142857143,blimmp_only,False
MED4,M00123,0.9620000000000001,1.0,both,False
MED4,M00124,0.745,0.5,blimmp_only,False
MED4,M00125,0.952,0.8571428571428571,both,False
MED4,M00126,0.951,0.5714285714285714,blimmp_only,False
MED4,M00127,0.914,0.5625,blimmp_only,False
MED4,M00128,0.0,0.0,neither,False
MED4,M00129,0.0,0.1428571428571428,neither,False
MED4,M00130,0.0,0.0,neither,False
MED4,M00131,0.0,0.25,neither,False
MED4,M00132,0.0,0.0,neither,False
MED4,M00133,0.9330000000000002,1.0,both,False
MED4,M00134,0.013,0.0,neither,False
MED4,M00135,0.01,0.0,neither,False
MED4,M00136,0.004,0.0,neither,False
MED4,M00137,0.0,0.0,neither,False
MED4,M00138,0.0,0.0,neither,False
MED4,M00140,0.654,0.6666666666666666,blimmp_only,False
MED4,M00141,0.0,0.5,neither,False
MED4,M00142,0.0,0.0,neither,False
MED4,M00143,0.0,0.0,neither,False
MED4,M00144,0.029,0.5833333333333334,neither,False
MED4,M00145,0.9090000000000001,1.0,both,False
MED4,M00146,0.0,0.0,neither,False
MED4,M00147,0.0,0.0,neither,False
MED4,M00148,0.0,0.0,neither,False
MED4,M00149,0.021,0.0,neither,False
MED4,M00150,0.004,0.0,neither,False
MED4,M00151,0.023000000000000003,0.0,neither,False
MED4,M00152,0.0,0.0,neither,False
MED4,M00153,0.082,0.0,neither,False
MED4,M00154,0.0,0.1333333333333333,neither,False
MED4,M00155,0.936,1.0,both,False
MED4,M00156,0.011000000000000001,0.0,neither,False
MED4,M00157,0.9460000000000001,1.0,both,False
MED4,M00158,0.0,0.0,neither,False
MED4,M00159,0.0,0.0,neither,False
MED4,M00160,0.0,0.0,neither,False
MED4,M00161,0.9090000000000001,1.0,both,False
MED4,M00162,0.583,0.625,neither,False
MED4,M00163,0.9090000000000001,0.8333333333333334,both,False
MED4,M00165,0.997,0.8181818181818182,both,False
MED4,M00168,0.714,0.5,blimmp_only,False
MED4,M00169,0.033,0.0,neither,False
MED4,M00170,0.0,0.25,neither,False
MED4,M00171,0.0,0.1428571428571428,neither,False
MED4,M00172,0.0,0.25,neither,False
MED4,M00173,0.104,0.3636363636363636,neither,False
MED4,M00174,0.004,0.0,neither,False
MED4,M00175,0.002,0.0,neither,False
MED4,M00176,0.956,1.0,both,False
MED4,M00307,0.963,1.0,both,False
MED4,M00308,0.421,0.4000000000000001,neither,False
MED4,M00309,0.0,0.0,neither,False
MED4,M00338,0.932,0.0,blimmp_only,False
MED4,M00344,0.0,0.25,neither,False
MED4,M00345,0.351,0.3333333333333333,neither,False
MED4,M00346,0.222,0.4444444444444444,neither,False
MED4,M00356,0.0,0.0,neither,False
MED4,M00357,0.013,0.20000000000000004,neither,False
MED4,M00358,0.04,0.25,neither,False
MED4,M00363,0.0,0.0,neither,False
MED4,M00364,0.628,0.5,blimmp_only,False
MED4,M00365,0.613,0.0,blimmp_only,False
MED4,M00366,0.0,0.25,neither,False
MED4,M00367,0.0,0.0,neither,False
MED4,M00368,0.0,0.3333333333333333,neither,False
MED4,M00369,0.0,0.0,neither,False
MED4,M00370,0.0,0.0,neither,False
MED4,M00371,0.0,0.0,neither,False
MED4,M00372,0.0,0.0,neither,False
MED4,M00373,0.001,0.0,neither,False
MED4,M00374,0.001,0.0769230769230769,neither,False
MED4,M00375,0.0,0.0,neither,False
MED4,M00376,0.0,0.1538461538461538,neither,False
MED4,M00377,0.03,0.2857142857142857,neither,False
MED4,M00378,0.102,0.0,neither,False
MED4,M00415,0.0,0.0,neither,False
MED4,M00416,0.001,0.0,neither,False
MED4,M00417,0.01,0.0,neither,False
MED4,M00418,0.0,0.0,neither,False
MED4,M00419,0.0,0.0,neither,False
MED4,M00422,0.0,0.0,neither,False
MED4,M00432,0.989,1.0,both,False
MED4,M00433,0.0,0.0,neither,False
MED4,M00525,0.552,0.7777777777777778,anvio_only,False
MED4,M00526,0.926,0.8333333333333334,both,False
MED4,M00527,0.9979999999999999,1.0,both,False
MED4,M00528,0.0,0.0,neither,False
MED4,M00529,0.0,0.0,neither,False
MED4,M00530,0.005,0.0,neither,False
MED4,M00531,0.09700000000000002,0.0,neither,False
MED4,M00532,0.0,0.6,neither,False
MED4,M00533,0.001,0.0,neither,False
MED4,M00534,0.0,0.0,neither,False
MED4,M00535,0.525,0.6666666666666666,neither,False
MED4,M00537,0.0,0.0,neither,False
MED4,M00538,0.0,0.0,neither,False
MED4,M00539,0.0,0.0,neither,False
MED4,M00540,0.0,0.0,neither,False
MED4,M00541,0.0,0.0,neither,False
MED4,M00542,0.0,0.0,neither,False
MED4,M00543,0.0,0.0,neither,False
MED4,M00544,0.221,0.0,neither,False
MED4,M00545,0.011000000000000001,0.0,neither,False
MED4,M00546,0.05000000000000001,0.0,neither,False
MED4,M00547,0.0,0.0,neither,False
MED4,M00548,0.001,0.0,neither,False
MED4,M00549,0.8169999999999998,0.6666666666666666,blimmp_only,False
MED4,M00550,0.002,0.0,neither,False
MED4,M00551,0.002,0.0,neither,False
MED4,M00552,0.211,0.4000000000000001,neither,False
MED4,M00554,0.264,0.0,neither,False
MED4,M00555,0.032,0.0,neither,False
MED4,M00563,0.0,0.0,neither,False
MED4,M00564,0.0,0.0,neither,False
MED4,M00565,0.975,0.5,blimmp_only,False
MED4,M00567,0.0,0.0,neither,False
MED4,M00568,0.028,0.0,neither,False
MED4,M00569,0.005,0.1428571428571428,neither,False
MED4,M00570,0.9979999999999999,1.0,both,False
MED4,M00572,0.988,0.8333333333333334,both,False
MED4,M00573,0.38999999999999996,0.6,neither,False
MED4,M00574,0.0,0.0,neither,False
MED4,M00575,0.001,0.20000000000000004,neither,False
MED4,M00576,0.0,0.0,neither,False
MED4,M00577,0.789,0.8000000000000002,both,False
MED4,M00579,0.351,0.0,neither,False
MED4,M00580,0.322,0.5,neither,False
MED4,M00595,0.002,0.0,neither,False
MED4,M00596,0.039,0.25,neither,False
MED4,M00597,0.001,0.0,neither,False
MED4,M00598,0.0,0.0,neither,False
MED4,M00608,0.0,0.0,neither,False
MED4,M00609,0.17,0.1666666666666666,neither,False
MED4,M00611,0.967,0.9090909090909092,both,False
MED4,M00612,0.377,0.4090909090909091,neither,False
MED4,M00613,0.009,0.0769230769230769,neither,False
MED4,M00614,0.009,0.1818181818181818,neither,False
MED4,M00615,0.40599999999999997,0.3333333333333333,neither,False
MED4,M00616,0.38999999999999996,0.5,neither,False
MED4,M00617,0.022000000000000002,0.20000000000000004,neither,False
MED4,M00618,0.042,0.1428571428571428,neither,False
MED4,M00620,0.0,0.0,neither,False
MED4,M00621,0.983,1.0,both,False
MED4,M00622,0.0,0.0,neither,False
MED4,M00623,0.0,0.0,neither,False
MED4,M00624,0.0,0.0,neither,False
MED4,M00625,0.0,0.0,neither,False
MED4,M00627,0.8729999999999999,0.0,blimmp_only,False
MED4,M00630,0.0,0.0,neither,False
MED4,M00631,0.078,0.0,neither,False
MED4,M00632,0.49099999999999994,0.25,neither,False
MED4,M00633,0.0,0.0,neither,False
MED4,M00636,0.0,0.0,neither,False
MED4,M00637,0.001,0.0,neither,False
MED4,M00638,0.0,0.0,neither,False
MED4,M00639,0.001,0.0,neither,False
MED4,M00641,0.021,0.0,neither,False
MED4,M00642,0.03,0.0,neither,False
MED4,M00643,0.0,0.0,neither,False
MED4,M00649,0.0,0.0,neither,False
MED4,M00651,0.0,0.2857142857142857,neither,False
MED4,M00652,0.0,0.0,neither,False
MED4,M00660,0.0,0.0,neither,False
MED4,M00661,0.0,0.0,neither,False
MED4,M00664,0.001,0.0,neither,False
MED4,M00672,0.0,0.0,neither,False
MED4,M00673,0.0,0.0,neither,False
MED4,M00674,0.0,0.0,neither,False
MED4,M00675,0.0,0.0,neither,False
MED4,M00696,0.001,0.1666666666666666,neither,False
MED4,M00697,0.0,0.1666666666666666,neither,False
MED4,M00698,0.014,0.0,neither,False
MED4,M00700,0.002,0.0,neither,False
MED4,M00702,0.001,0.0,neither,False
MED4,M00704,0.001,0.0,neither,False
MED4,M00705,0.557,0.0,neither,False
MED4,M00714,0.004,0.0,neither,False
MED4,M00718,0.0,0.0,neither,False
MED4,M00725,0.0,0.0,neither,False
MED4,M00726,0.004,0.0,neither,False
MED4,M00730,0.0,0.0,neither,False
MED4,M00736,0.0,0.0,neither,False
MED4,M00740,0.001,0.1818181818181818,neither,False
MED4,M00741,0.018,0.0,neither,False
MED4,M00744,0.004,0.0,neither,False
MED4,M00745,0.22,0.0,neither,False
MED4,M00746,0.0,0.0,neither,False
MED4,M00761,0.237,0.20000000000000004,neither,False
MED4,M00763,0.001,0.0,neither,False
MED4,M00769,0.007,0.0,neither,False
MED4,M00773,0.0,0.0,neither,False
MED4,M00774,0.0,0.0,neither,False
MED4,M00775,0.0,0.0,neither,False
MED4,M00776,0.0,0.0,neither,False
MED4,M00777,0.0,0.0,neither,False
MED4,M00778,0.0,0.0,neither,False
MED4,M00779,0.0,0.0,neither,False
MED4,M00780,0.0,0.0,neither,False
MED4,M00781,0.0,0.0,neither,False
MED4,M00782,0.0,0.0,neither,False
MED4,M00783,0.0,0.0,neither,False
MED4,M00784,0.0,0.0,neither,False
MED4,M00785,0.0,0.0,neither,False
MED4,M00786,0.0,0.0,neither,False
MED4,M00787,0.0,0.0,neither,False
MED4,M00788,0.0,0.0,neither,False
MED4,M00789,0.0,0.0,neither,False
MED4,M00790,0.001,0.0,neither,False
MED4,M00793,0.585,0.0,neither,False
MED4,M00794,0.0,0.0,neither,False
MED4,M00795,0.111,0.0,neither,False
MED4,M00796,0.0,0.0,neither,False
MED4,M00797,0.002,0.0,neither,False
MED4,M00798,0.0,0.0,neither,False
MED4,M00799,0.0,0.0,neither,False
MED4,M00800,0.0,0.0,neither,False
MED4,M00801,0.0,0.0,neither,False
MED4,M00802,0.02,0.0,neither,False
MED4,M00803,0.0,0.0,neither,False
MED4,M00804,0.0,0.0,neither,False
MED4,M00805,0.0,0.0,neither,False
MED4,M00808,0.0,0.0,neither,False
MED4,M00810,0.0,0.0,neither,False
MED4,M00811,0.0,0.0,neither,False
MED4,M00814,0.0,0.0,neither,False
MED4,M00815,0.0,0.0,neither,False
MED4,M00819,0.0,0.0,neither,False
MED4,M00823,0.0,0.0,neither,False
MED4,M00824,0.0,0.0,neither,False
MED4,M00825,0.0,0.0,neither,False
MED4,M00826,0.0,0.0,neither,False
MED4,M00827,0.0,0.0,neither,False
MED4,M00828,0.0,0.0,neither,False
MED4,M00829,0.0,0.0,neither,False
MED4,M00830,0.0,0.0,neither,False
MED4,M00831,0.0,0.0,neither,False
MED4,M00832,0.0,0.0,neither,False
MED4,M00833,0.0,0.0,neither,False
MED4,M00834,0.0,0.0,neither,False
MED4,M00835,0.0,0.0,neither,False
MED4,M00836,0.0,0.0,neither,False
MED4,M00837,0.025000000000000005,0.0,neither,False
MED4,M00838,0.025000000000000005,0.0,neither,False
MED4,M00840,0.403,0.1428571428571428,neither,False
MED4,M00841,0.0,0.4000000000000001,neither,False
MED4,M00842,0.0,0.6666666666666666,neither,False
MED4,M00843,0.519,0.6666666666666666,neither,False
MED4,M00844,0.9899999999999999,1.0,both,False
MED4,M00845,0.75,0.5714285714285714,blimmp_only,True
MED4,M00846,0.989,0.9166666666666666,both,False
MED4,M00847,0.045000000000000005,0.0,neither,False
MED4,M00848,0.0,0.03125,neither,False
MED4,M00849,0.004,0.0,neither,False
MED4,M00850,0.0,0.0,neither,False
MED4,M00851,0.001,0.0,neither,False
MED4,M00852,0.0,0.0,neither,False
MED4,M00853,0.0,0.0,neither,False
MED4,M00854,0.969,1.0,both,False
MED4,M00855,0.89,0.75,both,False
MED4,M00856,0.0,0.0,neither,False
MED4,M00857,0.0,0.0,neither,False
MED4,M00859,0.0,0.0,neither,False
MED4,M00860,0.001,0.0,neither,False
MED4,M00861,0.0,0.0,neither,False
MED4,M00862,0.0,0.0,neither,False
MED4,M00866,0.65,0.4444444444444444,blimmp_only,False
MED4,M00867,0.0,0.0,neither,False
MED4,M00868,0.957,0.75,both,False
MED4,M00872,0.0,0.0,neither,False
MED4,M00873,0.0,0.25,neither,False
MED4,M00874,0.0,0.4166666666666667,neither,False
MED4,M00875,0.018,0.0,neither,False
MED4,M00876,0.0,0.0,neither,False
MED4,M00877,0.0,0.0,neither,False
MED4,M00878,0.001,0.0,neither,False
MED4,M00879,0.001,0.0,neither,False
MED4,M00880,0.116,0.0,neither,False
MED4,M00881,0.971,1.0,both,False
MED4,M00882,0.0,0.5,neither,False
MED4,M00883,0.531,0.3333333333333333,neither,False
MED4,M00884,0.0,0.5,neither,False
MED4,M00885,0.956,0.4000000000000001,blimmp_only,False
MED4,M00886,0.956,0.3333333333333333,blimmp_only,False
MED4,M00887,0.022000000000000002,0.0,neither,False
MED4,M00888,0.144,0.25,neither,False
MED4,M00889,0.0,0.0,neither,False
MED4,M00890,0.001,0.0,neither,False
MED4,M00891,0.0,0.0,neither,False
MED4,M00892,0.0,0.25,neither,False
MED4,M00893,0.0,0.0,neither,False
MED4,M00894,0.0,0.0,neither,False
MED4,M00895,0.914,0.6111111111111112,blimmp_only,False
MED4,M00896,0.91,0.6,blimmp_only,False
MED4,M00897,0.0,0.20000000000000004,neither,False
MED4,M00898,0.0,0.0,neither,False
MED4,M00899,0.948,0.3333333333333333,blimmp_only,False
MED4,M00900,0.0,0.0,neither,False
MED4,M00901,0.0,0.0,neither,False
MED4,M00902,0.0,0.0,neither,False
MED4,M00903,0.0,0.0,neither,False
MED4,M00904,0.0,0.0,neither,False
MED4,M00905,0.0,0.0,neither,False
MED4,M00906,0.013,0.0,neither,False
MED4,M00909,0.9940000000000001,1.0,both,False
MED4,M00910,0.0,0.0,neither,False
MED4,M00911,0.0,0.3333333333333333,neither,False
MED4,M00912,0.17400000000000002,0.125,neither,False
MED4,M00913,0.0,0.4000000000000001,neither,False
MED4,M00914,0.078,0.2857142857142857,neither,False
MED4,M00915,0.0,0.0,neither,False
MED4,M00916,0.019,0.0,neither,False
MED4,M00917,0.0,0.0,neither,False
MED4,M00918,0.001,0.0,neither,False
MED4,M00919,0.0,0.0,neither,False
MED4,M00921,0.039,0.0,neither,False
MED4,M00922,0.0,0.0,neither,False
MED4,M00923,0.001,0.0,neither,False
MED4,M00924,0.996,0.9166666666666666,both,False
MED4,M00925,0.935,0.7575757575757577,both,False
MED4,M00926,0.9579999999999999,0.7777777777777778,both,False
MED4,M00927,0.0,0.0,neither,False
MED4,M00928,0.0,0.0,neither,False
MED4,M00929,0.0,0.0,neither,False
MED4,M00930,0.0,0.0,neither,False
MED4,M00931,0.0,0.0,neither,False
MED4,M00932,0.9700000000000001,0.7142857142857143,blimmp_only,False
MED4,M00933,0.0,0.0,neither,False
MED4,M00934,0.0,0.0,neither,False
MED4,M00935,0.0,0.0,neither,False
MED4,M00936,0.0,0.25,neither,False
MED4,M00937,0.0,0.0,neither,False
MED4,M00938,0.906,0.6,blimmp_only,False
MED4,M00939,0.0030000000000000005,0.0,neither,False
MED4,M00940,0.0,0.0,neither,False
MED4,M00941,0.0,0.0,neither,False
MED4,M00942,0.0,0.0,neither,False
MED4,M00943,0.0,0.0,neither,False
MED4,M00944,0.0,0.0,neither,False
MED4,M00945,0.0,0.0,neither,False
MED4,M00946,0.0,0.0,neither,False
MED4,M00947,0.001,0.0,neither,False
MED4,M00948,0.0030000000000000005,0.0,neither,False
MED4,M00949,0.0,0.0,neither,False
MED4,M00950,0.697,0.75,both,False
MED4,M00951,0.0,0.0,neither,False
MED4,M00952,0.0,0.0,neither,False
MED4,M00953,0.0,0.20000000000000004,neither,False
MED4,M00954,0.0,0.0,neither,False
MED4,M00955,0.0,0.0,neither,False
MED4,M00956,0.013,0.0,neither,False
MED4,M00957,0.007,0.0,neither,False
MED4,M00958,0.567,0.75,anvio_only,False
MED4,M00959,0.373,0.5,neither,False
MED4,M00960,0.0,0.0,neither,False
MED4,M00961,0.0,0.0,neither,False
MED4,M00962,0.0,0.0,neither,False
MED4,M00963,0.0,0.0,neither,False
MED4,M00964,0.0,0.0,neither,False
MED4,M00965,0.0,0.0,neither,False
MED4,M00966,0.0,0.0,neither,False
MED4,M00967,0.0,0.0,neither,False
MED4,M00968,0.111,0.3333333333333333,neither,False
MED4,M00969,0.0,0.0,neither,False
MED4,M00970,0.15,0.0,neither,False
MED4,M00971,0.0,0.0,neither,False
MED4,M00972,0.148,0.3333333333333333,neither,False
MED4,M00973,0.005,0.0,neither,False
MED4,M00974,0.0,0.0,neither,False
MED4,M00975,0.321,0.5,neither,False
MED4,M00976,0.0,0.0,neither,False
MED4,M00977,0.0,0.0,neither,False
MED4,M00978,0.883,0.8333333333333334,both,False
MED4,M00979,0.0,0.0,neither,False
MED4,M00980,0.0,0.0,neither,False
MED4,M00981,0.0,0.0,neither,False
MED4,M00982,0.0,0.5714285714285714,neither,False
MED4,M00983,0.0,0.0,neither,False
MED4,M00984,0.0,0.0,neither,False
MED4,M00985,0.0,0.0,neither,False
MED4,M00986,0.0,0.0,neither,False
MED4,M00987,0.0,0.3333333333333333,neither,False
MED4,M00988,0.0,1.0,anvio_only,False
MED4,M00989,0.0,0.3333333333333333,neither,False
MED4,M00990,0.0,0.0,neither,False
MED4,M00991,0.0,0.0,neither,False
MED4,M00992,0.0,0.0,neither,False
MED4,M00993,0.0,0.0,neither,False
MED4,M00994,0.0,0.0,neither,False
MED4,M00995,0.0,1.0,anvio_only,False
MED4,M00996,0.0,0.0,neither,False
MED4,M00997,0.0,0.6666666666666666,neither,False
MED4,M00998,0.0,0.0,neither,False
MED4,M00999,0.0,1.0,anvio_only,False
MED4,M01000,0.0,0.6666666666666666,neither,False
MED4,M01001,0.0,0.0,neither,False
MED4,M01002,0.0,0.25,neither,False
MED4,M01003,0.0,0.0,neither,False
MED4,M01004,0.0,0.5,neither,False
MED4,M01005,0.0,0.0,neither,False
MED4,M01006,0.0,0.6,neither,False
MED4,M01007,0.0,0.0,neither,False
MED4,M01008,0.0,0.0,neither,False
MED4,M01009,0.0,0.0,neither,False
MED4,M01010,0.0,0.0,neither,False
MED4,M01011,0.0,0.0,neither,False
MED4,M01012,0.0,0.0,neither,False
MED4,M01013,0.0,0.0,neither,False
MED4,M01014,0.0,0.0,neither,False
MED4,M01015,0.0,0.3333333333333333,neither,False
MED4,M01016,0.0,1.0,anvio_only,False
MED4,M01017,0.0,0.3333333333333333,neither,False
MED4,M01018,0.0,0.5,neither,False
MED4,M01019,0.0,0.5,neither,False
MED4,M01020,0.0,0.3333333333333333,neither,False
MED4,M01021,0.0,0.0,neither,False
MED4,M01022,0.0,0.0,neither,False
MED4,M01023,0.0,0.0,neither,False
MED4,M01024,0.0,0.0,neither,False
MED4,M01025,0.0,0.0,neither,False
MED4,M01026,0.0,0.0,neither,False
MED4,M01027,0.0,0.0,neither,False
MED4,M01028,0.0,0.5,neither,False
MED4,M01029,0.0,0.6,neither,False
MED4,M01030,0.0,0.5,neither,False
MED4,M01031,0.0,0.4000000000000001,neither,False
MED4,M01032,0.0,0.0,neither,False
MED4,M01033,0.0,0.0,neither,False
MED4,M01034,0.0,0.3333333333333333,neither,False
MED4,M01035,0.0,0.20000000000000004,neither,False
MED4,M01036,0.0,0.0,neither,False
MED4,M01037,0.0,0.0,neither,False
MED4,M01038,0.0,0.0,neither,False
MED4,M01039,0.0,0.0,neither,False
MED4,M01040,0.0,0.25,neither,False
MED4,M01041,0.0,0.0,neither,False
MED4,M01042,0.0,0.0,neither,False
MED4,M01043,0.0,0.20000000000000004,neither,False
MED4,M01044,0.0,0.0,neither,False
MED4,M01045,0.0,1.0,anvio_only,False
MED4,M01046,0.0,0.0,neither,False
MED4,M01047,0.0,0.0,neither,False
SS120,M00001,0.9979999999999999,0.9,both,False
SS120,M00002,0.999,1.0,both,False
SS120,M00003,0.992,0.75,both,False
SS120,M00004,0.9940000000000001,1.0,both,False
SS120,M00005,1.0,1.0,both,False
SS120,M00006,0.973,1.0,both,False
SS120,M00007,0.9979999999999999,1.0,both,False
SS120,M00008,0.9209999999999999,0.5,blimmp_only,False
SS120,M00009,0.9460000000000001,0.8125,both,True
SS120,M00010,0.957,1.0,both,False
SS120,M00011,0.843,0.6999999999999998,blimmp_only,False
SS120,M00012,0.799,0.4000000000000001,blimmp_only,False
SS120,M00013,0.0,0.0,neither,False
SS120,M00014,0.0,0.1111111111111111,neither,False
SS120,M00015,0.979,1.0,both,False
SS120,M00016,0.987,0.7777777777777778,both,False
SS120,M00017,0.8889999999999999,0.8571428571428571,both,False
SS120,M00018,0.9979999999999999,1.0,both,False
SS120,M00019,0.996,1.0,both,False
SS120,M00020,0.891,0.3333333333333333,blimmp_only,False
SS120,M00021,0.976,1.0,both,False
SS120,M00022,0.993,1.0,both,False
SS120,M00023,0.972,1.0,both,False
SS120,M00024,0.94,0.6666666666666666,blimmp_only,False
SS120,M00025,0.94,0.6666666666666666,blimmp_only,False
SS120,M00026,0.9860000000000001,0.875,both,False
SS120,M00027,0.034,0.0,neither,False
SS120,M00028,0.991,1.0,both,False
SS120,M00029,0.0,0.6,neither,False
SS120,M00030,0.0,0.0,neither,False
SS120,M00031,0.001,0.0,neither,False
SS120,M00032,0.0,0.0555555555555555,neither,False
SS120,M00033,0.165,0.4000000000000001,neither,False
SS120,M00034,0.3459999999999999,0.5,neither,True
SS120,M00035,0.7559999999999999,0.5,blimmp_only,False
SS120,M00036,0.04900000000000001,0.2222222222222222,neither,False
SS120,M00037,0.0,0.0,neither,False
SS120,M00038,0.001,0.0,neither,False
SS120,M00039,0.0,0.0,neither,False
SS120,M00040,0.349,0.0,neither,False
SS120,M00042,0.0,0.0,neither,False
SS120,M00043,0.0,0.0,neither,False
SS120,M00044,0.09600000000000002,0.0,neither,False
SS120,M00045,0.046000000000000006,0.0,neither,False
SS120,M00046,0.007,0.0,neither,False
SS120,M00047,0.0,0.0,neither,False
SS120,M00048,1.0,1.0,both,False
SS120,M00049,0.999,1.0,both,False
SS120,M00050,0.999,0.75,both,False
SS120,M00051,0.526,0.75,anvio_only,False
SS120,M00052,0.989,1.0,both,False
SS120,M00053,0.676,0.5,blimmp_only,False
SS120,M00055,0.0,0.0,neither,False
SS120,M00056,0.0,0.0,neither,False
SS120,M00057,0.0,0.0,neither,False
SS120,M00058,0.0,0.0,neither,False
SS120,M00059,0.0,0.0,neither,False
SS120,M00060,0.6,0.4444444444444444,blimmp_only,False
SS120,M00061,0.10000000000000002,0.0,neither,False
SS120,M00063,0.108,0.0,neither,False
SS120,M00064,0.9380000000000001,0.4000000000000001,blimmp_only,False
SS120,M00065,0.0,0.0,neither,False
SS120,M00066,0.0,0.0,neither,False
SS120,M00067,0.0,0.0,neither,False
SS120,M00068,0.0,0.0,neither,False
SS120,M00069,0.0,0.0,neither,False
SS120,M00070,0.0,0.0,neither,False
SS120,M00071,0.0,0.0,neither,False
SS120,M00072,0.0,0.0,neither,False
SS120,M00073,0.0,0.0,neither,False
SS120,M00074,0.0,0.0,neither,False
SS120,M00075,0.0,0.1111111111111111,neither,False
SS120,M00076,0.0,0.0,neither,False
SS120,M00077,0.0,0.0,neither,False
SS120,M00078,0.0,0.0,neither,False
SS120,M00079,0.0,0.0,neither,False
SS120,M00081,0.0,0.0,neither,False
SS120,M00082,0.9620000000000001,1.0,both,False
SS120,M00083,0.983,1.0,both,False
SS120,M00085,0.0,0.0,neither,False
SS120,M00086,0.961,1.0,both,False
SS120,M00087,0.11,0.0,neither,False
SS120,M00088,0.06,0.0,neither,False
SS120,M00089,0.0,0.25,neither,False
SS120,M00090,0.0,0.0,neither,False
SS120,M00091,0.031,0.0,neither,False
SS120,M00092,0.0,0.0,neither,False
SS120,M00093,0.641,0.3333333333333333,blimmp_only,False
SS120,M00094,0.0,0.0,neither,False
SS120,M00095,0.002,0.0,neither,False
SS120,M00096,0.987,0.875,both,False
SS120,M00097,0.922,1.0,both,False
SS120,M00098,0.542,0.5,neither,False
SS120,M00099,0.0,0.0,neither,False
SS120,M00100,0.0,0.0,neither,False
SS120,M00101,0.0,0.0,neither,False
SS120,M00102,0.0,0.0,neither,False
SS120,M00103,0.0,0.0,neither,False
SS120,M00104,0.0,0.0,neither,False
SS120,M00106,0.0,0.0,neither,False
SS120,M00107,0.0,0.0,neither,False
SS120,M00108,0.0,0.0,neither,False
SS120,M00109,0.0,0.0,neither,False
SS120,M00110,0.0,0.0,neither,False
SS120,M00112,0.033,0.25,neither,False
SS120,M00113,0.0,0.0,neither,False
SS120,M00114,0.0,0.0,neither,False
SS120,M00115,0.9899999999999999,0.6,blimmp_only,False
SS120,M00116,0.936,0.3333333333333333,blimmp_only,False
SS120,M00117,0.883,0.375,blimmp_only,False
SS120,M00118,0.952,0.5,blimmp_only,False
SS120,M00119,0.948,0.6,blimmp_only,False
SS120,M00120,0.993,1.0,both,False
SS120,M00121,0.999,1.0,both,False
SS120,M00122,0.952,0.7142857142857143,blimmp_only,False
SS120,M00123,0.9579999999999999,1.0,both,False
SS120,M00124,0.526,0.3333333333333333,neither,False
SS120,M00125,0.949,0.8571428571428571,both,False
SS120,M00126,0.941,0.7142857142857143,blimmp_only,False
SS120,M00127,0.758,0.5625,blimmp_only,False
SS120,M00128,0.0,0.0,neither,False
SS120,M00129,0.0,0.1428571428571428,neither,False
SS120,M00130,0.0,0.0,neither,False
SS120,M00131,0.0,0.25,neither,False
SS120,M00132,0.0,0.0,neither,False
SS120,M00133,0.93,1.0,both,False
SS120,M00134,0.011000000000000001,0.0,neither,False
SS120,M00135,0.009,0.0,neither,False
SS120,M00136,0.004,0.0,neither,False
SS120,M00137,0.0,0.0,neither,False
SS120,M00138,0.0,0.0,neither,False
SS120,M00140,0.639,0.6666666666666666,blimmp_only,False
SS120,M00141,0.0,0.5,neither,False
SS120,M00142,0.0,0.0,neither,False
SS120,M00143,0.0,0.0,neither,False
SS120,M00144,0.03,0.5833333333333334,neither,False
SS120,M00145,0.9049999999999999,1.0,both,False
SS120,M00146,0.0,0.0,neither,False
SS120,M00147,0.0,0.0,neither,False
SS120,M00148,0.0,0.0,neither,False
SS120,M00149,0.325,0.75,anvio_only,False
SS120,M00150,0.004,0.0,neither,False
SS120,M00151,0.021,0.0,neither,False
SS120,M00152,0.0,0.0,neither,False
SS120,M00153,0.021,0.0,neither,False
SS120,M00154,0.0,0.1333333333333333,neither,False
SS120,M00155,0.9330000000000002,1.0,both,False
SS120,M00156,0.009,0.0,neither,False
SS120,M00157,0.943,1.0,both,False
SS120,M00158,0.0,0.0,neither,False
SS120,M00159,0.0,0.0,neither,False
SS120,M00160,0.0,0.0,neither,False
SS120,M00161,0.9049999999999999,1.0,both,False
SS120,M00162,0.571,0.5,neither,False
SS120,M00163,0.9049999999999999,1.0,both,False
SS120,M00165,0.995,0.8181818181818182,both,False
SS120,M00168,0.75,0.5,blimmp_only,False
SS120,M00169,0.043000000000000003,0.0,neither,False
SS120,M00170,0.0,0.25,neither,False
SS120,M00171,0.0,0.1428571428571428,neither,False
SS120,M00172,0.0,0.25,neither,False
SS120,M00173,0.17899999999999996,0.4545454545454544,neither,False
SS120,M00174,0.0,0.0,neither,False
SS120,M00175,0.002,0.0,neither,False
SS120,M00176,0.951,0.8333333333333334,both,False
SS120,M00307,0.961,1.0,both,False
SS120,M00308,0.393,0.4000000000000001,neither,False
SS120,M00309,0.0,0.0,neither,False
SS120,M00338,0.726,0.0,blimmp_only,False
SS120,M00344,0.0,0.25,neither,False
SS120,M00345,0.355,0.3333333333333333,neither,False
SS120,M00346,0.19800000000000004,0.4444444444444444,neither,False
SS120,M00356,0.0,0.0,neither,False
SS120,M00357,0.011000000000000001,0.20000000000000004,neither,False
SS120,M00358,0.034,0.25,neither,False
SS120,M00363,0.0,0.0,neither,False
SS120,M00364,0.65,0.5,blimmp_only,False
SS120,M00365,0.635,0.0,blimmp_only,False
SS120,M00366,0.0,0.25,neither,False
SS120,M00367,0.0,0.0,neither,False
SS120,M00368,0.0,0.3333333333333333,neither,False
SS120,M00369,0.0,0.0,neither,False
SS120,M00370,0.0,0.0,neither,False
SS120,M00371,0.0,0.0,neither,False
SS120,M00372,0.0,0.0,neither,False
SS120,M00373,0.001,0.0,neither,False
SS120,M00374,0.001,0.1538461538461538,neither,False
SS120,M00375,0.0,0.0,neither,False
SS120,M00376,0.0,0.2307692307692307,neither,False
SS120,M00377,0.024000000000000004,0.2857142857142857,neither,False
SS120,M00378,0.09700000000000002,0.0,neither,False
SS120,M00415,0.0,0.0,neither,False
SS120,M00416,0.001,0.0,neither,False
SS120,M00417,0.031,0.0,neither,False
SS120,M00418,0.0,0.0,neither,False
SS120,M00419,0.0,0.0,neither,False
SS120,M00422,0.0,0.0,neither,False
SS120,M00432,0.988,1.0,both,False
SS120,M00433,0.0,0.0,neither,False
SS120,M00525,0.507,0.7777777777777778,anvio_only,False
SS120,M00526,0.914,0.8333333333333334,both,False
SS120,M00527,0.9979999999999999,1.0,both,False
SS120,M00528,0.0,0.0,neither,False
SS120,M00529,0.0,0.0,neither,False
SS120,M00530,0.004,0.0,neither,False
SS120,M00531,0.013,0.0,neither,False
SS120,M00532,0.0,0.6,neither,False
SS120,M00533,0.001,0.0,neither,False
SS120,M00534,0.0,0.0,neither,False
SS120,M00535,0.501,0.6666666666666666,neither,False
SS120,M00537,0.0,0.0,neither,False
SS120,M00538,0.0,0.0,neither,False
SS120,M00539,0.0,0.0,neither,False
SS120,M00540,0.0,0.0,neither,False
SS120,M00541,0.0,0.0,neither,False
SS120,M00542,0.0,0.0,neither,False
SS120,M00543,0.0,0.0,neither,False
SS120,M00544,0.0,0.0,neither,False
SS120,M00545,0.008,0.0,neither,False
SS120,M00546,0.042,0.0,neither,False
SS120,M00547,0.0,0.0,neither,False
SS120,M00548,0.001,0.0,neither,False
SS120,M00549,0.802,0.6666666666666666,blimmp_only,False
SS120,M00550,0.002,0.0,neither,False
SS120,M00551,0.002,0.0,neither,False
SS120,M00552,0.18800000000000003,0.4000000000000001,neither,False
SS120,M00554,0.248,0.0,neither,False
SS120,M00555,0.03,0.0,neither,False
SS120,M00563,0.0,0.0,neither,False
SS120,M00564,0.0,0.0,neither,False
SS120,M00565,0.9700000000000001,0.5,blimmp_only,False
SS120,M00567,0.0,0.0,neither,False
SS120,M00568,0.013,0.0,neither,False
SS120,M00569,0.001,0.0,neither,False
SS120,M00570,0.997,1.0,both,False
SS120,M00572,0.985,1.0,both,False
SS120,M00573,0.359,0.6,neither,False
SS120,M00574,0.0,0.0,neither,False
SS120,M00575,0.001,0.0,neither,False
SS120,M00576,0.0,0.0,neither,False
SS120,M00577,0.766,0.8000000000000002,both,False
SS120,M00579,0.357,0.0,neither,False
SS120,M00580,0.305,0.5,neither,False
SS120,M00595,0.002,0.0,neither,False
SS120,M00596,0.033,0.25,neither,False
SS120,M00597,0.001,0.0,neither,False
SS120,M00598,0.0,0.0,neither,False
SS120,M00608,0.0,0.0,neither,False
SS120,M00609,0.145,0.1666666666666666,neither,False
SS120,M00611,0.965,0.9090909090909092,both,False
SS120,M00612,0.359,0.4090909090909091,neither,False
SS120,M00613,0.008,0.1153846153846153,neither,False
SS120,M00614,0.008,0.2272727272727272,neither,False
SS120,M00615,0.028,0.0,neither,False
SS120,M00616,0.407,0.4166666666666667,neither,False
SS120,M00617,0.021,0.20000000000000004,neither,False
SS120,M00618,0.042,0.1428571428571428,neither,False
SS120,M00620,0.0,0.0,neither,False
SS120,M00621,0.981,1.0,both,False
SS120,M00622,0.0,0.0,neither,False
SS120,M00623,0.0,0.0,neither,False
SS120,M00624,0.0,0.0,neither,False
SS120,M00625,0.0,0.0,neither,False
SS120,M00627,0.347,0.3333333333333333,neither,False
SS120,M00630,0.0,0.0,neither,False
SS120,M00631,0.067,0.0,neither,False
SS120,M00632,0.462,0.25,neither,False
SS120,M00633,0.0,0.0,neither,False
SS120,M00636,0.0,0.0,neither,False
SS120,M00637,0.001,0.0,neither,False
SS120,M00638,0.0,0.0,neither,False
SS120,M00639,0.001,0.0,neither,False
SS120,M00641,0.004,0.0,neither,False
SS120,M00642,0.027,0.0,neither,False
SS120,M00643,0.0,0.0,neither,False
SS120,M00649,0.0,0.0,neither,False
SS120,M00651,0.0,0.2857142857142857,neither,False
SS120,M00652,0.0,0.0,neither,False
SS120,M00660,0.0,0.0,neither,False
SS120,M00661,0.0,0.0,neither,False
SS120,M00664,0.001,0.0,neither,False
SS120,M00672,0.0,0.0,neither,False
SS120,M00673,0.0,0.0,neither,False
SS120,M00674,0.0,0.0,neither,False
SS120,M00675,0.0,0.0,neither,False
SS120,M00696,0.001,0.0,neither,False
SS120,M00697,0.0,0.0,neither,False
SS120,M00698,0.013,0.0,neither,False
SS120,M00700,0.002,0.0,neither,False
SS120,M00702,0.001,0.0,neither,False
SS120,M00704,0.001,0.0,neither,False
SS120,M00705,0.041,0.0,neither,False
SS120,M00714,0.0030000000000000005,0.0,neither,False
SS120,M00718,0.0,0.0,neither,False
SS120,M00725,0.0,0.0,neither,False
SS120,M00726,0.004,0.0,neither,False
SS120,M00730,0.0,0.0,neither,False
SS120,M00736,0.0,0.0,neither,False
SS120,M00740,0.005,0.1818181818181818,neither,False
SS120,M00741,0.023000000000000003,0.0,neither,False
SS120,M00744,0.004,0.0,neither,False
SS120,M00745,0.011000000000000001,0.0,neither,False
SS120,M00746,0.0,0.0,neither,False
SS120,M00761,0.212,0.20000000000000004,neither,False
SS120,M00763,0.001,0.0,neither,False
SS120,M00769,0.007,0.0,neither,False
SS120,M00773,0.0,0.0,neither,False
SS120,M00774,0.0,0.0,neither,False
SS120,M00775,0.0,0.0,neither,False
SS120,M00776,0.0,0.0,neither,False
SS120,M00777,0.0,0.0,neither,False
SS120,M00778,0.004,0.0,neither,False
SS120,M00779,0.0,0.0,neither,False
SS120,M00780,0.0,0.0,neither,False
SS120,M00781,0.0,0.0,neither,False
SS120,M00782,0.0,0.0,neither,False
SS120,M00783,0.0,0.0,neither,False
SS120,M00784,0.0,0.0,neither,False
SS120,M00785,0.0,0.0,neither,False
SS120,M00786,0.0,0.0,neither,False
SS120,M00787,0.0,0.0,neither,False
SS120,M00788,0.0,0.0,neither,False
SS120,M00789,0.0,0.0,neither,False
SS120,M00790,0.0,0.0,neither,False
SS120,M00793,0.295,0.0,neither,False
SS120,M00794,0.0,0.0,neither,False
SS120,M00795,0.0,0.0,neither,False
SS120,M00796,0.0,0.0,neither,False
SS120,M00797,0.0,0.0,neither,False
SS120,M00798,0.001,0.0,neither,False
SS120,M00799,0.001,0.0,neither,False
SS120,M00800,0.001,0.0,neither,False
SS120,M00801,0.0,0.0,neither,False
SS120,M00802,0.001,0.0,neither,False
SS120,M00803,0.0,0.0,neither,False
SS120,M00804,0.0,0.0,neither,False
SS120,M00805,0.0,0.0,neither,False
SS120,M00808,0.0,0.0,neither,False
SS120,M00810,0.0,0.0,neither,False
SS120,M00811,0.0,0.0,neither,False
SS120,M00814,0.0,0.0,neither,False
SS120,M00815,0.0,0.0,neither,False
SS120,M00819,0.0,0.0,neither,False
SS120,M00823,0.0,0.0,neither,False
SS120,M00824,0.0,0.0,neither,False
SS120,M00825,0.0,0.0,neither,False
SS120,M00826,0.0,0.0,neither,False
SS120,M00827,0.0,0.0,neither,False
SS120,M00828,0.0,0.0,neither,False
SS120,M00829,0.0,0.0,neither,False
SS120,M00830,0.0,0.0,neither,False
SS120,M00831,0.0,0.0,neither,False
SS120,M00832,0.0,0.0,neither,False
SS120,M00833,0.0,0.0,neither,False
SS120,M00834,0.0,0.0,neither,False
SS120,M00835,0.0,0.0,neither,False
SS120,M00836,0.0,0.0,neither,False
SS120,M00837,0.0,0.0,neither,False
SS120,M00838,0.0,0.0,neither,False
SS120,M00840,0.367,0.2857142857142857,neither,False
SS120,M00841,0.0,0.4000000000000001,neither,False
SS120,M00842,0.0,0.6666666666666666,neither,False
SS120,M00843,0.494,0.6666666666666666,neither,False
SS120,M00844,0.989,1.0,both,False
SS120,M00845,0.73,0.5714285714285714,blimmp_only,True
SS120,M00846,0.9860000000000001,0.9166666666666666,both,False
SS120,M00847,0.01,0.0,neither,False
SS120,M00848,0.0,0.03125,neither,False
SS120,M00849,0.004,0.0625,neither,False
SS120,M00850,0.0,0.0,neither,False
SS120,M00851,0.001,0.0,neither,False
SS120,M00852,0.0,0.0,neither,False
SS120,M00853,0.0,0.0,neither,False
SS120,M00854,0.9659999999999999,1.0,both,False
SS120,M00855,0.879,0.75,both,False
SS120,M00856,0.0,0.0,neither,False
SS120,M00857,0.0,0.0,neither,False
SS120,M00859,0.0,0.0,neither,False
SS120,M00860,0.0,0.0,neither,False
SS120,M00861,0.0,0.0,neither,False
SS120,M00862,0.0,0.0,neither,False
SS120,M00866,0.608,0.4444444444444444,blimmp_only,False
SS120,M00867,0.0,0.0,neither,False
SS120,M00868,0.948,0.75,both,False
SS120,M00872,0.0,0.0,neither,False
SS120,M00873,0.0,0.25,neither,False
SS120,M00874,0.0,0.4166666666666667,neither,False
SS120,M00875,0.0,0.0,neither,False
SS120,M00876,0.0,0.0,neither,False
SS120,M00877,0.0,0.0,neither,False
SS120,M00878,0.001,0.0,neither,False
SS120,M00879,0.001,0.0,neither,False
SS120,M00880,0.105,0.0,neither,False
SS120,M00881,0.968,1.0,both,False
SS120,M00882,0.0,0.5,neither,False
SS120,M00883,0.507,0.3333333333333333,neither,False
SS120,M00884,0.0,0.5,neither,False
SS120,M00885,0.9540000000000001,0.4000000000000001,blimmp_only,False
SS120,M00886,0.9540000000000001,0.3333333333333333,blimmp_only,False
SS120,M00887,0.021,0.0,neither,False
SS120,M00888,0.14,0.0,neither,False
SS120,M00889,0.001,0.0,neither,False
SS120,M00890,0.001,0.0,neither,False
SS120,M00891,0.0,0.0,neither,False
SS120,M00892,0.0,0.25,neither,False
SS120,M00893,0.0,0.0,neither,False
SS120,M00894,0.0,0.0,neither,False
SS120,M00895,0.628,0.6111111111111112,blimmp_only,False
SS120,M00896,0.623,0.6,blimmp_only,False
SS120,M00897,0.0,0.20000000000000004,neither,False
SS120,M00898,0.0,0.0,neither,False
SS120,M00899,0.797,0.3333333333333333,blimmp_only,False
SS120,M00900,0.0,0.0,neither,False
SS120,M00901,0.0,0.0,neither,False
SS120,M00902,0.0,0.0,neither,False
SS120,M00903,0.0,0.0,neither,False
SS120,M00904,0.0,0.0,neither,False
SS120,M00905,0.0,0.0,neither,False
SS120,M00906,0.011000000000000001,0.0,neither,False
SS120,M00909,0.993,1.0,both,False
SS120,M00910,0.0,0.0,neither,False
SS120,M00911,0.0,0.3333333333333333,neither,False
SS120,M00912,0.148,0.125,neither,False
SS120,M00913,0.0,0.4000000000000001,neither,False
SS120,M00914,0.064,0.2857142857142857,neither,False
SS120,M00915,0.0,0.0,neither,False
SS120,M00916,0.018,0.0,neither,False
SS120,M00917,0.0,0.0,neither,False
SS120,M00918,0.0,0.0,neither,False
SS120,M00919,0.0,0.0,neither,False
SS120,M00921,0.033,0.0,neither,False
SS120,M00922,0.0,0.0,neither,False
SS120,M00923,0.26,0.0,neither,False
SS120,M00924,0.995,0.9166666666666666,both,False
SS120,M00925,0.919,0.7575757575757577,both,False
SS120,M00926,0.948,0.7777777777777778,both,False
SS120,M00927,0.0,0.0,neither,False
SS120,M00928,0.0,0.0,neither,False
SS120,M00929,0.0,0.0,neither,False
SS120,M00930,0.013,0.0,neither,False
SS120,M00931,0.001,0.0,neither,False
SS120,M00932,0.963,0.7142857142857143,blimmp_only,False
SS120,M00933,0.0,0.0,neither,False
SS120,M00934,0.0,0.0,neither,False
SS120,M00935,0.0,0.0,neither,False
SS120,M00936,0.0,0.25,neither,False
SS120,M00937,0.0,0.0,neither,False
SS120,M00938,0.892,0.6,blimmp_only,False
SS120,M00939,0.056,0.0,neither,False
SS120,M00940,0.0,0.0,neither,False
SS120,M00941,0.0,0.0,neither,False
SS120,M00942,0.0,0.0,neither,False
SS120,M00943,0.0,0.0,neither,False
SS120,M00944,0.0,0.0,neither,False
SS120,M00945,0.0,0.0,neither,False
SS120,M00946,0.0,0.0,neither,False
SS120,M00947,0.001,0.0,neither,False
SS120,M00948,0.002,0.0,neither,False
SS120,M00949,0.0,0.0,neither,False
SS120,M00950,0.672,0.75,both,False
SS120,M00951,0.0,0.0,neither,False
SS120,M00952,0.0,0.0,neither,False
SS120,M00953,0.0,0.20000000000000004,neither,False
SS120,M00954,0.0,0.0,neither,False
SS120,M00955,0.0,0.0,neither,False
SS120,M00956,0.01,0.0,neither,False
SS120,M00957,0.005,0.0,neither,False
SS120,M00958,0.544,0.75,anvio_only,False
SS120,M00959,0.3459999999999999,0.5,neither,False
SS120,M00960,0.0,0.0,neither,False
SS120,M00961,0.0,0.0,neither,False
SS120,M00962,0.0,0.0,neither,False
SS120,M00963,0.0,0.0,neither,False
SS120,M00964,0.0,0.0,neither,False
SS120,M00965,0.0,0.0,neither,False
SS120,M00966,0.0,0.0,neither,False
SS120,M00967,0.0,0.0,neither,False
SS120,M00968,0.10000000000000002,0.3333333333333333,neither,False
SS120,M00969,0.0,0.0,neither,False
SS120,M00970,0.143,0.0,neither,False
SS120,M00971,0.0,0.0,neither,False
SS120,M00972,0.134,0.3333333333333333,neither,False
SS120,M00973,0.004,0.0,neither,False
SS120,M00974,0.0,0.0,neither,False
SS120,M00975,0.295,0.5,neither,False
SS120,M00976,0.0,0.0,neither,False
SS120,M00977,0.0,0.0,neither,False
SS120,M00978,0.8649999999999999,0.8333333333333334,both,False
SS120,M00979,0.0,0.0,neither,False
SS120,M00980,0.0,0.0,neither,False
SS120,M00981,0.0,0.0,neither,False
SS120,M00982,0.0,0.7142857142857143,neither,False
SS120,M00983,0.0,0.0,neither,False
SS120,M00984,0.0,0.0,neither,False
SS120,M00985,0.0,0.0,neither,False
SS120,M00986,0.0,0.0,neither,False
SS120,M00987,0.0,0.3333333333333333,neither,False
SS120,M00988,0.0,1.0,anvio_only,False
SS120,M00989,0.0,0.5,neither,False
SS120,M00990,0.0,0.0,neither,False
SS120,M00991,0.0,0.0,neither,False
SS120,M00992,0.0,0.0,neither,False
SS120,M00993,0.0,0.0,neither,False
SS120,M00994,0.0,0.0,neither,False
SS120,M00995,0.0,1.0,anvio_only,False
SS120,M00996,0.0,0.25,neither,False
SS120,M00997,0.0,0.6666666666666666,neither,False
SS120,M00998,0.0,0.0,neither,False
SS120,M00999,0.0,1.0,anvio_only,False
SS120,M01000,0.0,0.6666666666666666,neither,False
SS120,M01001,0.0,0.0,neither,False
SS120,M01002,0.0,0.25,neither,False
SS120,M01003,0.0,0.0,neither,False
SS120,M01004,0.0,1.0,anvio_only,False
SS120,M01005,0.0,0.0,neither,False
SS120,M01006,0.0,0.6,neither,False
SS120,M01007,0.0,0.0,neither,False
SS120,M01008,0.0,0.0,neither,False
SS120,M01009,0.0,0.5,neither,False
SS120,M01010,0.0,0.0,neither,False
SS120,M01011,0.0,0.0,neither,False
SS120,M01012,0.0,0.0,neither,False
SS120,M01013,0.0,0.0,neither,False
SS120,M01014,0.0,0.0,neither,False
SS120,M01015,0.0,0.3333333333333333,neither,False
SS120,M01016,0.0,1.0,anvio_only,False
SS120,M01017,0.0,0.3333333333333333,neither,False
SS120,M01018,0.0,0.5,neither,False
SS120,M01019,0.0,0.5,neither,False
SS120,M01020,0.0,0.3333333333333333,neither,False
SS120,M01021,0.0,0.0,neither,False
SS120,M01022,0.0,0.0,neither,False
SS120,M01023,0.0,0.0,neither,False
SS120,M01024,0.0,0.0,neither,False
SS120,M01025,0.0,0.0,neither,False
SS120,M01026,0.0,0.0,neither,False
SS120,M01027,0.0,0.0,neither,False
SS120,M01028,0.0,0.5,neither,False
SS120,M01029,0.0,0.0,neither,False
SS120,M01030,0.0,0.0,neither,False
SS120,M01031,0.0,0.0,neither,False
SS120,M01032,0.0,0.5,neither,False
SS120,M01033,0.0,0.3333333333333333,neither,False
SS120,M01034,0.0,0.3333333333333333,neither,False
SS120,M01035,0.0,0.0,neither,False
SS120,M01036,0.0,0.0,neither,False
SS120,M01037,0.0,0.5,neither,False
SS120,M01038,0.0,0.0,neither,False
SS120,M01039,0.0,0.0,neither,False
SS120,M01040,0.0,0.25,neither,False
SS120,M01041,0.0,0.0,neither,False
SS120,M01042,0.0,0.0,neither,False
SS120,M01043,0.0,0.20000000000000004,neither,False
SS120,M01044,0.0,0.0,neither,False
SS120,M01045,0.0,1.0,anvio_only,False
SS120,M01046,0.0,0.0,neither,False
SS120,M01047,0.0,0.0,neither,False
MIT9313,M00001,0.9979999999999999,0.9,both,False
MIT9313,M00002,0.999,1.0,both,False
MIT9313,M00003,0.991,0.75,both,False
MIT9313,M00004,0.9940000000000001,1.0,both,False
MIT9313,M00005,1.0,1.0,both,False
MIT9313,M00006,0.972,1.0,both,False
MIT9313,M00007,0.9979999999999999,1.0,both,False
MIT9313,M00008,0.92,0.5,blimmp_only,False
MIT9313,M00009,0.947,0.8125,both,True
MIT9313,M00010,0.957,1.0,both,False
MIT9313,M00011,0.846,0.6999999999999998,blimmp_only,False
MIT9313,M00012,0.606,0.4000000000000001,blimmp_only,False
MIT9313,M00013,0.0,0.0,neither,False
MIT9313,M00014,0.0,0.1111111111111111,neither,False
MIT9313,M00015,0.9780000000000001,1.0,both,False
MIT9313,M00016,0.987,0.7777777777777778,both,False
MIT9313,M00017,0.887,0.8571428571428571,both,False
MIT9313,M00018,0.9979999999999999,1.0,both,False
MIT9313,M00019,0.996,1.0,both,False
MIT9313,M00020,0.902,0.3333333333333333,blimmp_only,False
MIT9313,M00021,0.975,1.0,both,False
MIT9313,M00022,0.993,1.0,both,False
MIT9313,M00023,0.971,1.0,both,False
MIT9313,M00024,0.94,0.6666666666666666,blimmp_only,False
MIT9313,M00025,0.939,0.6666666666666666,blimmp_only,False
MIT9313,M00026,0.9860000000000001,0.875,both,False
MIT9313,M00027,0.361,0.3333333333333333,neither,False
MIT9313,M00028,0.9899999999999999,1.0,both,False
MIT9313,M00029,0.0,0.6,neither,False
MIT9313,M00030,0.0,0.0,neither,False
MIT9313,M00031,0.001,0.0,neither,False
MIT9313,M00032,0.0,0.0555555555555555,neither,False
MIT9313,M00033,0.17,0.4000000000000001,neither,False
MIT9313,M00034,0.957,0.8888888888888888,both,True
MIT9313,M00035,0.754,0.5,blimmp_only,False
MIT9313,M00036,0.05000000000000001,0.2222222222222222,neither,False
MIT9313,M00037,0.0,0.0,neither,False
MIT9313,M00038,0.001,0.0,neither,False
MIT9313,M00039,0.0,0.0,neither,False
MIT9313,M00040,0.17200000000000001,0.0,neither,False
MIT9313,M00042,0.0,0.0,neither,False
MIT9313,M00043,0.0,0.0,neither,False
MIT9313,M00044,0.04,0.0,neither,False
MIT9313,M00045,0.045000000000000005,0.0,neither,False
MIT9313,M00046,0.126,0.1666666666666666,neither,False
MIT9313,M00047,0.0,0.0,neither,False
MIT9313,M00048,1.0,1.0,both,False
MIT9313,M00049,0.999,1.0,both,False
MIT9313,M00050,0.999,0.75,both,False
MIT9313,M00051,0.523,0.75,anvio_only,False
MIT9313,M00052,0.988,1.0,both,False
MIT9313,M00053,0.674,0.5,blimmp_only,False
MIT9313,M00055,0.0,0.0,neither,False
MIT9313,M00056,0.0,0.0,neither,False
MIT9313,M00057,0.0,0.0,neither,False
MIT9313,M00058,0.0,0.0,neither,False
MIT9313,M00059,0.0,0.0,neither,False
MIT9313,M00060,0.757,0.4444444444444444,blimmp_only,False
MIT9313,M00061,0.09800000000000002,0.0,neither,False
MIT9313,M00063,0.9819999999999999,1.0,both,False
MIT9313,M00064,0.007,0.0,neither,False
MIT9313,M00065,0.0,0.0,neither,False
MIT9313,M00066,0.0,0.0,neither,False
MIT9313,M00067,0.0,0.0,neither,False
MIT9313,M00068,0.0,0.0,neither,False
MIT9313,M00069,0.0,0.0,neither,False
MIT9313,M00070,0.0,0.0,neither,False
MIT9313,M00071,0.0,0.0,neither,False
MIT9313,M00072,0.0,0.0,neither,False
MIT9313,M00073,0.0,0.0,neither,False
MIT9313,M00074,0.0,0.0,neither,False
MIT9313,M00075,0.0,0.0,neither,False
MIT9313,M00076,0.0,0.0,neither,False
MIT9313,M00077,0.0,0.0,neither,False
MIT9313,M00078,0.0,0.0,neither,False
MIT9313,M00079,0.0,0.0,neither,False
MIT9313,M00081,0.0,0.0,neither,False
MIT9313,M00082,0.9620000000000001,1.0,both,False
MIT9313,M00083,0.983,1.0,both,False
MIT9313,M00085,0.0,0.0,neither,False
MIT9313,M00086,0.961,1.0,both,False
MIT9313,M00087,0.463,0.0,neither,False
MIT9313,M00088,0.06,0.0,neither,False
MIT9313,M00089,0.0,0.25,neither,False
MIT9313,M00090,0.0,0.0,neither,False
MIT9313,M00091,0.031,0.0,neither,False
MIT9313,M00092,0.0,0.0,neither,False
MIT9313,M00093,0.638,0.3333333333333333,blimmp_only,False
MIT9313,M00094,0.0,0.0,neither,False
MIT9313,M00095,0.002,0.0,neither,False
MIT9313,M00096,0.9860000000000001,0.875,both,False
MIT9313,M00097,0.922,1.0,both,False
MIT9313,M00098,0.927,0.5,blimmp_only,False
MIT9313,M00099,0.0,0.0,neither,False
MIT9313,M00100,0.0,0.0,neither,False
MIT9313,M00101,0.0,0.0,neither,False
MIT9313,M00102,0.0,0.0,neither,False
MIT9313,M00103,0.0,0.0,neither,False
MIT9313,M00104,0.0,0.0,neither,False
MIT9313,M00106,0.0,0.0,neither,False
MIT9313,M00107,0.0,0.0,neither,False
MIT9313,M00108,0.0,0.0,neither,False
MIT9313,M00109,0.0,0.0,neither,False
MIT9313,M00110,0.0,0.0,neither,False
MIT9313,M00112,0.033,0.25,neither,False
MIT9313,M00113,0.0,0.0,neither,False
MIT9313,M00114,0.0,0.0,neither,False
MIT9313,M00115,0.9899999999999999,0.8000000000000002,both,False
MIT9313,M00116,0.934,0.3333333333333333,blimmp_only,False
MIT9313,M00117,0.8809999999999999,0.375,blimmp_only,False
MIT9313,M00118,0.951,0.5,blimmp_only,False
MIT9313,M00119,0.947,0.6,blimmp_only,False
MIT9313,M00120,0.993,1.0,both,False
MIT9313,M00121,0.999,1.0,both,False
MIT9313,M00122,0.952,0.7142857142857143,blimmp_only,False
MIT9313,M00123,0.9579999999999999,1.0,both,False
MIT9313,M00124,0.713,0.3333333333333333,blimmp_only,False
MIT9313,M00125,0.949,0.8571428571428571,both,False
MIT9313,M00126,0.939,0.5714285714285714,blimmp_only,False
MIT9313,M00127,0.775,0.5625,blimmp_only,False
MIT9313,M00128,0.0,0.125,neither,False
MIT9313,M00129,0.0,0.1428571428571428,neither,False
MIT9313,M00130,0.0,0.0,neither,False
MIT9313,M00131,0.0,0.25,neither,False
MIT9313,M00132,0.0,0.0,neither,False
MIT9313,M00133,0.93,1.0,both,False
MIT9313,M00134,0.011000000000000001,0.0,neither,False
MIT9313,M00135,0.009,0.0,neither,False
MIT9313,M00136,0.004,0.0,neither,False
MIT9313,M00137,0.0,0.0,neither,False
MIT9313,M00138,0.0,0.0,neither,False
MIT9313,M00140,0.641,0.6666666666666666,blimmp_only,False
MIT9313,M00141,0.0,0.5,neither,False
MIT9313,M00142,0.0,0.0,neither,False
MIT9313,M00143,0.0,0.0,neither,False
MIT9313,M00144,0.149,0.5,neither,False
MIT9313,M00145,0.9049999999999999,1.0,both,False
MIT9313,M00146,0.0,0.0,neither,False
MIT9313,M00147,0.0,0.0,neither,False
MIT9313,M00148,0.0,0.0,neither,False
MIT9313,M00149,0.349,0.75,anvio_only,False
MIT9313,M00150,0.004,0.0,neither,False
MIT9313,M00151,0.021,0.0,neither,False
MIT9313,M00152,0.0,0.0,neither,False
MIT9313,M00153,0.02,0.0,neither,False
MIT9313,M00154,0.0,0.1333333333333333,neither,False
MIT9313,M00155,0.932,1.0,both,False
MIT9313,M00156,0.162,0.0,neither,False
MIT9313,M00157,0.943,1.0,both,False
MIT9313,M00158,0.0,0.0,neither,False
MIT9313,M00159,0.0,0.0,neither,False
MIT9313,M00160,0.0,0.0,neither,False
MIT9313,M00161,0.904,1.0,both,False
MIT9313,M00162,0.105,0.625,neither,False
MIT9313,M00163,0.9049999999999999,1.0,both,False
MIT9313,M00165,0.995,0.8181818181818182,both,False
MIT9313,M00168,0.753,0.5,blimmp_only,False
MIT9313,M00169,0.05000000000000001,0.0,neither,False
MIT9313,M00170,0.0,0.25,neither,False
MIT9313,M00171,0.0,0.1428571428571428,neither,False
MIT9313,M00172,0.0,0.25,neither,False
MIT9313,M00173,0.444,0.5454545454545454,neither,False
MIT9313,M00174,0.016,0.0,neither,False
MIT9313,M00175,0.002,0.0,neither,False
MIT9313,M00176,0.9499999999999998,1.0,both,False
MIT9313,M00307,0.961,1.0,both,False
MIT9313,M00308,0.38999999999999996,0.4000000000000001,neither,False
MIT9313,M00309,0.0,0.0,neither,False
MIT9313,M00338,0.7239999999999999,0.0,blimmp_only,False
MIT9313,M00344,0.0,0.25,neither,False
MIT9313,M00345,0.35200000000000004,0.3333333333333333,neither,False
MIT9313,M00346,0.21,0.4444444444444444,neither,False
MIT9313,M00356,0.0,0.0,neither,False
MIT9313,M00357,0.011000000000000001,0.20000000000000004,neither,False
MIT9313,M00358,0.034,0.25,neither,False
MIT9313,M00363,0.0,0.0,neither,False
MIT9313,M00364,0.636,0.5,blimmp_only,False
MIT9313,M00365,0.622,0.0,blimmp_only,False
MIT9313,M00366,0.0,0.25,neither,False
MIT9313,M00367,0.0,0.0,neither,False
MIT9313,M00368,0.0,0.3333333333333333,neither,False
MIT9313,M00369,0.0,0.0,neither,False
MIT9313,M00370,0.0,0.0,neither,False
MIT9313,M00371,0.0,0.0,neither,False
MIT9313,M00372,0.0,0.0,neither,False
MIT9313,M00373,0.001,0.0,neither,False
MIT9313,M00374,0.015,0.1538461538461538,neither,False
MIT9313,M00375,0.0,0.0,neither,False
MIT9313,M00376,0.0,0.2307692307692307,neither,False
MIT9313,M00377,0.024000000000000004,0.2857142857142857,neither,False
MIT9313,M00378,0.09600000000000002,0.0,neither,False
MIT9313,M00415,0.0,0.0,neither,False
MIT9313,M00416,0.001,0.0,neither,False
MIT9313,M00417,0.01,0.0,neither,False
MIT9313,M00418,0.0,0.0,neither,False
MIT9313,M00419,0.0,0.0,neither,False
MIT9313,M00422,0.0,0.0,neither,False
MIT9313,M00432,0.988,1.0,both,False
MIT9313,M00433,0.0,0.0,neither,False
MIT9313,M00525,0.502,0.7777777777777778,anvio_only,False
MIT9313,M00526,0.9129999999999999,0.8333333333333334,both,False
MIT9313,M00527,0.9979999999999999,1.0,both,False
MIT9313,M00528,0.041,0.0,neither,False
MIT9313,M00529,0.0,0.0,neither,False
MIT9313,M00530,0.004,0.0,neither,False
MIT9313,M00531,0.399,0.5,neither,False
MIT9313,M00532,0.0,0.6,neither,False
MIT9313,M00533,0.001,0.0,neither,False
MIT9313,M00534,0.0,0.0,neither,False
MIT9313,M00535,0.498,0.6666666666666666,neither,False
MIT9313,M00537,0.0,0.0,neither,False
MIT9313,M00538,0.0,0.0,neither,False
MIT9313,M00539,0.0,0.0,neither,False
MIT9313,M00540,0.0,0.0,neither,False
MIT9313,M00541,0.0,0.0,neither,False
MIT9313,M00542,0.0,0.0,neither,False
MIT9313,M00543,0.0,0.0,neither,False
MIT9313,M00544,0.0,0.0,neither,False
MIT9313,M00545,0.008,0.0,neither,False
MIT9313,M00546,0.041,0.0,neither,False
MIT9313,M00547,0.0,0.0,neither,False
MIT9313,M00548,0.001,0.0,neither,False
MIT9313,M00549,0.844,0.6666666666666666,blimmp_only,False
MIT9313,M00550,0.0030000000000000005,0.0,neither,False
MIT9313,M00551,0.002,0.0,neither,False
MIT9313,M00552,0.18499999999999997,0.4000000000000001,neither,False
MIT9313,M00554,0.246,0.0,neither,False
MIT9313,M00555,0.03,0.0,neither,False
MIT9313,M00563,0.0,0.0,neither,False
MIT9313,M00564,0.0,0.0,neither,False
MIT9313,M00565,0.8969999999999999,0.5,blimmp_only,False
MIT9313,M00567,0.0,0.0,neither,False
MIT9313,M00568,0.04800000000000001,0.0,neither,False
MIT9313,M00569,0.001,0.0,neither,False
MIT9313,M00570,0.997,1.0,both,False
MIT9313,M00572,0.985,1.0,both,False
MIT9313,M00573,0.35600000000000004,0.6,neither,False
MIT9313,M00574,0.0,0.0,neither,False
MIT9313,M00575,0.163,0.6,neither,False
MIT9313,M00576,0.0,0.0,neither,False
MIT9313,M00577,0.7639999999999999,0.8000000000000002,both,False
MIT9313,M00579,0.3499999999999999,0.0,neither,False
MIT9313,M00580,0.303,0.5,neither,False
MIT9313,M00595,0.002,0.0,neither,False
MIT9313,M00596,0.033,0.25,neither,False
MIT9313,M00597,0.3539999999999999,0.0,neither,False
MIT9313,M00598,0.0,0.0,neither,False
MIT9313,M00608,0.0,0.0,neither,False
MIT9313,M00609,0.484,0.1666666666666666,neither,False
MIT9313,M00611,0.964,0.9090909090909092,both,False
MIT9313,M00612,0.686,0.4090909090909091,blimmp_only,False
MIT9313,M00613,0.113,0.1153846153846153,neither,False
MIT9313,M00614,0.008,0.2727272727272727,neither,False
MIT9313,M00615,0.065,0.25,neither,False
MIT9313,M00616,0.369,0.5,neither,False
MIT9313,M00617,0.02,0.20000000000000004,neither,False
MIT9313,M00618,0.041,0.1428571428571428,neither,False
MIT9313,M00620,0.006000000000000001,0.0,neither,False
MIT9313,M00621,0.98,1.0,both,False
MIT9313,M00622,0.0,0.0,neither,False
MIT9313,M00623,0.007,0.0,neither,False
MIT9313,M00624,0.0,0.0,neither,False
MIT9313,M00625,0.0,0.0,neither,False
MIT9313,M00627,0.34400000000000003,0.3333333333333333,neither,False
MIT9313,M00630,0.0,0.0,neither,False
MIT9313,M00631,0.066,0.0,neither,False
MIT9313,M00632,0.459,0.25,neither,False
MIT9313,M00633,0.0,0.0,neither,False
MIT9313,M00636,0.164,0.0,neither,False
MIT9313,M00637,0.001,0.0,neither,False
MIT9313,M00638,0.0,0.0,neither,False
MIT9313,M00639,0.001,0.0,neither,False
MIT9313,M00641,0.01,0.0,neither,False
MIT9313,M00642,0.027,0.0,neither,False
MIT9313,M00643,0.0,0.0,neither,False
MIT9313,M00649,0.0,0.0,neither,False
MIT9313,M00651,0.0,0.42857142857142855,neither,False
MIT9313,M00652,0.0,0.0,neither,False
MIT9313,M00660,0.0,0.0,neither,False
MIT9313,M00661,0.0,0.0,neither,False
MIT9313,M00664,0.001,0.0,neither,False
MIT9313,M00672,0.0,0.0,neither,False
MIT9313,M00673,0.0,0.0,neither,False
MIT9313,M00674,0.0,0.0,neither,False
MIT9313,M00675,0.0,0.0,neither,False
MIT9313,M00696,0.001,0.1666666666666666,neither,False
MIT9313,M00697,0.0,0.1666666666666666,neither,False
MIT9313,M00698,0.013,0.0,neither,False
MIT9313,M00700,0.002,0.0,neither,False
MIT9313,M00702,0.001,0.0,neither,False
MIT9313,M00704,0.001,0.0,neither,False
MIT9313,M00705,0.039,0.0,neither,False
MIT9313,M00714,0.0030000000000000005,0.0,neither,False
MIT9313,M00718,0.037,0.3333333333333333,neither,False
MIT9313,M00725,0.0,0.0,neither,False
MIT9313,M00726,0.09900000000000002,0.0,neither,False
MIT9313,M00730,0.0,0.0,neither,False
MIT9313,M00736,0.0,0.0,neither,False
MIT9313,M00740,0.005,0.1818181818181818,neither,False
MIT9313,M00741,0.029,0.0,neither,False
MIT9313,M00744,0.004,0.0,neither,False
MIT9313,M00745,0.09400000000000001,0.0,neither,False
MIT9313,M00746,0.0,0.0,neither,False
MIT9313,M00761,0.209,0.20000000000000004,neither,False
MIT9313,M00763,0.001,0.0,neither,False
MIT9313,M00769,0.006000000000000001,0.0,neither,False
MIT9313,M00773,0.0,0.0,neither,False
MIT9313,M00774,0.0,0.0,neither,False
MIT9313,M00775,0.0,0.0,neither,False
MIT9313,M00776,0.0,0.0,neither,False
MIT9313,M00777,0.0,0.0,neither,False
MIT9313,M00778,0.004,0.0,neither,False
MIT9313,M00779,0.0,0.0,neither,False
MIT9313,M00780,0.0,0.0,neither,False
MIT9313,M00781,0.0,0.0,neither,False
MIT9313,M00782,0.0,0.0,neither,False
MIT9313,M00783,0.0,0.0,neither,False
MIT9313,M00784,0.0,0.0,neither,False
MIT9313,M00785,0.0,0.0,neither,False
MIT9313,M00786,0.0,0.0,neither,False
MIT9313,M00787,0.0,0.0,neither,False
MIT9313,M00788,0.0,0.0,neither,False
MIT9313,M00789,0.0,0.0,neither,False
MIT9313,M00790,0.0,0.0,neither,False
MIT9313,M00793,0.972,1.0,both,False
MIT9313,M00794,0.0,0.0,neither,False
MIT9313,M00795,0.0,0.0,neither,False
MIT9313,M00796,0.0,0.0,neither,False
MIT9313,M00797,0.0,0.0,neither,False
MIT9313,M00798,0.0,0.0,neither,False
MIT9313,M00799,0.0,0.0,neither,False
MIT9313,M00800,0.0,0.0,neither,False
MIT9313,M00801,0.0,0.0,neither,False
MIT9313,M00802,0.0,0.0,neither,False
MIT9313,M00803,0.0,0.0,neither,False
MIT9313,M00804,0.011000000000000001,0.0,neither,False
MIT9313,M00805,0.0,0.0,neither,False
MIT9313,M00808,0.021,0.0,neither,False
MIT9313,M00810,0.033,0.0,neither,False
MIT9313,M00811,0.0,0.0,neither,False
MIT9313,M00814,0.0,0.0,neither,False
MIT9313,M00815,0.0,0.0,neither,False
MIT9313,M00819,0.002,0.0,neither,False
MIT9313,M00823,0.0,0.0,neither,False
MIT9313,M00824,0.0,0.0,neither,False
MIT9313,M00825,0.0,0.0,neither,False
MIT9313,M00826,0.0,0.0,neither,False
MIT9313,M00827,0.0,0.0,neither,False
MIT9313,M00828,0.0,0.0,neither,False
MIT9313,M00829,0.0,0.0,neither,False
MIT9313,M00830,0.0,0.0,neither,False
MIT9313,M00831,0.0,0.0,neither,False
MIT9313,M00832,0.0,0.0,neither,False
MIT9313,M00833,0.0,0.0,neither,False
MIT9313,M00834,0.0,0.0,neither,False
MIT9313,M00835,0.0,0.0,neither,False
MIT9313,M00836,0.0,0.0,neither,False
MIT9313,M00837,0.0,0.0,neither,False
MIT9313,M00838,0.0,0.0,neither,False
MIT9313,M00840,0.363,0.1428571428571428,neither,False
MIT9313,M00841,0.0,0.4000000000000001,neither,False
MIT9313,M00842,0.0,0.6666666666666666,neither,False
MIT9313,M00843,0.492,0.6666666666666666,neither,False
MIT9313,M00844,0.989,1.0,both,False
MIT9313,M00845,0.7280000000000001,0.5714285714285714,blimmp_only,True
MIT9313,M00846,0.9860000000000001,0.9166666666666666,both,False
MIT9313,M00847,0.0030000000000000005,0.0,neither,False
MIT9313,M00848,0.0,0.03125,neither,False
MIT9313,M00849,0.004,0.0625,neither,False
MIT9313,M00850,0.0,0.0,neither,False
MIT9313,M00851,0.906,0.0,blimmp_only,False
MIT9313,M00852,0.0,0.0,neither,False
MIT9313,M00853,0.032,0.0,neither,False
MIT9313,M00854,0.9659999999999999,1.0,both,False
MIT9313,M00855,0.894,0.75,both,False
MIT9313,M00856,0.0,0.0,neither,False
MIT9313,M00857,0.0,0.0,neither,False
MIT9313,M00859,0.0,0.0,neither,False
MIT9313,M00860,0.0,0.0,neither,False
MIT9313,M00861,0.0,0.0,neither,False
MIT9313,M00862,0.0,0.0,neither,False
MIT9313,M00866,0.763,0.4444444444444444,blimmp_only,False
MIT9313,M00867,0.0,0.0,neither,False
MIT9313,M00868,0.948,0.75,both,False
MIT9313,M00872,0.0,0.0,neither,False
MIT9313,M00873,0.0,0.25,neither,False
MIT9313,M00874,0.0,0.4166666666666667,neither,False
MIT9313,M00875,0.0,0.0,neither,False
MIT9313,M00876,0.007,0.0,neither,False
MIT9313,M00877,0.0,0.0,neither,False
MIT9313,M00878,0.001,0.0,neither,False
MIT9313,M00879,0.001,0.0,neither,False
MIT9313,M00880,0.103,0.0,neither,False
MIT9313,M00881,0.968,1.0,both,False
MIT9313,M00882,0.0,0.5,neither,False
MIT9313,M00883,0.504,0.6666666666666666,neither,False
MIT9313,M00884,0.0,0.5,neither,False
MIT9313,M00885,0.9540000000000001,0.4000000000000001,blimmp_only,False
MIT9313,M00886,0.9540000000000001,0.3333333333333333,blimmp_only,False
MIT9313,M00887,0.02,0.0,neither,False
MIT9313,M00888,0.306,0.5,neither,False
MIT9313,M00889,0.0,0.0,neither,False
MIT9313,M00890,0.001,0.0,neither,False
MIT9313,M00891,0.0,0.0,neither,False
MIT9313,M00892,0.0,0.25,neither,False
MIT9313,M00893,0.0,0.0,neither,False
MIT9313,M00894,0.0,0.0,neither,False
MIT9313,M00895,0.66,0.6111111111111112,blimmp_only,False
MIT9313,M00896,0.9010000000000001,0.6,blimmp_only,False
MIT9313,M00897,0.0,0.20000000000000004,neither,False
MIT9313,M00898,0.0,0.0,neither,False
MIT9313,M00899,0.814,0.3333333333333333,blimmp_only,False
MIT9313,M00900,0.0,0.0,neither,False
MIT9313,M00901,0.0,0.0,neither,False
MIT9313,M00902,0.0,0.0,neither,False
MIT9313,M00903,0.0,0.0,neither,False
MIT9313,M00904,0.0,0.0,neither,False
MIT9313,M00905,0.0,0.0,neither,False
MIT9313,M00906,0.011000000000000001,0.0,neither,False
MIT9313,M00909,0.993,1.0,both,False
MIT9313,M00910,0.0,0.0,neither,False
MIT9313,M00911,0.0,0.3333333333333333,neither,False
MIT9313,M00912,0.146,0.25,neither,False
MIT9313,M00913,0.0,0.4000000000000001,neither,False
MIT9313,M00914,0.063,0.2857142857142857,neither,False
MIT9313,M00915,0.0,0.0,neither,False
MIT9313,M00916,0.018,0.0,neither,False
MIT9313,M00917,0.0,0.0,neither,False
MIT9313,M00918,0.0,0.0,neither,False
MIT9313,M00919,0.0,0.0,neither,False
MIT9313,M00921,0.032,0.0,neither,False
MIT9313,M00922,0.0,0.0,neither,False
MIT9313,M00923,0.106,0.3333333333333333,neither,False
MIT9313,M00924,0.9940000000000001,0.9166666666666666,both,False
MIT9313,M00925,0.9170000000000001,0.7575757575757577,both,False
MIT9313,M00926,0.947,0.7777777777777778,both,False
MIT9313,M00927,0.0,0.0,neither,False
MIT9313,M00928,0.0,0.0,neither,False
MIT9313,M00929,0.0,0.0,neither,False
MIT9313,M00930,0.215,0.0,neither,False
MIT9313,M00931,0.075,0.0,neither,False
MIT9313,M00932,0.9620000000000001,0.6,blimmp_only,False
MIT9313,M00933,0.0,0.0,neither,False
MIT9313,M00934,0.0,0.0,neither,False
MIT9313,M00935,0.0,0.0,neither,False
MIT9313,M00936,0.0,0.25,neither,False
MIT9313,M00937,0.0,0.0,neither,False
MIT9313,M00938,0.891,0.6,blimmp_only,False
MIT9313,M00939,0.033,0.0,neither,False
MIT9313,M00940,0.0,0.0,neither,False
MIT9313,M00941,0.0,0.0,neither,False
MIT9313,M00942,0.0,0.0,neither,False
MIT9313,M00943,0.0,0.0,neither,False
MIT9313,M00944,0.0,0.0,neither,False
MIT9313,M00945,0.0,0.0,neither,False
MIT9313,M00946,0.0,0.0,neither,False
MIT9313,M00947,0.001,0.0,neither,False
MIT9313,M00948,0.002,0.0,neither,False
MIT9313,M00949,0.0,0.0,neither,False
MIT9313,M00950,0.669,0.75,both,False
MIT9313,M00951,0.0,0.0,neither,False
MIT9313,M00952,0.0,0.0,neither,False
MIT9313,M00953,0.0,0.20000000000000004,neither,False
MIT9313,M00954,0.0,0.0,neither,False
MIT9313,M00955,0.0,0.0,neither,False
MIT9313,M00956,0.0,0.0,neither,False
MIT9313,M00957,0.0030000000000000005,0.0,neither,False
MIT9313,M00958,0.54,0.75,anvio_only,False
MIT9313,M00959,0.343,0.5,neither,False
MIT9313,M00960,0.0,0.0,neither,False
MIT9313,M00961,0.0,0.0,neither,False
MIT9313,M00962,0.0,0.0,neither,False
MIT9313,M00963,0.0,0.0,neither,False
MIT9313,M00964,0.0,0.0,neither,False
MIT9313,M00965,0.0,0.0,neither,False
MIT9313,M00966,0.0,0.0,neither,False
MIT9313,M00967,0.0,0.0,neither,False
MIT9313,M00968,0.09800000000000002,0.3333333333333333,neither,False
MIT9313,M00969,0.0,0.0,neither,False
MIT9313,M00970,0.142,0.0,neither,False
MIT9313,M00971,0.0,0.0,neither,False
MIT9313,M00972,0.133,0.3333333333333333,neither,False
MIT9313,M00973,0.004,0.0,neither,False
MIT9313,M00974,0.0,0.0,neither,False
MIT9313,M00975,0.292,0.5,neither,False
MIT9313,M00976,0.0,0.0,neither,False
MIT9313,M00977,0.0,0.0,neither,False
MIT9313,M00978,0.863,0.8333333333333334,both,False
MIT9313,M00979,0.0,0.0,neither,False
MIT9313,M00980,0.0,0.0,neither,False
MIT9313,M00981,0.0,0.0,neither,False
MIT9313,M00982,0.0,0.7142857142857143,neither,False
MIT9313,M00983,0.0,0.0,neither,False
MIT9313,M00984,0.0,0.0,neither,False
MIT9313,M00985,0.0,0.0,neither,False
MIT9313,M00986,0.0,0.0,neither,False
MIT9313,M00987,0.0,0.3333333333333333,neither,False
MIT9313,M00988,0.0,1.0,anvio_only,False
MIT9313,M00989,0.0,0.5,neither,False
MIT9313,M00990,0.0,0.0,neither,False
MIT9313,M00991,0.0,0.0,neither,False
MIT9313,M00992,0.0,0.0,neither,False
MIT9313,M00993,0.0,0.0,neither,False
MIT9313,M00994,0.0,0.0,neither,False
MIT9313,M00995,0.0,1.0,anvio_only,False
MIT9313,M00996,0.0,0.25,neither,False
MIT9313,M00997,0.0,0.6666666666666666,neither,False
MIT9313,M00998,0.0,0.0,neither,False
MIT9313,M00999,0.0,1.0,anvio_only,False
MIT9313,M01000,0.0,0.6666666666666666,neither,False
MIT9313,M01001,0.0,0.0,neither,False
MIT9313,M01002,0.0,0.25,neither,False
MIT9313,M01003,0.0,0.0,neither,False
MIT9313,M01004,0.0,0.5,neither,False
MIT9313,M01005,0.0,0.0,neither,False
MIT9313,M01006,0.0,0.4000000000000001,neither,False
MIT9313,M01007,0.0,0.3333333333333333,neither,False
MIT9313,M01008,0.0,0.0,neither,False
MIT9313,M01009,0.0,0.0,neither,False
MIT9313,M01010,0.0,0.0,neither,False
MIT9313,M01011,0.0,0.0,neither,False
MIT9313,M01012,0.0,0.0,neither,False
MIT9313,M01013,0.0,0.0,neither,False
MIT9313,M01014,0.0,0.5,neither,False
MIT9313,M01015,0.0,0.3333333333333333,neither,False
MIT9313,M01016,0.0,0.0,neither,False
MIT9313,M01017,0.0,0.0,neither,False
MIT9313,M01018,0.0,0.0,neither,False
MIT9313,M01019,0.0,0.0,neither,False
MIT9313,M01020,0.0,0.0,neither,False
MIT9313,M01021,0.0,0.0,neither,False
MIT9313,M01022,0.0,0.75,anvio_only,False
MIT9313,M01023,0.0,0.4000000000000001,neither,False
MIT9313,M01024,0.0,0.4000000000000001,neither,False
MIT9313,M01025,0.0,0.5,neither,False
MIT9313,M01026,0.0,0.5,neither,False
MIT9313,M01027,0.0,0.5,neither,False
MIT9313,M01028,0.0,0.0,neither,False
MIT9313,M01029,0.0,0.0,neither,False
MIT9313,M01030,0.0,0.0,neither,False
MIT9313,M01031,0.0,0.0,neither,False
MIT9313,M01032,0.0,0.0,neither,False
MIT9313,M01033,0.0,0.0,neither,False
MIT9313,M01034,0.0,0.0,neither,False
MIT9313,M01035,0.0,0.0,neither,False
MIT9313,M01036,0.0,0.0,neither,False
MIT9313,M01037,0.0,0.0,neither,False
MIT9313,M01038,0.0,0.0,neither,False
MIT9313,M01039,0.0,0.0,neither,False
MIT9313,M01040,0.0,0.25,neither,False
MIT9313,M01041,0.0,0.0,neither,False
MIT9313,M01042,0.0,0.0,neither,False
MIT9313,M01043,0.0,0.20000000000000004,neither,False
MIT9313,M01044,0.0,0.0,neither,False
MIT9313,M01045,0.0,1.0,anvio_only,False
MIT9313,M01046,0.0,0.0,neither,False
MIT9313,M01047,0.0,0.0,neither,False
Pseudomonas_fluorescens_SBW25,M00001,0.999,0.9,both,False
Pseudomonas_fluorescens_SBW25,M00002,0.999,1.0,both,False
Pseudomonas_fluorescens_SBW25,M00003,0.9979999999999999,1.0,both,False
Pseudomonas_fluorescens_SBW25,M00004,0.993,1.0,both,False
Pseudomonas_fluorescens_SBW25,M00005,1.0,1.0,both,False
Pseudomonas_fluorescens_SBW25,M00006,0.9700000000000001,1.0,both,False
Pseudomonas_fluorescens_SBW25,M00007,0.9979999999999999,1.0,both,False
Pseudomonas_fluorescens_SBW25,M00008,0.977,1.0,both,False
Pseudomonas_fluorescens_SBW25,M00009,0.993,1.0,both,True
Pseudomonas_fluorescens_SBW25,M00010,0.953,1.0,both,False
Pseudomonas_fluorescens_SBW25,M00011,0.984,1.0,both,False
Pseudomonas_fluorescens_SBW25,M00012,0.9659999999999999,0.8000000000000002,both,False
Pseudomonas_fluorescens_SBW25,M00013,0.0,0.6,neither,False
Pseudomonas_fluorescens_SBW25,M00014,0.0,0.3333333333333333,neither,False
Pseudomonas_fluorescens_SBW25,M00015,0.977,1.0,both,False
Pseudomonas_fluorescens_SBW25,M00016,0.9979999999999999,1.0,both,False
Pseudomonas_fluorescens_SBW25,M00017,0.9940000000000001,1.0,both,False
Pseudomonas_fluorescens_SBW25,M00018,0.9979999999999999,1.0,both,False
Pseudomonas_fluorescens_SBW25,M00019,0.995,1.0,both,False
Pseudomonas_fluorescens_SBW25,M00020,0.9700000000000001,1.0,both,False
Pseudomonas_fluorescens_SBW25,M00021,0.9739999999999999,1.0,both,False
Pseudomonas_fluorescens_SBW25,M00022,0.992,1.0,both,False
Pseudomonas_fluorescens_SBW25,M00023,0.969,1.0,both,False
Pseudomonas_fluorescens_SBW25,M00024,0.936,1.0,both,False
Pseudomonas_fluorescens_SBW25,M00025,0.935,1.0,both,False
Pseudomonas_fluorescens_SBW25,M00026,0.981,0.8888888888888888,both,False
Pseudomonas_fluorescens_SBW25,M00027,0.594,0.6666666666666666,neither,False
Pseudomonas_fluorescens_SBW25,M00028,0.989,1.0,both,False
Pseudomonas_fluorescens_SBW25,M00029,0.0,0.8000000000000002,anvio_only,False
Pseudomonas_fluorescens_SBW25,M00030,0.0,0.0,neither,False
Pseudomonas_fluorescens_SBW25,M00031,0.044000000000000004,0.0,neither,False
Pseudomonas_fluorescens_SBW25,M00032,0.0,0.2777777777777777,neither,False
Pseudomonas_fluorescens_SBW25,M00033,0.523,0.6,neither,False
Pseudomonas_fluorescens_SBW25,M00034,0.84,0.625,blimmp_only,True
Pseudomonas_fluorescens_SBW25,M00035,0.972,1.0,both,False
Pseudomonas_fluorescens_SBW25,M00036,0.9739999999999999,1.0,both,False
Pseudomonas_fluorescens_SBW25,M00037,0.0,0.25,neither,False
Pseudomonas_fluorescens_SBW25,M00038,0.516,0.42857142857142855,neither,False
Pseudomonas_fluorescens_SBW25,M00039,0.0,0.0,neither,False
Pseudomonas_fluorescens_SBW25,M00040,0.936,1.0,both,False
Pseudomonas_fluorescens_SBW25,M00042,0.0,0.0,neither,False
Pseudomonas_fluorescens_SBW25,M00043,0.0,0.0,neither,False
Pseudomonas_fluorescens_SBW25,M00044,0.969,1.0,both,False
Pseudomonas_fluorescens_SBW25,M00045,0.976,1.0,both,False
Pseudomonas_fluorescens_SBW25,M00046,0.94,1.0,both,False
Pseudomonas_fluorescens_SBW25,M00047,0.0,0.0,neither,False
Pseudomonas_fluorescens_SBW25,M00048,1.0,1.0,both,False
Pseudomonas_fluorescens_SBW25,M00049,0.999,1.0,both,False
Pseudomonas_fluorescens_SBW25,M00050,0.999,1.0,both,False
Pseudomonas_fluorescens_SBW25,M00051,0.503,0.9166666666666666,anvio_only,False
Pseudomonas_fluorescens_SBW25,M00052,0.987,1.0,both,False
Pseudomonas_fluorescens_SBW25,M00053,0.961,1.0,both,False
Pseudomonas_fluorescens_SBW25,M00055,0.0,0.0,neither,False
Pseudomonas_fluorescens_SBW25,M00056,0.0,0.0,neither,False
Pseudomonas_fluorescens_SBW25,M00057,0.0,0.0,neither,False
Pseudomonas_fluorescens_SBW25,M00058,0.0,0.0,neither,False
Pseudomonas_fluorescens_SBW25,M00059,0.0,0.0,neither,False
Pseudomonas_fluorescens_SBW25,M00060,0.9419999999999998,0.8888888888888888,both,False
Pseudomonas_fluorescens_SBW25,M00061,0.333,0.4000000000000001,neither,False
Pseudomonas_fluorescens_SBW25,M00063,0.98,1.0,both,False
Pseudomonas_fluorescens_SBW25,M00064,0.9289999999999999,0.8000000000000002,both,False
Pseudomonas_fluorescens_SBW25,M00065,0.0,0.0,neither,False
Pseudomonas_fluorescens_SBW25,M00066,0.0,0.0,neither,False
Pseudomonas_fluorescens_SBW25,M00067,0.0,0.0,neither,False
Pseudomonas_fluorescens_SBW25,M00068,0.0,0.0,neither,False
Pseudomonas_fluorescens_SBW25,M00069,0.0,0.0,neither,False
Pseudomonas_fluorescens_SBW25,M00070,0.0,0.0,neither,False
Pseudomonas_fluorescens_SBW25,M00071,0.0,0.0,neither,False
Pseudomonas_fluorescens_SBW25,M00072,0.0,0.0,neither,False
Pseudomonas_fluorescens_SBW25,M00073,0.0,0.0,neither,False
Pseudomonas_fluorescens_SBW25,M00074,0.0,0.0,neither,False
Pseudomonas_fluorescens_SBW25,M00075,0.0,0.0,neither,False
Pseudomonas_fluorescens_SBW25,M00076,0.0,0.0,neither,False
Pseudomonas_fluorescens_SBW25,M00077,0.0,0.0,neither,False
Pseudomonas_fluorescens_SBW25,M00078,0.0,0.0,neither,False
Pseudomonas_fluorescens_SBW25,M00079,0.0,0.0,neither,False
Pseudomonas_fluorescens_SBW25,M00081,0.0,0.0,neither,False
Pseudomonas_fluorescens_SBW25,M00082,0.959,1.0,both,False
Pseudomonas_fluorescens_SBW25,M00083,0.9819999999999999,1.0,both,False
Pseudomonas_fluorescens_SBW25,M00085,0.0,0.0,neither,False
Pseudomonas_fluorescens_SBW25,M00086,0.959,1.0,both,False
Pseudomonas_fluorescens_SBW25,M00087,0.949,1.0,both,False
Pseudomonas_fluorescens_SBW25,M00088,0.902,0.6,blimmp_only,False
Pseudomonas_fluorescens_SBW25,M00089,0.0,0.25,neither,False
Pseudomonas_fluorescens_SBW25,M00090,0.0,0.0,neither,False
Pseudomonas_fluorescens_SBW25,M00091,0.029,1.0,anvio_only,False
Pseudomonas_fluorescens_SBW25,M00092,0.0,0.0,neither,False
Pseudomonas_fluorescens_SBW25,M00093,0.975,1.0,both,False
Pseudomonas_fluorescens_SBW25,M00094,0.0,0.0,neither,False
Pseudomonas_fluorescens_SBW25,M00095,0.082,0.2857142857142857,neither,False
Pseudomonas_fluorescens_SBW25,M00096,0.988,1.0,both,False
Pseudomonas_fluorescens_SBW25,M00097,0.3960000000000001,0.0,neither,False
Pseudomonas_fluorescens_SBW25,M00098,0.922,0.5,blimmp_only,False
Pseudomonas_fluorescens_SBW25,M00099,0.0,0.0,neither,False
Pseudomonas_fluorescens_SBW25,M00100,0.0,0.0,neither,False
Pseudomonas_fluorescens_SBW25,M00101,0.0,0.0,neither,False
Pseudomonas_fluorescens_SBW25,M00102,0.0,0.0,neither,False
Pseudomonas_fluorescens_SBW25,M00103,0.0,0.0,neither,False
Pseudomonas_fluorescens_SBW25,M00104,0.0,0.0833333333333333,neither,False
Pseudomonas_fluorescens_SBW25,M00106,0.0,0.0,neither,False
Pseudomonas_fluorescens_SBW25,M00107,0.0,0.0,neither,False
Pseudomonas_fluorescens_SBW25,M00108,0.0,0.0,neither,False
Pseudomonas_fluorescens_SBW25,M00109,0.0,0.0,neither,False
Pseudomonas_fluorescens_SBW25,M00110,0.0,0.0,neither,False
Pseudomonas_fluorescens_SBW25,M00112,0.001,0.0,neither,False
Pseudomonas_fluorescens_SBW25,M00113,0.0,0.1111111111111111,neither,False
Pseudomonas_fluorescens_SBW25,M00114,0.0,0.0,neither,False
Pseudomonas_fluorescens_SBW25,M00115,0.989,1.0,both,False
Pseudomonas_fluorescens_SBW25,M00116,0.039,0.3333333333333333,neither,False
Pseudomonas_fluorescens_SBW25,M00117,0.987,1.0,both,False
Pseudomonas_fluorescens_SBW25,M00118,0.948,1.0,both,False
Pseudomonas_fluorescens_SBW25,M00119,0.945,0.8000000000000002,both,False
Pseudomonas_fluorescens_SBW25,M00120,0.993,1.0,both,False
Pseudomonas_fluorescens_SBW25,M00121,0.9979999999999999,1.0,both,False
Pseudomonas_fluorescens_SBW25,M00122,0.9499999999999998,1.0,both,False
Pseudomonas_fluorescens_SBW25,M00123,0.9540000000000001,1.0,both,False
Pseudomonas_fluorescens_SBW25,M00124,0.975,1.0,both,False
Pseudomonas_fluorescens_SBW25,M00125,0.947,1.0,both,False
Pseudomonas_fluorescens_SBW25,M00126,0.993,1.0,both,False
Pseudomonas_fluorescens_SBW25,M00127,0.906,0.8125,both,False
Pseudomonas_fluorescens_SBW25,M00128,0.0,0.0,neither,False
Pseudomonas_fluorescens_SBW25,M00129,0.0,0.42857142857142855,neither,False
Pseudomonas_fluorescens_SBW25,M00130,0.0,0.0,neither,False
Pseudomonas_fluorescens_SBW25,M00131,0.0,0.25,neither,False
Pseudomonas_fluorescens_SBW25,M00132,0.0,0.0,neither,False
Pseudomonas_fluorescens_SBW25,M00133,0.927,0.5,blimmp_only,False
Pseudomonas_fluorescens_SBW25,M00134,0.4789999999999999,1.0,anvio_only,False
Pseudomonas_fluorescens_SBW25,M00135,0.9330000000000002,0.5,blimmp_only,False
Pseudomonas_fluorescens_SBW25,M00136,0.609,0.5,blimmp_only,False
Pseudomonas_fluorescens_SBW25,M00137,0.0,0.0,neither,False
Pseudomonas_fluorescens_SBW25,M00138,0.0,0.0,neither,False
Pseudomonas_fluorescens_SBW25,M00140,0.629,0.6666666666666666,blimmp_only,False
Pseudomonas_fluorescens_SBW25,M00141,0.0,0.5,neither,False
Pseudomonas_fluorescens_SBW25,M00142,0.0,0.0,neither,False
Pseudomonas_fluorescens_SBW25,M00143,0.0,0.0,neither,False
Pseudomonas_fluorescens_SBW25,M00144,0.9129999999999999,1.0,both,False
Pseudomonas_fluorescens_SBW25,M00145,0.0,0.0,neither,False
Pseudomonas_fluorescens_SBW25,M00146,0.0,0.0,neither,False
Pseudomonas_fluorescens_SBW25,M00147,0.0,0.0,neither,False
Pseudomonas_fluorescens_SBW25,M00148,0.0,0.0,neither,False
Pseudomonas_fluorescens_SBW25,M00149,0.935,1.0,both,False
Pseudomonas_fluorescens_SBW25,M00150,0.004,0.0,neither,False
Pseudomonas_fluorescens_SBW25,M00151,0.9460000000000001,1.0,both,False
Pseudomonas_fluorescens_SBW25,M00152,0.0,0.3,neither,False
Pseudomonas_fluorescens_SBW25,M00153,0.219,0.6666666666666666,neither,False
Pseudomonas_fluorescens_SBW25,M00154,0.0,0.20000000000000004,neither,False
Pseudomonas_fluorescens_SBW25,M00155,0.93,1.0,both,False
Pseudomonas_fluorescens_SBW25,M00156,0.922,1.0,both,False
Pseudomonas_fluorescens_SBW25,M00157,0.94,1.0,both,False
Pseudomonas_fluorescens_SBW25,M00158,0.0,0.0,neither,False
Pseudomonas_fluorescens_SBW25,M00159,0.0,0.0,neither,False
Pseudomonas_fluorescens_SBW25,M00160,0.0,0.0,neither,False
Pseudomonas_fluorescens_SBW25,M00161,0.0,0.0,neither,False
Pseudomonas_fluorescens_SBW25,M00162,0.0,0.0,neither,False
Pseudomonas_fluorescens_SBW25,M00163,0.0,0.0,neither,False
Pseudomonas_fluorescens_SBW25,M00165,0.86,0.7272727272727272,blimmp_only,False
Pseudomonas_fluorescens_SBW25,M00168,0.888,0.5,blimmp_only,False
Pseudomonas_fluorescens_SBW25,M00169,0.566,0.5,neither,False
Pseudomonas_fluorescens_SBW25,M00170,0.0,0.5,neither,False
Pseudomonas_fluorescens_SBW25,M00171,0.0,0.1428571428571428,neither,False
Pseudomonas_fluorescens_SBW25,M00172,0.0,0.5,neither,False
Pseudomonas_fluorescens_SBW25,M00173,0.445,0.6363636363636364,neither,False
Pseudomonas_fluorescens_SBW25,M00174,0.0,0.0,neither,False
Pseudomonas_fluorescens_SBW25,M00175,0.002,0.0,neither,False
Pseudomonas_fluorescens_SBW25,M00176,0.9460000000000001,1.0,both,False
Pseudomonas_fluorescens_SBW25,M00307,0.959,1.0,both,False
Pseudomonas_fluorescens_SBW25,M00308,0.662,0.8000000000000002,both,False
Pseudomonas_fluorescens_SBW25,M00309,0.09000000000000001,0.0,neither,False
Pseudomonas_fluorescens_SBW25,M00338,0.922,1.0,both,False
Pseudomonas_fluorescens_SBW25,M00344,0.0,0.5,neither,False
Pseudomonas_fluorescens_SBW25,M00345,0.8770000000000001,0.3333333333333333,blimmp_only,False
Pseudomonas_fluorescens_SBW25,M00346,0.37600000000000006,0.5555555555555556,neither,False
Pseudomonas_fluorescens_SBW25,M00356,0.0,0.0,neither,False
Pseudomonas_fluorescens_SBW25,M00357,0.009,0.20000000000000004,neither,False
Pseudomonas_fluorescens_SBW25,M00358,0.001,0.0,neither,False
Pseudomonas_fluorescens_SBW25,M00363,0.0,0.0,neither,False
Pseudomonas_fluorescens_SBW25,M00364,0.699,1.0,both,False
Pseudomonas_fluorescens_SBW25,M00365,0.133,0.5,neither,False
Pseudomonas_fluorescens_SBW25,M00366,0.0,0.5,neither,False
Pseudomonas_fluorescens_SBW25,M00367,0.0,0.3333333333333333,neither,False
Pseudomonas_fluorescens_SBW25,M00368,0.0,0.3333333333333333,neither,False
Pseudomonas_fluorescens_SBW25,M00369,0.0,0.0,neither,False
Pseudomonas_fluorescens_SBW25,M00370,0.0,0.0,neither,False
Pseudomonas_fluorescens_SBW25,M00371,0.0,0.0,neither,False
Pseudomonas_fluorescens_SBW25,M00372,0.0,0.0,neither,False
Pseudomonas_fluorescens_SBW25,M00373,0.001,0.1666666666666666,neither,False
Pseudomonas_fluorescens_SBW25,M00374,0.171,0.4230769230769231,neither,False
Pseudomonas_fluorescens_SBW25,M00375,0.007,0.1428571428571428,neither,False
Pseudomonas_fluorescens_SBW25,M00376,0.006000000000000001,0.3076923076923077,neither,False
Pseudomonas_fluorescens_SBW25,M00377,0.02,0.2857142857142857,neither,False
Pseudomonas_fluorescens_SBW25,M00378,0.013,0.0,neither,False
Pseudomonas_fluorescens_SBW25,M00415,0.0,0.0,neither,False
Pseudomonas_fluorescens_SBW25,M00416,0.001,0.0,neither,False
Pseudomonas_fluorescens_SBW25,M00417,0.926,1.0,both,False
Pseudomonas_fluorescens_SBW25,M00418,0.0,0.0,neither,False
Pseudomonas_fluorescens_SBW25,M00419,0.0,0.0,neither,False
Pseudomonas_fluorescens_SBW25,M00422,0.0,0.0,neither,False
Pseudomonas_fluorescens_SBW25,M00432,0.987,1.0,both,False
Pseudomonas_fluorescens_SBW25,M00433,0.011000000000000001,0.0,neither,False
Pseudomonas_fluorescens_SBW25,M00525,0.466,0.6666666666666666,neither,False
Pseudomonas_fluorescens_SBW25,M00526,0.9010000000000001,0.8333333333333334,both,False
Pseudomonas_fluorescens_SBW25,M00527,0.924,0.8571428571428571,both,False
Pseudomonas_fluorescens_SBW25,M00528,0.0,0.0,neither,False
Pseudomonas_fluorescens_SBW25,M00529,0.26,0.0,neither,False
Pseudomonas_fluorescens_SBW25,M00530,0.49499999999999994,0.5,neither,False
Pseudomonas_fluorescens_SBW25,M00531,0.912,0.0,blimmp_only,False
Pseudomonas_fluorescens_SBW25,M00532,0.0,0.3,neither,False
Pseudomonas_fluorescens_SBW25,M00533,0.953,1.0,both,False
Pseudomonas_fluorescens_SBW25,M00534,0.0,0.0,neither,False
Pseudomonas_fluorescens_SBW25,M00535,0.478,0.6666666666666666,neither,False
Pseudomonas_fluorescens_SBW25,M00537,0.132,0.3333333333333333,neither,False
Pseudomonas_fluorescens_SBW25,M00538,0.132,0.3333333333333333,neither,False
Pseudomonas_fluorescens_SBW25,M00539,0.014,0.0,neither,False
Pseudomonas_fluorescens_SBW25,M00540,0.0,0.0,neither,False
Pseudomonas_fluorescens_SBW25,M00541,0.0,0.0,neither,False
Pseudomonas_fluorescens_SBW25,M00542,0.0,0.08749999999999998,neither,False
Pseudomonas_fluorescens_SBW25,M00543,0.0,0.0,neither,False
Pseudomonas_fluorescens_SBW25,M00544,0.0,0.0,neither,False
Pseudomonas_fluorescens_SBW25,M00545,0.078,0.1666666666666666,neither,False
Pseudomonas_fluorescens_SBW25,M00546,0.9380000000000001,0.8333333333333334,both,False
Pseudomonas_fluorescens_SBW25,M00547,0.0,0.0,neither,False
Pseudomonas_fluorescens_SBW25,M00548,0.001,0.0,neither,False
Pseudomonas_fluorescens_SBW25,M00549,0.969,1.0,both,False
Pseudomonas_fluorescens_SBW25,M00550,0.001,0.0,neither,False
Pseudomonas_fluorescens_SBW25,M00551,0.002,0.0,neither,False
Pseudomonas_fluorescens_SBW25,M00552,0.968,1.0,both,False
Pseudomonas_fluorescens_SBW25,M00554,0.375,0.0,neither,False
Pseudomonas_fluorescens_SBW25,M00555,0.92,1.0,both,False
Pseudomonas_fluorescens_SBW25,M00563,0.0,0.0,neither,False
Pseudomonas_fluorescens_SBW25,M00564,0.0,0.0,neither,False
Pseudomonas_fluorescens_SBW25,M00565,0.951,0.8333333333333334,both,False
Pseudomonas_fluorescens_SBW25,M00567,0.0,0.0,neither,False
Pseudomonas_fluorescens_SBW25,M00568,0.9540000000000001,1.0,both,False
Pseudomonas_fluorescens_SBW25,M00569,0.04,0.20000000000000004,neither,False
Pseudomonas_fluorescens_SBW25,M00570,0.997,1.0,both,False
Pseudomonas_fluorescens_SBW25,M00572,0.9460000000000001,0.8333333333333334,both,False
Pseudomonas_fluorescens_SBW25,M00573,0.697,0.6,blimmp_only,False
Pseudomonas_fluorescens_SBW25,M00574,0.283,0.0,neither,False
Pseudomonas_fluorescens_SBW25,M00575,0.148,0.20000000000000004,neither,False
Pseudomonas_fluorescens_SBW25,M00576,0.284,0.0,neither,False
Pseudomonas_fluorescens_SBW25,M00577,0.743,0.8000000000000002,both,False
Pseudomonas_fluorescens_SBW25,M00579,0.714,0.5,blimmp_only,False
Pseudomonas_fluorescens_SBW25,M00580,0.9209999999999999,0.5,blimmp_only,False
Pseudomonas_fluorescens_SBW25,M00595,0.002,0.0,neither,False
Pseudomonas_fluorescens_SBW25,M00596,0.001,0.0,neither,False
Pseudomonas_fluorescens_SBW25,M00597,0.001,0.0,neither,False
Pseudomonas_fluorescens_SBW25,M00598,0.0,0.0,neither,False
Pseudomonas_fluorescens_SBW25,M00608,0.011000000000000001,0.0,neither,False
Pseudomonas_fluorescens_SBW25,M00609,0.17,0.1666666666666666,neither,False
Pseudomonas_fluorescens_SBW25,M00611,0.008,0.3636363636363636,neither,False
Pseudomonas_fluorescens_SBW25,M00612,0.008,0.3636363636363636,neither,False
Pseudomonas_fluorescens_SBW25,M00613,0.008,0.1538461538461538,neither,False
Pseudomonas_fluorescens_SBW25,M00614,0.007,0.3181818181818182,neither,False
Pseudomonas_fluorescens_SBW25,M00615,0.37200000000000005,0.5,neither,False
Pseudomonas_fluorescens_SBW25,M00616,0.9620000000000001,1.0,both,False
Pseudomonas_fluorescens_SBW25,M00617,0.019,0.20000000000000004,neither,False
Pseudomonas_fluorescens_SBW25,M00618,0.113,0.3928571428571428,neither,False
Pseudomonas_fluorescens_SBW25,M00620,0.137,0.35714285714285704,neither,False
Pseudomonas_fluorescens_SBW25,M00621,0.9780000000000001,1.0,both,False
Pseudomonas_fluorescens_SBW25,M00622,0.968,1.0,both,False
Pseudomonas_fluorescens_SBW25,M00623,0.0,0.0,neither,False
Pseudomonas_fluorescens_SBW25,M00624,0.0,0.0,neither,False
Pseudomonas_fluorescens_SBW25,M00625,0.0,0.0,neither,False
Pseudomonas_fluorescens_SBW25,M00627,0.017,0.0,neither,False
Pseudomonas_fluorescens_SBW25,M00630,0.0,0.0,neither,False
Pseudomonas_fluorescens_SBW25,M00631,0.229,0.4000000000000001,neither,False
Pseudomonas_fluorescens_SBW25,M00632,0.7280000000000001,0.5,blimmp_only,False
Pseudomonas_fluorescens_SBW25,M00633,0.028,0.0,neither,False
Pseudomonas_fluorescens_SBW25,M00636,0.0,0.0,neither,False
Pseudomonas_fluorescens_SBW25,M00637,0.903,1.0,both,False
Pseudomonas_fluorescens_SBW25,M00638,0.0,0.0,neither,False
Pseudomonas_fluorescens_SBW25,M00639,0.5,0.25,neither,False
Pseudomonas_fluorescens_SBW25,M00641,0.9170000000000001,1.0,both,False
Pseudomonas_fluorescens_SBW25,M00642,0.9209999999999999,1.0,both,False
Pseudomonas_fluorescens_SBW25,M00643,0.05000000000000001,0.1666666666666666,neither,False
Pseudomonas_fluorescens_SBW25,M00649,0.793,0.6666666666666666,blimmp_only,False
Pseudomonas_fluorescens_SBW25,M00651,0.008,0.0,neither,False
Pseudomonas_fluorescens_SBW25,M00652,0.0,0.0,neither,False
Pseudomonas_fluorescens_SBW25,M00660,0.0,0.0795454545454545,neither,False
Pseudomonas_fluorescens_SBW25,M00661,0.0,0.0,neither,False
Pseudomonas_fluorescens_SBW25,M00664,0.3459999999999999,0.25,neither,False
Pseudomonas_fluorescens_SBW25,M00672,0.0,0.0,neither,False
Pseudomonas_fluorescens_SBW25,M00673,0.0,0.0,neither,False
Pseudomonas_fluorescens_SBW25,M00674,0.067,0.0,neither,False
Pseudomonas_fluorescens_SBW25,M00675,0.611,0.0,blimmp_only,False
Pseudomonas_fluorescens_SBW25,M00696,0.075,0.1666666666666666,neither,False
Pseudomonas_fluorescens_SBW25,M00697,0.284,0.6666666666666666,neither,False
Pseudomonas_fluorescens_SBW25,M00698,0.665,0.5,blimmp_only,False
Pseudomonas_fluorescens_SBW25,M00700,0.711,0.0,blimmp_only,False
Pseudomonas_fluorescens_SBW25,M00702,0.9170000000000001,0.0,blimmp_only,False
Pseudomonas_fluorescens_SBW25,M00704,0.287,0.5,neither,False
Pseudomonas_fluorescens_SBW25,M00705,0.918,0.0,blimmp_only,False
Pseudomonas_fluorescens_SBW25,M00714,0.284,0.5,neither,False
Pseudomonas_fluorescens_SBW25,M00718,0.284,0.5,neither,False
Pseudomonas_fluorescens_SBW25,M00725,0.0,0.0833333333333333,neither,False
Pseudomonas_fluorescens_SBW25,M00726,0.09000000000000001,0.3333333333333333,neither,False
Pseudomonas_fluorescens_SBW25,M00730,0.0,0.0,neither,False
Pseudomonas_fluorescens_SBW25,M00736,0.012000000000000002,0.0833333333333333,neither,False
Pseudomonas_fluorescens_SBW25,M00740,0.006000000000000001,0.2727272727272727,neither,False
Pseudomonas_fluorescens_SBW25,M00741,0.038,0.0,neither,False
Pseudomonas_fluorescens_SBW25,M00744,0.4709999999999999,0.6666666666666666,neither,False
Pseudomonas_fluorescens_SBW25,M00745,0.919,1.0,both,False
Pseudomonas_fluorescens_SBW25,M00746,0.13,0.0,neither,False
Pseudomonas_fluorescens_SBW25,M00761,0.914,0.8000000000000002,both,False
Pseudomonas_fluorescens_SBW25,M00763,0.044000000000000004,0.0,neither,False
Pseudomonas_fluorescens_SBW25,M00769,0.4709999999999999,0.6666666666666666,neither,False
Pseudomonas_fluorescens_SBW25,M00773,0.0,0.0,neither,False
Pseudomonas_fluorescens_SBW25,M00774,0.0,0.0,neither,False
Pseudomonas_fluorescens_SBW25,M00775,0.0,0.0,neither,False
Pseudomonas_fluorescens_SBW25,M00776,0.0,0.0,neither,False
Pseudomonas_fluorescens_SBW25,M00777,0.0,0.0,neither,False
Pseudomonas_fluorescens_SBW25,M00778,0.0,0.0,neither,False
Pseudomonas_fluorescens_SBW25,M00779,0.034,0.0,neither,False
Pseudomonas_fluorescens_SBW25,M00780,0.0,0.0,neither,False
Pseudomonas_fluorescens_SBW25,M00781,0.0,0.0,neither,False
Pseudomonas_fluorescens_SBW25,M00782,0.0,0.0,neither,False
Pseudomonas_fluorescens_SBW25,M00783,0.0,0.0,neither,False
Pseudomonas_fluorescens_SBW25,M00784,0.0,0.0,neither,False
Pseudomonas_fluorescens_SBW25,M00785,0.0,0.0,neither,False
Pseudomonas_fluorescens_SBW25,M00786,0.0,0.0,neither,False
Pseudomonas_fluorescens_SBW25,M00787,0.20099999999999998,0.0,neither,False
Pseudomonas_fluorescens_SBW25,M00788,0.0,0.0,neither,False
Pseudomonas_fluorescens_SBW25,M00789,0.0,0.0,neither,False
Pseudomonas_fluorescens_SBW25,M00790,0.0,0.0,neither,False
Pseudomonas_fluorescens_SBW25,M00793,0.969,1.0,both,False
Pseudomonas_fluorescens_SBW25,M00794,0.0,0.0,neither,False
Pseudomonas_fluorescens_SBW25,M00795,0.0,0.0,neither,False
Pseudomonas_fluorescens_SBW25,M00796,0.09000000000000001,0.0,neither,False
Pseudomonas_fluorescens_SBW25,M00797,0.0,0.0,neither,False
Pseudomonas_fluorescens_SBW25,M00798,0.0,0.0,neither,False
Pseudomonas_fluorescens_SBW25,M00799,0.009,0.0,neither,False
Pseudomonas_fluorescens_SBW25,M00800,0.0,0.0,neither,False
Pseudomonas_fluorescens_SBW25,M00801,0.0,0.0,neither,False
Pseudomonas_fluorescens_SBW25,M00802,0.0,0.0,neither,False
Pseudomonas_fluorescens_SBW25,M00803,0.0,0.0,neither,False
Pseudomonas_fluorescens_SBW25,M00804,0.01,0.0,neither,False
Pseudomonas_fluorescens_SBW25,M00805,0.001,0.0,neither,False
Pseudomonas_fluorescens_SBW25,M00808,0.0,0.0,neither,False
Pseudomonas_fluorescens_SBW25,M00810,0.0,0.0,neither,False
Pseudomonas_fluorescens_SBW25,M00811,0.0,0.0,neither,False
Pseudomonas_fluorescens_SBW25,M00814,0.0,0.0,neither,False
Pseudomonas_fluorescens_SBW25,M00815,0.0,0.0,neither,False
Pseudomonas_fluorescens_SBW25,M00819,0.0,0.0,neither,False
Pseudomonas_fluorescens_SBW25,M00823,0.0,0.0,neither,False
Pseudomonas_fluorescens_SBW25,M00824,0.0,0.0,neither,False
Pseudomonas_fluorescens_SBW25,M00825,0.0,0.0,neither,False
Pseudomonas_fluorescens_SBW25,M00826,0.18800000000000003,0.0,neither,False
Pseudomonas_fluorescens_SBW25,M00827,0.074,0.0,neither,False
Pseudomonas_fluorescens_SBW25,M00828,0.074,0.0,neither,False
Pseudomonas_fluorescens_SBW25,M00829,0.0,0.0,neither,False
Pseudomonas_fluorescens_SBW25,M00830,0.054,0.0,neither,False
Pseudomonas_fluorescens_SBW25,M00831,0.0,0.0,neither,False
Pseudomonas_fluorescens_SBW25,M00832,0.0,0.0,neither,False
Pseudomonas_fluorescens_SBW25,M00833,0.0,0.0,neither,False
Pseudomonas_fluorescens_SBW25,M00834,0.0,0.0,neither,False
Pseudomonas_fluorescens_SBW25,M00835,0.001,0.1428571428571428,neither,False
Pseudomonas_fluorescens_SBW25,M00836,0.0,0.0,neither,False
Pseudomonas_fluorescens_SBW25,M00837,0.0,0.0,neither,False
Pseudomonas_fluorescens_SBW25,M00838,0.0,0.0,neither,False
Pseudomonas_fluorescens_SBW25,M00840,0.433,0.42857142857142855,neither,False
Pseudomonas_fluorescens_SBW25,M00841,0.0,0.4000000000000001,neither,False
Pseudomonas_fluorescens_SBW25,M00842,0.0,0.6666666666666666,neither,False
Pseudomonas_fluorescens_SBW25,M00843,0.472,0.6666666666666666,neither,False
Pseudomonas_fluorescens_SBW25,M00844,0.988,1.0,both,False
Pseudomonas_fluorescens_SBW25,M00845,0.824,0.7142857142857143,blimmp_only,True
Pseudomonas_fluorescens_SBW25,M00846,0.993,1.0,both,False
Pseudomonas_fluorescens_SBW25,M00847,0.0030000000000000005,0.0,neither,False
Pseudomonas_fluorescens_SBW25,M00848,0.0,0.03125,neither,False
Pseudomonas_fluorescens_SBW25,M00849,0.106,0.3125,neither,False
Pseudomonas_fluorescens_SBW25,M00850,0.0,0.0,neither,False
Pseudomonas_fluorescens_SBW25,M00851,0.902,0.0,blimmp_only,False
Pseudomonas_fluorescens_SBW25,M00852,0.0,0.0,neither,False
Pseudomonas_fluorescens_SBW25,M00853,0.0,0.0,neither,False
Pseudomonas_fluorescens_SBW25,M00854,0.9209999999999999,0.6666666666666666,blimmp_only,False
Pseudomonas_fluorescens_SBW25,M00855,0.9499999999999998,1.0,both,False
Pseudomonas_fluorescens_SBW25,M00856,0.029,0.0,neither,False
Pseudomonas_fluorescens_SBW25,M00857,0.0,0.0,neither,False
Pseudomonas_fluorescens_SBW25,M00859,0.0,0.0,neither,False
Pseudomonas_fluorescens_SBW25,M00860,0.004,0.0,neither,False
Pseudomonas_fluorescens_SBW25,M00861,0.0,0.3333333333333333,neither,False
Pseudomonas_fluorescens_SBW25,M00862,0.0,0.0,neither,False
Pseudomonas_fluorescens_SBW25,M00866,0.945,0.8888888888888888,both,False
Pseudomonas_fluorescens_SBW25,M00867,0.001,0.0,neither,False
Pseudomonas_fluorescens_SBW25,M00868,0.9369999999999999,0.75,both,False
Pseudomonas_fluorescens_SBW25,M00872,0.0,0.0,neither,False
Pseudomonas_fluorescens_SBW25,M00873,0.0,0.25,neither,False
Pseudomonas_fluorescens_SBW25,M00874,0.0,0.4166666666666667,neither,False
Pseudomonas_fluorescens_SBW25,M00875,0.0,0.0,neither,False
Pseudomonas_fluorescens_SBW25,M00876,0.0,0.0,neither,False
Pseudomonas_fluorescens_SBW25,M00877,0.0,0.0,neither,False
Pseudomonas_fluorescens_SBW25,M00878,0.19099999999999998,0.1428571428571428,neither,False
Pseudomonas_fluorescens_SBW25,M00879,0.967,1.0,both,False
Pseudomonas_fluorescens_SBW25,M00880,0.965,1.0,both,False
Pseudomonas_fluorescens_SBW25,M00881,0.965,1.0,both,False
Pseudomonas_fluorescens_SBW25,M00882,0.0,0.5,neither,False
Pseudomonas_fluorescens_SBW25,M00883,0.936,0.6666666666666666,blimmp_only,False
Pseudomonas_fluorescens_SBW25,M00884,0.0,0.5,neither,False
Pseudomonas_fluorescens_SBW25,M00885,0.952,0.4000000000000001,blimmp_only,False
Pseudomonas_fluorescens_SBW25,M00886,0.952,0.3333333333333333,blimmp_only,False
Pseudomonas_fluorescens_SBW25,M00887,0.019,0.0,neither,False
Pseudomonas_fluorescens_SBW25,M00888,0.014,0.0,neither,False
Pseudomonas_fluorescens_SBW25,M00889,0.0,0.0,neither,False
Pseudomonas_fluorescens_SBW25,M00890,0.001,0.0,neither,False
Pseudomonas_fluorescens_SBW25,M00891,0.0,0.0,neither,False
Pseudomonas_fluorescens_SBW25,M00892,0.0,0.25,neither,False
Pseudomonas_fluorescens_SBW25,M00893,0.0,0.0,neither,False
Pseudomonas_fluorescens_SBW25,M00894,0.0,0.0,neither,False
Pseudomonas_fluorescens_SBW25,M00895,0.906,0.8333333333333334,both,False
Pseudomonas_fluorescens_SBW25,M00896,0.902,0.8000000000000002,both,False
Pseudomonas_fluorescens_SBW25,M00897,0.0,0.20000000000000004,neither,False
Pseudomonas_fluorescens_SBW25,M00898,0.0,0.0,neither,False
Pseudomonas_fluorescens_SBW25,M00899,0.943,0.6666666666666666,blimmp_only,False
Pseudomonas_fluorescens_SBW25,M00900,0.0,0.0,neither,False
Pseudomonas_fluorescens_SBW25,M00901,0.0,0.0,neither,False
Pseudomonas_fluorescens_SBW25,M00902,0.0,0.0,neither,False
Pseudomonas_fluorescens_SBW25,M00903,0.0,0.0,neither,False
Pseudomonas_fluorescens_SBW25,M00904,0.0,0.0,neither,False
Pseudomonas_fluorescens_SBW25,M00905,0.0,0.0,neither,False
Pseudomonas_fluorescens_SBW25,M00906,0.009,0.0,neither,False
Pseudomonas_fluorescens_SBW25,M00909,0.993,1.0,both,False
Pseudomonas_fluorescens_SBW25,M00910,0.0,0.0,neither,False
Pseudomonas_fluorescens_SBW25,M00911,0.0,0.3333333333333333,neither,False
Pseudomonas_fluorescens_SBW25,M00912,0.92,0.75,both,False
Pseudomonas_fluorescens_SBW25,M00913,0.0,0.8000000000000002,anvio_only,False
Pseudomonas_fluorescens_SBW25,M00914,0.07,0.42857142857142855,neither,False
Pseudomonas_fluorescens_SBW25,M00915,0.0,0.0,neither,False
Pseudomonas_fluorescens_SBW25,M00916,0.017,0.0,neither,False
Pseudomonas_fluorescens_SBW25,M00917,0.0,0.0,neither,False
Pseudomonas_fluorescens_SBW25,M00918,0.118,0.0,neither,False
Pseudomonas_fluorescens_SBW25,M00919,0.131,0.0,neither,False
Pseudomonas_fluorescens_SBW25,M00921,0.0,0.0,neither,False
Pseudomonas_fluorescens_SBW25,M00922,0.0,0.0,neither,False
Pseudomonas_fluorescens_SBW25,M00923,0.9380000000000001,1.0,both,False
Pseudomonas_fluorescens_SBW25,M00924,0.976,0.8333333333333334,both,False
Pseudomonas_fluorescens_SBW25,M00925,0.983,0.9393939393939394,both,False
Pseudomonas_fluorescens_SBW25,M00926,0.936,0.7777777777777778,both,False
Pseudomonas_fluorescens_SBW25,M00927,0.0,0.0,neither,False
Pseudomonas_fluorescens_SBW25,M00928,0.0,0.0,neither,False
Pseudomonas_fluorescens_SBW25,M00929,0.0,0.0,neither,False
Pseudomonas_fluorescens_SBW25,M00930,0.293,0.0,neither,False
Pseudomonas_fluorescens_SBW25,M00931,0.225,0.0,neither,False
Pseudomonas_fluorescens_SBW25,M00932,0.0030000000000000005,0.2857142857142857,neither,False
Pseudomonas_fluorescens_SBW25,M00933,0.0,0.0,neither,False
Pseudomonas_fluorescens_SBW25,M00934,0.0,0.0,neither,False
Pseudomonas_fluorescens_SBW25,M00935,0.0,0.1666666666666666,neither,False
Pseudomonas_fluorescens_SBW25,M00936,0.0,0.0,neither,False
Pseudomonas_fluorescens_SBW25,M00937,0.0,0.0,neither,False
Pseudomonas_fluorescens_SBW25,M00938,0.9940000000000001,1.0,both,False
Pseudomonas_fluorescens_SBW25,M00939,0.09100000000000001,0.20000000000000004,neither,False
Pseudomonas_fluorescens_SBW25,M00940,0.0,0.0,neither,False
Pseudomonas_fluorescens_SBW25,M00941,0.0,0.0,neither,False
Pseudomonas_fluorescens_SBW25,M00942,0.0,0.0,neither,False
Pseudomonas_fluorescens_SBW25,M00943,0.0,0.0,neither,False
Pseudomonas_fluorescens_SBW25,M00944,0.0,0.0,neither,False
Pseudomonas_fluorescens_SBW25,M00945,0.0,0.0,neither,False
Pseudomonas_fluorescens_SBW25,M00946,0.0,0.0,neither,False
Pseudomonas_fluorescens_SBW25,M00947,0.001,0.0,neither,False
Pseudomonas_fluorescens_SBW25,M00948,0.955,1.0,both,False
Pseudomonas_fluorescens_SBW25,M00949,0.0,0.0,neither,False
Pseudomonas_fluorescens_SBW25,M00950,0.648,0.75,both,False
Pseudomonas_fluorescens_SBW25,M00951,0.0,0.0,neither,False
Pseudomonas_fluorescens_SBW25,M00952,0.0,0.0,neither,False
Pseudomonas_fluorescens_SBW25,M00953,0.0,0.20000000000000004,neither,False
Pseudomonas_fluorescens_SBW25,M00954,0.0,0.0,neither,False
Pseudomonas_fluorescens_SBW25,M00955,0.0,0.0,neither,False
Pseudomonas_fluorescens_SBW25,M00956,0.336,0.2857142857142857,neither,False
Pseudomonas_fluorescens_SBW25,M00957,0.959,1.0,both,False
Pseudomonas_fluorescens_SBW25,M00958,0.952,1.0,both,False
Pseudomonas_fluorescens_SBW25,M00959,0.9700000000000001,1.0,both,False
Pseudomonas_fluorescens_SBW25,M00960,0.8119999999999999,0.6666666666666666,blimmp_only,False
Pseudomonas_fluorescens_SBW25,M00961,0.0,0.25,neither,False
Pseudomonas_fluorescens_SBW25,M00962,0.0,0.0,neither,False
Pseudomonas_fluorescens_SBW25,M00963,0.0,0.0,neither,False
Pseudomonas_fluorescens_SBW25,M00964,0.0,0.0,neither,False
Pseudomonas_fluorescens_SBW25,M00965,0.0,0.0,neither,False
Pseudomonas_fluorescens_SBW25,M00966,0.058,0.0,neither,False
Pseudomonas_fluorescens_SBW25,M00967,0.0,0.0,neither,False
Pseudomonas_fluorescens_SBW25,M00968,0.001,0.0,neither,False
Pseudomonas_fluorescens_SBW25,M00969,0.0,0.0,neither,False
Pseudomonas_fluorescens_SBW25,M00970,0.9540000000000001,1.0,both,False
Pseudomonas_fluorescens_SBW25,M00971,0.0,0.0,neither,False
Pseudomonas_fluorescens_SBW25,M00972,0.939,0.3333333333333333,blimmp_only,False
Pseudomonas_fluorescens_SBW25,M00973,0.039,0.0,neither,False
Pseudomonas_fluorescens_SBW25,M00974,0.0,0.0,neither,False
Pseudomonas_fluorescens_SBW25,M00975,0.979,1.0,both,False
Pseudomonas_fluorescens_SBW25,M00976,0.0,0.0,neither,False
Pseudomonas_fluorescens_SBW25,M00977,0.0,0.0,neither,False
Pseudomonas_fluorescens_SBW25,M00978,0.848,0.8333333333333334,both,False
Pseudomonas_fluorescens_SBW25,M00979,0.0,0.0,neither,False
Pseudomonas_fluorescens_SBW25,M00980,0.0,0.0,neither,False
Pseudomonas_fluorescens_SBW25,M00981,0.0,0.0,neither,False
Pseudomonas_fluorescens_SBW25,M00982,0.0,1.0,anvio_only,False
Pseudomonas_fluorescens_SBW25,M00983,0.0,0.0,neither,False
Pseudomonas_fluorescens_SBW25,M00984,0.0,0.5,neither,False
Pseudomonas_fluorescens_SBW25,M00985,0.0,0.5,neither,False
Pseudomonas_fluorescens_SBW25,M00986,0.0,0.0,neither,False
Pseudomonas_fluorescens_SBW25,M00987,0.0,0.0,neither,False
Pseudomonas_fluorescens_SBW25,M00988,0.0,1.0,anvio_only,False
Pseudomonas_fluorescens_SBW25,M00989,0.0,0.8333333333333334,anvio_only,False
Pseudomonas_fluorescens_SBW25,M00990,0.0,0.75,anvio_only,False
Pseudomonas_fluorescens_SBW25,M00991,0.0,0.3333333333333333,neither,False
Pseudomonas_fluorescens_SBW25,M00992,0.0,0.20000000000000004,neither,False
Pseudomonas_fluorescens_SBW25,M00993,0.0,0.0,neither,False
Pseudomonas_fluorescens_SBW25,M00994,0.0,0.0,neither,False
Pseudomonas_fluorescens_SBW25,M00995,0.0,1.0,anvio_only,False
Pseudomonas_fluorescens_SBW25,M00996,0.0,1.0,anvio_only,False
Pseudomonas_fluorescens_SBW25,M00997,0.0,0.3333333333333333,neither,False
Pseudomonas_fluorescens_SBW25,M00998,0.0,0.0,neither,False
Pseudomonas_fluorescens_SBW25,M00999,0.0,0.5,neither,False
Pseudomonas_fluorescens_SBW25,M01000,0.0,1.0,anvio_only,False
Pseudomonas_fluorescens_SBW25,M01001,0.0,0.0,neither,False
Pseudomonas_fluorescens_SBW25,M01002,0.0,0.25,neither,False
Pseudomonas_fluorescens_SBW25,M01003,0.0,0.0,neither,False
Pseudomonas_fluorescens_SBW25,M01004,0.0,0.5,neither,False
Pseudomonas_fluorescens_SBW25,M01005,0.0,0.0,neither,False
Pseudomonas_fluorescens_SBW25,M01006,0.0,0.8000000000000002,anvio_only,False
Pseudomonas_fluorescens_SBW25,M01007,0.0,0.1666666666666666,neither,False
Pseudomonas_fluorescens_SBW25,M01008,0.0,0.0,neither,False
Pseudomonas_fluorescens_SBW25,M01009,0.0,0.5,neither,False
Pseudomonas_fluorescens_SBW25,M01010,0.0,0.0,neither,False
Pseudomonas_fluorescens_SBW25,M01011,0.0,0.0,neither,False
Pseudomonas_fluorescens_SBW25,M01012,0.0,0.0,neither,False
Pseudomonas_fluorescens_SBW25,M01013,0.0,0.0,neither,False
Pseudomonas_fluorescens_SBW25,M01014,0.0,0.0,neither,False
Pseudomonas_fluorescens_SBW25,M01015,0.0,0.6666666666666666,neither,False
Pseudomonas_fluorescens_SBW25,M01016,0.0,1.0,anvio_only,False
Pseudomonas_fluorescens_SBW25,M01017,0.0,0.3333333333333333,neither,False
Pseudomonas_fluorescens_SBW25,M01018,0.0,0.5,neither,False
Pseudomonas_fluorescens_SBW25,M01019,0.0,0.5,neither,False
Pseudomonas_fluorescens_SBW25,M01020,0.0,0.3333333333333333,neither,False
Pseudomonas_fluorescens_SBW25,M01021,0.0,0.0,neither,False
Pseudomonas_fluorescens_SBW25,M01022,0.0,0.75,anvio_only,False
Pseudomonas_fluorescens_SBW25,M01023,0.0,0.4000000000000001,neither,False
Pseudomonas_fluorescens_SBW25,M01024,0.0,0.4000000000000001,neither,False
Pseudomonas_fluorescens_SBW25,M01025,0.0,0.5,neither,False
Pseudomonas_fluorescens_SBW25,M01026,0.0,0.5,neither,False
Pseudomonas_fluorescens_SBW25,M01027,0.0,0.5,neither,False
Pseudomonas_fluorescens_SBW25,M01028,0.0,0.5,neither,False
Pseudomonas_fluorescens_SBW25,M01029,0.0,0.10000000000000002,neither,False
Pseudomonas_fluorescens_SBW25,M01030,0.0,0.125,neither,False
Pseudomonas_fluorescens_SBW25,M01031,0.0,0.10000000000000002,neither,False
Pseudomonas_fluorescens_SBW25,M01032,0.0,0.5,neither,False
Pseudomonas_fluorescens_SBW25,M01033,0.0,0.3333333333333333,neither,False
Pseudomonas_fluorescens_SBW25,M01034,0.0,0.3333333333333333,neither,False
Pseudomonas_fluorescens_SBW25,M01035,0.0,0.0,neither,False
Pseudomonas_fluorescens_SBW25,M01036,0.0,0.0,neither,False
Pseudomonas_fluorescens_SBW25,M01037,0.0,0.5,neither,False
Pseudomonas_fluorescens_SBW25,M01038,0.0,0.0,neither,False
Pseudomonas_fluorescens_SBW25,M01039,0.0,0.0,neither,False
Pseudomonas_fluorescens_SBW25,M01040,0.0,0.0,neither,False
Pseudomonas_fluorescens_SBW25,M01041,0.0,0.0,neither,False
Pseudomonas_fluorescens_SBW25,M01042,0.0,0.0,neither,False
Pseudomonas_fluorescens_SBW25,M01043,0.0,0.0,neither,False
Pseudomonas_fluorescens_SBW25,M01044,0.0,0.0,neither,False
Pseudomonas_fluorescens_SBW25,M01045,0.0,0.0,neither,False
Pseudomonas_fluorescens_SBW25,M01046,0.0,0.0,neither,False
Pseudomonas_fluorescens_SBW25,M01047,0.0,0.20000000000000004,neither,False
