module,module_description,module_confidence,module_confidence_prior,best_path,best_path_reactions,module_frequency,num_steps,num_steps_present_raw,num_steps_present,posterior_mean,posterior_variance,completeness_threshold,credible_interval_low,credible_interval_high,hdi_low,hdi_high,effect_size,best_path_warnings,best_path_flagged_kos,best_path_severe_kos,module_status
M00001,"Glycolysis (Embden-Meyerhof pathway), glucose => pyruvate",0.999,0.993,"K00134,K00850,K00873,K00927,K01624,K01689,K01803,K01810,K15633,K25026","R00200,R00658,R00756,R01015,R01061,R01063,R01068,R01512,R01518,R01786,R13199",0.933,9,6.96,8.0,0.8936,0.008726,0.4186,0.6515,0.9965,0.7057,0.999,5.084,"K00134: outcompeted at locus; below KOfam threshold by 26.0 (score=387.4, threshold=413.4, ratio=0.94) | K25026: outcompeted at locus; below KOfam threshold by 249.4 (score=18.9, threshold=268.3, ratio=0.07)",4,1,"Present: confidence=0.999 with 95% credible interval [0.65, 1.00] and HDI [0.71, 1.00] entirely above threshold=0.42. Posterior mean=0.894, effect size=5.08. Note: 4 KO(s) flagged but within acceptable range."
M00002,"Glycolysis, core module involving three-carbon compounds",0.999,0.998,"K00134,K00873,K00927,K01689,K01803,K15633","R00200,R00658,R01015,R01061,R01063,R01512,R01518",0.966,5,4.69,4.8,0.9621,0.005608,0.4186,0.7299,1.0,0.9621,0.9621,7.258,"K00134: outcompeted at locus; below KOfam threshold by 26.0 (score=387.4, threshold=413.4, ratio=0.94)",2,0,"Present: confidence=0.999 with 95% credible interval [0.73, 1.00] and HDI [0.96, 0.96] entirely above threshold=0.42. Posterior mean=0.962, effect size=7.26. Note: 2 KO(s) flagged but within acceptable range."
M00003,"Gluconeogenesis, oxaloacetate => fructose-6P",0.999,0.995,"K00134,K00927,K01610,K01624,K01689,K01803,K11532,K15633","R00341,R00431,R00658,R00726,R00762,R01015,R01061,R01063,R01068,R01512,R01518",0.82,7,5.92,6.4,0.9092,0.009492,0.4186,0.6439,0.9993,0.9092,0.9092,5.035,"K00134: outcompeted at locus; below KOfam threshold by 26.0 (score=387.4, threshold=413.4, ratio=0.94) | K01610: outcompeted at locus; below KOfam threshold by 67.1 (score=15.2, threshold=82.3, ratio=0.18) | K11532: below KOfam threshold by 46.3 (score=432.5, threshold=478.8, ratio=0.90)",5,1,"Present: confidence=0.999 with 95% credible interval [0.64, 1.00] and HDI [0.91, 0.91] entirely above threshold=0.42. Posterior mean=0.909, effect size=5.04. Note: 5 KO(s) flagged but within acceptable range."
M00004,Pentose phosphate pathway (Pentose phosphate cycle),0.991,0.943,"K00033,K00036,K00615,K00616,K01057,K01783,K01807,K01810","R01056,R01067,R01528,R01529,R01641,R02035,R02736,R02739,R08575,R10221,R10907,R13199",0.633,6,4.32,5.2,0.8398,0.017705,0.4186,0.5046,0.9943,0.5736,0.999,3.165,"K00033: outcompeted at locus; below KOfam threshold by 121.4 (score=29.8, threshold=151.2, ratio=0.20) | K00615: outcompeted at locus",3,1,"Present: confidence=0.991 with 95% credible interval [0.50, 0.99] and HDI [0.57, 1.00] entirely above threshold=0.42. Posterior mean=0.840, effect size=3.17. Note: 3 KO(s) flagged but within acceptable range."
M00005,"PRPP biosynthesis, ribose 5P => PRPP",0.795,0.795,K00948,R01049,0.995,1,0.69,0.7,0.7216,0.095671,0.4186,0.0355,1.0,0.7216,0.7216,0.979,"K00948: outcompeted at locus; below KOfam threshold by 43.5 (score=25.1, threshold=68.6, ratio=0.37)",2,1,"Uncertain: confidence=0.795 with credible interval [0.04, 1.00] straddling threshold=0.42. Posterior mean=0.722, HDI [0.72, 0.72]. Module may be present but evidence is inconclusive. Note: 2 KO(s) flagged but within acceptable range."
M00006,"Pentose phosphate pathway, oxidative phase, glucose 6P => ribulose 5P",0.776,0.41,"K00033,K00036,K01057","R01528,R02035,R02736,R10221,R10907",0.603,2,0.71,1.3,0.6497,0.07112,0.4186,0.0939,0.9943,0.6497,0.6497,0.867,"K00033: outcompeted at locus; below KOfam threshold by 121.4 (score=29.8, threshold=151.2, ratio=0.20)",2,1,"Uncertain: confidence=0.776 with credible interval [0.09, 0.99] straddling threshold=0.42. Posterior mean=0.650, HDI [0.65, 0.65]. Module may be present but evidence is inconclusive. Note: 2 KO(s) flagged but within acceptable range."
M00007,"Pentose phosphate pathway, non-oxidative phase, fructose 6P => ribose 5P",1.0,1.0,"K00615,K00616,K01783,K01807","R01056,R01067,R01529,R01641,R08575",0.938,4,4.0,4.0,0.9943,0.001043,0.4186,0.9345,1.0,0.9943,0.9943,17.828,K00615: outcompeted at locus,1,0,"Present: confidence=1.000 with 95% credible interval [0.93, 1.00] and HDI [0.99, 0.99] entirely above threshold=0.42. Posterior mean=0.994, effect size=17.83. Note: 1 KO(s) flagged but within acceptable range."
M00008,"Entner-Doudoroff pathway, glucose-6P => glyceraldehyde-3P + pyruvate",0.951,0.786,"K00036,K01057,K01625,K01690","R02035,R02036,R02736,R05605,R10907",0.456,4,2.46,3.2,0.777,0.032087,0.4186,0.343,0.9932,0.777,0.777,2.001,"K01625: below KOfam threshold by 151.6 (score=36.8, threshold=188.4, ratio=0.20)",1,1,"Likely present: confidence=0.951 and posterior mean=0.777 above threshold=0.42, but credible interval [0.34, 0.99] extends below threshold. HDI [0.78, 0.78], effect size=2.00. Note: 1 KO(s) flagged but within acceptable range."
M00009,"Citrate cycle (TCA cycle, Krebs cycle)",0.902,0.715,"K00031,K00116,K00164,K00239,K00240,K00241,K00382,K00658,K01647,K01679,K01682,K18118","R00267,R00268,R00351,R00361,R00621,R00709,R01082,R01324,R01325,R01700,R01899,R01900,R02164,R02570,R03316,R07618,R10343",0.437,8,4.19,5.2,0.6307,0.023767,0.4186,0.3101,0.8955,0.3343,0.9119,1.376,"K00031: outcompeted at locus | K00164: outcompeted at locus; below KOfam threshold by 1211.1 (score=13.0, threshold=1224.1, ratio=0.01) | K00239: outcompeted at locus; below KOfam threshold by 227.6 (score=392.6, threshold=620.2, ratio=0.63) | K00240: outcompeted at locus; below KOfam threshold by 126.4 (score=19.9, threshold=146.3, ratio=0.14) | K00658: outcompeted at locus; below KOfam threshold by 425.9 (score=21.5, threshold=447.4, ratio=0.05)",9,3,"Likely present: confidence=0.902 and posterior mean=0.631 above threshold=0.42, but credible interval [0.31, 0.90] extends below threshold. HDI [0.33, 0.91], effect size=1.38. Note: 9 KO(s) flagged but within acceptable range."
M00010,"Citrate cycle, first carbon oxidation, oxaloacetate => 2-oxoglutarate",0.96,0.924,"K00031,K01647,K01682","R00267,R00268,R00351,R00709,R01324,R01325,R01899,R01900",0.241,3,2.47,2.7,0.8352,0.03201,0.4186,0.3578,0.9996,0.8352,0.8352,2.329,K00031: outcompeted at locus,1,0,"Likely present: confidence=0.960 and posterior mean=0.835 above threshold=0.42, but credible interval [0.36, 1.00] extends below threshold. HDI [0.84, 0.84], effect size=2.33. Note: 1 KO(s) flagged but within acceptable range."
M00011,"Citrate cycle, second carbon oxidation, 2-oxoglutarate => oxaloacetate",0.647,0.355,"K00116,K00164,K00239,K00240,K00241,K00382,K00658,K01679,K18118","R00361,R00621,R01082,R01700,R02164,R02570,R03316,R07618,R10343",0.488,5,1.72,2.5,0.502,0.038461,0.4186,0.1365,0.8661,0.1381,0.8659,0.425,"K00164: outcompeted at locus; below KOfam threshold by 1211.1 (score=13.0, threshold=1224.1, ratio=0.01) | K00239: outcompeted at locus; below KOfam threshold by 227.6 (score=392.6, threshold=620.2, ratio=0.63) | K00240: outcompeted at locus; below KOfam threshold by 126.4 (score=19.9, threshold=146.3, ratio=0.14) | K00658: outcompeted at locus; below KOfam threshold by 425.9 (score=21.5, threshold=447.4, ratio=0.05)",8,3,"Uncertain: confidence=0.647 with credible interval [0.14, 0.87] straddling threshold=0.42. Posterior mean=0.502, HDI [0.14, 0.87]. Module may be present but evidence is inconclusive. Note: 8 KO(s) flagged but within acceptable range."
M00012,Glyoxylate cycle,0.767,0.407,"K00025,K01637,K01638,K01647,K01682","R00342,R00351,R00472,R00479,R01325,R01900",0.315,5,1.95,3.0,0.5713,0.037679,0.4186,0.1865,0.9081,0.2082,0.9239,0.787,,0,0,"Uncertain: confidence=0.767 with credible interval [0.19, 0.91] straddling threshold=0.42. Posterior mean=0.571, HDI [0.21, 0.92]. Module may be present but evidence is inconclusive."
M00015,"Proline biosynthesis, glutamate => proline",0.89,0.699,"K00147,K00286,K00931","R00239,R01251,R03313",0.685,2,1.15,1.6,0.769,0.055519,0.4186,0.1841,0.9996,0.769,0.769,1.487,"K00931: outcompeted at locus; below KOfam threshold by 263.3 (score=23.1, threshold=286.4, ratio=0.08)",2,1,"Uncertain: confidence=0.890 with credible interval [0.18, 1.00] straddling threshold=0.42. Posterior mean=0.769, HDI [0.77, 0.77]. Module may be present but evidence is inconclusive. Note: 2 KO(s) flagged but within acceptable range."
M00016,"Lysine biosynthesis, succinyl-DAP pathway, aspartate => lysine",0.999,0.978,"K00133,K00215,K00674,K00821,K00928,K01439,K01586,K01714,K01778","R00451,R00480,R02291,R02734,R02735,R04198,R04199,R04365,R04475,R10147",0.722,9,6.54,8.0,0.8691,0.01044,0.4186,0.6124,0.9923,0.6677,0.999,4.409,"K00674: outcompeted at locus; below KOfam threshold by 130.0 (score=27.8, threshold=157.8, ratio=0.18) | K00821: outcompeted at locus; below KOfam threshold by 272.4 (score=212.3, threshold=484.7, ratio=0.44) | K01439: outcompeted at locus; below KOfam threshold by 215.9 (score=65.4, threshold=281.3, ratio=0.23)",6,3,"Likely present: confidence=0.999 and posterior mean=0.869 above threshold=0.42, but credible interval [0.61, 0.99] extends below threshold. HDI [0.67, 1.00], effect size=4.41. DOWNGRADED due to: K00674: outcompeted at locus; below KOfam threshold by 130.0 (score=27.8, threshold=157.8, ratio=0.18) | K00821: outcompeted at locus; below KOfam threshold by 272.4 (score=212.3, threshold=484.7, ratio=0.44) | K01439: outcompeted at locus; below KOfam threshold by 215.9 (score=65.4, threshold=281.3, ratio=0.23)"
M00017,"Methionine biosynthesis, aspartate => homoserine => methionine",0.991,0.968,"K00133,K00548,K00651,K00928,K01739,K12524,K14155","R00480,R00946,R01286,R01773,R01775,R01777,R02291,R03260,R04405",0.583,7,5.26,5.9,0.8138,0.017417,0.4186,0.4947,0.9856,0.5576,0.999,2.995,"K01739: outcompeted at locus; below KOfam threshold by 160.9 (score=327.4, threshold=488.3, ratio=0.67) | K12524: below KOfam threshold by 406.5 (score=358.3, threshold=764.8, ratio=0.47) | K14155: outcompeted at locus; below KOfam threshold by 210.6 (score=82.6, threshold=293.2, ratio=0.28)",5,2,"Present: confidence=0.991 with 95% credible interval [0.49, 0.99] and HDI [0.56, 1.00] entirely above threshold=0.42. Posterior mean=0.814, effect size=2.99. Note: 5 KO(s) flagged but within acceptable range."
M00018,"Threonine biosynthesis, aspartate => homoserine => threonine",1.0,1.0,"K00133,K00872,K00928,K01733,K12524","R00480,R01466,R01771,R01773,R01775,R02291",0.903,5,5.0,5.0,0.9912,0.001341,0.4186,0.8956,1.0,0.9912,0.9912,15.636,"K12524: below KOfam threshold by 406.5 (score=358.3, threshold=764.8, ratio=0.47)",1,1,"Present: confidence=1.000 with 95% credible interval [0.90, 1.00] and HDI [0.99, 0.99] entirely above threshold=0.42. Posterior mean=0.991, effect size=15.64. Note: 1 KO(s) flagged but within acceptable range."
M00019,"Valine/isoleucine biosynthesis, pyruvate => valine / 2-oxobutanoate => isoleucine",0.981,0.915,"K00053,K00826,K01652,K01653,K01687","R00226,R01214,R02199,R04439,R04440,R04441,R05068,R05069,R05070,R05071,R08648",0.858,4,2.84,3.4,0.8553,0.022912,0.4186,0.4511,0.9993,0.8553,0.8553,2.885,"K01652: outcompeted at locus; below KOfam threshold by 483.6 (score=50.4, threshold=534.0, ratio=0.09)",2,1,"Present: confidence=0.981 with 95% credible interval [0.45, 1.00] and HDI [0.86, 0.86] entirely above threshold=0.42. Posterior mean=0.855, effect size=2.89. Note: 2 KO(s) flagged but within acceptable range."
M00020,"Serine biosynthesis, glycerate-3P => serine",0.792,0.584,"K00058,K00831,K01079","R00582,R01513,R04173",0.473,3,1.46,1.9,0.6291,0.054265,0.4186,0.147,0.975,0.2072,0.999,0.904,"K00058: outcompeted at locus; below KOfam threshold by 306.4 (score=22.3, threshold=328.7, ratio=0.07) | K01079: outcompeted at locus; below KOfam threshold by 97.3 (score=35.0, threshold=132.3, ratio=0.26)",4,2,"Uncertain: confidence=0.792 with credible interval [0.15, 0.98] straddling threshold=0.42. Posterior mean=0.629, HDI [0.21, 1.00]. Module may be present but evidence is inconclusive. Note: 4 KO(s) flagged but within acceptable range."
M00021,"Cysteine biosynthesis, serine => cysteine",0.992,0.992,"K00640,K17069","R00586,R00897",0.643,2,2.0,2.0,0.9676,0.009805,0.4186,0.6388,1.0,0.9676,0.9676,5.544,"K17069: below KOfam threshold by 29.0 (score=742.4, threshold=771.4, ratio=0.96)",1,0,"Present: confidence=0.992 with 95% credible interval [0.64, 1.00] and HDI [0.97, 0.97] entirely above threshold=0.42. Posterior mean=0.968, effect size=5.54. Note: 1 KO(s) flagged but within acceptable range."
M00022,"Shikimate pathway, phosphoenolpyruvate + erythrose-4P => chorismate",0.941,0.758,"K00014,K00800,K00891,K01626,K01735,K01736,K03786","R01714,R01826,R02412,R02413,R03083,R03084,R03460",0.777,4,2.25,3.0,0.7597,0.033806,0.4186,0.3227,0.9906,0.3984,0.999,1.855,"K00014: outcompeted at locus; below KOfam threshold by 234.3 (score=35.8, threshold=270.1, ratio=0.13) | K00800: outcompeted at locus; below KOfam threshold by 54.8 (score=80.5, threshold=135.3, ratio=0.59)",4,1,"Likely present: confidence=0.941 and posterior mean=0.760 above threshold=0.42, but credible interval [0.32, 0.99] extends below threshold. HDI [0.40, 1.00], effect size=1.86. Note: 4 KO(s) flagged but within acceptable range."
M00023,"Tryptophan biosynthesis, chorismate => tryptophan",0.585,0.268,"K00766,K01609,K01657,K01658,K01695,K01696,K01817","R00985,R00986,R01073,R02722,R03508,R03509",0.458,3,0.82,1.5,0.4851,0.058088,0.4186,0.0646,0.9215,0.0571,0.9119,0.276,"K01609: outcompeted at locus; below KOfam threshold by 304.8 (score=11.6, threshold=316.4, ratio=0.04) | K01657: outcompeted at locus; below KOfam threshold by 196.6 (score=269.9, threshold=466.5, ratio=0.58) | K01658: outcompeted at locus; below KOfam threshold by 156.5 (score=86.6, threshold=243.1, ratio=0.36) | K01695: outcompeted at locus; below KOfam threshold by 65.5 (score=18.7, threshold=84.2, ratio=0.22) | K01696: outcompeted at locus; below KOfam threshold by 554.7 (score=51.0, threshold=605.7, ratio=0.08) | K01817: below KOfam threshold by 14.8 (score=194.0, threshold=208.8, ratio=0.93)",11,4,"Uncertain: confidence=0.585 with credible interval [0.06, 0.92] straddling threshold=0.42. Posterior mean=0.485, HDI [0.06, 0.91]. Module may be present but evidence is inconclusive. Note: 11 KO(s) flagged but within acceptable range."
M00024,"Phenylalanine biosynthesis, chorismate => phenylpyruvate => phenylalanine",0.842,0.151,"K00817,K04518,K06208","R00694,R01373,R01715",0.206,2,0.36,1.5,0.7135,0.063878,0.4186,0.1361,0.9983,0.7135,0.7135,1.167,"K00817: below KOfam threshold by 22.9 (score=267.3, threshold=290.2, ratio=0.92)",1,0,"Uncertain: confidence=0.842 with credible interval [0.14, 1.00] straddling threshold=0.42. Posterior mean=0.714, HDI [0.71, 0.71]. Module may be present but evidence is inconclusive. Note: 1 KO(s) flagged but within acceptable range."
M00025,"Tyrosine biosynthesis, chorismate => HPP => tyrosine",0.979,0.578,"K00817,K04517,K06208","R00734,R01715,R01728",0.202,2,1.05,2.0,0.9274,0.02103,0.4186,0.4532,1.0,0.9274,0.9274,3.509,"K00817: below KOfam threshold by 22.9 (score=267.3, threshold=290.2, ratio=0.92) | K04517: outcompeted at locus",2,0,"Present: confidence=0.979 with 95% credible interval [0.45, 1.00] and HDI [0.93, 0.93] entirely above threshold=0.42. Posterior mean=0.927, effect size=3.51. Note: 2 KO(s) flagged but within acceptable range."
M00026,"Histidine biosynthesis, PRPP => histidine",0.988,0.9,"K00013,K00765,K00817,K01089,K01814,K02500,K02501,K11755","R01071,R01163,R03012,R03013,R03243,R03457,R04035,R04037,R04558,R04640",0.497,6,4.05,5.1,0.8227,0.019196,0.4186,0.4803,0.9915,0.5485,0.999,2.916,"K00817: below KOfam threshold by 22.9 (score=267.3, threshold=290.2, ratio=0.92) | K02501: outcompeted at locus; below KOfam threshold by 202.8 (score=38.8, threshold=241.6, ratio=0.16)",3,1,"Present: confidence=0.988 with 95% credible interval [0.48, 0.99] and HDI [0.55, 1.00] entirely above threshold=0.42. Posterior mean=0.823, effect size=2.92. Note: 3 KO(s) flagged but within acceptable range."
M00027,GABA (gamma-Aminobutyrate) shunt,0.131,0.066,"K00135,K01580,K07250","R00261,R00713,R00714,R01648",0.025,3,0.38,0.6,0.1867,0.035306,0.4186,0.0008,0.6728,0.1867,0.1867,-1.234,"K00135: outcompeted at locus; below KOfam threshold by 369.5 (score=218.3, threshold=587.8, ratio=0.37) | K01580: outcompeted at locus; below KOfam threshold by 210.9 (score=172.6, threshold=383.5, ratio=0.45) | K07250: outcompeted at locus; below KOfam threshold by 422.8 (score=231.5, threshold=654.3, ratio=0.35)",6,3,"Likely absent: confidence=0.131, posterior mean=0.187 below threshold=0.42. Credible interval [0.00, 0.67] mostly below threshold. Some genomic evidence exists but is insufficient. Note: 6 KO(s) flagged but within acceptable range."
M00028,"Ornithine biosynthesis, glutamate => ornithine",0.965,0.897,"K00145,K00620,K00821,K00930","R00259,R02282,R02283,R02649,R03443",0.706,4,2.8,3.3,0.8084,0.028682,0.4186,0.3828,0.9966,0.8084,0.8084,2.302,"K00145: outcompeted at locus; below KOfam threshold by 54.0 (score=71.8, threshold=125.8, ratio=0.57) | K00821: outcompeted at locus; below KOfam threshold by 272.4 (score=212.3, threshold=484.7, ratio=0.44)",4,1,"Likely present: confidence=0.965 and posterior mean=0.808 above threshold=0.42, but credible interval [0.38, 1.00] extends below threshold. HDI [0.81, 0.81], effect size=2.30. Note: 4 KO(s) flagged but within acceptable range."
M00031,"Lysine biosynthesis, mediated by LysW, 2-aminoadipate => lysine",0.002,0.002,K05826,,0.01,1,0.0,0.0,0.0021,0.000981,0.4186,0.0,0.0,0.0021,0.0021,-13.302,,0,0,"Absent: confidence=0.002, posterior mean=0.002. Credible interval [0.00, 0.00] and HDI [0.00, 0.00] well below threshold=0.42. No meaningful genomic evidence."
M00033,"Ectoine biosynthesis, aspartate => ectoine",0.501,0.416,"K00133,K00836,K00928,K06718,K06720","R00480,R02291,R06977,R06978,R06979",0.096,5,2.08,2.3,0.4286,0.037676,0.4186,0.0918,0.8134,0.0761,0.7918,0.051,"K00836: outcompeted at locus; below KOfam threshold by 310.0 (score=152.4, threshold=462.4, ratio=0.33)",2,1,"Uncertain: confidence=0.501 with credible interval [0.09, 0.81] straddling threshold=0.42. Posterior mean=0.429, HDI [0.08, 0.79]. Module may be present but evidence is inconclusive. Note: 2 KO(s) flagged but within acceptable range."
M00034,Methionine salvage pathway,0.564,0.396,"K00772,K00789,K00797,K00832,K01611,K08963,K08964,K08967,K09880","R00177,R00178,R01402,R01920,R04420,R07364,R07392,R07395,R07396",0.154,8,3.25,3.8,0.4501,0.025256,0.4186,0.1585,0.763,0.1512,0.7538,0.198,"K00832: outcompeted at locus; below KOfam threshold by 536.6 (score=19.0, threshold=555.6, ratio=0.03)",2,1,"Uncertain: confidence=0.564 with credible interval [0.16, 0.76] straddling threshold=0.42. Posterior mean=0.450, HDI [0.15, 0.75]. Module may be present but evidence is inconclusive. Note: 2 KO(s) flagged but within acceptable range."
M00035,Methionine degradation,0.945,0.764,"K00558,K00789,K01251,K01697","R00177,R00192,R01290,R04858",0.371,4,2.43,3.2,0.7666,0.033138,0.4186,0.3306,0.9917,0.4074,0.999,1.911,"K00558: outcompeted at locus; below KOfam threshold by 148.8 (score=15.6, threshold=164.4, ratio=0.09) | K01251: outcompeted at locus; below KOfam threshold by 46.8 (score=17.1, threshold=63.9, ratio=0.27) | K01697: below KOfam threshold by 64.2 (score=391.7, threshold=455.9, ratio=0.86)",5,2,"Dubious: confidence=0.945 but 2 KO(s) on best path score below 50% of their KOfam threshold. Credible interval [0.33, 0.99], HDI [0.41, 1.00]. Module detection may be based on weak or spurious HMM hits. DOWNGRADED due to: K00558: outcompeted at locus; below KOfam threshold by 148.8 (score=15.6, threshold=164.4, ratio=0.09) | K01251: outcompeted at locus; below KOfam threshold by 46.8 (score=17.1, threshold=63.9, ratio=0.27) | K01697: below KOfam threshold by 64.2 (score=391.7, threshold=455.9, ratio=0.86)"
M00036,"Leucine degradation, leucine => acetoacetate + acetyl-CoA",0.278,0.118,"K00253,K00382,K00826,K01640,K01968,K01969,K09699,K11381,K13766","R01090,R01360,R02085,R04095,R04097,R04138,R07601,R07602,R07618",0.131,6,1.4,2.0,0.3223,0.028741,0.4186,0.055,0.6894,0.03,0.6436,-0.568,"K01968: outcompeted at locus; below KOfam threshold by 190.3 (score=757.0, threshold=947.3, ratio=0.80) | K09699: outcompeted at locus; below KOfam threshold by 398.8 (score=19.4, threshold=418.2, ratio=0.05) | K11381: outcompeted at locus; below KOfam threshold by 107.4 (score=400.7, threshold=508.1, ratio=0.79) | K13766: outcompeted at locus; below KOfam threshold by 97.6 (score=171.0, threshold=268.6, ratio=0.64)",8,1,"Likely absent: confidence=0.278, posterior mean=0.322 below threshold=0.42. Credible interval [0.06, 0.69] mostly below threshold. Some genomic evidence exists but is insufficient. Note: 8 KO(s) flagged but within acceptable range."
M00038,"Tryptophan metabolism, tryptophan => kynurenine => 2-aminomuconate",0.012,0.003,"K00452,K00453,K00486,K01432,K01556,K03392,K10217","R00678,R01959,R01960,R02665,R02668,R03889,R04323",0.027,7,0.33,0.7,0.0923,0.009631,0.4186,0.0007,0.3588,0.0923,0.0923,-3.325,"K00486: outcompeted at locus; below KOfam threshold by 308.2 (score=34.7, threshold=342.9, ratio=0.10) | K01556: outcompeted at locus; below KOfam threshold by 111.2 (score=71.9, threshold=183.1, ratio=0.39) | K10217: outcompeted at locus; below KOfam threshold by 515.4 (score=168.9, threshold=684.3, ratio=0.25)",6,3,"Absent: confidence=0.012, posterior mean=0.092. Credible interval [0.00, 0.36] and HDI [0.09, 0.09] well below threshold=0.42. No meaningful genomic evidence. Note: 6 KO(s) flagged but within acceptable range."
M00040,"Tyrosine biosynthesis, chorismate => arogenate => tyrosine",0.217,0.06,"K00832,K14170,K24018","R00732,R01715,R01731",0.046,3,0.35,0.8,0.2547,0.044145,0.4186,0.0049,0.7526,0.2547,0.2547,-0.78,"K00832: outcompeted at locus; below KOfam threshold by 536.6 (score=19.0, threshold=555.6, ratio=0.03) | K24018: outcompeted at locus; below KOfam threshold by 586.4 (score=168.8, threshold=755.2, ratio=0.22)",4,2,"Likely absent: confidence=0.217, posterior mean=0.255 below threshold=0.42. Credible interval [0.00, 0.75] mostly below threshold. Some genomic evidence exists but is insufficient. Note: 4 KO(s) flagged but within acceptable range."
M00043,"Thyroid hormone biosynthesis, tyrosine => triiodothyronine/thyroxine",0.0,0.0,K00431,"R03208,R03539,R03953,R03973",0.001,1,0.0,0.0,0.0001,4.3e-05,0.4186,0.0,0.0,0.0001,0.0001,-63.609,,0,0,"Absent: confidence=0.000, posterior mean=0.000. Credible interval [0.00, 0.00] and HDI [0.00, 0.00] well below threshold=0.42. No meaningful genomic evidence."
M00044,"Tyrosine degradation, tyrosine => homogentisate",0.208,0.017,"K00451,K00457,K00817,K01555,K01800","R00734,R01364,R02519,R02521,R03181",0.178,5,0.32,1.4,0.2745,0.030638,0.4186,0.0257,0.672,0.003,0.6066,-0.823,"K00457: outcompeted at locus; below KOfam threshold by 303.7 (score=14.2, threshold=317.9, ratio=0.04) | K00817: below KOfam threshold by 22.9 (score=267.3, threshold=290.2, ratio=0.92) | K01800: outcompeted at locus; below KOfam threshold by 155.7 (score=33.8, threshold=189.5, ratio=0.18)",5,2,"Likely absent: confidence=0.208, posterior mean=0.274 below threshold=0.42. Credible interval [0.03, 0.67] mostly below threshold. Some genomic evidence exists but is insufficient. Note: 5 KO(s) flagged but within acceptable range."
M00045,"Histidine degradation, histidine => N-formiminoglutamate => glutamate",0.2,0.112,"K01468,K01479,K01712,K01745","R01168,R02285,R02288,R02914",0.44,4,0.65,1.0,0.2578,0.035435,0.4186,0.0124,0.6969,0.001,0.6226,-0.854,"K01468: outcompeted at locus; below KOfam threshold by 180.8 (score=28.3, threshold=209.1, ratio=0.14) | K01479: outcompeted at locus; below KOfam threshold by 114.0 (score=98.0, threshold=212.0, ratio=0.46) | K01712: outcompeted at locus; below KOfam threshold by 248.6 (score=8.0, threshold=256.6, ratio=0.03)",6,3,"Likely absent: confidence=0.200, posterior mean=0.258 below threshold=0.42. Credible interval [0.01, 0.70] mostly below threshold. Some genomic evidence exists but is insufficient. Note: 6 KO(s) flagged but within acceptable range."
M00046,"Pyrimidine degradation, uracil => beta-alanine, thymine => 3-aminoisobutanoate",0.035,0.026,"K01464,K06016,K17722,K17723","R00905,R00977,R02269,R03055,R04666,R11026",0.091,3,0.17,0.2,0.0761,0.016349,0.4186,0.0,0.4703,0.0761,0.0761,-2.679,"K01464: outcompeted at locus; below KOfam threshold by 365.3 (score=40.9, threshold=406.2, ratio=0.10) | K06016: outcompeted at locus; below KOfam threshold by 449.1 (score=26.6, threshold=475.7, ratio=0.06) | K17722: outcompeted at locus; below KOfam threshold by 388.0 (score=69.8, threshold=457.8, ratio=0.15) | K17723: outcompeted at locus; below KOfam threshold by 369.9 (score=86.3, threshold=456.2, ratio=0.19)",8,4,"Absent: confidence=0.035, posterior mean=0.076. Credible interval [0.00, 0.47] and HDI [0.08, 0.08] well below threshold=0.42. No meaningful genomic evidence. Note: 8 KO(s) flagged but within acceptable range."
M00048,"De novo purine biosynthesis, PRPP + glutamine => IMP",0.999,0.984,"K00602,K00764,K01756,K01923,K01933,K01945,K11175,K23264,K23265,K23269","R01072,R01127,R04144,R04208,R04325,R04463,R04559,R04560,R04591",0.96,8,5.92,7.2,0.9109,0.008284,0.4186,0.666,0.999,0.9109,0.9109,5.409,"K00602: outcompeted at locus; below KOfam threshold by 123.0 (score=22.1, threshold=145.1, ratio=0.15) | K01945: outcompeted at locus; below KOfam threshold by 97.9 (score=40.8, threshold=138.7, ratio=0.29) | K11175: outcompeted at locus; below KOfam threshold by 46.9 (score=154.6, threshold=201.5, ratio=0.77) | K23269: outcompeted at locus; below KOfam threshold by 707.2 (score=21.8, threshold=729.0, ratio=0.03)",8,3,"Present: confidence=0.999 with 95% credible interval [0.67, 1.00] and HDI [0.91, 0.91] entirely above threshold=0.42. Posterior mean=0.911, effect size=5.41. Note: 8 KO(s) flagged but within acceptable range."
M00049,"Adenine ribonucleotide biosynthesis, IMP => ADP,ATP",0.989,0.961,"K00939,K00940,K01756,K01939","R00127,R00331,R01083,R01135",0.954,4,3.13,3.5,0.8906,0.018042,0.4186,0.5126,0.9999,0.8906,0.8906,3.514,"K00939: outcompeted at locus; below KOfam threshold by 174.8 (score=15.5, threshold=190.3, ratio=0.08)",2,1,"Present: confidence=0.989 with 95% credible interval [0.51, 1.00] and HDI [0.89, 0.89] entirely above threshold=0.42. Posterior mean=0.891, effect size=3.51. Note: 2 KO(s) flagged but within acceptable range."
M00050,"Guanine ribonucleotide biosynthesis, IMP => GDP,GTP",0.999,0.995,"K00088,K00940,K00942,K01951","R00330,R00332,R01130,R01230,R01231",0.97,4,3.68,3.9,0.9733,0.00481,0.4186,0.7542,1.0,0.9733,0.9733,7.999,"K00942: below KOfam threshold by 117.2 (score=75.0, threshold=192.2, ratio=0.39)",1,1,"Present: confidence=0.999 with 95% credible interval [0.75, 1.00] and HDI [0.97, 0.97] entirely above threshold=0.42. Posterior mean=0.973, effect size=8.00. Note: 1 KO(s) flagged but within acceptable range."
M00051,"De novo pyrimidine biosynthesis, glutamine (+ PRPP) => UMP",0.786,0.782,"K00254,K00609,K00610,K00762,K01465,K01591,K01955,K01956","R00575,R00965,R01397,R01868,R01870,R01993",0.082,3,2.03,2.0,0.6246,0.054531,0.4186,0.1438,0.9739,0.2032,0.999,0.882,"K00609: below KOfam threshold by 28.1 (score=217.8, threshold=245.9, ratio=0.89) | K01465: below KOfam threshold by 114.5 (score=194.7, threshold=309.2, ratio=0.63)",2,0,"Uncertain: confidence=0.786 with credible interval [0.14, 0.97] straddling threshold=0.42. Posterior mean=0.625, HDI [0.20, 1.00]. Module may be present but evidence is inconclusive. Note: 2 KO(s) flagged but within acceptable range."
M00052,"Pyrimidine ribonucleotide biosynthesis, UMP => UDP/UTP,CDP/CTP",0.988,0.975,"K00940,K01937,K09903","R00156,R00158,R00571,R00573",0.753,3,2.65,2.8,0.9175,0.017607,0.4186,0.513,1.0,0.9175,0.9175,3.76,"K01937: outcompeted at locus; below KOfam threshold by 86.7 (score=11.8, threshold=98.5, ratio=0.12)",2,1,"Likely present: confidence=0.988 and posterior mean=0.917 above threshold=0.42, but credible interval [0.51, 1.00] extends below threshold. HDI [0.92, 0.92], effect size=3.76. DOWNGRADED due to: K01937: outcompeted at locus; below KOfam threshold by 86.7 (score=11.8, threshold=98.5, ratio=0.12)"
M00053,"Deoxyribonucleotide biosynthesis, ADP/GDP/CDP/UDP => dATP/dGTP/dCTP/dUTP",0.829,0.69,"K00525,K00526,K00940","R01137,R01857,R02017,R02018,R02019,R02024,R02326,R02331",0.486,2,1.17,1.4,0.7003,0.065583,0.4186,0.1264,0.9977,0.7003,0.7003,1.1,"K00526: outcompeted at locus; below KOfam threshold by 30.3 (score=20.7, threshold=51.0, ratio=0.41)",2,1,"Uncertain: confidence=0.829 with credible interval [0.13, 1.00] straddling threshold=0.42. Posterior mean=0.700, HDI [0.70, 0.70]. Module may be present but evidence is inconclusive. Note: 2 KO(s) flagged but within acceptable range."
M00060,"KDO2-lipid A biosynthesis, Raetz pathway, LpxL-LpxM type",0.861,0.554,"K00677,K00748,K00912,K02517,K02527,K02535,K02536,K02560,K03269","R04549,R04550,R04567,R04587,R04606,R04657,R04658,R05075,R05146",0.454,9,3.99,5.4,0.5884,0.022218,0.4186,0.2872,0.856,0.3013,0.8669,1.139,"K02535: below KOfam threshold by 71.0 (score=264.5, threshold=335.5, ratio=0.79) | K02536: outcompeted at locus; below KOfam threshold by 95.4 (score=96.5, threshold=191.9, ratio=0.50)",3,0,"Uncertain: confidence=0.861 with credible interval [0.29, 0.86] straddling threshold=0.42. Posterior mean=0.588, HDI [0.30, 0.87]. Module may be present but evidence is inconclusive. Note: 3 KO(s) flagged but within acceptable range."
M00061,"D-Glucuronate degradation, D-glucuronate => pyruvate + D-glyceraldehyde 3P",0.374,0.2,"K00040,K00874,K01625,K01686,K01812","R01482,R01541,R02454,R05605,R05606",0.227,5,1.37,1.9,0.3661,0.035702,0.4186,0.0603,0.7615,0.035,0.7197,-0.278,"K00874: outcompeted at locus; below KOfam threshold by 206.1 (score=40.9, threshold=247.0, ratio=0.17) | K01625: below KOfam threshold by 151.6 (score=36.8, threshold=188.4, ratio=0.20) | K01686: outcompeted at locus; below KOfam threshold by 114.2 (score=20.2, threshold=134.4, ratio=0.15)",5,3,"Uncertain: confidence=0.374 with credible interval [0.06, 0.76] straddling threshold=0.42. Posterior mean=0.366, HDI [0.04, 0.72]. Module may be present but evidence is inconclusive. Note: 5 KO(s) flagged but within acceptable range."
M00063,"CMP-3-deoxy-D-manno-octulosonate biosynthesis, ribulose-5P => CMP-KDO",0.353,0.161,"K00979,K01627,K03270,K06041","R01530,R03254,R03350,R03351",0.511,4,0.8,1.3,0.3503,0.042147,0.4186,0.037,0.7864,0.009,0.7297,-0.333,"K00979: outcompeted at locus; below KOfam threshold by 115.3 (score=27.4, threshold=142.7, ratio=0.19) | K03270: outcompeted at locus; below KOfam threshold by 127.7 (score=34.5, threshold=162.2, ratio=0.21)",4,2,"Uncertain: confidence=0.353 with credible interval [0.04, 0.79] straddling threshold=0.42. Posterior mean=0.350, HDI [0.01, 0.73]. Module may be present but evidence is inconclusive. Note: 4 KO(s) flagged but within acceptable range."
M00064,"ADP-L-glycero-D-manno-heptose biosynthesis, sedoheptulose-7P => ADP-LDmanHep",0.656,0.261,"K03271,K03273,K03274,K21344,K21345","R05176,R05644,R05645,R05646,R05647",0.296,5,1.54,2.6,0.507,0.038454,0.4186,0.1399,0.8694,0.1431,0.8709,0.451,"K03271: outcompeted at locus; below KOfam threshold by 122.0 (score=12.4, threshold=134.4, ratio=0.09) | K03273: outcompeted at locus; below KOfam threshold by 131.7 (score=21.0, threshold=152.7, ratio=0.14) | K03274: outcompeted at locus; below KOfam threshold by 132.1 (score=128.3, threshold=260.4, ratio=0.49) | K21344: below KOfam threshold by 193.1 (score=221.4, threshold=414.5, ratio=0.53) | K21345: outcompeted at locus; below KOfam threshold by 184.5 (score=45.4, threshold=229.9, ratio=0.20)",9,4,"Uncertain: confidence=0.656 with credible interval [0.14, 0.87] straddling threshold=0.42. Posterior mean=0.507, HDI [0.14, 0.87]. Module may be present but evidence is inconclusive. Note: 9 KO(s) flagged but within acceptable range."
M00082,"Fatty acid biosynthesis, initiation",0.891,0.791,"K00645,K00648,K01961,K01962,K01963,K02160","R00742,R01626,R10707",0.468,2,1.37,1.6,0.7705,0.055259,0.4186,0.1856,0.9996,0.7705,0.7705,1.497,,0,0,"Uncertain: confidence=0.891 with credible interval [0.19, 1.00] straddling threshold=0.42. Posterior mean=0.771, HDI [0.77, 0.77]. Module may be present but evidence is inconclusive."
M00083,"Fatty acid biosynthesis, elongation",0.635,0.406,"K00059,K00208,K02372,K09458","R04355,R04428,R04429,R04430,R04533,R04534,R04535,R04536,R04537,R04543,R04544,R04566,R04568,R04724,R04725,R04726,R04952,R04953,R04954,R04955,R04956,R04957,R04958,R04959,R04960,R04961,R04962,R04963,R04964,R04965,R04966,R04967,R04968,R04969,R04970",0.808,1,0.33,0.5,0.5685,0.116816,0.4186,0.0067,0.9992,0.5685,0.5685,0.438,"K00059: outcompeted at locus; below KOfam threshold by 113.8 (score=154.3, threshold=268.1, ratio=0.58)",2,0,"Uncertain: confidence=0.635 with credible interval [0.01, 1.00] straddling threshold=0.42. Posterior mean=0.568, HDI [0.57, 0.57]. Module may be present but evidence is inconclusive. Note: 2 KO(s) flagged but within acceptable range."
M00086,"beta-Oxidation, acyl-CoA synthesis",0.287,0.287,K01897,R01280,0.575,1,0.25,0.2,0.276,0.095144,0.4186,0.0,0.9636,0.276,0.276,-0.462,"K01897: outcompeted at locus; below KOfam threshold by 338.9 (score=118.2, threshold=457.1, ratio=0.26)",2,1,"Likely absent: confidence=0.287, posterior mean=0.276 below threshold=0.42. Credible interval [0.00, 0.96] mostly below threshold. Some genomic evidence exists but is insufficient. Note: 2 KO(s) flagged but within acceptable range."
M00087,beta-Oxidation,0.309,0.146,"K00249,K00632,K01782","R00238,R01175,R01177,R01279,R01975,R03026,R03777,R03778,R03857,R03858,R03990,R03991,R04170,R04737,R04738,R04739,R04740,R04741,R04742,R04743,R04744,R04745,R04746,R04747,R04748,R04749,R04751,R04754",0.201,3,0.6,1.0,0.3172,0.050367,0.4186,0.0133,0.8111,0.001,0.7417,-0.452,"K00632: outcompeted at locus; below KOfam threshold by 470.4 (score=35.2, threshold=505.6, ratio=0.07) | K01782: outcompeted at locus; below KOfam threshold by 741.4 (score=62.8, threshold=804.2, ratio=0.08)",4,2,"Uncertain: confidence=0.309 with credible interval [0.01, 0.81] straddling threshold=0.42. Posterior mean=0.317, HDI [0.00, 0.74]. Module may be present but evidence is inconclusive. Note: 4 KO(s) flagged but within acceptable range."
M00088,"Ketone body biosynthesis, acetyl-CoA => acetoacetate/3-hydroxybutyrate/acetone",0.11,0.032,K00019,R01361,0.019,1,0.04,0.1,0.1172,0.049255,0.4186,0.0,0.8334,0.1172,0.1172,-1.358,"K00019: outcompeted at locus; below KOfam threshold by 61.3 (score=110.9, threshold=172.2, ratio=0.64)",2,0,"Likely absent: confidence=0.110, posterior mean=0.117 below threshold=0.42. Credible interval [0.00, 0.83] mostly below threshold. Some genomic evidence exists but is insufficient. Note: 2 KO(s) flagged but within acceptable range."
M00091,"Phosphatidylcholine (PC) biosynthesis, PE => PC",0.059,0.059,K00570,"R01320,R02056,R03424",0.158,1,0.06,0.1,0.0652,0.029042,0.4186,0.0,0.6886,0.0652,0.0652,-2.073,"K00570: outcompeted at locus; below KOfam threshold by 56.2 (score=31.6, threshold=87.8, ratio=0.36)",2,1,"Likely absent: confidence=0.059, posterior mean=0.065 below threshold=0.42. Credible interval [0.00, 0.69] mostly below threshold. Some genomic evidence exists but is insufficient. Note: 2 KO(s) flagged but within acceptable range."
M00093,"Phosphatidylethanolamine (PE) biosynthesis, PA => PS => PE",0.974,0.921,"K00981,K01613,K17103","R01799,R01800,R02055",0.555,3,2.36,2.7,0.8685,0.026562,0.4186,0.4111,0.9999,0.8685,0.8685,2.76,"K17103: below KOfam threshold by 119.5 (score=10.7, threshold=130.2, ratio=0.08)",1,1,"Dubious: confidence=0.974 but 1 KO(s) on best path score below 50% of their KOfam threshold. Credible interval [0.41, 1.00], HDI [0.87, 0.87]. Module detection may be based on weak or spurious HMM hits. DOWNGRADED due to: K17103: below KOfam threshold by 119.5 (score=10.7, threshold=130.2, ratio=0.08)"
M00095,"C5 isoprenoid biosynthesis, mevalonate pathway",0.022,0.008,"K00021,K00626,K00869,K00938,K01597,K01641,K01823","R00238,R01121,R01123,R01978,R02082,R02245,R03245",0.044,7,0.54,0.9,0.1213,0.012249,0.4186,0.0028,0.4095,0.1213,0.1213,-2.686,"K00626: outcompeted at locus; below KOfam threshold by 327.2 (score=42.7, threshold=369.9, ratio=0.12) | K00869: outcompeted at locus; below KOfam threshold by 141.4 (score=16.5, threshold=157.9, ratio=0.10) | K01641: outcompeted at locus; below KOfam threshold by 184.7 (score=28.5, threshold=213.2, ratio=0.13)",6,3,"Absent: confidence=0.022, posterior mean=0.121. Credible interval [0.00, 0.41] and HDI [0.12, 0.12] well below threshold=0.42. No meaningful genomic evidence. Note: 6 KO(s) flagged but within acceptable range."
M00096,"C5 isoprenoid biosynthesis, non-mevalonate pathway",0.997,0.97,"K00099,K00919,K01662,K01823,K03526,K03527,K12506","R01123,R05633,R05634,R05636,R05637,R05688,R05884,R08689,R10859",0.732,8,5.77,6.9,0.8482,0.013141,0.4186,0.564,0.9903,0.6226,0.999,3.747,"K00919: outcompeted at locus; below KOfam threshold by 58.2 (score=44.7, threshold=102.9, ratio=0.43) | K01662: below KOfam threshold by 131.2 (score=204.1, threshold=335.3, ratio=0.61) | K12506: below KOfam threshold by 79.5 (score=241.2, threshold=320.7, ratio=0.75)",4,1,"Present: confidence=0.997 with 95% credible interval [0.56, 0.99] and HDI [0.62, 1.00] entirely above threshold=0.42. Posterior mean=0.848, effect size=3.75. Note: 4 KO(s) flagged but within acceptable range."
M00097,"beta-Carotene biosynthesis, GGAP => beta-carotene",0.914,0.553,"K02291,K10027","R02065,R04218",0.006,2,1.05,1.8,0.8018,0.049652,0.4186,0.2193,0.9999,0.8018,0.8018,1.72,"K02291: below KOfam threshold by 117.5 (score=58.3, threshold=175.8, ratio=0.33) | K10027: outcompeted at locus; below KOfam threshold by 314.7 (score=202.4, threshold=517.1, ratio=0.39)",3,2,"Dubious: confidence=0.914 but 2 KO(s) on best path score below 50% of their KOfam threshold. Credible interval [0.22, 1.00], HDI [0.80, 0.80]. Module detection may be based on weak or spurious HMM hits. DOWNGRADED due to: K02291: below KOfam threshold by 117.5 (score=58.3, threshold=175.8, ratio=0.33) | K10027: outcompeted at locus; below KOfam threshold by 314.7 (score=202.4, threshold=517.1, ratio=0.39)"
M00098,Acylglycerol degradation,0.751,0.661,"K01046,K01054","R01351,R02250,R02687",0.06,2,1.21,1.4,0.6277,0.073033,0.4186,0.0818,0.9921,0.6277,0.6277,0.774,"K01046: below KOfam threshold by 7.5 (score=59.7, threshold=67.2, ratio=0.89) | K01054: outcompeted at locus; below KOfam threshold by 162.6 (score=62.8, threshold=225.4, ratio=0.28)",3,1,"Uncertain: confidence=0.751 with credible interval [0.08, 0.99] straddling threshold=0.42. Posterior mean=0.628, HDI [0.63, 0.63]. Module may be present but evidence is inconclusive. Note: 3 KO(s) flagged but within acceptable range."
M00112,"Tocopherol/tocotorienol biosynthesis, homogentisate + phytyl/geranylgeranyl-PP => tocopherol/tocotorienol",0.159,0.159,"K05928,K09833,K09834,K18534","R07236,R07500,R07501,R07502,R07503,R07504,R10491,R10492,R10623,R10624,R10708,R10710",0.006,4,1.0,1.0,0.2282,0.032614,0.4186,0.0075,0.6632,0.001,0.5856,-1.054,"K05928: outcompeted at locus; below KOfam threshold by 72.4 (score=229.6, threshold=302.0, ratio=0.76) | K09833: outcompeted at locus; below KOfam threshold by 295.5 (score=6.0, threshold=301.5, ratio=0.02)",4,1,"Likely absent: confidence=0.159, posterior mean=0.228 below threshold=0.42. Credible interval [0.01, 0.66] mostly below threshold. Some genomic evidence exists but is insufficient. Note: 4 KO(s) flagged but within acceptable range."
M00115,"NAD biosynthesis, aspartate => quinolinate => NAD",0.957,0.889,"K00278,K00767,K00969,K01950,K03517","R00257,R00481,R03005,R03348,R04292",0.594,5,3.37,3.9,0.7596,0.028095,0.4186,0.3663,0.9835,0.4364,0.999,2.034,"K00969: outcompeted at locus; below KOfam threshold by 97.5 (score=22.5, threshold=120.0, ratio=0.19) | K01950: outcompeted at locus; below KOfam threshold by 479.0 (score=17.9, threshold=496.9, ratio=0.04)",4,2,"Dubious: confidence=0.957 but 2 KO(s) on best path score below 50% of their KOfam threshold. Credible interval [0.37, 0.98], HDI [0.44, 1.00]. Module detection may be based on weak or spurious HMM hits. DOWNGRADED due to: K00969: outcompeted at locus; below KOfam threshold by 97.5 (score=22.5, threshold=120.0, ratio=0.19) | K01950: outcompeted at locus; below KOfam threshold by 479.0 (score=17.9, threshold=496.9, ratio=0.04)"
M00116,"Menaquinone biosynthesis, chorismate (+ polyprenyl-PP) => menaquinol",0.997,0.894,"K01661,K01911,K02548,K02549,K02551,K02552,K03183,K08680,K19222","R01717,R04030,R04031,R07262,R07263,R08165,R08166,R09736,R10757",0.217,9,5.87,8.0,0.8273,0.013109,0.4186,0.5522,0.9816,0.6056,0.997,3.57,"K01911: below KOfam threshold by 137.5 (score=212.2, threshold=349.7, ratio=0.61) | K02548: outcompeted at locus; below KOfam threshold by 79.6 (score=124.6, threshold=204.2, ratio=0.61) | K02549: below KOfam threshold by 111.2 (score=110.3, threshold=221.5, ratio=0.50) | K02552: below KOfam threshold by 86.9 (score=280.4, threshold=367.3, ratio=0.76) | K03183: outcompeted at locus; below KOfam threshold by 108.4 (score=150.1, threshold=258.5, ratio=0.58) | K08680: outcompeted at locus; below KOfam threshold by 164.1 (score=75.0, threshold=239.1, ratio=0.31)",9,2,"Present: confidence=0.997 with 95% credible interval [0.55, 0.98] and HDI [0.61, 1.00] entirely above threshold=0.42. Posterior mean=0.827, effect size=3.57. Note: 9 KO(s) flagged but within acceptable range."
M00117,"Ubiquinone biosynthesis, prokaryotes, chorismate (+ polyprenyl-PP) => ubiquinol",0.92,0.612,"K00568,K03179,K03181,K03182,K03183,K03185,K03186,K06134,K18800","R01302,R04985,R05000,R08768,R08769,R09737,R12067,R12657,R12658",0.223,8,3.96,5.5,0.6491,0.023242,0.4186,0.3281,0.9065,0.3564,0.9249,1.512,"K00568: outcompeted at locus; below KOfam threshold by 248.7 (score=60.9, threshold=309.6, ratio=0.20) | K03183: outcompeted at locus; below KOfam threshold by 108.4 (score=150.1, threshold=258.5, ratio=0.58) | K03185: below KOfam threshold by 207.1 (score=213.8, threshold=420.9, ratio=0.51) | K18800: outcompeted at locus; below KOfam threshold by 378.2 (score=97.6, threshold=475.8, ratio=0.21)",7,2,"Likely present: confidence=0.920 and posterior mean=0.649 above threshold=0.42, but credible interval [0.33, 0.91] extends below threshold. HDI [0.36, 0.92], effect size=1.51. Note: 7 KO(s) flagged but within acceptable range."
M00118,"Glutathione biosynthesis, glutamate => glutathione",0.984,0.707,"K01920,K06048","R00497,R00894",0.339,2,1.23,2.0,0.9399,0.017662,0.4186,0.4968,1.0,0.9399,0.9399,3.922,"K06048: below KOfam threshold by 27.6 (score=73.6, threshold=101.2, ratio=0.73)",1,0,"Present: confidence=0.984 with 95% credible interval [0.50, 1.00] and HDI [0.94, 0.94] entirely above threshold=0.42. Posterior mean=0.940, effect size=3.92. Note: 1 KO(s) flagged but within acceptable range."
M00119,"Pantothenate biosynthesis, valine/L-aspartate => pantothenate",0.75,0.464,K01918,R02473,0.437,1,0.42,0.7,0.6752,0.104428,0.4186,0.0225,1.0,0.6752,0.6752,0.794,,0,0,"Uncertain: confidence=0.750 with credible interval [0.02, 1.00] straddling threshold=0.42. Posterior mean=0.675, HDI [0.68, 0.68]. Module may be present but evidence is inconclusive."
M00120,"Coenzyme A biosynthesis, pantothenate => CoA",0.999,0.999,"K00859,K00954,K03525,K13038","R00130,R03018,R03035,R03269,R04231",0.851,3,3.0,3.0,0.9865,0.003104,0.4186,0.8334,1.0,0.9865,0.9865,10.193,,0,0,"Present: confidence=0.999 with 95% credible interval [0.83, 1.00] and HDI [0.99, 0.99] entirely above threshold=0.42. Posterior mean=0.986, effect size=10.19."
M00121,"Heme biosynthesis, plants and bacteria, glutamate => heme",1.0,0.999,"K00228,K01599,K01698,K01719,K01749,K01772,K01845,K01885,K02492,K08973","R00036,R00084,R00310,R02272,R03165,R03197,R03220,R04109,R05578,R12605",0.649,10,8.66,9.7,0.9433,0.004458,0.4186,0.7573,0.9998,0.9433,0.9433,7.859,,0,0,"Present: confidence=1.000 with 95% credible interval [0.76, 1.00] and HDI [0.94, 0.94] entirely above threshold=0.42. Posterior mean=0.943, effect size=7.86."
M00122,"Cobalamin biosynthesis, cobyrinate a,c-diamide => cobalamin",0.603,0.241,K02233,R05223,0.483,1,0.21,0.6,0.541,0.118248,0.4186,0.0047,0.9987,0.541,0.541,0.356,,0,0,"Uncertain: confidence=0.603 with credible interval [0.00, 1.00] straddling threshold=0.42. Posterior mean=0.541, HDI [0.54, 0.54]. Module may be present but evidence is inconclusive."
M00123,"Biotin biosynthesis, pimeloyl-ACP/CoA => biotin",0.884,0.812,"K00652,K00833,K01012,K01935","R01078,R03182,R03210,R03231,R10124",0.256,3,2.06,2.3,0.718,0.047083,0.4186,0.2204,0.9921,0.718,0.718,1.38,"K00652: below KOfam threshold by 71.1 (score=393.2, threshold=464.3, ratio=0.85) | K00833: outcompeted at locus; below KOfam threshold by 283.6 (score=127.7, threshold=411.3, ratio=0.31) | K01935: outcompeted at locus; below KOfam threshold by 89.3 (score=33.6, threshold=122.9, ratio=0.27)",5,2,"Uncertain: confidence=0.884 with credible interval [0.22, 0.99] straddling threshold=0.42. Posterior mean=0.718, HDI [0.72, 0.72]. Module may be present but evidence is inconclusive. Note: 5 KO(s) flagged but within acceptable range."
M00124,"Pyridoxal-P biosynthesis, erythrose-4P => pyridoxal-P",0.828,0.505,"K00097,K00275,K00831,K03472,K03473,K03474","R00278,R01825,R04210,R05085,R05681,R05838",0.164,6,2.73,3.8,0.5987,0.031612,0.4186,0.2371,0.9046,0.2613,0.9219,1.013,"K00097: below KOfam threshold by 81.8 (score=336.4, threshold=418.2, ratio=0.80) | K03472: outcompeted at locus; below KOfam threshold by 159.1 (score=329.5, threshold=488.6, ratio=0.67) | K03474: outcompeted at locus; below KOfam threshold by 99.6 (score=15.1, threshold=114.7, ratio=0.13)",5,1,"Uncertain: confidence=0.828 with credible interval [0.24, 0.90] straddling threshold=0.42. Posterior mean=0.599, HDI [0.26, 0.92]. Module may be present but evidence is inconclusive. Note: 5 KO(s) flagged but within acceptable range."
M00125,"Riboflavin biosynthesis, plants and bacteria, GTP => riboflavin/FMN/FAD",0.973,0.973,"K00793,K00794,K11753","R00066,R00161,R00549,R04457",0.455,1,1.0,1.0,0.9505,0.022422,0.4186,0.3952,1.0,0.9505,0.9505,3.552,,0,0,"Likely present (prior-driven): confidence=0.973 but based on only 1 step(s) with wide credible interval [0.40, 1.00] (width=0.60). HDI [0.95, 0.95]. High confidence may be due to prior (frequency and/or genomic evidence) instead of influence."
M00126,"Tetrahydrofolate biosynthesis, GTP => THF",0.99,0.896,"K00287,K00796,K00950,K01077,K01495,K01633,K11754","R00428,R00936,R00939,R02237,R03066,R03067,R03503,R03504,R04620,R04639,R05046,R05048",0.732,5,3.34,4.4,0.8608,0.018438,0.4186,0.5036,0.9984,0.8608,0.8608,3.256,"K01077: outcompeted at locus; below KOfam threshold by 65.1 (score=10.3, threshold=75.4, ratio=0.14) | K01633: below KOfam threshold by 29.5 (score=66.4, threshold=95.9, ratio=0.69) | K11754: below KOfam threshold by 20.2 (score=349.9, threshold=370.1, ratio=0.95)",4,1,"Present: confidence=0.990 with 95% credible interval [0.50, 1.00] and HDI [0.86, 0.86] entirely above threshold=0.42. Posterior mean=0.861, effect size=3.26. Note: 4 KO(s) flagged but within acceptable range."
M00127,"Thiamine biosynthesis, prokaryotes, AIR (+ DXP/tyrosine) => TMP/TPP",0.852,0.543,"K00788,K00941,K00946,K03147","R00617,R03472,R04509,R10712",0.057,1,0.53,0.9,0.7846,0.080473,0.4186,0.0642,1.0,0.7846,0.7846,1.29,"K00941: outcompeted at locus; below KOfam threshold by 318.2 (score=11.4, threshold=329.6, ratio=0.03)",2,1,"Uncertain: confidence=0.852 with credible interval [0.06, 1.00] straddling threshold=0.42. Posterior mean=0.785, HDI [0.78, 0.78]. Module may be present but evidence is inconclusive. Note: 2 KO(s) flagged but within acceptable range."
M00133,"Polyamine biosynthesis, arginine => agmatine => putrescine => spermidine",0.962,0.962,K00797,R01920,0.255,1,1.0,1.0,0.9322,0.030083,0.4186,0.3006,1.0,0.9322,0.9322,2.961,,0,0,"Likely present (prior-driven): confidence=0.962 but based on only 1 step(s) with wide credible interval [0.30, 1.00] (width=0.70). HDI [0.93, 0.93]. High confidence may be due to prior (frequency and/or genomic evidence) instead of influence."
M00134,"Polyamine biosynthesis, arginine => ornithine => putrescine",0.036,0.03,"K01476,K01581","R00551,R00670",0.05,2,0.1,0.1,0.0577,0.016985,0.4186,0.0,0.4935,0.0577,0.0577,-2.769,"K01476: outcompeted at locus; below KOfam threshold by 60.8 (score=128.8, threshold=189.6, ratio=0.68) | K01581: outcompeted at locus; below KOfam threshold by 87.2 (score=134.8, threshold=222.0, ratio=0.61)",4,0,"Absent: confidence=0.036, posterior mean=0.058. Credible interval [0.00, 0.49] and HDI [0.06, 0.06] well below threshold=0.42. No meaningful genomic evidence. Note: 4 KO(s) flagged but within acceptable range."
M00135,"GABA biosynthesis, eukaryotes, putrescine => GABA",0.043,0.033,"K00128,K00274,K00657","R01154,R04025,R05050",0.006,3,0.24,0.3,0.0878,0.018618,0.4186,0.0,0.4999,0.0878,0.0878,-2.425,"K00128: outcompeted at locus; below KOfam threshold by 216.7 (score=358.0, threshold=574.7, ratio=0.62) | K00274: outcompeted at locus; below KOfam threshold by 181.7 (score=103.0, threshold=284.7, ratio=0.36) | K00657: outcompeted at locus; below KOfam threshold by 55.2 (score=27.8, threshold=83.0, ratio=0.34)",6,2,"Absent: confidence=0.043, posterior mean=0.088. Credible interval [0.00, 0.50] and HDI [0.09, 0.09] well below threshold=0.42. No meaningful genomic evidence. Note: 6 KO(s) flagged but within acceptable range."
M00136,"GABA biosynthesis, prokaryotes, putrescine => GABA",0.028,0.021,"K09470,K09471,K09472,K09473","R07414,R07415,R07417,R07418,R07419",0.031,4,0.29,0.4,0.0841,0.014271,0.4186,0.0,0.4347,0.0841,0.0841,-2.8,"K09470: outcompeted at locus; below KOfam threshold by 354.9 (score=203.5, threshold=558.4, ratio=0.36) | K09471: outcompeted at locus; below KOfam threshold by 332.6 (score=48.4, threshold=381.0, ratio=0.13) | K09472: outcompeted at locus; below KOfam threshold by 480.2 (score=179.3, threshold=659.5, ratio=0.27) | K09473: outcompeted at locus; below KOfam threshold by 273.5 (score=26.3, threshold=299.8, ratio=0.09)",8,4,"Absent: confidence=0.028, posterior mean=0.084. Credible interval [0.00, 0.43] and HDI [0.08, 0.08] well below threshold=0.42. No meaningful genomic evidence. Note: 8 KO(s) flagged but within acceptable range."
M00140,"C1-unit interconversion, prokaryotes",0.855,0.827,"K00600,K01491,K01938","R00943,R00945,R01220,R01655",0.128,3,2.14,2.2,0.6863,0.05007,0.4186,0.1918,0.9873,0.2613,0.999,1.196,"K01491: below KOfam threshold by 25.9 (score=377.8, threshold=403.7, ratio=0.94)",1,0,"Uncertain: confidence=0.855 with credible interval [0.19, 0.99] straddling threshold=0.42. Posterior mean=0.686, HDI [0.26, 1.00]. Module may be present but evidence is inconclusive. Note: 1 KO(s) flagged but within acceptable range."
M00144,"NADH:quinone oxidoreductase, prokaryotes",0.013,0.009,"K00330,K00331,K00334,K00335,K00336,K00337,K00338,K00339,K00340,K00341,K00342,K00343,K13378",,0.119,1,0.0,0.0,0.0154,0.007215,0.4186,0.0,0.2007,0.0154,0.0154,-4.747,"K00330: outcompeted at locus | K00334: outcompeted at locus; below KOfam threshold by 130.0 (score=20.4, threshold=150.4, ratio=0.14) | K00335: outcompeted at locus; below KOfam threshold by 598.4 (score=18.3, threshold=616.7, ratio=0.03) | K00336: outcompeted at locus; below KOfam threshold by 672.1 (score=18.7, threshold=690.8, ratio=0.03) | K00337: outcompeted at locus; below KOfam threshold by 415.9 (score=21.5, threshold=437.4, ratio=0.05) | K00338: outcompeted at locus; below KOfam threshold by 116.7 (score=32.8, threshold=149.5, ratio=0.22) | K00339: outcompeted at locus | K00340: outcompeted at locus | K00342: outcompeted at locus; below KOfam threshold by 12.4 (score=532.0, threshold=544.4, ratio=0.98) | K00343: outcompeted at locus | K13378: outcompeted at locus; below KOfam threshold by 88.3 (score=495.3, threshold=583.6, ratio=0.85)",18,5,"Absent: confidence=0.013, posterior mean=0.015. Credible interval [0.00, 0.20] and HDI [0.02, 0.02] well below threshold=0.42. No meaningful genomic evidence. Note: 18 KO(s) flagged but within acceptable range."
M00145,"NAD(P)H:quinone oxidoreductase, chloroplasts and cyanobacteria",0.413,0.0,"K05572,K05573,K05574,K05575,K05576,K05577,K05578,K05579,K05580,K05581,K05582",,0.006,1,0.0,0.4,0.3811,0.112317,0.4186,0.0003,0.9877,0.3811,0.3811,-0.112,"K05572: outcompeted at locus; below KOfam threshold by 490.5 (score=12.3, threshold=502.8, ratio=0.02) | K05577: outcompeted at locus | K05580: outcompeted at locus; below KOfam threshold by 131.6 (score=27.9, threshold=159.5, ratio=0.17) | K05581: below KOfam threshold by 19.3 (score=203.2, threshold=222.5, ratio=0.91)",6,2,"Uncertain: confidence=0.413 with credible interval [0.00, 0.99] straddling threshold=0.42. Posterior mean=0.381, HDI [0.38, 0.38]. Module may be present but evidence is inconclusive. Note: 6 KO(s) flagged but within acceptable range."
M00149,"Succinate dehydrogenase, prokaryotes",0.036,0.027,"K00239,K00240,K00241,K00242",,0.333,1,0.0,0.0,0.0412,0.018833,0.4186,0.0,0.5443,0.0412,0.0412,-2.75,"K00239: outcompeted at locus; below KOfam threshold by 227.6 (score=392.6, threshold=620.2, ratio=0.63) | K00240: outcompeted at locus; below KOfam threshold by 126.4 (score=19.9, threshold=146.3, ratio=0.14)",4,1,"Absent: confidence=0.036, posterior mean=0.041. Credible interval [0.00, 0.54] and HDI [0.04, 0.04] well below threshold=0.42. No meaningful genomic evidence. Note: 4 KO(s) flagged but within acceptable range."
M00150,"Fumarate reductase, prokaryotes",0.008,0.008,"K00244,K00245,K00246,K00247",,0.106,1,0.0,0.0,0.0097,0.004578,0.4186,0.0,0.082,0.0097,0.0097,-6.043,"K00244: outcompeted at locus; below KOfam threshold by 340.0 (score=355.5, threshold=695.5, ratio=0.51) | K00245: outcompeted at locus; below KOfam threshold by 285.3 (score=9.5, threshold=294.8, ratio=0.03) | K00246: outcompeted at locus; below KOfam threshold by 35.5 (score=3.4, threshold=38.9, ratio=0.09)",6,2,"Absent: confidence=0.008, posterior mean=0.010. Credible interval [0.00, 0.08] and HDI [0.01, 0.01] well below threshold=0.42. No meaningful genomic evidence. Note: 6 KO(s) flagged but within acceptable range."
M00151,Cytochrome bc1 complex respiratory unit,0.041,0.036,"K00410,K00411",,0.446,1,0.0,0.0,0.0466,0.021178,0.4186,0.0,0.5854,0.0466,0.0466,-2.556,"K00410: outcompeted at locus; below KOfam threshold by 487.0 (score=213.3, threshold=700.3, ratio=0.30)",2,1,"Absent: confidence=0.041, posterior mean=0.047. Credible interval [0.00, 0.59] and HDI [0.05, 0.05] well below threshold=0.42. No meaningful genomic evidence. Note: 2 KO(s) flagged but within acceptable range."
M00153,Cytochrome bd ubiquinol oxidase,0.042,0.02,"K00424,K00425,K00426",,0.209,1,0.0,0.0,0.0475,0.021544,0.4186,0.0,0.5912,0.0475,0.0475,-2.528,"K00424: outcompeted at locus; below KOfam threshold by 22.5 (score=11.6, threshold=34.1, ratio=0.34) | K00426: outcompeted at locus; below KOfam threshold by 19.1 (score=16.6, threshold=35.7, ratio=0.46)",4,2,"Absent: confidence=0.042, posterior mean=0.047. Credible interval [0.00, 0.59] and HDI [0.05, 0.05] well below threshold=0.42. No meaningful genomic evidence. Note: 4 KO(s) flagged but within acceptable range."
M00155,"Cytochrome c oxidase, prokaryotes",0.499,0.097,"K02274,K02275,K02276",,0.284,1,0.09,0.5,0.4525,0.117975,0.4186,0.0012,0.9949,0.4525,0.4525,0.099,,0,0,"Uncertain: confidence=0.499 with credible interval [0.00, 0.99] straddling threshold=0.42. Posterior mean=0.453, HDI [0.45, 0.45]. Module may be present but evidence is inconclusive."
M00156,"Cytochrome c oxidase, cbb3-type",0.021,0.017,"K00404,K00405,K00406,K00407",,0.209,1,0.0,0.0,0.0238,0.011081,0.4186,0.0,0.3496,0.0238,0.0238,-3.75,"K00404: outcompeted at locus; below KOfam threshold by 595.2 (score=75.0, threshold=670.2, ratio=0.11) | K00406: outcompeted at locus; below KOfam threshold by 51.6 (score=44.2, threshold=95.8, ratio=0.46) | K00407: outcompeted at locus; below KOfam threshold by 7.0 (score=14.7, threshold=21.7, ratio=0.68)",6,2,"Absent: confidence=0.021, posterior mean=0.024. Credible interval [0.00, 0.35] and HDI [0.02, 0.02] well below threshold=0.42. No meaningful genomic evidence. Note: 6 KO(s) flagged but within acceptable range."
M00157,"F-type ATPase, prokaryotes and chloroplasts",0.038,0.038,"K02108,K02109,K02110,K02111,K02112,K02113,K02114,K02115",,0.387,1,0.01,0.0,0.0436,0.019838,0.4186,0.0,0.5627,0.0436,0.0436,-2.663,"K02112: outcompeted at locus; below KOfam threshold by 393.2 (score=114.3, threshold=507.5, ratio=0.23)",2,1,"Absent: confidence=0.038, posterior mean=0.044. Credible interval [0.00, 0.56] and HDI [0.04, 0.04] well below threshold=0.42. No meaningful genomic evidence. Note: 2 KO(s) flagged but within acceptable range."
M00159,"V/A-type ATPase, prokaryotes",0.001,0.001,"K02107,K02117,K02118,K02119,K02120,K02121,K02122,K02123,K02124",,0.009,1,0.0,0.0,0.0008,0.000378,0.4186,0.0,0.0,0.0008,0.0008,-21.481,"K02107: outcompeted at locus; below KOfam threshold by 13.6 (score=28.8, threshold=42.4, ratio=0.68) | K02117: outcompeted at locus; below KOfam threshold by 741.6 (score=73.9, threshold=815.5, ratio=0.09) | K02118: outcompeted at locus; below KOfam threshold by 524.2 (score=173.0, threshold=697.2, ratio=0.25) | K02121: outcompeted at locus; below KOfam threshold by 66.5 (score=25.7, threshold=92.2, ratio=0.28) | K02123: outcompeted at locus; below KOfam threshold by 300.4 (score=10.2, threshold=310.6, ratio=0.03) | K02124: outcompeted at locus; below KOfam threshold by 30.5 (score=45.2, threshold=75.7, ratio=0.60)",12,4,"Absent: confidence=0.001, posterior mean=0.001. Credible interval [0.00, 0.00] and HDI [0.00, 0.00] well below threshold=0.42. No meaningful genomic evidence. Note: 12 KO(s) flagged but within acceptable range."
M00161,Photosystem II,0.858,0.0,"K02703,K02704,K02705,K02706,K02707,K02708",,0.005,1,0.0,0.9,0.7916,0.07856,0.4186,0.0685,1.0,0.7916,0.7916,1.331,"K02707: outcompeted at locus; below KOfam threshold by 88.4 (score=12.3, threshold=100.7, ratio=0.12)",2,1,"Uncertain: confidence=0.858 with credible interval [0.07, 1.00] straddling threshold=0.42. Posterior mean=0.792, HDI [0.79, 0.79]. Module may be present but evidence is inconclusive. Note: 2 KO(s) flagged but within acceptable range."
M00162,Cytochrome b6f complex,0.248,0.0,"K02634,K02635,K02636,K02637,K02640,K02642,K02643,K03689",,0.0,1,0.0,0.3,0.2432,0.087646,0.4186,0.0,0.9504,0.2432,0.2432,-0.592,"K02636: outcompeted at locus; below KOfam threshold by 89.5 (score=24.4, threshold=113.9, ratio=0.21)",2,1,"Likely absent: confidence=0.248, posterior mean=0.243 below threshold=0.42. Credible interval [0.00, 0.95] mostly below threshold. Some genomic evidence exists but is insufficient. Note: 2 KO(s) flagged but within acceptable range."
M00163,Photosystem I,0.948,0.948,"K02689,K02690,K02691,K02692,K02693,K02694",,0.006,1,1.0,1.0,0.9097,0.03913,0.4186,0.2252,1.0,0.9097,0.9097,2.482,,0,0,"Likely present (prior-driven): confidence=0.948 but based on only 1 step(s) with wide credible interval [0.23, 1.00] (width=0.77). HDI [0.91, 0.91]. High confidence may be due to prior (frequency and/or genomic evidence) instead of influence."
M00165,Reductive pentose phosphate cycle (Calvin cycle),1.0,1.0,"K00615,K00855,K00927,K01601,K01624,K01783,K01803,K01807,K05298,K11532","R00024,R00762,R01015,R01056,R01061,R01063,R01067,R01068,R01512,R01523,R01529,R01641,R01829,R01845",0.189,11,10.69,11.0,0.9241,0.005357,0.4186,0.7294,0.9984,0.9241,0.9241,6.906,"K00615: outcompeted at locus | K05298: outcompeted at locus; below KOfam threshold by 344.3 (score=301.8, threshold=646.1, ratio=0.47) | K11532: below KOfam threshold by 46.3 (score=432.5, threshold=478.8, ratio=0.90)",4,1,"Present: confidence=1.000 with 95% credible interval [0.73, 1.00] and HDI [0.92, 0.92] entirely above threshold=0.42. Posterior mean=0.924, effect size=6.91. Note: 4 KO(s) flagged but within acceptable range."
M00168,"CAM (Crassulacean acid metabolism), dark",0.841,0.622,"K00025,K01595","R00342,R00345",0.192,2,1.12,1.5,0.7128,0.063972,0.4186,0.1356,0.9982,0.7128,0.7128,1.163,,0,0,"Uncertain: confidence=0.841 with credible interval [0.14, 1.00] straddling threshold=0.42. Posterior mean=0.713, HDI [0.71, 0.71]. Module may be present but evidence is inconclusive."
M00169,"CAM (Crassulacean acid metabolism), light",0.082,0.043,"K00029,K01006","R00206,R00216",0.131,2,0.12,0.2,0.1137,0.031489,0.4186,0.0,0.6514,0.1137,0.1137,-1.718,"K01006: outcompeted at locus; below KOfam threshold by 359.8 (score=9.5, threshold=369.3, ratio=0.03)",2,1,"Likely absent: confidence=0.082, posterior mean=0.114 below threshold=0.42. Credible interval [0.00, 0.65] mostly below threshold. Some genomic evidence exists but is insufficient. Note: 2 KO(s) flagged but within acceptable range."
M00173,Reductive citrate cycle (Arnon-Buchanan cycle),0.426,0.279,"K00024,K00031,K00174,K00175,K00239,K00240,K01007,K01595,K01679,K01682,K01902,K01903,K03737,K15230,K15231","R00199,R00267,R00342,R00345,R00352,R00405,R01082,R01196,R01197,R01325,R01900,R02164,R10866",0.009,10,3.74,4.4,0.3969,0.019947,0.4186,0.1443,0.6848,0.1331,0.6697,-0.154,"K00024: outcompeted at locus; below KOfam threshold by 326.4 (score=31.1, threshold=357.5, ratio=0.09) | K00031: outcompeted at locus | K00174: outcompeted at locus; below KOfam threshold by 230.8 (score=31.4, threshold=262.2, ratio=0.12) | K00239: outcompeted at locus; below KOfam threshold by 227.6 (score=392.6, threshold=620.2, ratio=0.63) | K00240: outcompeted at locus; below KOfam threshold by 126.4 (score=19.9, threshold=146.3, ratio=0.14) | K01007: below KOfam threshold by 380.0 (score=16.5, threshold=396.5, ratio=0.04) | K01903: outcompeted at locus; below KOfam threshold by 476.3 (score=26.3, threshold=502.6, ratio=0.05) | K03737: outcompeted at locus; below KOfam threshold by 496.3 (score=13.9, threshold=510.2, ratio=0.03)",14,6,"Uncertain: confidence=0.426 with credible interval [0.14, 0.68] straddling threshold=0.42. Posterior mean=0.397, HDI [0.13, 0.67]. Module may be present but evidence is inconclusive. Note: 14 KO(s) flagged but within acceptable range."
M00174,"Methane oxidation, methanotroph, methane => formaldehyde",0.001,0.001,"K10944,K10945,K10946,K23995","R01146,R09518",0.003,2,0.0,0.0,0.0012,0.000373,0.4186,0.0,0.0,0.0012,0.0012,-21.62,,0,0,"Absent: confidence=0.001, posterior mean=0.001. Credible interval [0.00, 0.00] and HDI [0.00, 0.00] well below threshold=0.42. No meaningful genomic evidence."
M00175,"Nitrogen fixation, nitrogen => ammonia",0.004,0.004,"K02586,K02588,K02591",R05185,0.053,1,0.0,0.0,0.0049,0.002301,0.4186,0.0,0.0076,0.0049,0.0049,-8.625,"K02586: outcompeted at locus; below KOfam threshold by 454.2 (score=95.8, threshold=550.0, ratio=0.17) | K02588: outcompeted at locus; below KOfam threshold by 92.4 (score=274.9, threshold=367.3, ratio=0.75) | K02591: outcompeted at locus; below KOfam threshold by 325.9 (score=115.8, threshold=441.7, ratio=0.26)",6,2,"Absent: confidence=0.004, posterior mean=0.005. Credible interval [0.00, 0.01] and HDI [0.00, 0.00] well below threshold=0.42. No meaningful genomic evidence. Note: 6 KO(s) flagged but within acceptable range."
M00176,"Assimilatory sulfate reduction, sulfate => H2S",0.923,0.867,"K00390,K00392,K00860,K00958","R00509,R00529,R00859,R02021",0.155,3,2.26,2.5,0.7681,0.041421,0.4186,0.2719,0.997,0.7681,0.7681,1.717,,0,0,"Likely present: confidence=0.923 and posterior mean=0.768 above threshold=0.42, but credible interval [0.27, 1.00] extends below threshold. HDI [0.77, 0.77], effect size=1.72."
M00307,"Pyruvate oxidation, pyruvate => acetyl-CoA",0.833,0.577,"K00161,K00162,K00382,K00627","R00014,R00209,R02569,R03270,R07618",0.574,1,0.51,0.8,0.762,0.086359,0.4186,0.0521,1.0,0.762,0.762,1.169,"K00627: outcompeted at locus; below KOfam threshold by 472.1 (score=14.2, threshold=486.3, ratio=0.03)",2,1,"Uncertain: confidence=0.833 with credible interval [0.05, 1.00] straddling threshold=0.42. Posterior mean=0.762, HDI [0.76, 0.76]. Module may be present but evidence is inconclusive. Note: 2 KO(s) flagged but within acceptable range."
M00308,"Semi-phosphorylative Entner-Doudoroff pathway, gluconate => glycerate-3P",0.649,0.547,"K00134,K00874,K00927,K01625,K05308","R01061,R01512,R01538,R01541,R05605",0.344,4,1.87,2.1,0.5122,0.046269,0.4186,0.1135,0.9007,0.1181,0.9039,0.435,"K00134: outcompeted at locus; below KOfam threshold by 26.0 (score=387.4, threshold=413.4, ratio=0.94) | K00874: outcompeted at locus; below KOfam threshold by 206.1 (score=40.9, threshold=247.0, ratio=0.17) | K01625: below KOfam threshold by 151.6 (score=36.8, threshold=188.4, ratio=0.20) | K05308: outcompeted at locus; below KOfam threshold by 390.8 (score=24.8, threshold=415.6, ratio=0.06)",7,3,"Uncertain: confidence=0.649 with credible interval [0.11, 0.90] straddling threshold=0.42. Posterior mean=0.512, HDI [0.12, 0.90]. Module may be present but evidence is inconclusive. Note: 7 KO(s) flagged but within acceptable range."
M00309,,0.0,0.0,"K03738,K05308,K18127","R01538,R03033,R08570,R08571,R10616",0.001,3,0.0,0.0,0.001,0.000227,0.4186,0.0,0.0001,0.001,0.001,-27.723,"K03738: outcompeted at locus; below KOfam threshold by 239.1 (score=69.5, threshold=308.6, ratio=0.23) | K05308: outcompeted at locus; below KOfam threshold by 390.8 (score=24.8, threshold=415.6, ratio=0.06) | K18127: outcompeted at locus; below KOfam threshold by 170.3 (score=137.7, threshold=308.0, ratio=0.45)",6,3,"Absent: confidence=0.000, posterior mean=0.001. Credible interval [0.00, 0.00] and HDI [0.00, 0.00] well below threshold=0.42. No meaningful genomic evidence. Note: 6 KO(s) flagged but within acceptable range."
M00338,"Cysteine biosynthesis, homocysteine + serine => cysteine",0.884,0.66,"K01697,K01758","R01001,R01290",0.064,2,1.21,1.7,0.762,0.056666,0.4186,0.1774,0.9995,0.762,0.762,1.443,"K01697: below KOfam threshold by 64.2 (score=391.7, threshold=455.9, ratio=0.86) | K01758: outcompeted at locus; below KOfam threshold by 261.8 (score=338.9, threshold=600.7, ratio=0.56)",3,0,"Uncertain: confidence=0.884 with credible interval [0.18, 1.00] straddling threshold=0.42. Posterior mean=0.762, HDI [0.76, 0.76]. Module may be present but evidence is inconclusive. Note: 3 KO(s) flagged but within acceptable range."
M00345,"Formaldehyde assimilation, ribulose monophosphate pathway",0.592,0.408,"K00850,K01624,K08093,K08094","R00756,R01068,R05338,R05339",0.047,3,1.23,1.6,0.4897,0.058115,0.4186,0.0666,0.9237,0.0621,0.9169,0.295,"K08093: outcompeted at locus; below KOfam threshold by 132.8 (score=39.1, threshold=171.9, ratio=0.23) | K08094: outcompeted at locus; below KOfam threshold by 87.3 (score=13.3, threshold=100.6, ratio=0.13)",4,2,"Uncertain: confidence=0.592 with credible interval [0.07, 0.92] straddling threshold=0.42. Posterior mean=0.490, HDI [0.06, 0.92]. Module may be present but evidence is inconclusive. Note: 4 KO(s) flagged but within acceptable range."
M00346,"Formaldehyde assimilation, serine pathway",0.38,0.254,"K00018,K00024,K00600,K00830,K01595,K01689,K08691,K08692,K11529,K14067","R00342,R00345,R00473,R00588,R00658,R00945,R01256,R01388,R08572",0.015,9,3.22,3.7,0.3783,0.021577,0.4186,0.1214,0.6815,0.1071,0.6617,-0.274,"K00018: outcompeted at locus; below KOfam threshold by 298.1 (score=21.1, threshold=319.2, ratio=0.07) | K00024: outcompeted at locus; below KOfam threshold by 326.4 (score=31.1, threshold=357.5, ratio=0.09) | K00830: outcompeted at locus; below KOfam threshold by 361.7 (score=50.7, threshold=412.4, ratio=0.12)",6,3,"Uncertain: confidence=0.380 with credible interval [0.12, 0.68] straddling threshold=0.42. Posterior mean=0.378, HDI [0.11, 0.66]. Module may be present but evidence is inconclusive. Note: 6 KO(s) flagged but within acceptable range."
M00356,,0.0,0.0,"K00399,K00401,K00402,K03388,K03389,K03390,K04480,K14080,K14081","R04541,R09098,R11928,R11931,R11943,R11944",0.001,3,0.0,0.0,0.0001,2.2e-05,0.4186,0.0,0.0,0.0001,0.0001,-90.235,"K03388: outcompeted at locus; below KOfam threshold by 557.4 (score=29.2, threshold=586.6, ratio=0.05) | K03389: outcompeted at locus; below KOfam threshold by 305.3 (score=15.4, threshold=320.7, ratio=0.05) | K03390: outcompeted at locus; below KOfam threshold by 88.0 (score=22.7, threshold=110.7, ratio=0.21) | K14081: outcompeted at locus; below KOfam threshold by 172.9 (score=130.5, threshold=303.4, ratio=0.43)",8,4,"Absent: confidence=0.000, posterior mean=0.000. Credible interval [0.00, 0.00] and HDI [0.00, 0.00] well below threshold=0.42. No meaningful genomic evidence. Note: 8 KO(s) flagged but within acceptable range."
M00357,,0.014,0.012,"K00193,K00194,K00197,K00399,K00401,K00402,K00577,K00578,K00579,K00580,K00581,K00584,K01895,K03388,K03389,K03390","R00235,R04347,R04541,R09096,R11928,R11931,R11943,R11944",0.001,5,0.34,0.4,0.0663,0.009526,0.4186,0.0,0.3543,0.0663,0.0663,-3.609,"K00193: outcompeted at locus; below KOfam threshold by 597.5 (score=10.4, threshold=607.9, ratio=0.02) | K00577: below KOfam threshold by 108.8 (score=17.6, threshold=126.4, ratio=0.14) | K01895: outcompeted at locus; below KOfam threshold by 744.5 (score=10.1, threshold=754.6, ratio=0.01) | K03388: outcompeted at locus; below KOfam threshold by 557.4 (score=29.2, threshold=586.6, ratio=0.05) | K03389: outcompeted at locus; below KOfam threshold by 305.3 (score=15.4, threshold=320.7, ratio=0.05) | K03390: outcompeted at locus; below KOfam threshold by 88.0 (score=22.7, threshold=110.7, ratio=0.21)",11,6,"Absent: confidence=0.014, posterior mean=0.066. Credible interval [0.00, 0.35] and HDI [0.07, 0.07] well below threshold=0.42. No meaningful genomic evidence. Note: 11 KO(s) flagged but within acceptable range."
M00358,Coenzyme M biosynthesis,0.163,0.163,"K05884,K05979,K06034,K08097,K13039","R05774,R05789,R07136,R07476",0.012,4,1.01,1.0,0.2312,0.03292,0.4186,0.008,0.6668,0.001,0.5896,-1.033,,0,0,"Likely absent: confidence=0.163, posterior mean=0.231 below threshold=0.42. Credible interval [0.01, 0.67] mostly below threshold. Some genomic evidence exists but is insufficient."
M00363,"EHEC pathogenicity signature, Shiga toxin",0.0,0.0,"K11006,K11007",,0.001,2,0.0,0.0,0.0001,3.1e-05,0.4186,0.0,0.0,0.0001,0.0001,-75.107,,0,0,"Absent: confidence=0.000, posterior mean=0.000. Credible interval [0.00, 0.00] and HDI [0.00, 0.00] well below threshold=0.42. No meaningful genomic evidence."
M00364,"C10-C20 isoprenoid biosynthesis, bacteria",0.358,0.191,"K00795,K01823","R01123,R01658,R02003",0.17,2,0.44,0.7,0.3411,0.070232,0.4186,0.0049,0.9007,0.3411,0.3411,-0.293,"K00795: outcompeted at locus; below KOfam threshold by 236.0 (score=160.9, threshold=396.9, ratio=0.41)",2,1,"Uncertain: confidence=0.358 with credible interval [0.00, 0.90] straddling threshold=0.42. Posterior mean=0.341, HDI [0.34, 0.34]. Module may be present but evidence is inconclusive. Note: 2 KO(s) flagged but within acceptable range."
M00365,"C10-C20 isoprenoid biosynthesis, archaea",0.156,0.044,"K01823,K13787","R01123,R01658,R02003,R02061",0.063,2,0.14,0.4,0.1858,0.047274,0.4186,0.0001,0.7658,0.1858,0.1858,-1.071,"K13787: outcompeted at locus; below KOfam threshold by 118.9 (score=183.0, threshold=301.9, ratio=0.61)",2,0,"Likely absent: confidence=0.156, posterior mean=0.186 below threshold=0.42. Credible interval [0.00, 0.77] mostly below threshold. Some genomic evidence exists but is insufficient. Note: 2 KO(s) flagged but within acceptable range."
M00373,Ethylmalonyl pathway,0.002,0.002,"K01847,K01965,K01966,K05606","R00833,R01859,R02765,R09979",0.023,1,0.0,0.0,0.0023,0.001075,0.4186,0.0,0.0,0.0023,0.0023,-12.697,"K01847: outcompeted at locus; below KOfam threshold by 659.0 (score=11.0, threshold=670.0, ratio=0.02) | K01965: outcompeted at locus; below KOfam threshold by 160.7 (score=716.5, threshold=877.2, ratio=0.82) | K01966: outcompeted at locus; below KOfam threshold by 852.0 (score=22.3, threshold=874.3, ratio=0.03) | K05606: outcompeted at locus; below KOfam threshold by 22.9 (score=49.6, threshold=72.5, ratio=0.68)",8,2,"Absent: confidence=0.002, posterior mean=0.002. Credible interval [0.00, 0.00] and HDI [0.00, 0.00] well below threshold=0.42. No meaningful genomic evidence. Note: 8 KO(s) flagged but within acceptable range."
M00374,,0.037,0.021,"K00024,K00169,K00170,K00171,K00172,K00239,K00240,K00626,K01007,K01595,K01677,K01678,K01902,K01903,K14465,K14467,K14534,K15016,K15017","R00199,R00238,R00342,R00345,R00405,R01082,R01196,R01975,R02164,R03026,R09279,R09280,R09281,R10782",0.001,13,2.57,3.0,0.2076,0.010751,0.4186,0.0481,0.4435,0.031,0.4094,-2.035,"K00024: outcompeted at locus; below KOfam threshold by 326.4 (score=31.1, threshold=357.5, ratio=0.09) | K00169: outcompeted at locus; below KOfam threshold by 273.1 (score=26.5, threshold=299.6, ratio=0.09) | K00171: outcompeted at locus; below KOfam threshold by 71.5 (score=26.9, threshold=98.4, ratio=0.27) | K00172: outcompeted at locus; below KOfam threshold by 124.9 (score=26.1, threshold=151.0, ratio=0.17) | K00239: outcompeted at locus; below KOfam threshold by 227.6 (score=392.6, threshold=620.2, ratio=0.63) | K00240: outcompeted at locus; below KOfam threshold by 126.4 (score=19.9, threshold=146.3, ratio=0.14) | K00626: outcompeted at locus; below KOfam threshold by 327.2 (score=42.7, threshold=369.9, ratio=0.12) | K01007: below KOfam threshold by 380.0 (score=16.5, threshold=396.5, ratio=0.04) | K01903: outcompeted at locus; below KOfam threshold by 476.3 (score=26.3, threshold=502.6, ratio=0.05) | K14465: outcompeted at locus; below KOfam threshold by 223.9 (score=231.7, threshold=455.6, ratio=0.51) | K14467: outcompeted at locus; below KOfam threshold by 1029.2 (score=12.3, threshold=1041.5, ratio=0.01) | K15016: outcompeted at locus; below KOfam threshold by 285.1 (score=157.9, threshold=443.0, ratio=0.36) | K15017: outcompeted at locus; below KOfam threshold by 646.0 (score=50.2, threshold=696.2, ratio=0.07)",25,11,"Absent: confidence=0.037, posterior mean=0.208. Credible interval [0.05, 0.44] and HDI [0.03, 0.41] well below threshold=0.42. No meaningful genomic evidence. Note: 25 KO(s) flagged but within acceptable range."
M00375,,0.002,0.0,"K00626,K01848,K01849,K01961,K01962,K02160,K05606,K14465,K14466,K14534,K15016,K15017,K15018,K15019,K15020,K15039","R00238,R00740,R00742,R00833,R00919,R01859,R01975,R02765,R03026,R03045,R09279,R09280,R09281,R09286,R09289,R10782",0.001,14,0.49,1.6,0.1058,0.005767,0.4186,0.0098,0.2947,0.001,0.2533,-4.119,"K00626: outcompeted at locus; below KOfam threshold by 327.2 (score=42.7, threshold=369.9, ratio=0.12) | K01849: outcompeted at locus; below KOfam threshold by 137.9 (score=39.5, threshold=177.4, ratio=0.22) | K05606: outcompeted at locus; below KOfam threshold by 22.9 (score=49.6, threshold=72.5, ratio=0.68) | K14465: outcompeted at locus; below KOfam threshold by 223.9 (score=231.7, threshold=455.6, ratio=0.51) | K15016: outcompeted at locus; below KOfam threshold by 285.1 (score=157.9, threshold=443.0, ratio=0.36) | K15017: outcompeted at locus; below KOfam threshold by 646.0 (score=50.2, threshold=696.2, ratio=0.07) | K15018: outcompeted at locus; below KOfam threshold by 1296.6 (score=15.0, threshold=1311.6, ratio=0.01) | K15019: outcompeted at locus; below KOfam threshold by 150.9 (score=188.7, threshold=339.6, ratio=0.56) | K15020: outcompeted at locus; below KOfam threshold by 205.4 (score=139.6, threshold=345.0, ratio=0.40)",18,6,"Absent: confidence=0.002, posterior mean=0.106. Credible interval [0.01, 0.29] and HDI [0.00, 0.25] well below threshold=0.42. No meaningful genomic evidence. Note: 18 KO(s) flagged but within acceptable range."
M00376,3-Hydroxypropionate bi-cycle,0.0,0.0,"K08691,K09709,K14449,K14470","R00237,R00473,R00934,R05076,R09282,R09283",0.001,1,0.0,0.0,0.0001,4.3e-05,0.4186,0.0,0.0,0.0001,0.0001,-63.609,,0,0,"Absent: confidence=0.000, posterior mean=0.000. Credible interval [0.00, 0.00] and HDI [0.00, 0.00] well below threshold=0.42. No meaningful genomic evidence."
M00377,Reductive acetyl-CoA pathway (Wood-Ljungdahl pathway),0.204,0.076,"K00194,K00197,K00198,K01491,K01938,K05299,K14138,K15023,K24042","R00134,R00943,R01220,R01655,R02289,R07157,R07168,R08433,R10243",0.002,7,1.52,2.2,0.2898,0.023658,0.4186,0.0512,0.6298,0.027,0.5836,-0.837,"K01491: below KOfam threshold by 25.9 (score=377.8, threshold=403.7, ratio=0.94) | K05299: outcompeted at locus; below KOfam threshold by 1170.3 (score=15.3, threshold=1185.6, ratio=0.01) | K15023: outcompeted at locus; below KOfam threshold by 77.0 (score=191.4, threshold=268.4, ratio=0.71) | K24042: below KOfam threshold by 114.1 (score=247.3, threshold=361.4, ratio=0.68)",6,1,"Likely absent: confidence=0.204, posterior mean=0.290 below threshold=0.42. Credible interval [0.05, 0.63] mostly below threshold. Some genomic evidence exists but is insufficient. Note: 6 KO(s) flagged but within acceptable range."
M00378,"F420 biosynthesis, archaea",0.169,0.007,K14941,R09397,0.004,1,0.01,0.2,0.1729,0.068113,0.4186,0.0,0.9044,0.1729,0.1729,-0.941,"K14941: outcompeted at locus; below KOfam threshold by 69.6 (score=12.5, threshold=82.1, ratio=0.15)",2,1,"Likely absent: confidence=0.169, posterior mean=0.173 below threshold=0.42. Credible interval [0.00, 0.90] mostly below threshold. Some genomic evidence exists but is insufficient. Note: 2 KO(s) flagged but within acceptable range."
M00416,Cytochrome aa3-600 menaquinol oxidase,0.002,0.002,"K02826,K02827,K02828,K02829",,0.023,1,0.0,0.0,0.0021,0.000977,0.4186,0.0,0.0,0.0021,0.0021,-13.329,"K02826: outcompeted at locus; below KOfam threshold by 257.5 (score=125.1, threshold=382.6, ratio=0.33) | K02827: outcompeted at locus; below KOfam threshold by 458.9 (score=548.7, threshold=1007.6, ratio=0.54)",4,1,"Absent: confidence=0.002, posterior mean=0.002. Credible interval [0.00, 0.00] and HDI [0.00, 0.00] well below threshold=0.42. No meaningful genomic evidence. Note: 4 KO(s) flagged but within acceptable range."
M00417,Cytochrome o ubiquinol oxidase,0.019,0.019,"K02297,K02298,K02299,K02300",,0.242,1,0.0,0.0,0.0222,0.010337,0.4186,0.0,0.3241,0.0222,0.0222,-3.899,"K02297: outcompeted at locus; below KOfam threshold by 253.7 (score=79.0, threshold=332.7, ratio=0.24) | K02298: outcompeted at locus; below KOfam threshold by 465.7 (score=508.2, threshold=973.9, ratio=0.52)",4,1,"Absent: confidence=0.019, posterior mean=0.022. Credible interval [0.00, 0.32] and HDI [0.02, 0.02] well below threshold=0.42. No meaningful genomic evidence. Note: 4 KO(s) flagged but within acceptable range."
M00418,"Toluene degradation, anaerobic, toluene => benzoyl-CoA",0.0,0.0,"K07540,K07543,K07544,K07545,K07546,K07547,K07548,K07549,K07550","R05575,R05584,R05587,R05588,R05598,R05599",0.0,6,0.01,0.0,0.0014,0.000179,0.4186,0.0,0.0057,0.0014,0.0014,-31.201,"K07546: outcompeted at locus; below KOfam threshold by 131.8 (score=156.7, threshold=288.5, ratio=0.54) | K07547: outcompeted at locus; below KOfam threshold by 414.0 (score=56.2, threshold=470.2, ratio=0.12) | K07548: outcompeted at locus; below KOfam threshold by 306.4 (score=122.3, threshold=428.7, ratio=0.29) | K07550: outcompeted at locus; below KOfam threshold by 459.9 (score=11.1, threshold=471.0, ratio=0.02)",8,3,"Absent: confidence=0.000, posterior mean=0.001. Credible interval [0.00, 0.01] and HDI [0.00, 0.00] well below threshold=0.42. No meaningful genomic evidence. Note: 8 KO(s) flagged but within acceptable range."
M00419,"Cymene degradation, p-cymene => p-cumate",0.0,0.0,"K10616,K10617,K10618,K18293","R05232,R05235,R05266",0.0,3,0.0,0.0,0.0001,3.2e-05,0.4186,0.0,0.0,0.0001,0.0001,-73.55,"K10617: outcompeted at locus; below KOfam threshold by 486.4 (score=46.6, threshold=533.0, ratio=0.09) | K10618: outcompeted at locus; below KOfam threshold by 645.2 (score=169.5, threshold=814.7, ratio=0.21) | K18293: outcompeted at locus; below KOfam threshold by 362.1 (score=42.1, threshold=404.2, ratio=0.10)",6,3,"Absent: confidence=0.000, posterior mean=0.000. Credible interval [0.00, 0.00] and HDI [0.00, 0.00] well below threshold=0.42. No meaningful genomic evidence. Note: 6 KO(s) flagged but within acceptable range."
M00422,"Acetyl-CoA pathway, CO2 => acetyl-CoA",0.0,0.0,"K00192,K00193,K00194,K00195,K00197","R07157,R09096,R10219",0.001,2,0.0,0.0,0.0001,2.8e-05,0.4186,0.0,0.0,0.0001,0.0001,-78.48,"K00192: outcompeted at locus; below KOfam threshold by 671.2 (score=27.1, threshold=698.3, ratio=0.04) | K00193: outcompeted at locus; below KOfam threshold by 597.5 (score=10.4, threshold=607.9, ratio=0.02)",4,2,"Absent: confidence=0.000, posterior mean=0.000. Credible interval [0.00, 0.00] and HDI [0.00, 0.00] well below threshold=0.42. No meaningful genomic evidence. Note: 4 KO(s) flagged but within acceptable range."
M00432,"Leucine biosynthesis, 2-oxoisovalerate => 2-oxoisocaproate",0.877,0.621,"K00052,K01649,K01702","R01213,R03968,R04001,R04426",0.74,3,1.45,2.1,0.7095,0.047929,0.4186,0.2124,0.9909,0.7095,0.7095,1.329,"K00052: outcompeted at locus; below KOfam threshold by 234.1 (score=199.4, threshold=433.5, ratio=0.46) | K01702: outcompeted at locus; below KOfam threshold by 1026.8 (score=71.0, threshold=1097.8, ratio=0.06)",4,2,"Uncertain: confidence=0.877 with credible interval [0.21, 0.99] straddling threshold=0.42. Posterior mean=0.710, HDI [0.71, 0.71]. Module may be present but evidence is inconclusive. Note: 4 KO(s) flagged but within acceptable range."
M00433,"Lysine biosynthesis, 2-oxoglutarate => 2-oxoadipate",0.0,0.0,"K01655,K05824,K16792,K16793","R00271,R01934,R03444,R04371,R09720",0.001,3,0.0,0.0,0.0001,2.4e-05,0.4186,0.0,0.0,0.0001,0.0001,-85.186,"K05824: outcompeted at locus; below KOfam threshold by 232.8 (score=193.4, threshold=426.2, ratio=0.45) | K16792: outcompeted at locus; below KOfam threshold by 442.7 (score=171.6, threshold=614.3, ratio=0.28) | K16793: outcompeted at locus; below KOfam threshold by 193.1 (score=36.1, threshold=229.2, ratio=0.16)",6,3,"Absent: confidence=0.000, posterior mean=0.000. Credible interval [0.00, 0.00] and HDI [0.00, 0.00] well below threshold=0.42. No meaningful genomic evidence. Note: 6 KO(s) flagged but within acceptable range."
M00525,"Lysine biosynthesis, acetyl-DAP pathway, aspartate => lysine",0.878,0.838,"K00133,K00215,K00841,K00928,K01586,K01714,K01778,K05822,K05823","R00451,R00480,R02291,R02733,R02735,R04198,R04199,R04364,R04467,R10147",0.143,9,5.55,5.8,0.6006,0.022007,0.4186,0.2985,0.8644,0.3153,0.8769,1.227,"K00841: outcompeted at locus; below KOfam threshold by 384.9 (score=106.2, threshold=491.1, ratio=0.22) | K05822: outcompeted at locus; below KOfam threshold by 272.3 (score=68.0, threshold=340.3, ratio=0.20) | K05823: outcompeted at locus; below KOfam threshold by 44.9 (score=310.9, threshold=355.8, ratio=0.87)",6,2,"Uncertain: confidence=0.878 with credible interval [0.30, 0.86] straddling threshold=0.42. Posterior mean=0.601, HDI [0.32, 0.88]. Module may be present but evidence is inconclusive. Note: 6 KO(s) flagged but within acceptable range."
M00526,"Lysine biosynthesis, DAP dehydrogenase pathway, aspartate => lysine",0.991,0.991,"K00133,K00215,K00928,K01586,K01714,K03340","R00451,R00480,R02291,R02755,R04198,R04199,R10147",0.9,6,5.01,5.0,0.8409,0.017603,0.4186,0.5063,0.9945,0.5746,0.999,3.183,"K03340: outcompeted at locus; below KOfam threshold by 180.9 (score=15.5, threshold=196.4, ratio=0.08)",2,1,"Present: confidence=0.991 with 95% credible interval [0.51, 0.99] and HDI [0.57, 1.00] entirely above threshold=0.42. Posterior mean=0.841, effect size=3.18. Note: 2 KO(s) flagged but within acceptable range."
M00527,"Lysine biosynthesis, DAP aminotransferase pathway, aspartate => lysine",0.991,0.985,"K00133,K00215,K00928,K01586,K01714,K01778,K10206","R00451,R00480,R02291,R02735,R04198,R04199,R07613,R10147",0.773,7,5.5,5.7,0.8155,0.017296,0.4186,0.4969,0.9861,0.5596,0.999,3.018,"K10206: outcompeted at locus; below KOfam threshold by 295.9 (score=79.0, threshold=374.9, ratio=0.21)",2,1,"Present: confidence=0.991 with 95% credible interval [0.50, 0.99] and HDI [0.56, 1.00] entirely above threshold=0.42. Posterior mean=0.815, effect size=3.02. Note: 2 KO(s) flagged but within acceptable range."
M00528,"Nitrification, ammonia => nitrite",0.001,0.001,"K10535,K10945,K10946,K28504","R00148,R10164",0.003,2,0.0,0.0,0.0023,0.000703,0.4186,0.0,0.002,0.0023,0.0023,-15.7,,0,0,"Absent: confidence=0.001, posterior mean=0.002. Credible interval [0.00, 0.00] and HDI [0.00, 0.00] well below threshold=0.42. No meaningful genomic evidence."
M00529,"Denitrification, nitrate => nitrogen",0.003,0.002,"K00368,K00370,K00371,K00374,K00376,K02305,K04561","R00294,R00783,R00785,R00798,R02804",0.054,4,0.02,0.0,0.0148,0.002707,0.4186,0.0,0.1675,0.0148,0.0148,-7.76,"K00374: outcompeted at locus; below KOfam threshold by 124.8 (score=8.5, threshold=133.3, ratio=0.06) | K00376: outcompeted at locus; below KOfam threshold by 425.6 (score=39.5, threshold=465.1, ratio=0.08) | K02305: outcompeted at locus; below KOfam threshold by 54.5 (score=35.8, threshold=90.3, ratio=0.40)",6,3,"Absent: confidence=0.003, posterior mean=0.015. Credible interval [0.00, 0.17] and HDI [0.01, 0.01] well below threshold=0.42. No meaningful genomic evidence. Note: 6 KO(s) flagged but within acceptable range."
M00530,"Dissimilatory nitrate reduction, nitrate => ammonia",0.016,0.013,"K00362,K00363,K00370,K00371,K00374","R00787,R00798,R09497",0.23,2,0.0,0.0,0.0281,0.008547,0.4186,0.0,0.3293,0.0281,0.0281,-4.223,"K00362: outcompeted at locus; below KOfam threshold by 1181.8 (score=58.8, threshold=1240.6, ratio=0.05) | K00363: outcompeted at locus; below KOfam threshold by 125.2 (score=16.0, threshold=141.2, ratio=0.11) | K00374: outcompeted at locus; below KOfam threshold by 124.8 (score=8.5, threshold=133.3, ratio=0.06)",6,3,"Absent: confidence=0.016, posterior mean=0.028. Credible interval [0.00, 0.33] and HDI [0.03, 0.03] well below threshold=0.42. No meaningful genomic evidence. Note: 6 KO(s) flagged but within acceptable range."
M00531,"Assimilatory nitrate reduction, nitrate => ammonia",0.137,0.033,"K00372,K26138,K26139","R00787,R00789,R00798",0.113,2,0.09,0.4,0.1683,0.043741,0.4186,0.0,0.7429,0.1683,0.1683,-1.197,"K26138: outcompeted at locus; below KOfam threshold by 65.5 (score=37.1, threshold=102.6, ratio=0.36) | K26139: outcompeted at locus; below KOfam threshold by 726.0 (score=78.0, threshold=804.0, ratio=0.10)",4,2,"Likely absent: confidence=0.137, posterior mean=0.168 below threshold=0.42. Credible interval [0.00, 0.74] mostly below threshold. Some genomic evidence exists but is insufficient. Note: 4 KO(s) flagged but within acceptable range."
M00533,"Homoprotocatechuate degradation, homoprotocatechuate => 2-oxohept-3-enedioate",0.009,0.006,"K00151,K00455,K01826,K05921","R03303,R04134,R04379,R04380,R04418",0.085,4,0.08,0.1,0.0369,0.006576,0.4186,0.0,0.2935,0.0369,0.0369,-4.707,"K00151: outcompeted at locus; below KOfam threshold by 549.0 (score=172.4, threshold=721.4, ratio=0.24)",2,1,"Absent: confidence=0.009, posterior mean=0.037. Credible interval [0.00, 0.29] and HDI [0.04, 0.04] well below threshold=0.42. No meaningful genomic evidence. Note: 2 KO(s) flagged but within acceptable range."
M00534,"Naphthalene degradation, naphthalene => salicylate",0.0,0.0,"K00152,K14578,K14579,K14580,K14581,K14582,K14583,K14584,K14585","R02941,R02968,R04115,R04117,R05136,R05137",0.0,6,0.04,0.0,0.0058,0.000758,0.4186,0.0,0.0693,0.0058,0.0058,-14.996,"K00152: outcompeted at locus; below KOfam threshold by 1008.6 (score=82.7, threshold=1091.3, ratio=0.08) | K14578: outcompeted at locus; below KOfam threshold by 95.4 (score=36.2, threshold=131.6, ratio=0.28) | K14579: outcompeted at locus; below KOfam threshold by 637.8 (score=28.3, threshold=666.1, ratio=0.04) | K14581: outcompeted at locus; below KOfam threshold by 322.4 (score=65.5, threshold=387.9, ratio=0.17) | K14582: outcompeted at locus; below KOfam threshold by 365.6 (score=67.6, threshold=433.2, ratio=0.16) | K14583: outcompeted at locus; below KOfam threshold by 648.1 (score=12.7, threshold=660.8, ratio=0.02) | K14585: outcompeted at locus; below KOfam threshold by 333.8 (score=72.1, threshold=405.9, ratio=0.18)",14,7,"Absent: confidence=0.000, posterior mean=0.006. Credible interval [0.00, 0.07] and HDI [0.01, 0.01] well below threshold=0.42. No meaningful genomic evidence. Note: 14 KO(s) flagged but within acceptable range."
M00535,"Isoleucine biosynthesis, pyruvate => 2-oxobutanoate",0.161,0.1,"K00052,K01703,K01704,K09011","R00994,R03896,R03898,R07399",0.038,3,0.51,0.7,0.2118,0.03883,0.4186,0.0018,0.7048,0.2118,0.2118,-1.049,"K00052: outcompeted at locus; below KOfam threshold by 234.1 (score=199.4, threshold=433.5, ratio=0.46) | K01703: outcompeted at locus; below KOfam threshold by 301.3 (score=167.9, threshold=469.2, ratio=0.36) | K01704: below KOfam threshold by 47.5 (score=78.9, threshold=126.4, ratio=0.62)",5,2,"Likely absent: confidence=0.161, posterior mean=0.212 below threshold=0.42. Credible interval [0.00, 0.70] mostly below threshold. Some genomic evidence exists but is insufficient. Note: 5 KO(s) flagged but within acceptable range."
M00537,"Xylene degradation, xylene => methylbenzoate",0.002,0.001,"K00055,K00141,K15757,K15758","R05282,R05288,R05289,R05347,R05348,R05442,R05443,R05663,R05664",0.0,3,0.01,0.0,0.0049,0.00114,0.4186,0.0,0.0475,0.0049,0.0049,-12.25,"K00055: outcompeted at locus; below KOfam threshold by 152.2 (score=228.6, threshold=380.8, ratio=0.60) | K00141: outcompeted at locus; below KOfam threshold by 460.5 (score=190.1, threshold=650.6, ratio=0.29) | K15758: outcompeted at locus; below KOfam threshold by 448.9 (score=55.6, threshold=504.5, ratio=0.11)",6,2,"Absent: confidence=0.002, posterior mean=0.005. Credible interval [0.00, 0.05] and HDI [0.00, 0.00] well below threshold=0.42. No meaningful genomic evidence. Note: 6 KO(s) flagged but within acceptable range."
M00538,"Toluene degradation, toluene => benzoate",0.002,0.001,"K00055,K00141,K15760,K15761,K15763,K15764","R01419,R01763,R02550",0.0,3,0.01,0.0,0.0049,0.00114,0.4186,0.0,0.0475,0.0049,0.0049,-12.25,"K00055: outcompeted at locus; below KOfam threshold by 152.2 (score=228.6, threshold=380.8, ratio=0.60) | K00141: outcompeted at locus; below KOfam threshold by 460.5 (score=190.1, threshold=650.6, ratio=0.29)",4,1,"Absent: confidence=0.002, posterior mean=0.005. Credible interval [0.00, 0.05] and HDI [0.00, 0.00] well below threshold=0.42. No meaningful genomic evidence. Note: 4 KO(s) flagged but within acceptable range."
M00539,"Cumate degradation, p-cumate => 2-oxopent-4-enoate + 2-methylpropanoate",0.0,0.0,"K10619,K10620,K10621,K10622,K10623,K16303,K16304,K18227","R05240,R05247,R05248,R05364,R05377",0.001,5,0.01,0.0,0.0021,0.000324,0.4186,0.0,0.0136,0.0021,0.0021,-23.138,"K10619: outcompeted at locus; below KOfam threshold by 460.0 (score=42.9, threshold=502.9, ratio=0.09) | K10620: outcompeted at locus; below KOfam threshold by 209.7 (score=77.9, threshold=287.6, ratio=0.27) | K10621: outcompeted at locus; below KOfam threshold by 169.4 (score=34.8, threshold=204.2, ratio=0.17) | K10623: outcompeted at locus; below KOfam threshold by 490.4 (score=21.8, threshold=512.2, ratio=0.04) | K16304: outcompeted at locus; below KOfam threshold by 107.5 (score=19.1, threshold=126.6, ratio=0.15) | K18227: outcompeted at locus; below KOfam threshold by 427.9 (score=55.9, threshold=483.8, ratio=0.12)",12,6,"Absent: confidence=0.000, posterior mean=0.002. Credible interval [0.00, 0.01] and HDI [0.00, 0.00] well below threshold=0.42. No meaningful genomic evidence. Note: 12 KO(s) flagged but within acceptable range."
M00540,"Benzoate degradation, cyclohexanecarboxylic acid =>pimeloyl-CoA",0.005,0.005,"K04116,K04117,K07534,K07535,K07536","R05582,R05592,R05600,R05619,R05620",0.009,5,0.17,0.2,0.0321,0.004786,0.4186,0.0,0.2481,0.0321,0.0321,-5.586,"K04116: outcompeted at locus; below KOfam threshold by 561.3 (score=46.5, threshold=607.8, ratio=0.08) | K07534: outcompeted at locus; below KOfam threshold by 361.2 (score=108.2, threshold=469.4, ratio=0.23) | K07535: outcompeted at locus; below KOfam threshold by 154.3 (score=153.8, threshold=308.1, ratio=0.50) | K07536: outcompeted at locus; below KOfam threshold by 78.7 (score=318.0, threshold=396.7, ratio=0.80)",8,3,"Absent: confidence=0.005, posterior mean=0.032. Credible interval [0.00, 0.25] and HDI [0.03, 0.03] well below threshold=0.42. No meaningful genomic evidence. Note: 8 KO(s) flagged but within acceptable range."
M00541,"Benzoyl-CoA degradation, benzoyl-CoA => 3-hydroxypimeloyl-CoA",0.0,0.0,"K07537,K07538,K07539,K19515,K19516","R05581,R05594,R05597,R10961",0.001,4,0.0,0.0,0.0001,2.1e-05,0.4186,0.0,0.0,0.0001,0.0001,-91.574,"K07537: outcompeted at locus; below KOfam threshold by 184.5 (score=113.8, threshold=298.3, ratio=0.38) | K07538: outcompeted at locus; below KOfam threshold by 419.6 (score=82.7, threshold=502.3, ratio=0.16) | K07539: outcompeted at locus; below KOfam threshold by 547.3 (score=63.9, threshold=611.2, ratio=0.10)",6,3,"Absent: confidence=0.000, posterior mean=0.000. Credible interval [0.00, 0.00] and HDI [0.00, 0.00] well below threshold=0.42. No meaningful genomic evidence. Note: 6 KO(s) flagged but within acceptable range."
M00542,"EHEC/EPEC pathogenicity signature, T3SS and effectors",0.0,0.0,"K03219,K03221,K03222,K03224,K03225,K03226,K03227,K03228,K03229,K03230,K12784,K12785,K12786,K12787,K12788,K16041,K16042",,0.0,8,0.0,0.0,0.0,1e-06,0.4186,0.0,0.0,0.0,0.0,-362.088,"K03224: outcompeted at locus; below KOfam threshold by 424.8 (score=196.9, threshold=621.7, ratio=0.32) | K03230: below KOfam threshold by 745.2 (score=11.1, threshold=756.3, ratio=0.01)",3,2,"Absent: confidence=0.000, posterior mean=0.000. Credible interval [0.00, 0.00] and HDI [0.00, 0.00] well below threshold=0.42. No meaningful genomic evidence. Note: 3 KO(s) flagged but within acceptable range."
M00543,"Biphenyl degradation, biphenyl => 2-oxopent-4-enoate + benzoate",0.0,0.0,"K00462,K08689,K08690,K10222,K15750,K18087,K18088","R02606,R03462,R05239,R05241,R05245,R05261,R05262,R05263,R05264,R05359",0.001,4,0.0,0.0,0.0004,6.8e-05,0.4186,0.0,0.0,0.0004,0.0004,-50.628,"K00462: outcompeted at locus; below KOfam threshold by 311.5 (score=33.6, threshold=345.1, ratio=0.10) | K08689: outcompeted at locus; below KOfam threshold by 861.7 (score=19.0, threshold=880.7, ratio=0.02) | K08690: outcompeted at locus; below KOfam threshold by 348.1 (score=65.6, threshold=413.7, ratio=0.16) | K10222: outcompeted at locus; below KOfam threshold by 426.3 (score=46.3, threshold=472.6, ratio=0.10) | K18087: outcompeted at locus; below KOfam threshold by 141.4 (score=19.3, threshold=160.7, ratio=0.12) | K18088: outcompeted at locus; below KOfam threshold by 596.0 (score=33.5, threshold=629.5, ratio=0.05)",12,6,"Absent: confidence=0.000, posterior mean=0.000. Credible interval [0.00, 0.00] and HDI [0.00, 0.00] well below threshold=0.42. No meaningful genomic evidence. Note: 12 KO(s) flagged but within acceptable range."
M00544,"Carbazole degradation, carbazole => 2-oxopent-4-enoate + anthranilate",0.0,0.0,"K15751,K15754,K15755,K15756","R05365,R05414,R05415,R09512",0.0,3,0.0,0.0,0.0,8e-06,0.4186,0.0,0.0,0.0,0.0,-152.562,"K15751: outcompeted at locus; below KOfam threshold by 382.1 (score=54.0, threshold=436.1, ratio=0.12) | K15756: outcompeted at locus; below KOfam threshold by 320.6 (score=54.3, threshold=374.9, ratio=0.14)",4,2,"Absent: confidence=0.000, posterior mean=0.000. Credible interval [0.00, 0.00] and HDI [0.00, 0.00] well below threshold=0.42. No meaningful genomic evidence. Note: 4 KO(s) flagged but within acceptable range."
M00545,"Trans-cinnamate degradation, trans-cinnamate => acetyl-CoA",0.087,0.066,"K01666,K02554,K04073,K05712,K05713,K05714","R00228,R00750,R02601,R06787,R06788,R06789",0.055,6,1.12,1.3,0.1968,0.020799,0.4186,0.0124,0.5459,0.001,0.4785,-1.538,"K05712: outcompeted at locus; below KOfam threshold by 333.2 (score=30.7, threshold=363.9, ratio=0.08) | K05714: below KOfam threshold by 165.6 (score=116.5, threshold=282.1, ratio=0.41)",3,2,"Likely absent: confidence=0.087, posterior mean=0.197 below threshold=0.42. Credible interval [0.01, 0.55] mostly below threshold. Some genomic evidence exists but is insufficient. Note: 3 KO(s) flagged but within acceptable range."
M00546,"Purine degradation, xanthine => urea",0.221,0.113,"K00365,K01466,K01477,K07127,K13481,K13482,K16840","R02103,R02106,R02107,R02422,R02425,R06601,R06604",0.101,5,1.08,1.5,0.2825,0.031181,0.4186,0.0281,0.6805,0.004,0.6166,-0.771,"K01466: below KOfam threshold by 309.7 (score=52.6, threshold=362.3, ratio=0.15) | K13481: outcompeted at locus; below KOfam threshold by 447.2 (score=6.5, threshold=453.7, ratio=0.01)",3,2,"Likely absent: confidence=0.221, posterior mean=0.282 below threshold=0.42. Credible interval [0.03, 0.68] mostly below threshold. Some genomic evidence exists but is insufficient. Note: 3 KO(s) flagged but within acceptable range."
M00547,"Benzene/toluene degradation, benzene => catechol / toluene => 3-methylcatechol",0.0,0.0,"K03268,K16268,K16269,K18089,K18090","R00812,R03543,R03559,R04088",0.001,2,0.0,0.0,0.0001,2.8e-05,0.4186,0.0,0.0,0.0001,0.0001,-78.483,"K03268: outcompeted at locus; below KOfam threshold by 1035.8 (score=19.4, threshold=1055.2, ratio=0.02) | K16269: outcompeted at locus; below KOfam threshold by 573.7 (score=25.0, threshold=598.7, ratio=0.04) | K18090: outcompeted at locus; below KOfam threshold by 862.6 (score=24.8, threshold=887.4, ratio=0.03)",6,3,"Absent: confidence=0.000, posterior mean=0.000. Credible interval [0.00, 0.00] and HDI [0.00, 0.00] well below threshold=0.42. No meaningful genomic evidence. Note: 6 KO(s) flagged but within acceptable range."
M00548,"Benzene degradation, benzene => catechol",0.002,0.002,"K16242,K16243,K16244,K16245,K16246,K16249","R10042,R10043",0.021,1,0.0,0.0,0.0019,0.000913,0.4186,0.0,0.0,0.0019,0.0019,-13.792,"K16246: outcompeted at locus; below KOfam threshold by 323.6 (score=77.9, threshold=401.5, ratio=0.19)",2,1,"Absent: confidence=0.002, posterior mean=0.002. Credible interval [0.00, 0.00] and HDI [0.00, 0.00] well below threshold=0.42. No meaningful genomic evidence. Note: 2 KO(s) flagged but within acceptable range."
M00549,"UDP-Glc biosynthesis, Glc => UDP-Glc",0.576,0.255,"K00963,K01835,K25026","R00289,R00959,R01786",0.459,3,0.79,1.4,0.4793,0.05804,0.4186,0.0621,0.9186,0.0521,0.9059,0.252,"K01835: outcompeted at locus; below KOfam threshold by 105.3 (score=247.2, threshold=352.5, ratio=0.70) | K25026: outcompeted at locus; below KOfam threshold by 249.4 (score=18.9, threshold=268.3, ratio=0.07)",4,1,"Uncertain: confidence=0.576 with credible interval [0.06, 0.92] straddling threshold=0.42. Posterior mean=0.479, HDI [0.05, 0.91]. Module may be present but evidence is inconclusive. Note: 4 KO(s) flagged but within acceptable range."
M00550,"Ascorbate degradation, ascorbate => D-xylulose-5P",0.019,0.013,"K02821,K02822,K03077,K03078,K03079,K03475,K03476","R03244,R05850,R07125,R07671,R07677",0.103,5,0.3,0.4,0.0814,0.011503,0.4186,0.0,0.3894,0.0814,0.0814,-3.144,"K02822: outcompeted at locus; below KOfam threshold by 52.2 (score=13.1, threshold=65.3, ratio=0.20) | K03078: outcompeted at locus; below KOfam threshold by 177.2 (score=17.8, threshold=195.0, ratio=0.09) | K03475: outcompeted at locus; below KOfam threshold by 200.6 (score=8.7, threshold=209.3, ratio=0.04)",6,3,"Absent: confidence=0.019, posterior mean=0.081. Credible interval [0.00, 0.39] and HDI [0.08, 0.08] well below threshold=0.42. No meaningful genomic evidence. Note: 6 KO(s) flagged but within acceptable range."
M00551,"Benzoate degradation, benzoate => catechol / methylbenzoate => methylcatechol",0.006,0.004,"K05549,K05550,K05783,K05784","R00813,R05290,R05292,R05309,R05314,R05428,R05621,R05665",0.05,2,0.01,0.0,0.0114,0.003534,0.4186,0.0,0.1444,0.0114,0.0114,-6.849,"K05549: outcompeted at locus; below KOfam threshold by 536.4 (score=40.5, threshold=576.9, ratio=0.07) | K05783: outcompeted at locus; below KOfam threshold by 343.4 (score=67.9, threshold=411.3, ratio=0.17) | K05784: outcompeted at locus; below KOfam threshold by 382.5 (score=76.9, threshold=459.4, ratio=0.17)",6,3,"Absent: confidence=0.006, posterior mean=0.011. Credible interval [0.00, 0.14] and HDI [0.01, 0.01] well below threshold=0.42. No meaningful genomic evidence. Note: 6 KO(s) flagged but within acceptable range."
M00552,"D-galactonate degradation, De Ley-Doudoroff pathway, D-galactonate => glycerate-3P",0.454,0.328,"K00134,K00883,K00927,K01631,K01684","R01061,R01064,R01512,R03033,R03387",0.171,5,1.8,2.2,0.4057,0.037094,0.4186,0.0796,0.7952,0.0591,0.7658,-0.067,"K00134: outcompeted at locus; below KOfam threshold by 26.0 (score=387.4, threshold=413.4, ratio=0.94) | K01631: outcompeted at locus; below KOfam threshold by 181.8 (score=16.5, threshold=198.3, ratio=0.08) | K01684: outcompeted at locus; below KOfam threshold by 342.7 (score=24.7, threshold=367.4, ratio=0.07)",6,2,"Uncertain: confidence=0.454 with credible interval [0.08, 0.80] straddling threshold=0.42. Posterior mean=0.406, HDI [0.06, 0.77]. Module may be present but evidence is inconclusive. Note: 6 KO(s) flagged but within acceptable range."
M00554,"UDP-Gal biosynthesis, Gal => UDP-Gal",0.459,0.125,"K00849,K00965","R00955,R01092",0.295,2,0.29,0.8,0.4113,0.075665,0.4186,0.013,0.9367,0.4113,0.4113,-0.027,"K00849: outcompeted at locus; below KOfam threshold by 348.5 (score=18.4, threshold=366.9, ratio=0.05) | K00965: outcompeted at locus; below KOfam threshold by 224.9 (score=10.6, threshold=235.5, ratio=0.05)",4,2,"Uncertain: confidence=0.459 with credible interval [0.01, 0.94] straddling threshold=0.42. Posterior mean=0.411, HDI [0.41, 0.41]. Module may be present but evidence is inconclusive. Note: 4 KO(s) flagged but within acceptable range."
M00555,"Betaine biosynthesis, choline => betaine",0.057,0.037,"K00108,K00130","R01025,R08557,R08558",0.185,1,0.03,0.0,0.0637,0.028394,0.4186,0.0,0.6816,0.0637,0.0637,-2.106,"K00108: outcompeted at locus; below KOfam threshold by 709.3 (score=37.5, threshold=746.8, ratio=0.05) | K00130: outcompeted at locus; below KOfam threshold by 472.0 (score=201.6, threshold=673.6, ratio=0.30)",4,2,"Likely absent: confidence=0.057, posterior mean=0.064 below threshold=0.42. Credible interval [0.00, 0.68] mostly below threshold. Some genomic evidence exists but is insufficient. Note: 4 KO(s) flagged but within acceptable range."
M00563,,0.0,0.0,"K00399,K00401,K00402,K03388,K03389,K03390,K14082,K16179","R04541,R09998,R09999,R11928,R11931,R11943,R11944",0.001,4,0.0,0.0,0.002,0.000362,0.4186,0.0,0.0079,0.002,0.002,-21.903,"K03388: outcompeted at locus; below KOfam threshold by 557.4 (score=29.2, threshold=586.6, ratio=0.05) | K03389: outcompeted at locus; below KOfam threshold by 305.3 (score=15.4, threshold=320.7, ratio=0.05) | K03390: outcompeted at locus; below KOfam threshold by 88.0 (score=22.7, threshold=110.7, ratio=0.21) | K16179: outcompeted at locus; below KOfam threshold by 132.6 (score=143.3, threshold=275.9, ratio=0.52)",8,3,"Absent: confidence=0.000, posterior mean=0.002. Credible interval [0.00, 0.01] and HDI [0.00, 0.00] well below threshold=0.42. No meaningful genomic evidence. Note: 8 KO(s) flagged but within acceptable range."
M00564,"Helicobacter pylori pathogenicity signature, cagA pathogenicity island",0.0,0.0,"K03196,K12086,K12088,K12089,K12090,K12091,K12093,K12094,K12095,K12096,K12097,K12098,K12101,K12102,K12103,K12104,K12105,K12106,K12107,K12108,K12109,K12110,K15842",,0.001,23,0.01,0.0,0.0005,1.8e-05,0.4186,0.0,0.0029,0.0005,0.0005,-99.064,"K03196: outcompeted at locus; below KOfam threshold by 287.7 (score=19.3, threshold=307.0, ratio=0.06) | K12106: outcompeted at locus; below KOfam threshold by 307.9 (score=16.0, threshold=323.9, ratio=0.05)",4,2,"Absent: confidence=0.000, posterior mean=0.000. Credible interval [0.00, 0.00] and HDI [0.00, 0.00] well below threshold=0.42. No meaningful genomic evidence. Note: 4 KO(s) flagged but within acceptable range."
M00565,"Trehalose biosynthesis, D-glucose 1P => trehalose",0.875,0.472,"K00700,K00703,K00975,K01214,K01236,K06044","R00948,R01824,R02110,R02421,R11256,R11261",0.216,6,2.6,4.1,0.635,0.030495,0.4186,0.2696,0.9243,0.3043,0.9469,1.239,"K00703: outcompeted at locus; below KOfam threshold by 71.8 (score=59.7, threshold=131.5, ratio=0.45) | K00975: outcompeted at locus; below KOfam threshold by 96.8 (score=100.8, threshold=197.6, ratio=0.51) | K01214: below KOfam threshold by 194.3 (score=727.7, threshold=922.0, ratio=0.79) | K01236: outcompeted at locus; below KOfam threshold by 171.5 (score=224.3, threshold=395.8, ratio=0.57) | K06044: outcompeted at locus; below KOfam threshold by 430.3 (score=24.9, threshold=455.2, ratio=0.05)",9,2,"Uncertain: confidence=0.875 with credible interval [0.27, 0.92] straddling threshold=0.42. Posterior mean=0.635, HDI [0.30, 0.95]. Module may be present but evidence is inconclusive. Note: 9 KO(s) flagged but within acceptable range."
M00567,,0.0,0.0,"K00200,K00201,K00202,K00203,K00204,K00320,K00399,K00401,K00402,K00577,K00578,K00579,K00580,K00581,K00584,K00672,K01499,K03388,K03389,K03390,K13942","R03015,R03390,R03464,R04347,R04455,R04464,R04541,R11928,R11931,R11943,R11944",0.001,8,0.06,0.2,0.0179,0.001793,0.4186,0.0,0.1472,0.0179,0.0179,-9.462,"K00200: outcompeted at locus; below KOfam threshold by 395.1 (score=14.9, threshold=410.0, ratio=0.04) | K00204: outcompeted at locus; below KOfam threshold by 136.5 (score=35.1, threshold=171.6, ratio=0.20) | K00577: below KOfam threshold by 108.8 (score=17.6, threshold=126.4, ratio=0.14) | K03388: outcompeted at locus; below KOfam threshold by 557.4 (score=29.2, threshold=586.6, ratio=0.05) | K03389: outcompeted at locus; below KOfam threshold by 305.3 (score=15.4, threshold=320.7, ratio=0.05) | K03390: outcompeted at locus; below KOfam threshold by 88.0 (score=22.7, threshold=110.7, ratio=0.21) | K13942: outcompeted at locus; below KOfam threshold by 560.9 (score=14.1, threshold=575.0, ratio=0.02)",13,7,"Absent: confidence=0.000, posterior mean=0.018. Credible interval [0.00, 0.15] and HDI [0.02, 0.02] well below threshold=0.42. No meaningful genomic evidence. Note: 13 KO(s) flagged but within acceptable range."
M00568,"Catechol ortho-cleavage, catechol => 3-oxoadipate",0.077,0.056,"K01055,K01856,K03381,K03464","R00817,R02991,R06989,R06990",0.107,4,0.52,0.6,0.1533,0.024036,0.4186,0.001,0.5624,0.1533,0.1533,-1.711,"K01055: outcompeted at locus; below KOfam threshold by 118.8 (score=85.6, threshold=204.4, ratio=0.42) | K01856: outcompeted at locus; below KOfam threshold by 314.8 (score=59.0, threshold=373.8, ratio=0.16)",4,2,"Likely absent: confidence=0.077, posterior mean=0.153 below threshold=0.42. Credible interval [0.00, 0.56] mostly below threshold. Some genomic evidence exists but is insufficient. Note: 4 KO(s) flagged but within acceptable range."
M00569,"Catechol meta-cleavage, catechol => acetyl-CoA / 4-methylcatechol => propanoyl-CoA",0.043,0.029,"K02554,K04073,K07104,K10216,K18365","R00228,R00750,R00816,R02601,R02604,R05295,R05298,R05865",0.046,5,0.55,0.7,0.1272,0.017079,0.4186,0.001,0.4766,0.1272,0.1272,-2.23,"K07104: outcompeted at locus; below KOfam threshold by 44.5 (score=43.7, threshold=88.2, ratio=0.50) | K10216: outcompeted at locus; below KOfam threshold by 168.5 (score=98.9, threshold=267.4, ratio=0.37) | K18365: outcompeted at locus; below KOfam threshold by 541.9 (score=10.9, threshold=552.8, ratio=0.02)",6,3,"Absent: confidence=0.043, posterior mean=0.127. Credible interval [0.00, 0.48] and HDI [0.13, 0.13] well below threshold=0.42. No meaningful genomic evidence. Note: 6 KO(s) flagged but within acceptable range."
M00570,"Isoleucine biosynthesis, threonine => 2-oxobutanoate => isoleucine",0.993,0.964,"K00053,K00826,K01652,K01653,K01687,K01754","R00996,R02199,R05068,R05069,R05070,R08648",0.852,5,3.84,4.4,0.8812,0.016107,0.4186,0.5377,0.9994,0.8812,0.8812,3.645,"K01652: outcompeted at locus; below KOfam threshold by 483.6 (score=50.4, threshold=534.0, ratio=0.09)",2,1,"Present: confidence=0.993 with 95% credible interval [0.54, 1.00] and HDI [0.88, 0.88] entirely above threshold=0.42. Posterior mean=0.881, effect size=3.64. Note: 2 KO(s) flagged but within acceptable range."
M00572,"Pimeloyl-ACP biosynthesis, BioC-BioH pathway, malonyl-ACP => pimeloyl-ACP",0.911,0.754,"K00059,K00208,K02169,K02170,K02372,K09458","R09543,R09725,R10115,R10116,R10117,R10118,R10119,R10120,R10121,R10122",0.321,6,3.45,4.2,0.67,0.029094,0.4186,0.303,0.9415,0.3463,0.966,1.474,"K00059: outcompeted at locus; below KOfam threshold by 113.8 (score=154.3, threshold=268.1, ratio=0.58) | K02169: outcompeted at locus; below KOfam threshold by 60.2 (score=106.9, threshold=167.1, ratio=0.64) | K02170: outcompeted at locus; below KOfam threshold by 83.5 (score=77.8, threshold=161.3, ratio=0.48)",6,1,"Likely present: confidence=0.911 and posterior mean=0.670 above threshold=0.42, but credible interval [0.30, 0.94] extends below threshold. HDI [0.35, 0.97], effect size=1.47. Note: 6 KO(s) flagged but within acceptable range."
M00573,"Biotin biosynthesis, BioI pathway, long-chain-acyl-ACP => pimeloyl-ACP => biotin",0.556,0.471,"K00652,K01012,K01935,K16593,K19563","R01078,R03182,R10123,R10124,R10699",0.002,5,2.27,2.5,0.4555,0.038157,0.4186,0.1073,0.8337,0.0971,0.8208,0.189,"K00652: below KOfam threshold by 71.1 (score=393.2, threshold=464.3, ratio=0.85) | K01935: outcompeted at locus; below KOfam threshold by 89.3 (score=33.6, threshold=122.9, ratio=0.27) | K19563: outcompeted at locus; below KOfam threshold by 706.5 (score=80.5, threshold=787.0, ratio=0.10)",5,2,"Uncertain: confidence=0.556 with credible interval [0.11, 0.83] straddling threshold=0.42. Posterior mean=0.456, HDI [0.10, 0.82]. Module may be present but evidence is inconclusive. Note: 5 KO(s) flagged but within acceptable range."
M00574,"Pertussis pathogenicity signature, pertussis toxin",0.0,0.0,"K11023,K11025,K11026,K11027",,0.0,4,0.0,0.0,0.0001,1.7e-05,0.4186,0.0,0.0,0.0001,0.0001,-101.107,,0,0,"Absent: confidence=0.000, posterior mean=0.000. Credible interval [0.00, 0.00] and HDI [0.00, 0.00] well below threshold=0.42. No meaningful genomic evidence."
M00575,"Pertussis pathogenicity signature, T1SS",0.008,0.007,"K07389,K11003,K11004,K12340,K22944",,0.007,5,0.23,0.2,0.0451,0.006624,0.4186,0.0,0.2947,0.0451,0.0451,-4.589,"K11003: outcompeted at locus; below KOfam threshold by 290.2 (score=69.1, threshold=359.3, ratio=0.19) | K11004: outcompeted at locus; below KOfam threshold by 495.5 (score=440.1, threshold=935.6, ratio=0.47) | K12340: outcompeted at locus; below KOfam threshold by 68.0 (score=177.0, threshold=245.0, ratio=0.72)",6,2,"Absent: confidence=0.008, posterior mean=0.045. Credible interval [0.00, 0.29] and HDI [0.05, 0.05] well below threshold=0.42. No meaningful genomic evidence. Note: 6 KO(s) flagged but within acceptable range."
M00576,"ETEC pathogenicity signature, heat-labile and heat-stable enterotoxins",0.0,0.0,"K10928,K10929,K16883",,0.001,2,0.0,0.0,0.0001,2.9e-05,0.4186,0.0,0.0,0.0001,0.0001,-77.894,,0,0,"Absent: confidence=0.000, posterior mean=0.000. Credible interval [0.00, 0.00] and HDI [0.00, 0.00] well below threshold=0.42. No meaningful genomic evidence."
M00577,"Biotin biosynthesis, BioW pathway, pimelate => pimeloyl-CoA => biotin",0.788,0.594,"K00652,K00833,K01012,K01906,K01935","R01078,R03182,R03209,R03210,R03231",0.259,5,2.48,3.1,0.5852,0.037344,0.4186,0.1975,0.9157,0.2242,0.9349,0.862,"K00652: below KOfam threshold by 71.1 (score=393.2, threshold=464.3, ratio=0.85) | K00833: outcompeted at locus; below KOfam threshold by 283.6 (score=127.7, threshold=411.3, ratio=0.31) | K01935: outcompeted at locus; below KOfam threshold by 89.3 (score=33.6, threshold=122.9, ratio=0.27)",5,2,"Uncertain: confidence=0.788 with credible interval [0.20, 0.92] straddling threshold=0.42. Posterior mean=0.585, HDI [0.22, 0.93]. Module may be present but evidence is inconclusive. Note: 5 KO(s) flagged but within acceptable range."
M00579,"Phosphate acetyltransferase-acetate kinase pathway, acetyl-CoA => acetate",0.555,0.476,"K00925,K13788","R00230,R00315",0.71,2,0.79,0.9,0.4777,0.07797,0.4186,0.0261,0.9615,0.001,0.9279,0.212,"K13788: outcompeted at locus; below KOfam threshold by 483.4 (score=83.5, threshold=566.9, ratio=0.15)",2,1,"Uncertain: confidence=0.555 with credible interval [0.03, 0.96] straddling threshold=0.42. Posterior mean=0.478, HDI [0.00, 0.93]. Module may be present but evidence is inconclusive. Note: 2 KO(s) flagged but within acceptable range."
M00580,"Pentose phosphate pathway, archaea, fructose 6P => ribose 5P",0.528,0.528,"K01807,K08093,K08094","R01056,R05338,R05339",0.046,2,1.0,1.0,0.4588,0.077595,0.4186,0.0218,0.9553,0.001,0.9189,0.144,"K08093: outcompeted at locus; below KOfam threshold by 132.8 (score=39.1, threshold=171.9, ratio=0.23) | K08094: outcompeted at locus; below KOfam threshold by 87.3 (score=13.3, threshold=100.6, ratio=0.13)",4,2,"Uncertain: confidence=0.528 with credible interval [0.02, 0.96] straddling threshold=0.42. Posterior mean=0.459, HDI [0.00, 0.92]. Module may be present but evidence is inconclusive. Note: 4 KO(s) flagged but within acceptable range."
M00595,"Sulfur oxidation, SOX system, thiosulfate => sulfate",0.003,0.003,"K17222,K17223,K17224,K17226,K17227",,0.043,1,0.0,0.0,0.0039,0.001839,0.4186,0.0,0.0023,0.0039,0.0039,-9.67,"K17223: outcompeted at locus; below KOfam threshold by 49.8 (score=27.5, threshold=77.3, ratio=0.36)",2,1,"Absent: confidence=0.003, posterior mean=0.004. Credible interval [0.00, 0.00] and HDI [0.00, 0.00] well below threshold=0.42. No meaningful genomic evidence. Note: 2 KO(s) flagged but within acceptable range."
M00596,"Dissimilatory sulfate reduction, sulfate => H2S",0.16,0.16,"K00394,K00395,K00958,K11180,K11181,K27187,K27188,K27189,K27190,K27191","R00529,R00861,R08553,R13227",0.013,4,1.0,1.0,0.2285,0.032642,0.4186,0.0076,0.6635,0.001,0.5866,-1.052,"K00394: outcompeted at locus; below KOfam threshold by 390.8 (score=50.8, threshold=441.6, ratio=0.12) | K00395: outcompeted at locus; below KOfam threshold by 48.7 (score=29.0, threshold=77.7, ratio=0.37) | K11180: outcompeted at locus; below KOfam threshold by 313.9 (score=28.4, threshold=342.3, ratio=0.08) | K11181: outcompeted at locus; below KOfam threshold by 332.8 (score=23.8, threshold=356.6, ratio=0.07)",8,4,"Likely absent: confidence=0.160, posterior mean=0.228 below threshold=0.42. Credible interval [0.01, 0.66] mostly below threshold. Some genomic evidence exists but is insufficient. Note: 8 KO(s) flagged but within acceptable range."
M00597,Anoxygenic photosystem II,0.001,0.001,"K08928,K08929",,0.016,1,0.0,0.0,0.0014,0.000681,0.4186,0.0,0.0,0.0014,0.0014,-15.99,"K08928: outcompeted at locus; below KOfam threshold by 281.1 (score=47.2, threshold=328.3, ratio=0.14) | K08929: outcompeted at locus; below KOfam threshold by 390.1 (score=40.3, threshold=430.4, ratio=0.09)",4,2,"Absent: confidence=0.001, posterior mean=0.001. Credible interval [0.00, 0.00] and HDI [0.00, 0.00] well below threshold=0.42. No meaningful genomic evidence. Note: 4 KO(s) flagged but within acceptable range."
M00598,Anoxygenic photosystem I,0.0,0.0,"K08940,K08941,K08942,K08943",,0.0,1,0.0,0.0,0.0,6e-06,0.4186,0.0,0.0,0.0,0.0,-173.44,"K08940: outcompeted at locus; below KOfam threshold by 993.4 (score=20.9, threshold=1014.3, ratio=0.02) | K08941: outcompeted at locus; below KOfam threshold by 188.2 (score=6.7, threshold=194.9, ratio=0.03)",4,2,"Absent: confidence=0.000, posterior mean=0.000. Credible interval [0.00, 0.00] and HDI [0.00, 0.00] well below threshold=0.42. No meaningful genomic evidence. Note: 4 KO(s) flagged but within acceptable range."
M00608,,0.0,0.0,"K10977,K10978,K16792,K16793","R00271,R01934,R03444,R04371,R08214,R08215,R08331,R08332,R09720,R10391,R10392,R10393,R10394,R10395,R10396",0.001,3,0.0,0.0,0.0001,2.9e-05,0.4186,0.0,0.0,0.0001,0.0001,-77.551,"K10978: outcompeted at locus; below KOfam threshold by 243.0 (score=233.6, threshold=476.6, ratio=0.49) | K16792: outcompeted at locus; below KOfam threshold by 442.7 (score=171.6, threshold=614.3, ratio=0.28) | K16793: outcompeted at locus; below KOfam threshold by 193.1 (score=36.1, threshold=229.2, ratio=0.16)",6,3,"Absent: confidence=0.000, posterior mean=0.000. Credible interval [0.00, 0.00] and HDI [0.00, 0.00] well below threshold=0.42. No meaningful genomic evidence. Note: 6 KO(s) flagged but within acceptable range."
M00609,"Cysteine biosynthesis, methionine => cysteine",0.191,0.127,"K00789,K01243,K07173,K17216,K17217,K17462","R00177,R00194,R01001,R01291,R10305,R10404",0.021,6,1.51,1.8,0.2742,0.026186,0.4186,0.0353,0.6388,0.011,0.5826,-0.892,"K01243: outcompeted at locus; below KOfam threshold by 93.4 (score=12.4, threshold=105.8, ratio=0.12) | K17216: outcompeted at locus; below KOfam threshold by 151.4 (score=303.1, threshold=454.5, ratio=0.67) | K17217: outcompeted at locus; below KOfam threshold by 267.2 (score=332.1, threshold=599.3, ratio=0.55) | K17462: outcompeted at locus; below KOfam threshold by 59.9 (score=55.0, threshold=114.9, ratio=0.48)",8,2,"Likely absent: confidence=0.191, posterior mean=0.274 below threshold=0.42. Credible interval [0.04, 0.64] mostly below threshold. Some genomic evidence exists but is insufficient. Note: 8 KO(s) flagged but within acceptable range."
M00611,Oxygenic photosynthesis in plants and cyanobacteria,0.985,0.921,"K00615,K00855,K00927,K01601,K01624,K01783,K01803,K01807,K02689,K02690,K02691,K02692,K02693,K02694,K05298,K11532",,0.5,2,1.69,2.0,0.9424,0.016965,0.4186,0.5068,1.0,0.9424,0.9424,4.021,"K00615: outcompeted at locus | K05298: outcompeted at locus; below KOfam threshold by 344.3 (score=301.8, threshold=646.1, ratio=0.47) | K11532: below KOfam threshold by 46.3 (score=432.5, threshold=478.8, ratio=0.90)",4,1,"Present: confidence=0.985 with 95% credible interval [0.51, 1.00] and HDI [0.94, 0.94] entirely above threshold=0.42. Posterior mean=0.942, effect size=4.02. Note: 4 KO(s) flagged but within acceptable range."
M00612,Anoxygenic photosynthesis in purple bacteria,0.569,0.381,"K00615,K00855,K00927,K01601,K01624,K01783,K01803,K01807,K05298,K08928,K08929,K11532",,0.5,2,0.69,1.0,0.4878,0.078079,0.4186,0.0287,0.9646,0.008,0.9399,0.248,"K00615: outcompeted at locus | K05298: outcompeted at locus; below KOfam threshold by 344.3 (score=301.8, threshold=646.1, ratio=0.47) | K08928: outcompeted at locus; below KOfam threshold by 281.1 (score=47.2, threshold=328.3, ratio=0.14) | K08929: outcompeted at locus; below KOfam threshold by 390.1 (score=40.3, threshold=430.4, ratio=0.09) | K11532: below KOfam threshold by 46.3 (score=432.5, threshold=478.8, ratio=0.90)",8,3,"Uncertain: confidence=0.569 with credible interval [0.03, 0.96] straddling threshold=0.42. Posterior mean=0.488, HDI [0.01, 0.94]. Module may be present but evidence is inconclusive. Note: 8 KO(s) flagged but within acceptable range."
M00613,Anoxygenic photosynthesis in green nonsulfur bacteria,0.028,0.028,"K08691,K08928,K08929,K09709,K14449,K14470",,0.5,2,0.0,0.0,0.0455,0.013559,0.4186,0.0,0.4385,0.0455,0.0455,-3.205,"K08928: outcompeted at locus; below KOfam threshold by 281.1 (score=47.2, threshold=328.3, ratio=0.14) | K08929: outcompeted at locus; below KOfam threshold by 390.1 (score=40.3, threshold=430.4, ratio=0.09)",4,2,"Absent: confidence=0.028, posterior mean=0.045. Credible interval [0.00, 0.44] and HDI [0.05, 0.05] well below threshold=0.42. No meaningful genomic evidence. Note: 4 KO(s) flagged but within acceptable range."
M00614,Anoxygenic photosynthesis in green sulfur bacteria,0.028,0.028,"K00024,K00031,K00174,K00175,K00239,K00240,K01007,K01595,K01679,K01682,K01902,K01903,K03737,K08940,K08941,K08942,K08943,K15230,K15231",,0.5,2,0.0,0.0,0.0455,0.013559,0.4186,0.0,0.4385,0.0455,0.0455,-3.205,"K00024: outcompeted at locus; below KOfam threshold by 326.4 (score=31.1, threshold=357.5, ratio=0.09) | K00031: outcompeted at locus | K00174: outcompeted at locus; below KOfam threshold by 230.8 (score=31.4, threshold=262.2, ratio=0.12) | K00239: outcompeted at locus; below KOfam threshold by 227.6 (score=392.6, threshold=620.2, ratio=0.63) | K00240: outcompeted at locus; below KOfam threshold by 126.4 (score=19.9, threshold=146.3, ratio=0.14) | K01007: below KOfam threshold by 380.0 (score=16.5, threshold=396.5, ratio=0.04) | K01903: outcompeted at locus; below KOfam threshold by 476.3 (score=26.3, threshold=502.6, ratio=0.05) | K03737: outcompeted at locus; below KOfam threshold by 496.3 (score=13.9, threshold=510.2, ratio=0.03) | K08940: outcompeted at locus; below KOfam threshold by 993.4 (score=20.9, threshold=1014.3, ratio=0.02) | K08941: outcompeted at locus; below KOfam threshold by 188.2 (score=6.7, threshold=194.9, ratio=0.03)",18,8,"Absent: confidence=0.028, posterior mean=0.045. Credible interval [0.00, 0.44] and HDI [0.05, 0.05] well below threshold=0.42. No meaningful genomic evidence. Note: 18 KO(s) flagged but within acceptable range."
M00615,Nitrate assimilation,0.3,0.081,"K00372,K15576,K15577,K15578,K26138,K26139",,0.5,2,0.15,0.6,0.2998,0.065594,0.4186,0.0023,0.8736,0.2998,0.2998,-0.464,"K15578: outcompeted at locus; below KOfam threshold by 168.2 (score=232.7, threshold=400.9, ratio=0.58) | K26138: outcompeted at locus; below KOfam threshold by 65.5 (score=37.1, threshold=102.6, ratio=0.36) | K26139: outcompeted at locus; below KOfam threshold by 726.0 (score=78.0, threshold=804.0, ratio=0.10)",6,2,"Likely absent: confidence=0.300, posterior mean=0.300 below threshold=0.42. Credible interval [0.00, 0.87] mostly below threshold. Some genomic evidence exists but is insufficient. Note: 6 KO(s) flagged but within acceptable range."
M00616,Sulfate-sulfur assimilation,0.264,0.131,"K00390,K00392,K00860,K00958,K02045,K02046,K02047,K23163",,0.5,2,0.26,0.5,0.2732,0.062055,0.4186,0.0013,0.8535,0.2732,0.2732,-0.584,"K02045: outcompeted at locus; below KOfam threshold by 128.7 (score=311.0, threshold=439.7, ratio=0.71) | K02046: outcompeted at locus; below KOfam threshold by 233.0 (score=45.0, threshold=278.0, ratio=0.16) | K02047: outcompeted at locus; below KOfam threshold by 239.7 (score=37.6, threshold=277.3, ratio=0.14)",6,2,"Likely absent: confidence=0.264, posterior mean=0.273 below threshold=0.42. Credible interval [0.00, 0.85] mostly below threshold. Some genomic evidence exists but is insufficient. Note: 6 KO(s) flagged but within acceptable range."
M00617,,0.04,0.04,"K00200,K00201,K00202,K00203,K00204,K00320,K00399,K00401,K00402,K00577,K00578,K00579,K00580,K00581,K00584,K00672,K01499,K03388,K03389,K03390,K13942",,0.5,1,0.0,0.0,0.0455,0.020661,0.4186,0.0,0.5768,0.0455,0.0455,-2.596,"K00200: outcompeted at locus; below KOfam threshold by 395.1 (score=14.9, threshold=410.0, ratio=0.04) | K00204: outcompeted at locus; below KOfam threshold by 136.5 (score=35.1, threshold=171.6, ratio=0.20) | K00577: below KOfam threshold by 108.8 (score=17.6, threshold=126.4, ratio=0.14) | K03388: outcompeted at locus; below KOfam threshold by 557.4 (score=29.2, threshold=586.6, ratio=0.05) | K03389: outcompeted at locus; below KOfam threshold by 305.3 (score=15.4, threshold=320.7, ratio=0.05) | K03390: outcompeted at locus; below KOfam threshold by 88.0 (score=22.7, threshold=110.7, ratio=0.21) | K13942: outcompeted at locus; below KOfam threshold by 560.9 (score=14.1, threshold=575.0, ratio=0.02)",13,7,"Absent: confidence=0.040, posterior mean=0.045. Credible interval [0.00, 0.58] and HDI [0.05, 0.05] well below threshold=0.42. No meaningful genomic evidence. Note: 13 KO(s) flagged but within acceptable range."
M00618,Acetogen,0.106,0.083,"K00194,K00197,K00198,K00297,K00925,K01491,K01938,K05299,K13788,K14138,K15023",,0.5,2,0.15,0.2,0.139,0.037401,0.4186,0.0,0.6983,0.139,0.139,-1.446,"K00297: outcompeted at locus; below KOfam threshold by 4.8 (score=181.8, threshold=186.6, ratio=0.97) | K01491: below KOfam threshold by 25.9 (score=377.8, threshold=403.7, ratio=0.94) | K05299: outcompeted at locus; below KOfam threshold by 1170.3 (score=15.3, threshold=1185.6, ratio=0.01) | K13788: outcompeted at locus; below KOfam threshold by 483.4 (score=83.5, threshold=566.9, ratio=0.15) | K15023: outcompeted at locus; below KOfam threshold by 77.0 (score=191.4, threshold=268.4, ratio=0.71)",9,2,"Likely absent: confidence=0.106, posterior mean=0.139 below threshold=0.42. Credible interval [0.00, 0.70] mostly below threshold. Some genomic evidence exists but is insufficient. Note: 9 KO(s) flagged but within acceptable range."
M00620,,0.005,0.001,"K00024,K00169,K00170,K00171,K00172,K00174,K00175,K00176,K00177,K01677,K01678,K01902,K01903,K01959,K01960,K18209,K18210","R00342,R00344,R00405,R01082,R01196,R01197,R10660",0.0,7,0.19,0.5,0.0599,0.006476,0.4186,0.0,0.2914,0.0599,0.0599,-4.457,"K00024: outcompeted at locus; below KOfam threshold by 326.4 (score=31.1, threshold=357.5, ratio=0.09) | K00169: outcompeted at locus; below KOfam threshold by 273.1 (score=26.5, threshold=299.6, ratio=0.09) | K00171: outcompeted at locus; below KOfam threshold by 71.5 (score=26.9, threshold=98.4, ratio=0.27) | K00172: outcompeted at locus; below KOfam threshold by 124.9 (score=26.1, threshold=151.0, ratio=0.17) | K00174: outcompeted at locus; below KOfam threshold by 230.8 (score=31.4, threshold=262.2, ratio=0.12) | K00176: outcompeted at locus; below KOfam threshold by 24.8 (score=42.9, threshold=67.7, ratio=0.63) | K01903: outcompeted at locus; below KOfam threshold by 476.3 (score=26.3, threshold=502.6, ratio=0.05) | K01959: outcompeted at locus; below KOfam threshold by 24.2 (score=720.2, threshold=744.4, ratio=0.97) | K01960: outcompeted at locus; below KOfam threshold by 703.8 (score=46.6, threshold=750.4, ratio=0.06) | K18209: outcompeted at locus; below KOfam threshold by 281.4 (score=369.4, threshold=650.8, ratio=0.57) | K18210: outcompeted at locus; below KOfam threshold by 315.3 (score=14.7, threshold=330.0, ratio=0.04)",22,8,"Absent: confidence=0.005, posterior mean=0.060. Credible interval [0.00, 0.29] and HDI [0.06, 0.06] well below threshold=0.42. No meaningful genomic evidence. Note: 22 KO(s) flagged but within acceptable range."
M00621,Glycine cleavage system,0.969,0.928,"K00281,K00382,K00605","R01221,R03425,R03815,R04125",0.604,3,2.38,2.6,0.8568,0.02853,0.4186,0.3913,0.9999,0.8568,0.8568,2.594,,0,0,"Likely present: confidence=0.969 and posterior mean=0.857 above threshold=0.42, but credible interval [0.39, 1.00] extends below threshold. HDI [0.86, 0.86], effect size=2.59."
M00622,"Nicotinate degradation, nicotinate => fumarate",0.001,0.001,"K01799,K13995,K14974,K15357,K18028,K18029,K18030","R01087,R03540,R08764,R09125,R09126,R09473",0.04,6,0.05,0.1,0.017,0.002194,0.4186,0.0,0.1599,0.017,0.017,-8.575,"K14974: outcompeted at locus; below KOfam threshold by 454.8 (score=18.9, threshold=473.7, ratio=0.04) | K15357: outcompeted at locus; below KOfam threshold by 181.8 (score=40.5, threshold=222.3, ratio=0.18) | K18029: outcompeted at locus; below KOfam threshold by 201.7 (score=20.6, threshold=222.3, ratio=0.09)",6,3,"Absent: confidence=0.001, posterior mean=0.017. Credible interval [0.00, 0.16] and HDI [0.02, 0.02] well below threshold=0.42. No meaningful genomic evidence. Note: 6 KO(s) flagged but within acceptable range."
M00623,"Phthalate degradation, phthalate => protocatechuate",0.001,0.001,"K04102,K18067,K18068,K18069","R01635,R03630,R05275",0.011,3,0.0,0.0,0.0021,0.000482,0.4186,0.0,0.0051,0.0021,0.0021,-18.97,"K18068: outcompeted at locus; below KOfam threshold by 253.6 (score=90.8, threshold=344.4, ratio=0.26) | K18069: outcompeted at locus; below KOfam threshold by 325.5 (score=47.9, threshold=373.4, ratio=0.13)",4,2,"Absent: confidence=0.001, posterior mean=0.002. Credible interval [0.00, 0.01] and HDI [0.00, 0.00] well below threshold=0.42. No meaningful genomic evidence. Note: 4 KO(s) flagged but within acceptable range."
M00624,"Terephthalate degradation, terephthalate => 3,4-dihydroxybenzoate",0.0,0.0,"K18074,K18075,K18076,K18077","R01633,R05148",0.0,2,0.0,0.0,0.0,1.2e-05,0.4186,0.0,0.0,0.0,0.0,-122.976,"K18074: outcompeted at locus; below KOfam threshold by 775.8 (score=17.8, threshold=793.6, ratio=0.02) | K18076: outcompeted at locus; below KOfam threshold by 346.0 (score=126.9, threshold=472.9, ratio=0.27) | K18077: outcompeted at locus; below KOfam threshold by 429.5 (score=54.1, threshold=483.6, ratio=0.11)",6,3,"Absent: confidence=0.000, posterior mean=0.000. Credible interval [0.00, 0.00] and HDI [0.00, 0.00] well below threshold=0.42. No meaningful genomic evidence. Note: 6 KO(s) flagged but within acceptable range."
M00625,Methicillin resistance,0.0,0.0,"K02545,K02546,K02547",,0.001,3,0.0,0.0,0.0004,9.2e-05,0.4186,0.0,0.0,0.0004,0.0004,-43.617,"K02545: outcompeted at locus; below KOfam threshold by 859.1 (score=73.5, threshold=932.6, ratio=0.08)",2,1,"Absent: confidence=0.000, posterior mean=0.000. Credible interval [0.00, 0.00] and HDI [0.00, 0.00] well below threshold=0.42. No meaningful genomic evidence. Note: 2 KO(s) flagged but within acceptable range."
M00627,"beta-Lactam resistance, Bla system",0.961,0.828,"K02171,K02172,K17836",,0.176,3,2.13,2.7,0.8379,0.03158,0.4186,0.3618,0.9997,0.8379,0.8379,2.36,"K02172: below KOfam threshold by 128.2 (score=12.0, threshold=140.2, ratio=0.09) | K17836: below KOfam threshold by 47.0 (score=44.7, threshold=91.7, ratio=0.49)",2,2,"Dubious: confidence=0.961 but 2 KO(s) on best path score below 50% of their KOfam threshold. Credible interval [0.36, 1.00], HDI [0.84, 0.84]. Module detection may be based on weak or spurious HMM hits. DOWNGRADED due to: K02172: below KOfam threshold by 128.2 (score=12.0, threshold=140.2, ratio=0.09) | K17836: below KOfam threshold by 47.0 (score=44.7, threshold=91.7, ratio=0.49)"
M00631,"D-Galacturonate degradation (bacteria), D-galacturonate => pyruvate + D-glyceraldehyde 3P",0.294,0.164,"K00041,K00874,K01625,K01685,K01812","R01540,R01541,R01983,R02555,R05605",0.155,5,1.27,1.7,0.3242,0.033704,0.4186,0.0427,0.7227,0.016,0.6687,-0.514,"K00874: outcompeted at locus; below KOfam threshold by 206.1 (score=40.9, threshold=247.0, ratio=0.17) | K01625: below KOfam threshold by 151.6 (score=36.8, threshold=188.4, ratio=0.20)",3,2,"Likely absent: confidence=0.294, posterior mean=0.324 below threshold=0.42. Credible interval [0.04, 0.72] mostly below threshold. Some genomic evidence exists but is insufficient. Note: 3 KO(s) flagged but within acceptable range."
M00632,"Galactose degradation, Leloir pathway, galactose => alpha-D-glucose-1P",0.778,0.485,"K00849,K00965,K01784,K01785","R00291,R00955,R01092,R10619",0.496,4,1.66,2.4,0.5951,0.044623,0.4186,0.1697,0.9419,0.2072,0.967,0.835,"K00849: outcompeted at locus; below KOfam threshold by 348.5 (score=18.4, threshold=366.9, ratio=0.05) | K00965: outcompeted at locus; below KOfam threshold by 224.9 (score=10.6, threshold=235.5, ratio=0.05)",4,2,"Uncertain: confidence=0.778 with credible interval [0.17, 0.94] straddling threshold=0.42. Posterior mean=0.595, HDI [0.21, 0.97]. Module may be present but evidence is inconclusive. Note: 4 KO(s) flagged but within acceptable range."
M00633,,0.0,0.0,"K05308,K11395,K18126,K18978","R01058,R01064,R01538,R01541,R03033,R03387,R05605,R10860",0.001,4,0.0,0.0,0.0002,3e-05,0.4186,0.0,0.0,0.0002,0.0002,-76.195,"K05308: outcompeted at locus; below KOfam threshold by 390.8 (score=24.8, threshold=415.6, ratio=0.06) | K11395: outcompeted at locus; below KOfam threshold by 201.3 (score=118.3, threshold=319.6, ratio=0.37) | K18126: outcompeted at locus; below KOfam threshold by 390.7 (score=42.0, threshold=432.7, ratio=0.10) | K18978: outcompeted at locus; below KOfam threshold by 381.2 (score=184.9, threshold=566.1, ratio=0.33)",8,4,"Absent: confidence=0.000, posterior mean=0.000. Credible interval [0.00, 0.00] and HDI [0.00, 0.00] well below threshold=0.42. No meaningful genomic evidence. Note: 8 KO(s) flagged but within acceptable range."
M00636,"Phthalate degradation, phthalate => protocatechuate",0.0,0.0,"K18251,K18252,K18255,K18256","R01634,R09227,R09228",0.001,3,0.0,0.0,0.0002,5.1e-05,0.4186,0.0,0.0,0.0002,0.0002,-58.674,"K18251: outcompeted at locus; below KOfam threshold by 1109.5 (score=17.5, threshold=1127.0, ratio=0.02) | K18255: outcompeted at locus; below KOfam threshold by 542.6 (score=32.3, threshold=574.9, ratio=0.06)",4,2,"Absent: confidence=0.000, posterior mean=0.000. Credible interval [0.00, 0.00] and HDI [0.00, 0.00] well below threshold=0.42. No meaningful genomic evidence. Note: 4 KO(s) flagged but within acceptable range."
M00637,"Anthranilate degradation, anthranilate => catechol",0.002,0.002,"K05599,K05600,K11311","R00823,R00825",0.025,1,0.0,0.0,0.0023,0.001087,0.4186,0.0,0.0,0.0023,0.0023,-12.629,"K05599: outcompeted at locus; below KOfam threshold by 815.9 (score=38.9, threshold=854.8, ratio=0.05) | K11311: outcompeted at locus; below KOfam threshold by 404.5 (score=65.1, threshold=469.6, ratio=0.14)",4,2,"Absent: confidence=0.002, posterior mean=0.002. Credible interval [0.00, 0.00] and HDI [0.00, 0.00] well below threshold=0.42. No meaningful genomic evidence. Note: 4 KO(s) flagged but within acceptable range."
M00638,"Salicylate degradation, salicylate => gentisate",0.001,0.001,"K14578,K14581,K18242,K18243","R07709,R07710",0.012,1,0.0,0.0,0.0011,0.000529,0.4186,0.0,0.0,0.0011,0.0011,-18.144,"K14578: outcompeted at locus; below KOfam threshold by 95.4 (score=36.2, threshold=131.6, ratio=0.28) | K14581: outcompeted at locus; below KOfam threshold by 322.4 (score=65.5, threshold=387.9, ratio=0.17) | K18242: outcompeted at locus; below KOfam threshold by 550.4 (score=41.3, threshold=591.7, ratio=0.07)",6,3,"Absent: confidence=0.001, posterior mean=0.001. Credible interval [0.00, 0.00] and HDI [0.00, 0.00] well below threshold=0.42. No meaningful genomic evidence. Note: 6 KO(s) flagged but within acceptable range."
M00639,"Multidrug resistance, efflux pump MexCD-OprJ",0.004,0.004,"K18294,K18295,K18296",,0.011,2,0.01,0.0,0.0071,0.002217,0.4186,0.0,0.072,0.0071,0.0071,-8.739,"K18295: outcompeted at locus; below KOfam threshold by 361.7 (score=98.2, threshold=459.9, ratio=0.21)",2,1,"Absent: confidence=0.004, posterior mean=0.007. Credible interval [0.00, 0.07] and HDI [0.01, 0.01] well below threshold=0.42. No meaningful genomic evidence. Note: 2 KO(s) flagged but within acceptable range."
M00641,"Multidrug resistance, efflux pump MexEF-OprN",0.024,0.006,"K18297,K18298,K18299",,0.009,2,0.02,0.1,0.0406,0.012185,0.4186,0.0,0.4128,0.0406,0.0406,-3.424,"K18297: outcompeted at locus; below KOfam threshold by 208.1 (score=40.7, threshold=248.8, ratio=0.16) | K18298: outcompeted at locus; below KOfam threshold by 414.4 (score=92.8, threshold=507.2, ratio=0.18) | K18299: outcompeted at locus; below KOfam threshold by 1689.8 (score=22.2, threshold=1712.0, ratio=0.01)",6,3,"Absent: confidence=0.024, posterior mean=0.041. Credible interval [0.00, 0.41] and HDI [0.04, 0.04] well below threshold=0.42. No meaningful genomic evidence. Note: 6 KO(s) flagged but within acceptable range."
M00642,"Multidrug resistance, efflux pump MexJK-OprM",0.08,0.048,"K18301,K18302,K18303",,0.053,2,0.15,0.2,0.1111,0.030865,0.4186,0.0,0.646,0.1111,0.1111,-1.75,"K18302: outcompeted at locus; below KOfam threshold by 177.0 (score=180.2, threshold=357.2, ratio=0.50) | K18303: outcompeted at locus; below KOfam threshold by 1290.6 (score=31.0, threshold=1321.6, ratio=0.02)",4,1,"Likely absent: confidence=0.080, posterior mean=0.111 below threshold=0.42. Credible interval [0.00, 0.65] mostly below threshold. Some genomic evidence exists but is insufficient. Note: 4 KO(s) flagged but within acceptable range."
M00643,"Multidrug resistance, efflux pump MexXY-OprM",0.001,0.001,"K18094,K18095,K18129,K18139",,0.011,2,0.0,0.0,0.0013,0.000402,0.4186,0.0,0.0,0.0013,0.0013,-20.813,"K18094: outcompeted at locus; below KOfam threshold by 473.6 (score=38.6, threshold=512.2, ratio=0.08) | K18139: outcompeted at locus; below KOfam threshold by 328.2 (score=94.2, threshold=422.4, ratio=0.22)",4,2,"Absent: confidence=0.001, posterior mean=0.001. Credible interval [0.00, 0.00] and HDI [0.00, 0.00] well below threshold=0.42. No meaningful genomic evidence. Note: 4 KO(s) flagged but within acceptable range."
M00649,"Multidrug resistance, efflux pump AdeABC",0.002,0.002,"K18143,K18144,K18145,K18146",,0.019,3,0.01,0.0,0.0061,0.001413,0.4186,0.0,0.0672,0.0061,0.0061,-10.974,"K18143: outcompeted at locus; below KOfam threshold by 179.8 (score=121.5, threshold=301.3, ratio=0.40) | K18144: outcompeted at locus; below KOfam threshold by 82.5 (score=182.5, threshold=265.0, ratio=0.69) | K18145: outcompeted at locus; below KOfam threshold by 378.8 (score=71.4, threshold=450.2, ratio=0.16)",6,2,"Absent: confidence=0.002, posterior mean=0.006. Credible interval [0.00, 0.07] and HDI [0.01, 0.01] well below threshold=0.42. No meaningful genomic evidence. Note: 6 KO(s) flagged but within acceptable range."
M00651,"Vancomycin resistance, D-Ala-D-Lac type",0.0,0.0,"K07260,K08641,K15739,K18344,K18345,K18346,K18347",,0.002,2,0.0,0.0,0.0008,0.000245,0.4186,0.0,0.0,0.0008,0.0008,-26.679,"K15739: outcompeted at locus; below KOfam threshold by 531.2 (score=17.3, threshold=548.5, ratio=0.03) | K18344: outcompeted at locus; below KOfam threshold by 45.2 (score=192.6, threshold=237.8, ratio=0.81) | K18345: below KOfam threshold by 130.8 (score=214.2, threshold=345.0, ratio=0.62) | K18347: outcompeted at locus; below KOfam threshold by 412.4 (score=13.6, threshold=426.0, ratio=0.03)",7,2,"Absent: confidence=0.000, posterior mean=0.001. Credible interval [0.00, 0.00] and HDI [0.00, 0.00] well below threshold=0.42. No meaningful genomic evidence. Note: 7 KO(s) flagged but within acceptable range."
M00652,"Vancomycin resistance, D-Ala-D-Ser type",0.075,0.049,"K18348,K18349,K18350,K18856,K18866",,0.017,5,0.74,0.9,0.1689,0.021592,0.4186,0.0041,0.5413,0.1689,0.1689,-1.7,"K18348: outcompeted at locus; below KOfam threshold by 175.4 (score=332.5, threshold=507.9, ratio=0.65) | K18349: outcompeted at locus; below KOfam threshold by 80.0 (score=222.4, threshold=302.4, ratio=0.74) | K18350: below KOfam threshold by 118.4 (score=149.4, threshold=267.8, ratio=0.56) | K18856: outcompeted at locus; below KOfam threshold by 419.1 (score=24.2, threshold=443.3, ratio=0.05) | K18866: outcompeted at locus; below KOfam threshold by 163.8 (score=75.1, threshold=238.9, ratio=0.31)",9,2,"Likely absent: confidence=0.075, posterior mean=0.169 below threshold=0.42. Credible interval [0.00, 0.54] mostly below threshold. Some genomic evidence exists but is insufficient. Note: 9 KO(s) flagged but within acceptable range."
M00660,"Xanthomonas spp. pathogenicity signature, T3SS and effectors",0.0,0.0,"K03222,K03223,K03224,K03225,K03226,K03227,K03228,K03229,K03230,K18373,K18374,K18375,K18376,K18377,K18378,K18379,K18380,K18381",,0.002,8,0.01,0.1,0.0068,0.000688,0.4186,0.0,0.0769,0.0068,0.0068,-15.702,"K03223: outcompeted at locus; below KOfam threshold by 96.8 (score=16.6, threshold=113.4, ratio=0.15) | K03224: outcompeted at locus; below KOfam threshold by 424.8 (score=196.9, threshold=621.7, ratio=0.32) | K03230: below KOfam threshold by 745.2 (score=11.1, threshold=756.3, ratio=0.01)",5,3,"Absent: confidence=0.000, posterior mean=0.007. Credible interval [0.00, 0.08] and HDI [0.01, 0.01] well below threshold=0.42. No meaningful genomic evidence. Note: 5 KO(s) flagged but within acceptable range."
M00664,Nodulation,0.005,0.005,"K14657,K14658,K14659,K14666",,0.013,4,0.1,0.1,0.0248,0.004484,0.4186,0.0,0.2356,0.0248,0.0248,-5.88,"K14657: outcompeted at locus; below KOfam threshold by 206.2 (score=46.5, threshold=252.7, ratio=0.18) | K14666: outcompeted at locus; below KOfam threshold by 360.2 (score=51.6, threshold=411.8, ratio=0.13)",4,2,"Absent: confidence=0.005, posterior mean=0.025. Credible interval [0.00, 0.24] and HDI [0.02, 0.02] well below threshold=0.42. No meaningful genomic evidence. Note: 4 KO(s) flagged but within acceptable range."
M00673,"Cephamycin C biosynthesis, aminoadipate + cycteine + valine => cephamycin C",0.0,0.0,"K04126,K04127,K04128,K12743,K12744,K12745,K18062,K18063","R04147,R04870,R04872,R05229,R05230,R05301,R05302,R05303",0.001,8,0.01,0.0,0.0015,0.000151,0.4186,0.0,0.0106,0.0015,0.0015,-33.983,"K04127: outcompeted at locus; below KOfam threshold by 260.1 (score=143.3, threshold=403.4, ratio=0.36) | K04128: outcompeted at locus; below KOfam threshold by 430.8 (score=207.2, threshold=638.0, ratio=0.32) | K12743: outcompeted at locus; below KOfam threshold by 4777.9 (score=14.6, threshold=4792.5, ratio=0.00)",6,3,"Absent: confidence=0.000, posterior mean=0.001. Credible interval [0.00, 0.01] and HDI [0.00, 0.00] well below threshold=0.42. No meaningful genomic evidence. Note: 6 KO(s) flagged but within acceptable range."
M00674,"Clavaminate biosynthesis, arginine + glyceraldehyde-3P => clavaminate",0.0,0.0,"K12673,K12674,K12675,K12676","R05357,R05465,R05466,R05467,R05468,R05469",0.001,4,0.0,0.0,0.0001,2.5e-05,0.4186,0.0,0.0,0.0001,0.0001,-82.986,"K12673: outcompeted at locus; below KOfam threshold by 759.7 (score=17.5, threshold=777.2, ratio=0.02) | K12674: outcompeted at locus; below KOfam threshold by 633.6 (score=17.6, threshold=651.2, ratio=0.03) | K12676: outcompeted at locus; below KOfam threshold by 323.1 (score=168.9, threshold=492.0, ratio=0.34)",6,3,"Absent: confidence=0.000, posterior mean=0.000. Credible interval [0.00, 0.00] and HDI [0.00, 0.00] well below threshold=0.42. No meaningful genomic evidence. Note: 6 KO(s) flagged but within acceptable range."
M00675,"Carbapenem-3-carboxylate biosynthesis, pyrroline-5-carboxylate + malonyl-CoA => carbapenem-3-carboxylate",0.0,0.0,"K18315,K18316,K18317","R10415,R10485,R10556",0.001,3,0.0,0.0,0.0001,3e-05,0.4186,0.0,0.0,0.0001,0.0001,-76.067,"K18316: outcompeted at locus; below KOfam threshold by 623.4 (score=17.0, threshold=640.4, ratio=0.03) | K18317: outcompeted at locus; below KOfam threshold by 283.4 (score=53.1, threshold=336.5, ratio=0.16)",4,2,"Absent: confidence=0.000, posterior mean=0.000. Credible interval [0.00, 0.00] and HDI [0.00, 0.00] well below threshold=0.42. No meaningful genomic evidence. Note: 4 KO(s) flagged but within acceptable range."
M00696,"Multidrug resistance, efflux pump AcrEF-TolC",0.002,0.002,"K12340,K18140,K18141,K18142",,0.021,2,0.0,0.0,0.0039,0.001208,0.4186,0.0,0.0173,0.0039,0.0039,-11.933,"K12340: outcompeted at locus; below KOfam threshold by 68.0 (score=177.0, threshold=245.0, ratio=0.72) | K18141: outcompeted at locus; below KOfam threshold by 505.5 (score=76.9, threshold=582.4, ratio=0.13)",4,1,"Absent: confidence=0.002, posterior mean=0.004. Credible interval [0.00, 0.02] and HDI [0.00, 0.00] well below threshold=0.42. No meaningful genomic evidence. Note: 4 KO(s) flagged but within acceptable range."
M00697,"Multidrug resistance, efflux pump MdtEF-TolC",0.001,0.001,"K07690,K12340,K18898,K18899",,0.002,2,0.01,0.0,0.0025,0.000781,0.4186,0.0,0.0033,0.0025,0.0025,-14.893,"K07690: outcompeted at locus; below KOfam threshold by 168.2 (score=69.7, threshold=237.9, ratio=0.29) | K12340: outcompeted at locus; below KOfam threshold by 68.0 (score=177.0, threshold=245.0, ratio=0.72) | K18898: outcompeted at locus; below KOfam threshold by 425.0 (score=109.1, threshold=534.1, ratio=0.20)",6,2,"Absent: confidence=0.001, posterior mean=0.003. Credible interval [0.00, 0.00] and HDI [0.00, 0.00] well below threshold=0.42. No meaningful genomic evidence. Note: 6 KO(s) flagged but within acceptable range."
M00698,"Multidrug resistance, efflux pump BpeEF-OprC",0.041,0.036,"K18900,K18901,K18902,K18903",,0.021,2,0.12,0.1,0.0646,0.01889,0.4186,0.0,0.5199,0.0646,0.0646,-2.575,"K18900: outcompeted at locus; below KOfam threshold by 236.1 (score=102.4, threshold=338.5, ratio=0.30) | K18901: outcompeted at locus; below KOfam threshold by 321.1 (score=129.2, threshold=450.3, ratio=0.29) | K18902: outcompeted at locus; below KOfam threshold by 1823.6 (score=19.9, threshold=1843.5, ratio=0.01) | K18903: outcompeted at locus; below KOfam threshold by 403.1 (score=66.2, threshold=469.3, ratio=0.14)",8,4,"Absent: confidence=0.041, posterior mean=0.065. Credible interval [0.00, 0.52] and HDI [0.06, 0.06] well below threshold=0.42. No meaningful genomic evidence. Note: 8 KO(s) flagged but within acceptable range."
M00700,"Multidrug resistance, efflux pump AbcA",0.006,0.005,"K18104,K18907",,0.036,2,0.01,0.0,0.0115,0.003562,0.4186,0.0,0.1458,0.0115,0.0115,-6.82,"K18104: outcompeted at locus; below KOfam threshold by 184.4 (score=462.6, threshold=647.0, ratio=0.71) | K18907: outcompeted at locus; below KOfam threshold by 366.7 (score=29.6, threshold=396.3, ratio=0.07)",4,1,"Absent: confidence=0.006, posterior mean=0.012. Credible interval [0.00, 0.15] and HDI [0.01, 0.01] well below threshold=0.42. No meaningful genomic evidence. Note: 4 KO(s) flagged but within acceptable range."
M00702,"Multidrug resistance, efflux pump NorB",0.003,0.002,"K08170,K18907",,0.015,2,0.01,0.0,0.0056,0.00173,0.4186,0.0,0.044,0.0056,0.0056,-9.932,"K08170: outcompeted at locus; below KOfam threshold by 345.9 (score=33.8, threshold=379.7, ratio=0.09) | K18907: outcompeted at locus; below KOfam threshold by 366.7 (score=29.6, threshold=396.3, ratio=0.07)",4,2,"Absent: confidence=0.003, posterior mean=0.006. Credible interval [0.00, 0.04] and HDI [0.01, 0.01] well below threshold=0.42. No meaningful genomic evidence. Note: 4 KO(s) flagged but within acceptable range."
M00704,"Tetracycline resistance, efflux pump Tet38",0.002,0.002,"K08168,K18906",,0.006,2,0.01,0.0,0.004,0.001232,0.4186,0.0,0.0183,0.004,0.004,-11.814,"K08168: outcompeted at locus; below KOfam threshold by 186.3 (score=80.1, threshold=266.4, ratio=0.30) | K18906: outcompeted at locus; below KOfam threshold by 135.4 (score=30.9, threshold=166.3, ratio=0.19)",4,2,"Absent: confidence=0.002, posterior mean=0.004. Credible interval [0.00, 0.02] and HDI [0.00, 0.00] well below threshold=0.42. No meaningful genomic evidence. Note: 4 KO(s) flagged but within acceptable range."
M00705,"Multidrug resistance, efflux pump MepA",0.74,0.526,"K18908,K18909",,0.016,2,1.0,1.4,0.6178,0.073785,0.4186,0.0768,0.991,0.6178,0.6178,0.734,"K18909: below KOfam threshold by 70.6 (score=44.8, threshold=115.4, ratio=0.39)",1,1,"Uncertain: confidence=0.740 with credible interval [0.08, 0.99] straddling threshold=0.42. Posterior mean=0.618, HDI [0.62, 0.62]. Module may be present but evidence is inconclusive. Note: 1 KO(s) flagged but within acceptable range."
M00714,"Multidrug resistance, efflux pump QacA",0.012,0.012,"K08167,K18938",,0.001,2,0.05,0.0,0.0211,0.006458,0.4186,0.0,0.2662,0.0211,0.0211,-4.946,"K08167: outcompeted at locus; below KOfam threshold by 390.5 (score=34.9, threshold=425.4, ratio=0.08)",2,1,"Absent: confidence=0.012, posterior mean=0.021. Credible interval [0.00, 0.27] and HDI [0.02, 0.02] well below threshold=0.42. No meaningful genomic evidence. Note: 2 KO(s) flagged but within acceptable range."
M00718,"Multidrug resistance, efflux pump MexAB-OprM",0.001,0.0,"K03585,K18131,K18138,K18139",,0.001,2,0.0,0.0,0.0025,0.000766,0.4186,0.0,0.003,0.0025,0.0025,-15.039,"K03585: outcompeted at locus; below KOfam threshold by 96.0 (score=162.6, threshold=258.6, ratio=0.63) | K18131: outcompeted at locus; below KOfam threshold by 127.8 (score=15.2, threshold=143.0, ratio=0.11) | K18138: outcompeted at locus; below KOfam threshold by 1016.0 (score=39.4, threshold=1055.4, ratio=0.04) | K18139: outcompeted at locus; below KOfam threshold by 328.2 (score=94.2, threshold=422.4, ratio=0.22)",8,3,"Absent: confidence=0.001, posterior mean=0.002. Credible interval [0.00, 0.00] and HDI [0.00, 0.00] well below threshold=0.42. No meaningful genomic evidence. Note: 8 KO(s) flagged but within acceptable range."
M00725,"Cationic antimicrobial peptide (CAMP) resistance, dltABCD operon",0.0,0.0,"K03367,K03739,K03740,K14188,K19077,K19078",,0.01,3,0.0,0.0,0.0013,0.000294,0.4186,0.0,0.0005,0.0013,0.0013,-24.359,"K03367: outcompeted at locus; below KOfam threshold by 587.5 (score=20.8, threshold=608.3, ratio=0.03) | K14188: outcompeted at locus; below KOfam threshold by 13.1 (score=45.7, threshold=58.8, ratio=0.78) | K19077: outcompeted at locus; below KOfam threshold by 337.8 (score=92.1, threshold=429.9, ratio=0.21) | K19078: outcompeted at locus; below KOfam threshold by 217.2 (score=148.4, threshold=365.6, ratio=0.41)",8,3,"Absent: confidence=0.000, posterior mean=0.001. Credible interval [0.00, 0.00] and HDI [0.00, 0.00] well below threshold=0.42. No meaningful genomic evidence. Note: 8 KO(s) flagged but within acceptable range."
M00726,"Cationic antimicrobial peptide (CAMP) resistance, lysyl-phosphatidylglycerol (L-PG) synthase MprF",0.02,0.019,"K14205,K19077,K19078",,0.01,3,0.16,0.2,0.0483,0.010695,0.4186,0.0,0.3813,0.0483,0.0483,-3.58,"K14205: outcompeted at locus; below KOfam threshold by 360.1 (score=22.8, threshold=382.9, ratio=0.06) | K19077: outcompeted at locus; below KOfam threshold by 337.8 (score=92.1, threshold=429.9, ratio=0.21) | K19078: outcompeted at locus; below KOfam threshold by 217.2 (score=148.4, threshold=365.6, ratio=0.41)",6,3,"Absent: confidence=0.020, posterior mean=0.048. Credible interval [0.00, 0.38] and HDI [0.05, 0.05] well below threshold=0.42. No meaningful genomic evidence. Note: 6 KO(s) flagged but within acceptable range."
M00730,"Cationic antimicrobial peptide (CAMP) resistance, VraFG transporter",0.0,0.0,"K19077,K19078,K19079,K19080",,0.005,3,0.0,0.0,0.0008,0.000188,0.4186,0.0,0.0,0.0008,0.0008,-30.473,"K19077: outcompeted at locus; below KOfam threshold by 337.8 (score=92.1, threshold=429.9, ratio=0.21) | K19078: outcompeted at locus; below KOfam threshold by 217.2 (score=148.4, threshold=365.6, ratio=0.41) | K19079: outcompeted at locus; below KOfam threshold by 251.9 (score=209.0, threshold=460.9, ratio=0.45) | K19080: outcompeted at locus; below KOfam threshold by 913.9 (score=14.2, threshold=928.1, ratio=0.02)",8,4,"Absent: confidence=0.000, posterior mean=0.001. Credible interval [0.00, 0.00] and HDI [0.00, 0.00] well below threshold=0.42. No meaningful genomic evidence. Note: 8 KO(s) flagged but within acceptable range."
M00736,"Nocardicin A biosynthesis, L-pHPG + arginine + serine => nocardicin A",0.0,0.0,"K05375,K19102,K19103,K19104,K19105,K19106","R03072,R03073,R10880,R10881,R10882,R10883",0.0,4,0.0,0.0,0.0001,2.6e-05,0.4186,0.0,0.0,0.0001,0.0001,-81.564,"K19104: outcompeted at locus; below KOfam threshold by 199.9 (score=16.0, threshold=215.9, ratio=0.07)",2,1,"Absent: confidence=0.000, posterior mean=0.000. Credible interval [0.00, 0.00] and HDI [0.00, 0.00] well below threshold=0.42. No meaningful genomic evidence. Note: 2 KO(s) flagged but within acceptable range."
M00740,,0.019,0.009,"K00024,K00031,K00261,K01647,K01846,K04835,K14449,K19268,K19280,K19281,K19282,K27802","R00248,R00262,R00268,R00342,R00351,R00473,R00934,R01325,R01899,R01900,R03696,R05076,R10612,R10904",0.001,11,1.55,1.9,0.1589,0.010205,0.4186,0.0204,0.4011,0.005,0.3544,-2.57,"K00024: outcompeted at locus; below KOfam threshold by 326.4 (score=31.1, threshold=357.5, ratio=0.09) | K00031: outcompeted at locus | K01846: outcompeted at locus; below KOfam threshold by 67.6 (score=35.6, threshold=103.2, ratio=0.34) | K04835: outcompeted at locus; below KOfam threshold by 414.6 (score=16.5, threshold=431.1, ratio=0.04)",7,3,"Absent: confidence=0.019, posterior mean=0.159. Credible interval [0.02, 0.40] and HDI [0.01, 0.35] well below threshold=0.42. No meaningful genomic evidence. Note: 7 KO(s) flagged but within acceptable range."
M00741,"Propanoyl-CoA metabolism, propanoyl-CoA => succinyl-CoA",0.063,0.028,"K01847,K05606,K11263,K18472","R00833,R01859,R02765",0.088,3,0.18,0.4,0.115,0.023661,0.4186,0.0,0.5584,0.115,0.115,-1.974,"K01847: outcompeted at locus; below KOfam threshold by 659.0 (score=11.0, threshold=670.0, ratio=0.02) | K05606: outcompeted at locus; below KOfam threshold by 22.9 (score=49.6, threshold=72.5, ratio=0.68) | K11263: outcompeted at locus; below KOfam threshold by 120.0 (score=714.5, threshold=834.5, ratio=0.86) | K18472: outcompeted at locus; below KOfam threshold by 593.9 (score=16.2, threshold=610.1, ratio=0.03)",8,2,"Likely absent: confidence=0.063, posterior mean=0.115 below threshold=0.42. Credible interval [0.00, 0.56] mostly below threshold. Some genomic evidence exists but is insufficient. Note: 8 KO(s) flagged but within acceptable range."
M00744,"Cationic antimicrobial peptide (CAMP) resistance, protease PgtE",0.02,0.014,"K07637,K07660,K08477",,0.0,3,0.12,0.2,0.0491,0.010859,0.4186,0.0,0.3843,0.0491,0.0491,-3.546,"K07637: outcompeted at locus; below KOfam threshold by 136.5 (score=96.1, threshold=232.6, ratio=0.41) | K07660: outcompeted at locus; below KOfam threshold by 86.8 (score=203.4, threshold=290.2, ratio=0.70)",4,1,"Absent: confidence=0.020, posterior mean=0.049. Credible interval [0.00, 0.38] and HDI [0.05, 0.05] well below threshold=0.42. No meaningful genomic evidence. Note: 4 KO(s) flagged but within acceptable range."
M00745,"Imipenem resistance, repression of porin OprD",0.091,0.017,"K18093,K18297",,0.036,2,0.06,0.3,0.1229,0.033687,0.4186,0.0,0.6696,0.1229,0.1229,-1.611,"K18297: outcompeted at locus; below KOfam threshold by 208.1 (score=40.7, threshold=248.8, ratio=0.16)",2,1,"Likely absent: confidence=0.091, posterior mean=0.123 below threshold=0.42. Credible interval [0.00, 0.67] mostly below threshold. Some genomic evidence exists but is insufficient. Note: 2 KO(s) flagged but within acceptable range."
M00746,"Multidrug resistance, repression of porin OmpF",0.001,0.001,"K09476,K13632,K18513",,0.001,3,0.01,0.0,0.0036,0.000831,0.4186,0.0,0.0251,0.0036,0.0036,-14.396,,0,0,"Absent: confidence=0.001, posterior mean=0.004. Credible interval [0.00, 0.03] and HDI [0.00, 0.00] well below threshold=0.42. No meaningful genomic evidence."
M00761,"Undecaprenylphosphate alpha-L-Ara4N biosynthesis, UDP-GlcA => undecaprenyl phosphate alpha-L-Ara4N",0.571,0.392,"K00012,K07806,K10011,K10012,K13014","R07658,R07659,R07660,R07661,R07662",0.074,5,2.03,2.5,0.4629,0.03825,0.4186,0.1117,0.8392,0.1031,0.8278,0.227,"K07806: outcompeted at locus; below KOfam threshold by 252.2 (score=227.8, threshold=480.0, ratio=0.47) | K10011: outcompeted at locus; below KOfam threshold by 504.5 (score=138.1, threshold=642.6, ratio=0.21) | K10012: below KOfam threshold by 54.6 (score=281.4, threshold=336.0, ratio=0.84)",5,2,"Uncertain: confidence=0.571 with credible interval [0.11, 0.84] straddling threshold=0.42. Posterior mean=0.463, HDI [0.10, 0.83]. Module may be present but evidence is inconclusive. Note: 5 KO(s) flagged but within acceptable range."
M00763,,0.002,0.002,K05826,,0.01,1,0.0,0.0,0.0021,0.000981,0.4186,0.0,0.0,0.0021,0.0021,-13.302,,0,0,"Absent: confidence=0.002, posterior mean=0.002. Credible interval [0.00, 0.00] and HDI [0.00, 0.00] well below threshold=0.42. No meaningful genomic evidence."
M00769,"Multidrug resistance, efflux pump MexPQ-OpmE",0.031,0.031,"K18304,K19591,K19593,K19594,K19595",,0.0,3,0.23,0.2,0.0688,0.014891,0.4186,0.0,0.4498,0.0688,0.0688,-2.867,"K18304: outcompeted at locus; below KOfam threshold by 204.0 (score=12.4, threshold=216.4, ratio=0.06) | K19593: outcompeted at locus; below KOfam threshold by 682.1 (score=13.9, threshold=696.0, ratio=0.02) | K19594: outcompeted at locus; below KOfam threshold by 1907.5 (score=19.3, threshold=1926.8, ratio=0.01) | K19595: outcompeted at locus; below KOfam threshold by 363.2 (score=107.3, threshold=470.5, ratio=0.23)",8,4,"Absent: confidence=0.031, posterior mean=0.069. Credible interval [0.00, 0.45] and HDI [0.07, 0.07] well below threshold=0.42. No meaningful genomic evidence. Note: 8 KO(s) flagged but within acceptable range."
M00774,"Erythromycin biosynthesis, propanoyl-CoA + methylmalonyl-CoA => deoxyerythronolide B => erythromycin A/B",0.0,0.0,"K10817,K14366,K14367,K14368,K14369,K14370,K15997,K24563,K24564","R00918,R05270,R05520,R05522,R05530,R05531,R05532",0.0,6,0.0,0.0,0.0,4e-06,0.4186,0.0,0.0,0.0,0.0,-207.013,"K10817: outcompeted at locus; below KOfam threshold by 4529.9 (score=93.4, threshold=4623.3, ratio=0.02) | K14369: outcompeted at locus; below KOfam threshold by 305.9 (score=55.9, threshold=361.8, ratio=0.15) | K24563: outcompeted at locus; below KOfam threshold by 5266.2 (score=89.2, threshold=5355.4, ratio=0.02) | K24564: outcompeted at locus; below KOfam threshold by 4758.4 (score=91.2, threshold=4849.6, ratio=0.02)",8,4,"Absent: confidence=0.000, posterior mean=0.000. Credible interval [0.00, 0.00] and HDI [0.00, 0.00] well below threshold=0.42. No meaningful genomic evidence. Note: 8 KO(s) flagged but within acceptable range."
M00777,"Avermectin biosynthesis, 2-methylbutanoyl-CoA/isobutyryl-CoA => 6,8a-Seco-6,8a-deoxy-5-oxoavermectin 1a/1b aglycone => avermectin A1a/B1a/A1b/B1b",0.001,0.001,"K14371,K14372,K14373,K14374,K14375,K24567,K24568,K24569","R06467,R06470,R06473,R06475,R06477,R06479,R06481,R06483,R06488,R06489,R06490,R06491,R06496,R06497,R06498,R06499",0.115,5,0.0,0.0,0.0105,0.001598,0.4186,0.0,0.1211,0.0105,0.0105,-10.21,K14371: outcompeted at locus; below KOfam threshold (no score available) | K14373: outcompeted at locus; below KOfam threshold (no score available) | K14374: outcompeted at locus; below KOfam threshold (no score available) | K24567: outcompeted at locus; below KOfam threshold (no score available) | K24568: outcompeted at locus; below KOfam threshold (no score available) | K24569: outcompeted at locus; below KOfam threshold (no score available),12,6,"Absent: confidence=0.001, posterior mean=0.010. Credible interval [0.00, 0.12] and HDI [0.01, 0.01] well below threshold=0.42. No meaningful genomic evidence. Note: 12 KO(s) flagged but within acceptable range."
M00778,"Type II polyketide backbone biosynthesis, acyl-CoA + malonyl-CoA => polyketide",0.0,0.0,"K05551,K05552,K05553,K05554,K05555","R06643,R09258,R09259,R09265,R09305,R11516",0.006,2,0.0,0.0,0.0007,0.00022,0.4186,0.0,0.0,0.0007,0.0007,-28.151,"K05551: outcompeted at locus; below KOfam threshold by 251.6 (score=420.5, threshold=672.1, ratio=0.63) | K05552: outcompeted at locus; below KOfam threshold by 262.2 (score=287.6, threshold=549.8, ratio=0.52) | K05553: outcompeted at locus; below KOfam threshold by 28.0 (score=34.1, threshold=62.1, ratio=0.55) | K05555: outcompeted at locus; below KOfam threshold by 112.3 (score=45.0, threshold=157.3, ratio=0.29)",8,1,"Absent: confidence=0.000, posterior mean=0.001. Credible interval [0.00, 0.00] and HDI [0.00, 0.00] well below threshold=0.42. No meaningful genomic evidence. Note: 8 KO(s) flagged but within acceptable range."
M00779,"Dihydrokalafungin biosynthesis, octaketide => dihydrokalafungin",0.001,0.001,"K05556,K14626,K14629,K14632","R06695,R06696,R09306,R09307,R09308",0.001,4,0.01,0.0,0.0035,0.000648,0.4186,0.0,0.0314,0.0035,0.0035,-16.303,"K05556: outcompeted at locus; below KOfam threshold by 344.4 (score=24.8, threshold=369.2, ratio=0.07) | K14629: outcompeted at locus; below KOfam threshold by 371.6 (score=40.3, threshold=411.9, ratio=0.10)",4,2,"Absent: confidence=0.001, posterior mean=0.004. Credible interval [0.00, 0.03] and HDI [0.00, 0.00] well below threshold=0.42. No meaningful genomic evidence. Note: 4 KO(s) flagged but within acceptable range."
M00780,"Tetracycline/oxytetracycline biosynthesis, pretetramide => tetracycline/oxytetracycline",0.0,0.0,"K14251,K14252,K14253,K14254,K14255,K14256,K21301","R04060,R05459,R05462,R05463,R09189,R09190,R09191,R09192,R09197,R09198",0.001,7,0.04,0.0,0.0062,0.000711,0.4186,0.0,0.0731,0.0062,0.0062,-15.468,"K14252: outcompeted at locus; below KOfam threshold by 704.2 (score=16.8, threshold=721.0, ratio=0.02) | K14253: outcompeted at locus; below KOfam threshold by 438.5 (score=26.9, threshold=465.4, ratio=0.06) | K14254: outcompeted at locus; below KOfam threshold by 531.2 (score=42.9, threshold=574.1, ratio=0.07) | K14256: outcompeted at locus; below KOfam threshold by 642.0 (score=21.9, threshold=663.9, ratio=0.03)",8,4,"Absent: confidence=0.000, posterior mean=0.006. Credible interval [0.00, 0.07] and HDI [0.01, 0.01] well below threshold=0.42. No meaningful genomic evidence. Note: 8 KO(s) flagged but within acceptable range."
M00781,"Nogalavinone/aklavinone biosynthesis, deoxynogalonate/deoxyaklanonate => nogalavinone/aklavinone",0.0,0.0,"K15941,K15942,K15943,K15944","R06675,R06679,R06680,R06681,R06682,R09327,R09328,R09329",0.0,4,0.01,0.0,0.0024,0.000451,0.4186,0.0,0.0144,0.0024,0.0024,-19.605,"K15941: outcompeted at locus; below KOfam threshold by 112.8 (score=14.1, threshold=126.9, ratio=0.11) | K15942: outcompeted at locus; below KOfam threshold by 303.4 (score=61.7, threshold=365.1, ratio=0.17) | K15944: outcompeted at locus; below KOfam threshold by 287.4 (score=87.1, threshold=374.5, ratio=0.23)",6,3,"Absent: confidence=0.000, posterior mean=0.002. Credible interval [0.00, 0.01] and HDI [0.00, 0.00] well below threshold=0.42. No meaningful genomic evidence. Note: 6 KO(s) flagged but within acceptable range."
M00783,"Tetracenomycin C/8-demethyltetracenomycin C biosynthesis, tetracenomycin F2 => tetracenomycin C/8-demethyltetracenomycin C",0.0,0.0,"K15886,K15968,K15969,K15971,K15972","R06699,R06700,R06701,R06703,R06704,R06713,R10954",0.001,5,0.02,0.0,0.0031,0.000482,0.4186,0.0,0.0299,0.0031,0.0031,-18.926,"K15972: outcompeted at locus; below KOfam threshold by 614.5 (score=16.0, threshold=630.5, ratio=0.03)",2,1,"Absent: confidence=0.000, posterior mean=0.003. Credible interval [0.00, 0.03] and HDI [0.00, 0.00] well below threshold=0.42. No meaningful genomic evidence. Note: 2 KO(s) flagged but within acceptable range."
M00787,"Bacilysin biosynthesis, prephenate => bacilysin",0.0,0.0,"K13037,K19546,K19547,K19548,K19549,K19550","R10917,R10934,R11064,R11065,R11067,R11068",0.001,6,0.01,0.0,0.0014,0.000182,0.4186,0.0,0.006,0.0014,0.0014,-30.941,"K13037: outcompeted at locus; below KOfam threshold by 451.0 (score=24.3, threshold=475.3, ratio=0.05) | K19547: outcompeted at locus; below KOfam threshold by 125.7 (score=15.4, threshold=141.1, ratio=0.11) | K19548: outcompeted at locus; below KOfam threshold by 164.4 (score=131.1, threshold=295.5, ratio=0.44) | K19549: outcompeted at locus; below KOfam threshold by 622.1 (score=66.4, threshold=688.5, ratio=0.10) | K19550: outcompeted at locus; below KOfam threshold by 340.0 (score=48.3, threshold=388.3, ratio=0.12)",10,5,"Absent: confidence=0.000, posterior mean=0.001. Credible interval [0.00, 0.01] and HDI [0.00, 0.00] well below threshold=0.42. No meaningful genomic evidence. Note: 10 KO(s) flagged but within acceptable range."
M00790,"Pyrrolnitrin biosynthesis, tryptophan => pyrrolnitrin",0.005,0.004,"K14257,K14266,K19981,K19982","R09570,R11105,R11106,R11107",0.007,4,0.09,0.1,0.0234,0.004224,0.4186,0.0,0.227,0.0234,0.0234,-6.082,"K14257: outcompeted at locus; below KOfam threshold by 318.9 (score=32.9, threshold=351.8, ratio=0.09) | K14266: outcompeted at locus; below KOfam threshold by 378.5 (score=18.1, threshold=396.6, ratio=0.05) | K19982: outcompeted at locus; below KOfam threshold by 161.8 (score=98.9, threshold=260.7, ratio=0.38)",6,3,"Absent: confidence=0.005, posterior mean=0.023. Credible interval [0.00, 0.23] and HDI [0.02, 0.02] well below threshold=0.42. No meaningful genomic evidence. Note: 6 KO(s) flagged but within acceptable range."
M00793,"dTDP-L-rhamnose biosynthesis, glucose-1P => dTDP-L-Rha",0.81,0.451,"K00067,K00973,K01710,K01790","R02328,R02777,R06513,R06514",0.463,3,1.19,2.0,0.6449,0.053256,0.4186,0.1586,0.9789,0.2212,0.999,0.981,"K00067: below KOfam threshold by 195.6 (score=103.5, threshold=299.1, ratio=0.35) | K00973: outcompeted at locus; below KOfam threshold by 167.0 (score=80.4, threshold=247.4, ratio=0.33) | K01710: outcompeted at locus; below KOfam threshold by 249.3 (score=228.1, threshold=477.4, ratio=0.48)",5,3,"Uncertain: confidence=0.810 with credible interval [0.16, 0.98] straddling threshold=0.42. Posterior mean=0.645, HDI [0.22, 1.00]. Module may be present but evidence is inconclusive. Note: 5 KO(s) flagged but within acceptable range."
M00794,dTDP-6-deoxy-D-allose biosynthesis,0.0,0.0,"K13312,K13313","R06437,R06438,R10573",0.0,2,0.0,0.0,0.0001,1.6e-05,0.4186,0.0,0.0,0.0001,0.0001,-105.319,"K13313: outcompeted at locus; below KOfam threshold by 223.5 (score=151.0, threshold=374.5, ratio=0.40)",2,1,"Absent: confidence=0.000, posterior mean=0.000. Credible interval [0.00, 0.00] and HDI [0.00, 0.00] well below threshold=0.42. No meaningful genomic evidence. Note: 2 KO(s) flagged but within acceptable range."
M00795,dTDP-beta-L-noviose biosynthesis,0.001,0.001,"K12710,K17625,K19855","R06437,R10459,R11020",0.001,3,0.01,0.0,0.0023,0.000525,0.4186,0.0,0.0069,0.0023,0.0023,-18.173,"K17625: outcompeted at locus; below KOfam threshold by 495.3 (score=44.3, threshold=539.6, ratio=0.08)",2,1,"Absent: confidence=0.001, posterior mean=0.002. Credible interval [0.00, 0.01] and HDI [0.00, 0.00] well below threshold=0.42. No meaningful genomic evidence. Note: 2 KO(s) flagged but within acceptable range."
M00796,dTDP-D-mycaminose biosynthesis,0.0,0.0,"K13307,K19853,K19854","R06423,R06424,R06439",0.001,3,0.0,0.0,0.0011,0.000254,0.4186,0.0,0.0002,0.0011,0.0011,-26.19,"K13307: outcompeted at locus; below KOfam threshold by 343.7 (score=23.5, threshold=367.2, ratio=0.06) | K19853: outcompeted at locus; below KOfam threshold (no score available) | K19854: outcompeted at locus; below KOfam threshold (no score available)",6,3,"Absent: confidence=0.000, posterior mean=0.001. Credible interval [0.00, 0.00] and HDI [0.00, 0.00] well below threshold=0.42. No meaningful genomic evidence. Note: 6 KO(s) flagged but within acceptable range."
M00797,dTDP-D-desosamine biosynthesis,0.01,0.01,"K13308,K13309,K13311,K16436","R02773,R06426,R06427,R08583",0.001,4,0.18,0.2,0.0414,0.007341,0.4186,0.0,0.3114,0.0414,0.0414,-4.403,"K13308: outcompeted at locus; below KOfam threshold by 422.8 (score=156.1, threshold=578.9, ratio=0.27) | K13311: outcompeted at locus; below KOfam threshold by 328.6 (score=25.4, threshold=354.0, ratio=0.07) | K16436: outcompeted at locus; below KOfam threshold by 170.8 (score=363.0, threshold=533.8, ratio=0.68)",6,2,"Absent: confidence=0.010, posterior mean=0.041. Credible interval [0.00, 0.31] and HDI [0.04, 0.04] well below threshold=0.42. No meaningful genomic evidence. Note: 6 KO(s) flagged but within acceptable range."
M00798,dTDP-L-mycarose biosynthesis,0.002,0.0,"K13315,K13317,K13318,K16435,K16438","R05518,R06436,R08933,R08934,R11051",0.002,5,0.0,0.1,0.0149,0.00226,0.4186,0.0,0.157,0.0149,0.0149,-8.491,"K13315: outcompeted at locus; below KOfam threshold by 429.5 (score=21.1, threshold=450.6, ratio=0.05) | K13318: outcompeted at locus; below KOfam threshold by 375.2 (score=41.1, threshold=416.3, ratio=0.10)",4,2,"Absent: confidence=0.002, posterior mean=0.015. Credible interval [0.00, 0.16] and HDI [0.01, 0.01] well below threshold=0.42. No meaningful genomic evidence. Note: 4 KO(s) flagged but within acceptable range."
M00799,dTDP-L-oleandrose biosynthesis,0.002,0.0,"K13315,K16435,K16438,K19856,K19857","R05518,R06433,R11041,R11042,R11051",0.001,5,0.0,0.1,0.0149,0.002257,0.4186,0.0,0.1568,0.0149,0.0149,-8.497,"K13315: outcompeted at locus; below KOfam threshold by 429.5 (score=21.1, threshold=450.6, ratio=0.05) | K19857: outcompeted at locus; below KOfam threshold (no score available)",4,2,"Absent: confidence=0.002, posterior mean=0.015. Credible interval [0.00, 0.16] and HDI [0.01, 0.01] well below threshold=0.42. No meaningful genomic evidence. Note: 4 KO(s) flagged but within acceptable range."
M00800,dTDP-L-megosamine biosynthesis,0.002,0.0,"K13322,K13326,K16435,K16436,K16438","R05518,R06631,R11045,R11046,R11047",0.001,5,0.0,0.1,0.0143,0.002166,0.4186,0.0,0.1523,0.0143,0.0143,-8.688,"K13322: outcompeted at locus; below KOfam threshold (no score available) | K13326: outcompeted at locus; below KOfam threshold by 279.3 (score=19.3, threshold=298.6, ratio=0.06) | K16436: outcompeted at locus; below KOfam threshold by 170.8 (score=363.0, threshold=533.8, ratio=0.68)",6,2,"Absent: confidence=0.002, posterior mean=0.014. Credible interval [0.00, 0.15] and HDI [0.01, 0.01] well below threshold=0.42. No meaningful genomic evidence. Note: 6 KO(s) flagged but within acceptable range."
M00802,dTDP-D-forosamine biosynthesis,0.124,0.059,"K13327,K13328,K13329,K13330,K16435",,0.0,5,0.82,1.2,0.2155,0.026006,0.4186,0.0111,0.6035,0.001,0.5315,-1.26,"K13328: outcompeted at locus; below KOfam threshold by 330.8 (score=402.5, threshold=733.3, ratio=0.55) | K13329: below KOfam threshold by 419.0 (score=158.3, threshold=577.3, ratio=0.27) | K13330: outcompeted at locus; below KOfam threshold by 379.8 (score=19.4, threshold=399.2, ratio=0.05)",5,2,"Likely absent: confidence=0.124, posterior mean=0.215 below threshold=0.42. Credible interval [0.01, 0.60] mostly below threshold. Some genomic evidence exists but is insufficient. Note: 5 KO(s) flagged but within acceptable range."
M00804,"Complete nitrification, comammox, ammonia => nitrite => nitrate",0.001,0.001,"K00370,K00371,K10535,K10945,K10946,K28504","R00148,R00798,R10164",0.001,3,0.01,0.0,0.0041,0.000945,0.4186,0.0,0.0332,0.0041,0.0041,-13.488,,0,0,"Absent: confidence=0.001, posterior mean=0.004. Credible interval [0.00, 0.03] and HDI [0.00, 0.00] well below threshold=0.42. No meaningful genomic evidence."
M00805,"Staurosporine biosynthesis, tryptophan => staurosporine",0.0,0.0,"K20075,K20076,K20077,K20078,K20079,K20080,K20081,K20082","R05757,R11119,R11120,R11121,R11122,R11123,R11129",0.001,7,0.0,0.0,0.0007,7.6e-05,0.4186,0.0,0.0005,0.0007,0.0007,-48.05,"K20075: outcompeted at locus; below KOfam threshold by 967.3 (score=20.6, threshold=987.9, ratio=0.02) | K20077: outcompeted at locus; below KOfam threshold by 785.4 (score=12.6, threshold=798.0, ratio=0.02) | K20081: outcompeted at locus; below KOfam threshold by 290.6 (score=95.1, threshold=385.7, ratio=0.25) | K20082: outcompeted at locus; below KOfam threshold by 210.0 (score=109.0, threshold=319.0, ratio=0.34)",8,4,"Absent: confidence=0.000, posterior mean=0.001. Credible interval [0.00, 0.00] and HDI [0.00, 0.00] well below threshold=0.42. No meaningful genomic evidence. Note: 8 KO(s) flagged but within acceptable range."
M00808,"Violacein biosynthesis, tryptophan => violacein",0.0,0.0,"K20086,K20087,K20088,K20089,K20090","R11119,R11131,R11134,R11135",0.001,4,0.0,0.0,0.0001,1.5e-05,0.4186,0.0,0.0,0.0001,0.0001,-106.827,"K20086: outcompeted at locus; below KOfam threshold by 596.0 (score=15.9, threshold=611.9, ratio=0.03) | K20089: outcompeted at locus; below KOfam threshold by 635.6 (score=21.3, threshold=656.9, ratio=0.03) | K20090: outcompeted at locus; below KOfam threshold by 737.3 (score=20.8, threshold=758.1, ratio=0.03)",6,3,"Absent: confidence=0.000, posterior mean=0.000. Credible interval [0.00, 0.00] and HDI [0.00, 0.00] well below threshold=0.42. No meaningful genomic evidence. Note: 6 KO(s) flagged but within acceptable range."
M00810,"Nicotine degradation, pyridine pathway, nicotine => 2,6-dihydroxypyridine/succinate semialdehyde",0.0,0.0,"K19185,K19186,K19187,K19188,K19818,K19819,K19820,K19826","R02860,R07514,R07515,R07946,R11048",0.001,4,0.0,0.0,0.001,0.000185,0.4186,0.0,0.0005,0.001,0.001,-30.714,"K19186: outcompeted at locus; below KOfam threshold by 223.1 (score=23.0, threshold=246.1, ratio=0.09) | K19819: outcompeted at locus; below KOfam threshold by 245.7 (score=21.9, threshold=267.6, ratio=0.08) | K19826: outcompeted at locus; below KOfam threshold by 534.6 (score=25.9, threshold=560.5, ratio=0.05)",6,3,"Absent: confidence=0.000, posterior mean=0.001. Credible interval [0.00, 0.00] and HDI [0.00, 0.00] well below threshold=0.42. No meaningful genomic evidence. Note: 6 KO(s) flagged but within acceptable range."
M00811,"Nicotine degradation, pyrrolidine pathway, nicotine => succinate semialdehyde",0.0,0.0,"K15359,K20169,K20170,K20171","R09472,R11175,R11178,R11179",0.001,4,0.0,0.0,0.0008,0.00014,0.4186,0.0,0.0001,0.0008,0.0008,-35.252,"K20169: outcompeted at locus; below KOfam threshold by 953.6 (score=28.9, threshold=982.5, ratio=0.03)",2,1,"Absent: confidence=0.000, posterior mean=0.001. Credible interval [0.00, 0.00] and HDI [0.00, 0.00] well below threshold=0.42. No meaningful genomic evidence. Note: 2 KO(s) flagged but within acceptable range."
M00814,"Acarbose biosynthesis, sedoheptulopyranose-7P => acarbose",0.0,0.0,"K19969,K19974,K19979,K20424,K20425,K20426,K20427,K20430","R10937,R11081,R11185,R11243,R11244,R11245,R11246,R11247",0.0,8,0.0,0.0,0.0001,8e-06,0.4186,0.0,0.0,0.0001,0.0001,-149.827,"K19969: outcompeted at locus; below KOfam threshold by 141.0 (score=264.4, threshold=405.4, ratio=0.65) | K20424: outcompeted at locus; below KOfam threshold by 226.1 (score=35.6, threshold=261.7, ratio=0.14) | K20425: outcompeted at locus; below KOfam threshold by 181.1 (score=66.3, threshold=247.4, ratio=0.27) | K20427: outcompeted at locus; below KOfam threshold by 428.5 (score=57.2, threshold=485.7, ratio=0.12)",8,3,"Absent: confidence=0.000, posterior mean=0.000. Credible interval [0.00, 0.00] and HDI [0.00, 0.00] well below threshold=0.42. No meaningful genomic evidence. Note: 8 KO(s) flagged but within acceptable range."
M00815,"Validamycin A biosynthesis, sedoheptulopyranose-7P => validamycin A",0.0,0.0,"K19969,K20431,K20432,K20433,K20434,K20435,K20436,K20437,K20438","R10937,R11079,R11233,R11234,R11236,R11238,R11240,R11241,R11497",0.001,9,0.01,0.0,0.0007,6.7e-05,0.4186,0.0,0.0018,0.0007,0.0007,-51.151,"K19969: outcompeted at locus; below KOfam threshold by 141.0 (score=264.4, threshold=405.4, ratio=0.65) | K20431: outcompeted at locus; below KOfam threshold by 166.4 (score=38.2, threshold=204.6, ratio=0.19) | K20432: outcompeted at locus; below KOfam threshold by 317.8 (score=20.4, threshold=338.2, ratio=0.06) | K20434: outcompeted at locus; below KOfam threshold by 234.0 (score=20.9, threshold=254.9, ratio=0.08) | K20435: outcompeted at locus; below KOfam threshold by 631.5 (score=99.0, threshold=730.5, ratio=0.14) | K20437: outcompeted at locus; below KOfam threshold by 221.9 (score=86.4, threshold=308.3, ratio=0.28) | K20438: outcompeted at locus; below KOfam threshold (no score available)",14,6,"Absent: confidence=0.000, posterior mean=0.001. Credible interval [0.00, 0.00] and HDI [0.00, 0.00] well below threshold=0.42. No meaningful genomic evidence. Note: 14 KO(s) flagged but within acceptable range."
M00819,"Pentalenolactone biosynthesis, farnesyl-PP => pentalenolactone",0.0,0.0,"K12250,K15907,K17476,K17747,K18056,K18057,K18091","R02305,R09814,R10145,R10154,R10156,R10157,R10162",0.0,7,0.0,0.0,0.0004,4.5e-05,0.4186,0.0,0.0,0.0004,0.0004,-62.341,"K17747: outcompeted at locus; below KOfam threshold by 421.2 (score=54.0, threshold=475.2, ratio=0.11) | K18091: outcompeted at locus; below KOfam threshold by 1067.9 (score=12.6, threshold=1080.5, ratio=0.01)",4,2,"Absent: confidence=0.000, posterior mean=0.000. Credible interval [0.00, 0.00] and HDI [0.00, 0.00] well below threshold=0.42. No meaningful genomic evidence. Note: 4 KO(s) flagged but within acceptable range."
M00823,"Chlortetracycline biosynthesis, pretetramide => chlortetracycline",0.0,0.0,"K14251,K14252,K14253,K14254,K14255,K14256,K14257,K21297,K21301","R04060,R05459,R05462,R05463,R09189,R09190,R09191,R09192,R09197,R09198,R11478",0.001,8,0.04,0.0,0.0055,0.000554,0.4186,0.0,0.0639,0.0055,0.0055,-17.556,"K14252: outcompeted at locus; below KOfam threshold by 704.2 (score=16.8, threshold=721.0, ratio=0.02) | K14253: outcompeted at locus; below KOfam threshold by 438.5 (score=26.9, threshold=465.4, ratio=0.06) | K14254: outcompeted at locus; below KOfam threshold by 531.2 (score=42.9, threshold=574.1, ratio=0.07) | K14256: outcompeted at locus; below KOfam threshold by 642.0 (score=21.9, threshold=663.9, ratio=0.03) | K14257: outcompeted at locus; below KOfam threshold by 318.9 (score=32.9, threshold=351.8, ratio=0.09) | K21297: outcompeted at locus; below KOfam threshold by 110.2 (score=72.0, threshold=182.2, ratio=0.40)",12,6,"Absent: confidence=0.000, posterior mean=0.005. Credible interval [0.00, 0.06] and HDI [0.01, 0.01] well below threshold=0.42. No meaningful genomic evidence. Note: 12 KO(s) flagged but within acceptable range."
M00824,"9-membered enediyne core biosynthesis, malonyl-CoA => 3-hydroxyhexadeca-4,6,8,10,12,14-hexaenoyl-ACP => 9-membered enediyne core",0.001,0.001,"K15314,K21160,K21161,K21162,K21163,K21164,K21165,K21166,K21167",R11435,0.004,2,0.0,0.0,0.0021,0.000646,0.4186,0.0,0.0013,0.0021,0.0021,-16.383,"K15314: outcompeted at locus; below KOfam threshold by 905.5 (score=171.3, threshold=1076.8, ratio=0.16) | K21166: outcompeted at locus; below KOfam threshold by 875.3 (score=36.5, threshold=911.8, ratio=0.04)",4,2,"Absent: confidence=0.001, posterior mean=0.002. Credible interval [0.00, 0.00] and HDI [0.00, 0.00] well below threshold=0.42. No meaningful genomic evidence. Note: 4 KO(s) flagged but within acceptable range."
M00826,"C-1027 benzoxazolinate moiety biosynthesis, chorismate => benzoxazolinyl-CoA",0.0,0.0,"K20156,K20159,K21175,K21176,K21177,K21178,K21179","R08956,R09559,R11362,R11363,R11364,R11365",0.001,6,0.01,0.0,0.0015,0.000201,0.4186,0.0,0.0079,0.0015,0.0015,-29.423,"K20159: outcompeted at locus; below KOfam threshold by 472.3 (score=169.1, threshold=641.4, ratio=0.26) | K21175: outcompeted at locus; below KOfam threshold (no score available) | K21178: outcompeted at locus; below KOfam threshold by 471.2 (score=15.8, threshold=487.0, ratio=0.03)",6,3,"Absent: confidence=0.000, posterior mean=0.002. Credible interval [0.00, 0.01] and HDI [0.00, 0.00] well below threshold=0.42. No meaningful genomic evidence. Note: 6 KO(s) flagged but within acceptable range."
M00827,"C-1027 beta-amino acid moiety biosynthesis, tyrosine => 3-chloro-4,5-dihydroxy-beta-phenylalanyl-PCP",0.0,0.0,K21183,,0.001,1,0.0,0.0,0.0003,0.000146,0.4186,0.0,0.0,0.0003,0.0003,-34.586,"K21183: outcompeted at locus; below KOfam threshold by 72.0 (score=16.3, threshold=88.3, ratio=0.18)",2,1,"Absent: confidence=0.000, posterior mean=0.000. Credible interval [0.00, 0.00] and HDI [0.00, 0.00] well below threshold=0.42. No meaningful genomic evidence. Note: 2 KO(s) flagged but within acceptable range."
M00828,"Maduropeptin beta-hydroxy acid moiety biosynthesis, tyrosine => 3-(4-hydroxyphenyl)-3-oxopropanoyl-PCP",0.0,0.0,K21183,,0.001,1,0.0,0.0,0.0003,0.000146,0.4186,0.0,0.0,0.0003,0.0003,-34.586,"K21183: outcompeted at locus; below KOfam threshold by 72.0 (score=16.3, threshold=88.3, ratio=0.18)",2,1,"Absent: confidence=0.000, posterior mean=0.000. Credible interval [0.00, 0.00] and HDI [0.00, 0.00] well below threshold=0.42. No meaningful genomic evidence. Note: 2 KO(s) flagged but within acceptable range."
M00829,"3,6-Dimethylsalicylyl-CoA biosynthesis, malonyl-CoA => 6-methylsalicylate => 3,6-dimethylsalicylyl-CoA",0.0,0.0,"K15320,K21191,K21192","R07253,R11370,R11371",0.001,3,0.0,0.0,0.0002,3.9e-05,0.4186,0.0,0.0,0.0002,0.0002,-66.692,"K15320: outcompeted at locus; below KOfam threshold by 2057.6 (score=126.2, threshold=2183.8, ratio=0.06)",2,1,"Absent: confidence=0.000, posterior mean=0.000. Credible interval [0.00, 0.00] and HDI [0.00, 0.00] well below threshold=0.42. No meaningful genomic evidence. Note: 2 KO(s) flagged but within acceptable range."
M00830,"Neocarzinostatin naphthoate moiety biosynthesis, malonyl-CoA => 2-hydroxy-5-methyl-1-naphthoate => 2-hydroxy-7-methoxy-5-methyl-1-naphthoyl-CoA",0.0,0.0,"K20420,K20421,K20422,K20423","R10771,R10796,R10963,R11125",0.001,4,0.01,0.0,0.0016,0.000299,0.4186,0.0,0.0042,0.0016,0.0016,-24.123,"K20421: outcompeted at locus; below KOfam threshold by 304.3 (score=15.7, threshold=320.0, ratio=0.05) | K20422: outcompeted at locus; below KOfam threshold by 2735.4 (score=96.4, threshold=2831.8, ratio=0.03)",4,2,"Absent: confidence=0.000, posterior mean=0.002. Credible interval [0.00, 0.00] and HDI [0.00, 0.00] well below threshold=0.42. No meaningful genomic evidence. Note: 4 KO(s) flagged but within acceptable range."
M00833,"Calicheamicin biosynthesis, calicheamicinone => calicheamicin",0.0,0.0,"K21254,K21255,K21256,K21257,K21258","R11412,R11413,R11414,R11415,R11416",0.001,1,0.0,0.0,0.0,2.3e-05,0.4186,0.0,0.0,0.0,0.0,-86.714,"K21254: outcompeted at locus; below KOfam threshold by 1928.1 (score=113.0, threshold=2041.1, ratio=0.06) | K21256: outcompeted at locus; below KOfam threshold (no score available)",4,2,"Absent: confidence=0.000, posterior mean=0.000. Credible interval [0.00, 0.00] and HDI [0.00, 0.00] well below threshold=0.42. No meaningful genomic evidence. Note: 4 KO(s) flagged but within acceptable range."
M00834,"Calicheamicin orsellinate moiety biosynthesis, malonyl-CoA => orsellinate-ACP => 5-iodo-2,3-dimethoxyorsellinate-ACP",0.0,0.0,"K21254,K21255,K21256,K21257,K21258","R11412,R11413,R11414,R11415,R11416",0.001,5,0.0,0.0,0.0004,6.9e-05,0.4186,0.0,0.0,0.0004,0.0004,-50.466,"K21254: outcompeted at locus; below KOfam threshold by 1928.1 (score=113.0, threshold=2041.1, ratio=0.06) | K21256: outcompeted at locus; below KOfam threshold (no score available)",4,2,"Absent: confidence=0.000, posterior mean=0.000. Credible interval [0.00, 0.00] and HDI [0.00, 0.00] well below threshold=0.42. No meaningful genomic evidence. Note: 4 KO(s) flagged but within acceptable range."
M00835,"Pyocyanine biosynthesis, chorismate => pyocyanine",0.002,0.002,"K06998,K13063,K20260,K20261,K20262,K20940,K21103","R08956,R09707,R11346,R11463,R11491,R11533,R11568,R11569",0.002,7,0.27,0.3,0.0351,0.003896,0.4186,0.0,0.2239,0.0351,0.0351,-6.144,"K13063: outcompeted at locus; below KOfam threshold by 332.3 (score=61.1, threshold=393.4, ratio=0.16) | K20262: outcompeted at locus; below KOfam threshold by 200.3 (score=31.8, threshold=232.1, ratio=0.14) | K20940: outcompeted at locus; below KOfam threshold by 244.2 (score=21.8, threshold=266.0, ratio=0.08)",6,3,"Absent: confidence=0.002, posterior mean=0.035. Credible interval [0.00, 0.22] and HDI [0.04, 0.04] well below threshold=0.42. No meaningful genomic evidence. Note: 6 KO(s) flagged but within acceptable range."
M00836,,0.0,0.0,"K21610,K21611,K21612,K22011,K22012","R11626,R11627,R11628,R11629",0.001,4,0.0,0.0,0.0001,1.7e-05,0.4186,0.0,0.0,0.0001,0.0001,-101.921,"K21610: outcompeted at locus; below KOfam threshold by 195.4 (score=208.8, threshold=404.2, ratio=0.52) | K21612: outcompeted at locus; below KOfam threshold by 140.8 (score=58.7, threshold=199.5, ratio=0.29) | K22011: outcompeted at locus; below KOfam threshold by 102.8 (score=25.5, threshold=128.3, ratio=0.20) | K22012: outcompeted at locus; below KOfam threshold by 566.4 (score=32.9, threshold=599.3, ratio=0.05)",8,3,"Absent: confidence=0.000, posterior mean=0.000. Credible interval [0.00, 0.00] and HDI [0.00, 0.00] well below threshold=0.42. No meaningful genomic evidence. Note: 8 KO(s) flagged but within acceptable range."
M00837,"Prodigiosin biosynthesis, L-proline => prodigiosin",0.0,0.0,K21787,R11662,0.004,1,0.0,0.0,0.0005,0.000218,0.4186,0.0,0.0,0.0005,0.0005,-28.333,,0,0,"Absent: confidence=0.000, posterior mean=0.000. Credible interval [0.00, 0.00] and HDI [0.00, 0.00] well below threshold=0.42. No meaningful genomic evidence."
M00838,"Undecylprodigiosin biosynthesis, L-proline => undecylprodigiosin",0.0,0.0,K21787,R11673,0.004,1,0.0,0.0,0.0005,0.000218,0.4186,0.0,0.0,0.0005,0.0005,-28.333,,0,0,"Absent: confidence=0.000, posterior mean=0.000. Credible interval [0.00, 0.00] and HDI [0.00, 0.00] well below threshold=0.42. No meaningful genomic evidence."
M00840,"Tetrahydrofolate biosynthesis, mediated by ribA and trpF, GTP => THF",0.672,0.26,"K00287,K00796,K01633,K14652,K22099,K22100","R00425,R00936,R00939,R02237,R03066,R03067,R03503,R03504,R11072",0.001,6,2.07,3.4,0.5072,0.032888,0.4186,0.1644,0.846,0.1672,0.8468,0.489,"K01633: below KOfam threshold by 29.5 (score=66.4, threshold=95.9, ratio=0.69) | K22100: outcompeted at locus; below KOfam threshold by 199.4 (score=64.6, threshold=264.0, ratio=0.24)",3,1,"Uncertain: confidence=0.672 with credible interval [0.16, 0.85] straddling threshold=0.42. Posterior mean=0.507, HDI [0.17, 0.85]. Module may be present but evidence is inconclusive. Note: 3 KO(s) flagged but within acceptable range."
M00843,"L-threo-Tetrahydrobiopterin biosynthesis, GTP => L-threo-BH4",0.624,0.524,"K01495,K01737,K17745","R00428,R04286,R04639,R05046,R05048,R09990",0.001,3,1.48,1.7,0.5093,0.058119,0.4186,0.0758,0.9329,0.0811,0.9369,0.376,"K17745: outcompeted at locus; below KOfam threshold by 278.8 (score=126.4, threshold=405.2, ratio=0.31)",2,1,"Uncertain: confidence=0.624 with credible interval [0.08, 0.93] straddling threshold=0.42. Posterior mean=0.509, HDI [0.08, 0.94]. Module may be present but evidence is inconclusive. Note: 2 KO(s) flagged but within acceptable range."
M00844,"Arginine biosynthesis, ornithine => arginine",0.959,0.85,"K00611,K01755,K01940","R01086,R01398,R01954",0.758,3,2.02,2.5,0.832,0.032506,0.4186,0.3531,0.9996,0.832,0.832,2.293,"K01940: outcompeted at locus; below KOfam threshold by 121.4 (score=12.5, threshold=133.9, ratio=0.09)",2,1,"Dubious: confidence=0.959 but 1 KO(s) on best path score below 50% of their KOfam threshold. Credible interval [0.35, 1.00], HDI [0.83, 0.83]. Module detection may be based on weak or spurious HMM hits. DOWNGRADED due to: K01940: outcompeted at locus; below KOfam threshold by 121.4 (score=12.5, threshold=133.9, ratio=0.09)"
M00845,"Arginine biosynthesis, glutamate => acetylcitrulline => arginine",0.757,0.158,"K00145,K00821,K00930,K01438,K01755,K01940,K09065","R00259,R01086,R01954,R02283,R02649,R03443,R07245,R09107",0.019,7,2.01,4.2,0.5439,0.028514,0.4186,0.2137,0.8527,0.2232,0.8599,0.742,"K00145: outcompeted at locus; below KOfam threshold by 54.0 (score=71.8, threshold=125.8, ratio=0.57) | K00821: outcompeted at locus; below KOfam threshold by 272.4 (score=212.3, threshold=484.7, ratio=0.44) | K01438: outcompeted at locus; below KOfam threshold by 243.0 (score=51.1, threshold=294.1, ratio=0.17) | K01940: outcompeted at locus; below KOfam threshold by 121.4 (score=12.5, threshold=133.9, ratio=0.09) | K09065: outcompeted at locus; below KOfam threshold by 149.8 (score=250.6, threshold=400.4, ratio=0.63)",10,3,"Uncertain: confidence=0.757 with credible interval [0.21, 0.85] straddling threshold=0.42. Posterior mean=0.544, HDI [0.22, 0.86]. Module may be present but evidence is inconclusive. Note: 10 KO(s) flagged but within acceptable range."
M00846,"Siroheme biosynthesis, glutamyl-tRNA => siroheme",0.998,0.991,"K01698,K01719,K01749,K01845,K02302,K02492","R00036,R00084,R02272,R02864,R03165,R03194,R03947,R04109",0.643,6,5.14,5.6,0.9127,0.010479,0.4186,0.6277,0.9998,0.9127,0.9127,4.827,"K02302: outcompeted at locus; below KOfam threshold by 104.2 (score=313.8, threshold=418.0, ratio=0.75)",2,0,"Present: confidence=0.998 with 95% credible interval [0.63, 1.00] and HDI [0.91, 0.91] entirely above threshold=0.42. Posterior mean=0.913, effect size=4.83. Note: 2 KO(s) flagged but within acceptable range."
M00847,"Heme biosynthesis, archaea, siroheme => heme",0.148,0.147,"K22225,K22226,K22227","R12000,R12001,R12002",0.02,3,0.65,0.7,0.2007,0.037312,0.4186,0.0013,0.6911,0.2007,0.2007,-1.128,"K22226: below KOfam threshold by 313.1 (score=60.7, threshold=373.8, ratio=0.16) | K22227: outcompeted at locus; below KOfam threshold by 326.3 (score=36.7, threshold=363.0, ratio=0.10)",3,2,"Likely absent: confidence=0.148, posterior mean=0.201 below threshold=0.42. Credible interval [0.00, 0.69] mostly below threshold. Some genomic evidence exists but is insufficient. Note: 3 KO(s) flagged but within acceptable range."
M00849,,0.033,0.012,"K00054,K00626,K00869,K01641,K01823,K06981,K17942","R00238,R01123,R01978,R02081,R02245,R10093,R10561",0.001,6,0.51,0.8,0.1282,0.01471,0.4186,0.0021,0.4461,0.1282,0.1282,-2.394,"K00054: outcompeted at locus; below KOfam threshold by 258.8 (score=14.4, threshold=273.2, ratio=0.05) | K00626: outcompeted at locus; below KOfam threshold by 327.2 (score=42.7, threshold=369.9, ratio=0.12) | K00869: outcompeted at locus; below KOfam threshold by 141.4 (score=16.5, threshold=157.9, ratio=0.10) | K01641: outcompeted at locus; below KOfam threshold by 184.7 (score=28.5, threshold=213.2, ratio=0.13) | K06981: outcompeted at locus; below KOfam threshold by 75.3 (score=33.9, threshold=109.2, ratio=0.31)",10,5,"Absent: confidence=0.033, posterior mean=0.128. Credible interval [0.00, 0.45] and HDI [0.13, 0.13] well below threshold=0.42. No meaningful genomic evidence. Note: 10 KO(s) flagged but within acceptable range."
M00850,"Vibrio cholerae pathogenicity signature, cholera toxins",0.0,0.0,"K10928,K10929,K10948,K10952,K10953,K10954,K11018",,0.0,6,0.01,0.0,0.0009,0.000115,0.4186,0.0,0.0011,0.0009,0.0009,-39.031,,0,0,"Absent: confidence=0.000, posterior mean=0.001. Credible interval [0.00, 0.00] and HDI [0.00, 0.00] well below threshold=0.42. No meaningful genomic evidence."
M00851,Carbapenem resistance,0.431,0.423,K19320,,0.016,1,0.43,0.4,0.3964,0.113936,0.4186,0.0004,0.9897,0.3964,0.3964,-0.066,"K19320: below KOfam threshold by 614.2 (score=13.3, threshold=627.5, ratio=0.02)",1,1,"Uncertain: confidence=0.431 with credible interval [0.00, 0.99] straddling threshold=0.42. Posterior mean=0.396, HDI [0.40, 0.40]. Module may be present but evidence is inconclusive. Note: 1 KO(s) flagged but within acceptable range."
M00852,"Vibrio cholerae pathogenicity signature, toxin coregulated pilus",0.0,0.0,"K10919,K10920,K10930,K10931,K10932,K10933,K10934,K10935,K10961,K10962,K10963,K10964,K10965,K10966",,0.0,14,0.0,0.0,0.0001,7e-06,0.4186,0.0,0.0,0.0001,0.0001,-159.755,"K10965: outcompeted at locus; below KOfam threshold by 384.7 (score=11.0, threshold=395.7, ratio=0.03)",2,1,"Absent: confidence=0.000, posterior mean=0.000. Credible interval [0.00, 0.00] and HDI [0.00, 0.00] well below threshold=0.42. No meaningful genomic evidence. Note: 2 KO(s) flagged but within acceptable range."
M00853,"ETEC pathogenicity signature, colonization factors",0.0,0.0,"K22850,K22852,K22853,K22854",,0.001,4,0.0,0.0,0.0002,3.9e-05,0.4186,0.0,0.0,0.0002,0.0002,-66.799,,0,0,"Absent: confidence=0.000, posterior mean=0.000. Credible interval [0.00, 0.00] and HDI [0.00, 0.00] well below threshold=0.42. No meaningful genomic evidence."
M00854,"Glycogen biosynthesis, glucose-1P => glycogen/starch",0.791,0.631,"K00700,K00703,K00975","R00948,R02110,R02421",0.515,2,1.07,1.4,0.6634,0.069786,0.4186,0.102,0.9954,0.6634,0.6634,0.927,"K00703: outcompeted at locus; below KOfam threshold by 71.8 (score=59.7, threshold=131.5, ratio=0.45) | K00975: outcompeted at locus; below KOfam threshold by 96.8 (score=100.8, threshold=197.6, ratio=0.51)",4,1,"Uncertain: confidence=0.791 with credible interval [0.10, 1.00] straddling threshold=0.42. Posterior mean=0.663, HDI [0.66, 0.66]. Module may be present but evidence is inconclusive. Note: 4 KO(s) flagged but within acceptable range."
M00855,"Glycogen degradation, glycogen => glucose-6P",0.304,0.115,"K00705,K01835,K02438,K16153","R02111,R08639",0.206,3,0.5,1.0,0.3141,0.050098,0.4186,0.0128,0.8085,0.001,0.7387,-0.467,"K01835: outcompeted at locus; below KOfam threshold by 105.3 (score=247.2, threshold=352.5, ratio=0.70) | K02438: outcompeted at locus; below KOfam threshold by 364.5 (score=656.1, threshold=1020.6, ratio=0.64) | K16153: outcompeted at locus; below KOfam threshold by 1755.2 (score=13.4, threshold=1768.6, ratio=0.01)",6,1,"Uncertain: confidence=0.304 with credible interval [0.01, 0.81] straddling threshold=0.42. Posterior mean=0.314, HDI [0.00, 0.74]. Module may be present but evidence is inconclusive. Note: 6 KO(s) flagged but within acceptable range."
M00856,"Salmonella enterica pathogenicity signature, typhoid toxin",0.0,0.0,"K11014,K11023,K19298,K22918",,0.0,4,0.01,0.0,0.0018,0.000329,0.4186,0.0,0.0058,0.0018,0.0018,-22.965,"K11014: outcompeted at locus; below KOfam threshold by 78.8 (score=14.9, threshold=93.7, ratio=0.16)",2,1,"Absent: confidence=0.000, posterior mean=0.002. Credible interval [0.00, 0.01] and HDI [0.00, 0.00] well below threshold=0.42. No meaningful genomic evidence. Note: 2 KO(s) flagged but within acceptable range."
M00857,"Salmonella enterica pathogenicity signature, Vi antigen",0.0,0.0,"K22914,K22915,K22916,K22917,K22921,K22922,K22923,K22924,K22925,K22926",,0.001,7,0.0,0.0,0.0001,1.6e-05,0.4186,0.0,0.0,0.0001,0.0001,-105.152,"K22916: outcompeted at locus; below KOfam threshold by 886.7 (score=26.6, threshold=913.3, ratio=0.03) | K22917: outcompeted at locus; below KOfam threshold by 685.6 (score=13.3, threshold=698.9, ratio=0.02) | K22923: outcompeted at locus; below KOfam threshold by 205.7 (score=65.0, threshold=270.7, ratio=0.24) | K22925: outcompeted at locus; below KOfam threshold by 662.5 (score=127.7, threshold=790.2, ratio=0.16) | K22926: outcompeted at locus; below KOfam threshold by 868.0 (score=75.3, threshold=943.3, ratio=0.08)",10,5,"Absent: confidence=0.000, posterior mean=0.000. Credible interval [0.00, 0.00] and HDI [0.00, 0.00] well below threshold=0.42. No meaningful genomic evidence. Note: 10 KO(s) flagged but within acceptable range."
M00859,"Bacillus anthracis pathogenicity signature, anthrax toxin",0.0,0.0,"K08645,K11029,K11030",,0.001,3,0.0,0.0,0.0002,5.2e-05,0.4186,0.0,0.0,0.0002,0.0002,-58.128,,0,0,"Absent: confidence=0.000, posterior mean=0.000. Credible interval [0.00, 0.00] and HDI [0.00, 0.00] well below threshold=0.42. No meaningful genomic evidence."
M00860,"Bacillus anthracis pathogenicity signature, polyglutamic acid capsule biosynthesis",0.02,0.008,"K01932,K07282,K22116,K22976,K22977,K22980,K22981",,0.001,7,0.58,0.9,0.1149,0.011689,0.4186,0.0022,0.3989,0.1149,0.1149,-2.809,"K01932: outcompeted at locus; below KOfam threshold by 124.6 (score=24.9, threshold=149.5, ratio=0.17) | K22981: outcompeted at locus; below KOfam threshold by 79.5 (score=13.3, threshold=92.8, ratio=0.14)",4,2,"Absent: confidence=0.020, posterior mean=0.115. Credible interval [0.00, 0.40] and HDI [0.11, 0.11] well below threshold=0.42. No meaningful genomic evidence. Note: 4 KO(s) flagged but within acceptable range."
M00866,"KDO2-lipid A biosynthesis, Raetz pathway, non-LpxL-LpxM type",0.865,0.561,"K00677,K00748,K00912,K02517,K02527,K02535,K02536,K03269,K09778",,0.481,9,3.99,5.4,0.5913,0.022171,0.4186,0.2898,0.858,0.3043,0.8689,1.16,"K02535: below KOfam threshold by 71.0 (score=264.5, threshold=335.5, ratio=0.79) | K02536: outcompeted at locus; below KOfam threshold by 95.4 (score=96.5, threshold=191.9, ratio=0.50)",3,0,"Uncertain: confidence=0.865 with credible interval [0.29, 0.86] straddling threshold=0.42. Posterior mean=0.591, HDI [0.30, 0.87]. Module may be present but evidence is inconclusive. Note: 3 KO(s) flagged but within acceptable range."
M00867,KDO2-lipid A modification pathway,0.001,0.001,"K03760,K09953,K12977,K23082,K23083,K23159","R12201,R12202,R12203,R12204,R12219",0.001,5,0.04,0.0,0.0081,0.001235,0.4186,0.0,0.097,0.0081,0.0081,-11.68,,0,0,"Absent: confidence=0.001, posterior mean=0.008. Credible interval [0.00, 0.10] and HDI [0.01, 0.01] well below threshold=0.42. No meaningful genomic evidence."
M00868,"Heme biosynthesis, animals and fungi, glycine => heme",0.995,0.946,"K00228,K00231,K00643,K01599,K01698,K01719,K01749,K01772","R00036,R00084,R00310,R00830,R03165,R03197,R03220,R03222",0.572,8,5.53,6.8,0.822,0.014932,0.4186,0.5272,0.9837,0.5846,0.998,3.301,"K00231: outcompeted at locus; below KOfam threshold by 49.7 (score=93.7, threshold=143.4, ratio=0.65) | K00643: outcompeted at locus; below KOfam threshold by 183.5 (score=238.8, threshold=422.3, ratio=0.57)",4,0,"Present: confidence=0.995 with 95% credible interval [0.53, 0.98] and HDI [0.58, 1.00] entirely above threshold=0.42. Posterior mean=0.822, effect size=3.30. Note: 4 KO(s) flagged but within acceptable range."
M00875,"Staphyloferrin B biosynthesis, L-serine => staphyloferrin B",0.149,0.027,"K21721,K21949,K23371,K23372,K23373,K23374,K23375","R11705,R12308,R12309,R12311,R12312,R12344",0.003,7,1.01,2.0,0.2564,0.021914,0.4186,0.0371,0.5924,0.014,0.5395,-1.096,"K21721: outcompeted at locus; below KOfam threshold by 400.0 (score=12.5, threshold=412.5, ratio=0.03) | K21949: outcompeted at locus; below KOfam threshold by 67.6 (score=276.2, threshold=343.8, ratio=0.80) | K23373: outcompeted at locus; below KOfam threshold by 346.8 (score=164.0, threshold=510.8, ratio=0.32) | K23374: below KOfam threshold by 701.4 (score=13.5, threshold=714.9, ratio=0.02)",7,3,"Likely absent: confidence=0.149, posterior mean=0.256 below threshold=0.42. Credible interval [0.04, 0.59] mostly below threshold. Some genomic evidence exists but is insufficient. Note: 7 KO(s) flagged but within acceptable range."
M00876,"Staphyloferrin A biosynthesis, L-ornithine => staphyloferrin A",0.001,0.001,"K21898,K23446,K23447","R00672,R12353,R12354",0.014,3,0.01,0.0,0.0039,0.000903,0.4186,0.0,0.0302,0.0039,0.0039,-13.803,"K21898: outcompeted at locus; below KOfam threshold by 174.3 (score=35.4, threshold=209.7, ratio=0.17)",2,1,"Absent: confidence=0.001, posterior mean=0.004. Credible interval [0.00, 0.03] and HDI [0.00, 0.00] well below threshold=0.42. No meaningful genomic evidence. Note: 2 KO(s) flagged but within acceptable range."
M00877,"Kanosamine biosynthesis, glucose 6-phosphate => kanosamine",0.0,0.0,"K18652,K18653,K18654","R10519,R10547,R10698",0.003,3,0.0,0.0,0.0004,8.9e-05,0.4186,0.0,0.0,0.0004,0.0004,-44.453,"K18653: outcompeted at locus; below KOfam threshold by 206.7 (score=279.9, threshold=486.6, ratio=0.58)",2,0,"Absent: confidence=0.000, posterior mean=0.000. Credible interval [0.00, 0.00] and HDI [0.00, 0.00] well below threshold=0.42. No meaningful genomic evidence. Note: 2 KO(s) flagged but within acceptable range."
M00878,"Phenylacetate degradation, phenylaxetate => acetyl-CoA/succinyl-CoA",0.024,0.009,"K00074,K01692,K01912,K02609,K02610,K02611,K02612,K02613,K02615,K02618,K15866","R00829,R02539,R06941,R06942,R09820,R09836,R09837,R09838,R09839",0.057,7,0.57,0.9,0.124,0.012487,0.4186,0.0031,0.414,0.124,0.124,-2.636,"K00074: outcompeted at locus; below KOfam threshold by 397.5 (score=12.4, threshold=409.9, ratio=0.03) | K01692: outcompeted at locus; below KOfam threshold by 147.4 (score=169.1, threshold=316.5, ratio=0.53) | K01912: outcompeted at locus; below KOfam threshold by 147.4 (score=116.4, threshold=263.8, ratio=0.44) | K02611: outcompeted at locus; below KOfam threshold by 162.0 (score=12.3, threshold=174.3, ratio=0.07) | K02613: outcompeted at locus; below KOfam threshold by 269.9 (score=94.2, threshold=364.1, ratio=0.26) | K02615: outcompeted at locus; below KOfam threshold by 757.0 (score=13.7, threshold=770.7, ratio=0.02) | K02618: outcompeted at locus; below KOfam threshold by 650.3 (score=32.5, threshold=682.8, ratio=0.05) | K15866: outcompeted at locus; below KOfam threshold by 98.0 (score=189.4, threshold=287.4, ratio=0.66)",16,6,"Absent: confidence=0.024, posterior mean=0.124. Credible interval [0.00, 0.41] and HDI [0.12, 0.12] well below threshold=0.42. No meaningful genomic evidence. Note: 16 KO(s) flagged but within acceptable range."
M00879,"Arginine succinyltransferase pathway, arginine => glutamate",0.013,0.007,"K00673,K00840,K01484,K05526,K06447","R00411,R00832,R04189,R04217,R05049",0.153,5,0.15,0.3,0.0647,0.009305,0.4186,0.0,0.3501,0.0647,0.0647,-3.669,"K00840: outcompeted at locus; below KOfam threshold by 567.9 (score=142.8, threshold=710.7, ratio=0.20) | K05526: outcompeted at locus; below KOfam threshold by 51.2 (score=62.1, threshold=113.3, ratio=0.55) | K06447: outcompeted at locus; below KOfam threshold by 305.5 (score=155.1, threshold=460.6, ratio=0.34)",6,2,"Absent: confidence=0.013, posterior mean=0.065. Credible interval [0.00, 0.35] and HDI [0.06, 0.06] well below threshold=0.42. No meaningful genomic evidence. Note: 6 KO(s) flagged but within acceptable range."
M00880,"Molybdenum cofactor biosynthesis, GTP => molybdenum cofactor",0.298,0.129,"K03635,K03637,K03639,K03750,K03831","R09394,R09395,R09726,R09735,R11372",0.407,3,0.49,0.9,0.3101,0.049752,0.4186,0.0121,0.805,0.001,0.7347,-0.487,"K03639: outcompeted at locus; below KOfam threshold by 123.5 (score=23.2, threshold=146.7, ratio=0.16) | K03831: outcompeted at locus; below KOfam threshold by 191.1 (score=25.9, threshold=217.0, ratio=0.12)",4,2,"Likely absent: confidence=0.298, posterior mean=0.310 below threshold=0.42. Credible interval [0.01, 0.81] mostly below threshold. Some genomic evidence exists but is insufficient. Note: 4 KO(s) flagged but within acceptable range."
M00881,"Lipoic acid biosynthesis, plants and bacteria, octanoyl-ACP => dihydrolipoyl-E2/H",0.929,0.779,"K03644,K03801","R12423,R12424,R12427,R12428",0.543,2,1.33,1.7,0.8249,0.045129,0.4186,0.248,1.0,0.8249,0.8249,1.913,,0,0,"Likely present (prior-driven): confidence=0.929 but based on only 2 step(s) with wide credible interval [0.25, 1.00] (width=0.75). HDI [0.82, 0.82]. High confidence may be due to prior (frequency and/or genomic evidence) instead of influence."
M00883,"Lipoic acid biosynthesis, animals and bacteria, octanoyl-ACP => dihydrolipoyl-H => dihydrolipoyl-E2",0.772,0.772,"K03644,K16869,K23734","R12424,R12428,R12432",0.04,3,2.01,2.0,0.6133,0.055156,0.4186,0.136,0.9708,0.1932,0.998,0.829,"K23734: below KOfam threshold by 84.1 (score=137.0, threshold=221.1, ratio=0.62)",1,0,"Uncertain: confidence=0.772 with credible interval [0.14, 0.97] straddling threshold=0.42. Posterior mean=0.613, HDI [0.19, 1.00]. Module may be present but evidence is inconclusive. Note: 1 KO(s) flagged but within acceptable range."
M00885,"Meromycolic acid biosynthesis, initiation and elongation FAS II (KasA)",0.975,0.975,K02078,,0.5,1,1.0,1.0,0.9545,0.020661,0.4186,0.4232,1.0,0.9545,0.9545,3.729,,0,0,"Present: confidence=0.975 with 95% credible interval [0.42, 1.00] and HDI [0.95, 0.95] entirely above threshold=0.42. Posterior mean=0.955, effect size=3.73."
M00886,"Meromycolic acid biosynthesis, initiation and elongation FAS II (KasA and KasB)",0.975,0.975,K02078,,0.5,1,1.0,1.0,0.9545,0.020661,0.4186,0.4232,1.0,0.9545,0.9545,3.729,,0,0,"Present: confidence=0.975 with 95% credible interval [0.42, 1.00] and HDI [0.95, 0.95] entirely above threshold=0.42. Posterior mean=0.955, effect size=3.73."
M00887,"Mycolic acid biosynthesis, meromycolic acid + alpha-carboxyacyl-CoA + trehalose => TMM => TDM/mAGP/GMM",0.04,0.04,"K11263,K27093,K27094,K27095",R13256,0.5,1,0.0,0.0,0.0455,0.020661,0.4186,0.0,0.5768,0.0455,0.0455,-2.596,"K11263: outcompeted at locus; below KOfam threshold by 120.0 (score=714.5, threshold=834.5, ratio=0.86)",2,0,"Absent: confidence=0.040, posterior mean=0.045. Credible interval [0.00, 0.58] and HDI [0.05, 0.05] well below threshold=0.42. No meaningful genomic evidence. Note: 2 KO(s) flagged but within acceptable range."
M00888,"Galactofuranan biosynthesis, decaprenyl phosphate + UDP-GlcNAc (+ dTDP-Rha/UDP-Galf) => GL-5",0.386,0.314,"K02851,K16649,K16650,K16870","R12075,R12077,R12078,R12079,R12080",0.5,4,1.24,1.4,0.3687,0.043102,0.4186,0.0435,0.8018,0.015,0.7508,-0.24,"K16649: outcompeted at locus; below KOfam threshold by 124.9 (score=26.0, threshold=150.9, ratio=0.17) | K16870: outcompeted at locus; below KOfam threshold by 111.4 (score=31.1, threshold=142.5, ratio=0.22)",4,2,"Uncertain: confidence=0.386 with credible interval [0.04, 0.80] straddling threshold=0.42. Posterior mean=0.369, HDI [0.02, 0.75]. Module may be present but evidence is inconclusive. Note: 4 KO(s) flagged but within acceptable range."
M00889,"Puromycin biosynthesis, ATP => puromycin",0.0,0.0,"K12628,K12629,K12630,K12631,K12632,K12633,K12634,K12635,K12636","R05668,R05669,R05670,R05671,R05672,R05673,R05674,R05675,R05676,R05677",0.001,9,0.01,0.0,0.001,8.9e-05,0.4186,0.0,0.0045,0.001,0.001,-44.19,K12630: outcompeted at locus; below KOfam threshold (no score available) | K12634: outcompeted at locus; below KOfam threshold (no score available),4,2,"Absent: confidence=0.000, posterior mean=0.001. Credible interval [0.00, 0.00] and HDI [0.00, 0.00] well below threshold=0.42. No meaningful genomic evidence. Note: 4 KO(s) flagged but within acceptable range."
M00890,"Roseoflavin biosynthesis, FMN => roseoflavin",0.002,0.002,"K22269,K22598","R11779,R11780,R11961,R11962,R11963",0.001,2,0.01,0.0,0.0039,0.001217,0.4186,0.0,0.0177,0.0039,0.0039,-11.885,,0,0,"Absent: confidence=0.002, posterior mean=0.004. Credible interval [0.00, 0.02] and HDI [0.00, 0.00] well below threshold=0.42. No meaningful genomic evidence."
M00895,"Thiamine biosynthesis, prokaryotes, AIR (+ DXP/glycine) => TMP/TPP",0.754,0.52,"K00788,K00941,K00946,K03147","R00617,R03472,R04509,R10712",0.057,1,0.51,0.7,0.6801,0.103597,0.4186,0.0236,1.0,0.6801,0.6801,0.813,"K00941: outcompeted at locus; below KOfam threshold by 318.2 (score=11.4, threshold=329.6, ratio=0.03)",2,1,"Uncertain: confidence=0.754 with credible interval [0.02, 1.00] straddling threshold=0.42. Posterior mean=0.680, HDI [0.68, 0.68]. Module may be present but evidence is inconclusive. Note: 2 KO(s) flagged but within acceptable range."
M00896,"Thiamine biosynthesis, archaea, AIR (+ NAD+) => TMP/TPP",0.75,0.514,"K00788,K00941,K00946,K03147","R00617,R03472,R04509,R10712",0.011,1,0.51,0.7,0.6759,0.104312,0.4186,0.0227,1.0,0.6759,0.6759,0.797,"K00941: outcompeted at locus; below KOfam threshold by 318.2 (score=11.4, threshold=329.6, ratio=0.03)",2,1,"Uncertain: confidence=0.750 with credible interval [0.02, 1.00] straddling threshold=0.42. Posterior mean=0.676, HDI [0.68, 0.68]. Module may be present but evidence is inconclusive. Note: 2 KO(s) flagged but within acceptable range."
M00899,"Thiamine salvage pathway, HMP/HET => TMP",0.879,0.581,"K00788,K00941","R03223,R03471,R04509",0.411,1,0.53,0.9,0.8168,0.071257,0.4186,0.0868,1.0,0.8168,0.8168,1.492,"K00941: outcompeted at locus; below KOfam threshold by 318.2 (score=11.4, threshold=329.6, ratio=0.03)",2,1,"Uncertain: confidence=0.879 with credible interval [0.09, 1.00] straddling threshold=0.42. Posterior mean=0.817, HDI [0.82, 0.82]. Module may be present but evidence is inconclusive. Note: 2 KO(s) flagged but within acceptable range."
M00904,"Dapdiamides biosynthesis, L-2,3-diaminopropanoate => dapdiamide A/B/C",0.0,0.0,"K01957,K22113,K22114","R10940,R10942,R10943,R10944,R12352",0.001,3,0.0,0.0,0.0002,3.8e-05,0.4186,0.0,0.0,0.0002,0.0002,-67.506,"K01957: outcompeted at locus; below KOfam threshold by 1386.2 (score=19.7, threshold=1405.9, ratio=0.01)",2,1,"Absent: confidence=0.000, posterior mean=0.000. Credible interval [0.00, 0.00] and HDI [0.00, 0.00] well below threshold=0.42. No meaningful genomic evidence. Note: 2 KO(s) flagged but within acceptable range."
M00905,"Grixazone biosynthesis, aspartate 4-semialdehyde => grixazone B",0.0,0.0,"K17835,K18287,K20204","R10469,R10673,R10720",0.001,3,0.0,0.0,0.0005,0.000127,0.4186,0.0,0.0,0.0005,0.0005,-37.115,"K18287: outcompeted at locus; below KOfam threshold by 323.1 (score=18.9, threshold=342.0, ratio=0.06)",2,1,"Absent: confidence=0.000, posterior mean=0.001. Credible interval [0.00, 0.00] and HDI [0.00, 0.00] well below threshold=0.42. No meaningful genomic evidence. Note: 2 KO(s) flagged but within acceptable range."
M00906,"Ethynylserine biosynthesis, lysine => ethynylserine",0.0,0.0,"K23669,K23670,K23671,K23672,K23673","R12407,R12408,R12409,R12410,R12411",0.001,5,0.0,0.0,0.0003,3.9e-05,0.4186,0.0,0.0,0.0003,0.0003,-66.727,K23671: outcompeted at locus; below KOfam threshold (no score available),2,1,"Absent: confidence=0.000, posterior mean=0.000. Credible interval [0.00, 0.00] and HDI [0.00, 0.00] well below threshold=0.42. No meaningful genomic evidence. Note: 2 KO(s) flagged but within acceptable range."
M00909,"UDP-GlcNAc biosynthesis, prokaryotes, Fru-6P => UDP-GlcNAc",0.999,0.999,"K00820,K03431,K04042","R00416,R00768,R02060,R05332",0.849,3,3.0,3.0,0.9863,0.00314,0.4186,0.8316,1.0,0.9863,0.9863,10.132,,0,0,"Present: confidence=0.999 with 95% credible interval [0.83, 1.00] and HDI [0.99, 0.99] entirely above threshold=0.42. Posterior mean=0.986, effect size=10.13."
M00912,"NAD biosynthesis, tryptophan => quinolinate => NAD",0.204,0.068,"K00452,K00453,K00486,K00767,K00969,K01432,K01556,K01950","R00257,R00678,R01959,R01960,R02665,R02668,R03005,R03348",0.124,8,1.68,2.5,0.2967,0.021294,0.4186,0.0638,0.6159,0.042,0.5776,-0.835,"K00486: outcompeted at locus; below KOfam threshold by 308.2 (score=34.7, threshold=342.9, ratio=0.10) | K00969: outcompeted at locus; below KOfam threshold by 97.5 (score=22.5, threshold=120.0, ratio=0.19) | K01556: outcompeted at locus; below KOfam threshold by 111.2 (score=71.9, threshold=183.1, ratio=0.39) | K01950: outcompeted at locus; below KOfam threshold by 479.0 (score=17.9, threshold=496.9, ratio=0.04)",8,4,"Likely absent: confidence=0.204, posterior mean=0.297 below threshold=0.42. Credible interval [0.06, 0.62] mostly below threshold. Some genomic evidence exists but is insufficient. Note: 8 KO(s) flagged but within acceptable range."
M00914,,0.313,0.217,"K00077,K00606,K02201,K06982,K09722,K09735,K13038","R01226,R02472,R03035,R03269,R04231,R09378,R09379,R12608",0.001,7,2.29,2.6,0.3445,0.025956,0.4186,0.0783,0.6862,0.0571,0.6527,-0.46,"K00077: outcompeted at locus; below KOfam threshold by 67.0 (score=13.7, threshold=80.7, ratio=0.17) | K02201: outcompeted at locus; below KOfam threshold by 167.7 (score=14.9, threshold=182.6, ratio=0.08) | K06982: outcompeted at locus; below KOfam threshold by 114.0 (score=16.9, threshold=130.9, ratio=0.13)",6,3,"Uncertain: confidence=0.313 with credible interval [0.08, 0.69] straddling threshold=0.42. Posterior mean=0.345, HDI [0.06, 0.65]. Module may be present but evidence is inconclusive. Note: 6 KO(s) flagged but within acceptable range."
M00915,"Caffeine degradation, caffeine => xanthine",0.001,0.0,"K21722,K21723,K21724","R07939,R07954,R07955,R07956,R07957,R07958,R07961,R07962,R07965,R07966",0.001,3,0.01,0.0,0.0016,0.000376,0.4186,0.0,0.0018,0.0016,0.0016,-21.517,"K21722: outcompeted at locus; below KOfam threshold by 584.4 (score=51.1, threshold=635.5, ratio=0.08) | K21723: outcompeted at locus; below KOfam threshold by 585.0 (score=35.6, threshold=620.6, ratio=0.06)",4,2,"Absent: confidence=0.001, posterior mean=0.002. Credible interval [0.00, 0.00] and HDI [0.00, 0.00] well below threshold=0.42. No meaningful genomic evidence. Note: 4 KO(s) flagged but within acceptable range."
M00916,"Pyridoxal-P biosynthesis, R5P + glyceraldehyde-3P + glutamine => pyridoxal-P",0.034,0.029,"K06215,K08681",R10089,0.312,1,0.01,0.0,0.0394,0.018026,0.4186,0.0,0.5287,0.0394,0.0394,-2.824,"K06215: outcompeted at locus; below KOfam threshold by 99.0 (score=23.7, threshold=122.7, ratio=0.19) | K08681: outcompeted at locus; below KOfam threshold by 71.0 (score=22.6, threshold=93.6, ratio=0.24)",4,2,"Absent: confidence=0.034, posterior mean=0.039. Credible interval [0.00, 0.53] and HDI [0.04, 0.04] well below threshold=0.42. No meaningful genomic evidence. Note: 4 KO(s) flagged but within acceptable range."
M00918,"Aerobactin biosynthesis, lysine => aerobactin",0.004,0.003,"K03894,K03895,K03896,K03897","R00448,R03168,R10090,R10091",0.024,4,0.05,0.1,0.0204,0.003702,0.4186,0.0,0.2087,0.0204,0.0204,-6.544,"K03897: outcompeted at locus; below KOfam threshold by 371.7 (score=19.2, threshold=390.9, ratio=0.05)",2,1,"Absent: confidence=0.004, posterior mean=0.020. Credible interval [0.00, 0.21] and HDI [0.02, 0.02] well below threshold=0.42. No meaningful genomic evidence. Note: 2 KO(s) flagged but within acceptable range."
M00919,"Ectoine degradation, ectoine => aspartate",0.002,0.002,"K15783,K15784,K15785,K15786","R06977,R09800,R09801,R09805",0.041,4,0.02,0.0,0.0121,0.002207,0.4186,0.0,0.1426,0.0121,0.0121,-8.654,"K15783: outcompeted at locus; below KOfam threshold by 301.7 (score=85.7, threshold=387.4, ratio=0.22) | K15784: outcompeted at locus; below KOfam threshold by 398.7 (score=20.4, threshold=419.1, ratio=0.05) | K15785: outcompeted at locus; below KOfam threshold by 548.0 (score=75.2, threshold=623.2, ratio=0.12) | K15786: outcompeted at locus; below KOfam threshold by 590.6 (score=151.0, threshold=741.6, ratio=0.20)",8,4,"Absent: confidence=0.002, posterior mean=0.012. Credible interval [0.00, 0.14] and HDI [0.01, 0.01] well below threshold=0.42. No meaningful genomic evidence. Note: 8 KO(s) flagged but within acceptable range."
M00921,"Cyclooctatin biosynthesis, dimethylallyl-PP + isopentenyl-PP => cyclooctatin",0.003,0.002,"K13787,K18686,K22997,K22998","R01658,R02003,R02061,R10763,R12177,R12178",0.0,4,0.05,0.1,0.014,0.002554,0.4186,0.0,0.1602,0.014,0.014,-8.007,"K13787: outcompeted at locus; below KOfam threshold by 118.9 (score=183.0, threshold=301.9, ratio=0.61)",2,0,"Absent: confidence=0.003, posterior mean=0.014. Credible interval [0.00, 0.16] and HDI [0.01, 0.01] well below threshold=0.42. No meaningful genomic evidence. Note: 2 KO(s) flagged but within acceptable range."
M00922,"CMP-Neu5Ac biosynthesis, bacteria, UDP-GlcNAc => CMP-Neu5Ac",0.001,0.001,"K00983,K01654,K08068","R00414,R01117,R01804",0.001,3,0.01,0.0,0.0032,0.000743,0.4186,0.0,0.0192,0.0032,0.0032,-15.234,,0,0,"Absent: confidence=0.001, posterior mean=0.003. Credible interval [0.00, 0.02] and HDI [0.00, 0.00] well below threshold=0.42. No meaningful genomic evidence."
M00923,"UDP-L-FucNAc biosynthesis, UDP-GlcNAc => UDP-L-FucNAc",0.005,0.005,"K15894,K19068,K24258","R09697,R10676,R12552,R12553",0.064,3,0.03,0.0,0.0156,0.003563,0.4186,0.0,0.1876,0.0156,0.0156,-6.752,"K15894: outcompeted at locus; below KOfam threshold by 257.4 (score=50.6, threshold=308.0, ratio=0.16) | K19068: outcompeted at locus; below KOfam threshold by 128.7 (score=50.1, threshold=178.8, ratio=0.28)",4,2,"Absent: confidence=0.005, posterior mean=0.016. Credible interval [0.00, 0.19] and HDI [0.02, 0.02] well below threshold=0.42. No meaningful genomic evidence. Note: 4 KO(s) flagged but within acceptable range."
M00924,"Cobalamin biosynthesis, anaerobic, uroporphyrinogen III => sirohydrochlorin => cobyrinate a,c-diamide",0.992,0.89,"K00595,K02188,K02224,K02302,K03394,K03795,K05895,K05936,K06042,K13541","R03194,R03947,R05807,R05808,R05810,R05812,R05814,R05815,R07772,R07773,R07774,R07775,R11580",0.253,11,6.89,8.8,0.7522,0.014229,0.4186,0.486,0.9404,0.5205,0.959,2.797,"K00595: outcompeted at locus; below KOfam threshold by 174.1 (score=65.8, threshold=239.9, ratio=0.27) | K02224: outcompeted at locus; below KOfam threshold by 72.0 (score=41.7, threshold=113.7, ratio=0.37) | K02302: outcompeted at locus; below KOfam threshold by 104.2 (score=313.8, threshold=418.0, ratio=0.75) | K03795: outcompeted at locus; below KOfam threshold by 94.6 (score=17.9, threshold=112.5, ratio=0.16) | K05895: below KOfam threshold by 40.2 (score=124.7, threshold=164.9, ratio=0.76) | K05936: outcompeted at locus; below KOfam threshold by 77.2 (score=160.0, threshold=237.2, ratio=0.67)",11,3,"Present: confidence=0.992 with 95% credible interval [0.49, 0.94] and HDI [0.52, 0.96] entirely above threshold=0.42. Posterior mean=0.752, effect size=2.80. Note: 11 KO(s) flagged but within acceptable range."
M00925,"Cobalamin biosynthesis, aerobic, uroporphyrinogen III => precorrin 2 => cobyrinate a,c-diamide",0.894,0.612,"K00595,K02224,K02228,K02229,K02230,K02303,K03394,K05895,K05936,K06042,K09882,K09883,K13541","R03194,R03948,R05149,R05150,R05177,R05180,R05181,R05217,R05219,R05224,R05227",0.164,11,5.41,7.0,0.5952,0.018392,0.4186,0.3202,0.8405,0.3333,0.8498,1.303,"K00595: outcompeted at locus; below KOfam threshold by 174.1 (score=65.8, threshold=239.9, ratio=0.27) | K02224: outcompeted at locus; below KOfam threshold by 72.0 (score=41.7, threshold=113.7, ratio=0.37) | K02228: outcompeted at locus; below KOfam threshold by 92.3 (score=61.4, threshold=153.7, ratio=0.40) | K02229: outcompeted at locus; below KOfam threshold by 187.4 (score=70.7, threshold=258.1, ratio=0.27) | K05895: below KOfam threshold by 40.2 (score=124.7, threshold=164.9, ratio=0.76) | K05936: outcompeted at locus; below KOfam threshold by 77.2 (score=160.0, threshold=237.2, ratio=0.67) | K09882: outcompeted at locus; below KOfam threshold by 139.4 (score=42.2, threshold=181.6, ratio=0.23) | K09883: outcompeted at locus; below KOfam threshold by 127.7 (score=17.9, threshold=145.6, ratio=0.12)",15,6,"Uncertain: confidence=0.894 with credible interval [0.32, 0.84] straddling threshold=0.42. Posterior mean=0.595, HDI [0.33, 0.85]. Module may be present but evidence is inconclusive. Note: 15 KO(s) flagged but within acceptable range."
M00926,"Heme biosynthesis, bacteria, glutamyl-tRNA => coproporphyrin III => heme",0.996,0.971,"K00231,K00435,K01599,K01698,K01719,K01749,K01772,K01845,K02492","R00036,R00084,R02272,R03165,R03197,R04109,R04178,R11329,R11522",0.541,9,6.54,7.6,0.816,0.013777,0.4186,0.5369,0.9779,0.5896,0.995,3.385,"K00231: outcompeted at locus; below KOfam threshold by 49.7 (score=93.7, threshold=143.4, ratio=0.65)",2,0,"Present: confidence=0.996 with 95% credible interval [0.54, 0.98] and HDI [0.59, 0.99] entirely above threshold=0.42. Posterior mean=0.816, effect size=3.39. Note: 2 KO(s) flagged but within acceptable range."
M00930,"Menaquinone biosynthesis, futalosine pathway",0.001,0.001,"K11782,K11783,K11784,K11785,K18285,K20810","R08587,R08588,R08589,R10666,R10667,R10695",0.054,6,0.05,0.1,0.0178,0.002295,0.4186,0.0,0.1645,0.0178,0.0178,-8.367,"K18285: outcompeted at locus; below KOfam threshold by 419.7 (score=18.3, threshold=438.0, ratio=0.04) | K20810: outcompeted at locus; below KOfam threshold by 290.5 (score=15.8, threshold=306.3, ratio=0.05)",4,2,"Absent: confidence=0.001, posterior mean=0.018. Credible interval [0.00, 0.16] and HDI [0.02, 0.02] well below threshold=0.42. No meaningful genomic evidence. Note: 4 KO(s) flagged but within acceptable range."
M00931,"Menaquinone biosynthesis, modified futalosine pathway",0.002,0.001,"K11782,K11784,K11785,K18284,K18285","R08588,R08589,R10666,R10667,R10668",0.065,5,0.03,0.0,0.0155,0.002345,0.4186,0.0,0.161,0.0155,0.0155,-8.324,"K18285: outcompeted at locus; below KOfam threshold by 419.7 (score=18.3, threshold=438.0, ratio=0.04)",2,1,"Absent: confidence=0.002, posterior mean=0.015. Credible interval [0.00, 0.16] and HDI [0.02, 0.02] well below threshold=0.42. No meaningful genomic evidence. Note: 2 KO(s) flagged but within acceptable range."
M00932,"Phylloquinone biosynthesis, chorismate (+ phytyl-PP) => phylloquinol",0.998,0.984,"K01661,K01911,K02549,K02551,K02552,K08680,K12073,K17872,K23094,K23095","R01717,R04030,R04031,R04994,R07262,R07263,R08165,R08166,R11061,R12255",0.005,7,6.03,6.8,0.884,0.011785,0.4186,0.5993,0.9977,0.884,0.884,4.287,"K01911: below KOfam threshold by 137.5 (score=212.2, threshold=349.7, ratio=0.61) | K02549: below KOfam threshold by 111.2 (score=110.3, threshold=221.5, ratio=0.50) | K02552: below KOfam threshold by 86.9 (score=280.4, threshold=367.3, ratio=0.76) | K08680: outcompeted at locus; below KOfam threshold by 164.1 (score=75.0, threshold=239.1, ratio=0.31)",5,2,"Present: confidence=0.998 with 95% credible interval [0.60, 1.00] and HDI [0.88, 0.88] entirely above threshold=0.42. Posterior mean=0.884, effect size=4.29. Note: 5 KO(s) flagged but within acceptable range."
M00935,,0.001,0.0,K07072,R11040,0.0,1,0.0,0.0,0.0008,0.000367,0.4186,0.0,0.0,0.0008,0.0008,-21.796,,0,0,"Absent: confidence=0.001, posterior mean=0.001. Credible interval [0.00, 0.00] and HDI [0.00, 0.00] well below threshold=0.42. No meaningful genomic evidence."
M00938,"Pyrimidine deoxyribonucleotide biosynthesis, UDP => dTTP",0.966,0.88,"K00525,K00526,K00940,K00943,K01520,K03465","R02018,R02093,R02094,R02100,R02331,R06613",0.738,5,3.25,3.9,0.7784,0.026539,0.4186,0.3889,0.9877,0.4605,0.999,2.209,"K00526: outcompeted at locus; below KOfam threshold by 30.3 (score=20.7, threshold=51.0, ratio=0.41) | K00943: outcompeted at locus; below KOfam threshold by 67.8 (score=25.8, threshold=93.6, ratio=0.28)",4,2,"Dubious: confidence=0.966 but 2 KO(s) on best path score below 50% of their KOfam threshold. Credible interval [0.39, 0.99], HDI [0.46, 1.00]. Module detection may be based on weak or spurious HMM hits. DOWNGRADED due to: K00526: outcompeted at locus; below KOfam threshold by 30.3 (score=20.7, threshold=51.0, ratio=0.41) | K00943: outcompeted at locus; below KOfam threshold by 67.8 (score=25.8, threshold=93.6, ratio=0.28)"
M00939,"Pyrimidine degradation, uracil => 3-hydroxypropanoate",0.124,0.102,"K09018,K09020,K09021,K09023,K09024,K16066","R09289,R09936,R09947,R09982,R09983",0.052,5,1.05,1.2,0.2156,0.026016,0.4186,0.0111,0.6037,0.001,0.5315,-1.259,"K09023: outcompeted at locus; below KOfam threshold by 154.0 (score=51.1, threshold=205.1, ratio=0.25) | K09024: outcompeted at locus; below KOfam threshold by 143.3 (score=81.0, threshold=224.3, ratio=0.36) | K16066: below KOfam threshold by 220.3 (score=158.5, threshold=378.8, ratio=0.42)",5,3,"Likely absent: confidence=0.124, posterior mean=0.216 below threshold=0.42. Credible interval [0.01, 0.60] mostly below threshold. Some genomic evidence exists but is insufficient. Note: 5 KO(s) flagged but within acceptable range."
M00947,"D-Arginine racemization, D-arginine => L-arginine",0.004,0.004,"K19744,K19746","R11018,R11031,R11032",0.015,2,0.01,0.0,0.0071,0.002214,0.4186,0.0,0.0718,0.0071,0.0071,-8.744,"K19744: outcompeted at locus; below KOfam threshold by 380.4 (score=14.4, threshold=394.8, ratio=0.04) | K19746: outcompeted at locus; below KOfam threshold by 152.6 (score=63.0, threshold=215.6, ratio=0.29)",4,2,"Absent: confidence=0.004, posterior mean=0.007. Credible interval [0.00, 0.07] and HDI [0.01, 0.01] well below threshold=0.42. No meaningful genomic evidence. Note: 4 KO(s) flagged but within acceptable range."
M00948,"Hydroxyproline degradation, trans-4-hydroxy-L-proline => 2-oxoglutarate",0.022,0.009,"K12658,K13877,K21060,K21062","R00264,R02280,R03296,R11428",0.119,4,0.11,0.3,0.0701,0.012068,0.4186,0.0,0.4005,0.0701,0.0701,-3.173,"K13877: outcompeted at locus; below KOfam threshold by 574.0 (score=39.0, threshold=613.0, ratio=0.06) | K21060: outcompeted at locus; below KOfam threshold by 423.2 (score=49.3, threshold=472.5, ratio=0.10) | K21062: outcompeted at locus; below KOfam threshold by 100.5 (score=195.2, threshold=295.7, ratio=0.66)",6,2,"Absent: confidence=0.022, posterior mean=0.070. Credible interval [0.00, 0.40] and HDI [0.07, 0.07] well below threshold=0.42. No meaningful genomic evidence. Note: 6 KO(s) flagged but within acceptable range."
M00949,"Staphylopine biosynthesis, L-histidine => staphylopine",0.0,0.0,"K01780,K23120,K23122","R12237,R12313,R12341",0.011,3,0.0,0.0,0.0016,0.000364,0.4186,0.0,0.0015,0.0016,0.0016,-21.85,,0,0,"Absent: confidence=0.000, posterior mean=0.002. Credible interval [0.00, 0.00] and HDI [0.00, 0.00] well below threshold=0.42. No meaningful genomic evidence."
M00950,"Biotin biosynthesis, BioU pathway, pimeloyl-ACP/CoA => biotin",0.769,0.69,"K00652,K01012,K01935,K25570","R01078,R03210,R10124,R12934,R12935",0.262,4,2.26,2.5,0.589,0.044831,0.4186,0.1651,0.9393,0.2002,0.963,0.805,"K00652: below KOfam threshold by 71.1 (score=393.2, threshold=464.3, ratio=0.85) | K01935: outcompeted at locus; below KOfam threshold by 89.3 (score=33.6, threshold=122.9, ratio=0.27)",3,1,"Uncertain: confidence=0.769 with credible interval [0.17, 0.94] straddling threshold=0.42. Posterior mean=0.589, HDI [0.20, 0.96]. Module may be present but evidence is inconclusive. Note: 3 KO(s) flagged but within acceptable range."
M00956,"Lysine degradation, bacteria, L-lysine => succinate",0.119,0.059,"K00135,K00137,K01582,K07250,K09251,K15736,K15737","R00462,R02274,R02401,R12214,R12215,R12216,R12217",0.012,7,1.37,1.8,0.2357,0.020704,0.4186,0.0294,0.5681,0.008,0.5115,-1.271,"K00135: outcompeted at locus; below KOfam threshold by 369.5 (score=218.3, threshold=587.8, ratio=0.37) | K00137: outcompeted at locus; below KOfam threshold by 511.1 (score=173.7, threshold=684.8, ratio=0.25) | K01582: outcompeted at locus; below KOfam threshold by 1019.2 (score=60.0, threshold=1079.2, ratio=0.06) | K07250: outcompeted at locus; below KOfam threshold by 422.8 (score=231.5, threshold=654.3, ratio=0.35) | K09251: outcompeted at locus; below KOfam threshold by 294.4 (score=204.2, threshold=498.6, ratio=0.41) | K15736: below KOfam threshold by 185.1 (score=391.2, threshold=576.3, ratio=0.68)",11,5,"Likely absent: confidence=0.119, posterior mean=0.236 below threshold=0.42. Credible interval [0.03, 0.57] mostly below threshold. Some genomic evidence exists but is insufficient. Note: 11 KO(s) flagged but within acceptable range."
M00957,"Lysine degradation, bacteria, L-lysine => glutarate => succinate/acetyl-CoA",0.051,0.014,"K00135,K00468,K01506,K07250,K15736,K15737","R00449,R02273,R02274,R02401,R12216,R12217",0.031,5,0.36,0.8,0.139,0.018407,0.4186,0.0016,0.496,0.139,0.139,-2.061,"K00135: outcompeted at locus; below KOfam threshold by 369.5 (score=218.3, threshold=587.8, ratio=0.37) | K00468: outcompeted at locus; below KOfam threshold by 576.0 (score=19.8, threshold=595.8, ratio=0.03) | K01506: outcompeted at locus; below KOfam threshold by 258.5 (score=16.1, threshold=274.6, ratio=0.06) | K07250: outcompeted at locus; below KOfam threshold by 422.8 (score=231.5, threshold=654.3, ratio=0.35) | K15736: below KOfam threshold by 185.1 (score=391.2, threshold=576.3, ratio=0.68)",9,4,"Likely absent: confidence=0.051, posterior mean=0.139 below threshold=0.42. Credible interval [0.00, 0.50] mostly below threshold. Some genomic evidence exists but is insufficient. Note: 9 KO(s) flagged but within acceptable range."
M00958,"Adenine ribonucleotide degradation, AMP => Urate",0.527,0.381,"K03787,K05810,K13481,K13482","R00183,R01126,R01560,R01768,R01769,R01863,R02103,R02107",0.234,3,1.12,1.4,0.45,0.057557,0.4186,0.0502,0.9031,0.028,0.8739,0.131,"K13481: outcompeted at locus; below KOfam threshold by 447.2 (score=6.5, threshold=453.7, ratio=0.01)",2,1,"Uncertain: confidence=0.527 with credible interval [0.05, 0.90] straddling threshold=0.42. Posterior mean=0.450, HDI [0.03, 0.87]. Module may be present but evidence is inconclusive. Note: 2 KO(s) flagged but within acceptable range."
M00959,"Guanine ribonucleotide degradation, GMP => Urate",0.578,0.472,"K01487,K03787,K05810,K13481,K13482","R01227,R01676,R02103,R02107,R02147",0.34,4,1.69,1.9,0.472,0.046152,0.4186,0.0906,0.8767,0.0821,0.8659,0.249,"K01487: outcompeted at locus; below KOfam threshold by 288.7 (score=10.7, threshold=299.4, ratio=0.04) | K13481: outcompeted at locus; below KOfam threshold by 447.2 (score=6.5, threshold=453.7, ratio=0.01)",4,2,"Uncertain: confidence=0.578 with credible interval [0.09, 0.88] straddling threshold=0.42. Posterior mean=0.472, HDI [0.08, 0.87]. Module may be present but evidence is inconclusive. Note: 4 KO(s) flagged but within acceptable range."
M00960,"Lysine degradation, bacteria, L-lysine => D-lysine => succinate",0.001,0.0,"K13609,K15737,K25316,K25986,K26061,K26062,K26063,K26064,K26065","R00460,R01939,R02203,R08414,R12216,R13011,R13034,R13036,R13037",0.01,9,0.22,0.3,0.0321,0.002851,0.4186,0.0,0.1911,0.0321,0.0321,-7.238,"K25316: outcompeted at locus; below KOfam threshold by 320.1 (score=35.3, threshold=355.4, ratio=0.10) | K26061: outcompeted at locus; below KOfam threshold by 645.7 (score=109.2, threshold=754.9, ratio=0.14) | K26062: outcompeted at locus; below KOfam threshold by 465.7 (score=169.0, threshold=634.7, ratio=0.27) | K26063: outcompeted at locus; below KOfam threshold by 1321.8 (score=8.9, threshold=1330.7, ratio=0.01) | K26064: outcompeted at locus; below KOfam threshold by 404.7 (score=28.7, threshold=433.4, ratio=0.07) | K26065: outcompeted at locus; below KOfam threshold by 394.2 (score=50.3, threshold=444.5, ratio=0.11)",12,6,"Absent: confidence=0.001, posterior mean=0.032. Credible interval [0.00, 0.19] and HDI [0.03, 0.03] well below threshold=0.42. No meaningful genomic evidence. Note: 12 KO(s) flagged but within acceptable range."
M00966,"Equol biosynthesis, daidzein => equol",0.0,0.0,"K26069,K26070,K26071,K26175","R13054,R13055,R13056,R13057",0.001,4,0.0,0.0,0.0001,2e-05,0.4186,0.0,0.0,0.0001,0.0001,-94.767,"K26069: outcompeted at locus; below KOfam threshold by 1296.7 (score=15.1, threshold=1311.8, ratio=0.01) | K26070: outcompeted at locus; below KOfam threshold by 583.0 (score=41.7, threshold=624.7, ratio=0.07) | K26071: outcompeted at locus; below KOfam threshold by 959.7 (score=18.4, threshold=978.1, ratio=0.02)",6,3,"Absent: confidence=0.000, posterior mean=0.000. Credible interval [0.00, 0.00] and HDI [0.00, 0.00] well below threshold=0.42. No meaningful genomic evidence. Note: 6 KO(s) flagged but within acceptable range."
M00967,"Flavone degradation, luteolin/apigenin => DHCA/phloretate",0.001,0.001,"K22906,K26176,K26178","R02901,R13066,R13069,R13072,R13073,R13082",0.001,3,0.01,0.0,0.0044,0.001026,0.4186,0.0,0.0391,0.0044,0.0044,-12.929,"K26178: outcompeted at locus; below KOfam threshold by 639.3 (score=55.5, threshold=694.8, ratio=0.08)",2,1,"Absent: confidence=0.001, posterior mean=0.004. Credible interval [0.00, 0.04] and HDI [0.00, 0.00] well below threshold=0.42. No meaningful genomic evidence. Note: 2 KO(s) flagged but within acceptable range."
M00968,"Pentose bisphosphate pathway (nucleoside degradation), archaea, nucleoside/NMP => 3-PGA/glycerone phosphate",0.288,0.288,"K01601,K18237,K18931","R03140,R10555,R10836,R10837,R10838",0.001,3,1.0,1.0,0.3036,0.049168,0.4186,0.011,0.7994,0.001,0.7277,-0.519,"K18931: outcompeted at locus; below KOfam threshold by 571.9 (score=24.6, threshold=596.5, ratio=0.04)",2,1,"Likely absent: confidence=0.288, posterior mean=0.304 below threshold=0.42. Credible interval [0.01, 0.80] mostly below threshold. Some genomic evidence exists but is insufficient. Note: 2 KO(s) flagged but within acceptable range."
M00970,"Proline degradation, proline => glutamate",0.238,0.231,K13821,"R00245,R01253,R13148",0.525,1,0.2,0.2,0.2341,0.085388,0.4186,0.0,0.946,0.2341,0.2341,-0.631,"K13821: outcompeted at locus; below KOfam threshold by 572.6 (score=94.3, threshold=666.9, ratio=0.14)",2,1,"Likely absent: confidence=0.238, posterior mean=0.234 below threshold=0.42. Credible interval [0.00, 0.95] mostly below threshold. Some genomic evidence exists but is insufficient. Note: 2 KO(s) flagged but within acceptable range."
M00972,Proline metabolism,0.238,0.171,"K00286,K00318,K00819","R00667,R01248,R01251,R01253",0.08,3,0.7,0.9,0.2699,0.045831,0.4186,0.0065,0.768,0.2699,0.2699,-0.694,"K00819: outcompeted at locus; below KOfam threshold by 315.2 (score=168.9, threshold=484.1, ratio=0.35)",2,1,"Likely absent: confidence=0.238, posterior mean=0.270 below threshold=0.42. Credible interval [0.01, 0.77] mostly below threshold. Some genomic evidence exists but is insufficient. Note: 2 KO(s) flagged but within acceptable range."
M00973,"Anammox, nitrite + ammonia => nitrogen",0.022,0.021,"K00368,K20932,K20933,K20934,K20935","R00783,R00785,R07174,R09799",0.5,3,0.02,0.0,0.0534,0.011749,0.4186,0.0,0.4002,0.0534,0.0534,-3.369,,0,0,"Absent: confidence=0.022, posterior mean=0.053. Credible interval [0.00, 0.40] and HDI [0.05, 0.05] well below threshold=0.42. No meaningful genomic evidence."
M00975,"Betaine degradation, bacteria, betaine => pyruvate",0.628,0.628,"K00301,K00315,K00479,K00600,K01754,K21832","R00220,R00610,R00945,R01565,R13016",0.5,4,2.0,2.0,0.5005,0.046296,0.4186,0.1066,0.894,0.1071,0.8929,0.381,"K00301: outcompeted at locus; below KOfam threshold by 389.1 (score=26.0, threshold=415.1, ratio=0.06) | K00315: outcompeted at locus; below KOfam threshold by 743.0 (score=45.7, threshold=788.7, ratio=0.06) | K00479: outcompeted at locus; below KOfam threshold by 516.0 (score=47.7, threshold=563.7, ratio=0.08) | K21832: outcompeted at locus; below KOfam threshold by 394.1 (score=71.3, threshold=465.4, ratio=0.15)",8,4,"Uncertain: confidence=0.628 with credible interval [0.11, 0.89] straddling threshold=0.42. Posterior mean=0.501, HDI [0.11, 0.89]. Module may be present but evidence is inconclusive. Note: 8 KO(s) flagged but within acceptable range."
M00978,Ornithine-ammonia cycle,0.954,0.895,"K00611,K01755,K01915,K01940,K01955,K01956,K27542","R00253,R00575,R01086,R01398,R01954,R13308",0.5,6,4.02,4.5,0.7288,0.026006,0.4186,0.3645,0.9658,0.4224,0.99,1.924,"K01915: outcompeted at locus | K01940: outcompeted at locus; below KOfam threshold by 121.4 (score=12.5, threshold=133.9, ratio=0.09)",3,1,"Likely present: confidence=0.954 and posterior mean=0.729 above threshold=0.42, but credible interval [0.36, 0.97] extends below threshold. HDI [0.42, 0.99], effect size=1.92. Note: 3 KO(s) flagged but within acceptable range."
