ko_id,ko_probability,ko_probability_prior,hmm_len,orf_name,orf_len,evalue,hmm_score,domain_evalue,domain_score,hmm_from,hmm_to,ali_from,ali_to,orf_best_match,orf_best_match_score,locus_competition_score,detection_confidence,kofam_threshold,kofam_score_type,outcompeted_at_locus,below_kofam_threshold,is_dubious,influencing_associates,influencing_associate_count,participating_modules,ko_count,prior_frequency
K00003,1.0,1.0,890.0,NC_005042.1_1160,890.0,2.6e-152,506.0,3e-152,505.8,285.0,677.0,4.0,434.0,K00003,506.0,1.0,1.0,287.1,domain,False,False,False,"K00133,K00548,K00549,K00641,K00651,K00872,K00928,K01733,K01739,K01760,K02203,K02204,K14155,K24042",14,"M00017,M00018",16056,0.75
K00012,1.0,1.0,726.0,NC_005042.1_1325,726.0,4e-183,607.7,4.9e-183,607.4,241.0,658.0,7.0,462.0,K00012,607.7,1.0,1.0,369.07,full,False,False,False,"K07806,K10011,K10012,K13014",4,M00761,16343,0.764
K00013,1.0,1.0,677.0,NC_005042.1_1669,677.0,1e-177,589.9,1.2e-177,589.6,123.0,530.0,4.0,415.0,K00013,589.9,1.0,1.0,513.17,domain,False,False,False,"K00765,K00817,K01089,K01496,K01523,K01663,K01693,K01814,K02500,K02501,K02502,K04486,K05602,K11755,K14152,K18649,K24017",17,M00026,18016,0.842
K00014,1.0,1.0,420.0,NC_005042.1_1896,420.0,3.5e-82,273.2,4.2e-82,272.9,128.0,384.0,14.0,293.0,K00014,273.2,1.0,1.0,270.13,full,False,False,False,"K00800,K00891,K01626,K01735,K01736,K03785,K03786,K03856,K13829,K13830,K13832,K13853,K24018",13,M00022,19549,0.913
K00018,0.463,0.07,321.0,NC_005042.1_1448,321.0,9e-77,254.6,1.4e-76,254.0,38.0,316.0,31.0,307.0,K00058,515.5,2.8925050860440525e-79,2.8925050860440525e-79,319.2,domain,True,True,False,"K00024,K00600,K00830,K01595,K01689,K08692,K11529,K14067",8,M00346,6785,0.317
K00019,0.127,0.038,446.0,NC_005042.1_448,446.0,1.9e-44,149.3,2.4e-44,148.9,90.0,277.0,18.0,207.0,K00059,366.5,4.133185924943845e-66,4.133185924943845e-66,172.23,domain,True,True,False,"K00626,K01574,K01640",3,M00088,5005,0.234
K00021,0.001,0.001,,,,1000.0,0.0,,,,,,,,,,0.0,,,,,,K17942,1,"M00095,M00849",941,0.044
K00022,0.0,0.0,472.0,NC_005042.1_1627,472.0,0.00049,16.0,0.00057,15.8,115.0,156.0,177.0,218.0,K00259,490.0,2.0501330894674318e-143,2.0501330894674318e-143,362.77,domain,True,True,False,,0,M00087,354,0.017
K00023,0.088,0.041,290.0,NC_005042.1_448,290.0,4.6e-89,295.3,5.5e-89,295.1,41.0,284.0,12.0,257.0,K00059,366.5,3.6869250468129874e-22,3.6869250468129874e-22,337.93,domain,True,True,False,"K00626,K01847,K01965,K01966,K05606,K08691,K14446,K14447,K14448,K14449,K14451,K17865",12,M00373,5156,0.241
K00024,0.294,0.07,417.0,NC_005042.1_528,417.0,1e-07,28.0,1.4e-07,27.6,69.0,151.0,118.0,225.0,K14330,396.2,1.4479567723482347e-111,1.4479567723482347e-111,357.5,domain,True,True,False,"K00018,K00030,K00031,K00116,K00164,K00169,K00170,K00172,K00174,K00175,K00176,K00177,K00234,K00235,K00236,K00239,K00240,K00241,K00261,K00382,K00600,K00626,K00658,K00830,K01006,K01637,K01638,K01647,K01676,K01679,K01681,K01689,K01899,K01900,K01902,K01903,K01958,K01959,K01960,K03737,K04835,K08691,K08692,K08940,K08941,K08943,K11529,K14067,K14449,K14467,K14534,K15016,K15038,K15230,K15231,K18118,K18209,K19280",58,"M00009,M00011,M00012,M00168,M00173,M00346,M00374,M00614,M00620,M00740",6746,0.315
K00025,0.462,0.045,,,,1000.0,0.0,,,,,,,,,,0.0,,,,,,"K00030,K00031,K00116,K00164,K00174,K00175,K00234,K00235,K00239,K00240,K00241,K00242,K00382,K00658,K01595,K01616,K01637,K01638,K01647,K01659,K01676,K01679,K01681,K01682,K01900,K01902,K01903,K18118",28,"M00009,M00011,M00012,M00168",5451,0.255
K00026,0.09,0.009,534.0,NC_005042.1_528,534.0,0.00041,16.3,0.00076,15.4,87.0,180.0,114.0,227.0,K14330,396.2,4.352157937112883e-115,4.352157937112883e-115,502.8,full,True,True,False,"K00244,K00245,K00246,K00247,K01682",5,"M00009,M00011,M00012,M00168",2363,0.11
K00029,0.021,0.021,,,,1000.0,0.0,,,,,,,,,,0.0,,,,,,,0,M00169,3703,0.173
K00030,1.0,1.0,543.0,NC_005042.1_1776,543.0,2.3e-77,257.9,2.7e-41,138.9,158.0,337.0,33.0,259.0,K00030,257.9,0.9999999999999716,0.9999999999999716,442.13,full,False,True,False,"K00024,K00025,K00026,K00031,K00116,K00164,K00174,K00175,K00176,K00177,K00234,K00235,K00236,K00239,K00240,K00241,K00242,K00244,K00245,K00246,K00247,K00382,K00658,K01647,K01659,K01676,K01677,K01678,K01679,K01681,K01682,K01900,K01902,K01903,K05942,K18118",36,"M00009,M00010",9519,0.445
K00031,1.0,1.0,545.0,NC_005042.1_1776,545.0,1.3999999999999999e-63,212.2,1.8e-63,211.9,75.0,468.0,16.0,473.0,K00030,257.9,1.749561439147681e-14,1.0,161.83,full,True,False,True,"K00024,K00025,K00026,K00030,K00116,K00164,K00169,K00170,K00171,K00172,K00174,K00175,K00176,K00177,K00234,K00235,K00236,K00239,K00240,K00241,K00242,K00244,K00245,K00246,K00247,K00261,K00382,K00658,K01006,K01007,K01595,K01616,K01647,K01659,K01676,K01677,K01678,K01679,K01681,K01682,K01846,K01899,K01900,K01902,K01903,K01958,K01959,K01960,K03737,K04835,K05942,K08940,K08941,K08942,K08943,K14449,K15230,K15231,K18118,K19268,K19280,K19281",62,"M00009,M00010,M00173,M00614,M00740",12668,0.592
K00033,1.0,1.0,666.0,NC_005042.1_847,666.0,2.1999999999999998e-200,664.3,2.5e-200,664.2,56.0,511.0,1.0,470.0,K00033,664.3,1.0,1.0,151.23,domain,False,False,False,"K00036,K00615,K00616,K01057,K01783,K01807,K01808,K01810,K06859,K07404,K13810,K13937,K15916,K19243",14,"M00004,M00006",14623,0.683
K00036,1.0,1.0,608.0,NC_005042.1_1134,608.0,9.999999999999999e-191,632.3,1.3e-190,632.0,77.0,535.0,19.0,503.0,K00036,632.3,1.0,1.0,367.73,full,False,False,False,"K00033,K00615,K00616,K01057,K01625,K01690,K01783,K01807,K01808,K01810,K06859,K07404,K13810,K13937,K15916,K19243",16,"M00004,M00006,M00008",15832,0.74
K00040,0.197,0.064,,,,1000.0,0.0,,,,,,,,,,0.0,,,,,,"K00874,K01625,K01686,K01812,K08323,K17463",6,M00061,6488,0.303
K00041,0.119,0.021,,,,1000.0,0.0,,,,,,,,,,0.0,,,,,,"K00874,K01625,K01685,K01812,K16849,K16850,K17463",7,M00631,3704,0.173
K00052,1.0,1.0,567.0,NC_005042.1_866,567.0,3.7000000000000004e-168,557.7,4.1000000000000003e-168,557.5,118.0,468.0,1.0,360.0,K00052,557.7,1.0,1.0,433.53,domain,False,False,False,"K01649,K01702,K01703,K01704,K09011",5,"M00432,M00535",18000,0.841
K00053,1.0,1.0,618.0,NC_005042.1_1401,618.0,5.300000000000001e-145,481.3,5.9000000000000005e-145,481.2,155.0,484.0,5.0,328.0,K00053,481.3,1.0,1.0,127.67,full,False,False,False,"K00826,K01652,K01653,K01687,K01754,K11258,K17989",7,"M00019,M00570",18856,0.881
K00054,0.041,0.028,975.0,NC_005042.1_1075,975.0,0.011,10.6,0.038,8.7,733.0,848.0,73.0,184.0,K00872,350.9,3.626540029585948e-103,3.626540029585948e-103,273.17,full,True,True,False,"K00869,K01641",2,M00849,4244,0.198
K00055,0.01,0.01,380.0,NC_005042.1_1253,380.0,0.00035,16.5,0.0005,16.0,193.0,251.0,170.0,224.0,K00324,408.4,1.0599897298925303e-118,1.0599897298925303e-118,380.83,domain,True,True,False,"K00141,K15757,K15758,K15760,K15761,K15763,K15764",7,"M00537,M00538",2525,0.118
K00058,1.0,1.0,599.0,NC_005042.1_1448,599.0,2.3e-155,515.5,2.6e-155,515.3,72.0,467.0,1.0,526.0,K00058,515.5,1.0,1.0,328.7,full,False,False,False,"K00831,K01079,K02203,K22305,K25528",5,M00020,19119,0.893
K00059,1.0,1.0,389.0,NC_005042.1_448,389.0,1.7e-110,366.5,1.9000000000000002e-110,366.4,79.0,321.0,8.0,257.0,K00059,366.5,1.0,1.0,268.13,full,False,False,False,"K00208,K00209,K00647,K00665,K00667,K00668,K01716,K02169,K02170,K02371,K02372,K09458,K09789,K10780,K11533,K16363,K19560,K19561",18,"M00083,M00572",20810,0.972
K00067,0.512,0.329,482.0,NC_005042.1_1336,482.0,2.6e-23,79.5,2.9e-23,79.3,170.0,443.0,1.0,289.0,K19997,125.7,1.2371267577233712e-14,1.2371267577233712e-14,299.13,full,True,True,False,"K00973,K01710,K01790,K23987",4,M00793,14663,0.685
K00074,0.274,0.218,516.0,NC_005042.1_1627,516.0,2.5e-06,23.6,2.7e-06,23.5,116.0,191.0,142.0,242.0,K00259,490.0,3.9774984796889725e-141,3.9774984796889725e-141,409.9,domain,True,True,False,"K01692,K01912,K02609,K02610,K02611,K02612,K02613,K02615,K02618,K15866",10,M00878,11954,0.559
K00077,0.822,0.285,428.0,NC_005042.1_1743,428.0,3e-05,19.9,3e-05,19.9,57.0,100.0,5.0,49.0,K15226,390.4,2.940265895400205e-112,2.940265895400205e-112,80.67,full,True,True,False,"K00606,K00826,K01579,K01918,K06982,K09722,K13038,K13799",8,"M00119,M00914",13661,0.638
K00082,0.0,0.0,207.0,NC_005042.1_1352,207.0,1.1e-12,44.9,0.0011,15.4,121.0,167.0,279.0,325.0,K11752,459.1,2.057670332573299e-125,2.057670332573299e-125,350.83,full,True,True,False,,0,M00125,36,0.002
K00087,0.114,0.029,,,,1000.0,0.0,,,,,,,,,,0.0,,,,,,"K00106,K00365,K01081,K01466,K01477,K01487,K01488,K07127,K08693,K09913,K11177,K11178,K13479,K13480,K13481,K13482,K13483,K13485,K16838,K16839,K16840,K16842,K19970,K20881,K22879",25,"M00546,M00958,M00959",4344,0.203
K00088,1.0,1.0,970.0,NC_005042.1_1148,970.0,3.9999999999999995e-54,181.0,5e-10,35.0,118.0,189.0,9.0,79.0,K00088,181.0,1.0,1.0,370.83,full,False,True,False,"K00940,K00942,K01951,K18533",4,M00050,21135,0.988
K00097,1.0,1.0,475.0,NC_005042.1_28,475.0,2e-106,353.5,2.2e-106,353.4,64.0,376.0,11.0,340.0,K00097,353.5,0.9999999975422327,0.9999999975422327,418.17,domain,False,True,False,"K00275,K00831,K03472,K03473,K03474",5,M00124,11260,0.526
K00099,1.0,1.0,534.0,NC_005042.1_1248,534.0,7.6e-184,609.3,8.400000000000001e-184,609.1,124.0,500.0,2.0,405.0,K00099,609.3,1.0,1.0,221.23,full,False,False,False,"K00919,K00991,K01662,K01770,K01823,K03526,K03527,K12506",8,M00096,17409,0.813
K00106,0.0,0.0,,,,1000.0,0.0,,,,,,,,,,0.0,,,,,,K01490,1,"M00546,M00958,M00959",65,0.003
K00108,0.182,0.135,778.0,NC_005042.1_812,778.0,1.1e-12,43.8,7.7e-09,31.1,174.0,435.0,6.0,290.0,K26059,388.9,1.3018126769738177e-104,1.3018126769738177e-104,746.77,full,True,True,False,"K00130,K00499,K17755",3,M00555,9386,0.439
K00116,1.0,1.0,588.0,NC_005042.1_414,588.0,2.7e-205,679.9,3e-205,679.7,80.0,567.0,10.0,495.0,K00116,679.9,1.0,1.0,264.27,full,False,False,False,"K00024,K00025,K00026,K00030,K00031,K00164,K00174,K00175,K00176,K00234,K00235,K00239,K00240,K00241,K00242,K00244,K00245,K00246,K00247,K00382,K00658,K01616,K01647,K01659,K01676,K01679,K01681,K01682,K01900,K01902,K01903,K18118",32,"M00009,M00011",8588,0.401
K00125,0.001,0.0,382.0,NC_005042.1_1791,382.0,1.3e-06,24.5,0.00038,16.4,322.0,340.0,7.0,25.0,K02691,165.0,5.073242350542753e-43,5.073242350542753e-43,198.6,full,True,True,False,"K00194,K00197,K00584,K03389,K03390,K11261,K14126,K14127,K14128,K16176,K16178",11,"M00356,M00357,M00563,M00567,M00617",376,0.018
K00128,0.002,0.002,604.0,NC_005042.1_372,604.0,1.6000000000000002e-123,410.2,2.1000000000000003e-123,409.9,99.0,512.0,9.0,445.0,K25072,531.4,3.2746472616309572e-37,3.2746472616309572e-37,574.67,full,True,True,False,,0,M00135,1062,0.05
K00130,0.201,0.17,594.0,NC_005042.1_372,594.0,2.6e-77,257.3,3.4e-77,256.9,117.0,528.0,22.0,431.0,K25072,531.4,3.0738182763577776e-83,3.0738182763577776e-83,673.63,domain,True,True,False,"K00108,K00499,K11440,K17755",4,M00555,10557,0.493
K00131,0.015,0.015,510.0,NC_005042.1_372,510.0,1.5e-57,192.2,2.1000000000000002e-57,191.7,80.0,493.0,21.0,429.0,K25072,531.4,7.773658729070826e-103,7.773658729070826e-103,501.13,domain,True,True,False,,0,M00308,3139,0.147
K00133,1.0,1.0,656.0,NC_005042.1_1838,656.0,4e-140,465.3,4.4e-140,465.2,116.0,442.0,12.0,341.0,K00133,465.3,1.0,1.0,224.0,full,False,False,False,"K00003,K00215,K00548,K00549,K00641,K00651,K00674,K00821,K00836,K00841,K00872,K00928,K01439,K01586,K01714,K01733,K01739,K01760,K01778,K02203,K02204,K03340,K05822,K05823,K06718,K06720,K10206,K12524,K12525,K12526,K14155,K14267,K24042",33,"M00016,M00017,M00018,M00033,M00525,M00526,M00527",20835,0.974
K00134,1.0,1.0,468.0,NC_005042.1_23,468.0,2.3e-138,458.8,2.6e-138,458.6,75.0,406.0,1.0,337.0,K05298,542.1,8.398492934569797e-26,1.0,413.4,full,True,False,True,"K00131,K00150,K00615,K00844,K00845,K00850,K00855,K00873,K00874,K00883,K00886,K00918,K00927,K01086,K01100,K01596,K01601,K01602,K01610,K01622,K01623,K01624,K01625,K01631,K01684,K01689,K01783,K01803,K01807,K01808,K01810,K01834,K02446,K02689,K02690,K02691,K02692,K02693,K02694,K02703,K02704,K02705,K02706,K02707,K02708,K03841,K04041,K05298,K05308,K06859,K08074,K08928,K08929,K11389,K11532,K11645,K12406,K13810,K15633,K15634,K15635,K15916,K16305,K16306,K16370,K18978,K21071,K25026",68,"M00001,M00002,M00003,M00165,M00308,M00552,M00611,M00612",21187,0.99
K00135,0.348,0.284,746.0,NC_005042.1_372,746.0,3.3999999999999997e-75,250.6,4.3999999999999996e-75,250.3,220.0,627.0,25.0,430.0,K25072,531.4,2.956495467636994e-85,2.956495467636994e-85,587.8,domain,True,True,False,"K00137,K00139,K00252,K00468,K00626,K00823,K01041,K01506,K01580,K01582,K01692,K01782,K01825,K07250,K09251,K13524,K14268,K15736,K15737,K16871,K17761",21,"M00027,M00956,M00957",13637,0.637
K00137,0.139,0.013,475.0,NC_005042.1_372,475.0,7.900000000000001e-59,196.1,1e-58,195.8,63.0,471.0,25.0,430.0,K25072,531.4,1.1604928094673824e-101,1.1604928094673824e-101,684.77,domain,True,True,False,"K01582,K09251,K15736,K15737",4,M00956,2965,0.139
K00139,0.0,0.0,642.0,NC_005042.1_372,642.0,7.6e-54,179.9,1e-53,179.5,180.0,591.0,24.0,429.0,K25072,531.4,1.5415461257674622e-106,1.5415461257674622e-106,818.83,full,True,True,False,,0,M00027,43,0.002
K00141,0.006,0.004,487.0,NC_005042.1_372,487.0,8.8e-64,212.8,1.2e-63,212.4,69.0,476.0,22.0,429.0,K25072,531.4,1.2355017971388717e-96,1.2355017971388717e-96,650.6,domain,True,True,False,K00055,1,"M00537,M00538",1645,0.077
K00145,1.0,1.0,412.0,NC_005042.1_951,412.0,1.5e-119,396.2,1.7e-119,396.1,35.0,375.0,6.0,356.0,K00145,396.2,1.0,1.0,125.77,full,False,False,False,"K00619,K00620,K00818,K00821,K00930,K01438,K01755,K01940,K09065,K14677,K14681,K14682,K22477,K22478",14,"M00028,M00845",17289,0.808
K00147,1.0,1.0,628.0,NC_005042.1_1080,628.0,1.3999999999999999e-171,569.1,1.7e-171,568.9,174.0,584.0,14.0,421.0,K00147,569.1,1.0,1.0,546.53,full,False,False,False,"K00286,K00931,K12657",3,M00015,18488,0.864
K00149,0.0,0.0,574.0,NC_005042.1_372,574.0,3.2e-60,201.0,4.2000000000000004e-60,200.6,129.0,543.0,22.0,430.0,K25072,531.4,3.46488984855787e-100,3.46488984855787e-100,744.17,domain,True,True,False,,0,M00135,554,0.026
K00150,1.0,1.0,345.0,NC_005042.1_23,345.0,2e-93,310.0,2.2e-93,309.9,1.0,316.0,1.0,340.0,K05298,542.1,1.3518795746103324e-70,1.0,310.0,full,True,False,True,,0,"M00001,M00002,M00003,M00165,M00611,M00612",367,0.017
K00151,0.031,0.017,497.0,NC_005042.1_372,497.0,4.7e-65,216.8,6.3000000000000005e-65,216.4,73.0,482.0,23.0,429.0,K25072,531.4,1.9768028754222097e-95,1.9768028754222097e-95,721.43,domain,True,True,False,"K00455,K01826,K05921",3,M00533,3372,0.158
K00152,0.0,0.0,483.0,NC_005042.1_372,483.0,2.7000000000000002e-30,102.0,3.6e-30,101.6,63.0,477.0,24.0,434.0,K25072,531.4,5.466632284848679e-130,5.466632284848679e-130,1091.27,full,True,True,False,"K14579,K14580,K14582,K14583,K14585",5,M00534,122,0.006
K00161,1.0,1.0,548.0,NC_005042.1_1374,548.0,2.8e-146,485.4,3.3e-146,485.1,123.0,452.0,24.0,362.0,K00161,485.4,1.0,1.0,431.67,full,False,False,False,"K00162,K00627,K13997",3,M00307,4654,0.217
K00162,1.0,1.0,444.0,NC_005042.1_769,444.0,2.1e-155,514.5,2.6e-155,514.1,68.0,391.0,5.0,324.0,K00162,514.5,1.0,1.0,489.4,full,False,False,False,"K00161,K00627,K13997",3,M00307,4765,0.223
K00163,1.0,1.0,1014.0,NC_005042.1_1292,1014.0,4.6e-13,44.9,8.9e-08,27.4,283.0,325.0,128.0,170.0,K00163,44.9,0.999997955758531,0.999997955758531,304.83,full,False,True,False,"K00161,K00162,K00171,K00382,K00627,K03737,K13997",7,M00307,10984,0.513
K00164,0.481,0.219,1065.0,NC_005042.1_1374,1065.0,0.0027,12.5,0.016,10.0,404.0,594.0,156.0,344.0,K00161,485.4,4.394556479917659e-143,4.394556479917659e-143,1224.13,domain,True,True,False,"K00024,K00025,K00026,K00030,K00031,K00116,K00174,K00175,K00234,K00235,K00236,K00239,K00240,K00241,K00242,K00244,K00245,K00246,K00247,K00382,K00658,K01647,K01659,K01676,K01679,K01681,K01682,K01899,K01900,K01902,K01903,K18118",32,"M00009,M00011",11976,0.56
K00166,0.287,0.13,560.0,NC_005042.1_1374,560.0,5.0000000000000004e-77,256.9,6.6e-77,256.5,161.0,491.0,22.0,362.0,K00161,485.4,1.6392530137312048e-69,1.6392530137312048e-69,416.83,full,True,True,False,"K00167,K00249,K00253,K00382,K00826,K01640,K01968,K01969,K05607,K09699,K11381,K13766",12,M00036,9210,0.43
K00167,0.287,0.13,565.0,NC_005042.1_769,565.0,7.7999999999999995e-109,361.9,8.6e-109,361.7,211.0,530.0,5.0,324.0,K00162,514.5,1.1556402556440847e-46,1.1556402556440847e-46,480.6,full,True,True,False,"K00166,K00249,K00253,K00382,K00826,K01640,K01968,K01969,K05607,K09699,K11381,K13766",12,M00036,9229,0.431
K00169,0.003,0.002,437.0,NC_005042.1_769,437.0,1.3e-06,24.1,4.2e-06,22.5,266.0,338.0,201.0,273.0,K00162,514.5,2.3707738397653383e-148,2.3707738397653383e-148,299.6,domain,True,True,False,"K00170,K00171,K00172,K00189,K08940,K15230,K15231",7,"M00173,M00307,M00374,M00614,M00620",1046,0.049
K00170,0.002,0.001,318.0,NC_005042.1_935,318.0,0.00035,16.5,0.49,6.1,174.0,229.0,249.0,304.0,K01662,861.9,3.2302911358279554e-255,3.2302911358279554e-255,316.27,full,True,True,False,"K00169,K00171,K00172,K00189,K08940,K15230,K15231",7,"M00173,M00307,M00374,M00614,M00620",747,0.035
K00171,0.004,0.003,132.0,NC_005042.1_186,132.0,1.9e-12,43.9,3e-12,43.2,45.0,106.0,59.0,129.0,K05580,328.8,1.7240673816466362e-86,1.7240673816466362e-86,98.43,domain,True,True,False,"K00169,K00170,K00172,K00177,K00189,K01677,K01678,K08940,K14534,K15230,K15231,K18210",12,"M00173,M00307,M00374,M00614,M00620",1314,0.061
K00172,0.004,0.002,321.0,NC_005042.1_186,321.0,1.8e-10,37.3,2e-10,37.1,234.0,297.0,55.0,132.0,K05580,328.8,1.777281678740776e-88,1.777281678740776e-88,151.0,domain,True,True,False,"K00169,K00170,K00171,K00189,K01677,K01678,K08940,K15230,K15231",9,"M00173,M00307,M00374,M00614,M00620",1113,0.052
K00174,0.232,0.053,643.0,NC_005042.1_769,643.0,1e-07,27.6,2.4e-07,26.4,484.0,548.0,199.0,263.0,K00162,514.5,2.6822244140123255e-147,2.6822244140123255e-147,262.2,full,True,True,False,"K00024,K00025,K00031,K00116,K00169,K00170,K00171,K00172,K00175,K00176,K00177,K00239,K00240,K00241,K00382,K01006,K01007,K01616,K01676,K01677,K01678,K01679,K01681,K01899,K01902,K01903,K01958,K01959,K01960,K03737,K05942,K08940,K08941,K08943,K15230,K15231,K18209,K18210",38,"M00009,M00011,M00173,M00614,M00620",5909,0.276
K00175,0.239,0.044,504.0,NC_005042.1_1816,504.0,5.8e-05,19.3,8e-05,18.9,375.0,499.0,150.0,272.0,K06213,544.1,1.045823209098714e-158,1.045823209098714e-158,236.17,domain,True,True,False,"K00024,K00025,K00116,K00169,K00170,K00171,K00172,K00174,K00176,K00177,K00239,K00240,K00241,K00382,K01006,K01616,K01676,K01677,K01678,K01679,K01681,K01899,K01902,K01903,K01958,K01959,K01960,K03737,K08940,K08941,K08943,K15230,K15231,K18209,K18210",35,"M00009,M00011,M00173,M00614,M00620",5378,0.251
K00176,0.021,0.012,142.0,NC_005042.1_1791,142.0,3.3e-12,43.0,3.4e-12,43.0,45.0,104.0,4.0,62.0,K02691,165.0,1.8807909613156598e-37,1.8807909613156598e-37,67.7,domain,True,True,False,"K00169,K00170,K00171,K00172,K00174,K00175,K00177,K01677,K01678,K01960,K03737,K05942,K08940,K15230,K15231,K18209,K18210",17,"M00009,M00011,M00173,M00614,M00620",2775,0.13
K00177,0.016,0.006,,,,1000.0,0.0,,,,,,,,,,0.0,,,,,,"K00169,K00170,K00171,K00172,K00174,K00175,K00176,K01677,K01678,K01960,K03737,K05942,K08940,K15230,K15231,K18210",16,"M00009,M00011,M00173,M00614,M00620",2015,0.094
K00189,0.0,0.0,,,,1000.0,0.0,,,,,,,,,,0.0,,,,,,,0,M00307,22,0.001
K00192,0.0,0.0,779.0,NC_005042.1_186,779.0,1.1e-09,33.5,1.4e-09,33.2,398.0,457.0,57.0,118.0,K05580,328.8,1.2759753379599563e-89,1.2759753379599563e-89,698.3,full,True,True,False,,0,M00422,92,0.004
K00193,1.0,1.0,457.0,NC_005042.1_1274,457.0,0.0063,12.0,0.0072,11.8,367.0,428.0,35.0,98.0,K00193,12.0,1.0,1.0,607.9,full,False,True,False,K16178,1,"M00357,M00422,M00617",85,0.004
K00194,0.0,0.0,,,,1000.0,0.0,,,,,,,,,,0.0,,,,,,"K00125,K00197,K00198,K00584,K03390,K04480,K11261,K14080,K14084,K14126,K14127,K14128,K14138,K15023,K16176,K16178,K25008,K25123,K25124",19,"M00357,M00377,M00422,M00617,M00618",348,0.016
K00195,0.0,0.0,172.0,NC_005042.1_521,172.0,8.2e-05,19.1,0.00018,18.0,27.0,79.0,219.0,270.0,K01652,793.5,7.627309294872135e-234,7.627309294872135e-234,98.97,full,True,True,False,,0,M00422,0,0.0
K00197,0.001,0.0,,,,1000.0,0.0,,,,,,,,,,0.0,,,,,,"K00125,K00194,K00198,K00584,K03390,K04480,K11261,K14080,K14081,K14084,K14126,K14127,K14128,K14138,K15023,K16176,K16178,K25008,K25123,K25124",20,"M00357,M00377,M00422,M00617,M00618",420,0.02
K00198,0.001,0.001,,,,1000.0,0.0,,,,,,,,,,0.0,,,,,,"K00194,K00197,K14138,K15023,K25008,K25123,K25124",7,"M00377,M00618",821,0.038
K00200,0.001,0.0,,,,1000.0,0.0,,,,,,,,,,0.0,,,,,,"K00201,K00202,K00203,K00672,K01499",5,"M00567,M00617",497,0.023
K00201,0.001,0.0,,,,1000.0,0.0,,,,,,,,,,0.0,,,,,,"K00200,K00202,K00203,K00672,K01499",5,"M00567,M00617",467,0.022
K00202,0.001,0.0,420.0,NC_005042.1_1694,420.0,3.3e-11,39.6,5.6e-11,38.8,87.0,220.0,1321.0,1457.0,K00284,2259.9,0.0,0.0,184.5,full,True,True,False,"K00200,K00201,K00203,K00672,K01499",5,"M00567,M00617",481,0.022
K00203,0.0,0.0,,,,1000.0,0.0,,,,,,,,,,0.0,,,,,,,0,"M00567,M00617",13,0.001
K00204,0.001,0.001,155.0,NC_005042.1_1791,155.0,1.4e-09,34.6,1.8e-09,34.3,93.0,147.0,4.0,66.0,K02691,165.0,5.567863316814827e-40,5.567863316814827e-40,171.57,domain,True,True,False,"K00194,K00197,K00584,K14080,K14081,K16176",6,"M00567,M00617",625,0.029
K00205,0.0,0.0,422.0,NC_005042.1_186,422.0,6.1e-13,45.1,8.1e-13,44.7,34.0,102.0,56.0,124.0,K05580,328.8,3.960866730403059e-86,3.960866730403059e-86,175.53,domain,True,True,False,"K00203,K16176,K16178",3,"M00567,M00617",281,0.013
K00207,0.0,0.0,1110.0,NC_005042.1_228,1110.0,3.9e-11,38.3,1.1e-10,36.8,735.0,911.0,200.0,373.0,K00254,411.0,6.39912532870277e-113,6.39912532870277e-113,406.3,domain,True,True,False,,0,M00046,0,0.0
K00208,1.0,1.0,423.0,NC_005042.1_317,423.0,2.6e-118,392.5,2.8000000000000003e-118,392.4,129.0,382.0,4.0,260.0,K00208,392.5,1.0,1.0,275.97,full,False,False,False,"K00059,K00647,K00665,K01716,K02169,K02170,K02371,K02372,K09458,K09789,K10780,K11533,K16363,K19560,K19561",15,"M00083,M00572",11045,0.516
K00209,0.048,0.026,402.0,NC_005042.1_317,402.0,0.00043,15.9,36.0,-0.3,120.0,143.0,76.0,99.0,K00208,392.5,4.2865079442170605e-114,4.2865079442170605e-114,138.3,full,True,True,False,"K00647,K00665,K01716,K16363",4,M00083,4151,0.194
K00211,0.0,0.0,,,,1000.0,0.0,,,,,,,,,,0.0,,,,,,,0,M00025,105,0.005
K00215,1.0,1.0,402.0,NC_005042.1_906,402.0,4e-74,247.2,4.4e-74,247.0,87.0,335.0,4.0,276.0,K00215,247.2,1.0,1.0,138.93,full,False,False,False,"K00133,K00674,K00821,K00841,K00928,K01439,K01586,K01714,K01778,K03340,K05822,K05823,K10206,K12524,K12525,K12526,K14267",17,"M00016,M00525,M00526,M00527",20518,0.959
K00220,0.016,0.009,316.0,NC_005042.1_1743,316.0,6.9e-62,206.1,7.599999999999999e-62,206.0,7.0,294.0,3.0,285.0,K15226,390.4,3.3126213694287244e-56,3.3126213694287244e-56,386.53,full,True,True,False,K04092,1,M00040,2435,0.114
K00226,0.009,0.009,419.0,NC_005042.1_228,419.0,1.6e-39,133.0,2.0000000000000002e-39,132.7,15.0,370.0,26.0,387.0,K00254,411.0,2.0590230357872564e-84,2.0590230357872564e-84,248.43,domain,True,True,False,"K00608,K11540",2,M00051,2411,0.113
K00228,1.0,1.0,481.0,NC_005042.1_1761,481.0,1e-147,489.5,1.3e-147,489.1,122.0,427.0,10.0,335.0,K00228,489.5,1.0,1.0,88.73,full,False,False,False,"K00230,K00643,K01599,K01698,K01719,K01749,K01772,K01845,K01885,K02492,K02495,K08973,K13543",13,"M00121,M00868",9698,0.453
K00230,0.624,0.091,285.0,NC_005042.1_45,285.0,1.4e-09,34.5,2.1e-09,33.9,39.0,141.0,270.0,382.0,K03809,38.8,0.0483131213740823,0.0483131213740823,69.57,full,True,True,False,"K01698,K01749,K01845,K01885,K02492,K02495,K13542,K13543",8,M00121,5427,0.254
K00231,0.65,0.087,851.0,NC_005042.1_170,851.0,6.9e-30,100.7,8.800000000000001e-30,100.3,95.0,538.0,1.0,456.0,K02293,841.4,1.0643444789373144e-223,1.0643444789373144e-223,143.43,domain,True,True,False,"K00230,K00435,K01599,K01698,K01719,K01749,K01772,K01845,K01885,K02492,K02495,K13542",12,"M00121,M00868,M00926",7566,0.354
K00232,0.047,0.011,,,,1000.0,0.0,,,,,,,,,,0.0,,,,,,"K00249,K00255,K01692,K01782,K09479",5,M00087,2709,0.127
K00234,0.385,0.117,915.0,NC_005042.1_122,915.0,1.1999999999999998e-69,232.3,2.1e-69,231.4,184.0,728.0,4.0,527.0,K00278,594.8,7.527080692224851e-110,7.527080692224851e-110,1172.57,full,True,True,False,"K00024,K00025,K00026,K00030,K00031,K00116,K00164,K00235,K00236,K00241,K00242,K00244,K00245,K00246,K00247,K00382,K00658,K01647,K01659,K01676,K01679,K01681,K01682,K01899,K01900,K01902,K01903,K18118",28,"M00009,M00011",8737,0.408
K00235,0.383,0.115,361.0,NC_005042.1_700,361.0,1.4e-12,43.9,3.2e-12,42.7,82.0,294.0,11.0,233.0,K00240,186.0,1.6735458537022848e-43,1.6735458537022848e-43,476.23,full,True,True,False,"K00024,K00025,K00026,K00030,K00031,K00116,K00164,K00234,K00236,K00241,K00242,K00244,K00245,K00246,K00247,K00382,K00658,K01647,K01659,K01676,K01679,K01681,K01682,K01899,K01900,K01902,K01903,K18118",28,"M00009,M00011",8665,0.405
K00236,0.046,0.011,322.0,NC_005042.1_364,322.0,2.7,4.4,8.7,2.7,159.0,180.0,122.0,144.0,K02635,407.0,6.387394583548749e-122,6.387394583548749e-122,136.83,full,True,True,False,"K00024,K00234,K00235,K01899,K01900",5,"M00009,M00011",2646,0.124
K00237,0.0,0.0,,,,1000.0,0.0,,,,,,,,,,0.0,,,,,,,0,"M00009,M00011",0,0.0
K00239,1.0,1.0,621.0,NC_005042.1_699,621.0,3.9e-185,613.5,4.7e-185,613.2,36.0,592.0,33.0,640.0,K00239,613.5,1.0,1.0,620.23,domain,False,True,False,"K00024,K00025,K00030,K00031,K00116,K00164,K00169,K00172,K00174,K00175,K00176,K00177,K00240,K00241,K00242,K00382,K00626,K00658,K01006,K01007,K01595,K01616,K01647,K01659,K01676,K01678,K01679,K01681,K01847,K01848,K01849,K01900,K01902,K01903,K01958,K01960,K01961,K02160,K03737,K05606,K08691,K08940,K08941,K08943,K09709,K14449,K14465,K14467,K14469,K14470,K14534,K15016,K15017,K15038,K15052,K15230,K15231,K18118",58,"M00009,M00011,M00149,M00173,M00374,M00376,M00613,M00614",7982,0.373
K00240,1.0,1.0,332.0,NC_005042.1_700,332.0,9.6e-56,186.0,1e-55,185.9,31.0,256.0,7.0,244.0,K00240,186.0,1.0,1.0,146.33,domain,False,False,False,"K00024,K00025,K00030,K00031,K00116,K00164,K00169,K00170,K00172,K00174,K00175,K00176,K00177,K00239,K00241,K00382,K00626,K00658,K01006,K01007,K01595,K01616,K01647,K01659,K01676,K01678,K01679,K01681,K01847,K01848,K01849,K01900,K01902,K01903,K01958,K01960,K01961,K03737,K05606,K08691,K08940,K08941,K08943,K09709,K14449,K14465,K14467,K14469,K14470,K14534,K15016,K15017,K15038,K15052,K15230,K15231,K18118",57,"M00009,M00011,M00149,M00173,M00374,M00376,M00613,M00614",7804,0.365
K00241,1.0,1.0,263.0,NC_005042.1_698,263.0,8.3e-13,45.7,1.1e-12,45.3,79.0,207.0,2.0,163.0,K00241,45.7,0.9999999999990266,0.9999999999990266,56.1,full,False,True,False,"K00024,K00025,K00026,K00030,K00031,K00116,K00164,K00169,K00172,K00174,K00175,K00176,K00177,K00234,K00235,K00239,K00240,K00242,K00244,K00245,K00246,K00247,K00382,K00626,K00658,K01006,K01007,K01595,K01616,K01647,K01659,K01676,K01679,K01681,K01682,K01847,K01848,K01849,K01900,K01902,K01903,K01958,K01959,K01960,K01961,K01962,K01963,K02160,K03737,K05606,K08691,K08929,K08940,K08941,K08942,K08943,K09709,K14449,K14465,K14467,K14468,K14469,K14470,K14471,K14472,K14534,K15016,K15038,K15052,K18118,K25774",71,"M00009,M00011,M00149,M00173,M00374,M00376,M00613,M00614",13041,0.609
K00242,0.436,0.192,192.0,NC_005042.1_698,192.0,0.98,5.8,3.5,4.0,63.0,124.0,64.0,125.0,K00241,45.7,9.747722856766332e-13,9.747722856766332e-13,62.9,domain,True,True,False,"K00024,K00025,K00026,K00030,K00031,K00116,K00164,K00174,K00175,K00234,K00235,K00236,K00239,K00240,K00241,K00244,K00245,K00246,K00247,K00382,K00658,K01006,K01007,K01595,K01616,K01647,K01659,K01676,K01679,K01681,K01682,K01899,K01900,K01902,K01903,K01958,K01959,K01960,K03737,K08942,K18118",41,"M00009,M00011,M00149,M00173,M00614",11206,0.524
K00244,0.077,0.009,591.0,NC_005042.1_122,591.0,8.1e-111,367.9,1.2e-110,367.3,4.0,540.0,9.0,529.0,K00278,594.8,4.969285899229039e-69,4.969285899229039e-69,695.47,full,True,True,False,"K00026,K00245,K00246,K00247,K01682",5,"M00009,M00011,M00150",2476,0.116
K00245,0.077,0.009,337.0,NC_005042.1_700,337.0,1.5999999999999999e-29,99.8,2.0000000000000002e-29,99.6,6.0,223.0,6.0,235.0,K00240,186.0,1.1251602315713468e-26,1.1251602315713468e-26,294.8,full,True,True,False,"K00026,K00244,K00246,K00247,K01682",5,"M00009,M00011,M00150",2488,0.116
K00246,0.077,0.009,,,,1000.0,0.0,,,,,,,,,,0.0,,,,,,"K00026,K00244,K00245,K00247,K01682",5,"M00009,M00011,M00150",2422,0.113
K00247,0.077,0.009,,,,1000.0,0.0,,,,,,,,,,0.0,,,,,,"K00026,K00244,K00245,K00246,K01682",5,"M00009,M00011,M00150",2368,0.111
K00249,0.163,0.066,,,,1000.0,0.0,,,,,,,,,,0.0,,,,,,"K00166,K00167,K00232,K00253,K00255,K00382,K00632,K00826,K01640,K01692,K01782,K01825,K01968,K01969,K05607,K06445,K07508,K07511,K07513,K07514,K07515,K07516,K09479,K09699,K10527,K11381,K13766,K13767",28,"M00036,M00087",6588,0.308
K00252,0.258,0.142,,,,1000.0,0.0,,,,,,,,,,0.0,,,,,,"K00135,K00468,K00626,K01041,K01506,K01692,K01782,K01825,K07250,K14268,K15736,K15737",12,M00957,9634,0.45
K00253,0.242,0.062,,,,1000.0,0.0,,,,,,,,,,0.0,,,,,,"K00166,K00167,K00249,K00382,K00826,K01640,K01968,K01969,K09699,K11381,K13766",11,M00036,6393,0.299
K00254,1.0,1.0,542.0,NC_005042.1_228,542.0,8.900000000000001e-124,411.0,1.1e-123,410.6,81.0,430.0,12.0,388.0,K00254,411.0,1.0,1.0,168.7,domain,False,False,False,"K00226,K00609,K00610,K00762,K01465,K01591,K01954,K01955,K01956,K11541,K13421",11,M00051,14818,0.692
K00255,0.087,0.047,,,,1000.0,0.0,,,,,,,,,,0.0,,,,,,"K00232,K00249,K00632,K01692,K01782,K01825,K06445,K07508,K07511,K07513,K07514,K07516,K09479,K10527,K13767",15,M00087,5550,0.259
K00261,0.009,0.008,513.0,NC_005042.1_1627,513.0,0.012,11.3,32.0,-0.0,370.0,407.0,253.0,290.0,K00259,490.0,7.887530936598493e-145,7.887530936598493e-145,524.1,full,True,True,False,"K14449,K19280,K19281",3,M00740,2249,0.105
K00274,0.101,0.066,720.0,NC_005042.1_170,720.0,2.7e-29,99.4,3.9e-29,98.9,188.0,622.0,2.0,455.0,K02293,841.4,4.322581767827022e-224,4.322581767827022e-224,284.67,domain,True,True,False,"K00128,K00149,K00657",3,M00135,6563,0.307
K00275,0.616,0.309,,,,1000.0,0.0,,,,,,,,,,0.0,,,,,,"K00097,K00831,K03472,K03473,K03474",5,M00124,14215,0.664
K00278,1.0,1.0,599.0,NC_005042.1_122,599.0,1.6e-179,594.8,1.8e-179,594.6,43.0,523.0,8.0,534.0,K00278,594.8,1.0,1.0,513.97,full,False,False,False,"K00767,K00969,K01916,K01950,K03517,K06210,K06989",7,M00115,14454,0.675
K00281,1.0,1.0,1308.0,NC_005042.1_1853,1308.0,0.0,1549.8,0.0,1549.6,218.0,1153.0,5.0,963.0,K00281,1549.8,1.0,1.0,622.23,full,False,False,False,"K00382,K00605",2,M00621,11977,0.56
K00282,0.034,0.022,464.0,NC_005042.1_1853,464.0,2.5e-113,376.0,8.3e-05,18.2,342.0,449.0,770.0,881.0,K00281,1549.8,0.0,0.0,418.53,domain,True,True,False,K00283,1,M00621,3775,0.176
K00283,0.034,0.022,581.0,NC_005042.1_1853,581.0,9.6e-143,473.6,7.6e-137,454.1,118.0,523.0,487.0,888.0,K00281,1549.8,0.0,0.0,521.73,domain,True,True,False,K00282,1,M00621,3769,0.176
K00286,1.0,1.0,455.0,NC_005042.1_389,455.0,8.2e-83,275.5,9.1e-83,275.4,110.0,375.0,2.0,275.0,K00286,275.5,1.0,1.0,167.1,full,False,False,False,"K00147,K00318,K00819,K00931,K12657",5,"M00015,M00972",20257,0.947
K00287,0.7,0.475,,,,1000.0,0.0,,,,,,,,,,0.0,,,,,,"K00796,K00950,K01077,K01113,K01495,K01633,K08310,K09007,K11754,K13940,K13941,K13998,K14652,K19965,K22099,K22100,K22391",17,"M00126,M00840",17630,0.824
K00294,0.039,0.022,658.0,NC_005042.1_372,658.0,3.7000000000000003e-34,115.0,4.5e-34,114.7,214.0,553.0,96.0,416.0,K25072,531.4,4.4782651677481464e-126,4.4782651677481464e-126,478.37,full,True,True,False,K00318,1,M00970,3810,0.178
K00297,1.0,1.0,506.0,NC_005042.1_179,506.0,1.3e-58,195.7,1.5e-58,195.4,102.0,371.0,20.0,299.0,K24042,254.5,1.9926740032292936e-18,1.0,186.57,domain,True,False,True,"K00194,K00197,K00198,K00625,K00925,K01491,K01500,K01938,K05299,K13788,K14138,K15022,K15023,K15024,K22015,K25007,K25008,K25123,K25124",19,"M00377,M00618",15844,0.74
K00300,0.0,0.0,287.0,NC_005042.1_1559,287.0,0.00015,18.1,0.0002,17.7,116.0,189.0,10.0,86.0,K11153,297.8,6.337386768634315e-85,6.337386768634315e-85,358.97,full,True,True,False,,0,M00140,175,0.008
K00301,0.042,0.028,523.0,NC_005042.1_52,523.0,4.8e-17,58.8,2.4e-13,46.6,159.0,416.0,117.0,368.0,K03153,307.6,1.2698051344273872e-75,1.2698051344273872e-75,415.13,domain,True,True,False,"K00302,K00303,K00304,K00305,K00309,K00315,K00479,K21832,K21833,K21834,K25960,K25961",12,M00975,4254,0.199
K00302,0.08,0.035,1255.0,NC_005042.1_1875,1255.0,4.4e-49,163.8,6.199999999999999e-49,163.3,694.0,1074.0,4.0,369.0,K00605,453.6,5.774405210228899e-88,5.774405210228899e-88,1336.5,full,True,True,False,"K00301,K00303,K00304,K00305,K00309,K00315,K00479,K01752,K01754,K21832,K21833,K21834,K25960,K25961",14,M00975,4752,0.222
K00303,0.037,0.023,416.0,NC_005042.1_52,416.0,1.4e-16,57.0,6.8,2.0,35.0,54.0,9.0,28.0,K03153,307.6,3.646557672708789e-76,3.646557672708789e-76,635.3,full,True,True,False,"K00301,K00302,K00304,K00305,K00309,K00315,K00479,K21832,K21833,K21834,K25960,K25961",12,M00975,3851,0.18
K00304,0.035,0.02,,,,1000.0,0.0,,,,,,,,,,0.0,,,,,,"K00301,K00302,K00303,K00305,K00309,K00315,K00479,K21832,K21833,K21834,K25960,K25961",12,M00975,3655,0.171
K00305,0.035,0.021,,,,1000.0,0.0,,,,,,,,,,0.0,,,,,,"K00301,K00302,K00303,K00304,K00309,K00315,K00479,K21832,K21833,K21834,K25960,K25961",12,M00975,3706,0.173
K00309,0.013,0.003,813.0,NC_005042.1_1875,813.0,3.9999999999999995e-54,180.5,7.1e-54,179.7,468.0,804.0,23.0,369.0,K00605,453.6,6.147636552715916e-83,6.147636552715916e-83,870.17,domain,True,True,False,"K00303,K00304,K00305,K00315",4,M00975,1351,0.063
K00315,0.017,0.003,959.0,NC_005042.1_1875,959.0,1.7e-52,175.1,8.4e-52,172.7,542.0,919.0,5.0,368.0,K00605,453.6,1.4559491512244375e-84,1.4559491512244375e-84,788.73,full,True,True,False,"K00302,K00303,K00304,K00305,K00309",5,M00975,1362,0.064
K00318,0.057,0.035,,,,1000.0,0.0,,,,,,,,,,0.0,,,,,,"K00294,K00819",2,"M00970,M00972",4807,0.225
K00319,0.0,0.0,,,,1000.0,0.0,,,,,,,,,,0.0,,,,,,,0,"M00567,M00617",0,0.0
K00320,0.228,0.063,,,,1000.0,0.0,,,,,,,,,,0.0,,,,,,"K00200,K00201,K00202,K00577,K00583,K00625,K00672,K00925,K01499,K01895,K11260,K14083,K22482,K22516",14,"M00567,M00617",6404,0.299
K00330,1.0,1.0,242.0,NC_005042.1_328,242.0,6.399999999999999e-49,163.4,6.799999999999999e-49,163.3,68.0,181.0,7.0,120.0,K05574,186.1,1.4676382930963514e-07,1.0,128.5,domain,True,False,True,"K00331,K00332,K00333,K00334,K00335,K00336,K00337,K00338,K00339,K00340,K00341,K00342,K00343,K13378,K13380",15,M00144,12421,0.58
K00331,0.562,0.111,314.0,NC_005042.1_327,314.0,4.9e-81,269.4,5.6e-81,269.2,63.0,222.0,39.0,208.0,K05582,404.6,1.9986860727728625e-41,1.9986860727728625e-41,271.33,domain,True,True,False,"K00330,K00332,K00333,K00334,K00335,K00336,K00337,K00338,K00339,K00340,K00341,K00342,K00343,K13378,K13380",15,M00144,8531,0.399
K00332,0.544,0.066,286.0,NC_005042.1_326,286.0,1.1e-40,137.0,1.3e-40,136.8,73.0,219.0,5.0,177.0,K05581,244.7,3.7937566264416636e-33,3.7937566264416636e-33,194.27,domain,True,True,False,"K00330,K00331,K00333,K00334,K00335,K00336,K00337,K00338,K00339,K00340,K00341,K00342,K00343,K13380",14,M00144,6594,0.308
K00333,0.547,0.071,512.0,NC_005042.1_200,512.0,1.8e-153,508.5,2.1e-153,508.3,106.0,489.0,9.0,398.0,K05579,722.7,3.3065487399550004e-65,3.3065487399550004e-65,526.83,domain,True,True,False,"K00330,K00331,K00332,K00334,K00335,K00336,K00337,K00338,K00339,K00340,K00341,K00342,K00343,K13380",14,M00144,6818,0.319
K00334,0.585,0.155,,,,1000.0,0.0,,,,,,,,,,0.0,,,,,,"K00330,K00331,K00332,K00333,K00335,K00336,K00337,K00338,K00339,K00340,K00341,K00342,K00343,K13378,K13380",15,M00144,10081,0.471
K00335,0.589,0.176,,,,1000.0,0.0,,,,,,,,,,0.0,,,,,,"K00330,K00331,K00332,K00333,K00334,K00336,K00337,K00338,K00339,K00340,K00341,K00342,K00343,K13378,K13380",15,M00144,10723,0.501
K00336,0.609,0.234,927.0,NC_005042.1_186,927.0,8.7e-09,31.2,1.1e-08,30.9,170.0,240.0,50.0,119.0,K05580,328.8,2.5910350648735543e-90,2.5910350648735543e-90,690.77,domain,True,True,False,"K00330,K00331,K00332,K00333,K00334,K00335,K00337,K00338,K00339,K00340,K00341,K00342,K00343,K13378,K13380",15,M00144,12368,0.578
K00337,1.0,1.0,719.0,NC_005042.1_187,719.0,2e-135,450.0,2.4e-135,449.7,234.0,557.0,26.0,377.0,K05572,670.9,3.180342975506621e-67,1.0,437.43,full,True,False,True,"K00330,K00331,K00332,K00333,K00334,K00335,K00336,K00338,K00339,K00340,K00341,K00342,K00343,K13378,K13380",15,M00144,12869,0.601
K00338,1.0,1.0,319.0,NC_005042.1_186,319.0,6.4e-45,151.0,6.6e-45,151.0,87.0,229.0,16.0,156.0,K05580,328.8,2.998242603297895e-54,1.0,149.5,domain,True,False,True,"K00330,K00331,K00332,K00333,K00334,K00335,K00336,K00337,K00339,K00340,K00341,K00342,K00343,K13378,K13380",15,M00144,8383,0.392
K00339,1.0,1.0,253.0,NC_005042.1_185,253.0,4.8e-52,173.5,5.4e-52,173.4,31.0,188.0,5.0,175.0,K05578,239.7,1.1798160149801838e-20,1.0,127.33,full,True,False,True,"K00330,K00331,K00332,K00333,K00334,K00335,K00336,K00337,K00338,K00340,K00341,K00342,K00343,K13378,K13380",15,M00144,12619,0.59
K00340,1.0,1.0,161.0,NC_005042.1_184,161.0,1.6999999999999998e-43,144.8,1.8e-43,144.8,26.0,122.0,8.0,107.0,K05576,150.4,0.020200823397058094,1.0,92.23,full,True,False,True,"K00330,K00331,K00332,K00333,K00334,K00335,K00336,K00337,K00338,K00339,K00341,K00342,K00343,K13378,K13380",15,M00144,12415,0.58
K00341,1.0,1.0,894.0,NC_005042.1_175,894.0,9.399999999999999e-234,775.7,1.0000000000000001e-233,775.5,22.0,617.0,6.0,662.0,K00341,775.7,1.0,1.0,555.1,domain,False,False,False,"K00330,K00331,K00332,K00333,K00334,K00335,K00336,K00337,K00338,K00339,K00340,K00342,K00343,K13378,K13380",15,M00144,13047,0.61
K00342,0.64,0.253,591.0,NC_005042.1_176,591.0,2.1e-161,535.0,2.7000000000000003e-161,534.6,56.0,533.0,24.0,521.0,K05575,770.6,1.1949040181932493e-71,1.1949040181932493e-71,544.43,full,True,True,False,"K00330,K00331,K00332,K00333,K00334,K00335,K00336,K00337,K00338,K00339,K00340,K00341,K00343,K13378,K13380",15,M00144,12870,0.601
K00343,1.0,1.0,675.0,NC_005042.1_428,675.0,7.3e-153,507.3,9.599999999999999e-153,506.9,21.0,475.0,25.0,510.0,K05573,752.6,1.4366205141424894e-74,1.0,327.6,domain,True,False,True,"K00330,K00331,K00332,K00333,K00334,K00335,K00336,K00337,K00338,K00339,K00340,K00341,K00342,K13378,K13380",15,M00144,12820,0.599
K00360,0.002,0.002,642.0,NC_005042.1_98,642.0,3.5e-18,62.6,1.1e-16,57.7,120.0,421.0,10.0,320.0,K17872,389.5,3.920075372767767e-99,3.920075372767767e-99,558.33,domain,True,True,False,,0,"M00531,M00615",1143,0.053
K00361,0.001,0.001,1355.0,NC_005042.1_564,1355.0,2.8e-16,54.9,6.9e-16,53.6,82.0,272.0,120.0,311.0,K00383,564.3,4.5218922419838986e-154,4.5218922419838986e-154,1789.37,full,True,True,False,,0,"M00531,M00615",847,0.04
K00362,0.103,0.072,1377.0,NC_005042.1_98,1377.0,4.8e-20,68.0,3.2e-18,62.0,576.0,808.0,80.0,320.0,K17872,389.5,1.6552225488617808e-97,1.6552225488617808e-97,1240.63,domain,True,True,False,"K00363,K00370,K00371,K00374,K02567,K02568,K03385",7,M00530,6865,0.321
K00363,0.091,0.058,204.0,NC_005042.1_893,204.0,3.6e-06,23.9,5.6e-06,23.3,36.0,149.0,17.0,127.0,K15982,106.2,1.6717995713812971e-25,1.6717995713812971e-25,141.17,domain,True,True,False,"K00362,K00370,K00371,K00374,K02567,K02568,K03385",7,M00530,6157,0.288
K00365,0.18,0.004,,,,1000.0,0.0,,,,,,,,,,0.0,,,,,,"K01466,K01477,K13479,K13484,K16840",5,M00546,1660,0.078
K00366,0.004,0.004,692.0,NC_005042.1_834,692.0,1.1999999999999999e-82,275.0,1.1e-61,205.8,204.0,561.0,240.0,593.0,K00392,642.3,2.7019828778401576e-111,2.7019828778401576e-111,597.97,full,True,True,False,K17877,1,"M00531,M00615",1527,0.071
K00367,0.008,0.008,,,,1000.0,0.0,,,,,,,,,,0.0,,,,,,"K00360,K15579",2,"M00531,M00615",2269,0.106
K00368,0.025,0.017,539.0,NC_005042.1_1090,539.0,0.0016,14.0,0.0018,13.9,158.0,264.0,29.0,118.0,K02638,151.4,4.349893216261527e-42,4.349893216261527e-42,191.63,full,True,True,False,"K00376,K02305,K04561",3,"M00529,M00973",3293,0.154
K00370,0.07,0.043,,,,1000.0,0.0,,,,,,,,,,0.0,,,,,,"K00362,K00363,K00368,K00371,K00374,K00376,K02305,K02567,K02568,K04561,K15864",11,"M00529,M00530,M00804",5278,0.247
K00371,0.07,0.042,,,,1000.0,0.0,,,,,,,,,,0.0,,,,,,"K00362,K00363,K00368,K00370,K00374,K00376,K02305,K02567,K02568,K04561,K15864",11,"M00529,M00530,M00804",5246,0.245
K00372,0.104,0.082,,,,1000.0,0.0,,,,,,,,,,0.0,,,,,,"K00360,K00361,K00366,K00367,K02575,K10534,K15576,K15577,K15578,K15579,K26138,K26139",12,"M00531,M00615",7318,0.342
K00374,0.074,0.048,,,,1000.0,0.0,,,,,,,,,,0.0,,,,,,"K00362,K00363,K00368,K00370,K00371,K00376,K02305,K02567,K02568,K03385,K04561,K15864",12,"M00529,M00530",5597,0.262
K00376,0.014,0.006,665.0,NC_005042.1_439,665.0,5.4e-10,34.9,6.5e-10,34.6,565.0,631.0,193.0,259.0,K02275,235.7,3.574183706400319e-61,3.574183706400319e-61,465.1,full,True,True,False,"K00368,K02305,K02567,K02568,K04561,K15864",6,M00529,2028,0.095
K00380,0.445,0.114,945.0,NC_005042.1_1133,945.0,2.7e-50,168.1,1.0000000000000001e-45,152.9,544.0,756.0,136.0,360.0,K02641,506.6,1.2628345862288074e-102,1.2628345862288074e-102,516.8,full,True,True,False,"K00381,K00390,K00392,K00860,K00955,K00956,K00957,K00958,K02045,K02046,K02047,K02048,K23163",13,"M00176,M00616",8652,0.404
K00381,0.432,0.134,1129.0,NC_005042.1_834,1129.0,1.3000000000000001e-167,556.9,1.7000000000000002e-167,556.5,547.0,1081.0,30.0,579.0,K00392,642.3,1.9590177467857365e-26,1.9590177467857365e-26,583.37,full,True,True,False,"K00380,K00390,K00860,K00955,K00956,K00957,K00958,K02045,K02046,K02047,K02048,K23163",12,"M00176,M00616",9353,0.437
K00382,1.0,1.0,636.0,NC_005042.1_1384,636.0,1.2e-163,542.8,1.3e-163,542.6,134.0,586.0,8.0,475.0,K00382,542.8,1.0,1.0,475.33,full,False,False,False,"K00024,K00025,K00026,K00030,K00031,K00116,K00161,K00162,K00163,K00164,K00166,K00167,K00169,K00170,K00171,K00172,K00174,K00175,K00176,K00177,K00189,K00234,K00235,K00236,K00239,K00240,K00241,K00242,K00244,K00245,K00246,K00247,K00249,K00253,K00281,K00282,K00283,K00605,K00627,K00658,K00826,K01616,K01640,K01647,K01659,K01676,K01677,K01678,K01679,K01681,K01682,K01899,K01900,K01902,K01903,K01968,K01969,K03737,K05607,K05942,K09699,K11381,K13766,K13997,K18118",65,"M00009,M00011,M00036,M00307,M00621",19055,0.89
K00390,1.0,1.0,397.0,NC_005042.1_97,397.0,4.2e-66,220.4,4.6e-66,220.3,53.0,292.0,3.0,247.0,K00390,220.4,1.0,1.0,152.77,full,False,False,False,"K00380,K00381,K00392,K00860,K00955,K00956,K00957,K00958,K02045,K02046,K02047,K02048,K23163",13,"M00176,M00616",13020,0.608
K00392,1.0,1.0,898.0,NC_005042.1_834,898.0,1.4e-193,642.3,1.5000000000000002e-193,642.2,197.0,722.0,22.0,593.0,K00392,642.3,1.0,1.0,587.37,domain,False,False,False,"K00390,K00956,K00957",3,"M00176,M00616",3690,0.172
K00394,0.005,0.003,594.0,NC_005042.1_122,594.0,9.6e-17,57.4,0.0043,12.3,366.0,570.0,338.0,539.0,K00278,594.8,1.684536129975289e-162,1.684536129975289e-162,441.6,full,True,True,False,"K00395,K11180,K11181",3,M00596,1464,0.068
K00395,0.009,0.008,145.0,NC_005042.1_942,145.0,1.8e-08,31.3,2.4e-08,30.9,1.0,60.0,1.0,62.0,K05524,48.8,5.269854133082225e-06,5.269854133082225e-06,77.73,domain,True,True,False,"K00394,K11180,K11181",3,M00596,2229,0.104
K00399,0.0,0.0,,,,1000.0,0.0,,,,,,,,,,0.0,,,,,,,0,"M00356,M00357,M00563,M00567,M00617",0,0.0
K00401,0.0,0.0,,,,1000.0,0.0,,,,,,,,,,0.0,,,,,,,0,"M00356,M00357,M00563,M00567,M00617",0,0.0
K00402,0.0,0.0,,,,1000.0,0.0,,,,,,,,,,0.0,,,,,,,0,"M00356,M00357,M00563,M00567,M00617",0,0.0
K00404,0.137,0.048,538.0,NC_005042.1_438,538.0,1.4e-21,73.1,2.1e-21,72.5,66.0,504.0,36.0,497.0,K02274,794.3,7.891637487010696e-218,7.891637487010696e-218,670.2,full,True,True,False,"K00405,K00406,K00407",3,M00156,5589,0.261
K00405,0.132,0.055,,,,1000.0,0.0,,,,,,,,,,0.0,,,,,,"K00404,K00406,K00407,K15862",4,M00156,5974,0.279
K00406,0.171,0.114,347.0,NC_005042.1_1153,347.0,2.4e-14,50.5,2.9e-14,50.2,110.0,189.0,54.0,129.0,K13300,56.9,0.007650791298253169,0.007650791298253169,95.83,domain,True,True,False,"K00404,K00405,K00407,K15862",4,M00156,8382,0.392
K00407,0.221,0.181,82.0,NC_005042.1_637,82.0,0.0079,13.2,0.011,12.8,14.0,39.0,12.0,42.0,K08473,15.7,0.13997017162768866,0.13997017162768866,21.67,domain,True,True,False,"K00404,K00405,K00406,K15862",4,M00156,5566,0.26
K00410,0.046,0.01,540.0,NC_005042.1_364,540.0,6.9e-64,213.0,7.5e-64,212.9,10.0,221.0,4.0,215.0,K02635,407.0,3.982729777831275e-59,3.982729777831275e-59,700.3,full,True,True,False,"K00411,K00413",2,M00151,2512,0.117
K00411,0.119,0.086,527.0,NC_005042.1_456,527.0,1.2e-21,73.8,4.9e-20,68.5,223.0,283.0,105.0,163.0,K02636,213.7,7.68959747663979e-43,7.68959747663979e-43,77.67,domain,True,True,False,"K00410,K00412,K00413",3,M00151,7485,0.35
K00412,0.094,0.04,476.0,NC_005042.1_364,476.0,3.3999999999999997e-75,250.4,3.6999999999999997e-75,250.2,40.0,252.0,7.0,217.0,K02635,407.0,7.222751597775681e-48,7.222751597775681e-48,311.67,domain,True,True,False,"K00411,K00413",2,M00151,5118,0.239
K00413,0.114,0.079,347.0,NC_005042.1_1153,347.0,0.0029,13.8,0.0029,13.8,85.0,109.0,54.0,78.0,K13300,56.9,6.85339107040801e-14,6.85339107040801e-14,55.33,full,True,True,False,"K00410,K00411,K00412",3,M00151,7184,0.336
K00424,0.147,0.035,,,,1000.0,0.0,,,,,,,,,,0.0,,,,,,"K00425,K00426,K22501",3,M00153,4776,0.223
K00425,0.446,0.368,,,,1000.0,0.0,,,,,,,,,,0.0,,,,,,"K00424,K00426,K22501",3,M00153,15524,0.725
K00426,0.444,0.366,,,,1000.0,0.0,,,,,,,,,,0.0,,,,,,"K00424,K00425,K22501",3,M00153,15468,0.723
K00431,0.0,0.0,,,,1000.0,0.0,,,,,,,,,,0.0,,,,,,,0,M00043,2,0.0
K00435,0.22,0.017,,,,1000.0,0.0,,,,,,,,,,0.0,,,,,,"K00231,K01719,K13542",3,M00926,3357,0.157
K00446,0.03,0.017,408.0,NC_005042.1_247,408.0,6.1e-13,45.3,7.6e-13,45.0,70.0,189.0,10.0,125.0,K08234,71.7,1.1292965770398473e-08,1.1292965770398473e-08,191.03,full,True,True,False,"K01617,K02554,K04073,K07104,K10216,K10217,K18364,K18365,K18366",9,M00569,3376,0.158
K00451,0.457,0.434,637.0,NC_005042.1_1230,637.0,0.015,10.6,0.018,10.4,525.0,613.0,53.0,162.0,K00451,10.6,0.3733313613646384,0.3733313613646384,46.93,full,False,True,False,"K00457,K00815,K00832,K01555,K01800,K03334,K16171",7,M00044,7981,0.373
K00452,0.023,0.008,,,,1000.0,0.0,,,,,,,,,,0.0,,,,,,"K00453,K00486,K01556,K03392,K10217,K14263",6,"M00038,M00912",2309,0.108
K00453,0.212,0.054,,,,1000.0,0.0,,,,,,,,,,0.0,,,,,,"K00452,K00463,K00486,K00767,K00969,K01432,K01556,K01916,K01950,K03392,K07130,K10217,K14263",13,"M00038,M00912",5949,0.278
K00455,0.022,0.007,,,,1000.0,0.0,,,,,,,,,,0.0,,,,,,"K00151,K01826,K05921",3,M00533,2192,0.102
K00457,0.188,0.1,552.0,NC_005042.1_237,552.0,0.012,11.6,0.058,9.3,404.0,431.0,67.0,94.0,K01759,171.1,9.676441861234264e-49,9.676441861234264e-49,317.87,full,True,True,False,"K00451,K00815,K00832,K01555,K01800,K03334,K16171",7,M00044,8086,0.378
K00462,0.0,0.0,299.0,NC_005042.1_247,299.0,5.3e-11,39.0,6.2e-11,38.8,2.0,120.0,12.0,126.0,K08234,71.7,1.43324039202736e-10,1.43324039202736e-10,345.1,full,True,True,False,"K08689,K15750,K18087,K18088",4,M00543,193,0.009
K00463,0.0,0.0,,,,1000.0,0.0,,,,,,,,,,0.0,,,,,,,0,"M00038,M00912",84,0.004
K00468,0.124,0.005,557.0,NC_005042.1_139,557.0,1.5e-06,23.8,2.3e-06,23.2,45.0,117.0,2.0,72.0,K00514,854.4,9.214793377072798e-251,9.214793377072798e-251,595.77,full,True,True,False,"K01506,K01692,K14268,K15736",4,M00957,1889,0.088
K00479,0.027,0.011,422.0,NC_005042.1_893,422.0,4.7e-15,52.1,6.6e-15,51.6,46.0,244.0,52.0,263.0,K15982,106.2,5.155016827341854e-17,5.155016827341854e-17,563.7,domain,True,True,False,"K00301,K00302,K00303,K00304,K00305,K00309,K21832,K21833,K21834,K25960,K25961",11,M00975,2668,0.125
K00486,0.006,0.003,720.0,NC_005042.1_908,720.0,4.7e-19,64.9,1.2e-18,63.6,197.0,522.0,5.0,300.0,K03185,205.7,4.1207532565243256e-43,4.1207532565243256e-43,342.93,full,True,True,False,"K00452,K06210,K10217,K14263",4,"M00038,M00912",1436,0.067
K00499,0.083,0.024,453.0,NC_005042.1_893,453.0,1.4000000000000002e-23,80.1,1.8e-23,79.7,83.0,356.0,51.0,348.0,K15982,106.2,1.3837892927351774e-08,1.3837892927351774e-08,305.3,full,True,True,False,"K00108,K00130,K17755",3,M00555,3991,0.186
K00514,1.0,1.0,558.0,NC_005042.1_139,558.0,3.9000000000000005e-258,854.4,4.8e-258,854.1,48.0,531.0,1.0,482.0,K00514,854.4,1.0,1.0,456.03,full,False,False,False,"K09835,K15744",2,M00097,350,0.016
K00525,0.692,0.401,782.0,NC_005042.1_819,782.0,1.4e-08,30.2,1.6e-05,20.2,115.0,407.0,43.0,467.0,K00524,1373.7,0.0,0.0,355.53,domain,True,True,False,"K00526,K00560,K00940,K00943,K01520,K03465,K10807,K10808,K13998,K18533",10,"M00053,M00938",16202,0.757
K00526,0.696,0.433,,,,1000.0,0.0,,,,,,,,,,0.0,,,,,,"K00525,K00560,K00940,K00943,K01520,K03465,K10807,K10808,K13998,K18533",10,"M00053,M00938",16835,0.787
K00529,0.134,0.067,511.0,NC_005042.1_1384,511.0,4.3e-33,111.6,0.0084,11.6,215.0,245.0,9.0,39.0,K00382,542.8,1.5698778782450492e-130,1.5698778782450492e-130,403.67,domain,True,True,False,"K01666,K02554,K04073,K05708,K05709,K05710,K05711,K05712,K05713,K05714",10,M00545,6634,0.31
K00531,0.0,0.0,,,,1000.0,0.0,,,,,,,,,,0.0,,,,,,"K22896,K22897,K22898",3,M00175,121,0.006
K00548,1.0,1.0,1283.0,NC_005042.1_966,1283.0,0.0,1169.8,0.0,1169.5,89.0,1220.0,12.0,1181.0,K00548,1169.8,1.0,1.0,262.47,domain,False,False,False,"K00003,K00133,K00549,K00641,K00651,K00928,K01739,K01760,K12524,K12525,K14155,K24042",12,M00017,15047,0.703
K00549,0.668,0.346,685.0,NC_005042.1_173,685.0,1.6e-06,23.7,1.6e-06,23.7,23.0,143.0,4.0,124.0,K21900,286.8,4.565267090193492e-80,4.565267090193492e-80,41.3,full,True,True,False,"K00003,K00133,K00548,K00641,K00651,K00928,K01739,K01760,K12524,K12525,K14155,K24042",12,M00017,15055,0.703
K00550,0.0,0.0,198.0,NC_005042.1_1100,198.0,0.004,13.8,0.0065,13.1,136.0,188.0,90.0,144.0,K00587,35.9,1.412979835294343e-07,1.412979835294343e-07,101.97,full,True,True,False,,0,M00091,26,0.001
K00551,0.0,0.0,324.0,NC_005042.1_1100,324.0,0.02,11.0,0.036,10.1,191.0,243.0,91.0,143.0,K00587,35.9,2.028859515558241e-08,2.028859515558241e-08,81.1,full,True,True,False,,0,M00091,2,0.0
K00552,0.0,0.0,,,,1000.0,0.0,,,,,,,,,,0.0,,,,,,,0,M00035,0,0.0
K00558,0.524,0.24,434.0,NC_005042.1_973,434.0,3.8e-06,22.4,4.2e-06,22.2,61.0,136.0,211.0,351.0,K03215,399.7,2.6386551541405794e-114,2.6386551541405794e-114,164.37,full,True,True,False,"K00789,K01251,K01697,K17398,K17399",5,M00035,12544,0.586
K00560,0.674,0.47,,,,1000.0,0.0,,,,,,,,,,0.0,,,,,,"K00525,K00526,K00940,K00943,K01520,K03465,K10807,K10808,K13998,K18533",10,M00938,17540,0.82
K00568,0.685,0.329,324.0,NC_005042.1_1687,324.0,1.2e-18,64.2,1.4e-18,64.0,100.0,221.0,68.0,196.0,K18534,381.9,2.305527875667341e-96,2.305527875667341e-96,309.57,domain,True,True,False,"K03179,K03181,K03182,K03183,K03184,K03185,K03186,K06134,K18240,K18800",10,M00117,14679,0.686
K00570,0.056,0.056,343.0,NC_005042.1_1049,343.0,5.7e-18,62.2,7e-18,62.0,111.0,247.0,149.0,290.0,K15256,82.3,8.898084127133864e-07,8.898084127133864e-07,87.77,domain,True,True,False,K16369,1,M00091,6051,0.283
K00577,1.0,1.0,285.0,NC_005042.1_126,285.0,0.00021,17.6,0.00021,17.6,232.0,277.0,85.0,131.0,K00577,17.6,1.0,1.0,126.4,full,False,True,False,,0,"M00357,M00567,M00617",40,0.002
K00578,0.0,0.0,106.0,NC_005042.1_1634,106.0,0.0032,14.5,0.0045,14.0,18.0,57.0,43.0,82.0,K02109,79.1,3.576533358679464e-20,3.576533358679464e-20,82.27,full,True,True,False,,0,"M00357,M00567,M00617",0,0.0
K00579,0.0,0.0,,,,1000.0,0.0,,,,,,,,,,0.0,,,,,,,0,"M00357,M00567,M00617",1,0.0
K00580,0.0,0.0,,,,1000.0,0.0,,,,,,,,,,0.0,,,,,,,0,"M00357,M00567,M00617",0,0.0
K00581,0.0,0.0,,,,1000.0,0.0,,,,,,,,,,0.0,,,,,,,0,"M00357,M00567,M00617",0,0.0
K00582,0.0,0.0,,,,1000.0,0.0,,,,,,,,,,0.0,,,,,,,0,"M00357,M00567,M00617",1,0.0
K00583,1.0,1.0,82.0,NC_005042.1_91,82.0,0.015,11.9,0.018,11.6,52.0,71.0,28.0,47.0,K00583,11.9,1.0,1.0,88.73,domain,False,True,False,,0,"M00357,M00567,M00617",6,0.0
K00584,0.0,0.0,,,,1000.0,0.0,,,,,,,,,,0.0,,,,,,,0,"M00357,M00567,M00617",19,0.001
K00589,0.0,0.0,615.0,NC_005042.1_1882,615.0,8.6e-58,193.1,1e-57,192.8,302.0,549.0,3.0,243.0,K02303,351.3,2.380128182331551e-48,2.380128182331551e-48,479.97,full,True,True,False,,0,M00846,1,0.0
K00595,1.0,1.0,533.0,NC_005042.1_1355,533.0,1.4000000000000001e-89,298.2,1.7e-89,297.9,108.0,486.0,14.0,432.0,K00595,298.2,1.0,1.0,239.93,full,False,False,False,"K02188,K02189,K02190,K02224,K02228,K02229,K02230,K02302,K02303,K02304,K03394,K03795,K05895,K05934,K05936,K06042,K09882,K09883,K13540,K13541,K13542,K21479,K22011,K24866",24,"M00924,M00925",7491,0.35
K00600,1.0,1.0,658.0,NC_005042.1_292,658.0,7.3000000000000005e-202,669.3,8.1000000000000005e-202,669.1,78.0,503.0,5.0,415.0,K00600,669.3,1.0,1.0,64.5,full,False,False,False,"K00018,K00024,K00300,K00301,K00302,K00303,K00304,K00305,K00309,K00315,K00479,K00830,K01491,K01500,K01595,K01689,K01752,K01754,K01938,K08691,K08692,K11529,K14067,K21832,K21833,K21834,K25960,K25961",28,"M00140,M00346,M00975",20815,0.973
K00601,0.0,0.0,283.0,NC_005042.1_952,283.0,5.7e-51,170.0,6.3e-51,169.9,36.0,238.0,23.0,206.0,K11175,243.0,1.0587911840678667e-22,1.0587911840678667e-22,236.2,domain,True,True,False,K01587,1,M00048,14,0.001
K00602,1.0,1.0,640.0,NC_005042.1_301,640.0,2.6e-219,726.7,2.9e-219,726.5,84.0,577.0,5.0,517.0,K00602,726.7,1.0,1.0,145.1,full,False,False,False,"K00601,K00764,K01492,K01587,K01588,K01589,K01756,K01923,K01933,K01945,K01952,K06863,K08289,K11175,K11176,K11787,K11788,K11808,K13713,K23264,K23265,K23269,K23270",23,M00048,20690,0.967
K00603,0.001,0.001,,,,1000.0,0.0,,,,,,,,,,0.0,,,,,,,0,M00045,908,0.042
K00605,1.0,1.0,630.0,NC_005042.1_1875,630.0,1.1e-136,453.6,1.2e-136,453.4,110.0,468.0,4.0,370.0,K00605,453.6,1.0,1.0,304.87,full,False,False,False,"K00281,K00282,K00283,K00382",4,M00621,15735,0.735
K00606,1.0,1.0,380.0,NC_005042.1_1396,380.0,1.6e-94,313.9,1.9e-94,313.7,49.0,295.0,5.0,255.0,K00606,313.9,1.0,1.0,96.9,full,False,False,False,"K00077,K00826,K01579,K01918,K06982,K09722,K13038,K13799",8,"M00119,M00914",16356,0.764
K00608,0.0,0.0,527.0,NC_005042.1_265,527.0,2.6000000000000002e-30,102.2,3.3e-30,101.9,53.0,332.0,49.0,334.0,K00609,347.4,1.5397317427933147e-74,1.5397317427933147e-74,783.17,full,True,True,False,,0,M00051,35,0.002
K00609,1.0,1.0,399.0,NC_005042.1_265,399.0,9.899999999999999e-105,347.4,1.2e-104,347.2,70.0,363.0,4.0,334.0,K00609,347.4,1.0,1.0,245.9,domain,False,False,False,"K00226,K00254,K00610,K00762,K01465,K01591,K01954,K01955,K01956,K11540,K11541,K13421,K17828",13,M00051,20505,0.958
K00610,0.036,0.025,,,,1000.0,0.0,,,,,,,,,,0.0,,,,,,"K11540,K11541,K17828",3,M00051,4034,0.188
K00611,1.0,1.0,458.0,NC_005042.1_1350,458.0,3.8e-132,438.1,4.6e-132,437.8,91.0,396.0,12.0,314.0,K00611,438.1,1.0,1.0,314.13,full,False,False,False,"K01755,K01915,K01940,K01955,K01956,K14681",6,"M00844,M00978",17646,0.825
K00615,1.0,1.0,670.0,NC_005042.1_1794,670.0,3.2e-196,650.6,3.9e-196,650.3,113.0,578.0,9.0,669.0,K17100,705.3,3.4171121858354515e-17,1.0,223.53,domain,True,False,True,"K00033,K00036,K00134,K00150,K00616,K00855,K00927,K01057,K01086,K01100,K01601,K01602,K01623,K01624,K01783,K01803,K01807,K01808,K01810,K02446,K02689,K02690,K02691,K02692,K02693,K02694,K02703,K02704,K02705,K02706,K02707,K02708,K03841,K05298,K06859,K07404,K08928,K08929,K11532,K13810,K13937,K15916,K19243",43,"M00004,M00007,M00165,M00611,M00612",18622,0.87
K00616,1.0,1.0,489.0,NC_005042.1_514,489.0,1.7e-124,413.9,1.8e-124,413.8,103.0,402.0,1.0,328.0,K00616,413.9,1.0,1.0,137.5,full,False,False,False,"K00033,K00036,K00615,K01057,K01783,K01807,K01810,K06859,K07404,K13937,K19243",11,"M00004,M00007",7960,0.372
K00618,0.0,0.0,,,,1000.0,0.0,,,,,,,,,,0.0,,,,,,,0,M00028,0,0.0
K00619,0.952,0.923,258.0,NC_005042.1_1826,258.0,1.4e-12,44.3,1.6e-12,44.1,93.0,170.0,67.0,144.0,K00619,44.3,0.9042450116006373,0.9042450116006373,166.07,domain,False,True,False,"K00145,K00620,K00818,K00821,K00930,K01438,K12659,K14677,K14681,K14682,K22477,K22478",12,M00028,11248,0.526
K00620,1.0,1.0,632.0,NC_005042.1_56,632.0,1.1e-157,522.9,1.2e-157,522.8,57.0,454.0,10.0,412.0,K00620,522.9,1.0,1.0,169.87,full,False,False,False,"K00145,K00619,K00818,K00821,K00930,K01438,K14677,K14682,K22477,K22478",10,M00028,13466,0.629
K00625,0.01,0.01,,,,1000.0,0.0,,,,,,,,,,0.0,,,,,,"K00200,K00201,K00202,K00672,K01499,K11260,K14083,K15023,K16179,K22480,K25007",11,"M00357,M00579,M00617,M00618",2533,0.118
K00626,0.459,0.373,666.0,NC_005042.1_1793,666.0,4.5e-10,35.8,0.13,7.8,400.0,464.0,237.0,306.0,K09458,589.4,2.2376615552408852e-167,2.2376615552408852e-167,369.9,domain,True,True,False,"K00019,K00021,K00023,K00024,K00054,K00135,K00169,K00170,K00171,K00172,K00239,K00240,K00241,K00252,K00468,K00869,K00938,K01007,K01041,K01506,K01574,K01595,K01597,K01640,K01641,K01677,K01678,K01692,K01782,K01823,K01825,K01847,K01848,K01849,K01902,K01903,K01964,K01965,K01966,K03186,K05606,K06981,K07250,K08691,K09128,K13273,K14268,K14446,K14447,K14448,K14449,K14451,K14465,K14466,K14467,K14534,K15016,K15017,K15018,K15019,K15020,K15036,K15037,K15038,K15736,K15737,K17865,K17942,K18690,K25517,K25518,K25774",72,"M00088,M00095,M00373,M00374,M00375,M00849,M00957",15622,0.73
K00627,1.0,1.0,656.0,NC_005042.1_397,656.0,3.3e-127,422.7,3.6999999999999996e-127,422.5,111.0,502.0,1.0,449.0,K00627,422.7,1.0,1.0,486.3,domain,False,True,False,"K00161,K00162,K00163,K00169,K00170,K00171,K00172,K00189,K00382,K03737,K13997",11,M00307,17919,0.837
K00632,0.29,0.27,464.0,NC_005042.1_1793,464.0,3.4e-08,29.3,3.9e-05,19.2,124.0,179.0,151.0,203.0,K09458,589.4,2.472290093298894e-169,2.472290093298894e-169,505.6,domain,True,True,False,"K00022,K00232,K00249,K00255,K01692,K01782,K01825,K06445,K07508,K07509,K07511,K07513,K07514,K07515,K07516,K09479,K10527,K13767",18,M00087,13280,0.621
K00640,1.0,1.0,355.0,NC_005042.1_1824,355.0,4.1999999999999995e-95,315.9,4.7e-95,315.7,115.0,300.0,3.0,204.0,K00640,315.9,1.0,1.0,93.87,domain,False,False,False,"K01738,K13034,K17069",3,M00021,18083,0.845
K00641,0.614,0.183,532.0,NC_005042.1_1118,532.0,0.0001,17.9,0.00014,17.5,180.0,220.0,114.0,154.0,K22318,79.9,2.1372401109848501e-19,2.1372401109848501e-19,74.73,domain,True,True,False,"K00003,K00133,K00548,K00549,K00928,K01739,K01760,K12524,K14155,K24042",10,M00017,10929,0.511
K00643,0.405,0.011,626.0,NC_005042.1_1648,626.0,4.3e-76,253.9,5.3e-76,253.6,224.0,550.0,40.0,362.0,K00652,422.1,2.326776823928708e-51,2.326776823928708e-51,422.27,full,True,True,False,"K00228,K01719",2,M00868,2711,0.127
K00645,1.0,1.0,476.0,NC_005042.1_162,476.0,6.3e-92,306.1,7.499999999999999e-92,305.8,96.0,385.0,1.0,287.0,K00645,306.1,1.0,1.0,275.13,domain,False,False,False,"K00648,K00665,K00667,K00668,K01961,K01962,K01963,K02078,K02160,K11262,K11263,K11533,K11608,K11609,K11610,K11611,K18472,K18473",18,"M00082,M00885,M00886",20101,0.939
K00647,0.348,0.039,633.0,NC_005042.1_1793,633.0,3.1e-102,340.6,3.4e-102,340.5,47.0,415.0,2.0,413.0,K09458,589.4,1.2698051344274954e-75,1.2698051344274954e-75,381.4,domain,True,True,False,"K00208,K00209,K01716,K02169,K02170,K02372,K09458,K11533,K16363,K19561",10,"M00083,M00572",5069,0.237
K00648,1.0,1.0,441.0,NC_005042.1_161,441.0,2e-127,422.7,2.4e-127,422.5,55.0,357.0,2.0,324.0,K00648,422.7,1.0,1.0,221.8,domain,False,False,False,"K00645,K00665,K00667,K00668,K01961,K01962,K01963,K02160,K11262,K11263,K11533,K18472,K18473",13,M00082,18233,0.852
K00651,1.0,1.0,383.0,NC_005042.1_805,383.0,2e-85,283.8,2.4e-85,283.5,1.0,296.0,1.0,292.0,K00651,283.8,1.0,1.0,253.73,full,False,False,False,"K00003,K00133,K00548,K00549,K00928,K01739,K01760,K12524,K12525,K14155,K24042",11,M00017,8530,0.399
K00652,1.0,1.0,630.0,NC_005042.1_1648,630.0,4.899999999999999e-127,422.1,6.1999999999999994e-127,421.8,152.0,488.0,33.0,374.0,K00652,422.1,1.0,1.0,464.27,domain,False,True,False,"K00833,K01012,K01906,K01935,K16593,K19562,K19563,K25570",8,"M00123,M00573,M00577,M00950",13020,0.608
K00657,0.185,0.169,329.0,NC_005042.1_1826,329.0,2.1e-08,31.2,2.3e-08,31.0,148.0,228.0,69.0,141.0,K00619,44.3,0.00010298955423046637,0.00010298955423046637,82.97,domain,True,True,False,"K00128,K00149,K00274,K14085",4,M00135,10509,0.491
K00658,0.488,0.231,461.0,NC_005042.1_397,461.0,4.5e-55,184.2,4.1e-54,181.1,66.0,436.0,1.0,448.0,K00627,422.7,1.6008330212218498e-72,1.6008330212218498e-72,447.43,domain,True,True,False,"K00024,K00025,K00026,K00030,K00031,K00116,K00164,K00174,K00175,K00176,K00234,K00235,K00236,K00239,K00240,K00241,K00242,K00244,K00245,K00246,K00247,K00382,K01647,K01659,K01676,K01679,K01681,K01682,K01899,K01900,K01902,K01903,K18118",33,"M00009,M00011",12289,0.574
K00665,0.0,0.0,2766.0,NC_005042.1_1793,2766.0,6.9e-50,165.7,8.5e-50,165.4,418.0,760.0,55.0,408.0,K09458,589.4,2.841782510955027e-128,2.841782510955027e-128,867.5,domain,True,True,False,,0,"M00082,M00083",25,0.001
K00667,0.0,0.0,1842.0,NC_005042.1_1793,1842.0,8.599999999999999e-24,79.6,1.1e-10,36.1,1179.0,1392.0,74.0,278.0,K09458,589.4,3.426953491574957e-154,3.426953491574957e-154,1128.37,domain,True,True,False,,0,"M00082,M00083",2,0.0
K00668,0.0,0.0,3318.0,NC_005042.1_162,3318.0,7e-13,42.8,1.5,1.9,1672.0,1686.0,3.0,17.0,K00645,306.1,5.48027234704042e-80,5.48027234704042e-80,1491.97,full,True,True,False,K00667,1,"M00082,M00083",464,0.022
K00672,0.001,0.0,,,,1000.0,0.0,,,,,,,,,,0.0,,,,,,"K00200,K00201,K00202,K00203,K01499",5,"M00567,M00617",466,0.022
K00673,0.057,0.032,,,,1000.0,0.0,,,,,,,,,,0.0,,,,,,"K00840,K01484,K05526,K06447",4,M00879,4575,0.214
K00674,0.656,0.276,471.0,NC_005042.1_1059,471.0,3.9e-11,39.7,0.15,8.1,253.0,332.0,241.0,323.0,K04042,598.1,8.032494211078754e-169,8.032494211078754e-169,157.8,domain,True,True,False,"K00133,K00215,K00821,K00928,K01439,K01586,K01714,K01778,K12524,K12525,K12526,K14267",12,M00016,13445,0.628
K00677,1.0,1.0,390.0,NC_005042.1_1427,390.0,2e-103,342.8,2.5e-103,342.6,82.0,334.0,16.0,272.0,K00677,342.8,1.0,1.0,205.57,full,False,False,False,"K00748,K00912,K02517,K02527,K02535,K02536,K02560,K03269,K09778,K09949,K16363",11,"M00060,M00866",11979,0.56
K00688,1.0,1.0,1020.0,NC_005042.1_1783,1020.0,0.0,1128.5,0.0,1128.1,120.0,912.0,32.0,833.0,K00688,1128.5,1.0,1.0,75.0,domain,False,False,False,"K00705,K01196,K01200,K01835,K02438,K15778,K15779,K22451",8,M00855,10706,0.5
K00693,0.0,0.0,1064.0,NC_005042.1_1350,1064.0,7.000000000000001e-31,104.2,1.5e-15,53.4,188.0,338.0,157.0,305.0,K00611,438.1,3.062558884974778e-101,3.062558884974778e-101,457.7,domain,True,True,False,,0,M00854,76,0.004
K00700,1.0,1.0,948.0,NC_005042.1_1087,948.0,4.4000000000000004e-274,908.9,0.011,10.6,187.0,269.0,29.0,104.0,K00700,908.9,1.0,1.0,290.47,full,False,False,False,"K00693,K00703,K00750,K00963,K00975,K01214,K01236,K06044,K13679,K16149,K16150,K16153",12,"M00565,M00854",15374,0.718
K00703,1.0,1.0,761.0,NC_005042.1_1061,761.0,5.3000000000000005e-180,597.2,6.200000000000001e-180,597.0,173.0,642.0,1.0,460.0,K00703,597.2,1.0,1.0,131.47,domain,False,False,False,"K00693,K00700,K00750,K00963,K00975,K01214,K01236,K06044,K13679,K16149,K16150,K16153",12,"M00565,M00854",12418,0.58
K00705,1.0,1.0,778.0,NC_005042.1_1125,778.0,3.1e-110,366.6,3.8000000000000004e-110,366.3,192.0,676.0,10.0,483.0,K00705,366.6,1.0,1.0,88.23,full,False,False,False,"K00688,K01196,K01200,K01835,K02438,K15778,K15779,K16153,K22451",9,M00855,12041,0.563
K00748,1.0,1.0,866.0,NC_005042.1_1426,866.0,2.7e-105,350.3,3.2e-105,350.0,87.0,454.0,1.0,387.0,K00748,350.3,1.0,1.0,133.83,full,False,False,False,"K00677,K00912,K02517,K02527,K02535,K02536,K02560,K03269,K09778,K09949,K16363",11,"M00060,M00866",11816,0.552
K00750,0.0,0.0,,,,1000.0,0.0,,,,,,,,,,0.0,,,,,,,0,M00854,459,0.021
K00757,0.004,0.004,,,,1000.0,0.0,,,,,,,,,,0.0,,,,,,,0,M00968,1676,0.078
K00762,1.0,1.0,289.0,NC_005042.1_310,289.0,5.5e-46,154.1,5.9e-46,154.0,51.0,228.0,11.0,188.0,K00762,154.1,1.0,1.0,126.4,domain,False,False,False,"K00226,K00254,K00608,K00609,K00610,K01465,K01591,K01954,K01955,K01956,K11540,K11541,K17828",13,M00051,20629,0.964
K00764,1.0,1.0,775.0,NC_005042.1_4,775.0,6.300000000000001e-193,640.2,7.6e-193,640.0,250.0,689.0,1.0,471.0,K00764,640.2,1.0,1.0,189.9,full,False,False,False,"K00601,K00602,K01492,K01587,K01588,K01589,K01756,K01923,K01933,K01945,K01952,K06863,K08289,K11175,K11176,K11787,K11788,K11808,K13713,K23264,K23265,K23269,K23270",23,M00048,20671,0.966
K00765,1.0,1.0,364.0,NC_005042.1_557,364.0,1.1000000000000002e-59,199.5,1.4000000000000001e-59,199.2,43.0,240.0,2.0,195.0,K00765,199.5,1.0,1.0,56.87,full,False,False,False,"K00013,K00817,K01089,K01496,K01523,K01663,K01693,K01814,K02500,K02501,K02502,K04486,K05602,K11755,K14152,K18649,K24017",17,M00026,18056,0.844
K00766,1.0,1.0,501.0,NC_005042.1_746,501.0,1.7e-120,400.1,2.1e-120,399.8,113.0,440.0,5.0,335.0,K00766,400.1,0.9999999999996589,1.0,104.3,full,False,False,False,"K01609,K01656,K01657,K01658,K01694,K01695,K01696,K01817,K06001,K13497,K13498,K13501,K13503,K24017",14,M00023,17175,0.803
K00767,1.0,1.0,491.0,NC_005042.1_216,491.0,3.3999999999999997e-96,319.7,3.7e-96,319.6,88.0,362.0,6.0,283.0,K00767,319.7,1.0,1.0,218.77,full,False,False,False,"K00278,K00452,K00453,K00463,K00486,K00969,K01432,K01556,K01916,K01950,K03517,K06210,K06989,K07130,K14263",15,"M00115,M00912",15847,0.74
K00768,1.0,1.0,481.0,NC_005042.1_432,481.0,2.3e-08,30.0,3.1e-08,29.6,215.0,354.0,151.0,284.0,K00768,30.0,1.0,1.0,69.73,domain,False,True,False,"K00798,K02225,K02226,K02227,K02231,K02232,K02233,K19221,K22316",9,M00122,11663,0.545
K00772,1.0,1.0,375.0,NC_005042.1_333,375.0,5.3e-108,358.1,6e-108,357.9,37.0,312.0,22.0,292.0,K00772,358.1,1.0,1.0,288.3,full,False,False,False,"K08963,K16054,K23977",3,M00034,3771,0.176
K00788,1.0,1.0,329.0,NC_005042.1_1361,329.0,1.7000000000000002e-74,247.8,2.2e-74,247.5,10.0,245.0,11.0,343.0,K00788,247.8,1.0,1.0,166.47,domain,False,False,False,"K00878,K00941,K00946,K03147,K03148,K03149,K03150,K03151,K03153,K03154,K10810,K14153,K21219,K22699",14,"M00127,M00895,M00896,M00899",15676,0.732
K00789,1.0,1.0,496.0,NC_005042.1_349,496.0,6.3e-178,589.6,6.900000000000001e-178,589.5,68.0,441.0,3.0,405.0,K00789,589.6,1.0,1.0,19.2,full,False,False,False,"K00558,K00772,K00797,K00815,K00832,K00899,K01243,K01244,K01251,K01611,K01697,K05810,K07173,K08963,K08964,K08965,K08966,K08967,K08969,K09880,K16054,K17216,K17217,K17398,K17399,K17462,K23977",27,"M00034,M00035,M00609",21278,0.994
K00793,1.0,1.0,322.0,NC_005042.1_435,322.0,7.9e-70,232.2,9.4e-70,232.0,77.0,281.0,1.0,203.0,K00793,232.2,1.0,1.0,55.1,full,False,False,False,"K00082,K00794,K01497,K01498,K02858,K11752,K11753,K14652,K20860,K20861,K20862,K20884,K21063,K21064,K22912",15,M00125,18157,0.848
K00794,1.0,1.0,269.0,NC_005042.1_1827,269.0,4.6e-67,223.2,5e-67,223.1,58.0,208.0,3.0,158.0,K00794,223.2,1.0,1.0,46.47,full,False,False,False,"K00082,K00793,K01497,K01498,K02858,K11752,K11753,K14652,K20860,K20861,K20862,K20884,K21063,K21064,K22912",15,M00125,18295,0.855
K00795,1.0,1.0,576.0,NC_005042.1_1139,576.0,8.5e-121,401.6,9.3e-121,401.5,122.0,416.0,9.0,299.0,K13789,418.9,6.19695558825869e-06,1.0,396.87,domain,True,False,True,K01823,1,M00364,14341,0.67
K00796,1.0,1.0,419.0,NC_005042.1_904,419.0,1.1e-104,347.6,1.2e-104,347.4,77.0,330.0,1.0,257.0,K00796,347.6,0.9797990759486501,1.0,255.37,domain,False,False,False,"K00287,K00950,K01077,K01113,K01495,K01633,K08310,K09007,K11754,K13939,K13940,K13941,K19965,K20457,K22391",15,M00126,18999,0.888
K00797,1.0,1.0,449.0,NC_005042.1_1872,449.0,9.5e-63,209.4,1.0999999999999999e-62,209.1,116.0,325.0,31.0,245.0,K00797,209.4,0.9999999999999432,1.0,105.97,domain,False,False,False,"K00772,K00789,K00815,K00832,K00899,K01243,K01244,K01480,K01584,K01585,K01611,K02626,K05810,K08963,K08964,K08965,K08966,K08967,K08969,K09880,K16054,K23977",22,"M00034,M00133",13607,0.636
K00798,0.721,0.242,,,,1000.0,0.0,,,,,,,,,,0.0,,,,,,"K00768,K02225,K02226,K02227,K02231,K02232,K02233,K19221,K22316",9,M00122,12583,0.588
K00800,1.0,1.0,696.0,NC_005042.1_1057,696.0,3.1e-137,455.7,3.7e-137,455.4,167.0,574.0,16.0,442.0,K24018,463.1,0.005885918679914386,1.0,135.3,domain,True,False,True,"K00014,K00891,K01626,K01735,K01736,K03785,K03786,K03856,K13829,K13830,K13832,K13853",12,M00022,12845,0.6
K00815,0.0,0.0,593.0,NC_005042.1_1027,593.0,1.5e-48,162.6,1.9e-48,162.2,97.0,471.0,28.0,388.0,K00812,482.6,4.681676354692067e-97,4.681676354692067e-97,369.2,full,True,True,False,,0,"M00034,M00044",2,0.0
K00817,1.0,1.0,528.0,NC_005042.1_214,528.0,2.7e-85,283.9,3.1999999999999997e-85,283.7,101.0,435.0,15.0,368.0,K00817,283.9,1.0,1.0,290.17,full,False,True,False,"K00013,K00765,K01089,K01496,K01523,K01663,K01693,K01814,K02500,K02501,K02502,K04486,K05602,K11755,K14152,K18649,K24017",17,M00026,18733,0.875
K00818,0.0,0.0,608.0,NC_005042.1_1387,608.0,7.1e-147,487.4,8.599999999999999e-147,487.1,51.0,442.0,25.0,419.0,K00821,531.9,4.019436694230245e-14,4.019436694230245e-14,574.17,domain,True,True,False,,0,M00028,36,0.002
K00819,0.058,0.04,662.0,NC_005042.1_1387,662.0,5.6e-109,362.2,6.7e-109,362.0,156.0,538.0,29.0,419.0,K00821,531.9,8.226398352538178e-52,8.226398352538178e-52,484.07,full,True,True,False,K00318,1,M00972,5124,0.239
K00820,1.0,1.0,790.0,NC_005042.1_1790,790.0,7.9e-211,699.1,8.9e-211,698.9,86.0,681.0,1.0,634.0,K00820,699.1,1.0,1.0,184.73,full,False,False,False,"K00972,K03431,K04042,K11528,K23144",5,M00909,20829,0.973
K00821,1.0,1.0,561.0,NC_005042.1_1387,561.0,1.8e-160,531.9,2.1e-160,531.7,93.0,467.0,25.0,417.0,K00821,531.9,0.9999999999999432,1.0,484.67,domain,False,False,False,"K00133,K00145,K00215,K00619,K00620,K00674,K00818,K00928,K00930,K01438,K01439,K01586,K01714,K01755,K01778,K01940,K09065,K12524,K12526,K12659,K14267,K14677,K14682,K22477,K22478",25,"M00016,M00028,M00845",14972,0.7
K00823,0.083,0.026,581.0,NC_005042.1_1387,581.0,1.2e-117,390.7,1.4000000000000001e-117,390.5,143.0,548.0,32.0,419.0,K00821,531.9,3.122946988707563e-43,3.122946988707563e-43,604.43,domain,True,True,False,"K00135,K00139,K01580,K07250",4,M00027,4161,0.194
K00826,1.0,1.0,470.0,NC_005042.1_965,470.0,6.9e-69,229.7,8e-69,229.5,93.0,395.0,9.0,301.0,K00826,229.7,1.0,1.0,186.5,full,False,False,False,"K00053,K00077,K00166,K00167,K00249,K00253,K00382,K00606,K01579,K01640,K01652,K01653,K01687,K01754,K01918,K01968,K01969,K05607,K09699,K11258,K11381,K13766,K13799,K17989",24,"M00019,M00036,M00119,M00570",19439,0.908
K00830,1.0,1.0,513.0,NC_005042.1_1046,513.0,2.8000000000000003e-161,534.5,3.4000000000000002e-161,534.3,85.0,453.0,7.0,374.0,K00830,534.5,1.0,1.0,412.37,full,False,False,False,"K00018,K00024,K01595,K08691,K08692,K11529,K14067",7,M00346,5105,0.239
K00831,0.707,0.481,515.0,NC_005042.1_36,515.0,2.2e-19,66.2,2.8e-19,65.9,110.0,373.0,10.0,275.0,K13290,448.4,8.837626784351787e-116,8.837626784351787e-116,121.8,full,True,True,False,"K00058,K00097,K00275,K01079,K02203,K03472,K03473,K03474,K22305,K25528",10,"M00020,M00124",17746,0.829
K00832,0.264,0.046,398.0,NC_005042.1_1027,398.0,6.8e-15,52.0,9.6e-15,51.5,50.0,276.0,53.0,271.0,K00812,482.6,2.3794899074541092e-130,2.3794899074541092e-130,555.57,domain,True,True,False,"K00451,K00457,K00789,K00797,K00815,K00899,K01555,K01611,K01713,K01800,K04093,K05810,K08963,K08964,K08966,K08967,K09880,K14170,K14187,K16171,K23977,K24018",22,"M00024,M00025,M00034,M00040,M00044",5501,0.257
K00833,1.0,1.0,523.0,NC_005042.1_1652,523.0,2.5e-153,507.9,3e-153,507.7,69.0,483.0,16.0,431.0,K00833,507.9,1.0,1.0,411.3,domain,False,False,False,"K00652,K01012,K01906,K01935,K19562",5,"M00123,M00577",12055,0.563
K00836,0.247,0.054,787.0,NC_005042.1_1387,787.0,1.1e-80,269.0,1.5e-80,268.6,234.0,635.0,32.0,416.0,K00821,531.9,7.231262715109487e-80,7.231262715109487e-80,462.37,full,True,True,False,"K00133,K00928,K06718,K06720",4,M00033,5957,0.278
K00838,0.0,0.0,555.0,NC_005042.1_1027,555.0,3.3e-10,36.0,9.4e-09,31.2,135.0,409.0,66.0,311.0,K00812,482.6,3.6308134574190877e-135,3.6308134574190877e-135,441.87,full,True,True,False,,0,"M00024,M00025,M00034,M00044",0,0.0
K00840,0.057,0.032,407.0,NC_005042.1_1387,407.0,4.6e-118,391.0,5.5e-118,390.8,14.0,401.0,26.0,419.0,K00821,531.9,3.844798738319669e-43,3.844798738319669e-43,710.73,full,True,True,False,"K00673,K01484,K05526,K06447",4,M00879,4541,0.212
K00841,0.027,0.015,462.0,NC_005042.1_1027,462.0,7e-100,331.6,7.6e-100,331.5,16.0,390.0,10.0,390.0,K00812,482.6,3.503246160812052e-46,3.503246160812052e-46,491.07,full,True,True,False,"K05822,K05823",2,M00525,3087,0.144
K00844,0.0,0.0,,,,1000.0,0.0,,,,,,,,,,0.0,,,,,,K12447,1,"M00001,M00549",244,0.011
K00845,1.0,1.0,493.0,NC_005042.1_1074,493.0,5e-90,299.4,6e-90,299.1,49.0,354.0,3.0,338.0,K00845,299.4,1.0,1.0,114.7,full,False,False,False,"K00134,K00873,K00927,K00963,K01623,K01624,K01689,K01803,K01810,K01834,K01835,K06859,K11389,K11645,K12447,K15633,K15634,K15635,K15778,K16306,K16370,K21071,K25026",23,"M00001,M00549",7516,0.351
K00849,0.45,0.186,485.0,NC_005042.1_1075,485.0,3.5e-06,22.7,0.0049,12.3,166.0,221.0,79.0,137.0,K00872,350.9,1.5920453077138735e-99,1.5920453077138735e-99,366.9,full,True,True,False,"K00965,K01784,K01785",3,"M00554,M00632",11020,0.515
K00850,0.517,0.157,,,,1000.0,0.0,,,,,,,,,,0.0,,,,,,"K00134,K00150,K00844,K00845,K00873,K00918,K00927,K01623,K01624,K01689,K01803,K01810,K01834,K06859,K08093,K08094,K11389,K11645,K12406,K13831,K15633,K15634,K15635,K16306,K16370,K21071,K25026",27,"M00001,M00345",10139,0.474
K00855,1.0,1.0,460.0,NC_005042.1_865,460.0,1.1000000000000001e-100,334.5,1.3e-100,334.3,24.0,340.0,1.0,297.0,K00855,334.5,1.0,1.0,177.67,full,False,False,False,"K01086,K01601,K01602,K01807,K02446,K02689,K02690,K02691,K02692,K02693,K02694,K02703,K02704,K02705,K02706,K02707,K02708,K03841,K05298,K08928,K08929,K11532",22,"M00165,M00611,M00612",4005,0.187
K00859,1.0,1.0,517.0,NC_005042.1_54,517.0,8.3e-49,163.7,1e-48,163.4,263.0,416.0,3.0,161.0,K00859,163.7,1.0,1.0,54.7,full,False,False,False,"K00867,K00954,K01598,K01947,K02318,K03525,K09680,K13038,K21977",9,M00120,21188,0.99
K00860,1.0,1.0,323.0,NC_005042.1_193,323.0,2.3e-99,329.6,2.5e-99,329.5,57.0,250.0,2.0,196.0,K00860,329.6,1.0,1.0,329.67,domain,False,True,False,"K00380,K00381,K00390,K00392,K00956,K00957,K00958,K02045,K02046,K02047,K02048,K23163",12,"M00176,M00616",6729,0.314
K00867,0.541,0.124,367.0,NC_005042.1_221,367.0,0.14,7.8,1.2,4.8,124.0,142.0,41.0,59.0,K02031,644.3,2.4779153105899334e-192,2.4779153105899334e-192,143.1,full,True,True,False,"K00859,K00954,K02318,K13038,K21977",5,M00120,8994,0.42
K00869,0.037,0.022,504.0,NC_005042.1_1075,504.0,1e-05,21.4,0.49,5.9,348.0,396.0,246.0,294.0,K00872,350.9,6.465713081491419e-100,6.465713081491419e-100,157.87,full,True,True,False,"K00021,K00054,K00938,K01597,K01641,K17942",6,"M00095,M00849",3818,0.178
K00872,1.0,1.0,551.0,NC_005042.1_1075,551.0,1.4999999999999999e-105,350.9,1.6e-105,350.8,80.0,374.0,8.0,313.0,K00872,350.9,1.0,1.0,208.17,domain,False,False,False,"K00003,K00133,K00928,K01733,K02204,K12524,K12525,K12526",8,M00018,12092,0.565
K00873,1.0,1.0,624.0,NC_005042.1_930,624.0,4.3e-188,623.4,5e-188,623.1,84.0,551.0,7.0,535.0,K00873,623.4,1.0,1.0,53.1,full,False,False,False,"K00134,K00150,K00844,K00845,K00850,K00886,K00918,K00927,K01623,K01624,K01689,K01803,K01810,K01834,K06859,K08074,K11389,K11645,K12406,K13810,K15633,K15634,K15635,K15916,K16305,K16306,K16370,K21071,K25026",29,"M00001,M00002",20423,0.954
K00874,0.316,0.175,517.0,NC_005042.1_1812,517.0,6.6e-44,147.5,1.1999999999999999e-43,146.7,166.0,469.0,15.0,347.0,K00847,195.0,5.0242958639873234e-15,5.0242958639873234e-15,247.03,domain,True,True,False,"K00040,K00041,K00131,K00134,K00927,K01625,K01685,K01686,K01812,K05308,K08323,K16849,K16850,K17463,K18978",15,"M00061,M00308,M00631",10703,0.5
K00878,0.396,0.109,,,,1000.0,0.0,,,,,,,,,,0.0,,,,,,"K00788,K00941,K14153,K21219",4,M00899,8448,0.395
K00883,0.06,0.034,,,,1000.0,0.0,,,,,,,,,,0.0,,,,,,"K01631,K01684",2,M00552,4691,0.219
K00886,0.227,0.042,614.0,NC_005042.1_1081,614.0,0.0053,12.3,0.006,12.1,174.0,272.0,8.0,106.0,K02565,17.1,0.013752276060814748,0.013752276060814748,159.5,domain,True,True,False,"K00150,K00918,K01834,K01835,K12406,K13810,K15634,K15916,K21071,K25026",10,"M00001,M00549",4334,0.203
K00891,1.0,1.0,302.0,NC_005042.1_131,302.0,6.600000000000001e-57,190.4,6.8e-57,190.4,67.0,229.0,18.0,181.0,K00891,190.4,1.0,1.0,135.57,domain,False,False,False,"K00014,K00800,K01626,K01735,K01736,K03785,K03786,K03856,K13830,K13832,K13853,K24018",12,M00022,10173,0.475
K00899,0.106,0.018,,,,1000.0,0.0,,,,,,,,,,0.0,,,,,,"K01611,K08963,K08964,K08965,K08966,K08967,K08969,K09880,K23977",9,M00034,3403,0.159
K00912,0.52,0.205,,,,1000.0,0.0,,,,,,,,,,0.0,,,,,,"K00677,K00748,K02517,K02527,K02535,K02536,K02560,K03269,K09778,K09949,K16363",11,"M00060,M00866",11579,0.541
K00918,0.0,0.0,,,,1000.0,0.0,,,,,,,,,,0.0,,,,,,,0,M00001,249,0.012
K00919,1.0,1.0,362.0,NC_005042.1_766,362.0,7.1e-87,288.7,8.900000000000001e-87,288.3,55.0,308.0,18.0,301.0,K00919,288.7,1.0,1.0,102.9,full,False,False,False,"K00099,K00991,K01662,K01770,K01823,K03526,K03527,K12506",8,M00096,18886,0.882
K00925,0.503,0.449,,,,1000.0,0.0,,,,,,,,,,0.0,,,,,,"K00125,K00193,K00194,K00197,K00198,K00200,K00201,K00202,K00203,K00204,K00205,K00297,K00320,K00577,K00582,K00583,K00584,K00625,K00672,K01491,K01499,K01500,K01895,K01938,K03388,K03389,K03390,K04480,K05299,K08264,K08265,K11260,K11261,K13788,K14080,K14081,K14082,K14083,K14084,K14126,K14127,K14128,K14138,K15022,K15023,K15024,K16176,K16177,K16178,K16179,K22015,K22480,K22481,K22482,K22516,K25007,K25008,K25123,K25124",59,"M00357,M00579,M00617,M00618",17144,0.801
K00927,1.0,1.0,573.0,NC_005042.1_224,573.0,2.4e-197,653.6,2.7e-197,653.5,91.0,485.0,1.0,401.0,K00927,653.6,1.0,1.0,114.27,full,False,False,False,"K00131,K00134,K00150,K00615,K00844,K00845,K00850,K00855,K00873,K00874,K00883,K00886,K00918,K01086,K01100,K01596,K01601,K01602,K01610,K01622,K01623,K01624,K01625,K01631,K01684,K01689,K01783,K01803,K01807,K01808,K01810,K01834,K02446,K02689,K02690,K02691,K02692,K02693,K02694,K02703,K02704,K02705,K02706,K02707,K02708,K03841,K04041,K05298,K05308,K06859,K08074,K08928,K08929,K11389,K11532,K11645,K12406,K13810,K15633,K15634,K15635,K15916,K16305,K16306,K16370,K18978,K21071,K25026",68,"M00001,M00002,M00003,M00165,M00308,M00552,M00611,M00612",21334,0.997
K00928,1.0,1.0,588.0,NC_005042.1_1832,588.0,2.5e-176,584.7,8.3e-145,480.6,62.0,474.0,1.0,412.0,K00928,584.7,1.0,1.0,398.1,domain,False,False,False,"K00003,K00133,K00215,K00548,K00549,K00641,K00651,K00674,K00821,K00836,K00841,K00872,K01439,K01586,K01714,K01733,K01739,K01760,K01778,K02203,K02204,K03340,K05822,K05823,K06718,K06720,K10206,K12524,K12525,K14155,K14267,K24042",32,"M00016,M00017,M00018,M00033,M00525,M00526,M00527",19659,0.919
K00930,1.0,1.0,400.0,NC_005042.1_494,400.0,5.100000000000001e-133,440.5,5.5000000000000005e-133,440.4,74.0,353.0,20.0,302.0,K00930,440.5,1.0,1.0,217.0,full,False,False,False,"K00145,K00619,K00620,K00818,K00821,K01438,K14677,K14681,K14682,K22477,K22478",11,M00028,17347,0.811
K00931,1.0,1.0,542.0,NC_005042.1_868,542.0,1.1e-133,443.9,1.4000000000000001e-133,443.5,72.0,432.0,5.0,360.0,K00931,443.9,1.0,1.0,286.43,domain,False,False,False,"K00147,K00286,K12657",3,M00015,18486,0.864
K00938,0.027,0.012,477.0,NC_005042.1_1075,477.0,0.0015,14.5,2.5,3.8,180.0,195.0,100.0,116.0,K00872,350.9,5.413890388372072e-102,5.413890388372072e-102,122.8,full,True,True,False,"K00021,K00869,K01597,K01641",4,M00095,2819,0.132
K00939,1.0,1.0,400.0,NC_005042.1_1717,400.0,2.9999999999999997e-62,208.1,3.2999999999999996e-62,207.9,123.0,315.0,5.0,181.0,K00939,208.1,0.9999999999970441,1.0,190.27,full,False,False,False,"K00940,K01756,K01939,K18532,K18533",5,M00049,16994,0.794
K00940,1.0,1.0,254.0,NC_005042.1_51,254.0,1e-73,244.6,1.1e-73,244.4,49.0,195.0,21.0,167.0,K00940,244.6,1.0,1.0,144.17,domain,False,False,False,"K00088,K00525,K00526,K00560,K00939,K00942,K00943,K00944,K01520,K01756,K01937,K01939,K01951,K03465,K09903,K10807,K10808,K13800,K13809,K18532,K18533",21,"M00049,M00050,M00052,M00053,M00938",18185,0.85
K00941,0.742,0.511,,,,1000.0,0.0,,,,,,,,,,0.0,,,,,,"K00788,K00878,K00946,K03147,K03148,K03149,K03150,K03151,K03153,K03154,K10810,K14153,K21219,K22699",14,"M00127,M00895,M00896,M00899",18282,0.854
K00942,1.0,1.0,352.0,NC_005042.1_461,352.0,3.9000000000000004e-73,243.5,4.3000000000000005e-73,243.4,72.0,247.0,7.0,182.0,K00942,243.5,1.0,1.0,192.2,domain,False,False,False,"K00088,K00940,K01951,K18533",4,M00050,21194,0.99
K00943,1.0,1.0,425.0,NC_005042.1_155,425.0,9.099999999999999e-61,203.1,1.0000000000000001e-60,203.0,160.0,348.0,3.0,203.0,K00943,203.1,1.0,1.0,93.63,domain,False,False,False,"K00525,K00526,K00560,K00940,K01520,K03465,K10807,K13998,K18533",9,M00938,19151,0.895
K00944,0.026,0.026,313.0,NC_005042.1_1717,313.0,9.300000000000001e-48,159.6,1.4e-10,37.5,220.0,260.0,129.0,169.0,K00939,208.1,2.5121479338866017e-15,2.5121479338866017e-15,356.57,domain,True,True,False,,0,M00049,4120,0.193
K00946,1.0,1.0,479.0,NC_005042.1_24,479.0,1.8e-79,264.9,1.9e-79,264.8,122.0,429.0,9.0,333.0,K00946,264.9,1.0,1.0,138.87,full,False,False,False,"K00788,K00941,K03147,K03148,K03149,K03150,K03151,K03153,K03154,K10810,K14153,K21219,K22699",13,"M00127,M00895,M00896",14263,0.666
K00948,1.0,1.0,379.0,NC_005042.1_1128,379.0,1.2e-137,455.8,1.3e-137,455.7,42.0,353.0,14.0,326.0,K00948,455.8,1.0,1.0,68.57,full,False,False,False,,0,M00005,21312,0.996
K00950,1.0,1.0,312.0,NC_005042.1_321,312.0,1.3e-40,136.8,1.6e-40,136.5,98.0,225.0,10.0,174.0,K00950,136.8,0.9999999999999147,1.0,41.17,full,False,False,False,"K00287,K00796,K01077,K01113,K01495,K01633,K08310,K09007,K11754,K13939,K13940,K19965,K20457,K22391",14,M00126,15978,0.747
K00954,1.0,1.0,267.0,NC_005042.1_959,267.0,9.4e-68,225.2,1.1e-67,225.0,50.0,204.0,3.0,157.0,K00954,225.2,1.0,1.0,82.13,full,False,False,False,"K00859,K00867,K01598,K01947,K02318,K03525,K09680,K13038,K21977",9,M00120,21093,0.986
K00955,0.329,0.033,723.0,NC_005042.1_193,723.0,7.3e-85,282.7,8.6e-85,282.5,503.0,693.0,4.0,194.0,K00860,329.6,7.615408481855983e-15,7.615408481855983e-15,732.83,full,True,True,False,"K00380,K00381,K00390,K00392,K00957,K02045,K02046,K02047,K02048,K23163",10,"M00176,M00616",4676,0.218
K00956,0.484,0.106,619.0,NC_005042.1_1690,619.0,8.399999999999999e-47,156.7,9.099999999999999e-46,153.3,43.0,363.0,10.0,316.0,K02358,781.5,8.250090434307889e-189,8.250090434307889e-189,538.9,domain,True,True,False,"K00380,K00381,K00390,K00392,K00860,K00957,K02045,K02046,K02047,K02048,K23163",11,"M00176,M00616",8327,0.389
K00957,0.505,0.225,406.0,NC_005042.1_97,406.0,2.5e-06,23.6,0.00029,16.8,126.0,232.0,49.0,161.0,K00390,220.4,5.718693930240391e-60,5.718693930240391e-60,219.8,full,True,True,False,"K00380,K00381,K00390,K00392,K00860,K00955,K00956,K02045,K02046,K02047,K02048,K23163",12,"M00176,M00616",12131,0.567
K00958,1.0,1.0,844.0,NC_005042.1_259,844.0,2.8e-138,459.1,3.3e-138,458.8,196.0,567.0,14.0,388.0,K00958,459.1,1.0,1.0,264.4,domain,False,False,False,"K00860,K11180,K11181",3,"M00176,M00596,M00616",3059,0.143
K00963,0.481,0.076,,,,1000.0,0.0,,,,,,,,,,0.0,,,,,,"K00700,K00703,K00844,K00845,K00886,K00975,K01835,K12447,K15778,K15779,K16150,K16153,K25026",13,"M00549,M00854",7046,0.329
K00965,0.395,0.103,,,,1000.0,0.0,,,,,,,,,,0.0,,,,,,"K00849,K01784,K01785",3,"M00554,M00632",8194,0.383
K00969,1.0,1.0,317.0,NC_005042.1_1625,317.0,1.4000000000000002e-23,80.4,1.5e-23,80.3,37.0,226.0,7.0,190.0,K00969,80.4,1.0,1.0,119.97,domain,False,True,False,"K00278,K00452,K00453,K00463,K00486,K00767,K01432,K01556,K01916,K01950,K03517,K06210,K06989,K07130,K14263",15,"M00115,M00912",20361,0.951
K00972,0.0,0.0,741.0,NC_005042.1_1789,741.0,0.0006,15.3,140.0,-2.5,45.0,101.0,349.0,403.0,K16011,767.5,3.6748300711669922e-227,3.6748300711669922e-227,399.73,full,True,True,False,,0,M00909,192,0.009
K00973,0.612,0.5,592.0,NC_005042.1_178,592.0,1.7e-40,136.2,1.8e-40,136.1,152.0,387.0,1.0,245.0,K16881,367.8,1.911846429109159e-70,1.911846429109159e-70,247.37,full,True,True,False,"K00067,K01710,K01790,K23987",4,M00793,18092,0.845
K00975,1.0,1.0,516.0,NC_005042.1_846,516.0,2.7e-180,597.2,3.1000000000000003e-180,597.0,89.0,478.0,2.0,431.0,K00975,597.2,1.0,1.0,197.6,full,False,False,False,"K00700,K00703,K00750,K00963,K01214,K01236,K06044,K13679,K16149,K16150,K16153",11,"M00565,M00854",11981,0.56
K00979,0.347,0.219,418.0,NC_005042.1_1771,418.0,3.7e-13,45.8,4e-13,45.7,311.0,412.0,50.0,154.0,K25307,184.8,1.4349200970540516e-42,1.4349200970540516e-42,142.67,full,True,True,False,"K01627,K03270,K06041",3,M00063,11975,0.56
K00981,1.0,1.0,360.0,NC_005042.1_1120,360.0,3.7e-52,174.6,4.9e-52,174.1,95.0,319.0,9.0,290.0,K00981,174.6,1.0,1.0,48.53,full,False,False,False,"K00998,K01613,K17103",3,M00093,21242,0.993
K00983,0.008,0.008,401.0,NC_005042.1_1031,401.0,6.4e-05,18.8,7.1e-05,18.7,261.0,397.0,47.0,203.0,K10804,77.9,1.6185541825809774e-18,1.6185541825809774e-18,285.27,full,True,True,False,"K08068,K24257",2,M00922,2255,0.105
K00991,1.0,1.0,361.0,NC_005042.1_449,361.0,1.3e-78,261.3,1.4e-78,261.2,45.0,259.0,2.0,223.0,K00991,261.3,1.0,1.0,243.07,domain,False,False,False,"K00099,K00919,K01662,K01770,K01823,K03526,K03527,K12506",8,M00096,13647,0.638
K00998,0.015,0.015,,,,1000.0,0.0,,,,,,,,,,0.0,,,,,,,0,M00093,3181,0.149
K01006,0.284,0.099,,,,1000.0,0.0,,,,,,,,,,0.0,,,,,,"K00024,K00031,K00169,K00170,K00171,K00172,K00174,K00175,K00176,K00177,K00239,K00240,K00241,K00242,K01595,K01676,K01677,K01678,K01679,K01902,K01903,K01958,K01960,K03737,K08940,K08941,K08943,K15230,K15231",29,"M00169,M00173,M00614",8046,0.376
K01007,0.394,0.169,964.0,NC_005042.1_930,964.0,5.8e-06,21.9,1.8e-05,20.3,356.0,515.0,329.0,587.0,K00873,623.4,8.520353393652471e-182,8.520353393652471e-182,396.5,domain,True,True,False,"K00024,K00031,K00169,K00170,K00171,K00172,K00174,K00175,K00176,K00177,K00239,K00240,K00241,K00242,K00626,K01006,K01595,K01676,K01677,K01678,K01679,K01682,K01902,K01903,K01958,K01959,K01960,K03737,K08940,K08942,K14465,K14467,K14534,K15016,K15230,K15231,K25774",37,"M00173,M00374,M00614",10528,0.492
K01012,1.0,1.0,468.0,NC_005042.1_1111,468.0,1.3e-140,466.2,1.6e-140,466.0,72.0,379.0,16.0,326.0,K01012,466.2,1.0,1.0,174.13,full,False,False,False,"K00652,K00833,K01906,K01935,K16593,K19562,K19563,K25570",8,"M00123,M00573,M00577,M00950",15448,0.722
K01041,0.175,0.057,,,,1000.0,0.0,,,,,,,,,,0.0,,,,,,"K00135,K00252,K00468,K00626,K01506,K01692,K01782,K01825,K07250,K14268,K15736,K15737",12,M00957,6113,0.286
K01046,1.0,1.0,324.0,NC_005042.1_1078,324.0,7.1e-16,55.3,8.2e-16,55.0,84.0,217.0,6.0,138.0,K01046,55.3,0.9999999987711092,0.9999999987711092,67.2,domain,False,True,False,"K01054,K12298,K14073,K14074,K14075,K14452,K14674,K14675,K16816,K17900",10,M00098,13008,0.608
K01054,0.369,0.208,496.0,NC_005042.1_1262,496.0,3.9e-20,68.7,5.9e-20,68.1,130.0,390.0,24.0,313.0,K05714,139.4,5.214083453969251e-22,5.214083453969251e-22,225.4,full,True,True,False,"K01046,K12298,K14073,K14074,K14452,K14674,K14675,K16816,K17900",9,M00098,11678,0.546
K01055,0.439,0.424,442.0,NC_005042.1_1262,442.0,2.1e-27,93.3,3.2000000000000003e-27,92.7,49.0,294.0,27.0,317.0,K05714,139.4,1.3259155725414022e-14,1.3259155725414022e-14,204.37,domain,True,True,False,"K01856,K03381,K03464,K14727",4,M00568,16651,0.778
K01057,1.0,1.0,426.0,NC_005042.1_848,426.0,1.1e-56,189.9,1.2e-56,189.8,119.0,343.0,7.0,236.0,K01057,189.9,1.0,1.0,113.87,full,False,False,False,"K00033,K00036,K00615,K00616,K01625,K01690,K01783,K01807,K01808,K01810,K06859,K07404,K13810,K15916",14,"M00004,M00006,M00008",10792,0.504
K01077,0.456,0.038,,,,1000.0,0.0,,,,,,,,,,0.0,,,,,,"K00796,K00950,K01113,K01633,K13941",5,M00126,4989,0.233
K01079,0.654,0.316,434.0,NC_005042.1_350,434.0,4.1e-08,29.6,1.6e-06,24.3,152.0,327.0,19.0,228.0,K01091,88.2,2.288692047193178e-18,2.288692047193178e-18,132.3,full,True,True,False,"K00058,K00831,K02203,K22305",4,M00020,14368,0.671
K01081,0.0,0.0,,,,1000.0,0.0,,,,,,,,,,0.0,,,,,,,0,"M00958,M00959",395,0.018
K01086,0.551,0.039,,,,1000.0,0.0,,,,,,,,,,0.0,,,,,,"K00615,K00855,K01596,K01601,K01602,K01622,K01623,K01624,K01807,K08928,K08929,K11532,K15634,K15635",14,"M00003,M00165,M00611,M00612",5020,0.235
K01089,0.495,0.03,358.0,NC_005042.1_316,358.0,4e-79,263.1,4.4e-79,263.0,168.0,358.0,4.0,198.0,K01693,361.1,3.1554436208840984e-30,3.1554436208840984e-30,313.27,full,True,True,False,"K01814,K11755,K14152",3,M00026,4441,0.208
K01100,0.0,0.0,,,,1000.0,0.0,,,,,,,,,,0.0,,,,,,,0,"M00165,M00611,M00612",220,0.01
K01113,0.474,0.082,,,,1000.0,0.0,,,,,,,,,,0.0,,,,,,"K00287,K00796,K00950,K01077,K01495,K01633,K08310,K09007,K11754,K13940,K13941,K19965,K20457,K22391",14,M00126,7317,0.342
K01196,0.003,0.003,1812.0,NC_005042.1_1898,1812.0,1.1,2.9,1.1,2.9,55.0,148.0,103.0,200.0,K02990,82.0,1.5435736029432076e-24,1.5435736029432076e-24,408.2,full,True,True,False,,0,M00855,1388,0.065
K01200,0.381,0.041,1088.0,NC_005042.1_1414,1088.0,7.8e-91,302.1,1.1e-90,301.5,229.0,848.0,21.0,691.0,K01214,762.7,2.2160726668818356e-139,2.2160726668818356e-139,397.9,domain,True,True,False,"K00688,K00705,K01196,K01835,K15779,K16153",6,M00855,5150,0.241
K01214,1.0,1.0,926.0,NC_005042.1_1414,926.0,6.4e-230,762.7,8.199999999999999e-230,762.3,86.0,770.0,13.0,689.0,K01214,762.7,1.0,1.0,921.97,full,False,True,False,"K00700,K00703,K00975,K01236,K06044,K16149",6,M00565,8278,0.387
K01236,1.0,1.0,685.0,NC_005042.1_1087,685.0,1.2999999999999998e-69,232.0,0.63,5.0,560.0,658.0,610.0,750.0,K01236,232.0,1.0,1.0,395.77,full,False,True,False,"K00700,K00703,K00975,K01214,K06044,K16149",6,M00565,7381,0.345
K01243,0.524,0.358,458.0,NC_005042.1_333,458.0,1.7e-06,24.1,2e-06,23.9,216.0,393.0,92.0,284.0,K00772,358.1,2.857468478205695e-101,2.857468478205695e-101,105.83,domain,True,True,False,"K00772,K00789,K00797,K00815,K00832,K00899,K01244,K01611,K05810,K07173,K08963,K08964,K08965,K08966,K08967,K08969,K09880,K16054,K17216,K17217,K17462,K23977",22,"M00034,M00609",15296,0.715
K01244,0.0,0.0,,,,1000.0,0.0,,,,,,,,,,0.0,,,,,,,0,M00034,28,0.001
K01251,1.0,1.0,587.0,NC_005042.1_1810,587.0,2e-227,753.2,2.4e-227,753.0,136.0,557.0,17.0,476.0,K01251,753.2,1.0,1.0,63.93,full,False,False,False,"K00558,K00789,K01697",3,M00035,11177,0.522
K01431,0.004,0.004,503.0,NC_005042.1_1054,503.0,1.0999999999999999e-25,87.6,1.3e-25,87.3,176.0,446.0,15.0,268.0,K11206,336.5,1.184770083243603e-75,1.184770083243603e-75,286.7,full,True,True,False,,0,M00046,1539,0.072
K01432,0.293,0.096,,,,1000.0,0.0,,,,,,,,,,0.0,,,,,,"K00452,K00453,K00463,K00486,K00767,K00969,K01556,K01916,K01950,K03392,K07130,K10217,K14263",13,"M00038,M00912",7918,0.37
K01438,0.532,0.187,501.0,NC_005042.1_1797,501.0,5.4e-18,62.2,8.1e-18,61.6,94.0,396.0,13.0,320.0,K01436,360.9,7.243597277905032e-91,7.243597277905032e-91,294.07,domain,True,True,False,"K00145,K00619,K00620,K00818,K00821,K00930,K01755,K01940,K09065,K12659,K14677,K14681,K14682,K22477,K22478",15,"M00028,M00845",11054,0.517
K01439,0.712,0.358,464.0,NC_005042.1_1797,464.0,4.4e-26,89.1,5.7e-26,88.7,63.0,382.0,17.0,348.0,K01436,360.9,9.071125598563311e-83,9.071125598563311e-83,281.33,full,True,True,False,"K00133,K00215,K00674,K00821,K00928,K01586,K01714,K01778,K12524,K12525,K12526,K14267",12,M00016,15301,0.715
K01458,0.164,0.058,,,,1000.0,0.0,,,,,,,,,,0.0,,,,,,"K01468,K01712,K01745,K05603",4,M00045,6171,0.288
K01464,0.105,0.081,677.0,NC_005042.1_509,677.0,3.3e-07,26.0,2.1e-06,23.4,343.0,500.0,260.0,409.0,K01466,43.5,5.394767505720984e-06,5.394767505720984e-06,406.23,domain,True,True,False,"K01431,K06016,K17722,K17723",4,M00046,7284,0.34
K01465,1.0,1.0,589.0,NC_005042.1_566,589.0,1.8000000000000001e-65,219.1,2.1e-65,218.8,40.0,418.0,6.0,347.0,K01465,219.1,1.0,1.0,309.17,domain,False,True,False,"K00226,K00254,K00608,K00609,K00610,K00762,K01591,K01954,K01955,K01956,K11540,K11541,K13421,K17828",14,M00051,20553,0.96
K01466,1.0,1.0,609.0,NC_005042.1_509,609.0,1.5e-12,43.5,0.2,6.7,121.0,252.0,17.0,152.0,K01466,43.5,0.9999946052324943,0.9999946052324943,362.33,full,False,True,False,"K00087,K00106,K00365,K01477,K07127,K11177,K11178,K13479,K13483,K13484,K16838,K16839,K16840,K22879",14,M00546,3755,0.175
K01468,0.266,0.205,707.0,NC_005042.1_1390,707.0,1.4e-07,27.3,3.5e-07,25.9,403.0,529.0,283.0,418.0,K01485,296.2,1.1298847992359411e-81,1.1298847992359411e-81,209.13,full,True,True,False,"K00603,K01458,K01479,K01712,K01745,K05603,K13990",7,M00045,11593,0.542
K01476,0.072,0.063,381.0,NC_005042.1_1873,381.0,2e-37,126.1,2.5e-37,125.8,52.0,323.0,24.0,282.0,K01480,233.9,3.5397000940889544e-33,3.5397000940889544e-33,189.6,full,True,True,False,K01581,1,M00134,6442,0.301
K01477,0.09,0.014,,,,1000.0,0.0,,,,,,,,,,0.0,,,,,,"K00087,K00365,K01466,K07127,K11177,K11178,K13479,K13481,K13482,K13483,K13484,K13485,K16839,K16840,K16842,K22879",16,M00546,2975,0.139
K01479,0.146,0.045,431.0,NC_005042.1_1873,431.0,2.4e-32,109.0,3.1e-32,108.7,102.0,367.0,29.0,287.0,K01480,233.9,2.5197273009727333e-38,2.5197273009727333e-38,212.03,domain,True,True,False,"K00603,K01468,K01712,K01745,K13990",5,M00045,5423,0.253
K01480,1.0,1.0,419.0,NC_005042.1_1873,419.0,3.5e-70,233.9,4.4e-70,233.6,51.0,328.0,24.0,296.0,K01480,233.9,0.9999999999315037,1.0,187.7,full,False,False,False,"K00797,K01584,K01585,K01611",4,M00133,7894,0.369
K01484,0.055,0.029,,,,1000.0,0.0,,,,,,,,,,0.0,,,,,,"K00673,K00840,K05526,K06447",4,M00879,4335,0.203
K01487,0.176,0.078,,,,1000.0,0.0,,,,,,,,,,0.0,,,,,,"K00087,K00106,K01081,K02566,K03784,K03787,K05810,K08693,K09913,K11177,K11178,K11751,K13479,K13480,K13481,K13482,K13483,K19970,K20881",19,M00959,7127,0.333
K01488,1.0,1.0,541.0,NC_005042.1_816,541.0,0.004,13.1,0.0044,13.0,383.0,492.0,15.0,149.0,K01488,13.1,1.0,1.0,338.37,full,False,True,False,"K00087,K00106,K01081,K01490,K02566,K03783,K03784,K03787,K05810,K08693,K09913,K11177,K11178,K11751,K13479,K13480,K13481,K13482,K13483,K19970",20,M00958,8902,0.416
K01490,0.0,0.0,,,,1000.0,0.0,,,,,,,,,,0.0,,,,,,,0,M00958,3,0.0
K01491,1.0,1.0,441.0,NC_005042.1_1140,441.0,9.200000000000001e-123,407.0,1.1e-122,406.7,89.0,368.0,1.0,289.0,K01491,407.0,1.0,1.0,403.73,domain,False,False,False,"K00194,K00197,K00198,K00297,K00300,K00600,K00625,K00925,K01500,K01938,K05299,K13788,K14138,K15022,K15023,K15024,K22015,K25007,K25008,K25123,K25124",21,"M00140,M00377,M00618",21166,0.989
K01492,0.0,0.0,527.0,NC_005042.1_301,527.0,7e-94,311.8,9.5e-94,311.4,207.0,526.0,198.0,518.0,K00602,726.7,1.26664466722653e-125,1.26664466722653e-125,909.63,full,True,True,False,,0,M00048,2,0.0
K01495,1.0,1.0,274.0,NC_005042.1_1605,274.0,8.8e-52,172.6,9.7e-52,172.5,55.0,241.0,57.0,244.0,K01495,172.6,1.0,1.0,54.33,full,False,False,False,"K00287,K00796,K00950,K01077,K01113,K01633,K01737,K08310,K09007,K11754,K13939,K13940,K13941,K17745,K19965,K20457,K22391",17,"M00126,M00843",17675,0.826
K01496,1.0,1.0,408.0,NC_005042.1_577,408.0,2.9e-61,204.8,3.1e-61,204.7,139.0,247.0,7.0,141.0,K11755,299.0,4.395157154575633e-29,1.0,191.73,domain,True,False,True,"K00013,K00765,K00817,K01523,K01663,K01693,K01814,K02500,K02501,K02502,K04486,K05602,K14152,K18649,K24017",15,M00026,10397,0.486
K01497,1.0,1.0,538.0,NC_005042.1_950,538.0,8e-99,329.1,8.9e-99,329.0,154.0,365.0,154.0,436.0,K14652,696.8,2.0477201051848473e-111,1.0,279.3,full,True,False,True,"K00793,K00794,K01498,K02858,K11752,K11753,K14652,K20861,K20862,K20884,K21064",11,M00125,9025,0.422
K01498,0.0,0.0,147.0,NC_005042.1_1352,147.0,1.4999999999999998e-49,164.6,3e-49,163.6,6.0,147.0,13.0,155.0,K11752,459.1,2.2216020984259574e-89,2.2216020984259574e-89,278.7,full,True,True,False,,0,M00125,19,0.001
K01499,0.001,0.0,,,,1000.0,0.0,,,,,,,,,,0.0,,,,,,"K00200,K00201,K00202,K00203,K00672",5,"M00567,M00617",513,0.024
K01500,0.012,0.011,,,,1000.0,0.0,,,,,,,,,,0.0,,,,,,"K00194,K00197,K00198,K00300,K05299,K14138,K15022,K15023,K15024,K25008,K25123,K25124",12,"M00140,M00377,M00618",2717,0.127
K01506,0.11,0.008,264.0,NC_005042.1_1054,264.0,1.9000000000000002e-36,122.5,2.1000000000000002e-36,122.3,4.0,260.0,7.0,273.0,K11206,336.5,3.7982270983039157e-65,3.7982270983039157e-65,274.63,full,True,True,False,"K00468,K01041,K01692,K01825,K07250,K14268,K15736",7,M00957,2357,0.11
K01520,0.739,0.515,,,,1000.0,0.0,,,,,,,,,,0.0,,,,,,"K00525,K00526,K00560,K00940,K00943,K03465,K10807,K10808,K18533",9,M00938,18359,0.858
K01523,0.654,0.151,201.0,NC_005042.1_577,201.0,1.3000000000000001e-30,103.7,1.4000000000000001e-30,103.5,58.0,149.0,128.0,220.0,K11755,299.0,1.6174909030413822e-59,1.6174909030413822e-59,125.43,domain,True,True,False,"K00013,K00765,K00817,K01496,K01663,K01693,K01814,K02500,K02501,K02502,K04486,K05602,K18649,K24017",14,M00026,9945,0.465
K01555,0.146,0.043,,,,1000.0,0.0,,,,,,,,,,0.0,,,,,,"K00451,K00457,K00832,K01800,K03334,K16171",6,M00044,5319,0.249
K01556,0.228,0.07,765.0,NC_005042.1_85,765.0,5.6e-19,64.8,7.6e-19,64.3,169.0,506.0,12.0,336.0,K11717,644.4,3.3343755531918657e-175,3.3343755531918657e-175,183.07,full,True,True,False,"K00452,K00453,K00463,K00486,K00767,K00969,K01432,K01916,K01950,K03392,K07130,K10217,K14263",13,"M00038,M00912",6753,0.316
K01574,0.012,0.012,,,,1000.0,0.0,,,,,,,,,,0.0,,,,,,,0,M00088,2841,0.133
K01579,0.792,0.22,,,,1000.0,0.0,,,,,,,,,,0.0,,,,,,"K00077,K00606,K00826,K01918,K13799",5,M00119,11992,0.56
K01580,0.034,0.017,646.0,NC_005042.1_1044,646.0,1.4e-57,192.3,1.7e-57,192.0,130.0,492.0,18.0,394.0,K13745,338.9,7.396097636122225e-45,7.396097636122225e-45,383.5,full,True,True,False,"K00823,K07250",2,M00027,3378,0.158
K01581,0.045,0.035,545.0,NC_005042.1_1114,545.0,2.5e-44,148.5,3.2000000000000004e-44,148.2,141.0,493.0,45.0,424.0,K01586,443.3,1.8045016281965655e-89,1.8045016281965655e-89,222.03,full,True,True,False,K01476,1,M00134,4797,0.224
K01582,0.006,0.003,712.0,NC_005042.1_1121,712.0,1.7e-14,49.8,1.8e-05,19.9,235.0,436.0,97.0,294.0,K01584,88.6,2.0894701356058134e-12,2.0894701356058134e-12,1079.2,full,True,True,False,"K00137,K15737",2,M00956,1371,0.064
K01584,1.0,1.0,754.0,NC_005042.1_1121,754.0,2.8e-26,88.6,5.4e-17,57.9,204.0,468.0,50.0,297.0,K01584,88.6,0.999999999997911,0.999999999997911,852.73,full,False,True,False,"K00797,K01480,K01585,K01611",4,M00133,5802,0.271
K01585,1.0,1.0,592.0,NC_005042.1_50,592.0,7.7e-83,276.0,9.1e-83,275.8,65.0,531.0,24.0,647.0,K01583,292.3,1.2393834372475757e-05,1.0,273.2,domain,True,False,True,"K00797,K01480,K01584,K01611,K02626",5,M00133,11102,0.519
K01586,1.0,1.0,751.0,NC_005042.1_1114,751.0,1.8e-133,443.3,2.2e-133,443.0,91.0,488.0,31.0,445.0,K01586,443.3,1.0,1.0,297.53,full,False,False,False,"K00133,K00215,K00674,K00821,K00841,K00928,K01439,K01714,K01778,K03340,K05822,K05823,K10206,K12524,K12525,K14267",16,"M00016,M00525,M00526,M00527",19812,0.926
K01587,0.0,0.0,573.0,NC_005042.1_1431,573.0,2.1e-31,105.8,2.4999999999999998e-31,105.6,134.0,360.0,5.0,226.0,K01923,186.3,5.849050204022751e-25,5.849050204022751e-25,291.7,full,True,True,False,K00601,1,M00048,16,0.001
K01588,1.0,1.0,267.0,NC_005042.1_194,267.0,3e-78,259.8,3.4e-78,259.6,51.0,208.0,9.0,166.0,K01588,259.8,1.0,1.0,112.37,full,False,False,False,"K00601,K00602,K00764,K01492,K01587,K01589,K01756,K01923,K01933,K01945,K01952,K06863,K08289,K11175,K11176,K11787,K11788,K13713,K23264,K23265,K23269,K23270",22,M00048,19989,0.934
K01589,1.0,1.0,593.0,NC_005042.1_1017,593.0,1.5000000000000001e-117,390.5,1.6e-117,390.3,156.0,517.0,1.0,374.0,K01589,390.5,1.0,1.0,272.37,domain,False,False,False,"K00602,K00764,K01492,K01587,K01588,K01756,K01923,K01933,K01945,K01952,K08289,K11175,K11787,K11788,K11808,K13713,K23264,K23265,K23269,K23270",20,M00048,17329,0.81
K01591,1.0,1.0,534.0,NC_005042.1_1420,534.0,1.1e-58,196.2,1.4e-58,196.0,80.0,294.0,8.0,237.0,K01591,196.2,1.0,1.0,156.5,domain,False,False,False,"K00226,K00254,K00608,K00609,K00610,K00762,K01465,K01954,K01955,K01956,K11540,K11541,K17828",13,M00051,20657,0.965
K01595,1.0,1.0,917.0,NC_005042.1_1754,917.0,0.0,1034.0,0.0,1033.7,36.0,903.0,28.0,1001.0,K01595,1034.0,1.0,1.0,43.1,full,False,False,False,"K00018,K00024,K00025,K00026,K00031,K00169,K00171,K00172,K00174,K00175,K00176,K00239,K00240,K00241,K00242,K00600,K00626,K00830,K01006,K01007,K01676,K01679,K01682,K01689,K01902,K01903,K01958,K01959,K01960,K03737,K08691,K08692,K08942,K11529,K14067,K14465,K14467,K14534,K15016,K15017,K15038",41,"M00168,M00173,M00346,M00374,M00614",13194,0.617
K01596,0.288,0.042,,,,1000.0,0.0,,,,,,,,,,0.0,,,,,,"K00150,K01086,K01624,K01834,K02446,K15634,K15635",7,M00003,5249,0.245
K01597,0.035,0.022,,,,1000.0,0.0,,,,,,,,,,0.0,,,,,,"K00021,K00869,K00938,K01641",4,M00095,3807,0.178
K01598,0.0,0.0,403.0,NC_005042.1_261,403.0,2.8e-45,151.8,3.5e-45,151.5,70.0,255.0,12.0,197.0,K13038,381.9,5.407518298441657e-70,5.407518298441657e-70,190.0,full,True,True,False,,0,M00120,38,0.002
K01599,1.0,1.0,503.0,NC_005042.1_1088,503.0,2e-133,442.7,2.3e-133,442.5,118.0,452.0,7.0,343.0,K01599,442.7,1.0,1.0,94.03,full,False,False,False,"K00228,K00230,K00231,K00435,K00643,K01698,K01719,K01749,K01772,K01845,K01885,K02492,K02495,K08973,K13542,K13543",16,"M00121,M00868,M00926",16841,0.787
K01601,1.0,1.0,530.0,NC_005042.1_546,530.0,2.0999999999999998e-243,805.4,2.2999999999999997e-243,805.3,49.0,504.0,2.0,469.0,K01601,805.4,1.0,1.0,329.77,full,False,False,False,"K00855,K01602,K02689,K02690,K02691,K02692,K02693,K02694,K02703,K02704,K02705,K02706,K02707,K02708,K05298,K08928,K08929,K11532",18,"M00165,M00611,M00612,M00968",1474,0.069
K01602,1.0,1.0,249.0,NC_005042.1_547,249.0,2.1e-35,119.3,2.6e-35,119.0,105.0,205.0,16.0,110.0,K01602,119.3,1.0,1.0,42.87,domain,False,False,False,"K00855,K01601,K02689,K02690,K02691,K02692,K02693,K02694,K02703,K02704,K02705,K02706,K02707,K02708,K05298,K08928,K08929,K11532",18,"M00165,M00611,M00612",1403,0.066
K01609,1.0,1.0,539.0,NC_005042.1_1383,539.0,1.2e-114,381.0,1.4999999999999999e-114,380.7,88.0,347.0,26.0,293.0,K01609,381.0,1.0,1.0,316.43,domain,False,False,False,"K00766,K01656,K01657,K01658,K01694,K01695,K01696,K01817,K06001,K13497,K13503,K24017",12,M00023,16009,0.748
K01610,0.611,0.203,662.0,NC_005042.1_193,662.0,0.012,11.0,0.017,10.6,299.0,319.0,29.0,49.0,K00860,329.6,1.235501797138942e-96,1.235501797138942e-96,82.3,full,True,True,False,"K00134,K00150,K00927,K01086,K01622,K01623,K01624,K01689,K01803,K01834,K02446,K03841,K04041,K11532,K11645,K15633,K15634,K15635",18,M00003,11524,0.538
K01611,1.0,1.0,453.0,NC_005042.1_1751,453.0,2.1e-16,57.1,2.2e-16,57.1,273.0,356.0,59.0,135.0,K01611,57.1,1.0,1.0,28.2,domain,False,False,False,"K00772,K00789,K00797,K00832,K00899,K01243,K01480,K01584,K01585,K02626,K05810,K08963,K08964,K08965,K08966,K08967,K08969,K09880,K16054,K23977",20,"M00034,M00133",6716,0.314
K01613,0.556,0.361,,,,1000.0,0.0,,,,,,,,,,0.0,,,,,,"K00981,K00998,K17103",3,M00093,15375,0.718
K01616,0.356,0.016,1230.0,NC_005042.1_397,1230.0,1e-21,73.2,1.3e-21,72.8,76.0,349.0,193.0,446.0,K00627,422.7,6.166184503070222e-106,6.166184503070222e-106,1318.8,full,True,True,False,"K00025,K00174,K00175,K00239,K00240",5,"M00009,M00011",3190,0.149
K01617,0.01,0.004,,,,1000.0,0.0,,,,,,,,,,0.0,,,,,,"K00446,K04073,K10217,K18364,K18365,K18366",6,M00569,1539,0.072
K01622,0.0,0.0,,,,1000.0,0.0,,,,,,,,,,0.0,,,,,,,0,M00003,175,0.008
K01623,1.0,1.0,505.0,NC_005042.1_860,505.0,1.3e-156,519.1,1.4e-156,519.0,116.0,465.0,7.0,355.0,K01623,519.1,1.0,1.0,37.0,full,False,False,False,"K00845,K00855,K00886,K00918,K01086,K01601,K01602,K01622,K01807,K02689,K02690,K02691,K02692,K02693,K02694,K02703,K02704,K02705,K02706,K02707,K02708,K05298,K08074,K08928,K08929,K11532,K12406,K15635,K16306,K16370",30,"M00001,M00003,M00165,M00611,M00612",4495,0.21
K01624,1.0,1.0,582.0,NC_005042.1_859,582.0,5e-103,343.0,5.9e-103,342.8,151.0,444.0,1.0,335.0,K01624,343.0,1.0,1.0,85.67,full,False,False,False,"K00134,K00150,K00615,K00844,K00845,K00850,K00855,K00873,K00886,K00918,K00927,K01086,K01100,K01596,K01601,K01602,K01610,K01622,K01623,K01689,K01783,K01803,K01807,K01808,K01810,K01834,K02446,K02689,K02690,K02691,K02692,K02693,K02694,K02703,K02704,K02705,K02706,K02707,K02708,K03841,K04041,K05298,K06859,K08074,K08093,K08094,K08928,K08929,K11389,K11532,K11645,K12406,K13810,K13831,K15633,K15634,K15635,K15916,K16305,K16306,K16370,K21071,K25026",63,"M00001,M00003,M00165,M00345,M00611,M00612",17484,0.817
K01625,1.0,1.0,290.0,NC_005042.1_257,290.0,3.9000000000000004e-38,128.2,4.9e-38,127.8,36.0,223.0,16.0,213.0,K01625,128.2,0.9999999999999432,0.9999999999999432,188.4,domain,False,True,False,"K00036,K00040,K00041,K00131,K00134,K00874,K00927,K01057,K01685,K01686,K01690,K01812,K05308,K07404,K08323,K16849,K16850,K17463,K18978",19,"M00008,M00061,M00308,M00631",14060,0.657
K01626,1.0,1.0,674.0,NC_005042.1_1889,674.0,9.3e-97,322.3,1.1e-96,322.1,237.0,596.0,13.0,355.0,K01626,322.3,1.0,1.0,28.97,full,False,False,False,"K00014,K00800,K00891,K01735,K01736,K03785,K03786,K03856,K13829,K13830,K13832,K24018",12,M00022,14190,0.663
K01627,0.343,0.213,,,,1000.0,0.0,,,,,,,,,,0.0,,,,,,"K00979,K03270,K06041",3,M00063,11797,0.551
K01631,0.056,0.028,207.0,NC_005042.1_257,207.0,7.8e-25,84.2,9.4e-25,83.9,23.0,185.0,49.0,211.0,K01625,128.2,5.684341886080537e-14,5.684341886080537e-14,198.33,full,True,True,False,"K00883,K01684",2,M00552,4287,0.2
K01633,1.0,1.0,253.0,NC_005042.1_1079,253.0,2.9e-20,69.9,3.3e-20,69.7,78.0,196.0,7.0,122.0,K01633,69.9,0.9999999999999929,0.9999999999999929,95.87,domain,False,True,False,"K00287,K00796,K00950,K01077,K01113,K01495,K08310,K09007,K11754,K13939,K13941,K14652,K19965,K20457,K22099,K22100,K22391",17,"M00126,M00840",14330,0.67
K01636,0.0,0.0,,,,1000.0,0.0,,,,,,,,,,0.0,,,,,,,0,M00968,53,0.002
K01637,0.423,0.158,,,,1000.0,0.0,,,,,,,,,,0.0,,,,,,"K00024,K00025,K00026,K01638,K01647,K01659,K01681,K01682",8,M00012,10171,0.475
K01638,0.447,0.201,,,,1000.0,0.0,,,,,,,,,,0.0,,,,,,"K00024,K00025,K00026,K01637,K01647,K01659,K01681,K01682",8,M00012,11458,0.535
K01640,0.289,0.148,416.0,NC_005042.1_1144,416.0,4.4e-19,65.6,2.4e-18,63.2,55.0,311.0,5.0,255.0,K01649,655.5,2.644877474054369e-178,2.644877474054369e-178,155.8,full,True,True,False,"K00019,K00166,K00167,K00249,K00253,K00382,K00626,K00826,K01574,K01968,K01969,K05607,K09699,K11381,K13766",15,"M00036,M00088",9835,0.46
K01641,0.032,0.016,532.0,NC_005042.1_161,532.0,6.9e-07,25.4,270.0,-2.9,342.0,381.0,277.0,314.0,K00648,422.7,2.516417650356895e-120,2.516417650356895e-120,213.23,full,True,True,False,"K00021,K00054,K00869,K00938,K01597,K17942",6,"M00088,M00095,M00849",3217,0.15
K01647,1.0,1.0,496.0,NC_005042.1_188,496.0,6.8e-124,411.3,7.400000000000001e-124,411.2,103.0,449.0,7.0,376.0,K01647,411.3,0.9999969015126139,1.0,358.77,full,False,False,False,"K00024,K00025,K00026,K00030,K00031,K00116,K00164,K00174,K00175,K00176,K00177,K00234,K00235,K00236,K00239,K00240,K00241,K00242,K00244,K00245,K00246,K00247,K00261,K00382,K00658,K01616,K01637,K01638,K01659,K01676,K01677,K01678,K01679,K01681,K01682,K01846,K01899,K01900,K01902,K01903,K04835,K05942,K14449,K18118,K19268,K19280,K19281",47,"M00009,M00010,M00012,M00740",16001,0.748
K01649,1.0,1.0,818.0,NC_005042.1_1144,818.0,1.4999999999999998e-197,655.5,1.7e-197,655.3,154.0,646.0,7.0,518.0,K01649,655.5,1.0,1.0,455.83,full,False,False,False,"K00052,K01702,K01703,K01704",4,M00432,18663,0.872
K01652,1.0,1.0,773.0,NC_005042.1_521,773.0,2.4e-239,793.5,2.8999999999999998e-239,793.2,115.0,642.0,22.0,579.0,K01652,793.5,1.0,1.0,533.97,full,False,False,False,"K00053,K00826,K01653,K01687,K01754,K11258,K17989",7,"M00019,M00570",19522,0.912
K01653,1.0,1.0,261.0,NC_005042.1_1263,261.0,8.1e-81,267.9,8.8e-81,267.8,74.0,236.0,2.0,163.0,K01653,267.9,1.0,1.0,50.53,full,False,False,False,"K00053,K00826,K01652,K01687,K01754,K11258,K17989",7,"M00019,M00570",18092,0.845
K01654,0.002,0.002,,,,1000.0,0.0,,,,,,,,,,0.0,,,,,,K08068,1,M00922,1179,0.055
K01655,0.0,0.0,504.0,NC_005042.1_1144,504.0,9.999999999999999e-64,212.3,2.6e-63,211.1,91.0,463.0,9.0,405.0,K01649,655.5,3.832709663684116e-134,3.832709663684116e-134,402.8,full,True,True,False,K05824,1,M00433,66,0.003
K01656,0.0,0.0,491.0,NC_005042.1_212,491.0,5.000000000000001e-66,220.3,5.9e-66,220.1,10.0,196.0,3.0,195.0,K01658,321.4,3.6801647237405115e-31,3.6801647237405115e-31,771.7,full,True,True,False,,0,M00023,2,0.0
K01657,1.0,1.0,626.0,NC_005042.1_1756,626.0,2.3000000000000004e-180,598.2,2.7e-180,597.9,81.0,532.0,8.0,498.0,K01657,598.2,1.0,1.0,466.47,full,False,False,False,"K00766,K01609,K01656,K01658,K01694,K01695,K01696,K01817,K06001,K13497,K13498,K13501,K24017",13,M00023,16828,0.786
K01658,1.0,1.0,325.0,NC_005042.1_212,325.0,5.7e-97,321.4,6.3e-97,321.3,78.0,270.0,1.0,199.0,K01658,321.4,0.9999995848602063,1.0,243.07,domain,False,False,False,"K00766,K01609,K01657,K01694,K01695,K01696,K01817,K06001,K13497,K13498,K13501,K13503",12,M00023,13625,0.637
K01659,0.432,0.127,395.0,NC_005042.1_188,395.0,1e-118,393.0,1.1000000000000001e-118,392.9,12.0,383.0,4.0,377.0,K01647,411.3,3.0984873947236824e-06,3.0984873947236824e-06,506.5,full,True,True,False,"K00024,K00025,K00026,K00030,K00031,K00116,K00164,K00174,K00175,K00234,K00235,K00236,K00239,K00240,K00241,K00242,K00244,K00245,K00246,K00247,K00261,K00382,K00658,K01616,K01637,K01638,K01647,K01676,K01679,K01681,K01682,K01846,K01900,K01902,K01903,K04835,K14449,K18118,K19268,K19280,K19281",41,"M00009,M00010,M00012,M00740",9100,0.425
K01661,1.0,1.0,342.0,NC_005042.1_1062,342.0,6.6e-134,443.2,7.700000000000001e-134,442.9,58.0,332.0,18.0,290.0,K01661,443.2,1.0,1.0,380.27,full,False,False,False,"K01911,K02548,K02549,K02551,K02552,K03183,K08680,K12073,K14759,K14760,K17872,K19222,K23094,K23095",14,"M00116,M00932",8126,0.38
K01662,1.0,1.0,731.0,NC_005042.1_935,731.0,3.9000000000000004e-260,861.9,5.1000000000000005e-260,861.5,78.0,690.0,10.0,636.0,K01662,861.9,1.0,1.0,335.27,full,False,False,False,"K00099,K00919,K00991,K01770,K01823,K03526,K03527,K12506",8,M00096,19311,0.902
K01663,0.0,0.0,930.0,NC_005042.1_1150,930.0,7.6e-63,210.1,9.5e-63,209.7,8.0,211.0,5.0,206.0,K02501,258.0,3.807704240928093e-15,3.807704240928093e-15,383.6,full,True,True,False,,0,M00026,52,0.002
K01666,0.012,0.008,598.0,NC_005042.1_1144,598.0,1.6000000000000001e-27,93.0,1.9e-26,89.4,62.0,300.0,7.0,256.0,K01649,655.5,4.684113814540605e-170,4.684113814540605e-170,149.73,full,True,True,False,"K04073,K05713,K10216",3,"M00545,M00569",2279,0.106
K01676,0.41,0.16,,,,1000.0,0.0,,,,,,,,,,0.0,,,,,,"K00024,K00025,K00026,K00030,K00031,K00116,K00164,K00169,K00172,K00174,K00175,K00176,K00177,K00234,K00235,K00236,K00239,K00240,K00241,K00242,K00244,K00245,K00246,K00247,K00382,K00658,K01006,K01007,K01595,K01616,K01647,K01659,K01679,K01681,K01682,K01899,K01900,K01902,K01903,K01958,K01959,K01960,K03737,K08940,K08941,K08942,K08943,K18118",48,"M00009,M00011,M00173,M00614",10245,0.479
K01677,0.012,0.008,,,,1000.0,0.0,,,,,,,,,,0.0,,,,,,"K00169,K00170,K00171,K00172,K00176,K00177,K01678,K03737,K05942,K08940,K14534,K15230,K15231,K18210",14,"M00009,M00011,M00173,M00374,M00614,M00620",2225,0.104
K01678,0.011,0.007,,,,1000.0,0.0,,,,,,,,,,0.0,,,,,,"K00169,K00170,K00171,K00172,K00176,K00177,K01677,K03737,K05942,K08940,K14534,K15230,K15231,K18210",14,"M00009,M00011,M00173,M00374,M00614,M00620",2112,0.099
K01679,1.0,1.0,661.0,NC_005042.1_1646,661.0,5.500000000000001e-218,722.5,6.1e-218,722.4,130.0,591.0,4.0,463.0,K01679,722.5,1.0,1.0,634.63,full,False,False,False,"K00024,K00025,K00026,K00030,K00031,K00116,K00164,K00169,K00170,K00171,K00172,K00174,K00175,K00176,K00177,K00234,K00235,K00236,K00239,K00240,K00241,K00242,K00244,K00245,K00246,K00247,K00382,K00658,K01006,K01007,K01595,K01616,K01647,K01659,K01676,K01681,K01682,K01847,K01848,K01849,K01899,K01900,K01902,K01903,K01958,K01959,K01960,K01961,K01962,K01963,K02160,K03737,K05606,K08691,K08928,K08929,K08942,K09709,K14449,K14468,K14469,K14470,K14471,K14472,K15052,K15230,K15231,K18118",68,"M00009,M00011,M00173,M00376,M00613,M00614",16147,0.754
K01681,0.546,0.33,1063.0,NC_005042.1_290,1063.0,1.4e-60,202.1,1.7e-60,201.8,287.0,668.0,104.0,461.0,K01702,609.5,2.292871765833131e-123,2.292871765833131e-123,1265.67,full,True,True,False,"K00024,K00025,K00026,K00030,K00031,K00116,K00164,K00174,K00175,K00176,K00234,K00235,K00236,K00239,K00240,K00241,K00242,K00244,K00245,K00246,K00247,K00382,K00658,K01616,K01637,K01638,K01647,K01659,K01676,K01677,K01678,K01679,K01682,K01899,K01900,K01902,K01903,K05942,K18118",39,"M00009,M00010,M00012",14704,0.687
K01682,1.0,1.0,856.0,NC_005042.1_1890,856.0,0.0,1429.9,0.0,1429.6,3.0,848.0,1.0,849.0,K01682,1429.9,1.0,1.0,702.27,full,False,False,False,"K00025,K00026,K00030,K00031,K00116,K00164,K00171,K00234,K00235,K00236,K00241,K00242,K00244,K00245,K00246,K00247,K00382,K00658,K01007,K01595,K01637,K01638,K01647,K01659,K01676,K01679,K01681,K01902,K01903,K01959,K01960,K03737,K08940,K08941,K08942,K08943,K15230,K15231,K18118",39,"M00009,M00010,M00012,M00173,M00614",7247,0.339
K01684,0.251,0.049,643.0,NC_005042.1_203,643.0,7.4e-06,21.4,2.4e-05,19.6,355.0,441.0,145.0,230.0,K02549,140.7,1.2221415722990506e-36,1.2221415722990506e-36,367.4,full,True,True,False,"K00134,K00883,K00927,K01631",4,M00552,5671,0.265
K01685,0.133,0.019,,,,1000.0,0.0,,,,,,,,,,0.0,,,,,,"K00041,K00874,K01625,K01812,K17463",5,M00631,3557,0.166
K01686,0.199,0.058,587.0,NC_005042.1_448,587.0,2.4e-17,59.4,1.6e-16,56.6,341.0,582.0,29.0,256.0,K00059,366.5,3.5783954387973357e-93,3.5783954387973357e-93,134.43,domain,True,True,False,"K00040,K00874,K01625,K01812,K08323,K17463",6,M00061,6158,0.288
K01687,1.0,1.0,768.0,NC_005042.1_851,768.0,4e-263,872.0,4.4e-263,871.8,70.0,621.0,2.0,556.0,K01687,872.0,1.0,1.0,578.73,full,False,False,False,"K00053,K00826,K01652,K01653,K01754,K11258,K17989",7,"M00019,M00570",18808,0.879
K01689,1.0,1.0,574.0,NC_005042.1_238,574.0,1.0999999999999999e-190,632.3,1.3999999999999998e-190,631.9,47.0,464.0,9.0,421.0,K01689,632.3,1.0,1.0,71.97,domain,False,False,False,"K00018,K00024,K00134,K00150,K00600,K00830,K00844,K00845,K00850,K00873,K00886,K00918,K00927,K01086,K01595,K01596,K01610,K01622,K01623,K01624,K01803,K01810,K01834,K02446,K03841,K04041,K06859,K08074,K08691,K08692,K11389,K11529,K11532,K11645,K12406,K13810,K14067,K15633,K15634,K15635,K15916,K16305,K16306,K16370,K21071,K25026",46,"M00001,M00002,M00003,M00346",21217,0.991
K01690,0.664,0.078,632.0,NC_005042.1_851,632.0,5.9e-88,292.6,8.2e-88,292.1,81.0,588.0,32.0,528.0,K01687,872.0,3.830191712893695e-175,3.830191712893695e-175,615.83,full,True,True,False,"K00036,K01057,K01625,K07404",4,M00008,7145,0.334
K01692,0.112,0.016,345.0,NC_005042.1_1062,345.0,1.5e-52,175.6,1.9e-52,175.3,57.0,308.0,26.0,286.0,K01661,443.2,2.7821027166052857e-81,2.7821027166052857e-81,316.47,domain,True,True,False,"K00074,K00232,K00249,K00252,K00255,K00468,K01041,K01506,K01782,K02609,K02610,K02611,K02613,K02618,K07250,K07511,K07513,K10527,K15736,K15866",20,"M00087,M00878,M00957",3226,0.151
K01693,1.0,1.0,284.0,NC_005042.1_316,284.0,4e-109,361.1,4.4e-109,361.0,66.0,268.0,3.0,205.0,K01693,361.1,1.0,1.0,298.03,full,False,False,False,"K00013,K00765,K00817,K01496,K01523,K01663,K01814,K02500,K02501,K02502,K04486,K05602,K11755,K14152,K18649,K24017",16,M00026,13683,0.639
K01694,0.0,0.0,873.0,NC_005042.1_191,873.0,3.1e-203,674.1,3.7e-203,673.9,468.0,855.0,21.0,413.0,K01696,790.5,9.12238725826952e-36,9.12238725826952e-36,814.6,full,True,True,False,,0,M00023,12,0.001
K01695,1.0,1.0,453.0,NC_005042.1_569,453.0,4.2e-107,355.6,5.0000000000000003e-107,355.4,151.0,408.0,6.0,264.0,K01695,355.6,1.0,1.0,84.2,full,False,False,False,"K00766,K01609,K01656,K01657,K01658,K01694,K01696,K01817,K06001,K13497,K13498,K13501,K13503,K24017",14,M00023,18530,0.866
K01696,1.0,1.0,620.0,NC_005042.1_191,620.0,1.5e-238,790.5,1.8e-238,790.2,180.0,570.0,19.0,413.0,K01696,790.5,1.0,1.0,605.67,domain,False,False,False,"K00766,K01609,K01656,K01657,K01658,K01694,K01695,K01817,K06001,K13497,K13498,K13501,K13503,K24017",14,M00023,18890,0.883
K01697,0.643,0.062,868.0,NC_005042.1_146,868.0,8.1e-128,424.8,9.6e-128,424.6,312.0,621.0,3.0,309.0,K01738,505.4,5.457356809508491e-25,5.457356809508491e-25,455.87,domain,True,True,False,"K00558,K00789,K01251,K01758",4,"M00035,M00338",6371,0.298
K01698,1.0,1.0,446.0,NC_005042.1_246,446.0,2.3e-155,514.6,2.5e-155,514.4,85.0,402.0,6.0,333.0,K01698,514.6,1.0,1.0,61.93,full,False,False,False,"K00228,K00230,K00231,K00435,K00589,K00643,K01599,K01719,K01749,K01772,K01845,K01885,K02302,K02303,K02304,K02492,K02495,K02496,K03794,K08973,K13542,K13543,K24866",23,"M00121,M00846,M00868,M00926",17354,0.811
K01702,1.0,1.0,758.0,NC_005042.1_290,758.0,8.8e-184,609.5,9.9e-184,609.3,8.0,478.0,3.0,467.0,K01702,609.5,0.9999999999763531,0.9999999999763531,1097.8,full,False,True,False,"K00052,K01649,K01703,K01704",4,M00432,16571,0.774
K01703,1.0,1.0,580.0,NC_005042.1_290,580.0,3.1999999999999996e-173,574.2,3.4999999999999994e-173,574.0,86.0,511.0,1.0,466.0,K01702,609.5,2.3639656031069537e-11,1.0,469.17,full,True,False,True,,0,"M00432,M00535",2450,0.114
K01704,1.0,1.0,277.0,NC_005042.1_289,277.0,4.400000000000001e-59,197.1,4.7e-59,197.0,49.0,234.0,11.0,201.0,K01704,197.1,1.0,1.0,126.43,domain,False,False,False,"K00052,K01649,K01702,K01703,K09011",5,"M00432,M00535",15292,0.715
K01705,0.0,0.0,1225.0,NC_005042.1_290,1225.0,9.800000000000001e-59,196.1,2.2e-33,112.1,369.0,504.0,335.0,463.0,K01702,609.5,3.582612134114227e-125,3.582612134114227e-125,529.17,full,True,True,False,,0,M00433,27,0.001
K01710,0.582,0.456,432.0,NC_005042.1_1326,432.0,1.5e-67,225.3,1.7e-67,225.1,60.0,368.0,1.0,303.0,K08678,550.5,1.273636246171106e-98,1.273636246171106e-98,477.4,domain,True,True,False,"K00067,K00973,K01790,K23987",4,M00793,17266,0.807
K01712,0.253,0.19,,,,1000.0,0.0,,,,,,,,,,0.0,,,,,,"K00603,K01458,K01468,K01479,K01745,K05603,K13990",7,M00045,11145,0.521
K01713,0.063,0.025,424.0,NC_005042.1_675,424.0,6.7e-11,38.6,9e-11,38.2,122.0,311.0,6.0,205.0,K09969,438.0,5.869751720671704e-121,5.869751720671704e-121,229.27,domain,True,True,False,"K00832,K04093,K14170,K14187",4,M00024,4043,0.189
K01714,1.0,1.0,444.0,NC_005042.1_1837,444.0,1.6999999999999998e-105,350.3,1.8e-105,350.2,100.0,385.0,9.0,296.0,K01714,350.3,1.0,1.0,260.63,full,False,False,False,"K00133,K00215,K00674,K00821,K00841,K00928,K01439,K01586,K01778,K03340,K05822,K05823,K10206,K12524,K12525,K12526,K14267",17,"M00016,M00525,M00526,M00527",20633,0.964
K01716,0.439,0.068,220.0,NC_005042.1_1428,220.0,9.9e-10,35.1,1.2e-09,34.8,103.0,199.0,46.0,141.0,K02372,228.3,6.934335300646971e-59,6.934335300646971e-59,156.97,full,True,True,False,"K00059,K00208,K00209,K00647,K00665,K02372,K09458,K11533",8,M00083,6688,0.313
K01719,1.0,1.0,386.0,NC_005042.1_137,386.0,2e-37,126.0,2.2e-37,125.9,120.0,333.0,13.0,260.0,K01719,126.0,0.9999999999999716,1.0,44.2,domain,False,False,False,"K00228,K00231,K00435,K00589,K00643,K01599,K01698,K01749,K01772,K01845,K01885,K02302,K02303,K02304,K02492,K02495,K08973,K13542,K24866",19,"M00121,M00846,M00868,M00926",8106,0.379
K01733,1.0,1.0,538.0,NC_005042.1_1908,538.0,1.6e-116,387.1,2.1e-116,386.8,133.0,451.0,20.0,347.0,K01733,387.1,1.0,1.0,251.13,full,False,False,False,"K00003,K00133,K00872,K00928,K02203,K02204,K12524,K12525,K12526",9,M00018,11019,0.515
K01735,1.0,1.0,499.0,NC_005042.1_1018,499.0,1.7e-143,476.0,1.9e-143,475.8,83.0,438.0,7.0,366.0,K01735,476.0,0.9999999999992042,1.0,319.27,full,False,False,False,"K00014,K00800,K00891,K01626,K01736,K03785,K03786,K03856,K13829,K13832,K13853,K24018",12,M00022,16310,0.762
K01736,1.0,1.0,574.0,NC_005042.1_256,574.0,5.4e-181,599.9,6.5e-181,599.7,128.0,479.0,1.0,358.0,K01736,599.9,1.0,1.0,204.3,full,False,False,False,"K00014,K00800,K00891,K01626,K01735,K03785,K03786,K03856,K13829,K13830,K13832,K13853,K24018",13,M00022,20556,0.961
K01737,1.0,1.0,213.0,NC_005042.1_130,213.0,5.4e-75,248.3,7.799999999999999e-31,104.0,50.0,167.0,13.0,152.0,K01737,248.3,1.0,1.0,25.37,full,False,False,False,"K01495,K17745",2,M00843,13637,0.637
K01738,1.0,1.0,538.0,NC_005042.1_146,538.0,2.5e-152,505.4,3e-152,505.1,91.0,392.0,3.0,311.0,K01738,505.4,1.0,1.0,436.97,domain,False,False,False,"K00640,K13034,K17069,K23304",4,M00021,18203,0.851
K01739,0.001,0.001,533.0,NC_005042.1_401,533.0,7.399999999999999e-116,384.5,8.1e-116,384.4,104.0,487.0,14.0,388.0,K01758,500.8,9.777132578392321e-36,9.777132578392321e-36,488.3,domain,True,True,False,,0,M00017,845,0.039
K01745,0.269,0.209,,,,1000.0,0.0,,,,,,,,,,0.0,,,,,,"K00603,K01458,K01468,K01479,K01712,K05603,K13990",7,M00045,11690,0.546
K01749,1.0,1.0,527.0,NC_005042.1_489,527.0,1.7e-139,462.9,1.8e-139,462.8,138.0,438.0,5.0,307.0,K01749,462.9,1.0,1.0,125.1,full,False,False,False,"K00228,K00230,K00231,K00435,K00589,K00643,K01599,K01698,K01719,K01772,K01845,K01885,K02302,K02303,K02304,K02492,K02495,K02496,K03794,K08973,K13542,K13543,K24866",23,"M00121,M00846,M00868,M00926",17478,0.817
K01752,0.518,0.446,733.0,NC_005042.1_1448,733.0,1.7e-11,40.3,2.4e-11,39.7,530.0,717.0,326.0,514.0,K00058,515.5,8.923722579339765e-144,8.923722579339765e-144,98.03,full,True,True,False,"K00301,K00302,K00303,K00304,K00305,K00309,K00315,K00479,K00600,K01754,K21832,K21833,K21834,K25960,K25961",15,M00975,17092,0.799
K01754,1.0,1.0,565.0,NC_005042.1_934,565.0,2e-158,525.3,1.5e-150,499.3,96.0,478.0,6.0,392.0,K01754,525.3,1.0,1.0,261.47,domain,False,False,False,"K00053,K00301,K00302,K00303,K00304,K00305,K00309,K00315,K00479,K00600,K00826,K01652,K01653,K01687,K01752,K11258,K17989,K21832,K21833,K21834,K25960,K25961",22,"M00570,M00975",18114,0.846
K01755,1.0,1.0,810.0,NC_005042.1_12,810.0,2.2999999999999996e-217,721.5,2.6e-217,721.3,118.0,574.0,4.0,460.0,K01755,721.5,1.0,1.0,175.73,full,False,False,False,"K00145,K00611,K00821,K01438,K01915,K01940,K01955,K01956,K09065,K22478",10,"M00844,M00845,M00978",17075,0.798
K01756,1.0,1.0,734.0,NC_005042.1_1645,734.0,1.3e-128,427.3,1.5e-128,427.0,144.0,553.0,1.0,404.0,K01756,427.3,1.0,1.0,290.4,full,False,False,False,"K00601,K00602,K00764,K00939,K00940,K00944,K01492,K01587,K01588,K01589,K01923,K01933,K01939,K01945,K01952,K06863,K08289,K11175,K11176,K11787,K11788,K11808,K13713,K18532,K18533,K23264,K23265,K23269,K23270",29,"M00048,M00049",20990,0.981
K01758,1.0,1.0,587.0,NC_005042.1_401,587.0,5.3e-151,500.8,5.9e-151,500.7,73.0,456.0,10.0,387.0,K01758,500.8,1.0,1.0,600.67,full,False,True,False,K01697,1,M00338,11766,0.55
K01760,0.547,0.096,492.0,NC_005042.1_401,492.0,1.7000000000000001e-125,415.9,1.9e-125,415.8,80.0,454.0,11.0,388.0,K01758,500.8,2.7704694664338943e-26,2.7704694664338943e-26,489.27,full,True,True,False,"K00003,K00133,K00548,K00549,K00641,K00651,K00928,K12524,K12525,K14155,K24042",11,M00017,7906,0.369
K01770,1.0,1.0,251.0,NC_005042.1_1366,251.0,3.1e-74,246.2,3.5e-74,246.1,52.0,213.0,232.0,406.0,K01770,246.2,0.9998150102326013,1.0,240.97,domain,False,False,False,"K00099,K00919,K00991,K01662,K01823,K03526,K03527",7,M00096,7344,0.343
K01772,1.0,1.0,513.0,NC_005042.1_520,513.0,7.9e-136,450.5,9.3e-136,450.3,63.0,381.0,3.0,330.0,K01772,450.5,1.0,1.0,76.83,full,False,False,False,"K00228,K00230,K00231,K00435,K00643,K01599,K01698,K01719,K01749,K01845,K01885,K02492,K02495,K08973,K13542,K13543",16,"M00121,M00868,M00926",17132,0.801
K01778,1.0,1.0,375.0,NC_005042.1_955,375.0,9.7e-99,327.7,1.1e-98,327.6,65.0,328.0,4.0,283.0,K01778,327.7,1.0,1.0,80.17,full,False,False,False,"K00133,K00215,K00674,K00821,K00841,K00928,K01439,K01586,K01714,K05822,K05823,K10206,K12524,K12525,K12526,K14267",16,"M00016,M00525,M00527",18048,0.843
K01780,0.001,0.0,279.0,NC_005042.1_955,279.0,1.2e-06,25.1,1.2e-05,21.8,65.0,276.0,77.0,285.0,K01778,327.7,8.096984577730011e-92,8.096984577730011e-92,158.3,full,True,True,False,"K23120,K23122",2,M00949,529,0.025
K01782,0.207,0.119,759.0,NC_005042.1_1062,759.0,1.1e-17,60.5,1.3e-17,60.2,35.0,232.0,28.0,229.0,K01661,443.2,6.249145828811183e-116,6.249145828811183e-116,804.2,domain,True,True,False,"K00135,K00232,K00249,K00252,K00255,K00468,K00626,K00632,K01041,K01506,K01692,K01825,K06445,K07250,K07508,K07509,K07511,K07513,K07514,K07515,K09479,K10527,K14268,K15736,K15737",25,"M00087,M00957",8835,0.413
K01783,1.0,1.0,387.0,NC_005042.1_843,387.0,3.8e-77,256.9,4.1e-77,256.8,86.0,300.0,12.0,239.0,K01783,256.9,1.0,1.0,248.73,full,False,False,False,"K00033,K00036,K00134,K00150,K00615,K00616,K00855,K00927,K01057,K01086,K01100,K01601,K01602,K01623,K01624,K01803,K01807,K01808,K01810,K02446,K02689,K02690,K02691,K02692,K02693,K02694,K02703,K02704,K02705,K02706,K02707,K02708,K03841,K05298,K06859,K07404,K08928,K08929,K11532,K13810,K13937,K15916,K19243",43,"M00004,M00007,M00165,M00611,M00612",21226,0.992
K01784,1.0,1.0,461.0,NC_005042.1_1327,461.0,5.3e-114,378.8,5.9e-114,378.6,62.0,366.0,3.0,346.0,K01784,378.8,1.0,1.0,259.5,domain,False,False,False,"K00849,K00965,K01785",3,M00632,18415,0.86
K01785,0.574,0.369,518.0,NC_005042.1_1780,518.0,2.8e-07,26.9,9.3e-06,21.9,93.0,248.0,20.0,169.0,K01792,111.0,4.823667509197513e-26,4.823667509197513e-26,54.37,domain,True,True,False,"K00849,K00965,K01784",3,M00632,15547,0.726
K01790,0.49,0.235,,,,1000.0,0.0,,,,,,,,,,0.0,,,,,,"K00067,K00973,K01710",3,M00793,12397,0.579
K01799,0.03,0.024,,,,1000.0,0.0,,,,,,,,,,0.0,,,,,,"K13995,K14974,K15357,K18028,K18029,K18030",6,M00622,3933,0.184
K01800,0.006,0.006,299.0,NC_005042.1_133,299.0,4.5e-17,59.0,3.9e-16,55.9,62.0,228.0,2.0,192.0,K22077,71.9,9.476123728896625e-05,9.476123728896625e-05,189.5,domain,True,True,False,,0,M00044,1964,0.092
K01803,1.0,1.0,383.0,NC_005042.1_903,383.0,1.6e-89,297.6,1.7e-89,297.5,35.0,276.0,1.0,240.0,K01803,297.6,1.0,1.0,28.47,domain,False,False,False,"K00134,K00150,K00615,K00844,K00845,K00850,K00855,K00873,K00886,K00918,K00927,K01086,K01100,K01596,K01601,K01602,K01610,K01622,K01623,K01624,K01689,K01783,K01807,K01808,K01810,K01834,K02446,K02689,K02690,K02691,K02692,K02693,K02694,K02703,K02704,K02705,K02706,K02707,K02708,K03841,K04041,K05298,K06859,K08074,K08928,K08929,K11389,K11532,K11645,K12406,K13810,K15633,K15634,K15635,K15916,K16305,K16306,K16370,K21071,K25026",60,"M00001,M00002,M00003,M00165,M00611,M00612",21329,0.997
K01807,1.0,1.0,441.0,NC_005042.1_1670,441.0,8.4e-93,308.6,9.099999999999999e-93,308.5,128.0,352.0,6.0,234.0,K01807,308.6,1.0,1.0,53.87,full,False,False,False,"K00033,K00036,K00134,K00150,K00615,K00616,K00855,K00927,K01057,K01086,K01601,K01602,K01623,K01624,K01783,K01803,K01808,K01810,K02446,K02689,K02690,K02691,K02692,K02693,K02694,K02703,K02704,K02705,K02706,K02707,K02708,K03841,K05298,K06859,K07404,K08093,K08094,K08928,K08929,K11532,K13810,K13831,K19243",43,"M00004,M00007,M00165,M00580,M00611,M00612",12873,0.602
K01808,0.693,0.243,285.0,NC_005042.1_1771,285.0,2.5e-08,30.8,2.6e-08,30.7,2.0,93.0,1.0,96.0,K25307,184.8,4.3790286164979623e-47,4.3790286164979623e-47,183.07,full,True,True,False,"K00033,K00036,K00134,K00150,K00615,K00616,K00855,K00927,K01057,K01100,K01601,K01602,K01623,K01624,K01783,K01803,K01807,K01810,K02446,K02691,K03841,K06859,K07404,K08928,K08929,K11532,K13810,K13937,K15916,K19243",30,"M00004,M00007,M00165,M00611,M00612",12621,0.59
K01810,1.0,1.0,866.0,NC_005042.1_953,866.0,4e-116,386.3,5.4e-116,385.9,240.0,715.0,13.0,473.0,K01810,386.3,1.0,1.0,169.87,domain,False,False,False,"K00033,K00036,K00134,K00150,K00615,K00616,K00844,K00845,K00850,K00873,K00886,K00918,K00927,K01057,K01623,K01624,K01689,K01783,K01803,K01807,K01808,K01834,K06859,K07404,K08074,K11389,K11645,K12406,K13810,K13937,K15633,K15634,K15635,K15916,K16306,K16370,K19243,K21071,K25026",39,"M00001,M00004",19584,0.915
K01812,0.149,0.057,,,,1000.0,0.0,,,,,,,,,,0.0,,,,,,"K00040,K00041,K00874,K01625,K01685,K01686,K08323,K16849,K16850,K17463",10,"M00061,M00631",6111,0.286
K01814,1.0,1.0,454.0,NC_005042.1_876,454.0,1.9e-89,297.6,2.1e-89,297.5,158.0,396.0,1.0,243.0,K01814,297.6,1.0,1.0,249.4,domain,False,False,False,"K00013,K00765,K00817,K01089,K01496,K01523,K01663,K01693,K02500,K02501,K02502,K04486,K11755,K14152,K18649",15,M00026,14874,0.695
K01817,1.0,1.0,334.0,NC_005042.1_533,334.0,2.4e-57,191.6,2.7e-57,191.4,32.0,236.0,39.0,252.0,K01817,191.6,1.0,1.0,208.83,domain,False,True,False,"K00766,K01609,K01657,K01658,K01694,K01695,K01696,K06001,K13501,K13503,K24017",11,M00023,13095,0.612
K01821,0.194,0.182,162.0,NC_005042.1_1215,162.0,1.7e-07,28.1,1.4e-06,25.1,46.0,101.0,1.0,109.0,K07253,124.2,1.1776532004876812e-29,1.1776532004876812e-29,31.83,full,True,True,False,"K00446,K01617,K01666,K02554,K04073,K07104,K10216,K10217,K18364,K18365,K18366",11,M00569,10901,0.509
K01823,0.506,0.093,,,,1000.0,0.0,,,,,,,,,,0.0,,,,,,"K00021,K00054,K00099,K00626,K00795,K00869,K00919,K00938,K00991,K01597,K01641,K01662,K01770,K03186,K03526,K03527,K06981,K12506,K13787,K13789,K17942,K18690,K25518",23,"M00095,M00096,M00364,M00365,M00849",7793,0.364
K01825,0.115,0.024,717.0,NC_005042.1_1062,717.0,2.4e-16,55.9,3.3e-16,55.4,6.0,208.0,26.0,231.0,K01661,443.2,2.5768116739655082e-117,2.5768116739655082e-117,740.2,domain,True,True,False,"K00135,K00468,K00632,K01041,K01506,K01782,K06445,K07508,K07509,K07511,K14268,K15736,K15737",13,"M00087,M00957",4000,0.187
K01826,0.046,0.036,,,,1000.0,0.0,,,,,,,,,,0.0,,,,,,"K00151,K00455,K05921",3,M00533,4878,0.228
K01834,0.513,0.239,410.0,NC_005042.1_510,410.0,3.4e-59,197.9,5.4e-34,114.9,131.0,335.0,228.0,414.0,K22305,369.8,1.790373929925209e-52,1.790373929925209e-52,149.1,domain,True,True,False,"K00134,K00150,K00844,K00845,K00850,K00873,K00886,K00918,K00927,K01086,K01596,K01610,K01622,K01623,K01624,K01689,K01803,K01810,K02446,K03841,K04041,K06859,K08074,K11532,K11645,K12406,K13810,K15633,K15634,K15635,K15916,K16306,K16370,K21071,K25026",35,"M00001,M00002,M00003",12492,0.584
K01835,1.0,1.0,688.0,NC_005042.1_92,688.0,2.2e-194,644.8,2.6e-194,644.6,107.0,637.0,16.0,552.0,K01835,644.8,1.0,1.0,352.47,domain,False,False,False,"K00688,K00705,K00844,K00845,K00886,K00963,K01196,K01200,K02438,K12447,K15778,K16153,K22451,K25026",14,"M00549,M00855",10590,0.495
K01845,1.0,1.0,608.0,NC_005042.1_477,608.0,6.6e-202,669.2,7.4e-202,669.0,127.0,537.0,1.0,412.0,K01845,669.2,1.0,1.0,311.83,domain,False,False,False,"K00228,K00230,K00231,K00435,K00589,K01599,K01698,K01719,K01749,K01772,K01885,K02302,K02303,K02304,K02492,K02495,K02496,K03794,K08973,K13542,K13543,K24866",22,"M00121,M00846,M00926",16116,0.753
K01846,0.002,0.002,204.0,NC_005042.1_966,204.0,9.6e-10,35.4,460.0,-2.8,63.0,82.0,455.0,475.0,K00548,1169.8,0.0,0.0,103.23,full,True,True,False,"K04835,K19268",2,M00740,1002,0.047
K01847,0.22,0.066,,,,1000.0,0.0,,,,,,,,,,0.0,,,,,,"K00023,K00239,K00240,K00241,K00626,K01679,K01848,K01849,K01961,K01962,K01963,K01964,K01965,K01966,K02160,K05606,K08691,K08928,K08929,K09709,K11263,K14446,K14447,K14448,K14449,K14451,K14468,K14469,K14470,K14471,K14472,K15036,K15052,K17865,K18472,K19312",36,"M00373,M00376,M00613,M00741",6556,0.306
K01848,0.011,0.006,,,,1000.0,0.0,,,,,,,,,,0.0,,,,,,"K01849,K01964,K01965,K11263,K14449,K14465,K14469,K14470,K15019,K15036,K18472,K19312",12,"M00375,M00376,M00613,M00741",1941,0.091
K01849,0.005,0.003,138.0,NC_005042.1_966,138.0,1.2e-10,38.0,5.8e-10,35.8,5.0,96.0,728.0,818.0,K00548,1169.8,0.0,0.0,177.43,domain,True,True,False,"K01848,K01964,K14449,K14469,K14470,K15019,K15036,K18472",8,"M00375,M00376,M00613,M00741",1295,0.061
K01850,0.0,0.0,,,,1000.0,0.0,,,,,,,,,,0.0,,,,,,,0,"M00024,M00025,M00040",3,0.0
K01856,0.041,0.019,444.0,NC_005042.1_203,444.0,1.1e-17,60.8,4.9e-15,52.0,203.0,292.0,142.0,230.0,K02549,140.7,8.865502292588607e-25,8.865502292588607e-25,373.83,full,True,True,False,"K03381,K03464,K14727",3,M00568,3532,0.165
K01885,1.0,1.0,685.0,NC_005042.1_467,685.0,2.9e-164,545.5,3.3000000000000004e-164,545.4,83.0,531.0,6.0,479.0,K01885,545.5,0.999999999968793,1.0,316.97,domain,False,False,False,"K00228,K00230,K00231,K01599,K01698,K01719,K01749,K01772,K01845,K02492,K02495,K08973,K13542,K13543",14,M00121,14039,0.656
K01895,1.0,1.0,755.0,NC_005042.1_1050,755.0,0.0,1017.2,0.0,1017.1,78.0,697.0,24.0,656.0,K01895,1017.2,1.0,1.0,754.57,domain,False,False,False,"K00125,K00197,K00200,K00201,K00202,K00204,K00205,K00320,K00577,K00579,K00583,K00584,K00625,K00672,K00925,K01499,K03388,K03389,K03390,K04480,K08264,K08265,K11260,K11261,K13942,K14081,K14083,K14084,K14126,K14127,K14128,K16176,K16177,K16178,K16179,K22480,K22482,K22516",38,"M00357,M00617",14751,0.689
K01897,1.0,1.0,1077.0,NC_005042.1_395,1077.0,3.6e-136,452.6,4.0999999999999995e-136,452.3,460.0,945.0,73.0,665.0,K01897,452.6,1.0,1.0,457.1,domain,False,True,False,K15013,1,M00086,12684,0.593
K01899,0.006,0.003,,,,1000.0,0.0,,,,,,,,,,0.0,,,,,,K00236,1,"M00009,M00011",1386,0.065
K01900,0.0,0.0,542.0,NC_005042.1_1432,542.0,1.3e-06,23.9,1.7e-06,23.6,95.0,153.0,114.0,171.0,K01945,564.9,1.3892242184281938e-163,1.3892242184281938e-163,574.27,full,True,True,False,,0,"M00009,M00011",109,0.005
K01902,0.52,0.324,,,,1000.0,0.0,,,,,,,,,,0.0,,,,,,"K00024,K00025,K00026,K00030,K00031,K00116,K00164,K00169,K00170,K00171,K00172,K00174,K00175,K00176,K00177,K00234,K00235,K00236,K00239,K00240,K00241,K00242,K00244,K00245,K00246,K00247,K00382,K00626,K00658,K01006,K01007,K01595,K01616,K01647,K01659,K01676,K01679,K01681,K01682,K01900,K01903,K01958,K01959,K01960,K03737,K08940,K08941,K08942,K08943,K14465,K14467,K14534,K15016,K15017,K15038,K15230,K15231,K18118,K18209,K18210,K25774",61,"M00009,M00011,M00173,M00374,M00614,M00620",14559,0.68
K01903,0.549,0.368,494.0,NC_005042.1_1432,494.0,3.7e-06,22.6,5.5e-06,22.0,72.0,143.0,123.0,190.0,K01945,564.9,5.642003502472048e-164,5.642003502472048e-164,502.57,domain,True,True,False,"K00024,K00025,K00026,K00030,K00031,K00116,K00164,K00169,K00170,K00171,K00172,K00174,K00175,K00176,K00177,K00234,K00235,K00236,K00239,K00240,K00241,K00242,K00244,K00245,K00246,K00247,K00382,K00626,K00658,K01006,K01007,K01595,K01616,K01647,K01659,K01676,K01679,K01681,K01682,K01899,K01902,K01958,K01959,K01960,K03737,K08940,K08941,K08942,K08943,K14465,K14467,K14534,K15016,K15017,K15038,K15230,K15231,K18118,K18209,K25774",60,"M00009,M00011,M00173,M00374,M00614,M00620",15523,0.725
K01906,0.001,0.0,,,,1000.0,0.0,,,,,,,,,,0.0,,,,,,K19563,1,M00577,525,0.025
K01911,1.0,1.0,598.0,NC_005042.1_202,598.0,1.7999999999999998e-70,235.2,2.0999999999999998e-70,234.9,130.0,450.0,46.0,405.0,K01911,235.2,1.0,1.0,349.7,domain,False,True,False,"K01661,K02548,K02549,K02551,K02552,K03183,K08680,K12073,K14759,K14760,K17872,K19222,K23094,K23095",14,"M00116,M00932",8556,0.4
K01912,0.213,0.151,630.0,NC_005042.1_108,630.0,3.9000000000000004e-22,75.3,3.9e-10,35.6,7.0,166.0,9.0,220.0,K06158,598.9,2.402670799818886e-158,2.402670799818886e-158,263.83,domain,True,True,False,"K00074,K01692,K02609,K02610,K02611,K02612,K02613,K02615,K02618,K15866",10,M00878,9948,0.465
K01915,1.0,1.0,771.0,NC_005042.1_1047,771.0,2e-83,277.9,2.1999999999999997e-83,277.7,105.0,488.0,12.0,472.0,K20712,642.4,1.8817701730560453e-110,1.0,40.6,domain,True,False,True,"K00611,K01755,K01940,K01955,K01956",5,M00978,8727,0.408
K01916,0.45,0.19,602.0,NC_005042.1_1626,602.0,1.5e-74,248.5,1.6000000000000001e-74,248.4,161.0,398.0,257.0,557.0,K01950,419.4,3.5807478598504246e-52,3.5807478598504246e-52,289.5,domain,True,True,False,"K00278,K00452,K00453,K00486,K00767,K00969,K01432,K01556,K03517,K06210,K06989,K07130,K14263",13,"M00115,M00912",11161,0.522
K01918,1.0,1.0,440.0,NC_005042.1_1770,440.0,4.1e-99,329.4,4.9e-99,329.2,120.0,397.0,4.0,285.0,K13799,715.7,5.153623347930733e-117,1.0,41.33,domain,True,False,True,"K00077,K00606,K00826,K01579,K13799",5,M00119,16541,0.773
K01919,0.511,0.233,630.0,NC_005042.1_1755,630.0,5.5e-09,32.3,6.9e-09,31.9,190.0,434.0,116.0,346.0,K06048,107.7,2.0060341727085463e-23,2.0060341727085463e-23,137.27,full,True,True,False,"K01920,K11205,K21456",3,M00118,12336,0.576
K01920,1.0,1.0,366.0,NC_005042.1_206,366.0,1.0999999999999999e-116,386.3,1.2e-116,386.2,18.0,324.0,1.0,304.0,K01920,386.3,1.0,1.0,140.7,full,False,False,False,"K01919,K11205,K21456",3,M00118,10199,0.477
K01922,0.0,0.0,,,,1000.0,0.0,,,,,,,,,,0.0,,,,,,,0,M00120,0,0.0
K01923,1.0,1.0,440.0,NC_005042.1_1431,440.0,1.1e-55,186.3,1.3e-55,186.1,109.0,361.0,9.0,235.0,K01923,186.3,1.0,1.0,159.87,full,False,False,False,"K00601,K00602,K00764,K01492,K01587,K01588,K01589,K01756,K01933,K01945,K01952,K06863,K08289,K11175,K11176,K11787,K11788,K11808,K13713,K23264,K23265,K23269,K23270",23,M00048,20507,0.958
K01932,0.002,0.001,520.0,NC_005042.1_1388,520.0,2.4e-05,20.0,0.00011,17.8,230.0,286.0,168.0,226.0,K11754,360.8,2.564351047164684e-103,2.564351047164684e-103,149.53,full,True,True,False,"K22116,K22976,K22981",3,M00860,972,0.045
K01933,1.0,1.0,598.0,NC_005042.1_1769,598.0,2.4e-155,515.3,2.8e-155,515.1,219.0,553.0,1.0,335.0,K01933,515.3,1.0,1.0,191.07,domain,False,False,False,"K00601,K00602,K00764,K01492,K01587,K01588,K01589,K01756,K01923,K01945,K01952,K06863,K08289,K11175,K11176,K11787,K11808,K13713,K23264,K23265,K23269,K23270",22,M00048,19690,0.92
K01935,1.0,1.0,336.0,NC_005042.1_1651,336.0,1.1e-63,212.7,1.1e-63,212.6,54.0,265.0,7.0,203.0,K01935,212.7,1.0,1.0,122.93,full,False,False,False,"K00652,K00833,K01012,K01906,K16593,K19563,K25570",7,"M00123,M00573,M00577,M00950",12966,0.606
K01937,1.0,1.0,865.0,NC_005042.1_1877,865.0,6.8e-263,871.7,8e-263,871.5,175.0,727.0,2.0,535.0,K01937,871.7,1.0,1.0,98.47,full,False,False,False,"K00940,K09903,K13800,K13809,K18533",5,M00052,20658,0.965
K01938,0.241,0.138,,,,1000.0,0.0,,,,,,,,,,0.0,,,,,,"K00194,K00197,K00198,K00297,K00300,K00600,K00625,K00925,K01491,K01500,K05299,K13788,K14138,K15022,K15023,K15024,K22015,K25007,K25008,K25123,K25124",21,"M00140,M00377,M00618",9489,0.443
K01939,1.0,1.0,637.0,NC_005042.1_501,637.0,3.599999999999999e-189,627.0,4.3999999999999996e-189,626.7,152.0,567.0,1.0,421.0,K01939,627.0,1.0,1.0,141.1,full,False,False,False,"K00939,K00940,K00944,K01756,K18532,K18533",6,M00049,20965,0.98
K01940,1.0,1.0,553.0,NC_005042.1_1899,553.0,3.1999999999999997e-171,567.7,3.4999999999999995e-171,567.5,123.0,511.0,5.0,396.0,K01940,567.7,1.0,1.0,133.9,full,False,False,False,"K00145,K00611,K00821,K01438,K01755,K01915,K01955,K01956,K09065,K14681,K22478",11,"M00844,M00845,M00978",19337,0.904
K01945,1.0,1.0,531.0,NC_005042.1_1432,531.0,1.5e-170,564.9,1.8e-170,564.6,39.0,456.0,15.0,437.0,K01945,564.9,1.0,1.0,138.73,domain,False,False,False,"K00601,K00602,K00764,K01492,K01587,K01588,K01589,K01756,K01923,K01933,K01952,K06863,K08289,K11175,K11176,K11787,K11788,K11808,K23264,K23265,K23269,K23270",22,M00048,20506,0.958
K01947,0.0,0.0,578.0,NC_005042.1_426,578.0,4.0000000000000004e-23,78.5,4.6e-23,78.3,75.0,212.0,22.0,160.0,K03524,118.6,8.485885623813535e-13,8.485885623813535e-13,504.17,full,True,True,False,,0,M00120,409,0.019
K01950,1.0,1.0,806.0,NC_005042.1_1626,806.0,3.3e-126,419.4,4.1000000000000004e-126,419.2,132.0,709.0,1.0,561.0,K01950,419.4,1.0,1.0,496.9,full,False,True,False,"K00278,K00452,K00453,K00463,K00486,K00767,K00969,K01432,K01556,K03517,K06210,K06989,K07130",13,"M00115,M00912",11565,0.54
K01951,1.0,1.0,686.0,NC_005042.1_38,686.0,1.1e-223,741.5,1.2000000000000001e-223,741.4,134.0,629.0,11.0,528.0,K01951,741.5,1.0,1.0,104.1,full,False,False,False,"K00088,K00940,K00942,K18533",4,M00050,21188,0.99
K01952,0.767,0.198,1806.0,NC_005042.1_3,1806.0,3.3e-68,227.2,0.00024,15.5,418.0,463.0,21.0,66.0,K23269,1099.2,3.1757315306546427e-263,3.1757315306546427e-263,654.6,full,True,True,False,"K00601,K00602,K00764,K01588,K01589,K01756,K01923,K01933,K01945,K06863,K08289,K11175,K11176,K11787,K11808",15,M00048,11395,0.532
K01954,0.0,0.0,1607.0,NC_005042.1_899,1607.0,0.0,1058.4,0.0,1056.0,481.0,1579.0,6.0,1082.0,K01955,1709.6,9.316801090904393e-197,9.316801090904393e-197,2228.33,full,True,True,False,,0,M00051,26,0.001
K01955,1.0,1.0,1315.0,NC_005042.1_899,1315.0,0.0,1709.6,0.0,1709.4,110.0,1153.0,1.0,1102.0,K01955,1709.6,1.0,1.0,1529.4,full,False,False,False,"K00226,K00254,K00608,K00609,K00610,K00611,K00762,K01465,K01591,K01755,K01915,K01940,K01954,K01956,K11541,K13421,K17828",17,"M00051,M00978",20025,0.936
K01956,1.0,1.0,650.0,NC_005042.1_747,650.0,1.7000000000000001e-178,592.3,1.9e-178,592.1,165.0,520.0,10.0,380.0,K01956,592.3,1.0,1.0,516.4,domain,False,False,False,"K00226,K00254,K00608,K00609,K00610,K00611,K00762,K01465,K01591,K01755,K01915,K01940,K01954,K01955,K11540,K11541,K13421,K17828",18,"M00051,M00978",20337,0.95
K01957,0.0,0.0,607.0,NC_005042.1_60,607.0,3.3e-83,277.0,3e-82,273.9,1.0,602.0,1.0,651.0,K24327,606.7,5.628730165203183e-100,5.628730165203183e-100,1405.93,full,True,True,False,,0,M00904,8,0.0
K01958,0.386,0.081,1802.0,NC_005042.1_76,1802.0,2.6e-205,681.6,3.1e-205,681.3,63.0,511.0,2.0,445.0,K01961,834.0,1.327482060626706e-46,1.327482060626706e-46,853.4,full,True,True,False,"K00024,K00031,K00169,K00170,K00171,K00172,K00174,K00175,K00176,K00239,K00240,K00241,K00242,K01006,K01007,K01676,K01677,K01678,K01679,K01902,K01903",21,"M00173,M00614",7300,0.341
K01959,0.015,0.007,504.0,NC_005042.1_76,504.0,3.3e-213,705.5,3.6e-213,705.3,5.0,447.0,4.0,447.0,K01961,834.0,2.0780000667823287e-39,2.0780000667823287e-39,744.37,domain,True,True,False,"K01960,K08942,K15230,K15231",4,"M00173,M00614,M00620",2120,0.099
K01960,0.018,0.011,600.0,NC_005042.1_1144,600.0,1e-15,54.1,2e-11,39.9,157.0,255.0,153.0,255.0,K01649,655.5,9.131888658747611e-182,9.131888658747611e-182,750.43,domain,True,True,False,"K00176,K00177,K01959,K08940,K08941,K08942,K08943,K15230,K15231",9,"M00173,M00614,M00620",2707,0.126
K01961,1.0,1.0,694.0,NC_005042.1_76,694.0,1e-251,834.0,1.1999999999999998e-251,833.8,59.0,501.0,4.0,446.0,K01961,834.0,1.0,1.0,728.9,domain,False,False,False,"K00239,K00240,K00241,K00645,K00648,K00665,K01679,K01847,K01848,K01849,K01962,K01963,K02160,K05606,K08691,K08928,K08929,K09709,K11262,K11263,K11533,K14449,K14468,K14469,K14470,K14471,K14472,K15052,K18473",29,"M00082,M00376,M00613",16662,0.779
K01962,1.0,1.0,515.0,NC_005042.1_529,515.0,9e-158,523.2,1.1e-157,522.9,92.0,403.0,7.0,317.0,K01962,523.2,1.0,1.0,385.87,domain,False,False,False,"K00239,K00240,K00241,K00645,K00648,K00665,K01679,K01847,K01848,K01849,K01961,K01963,K02160,K05606,K08691,K08928,K08929,K09709,K11533,K14449,K14468,K14469,K14470,K14471,K14472,K15052,K18473",27,"M00082,M00376,M00613",15456,0.722
K01963,1.0,1.0,401.0,NC_005042.1_863,401.0,4e-140,464.2,5.1e-140,463.8,74.0,333.0,24.0,283.0,K01963,464.2,1.0,1.0,342.8,domain,False,False,False,"K00239,K00240,K00241,K00645,K00648,K00665,K01679,K01847,K01848,K01849,K01961,K01962,K02160,K05606,K08691,K08928,K08929,K09709,K11533,K14449,K14468,K14469,K14470,K14471,K14472,K15052,K18473",27,"M00082,M00376,M00613",15437,0.721
K01964,0.0,0.0,512.0,NC_005042.1_76,512.0,1.4e-146,485.7,1.7e-146,485.4,4.0,449.0,3.0,445.0,K01961,834.0,1.4166171990570301e-105,1.4166171990570301e-105,979.53,full,True,True,False,,0,"M00375,M00741",12,0.001
K01965,0.06,0.026,834.0,NC_005042.1_76,834.0,3.7e-212,703.7,4.1e-212,703.6,63.0,503.0,4.0,445.0,K01961,834.0,5.96748814599159e-40,5.96748814599159e-40,877.23,full,True,True,False,"K00023,K00626,K01847,K01848,K01849,K01964,K01966,K05606,K08691,K11263,K14446,K14447,K14448,K14449,K14451,K15036,K17865,K18472,K19312",19,"M00373,M00741",4144,0.194
K01966,0.138,0.105,733.0,NC_005042.1_863,733.0,5.1e-21,71.7,2.4e-19,66.2,179.0,294.0,59.0,186.0,K01963,464.2,7.010140169621114e-119,7.010140169621114e-119,874.27,full,True,True,False,"K00023,K00626,K01847,K01848,K01849,K01964,K01965,K05606,K08691,K11263,K14446,K14447,K14448,K14449,K14451,K15036,K17865,K18472,K19312",19,"M00373,M00741",8294,0.388
K01968,0.251,0.094,1036.0,NC_005042.1_76,1036.0,2.4e-227,754.8,2.8000000000000003e-227,754.5,251.0,692.0,3.0,445.0,K01961,834.0,1.440205096411261e-24,1.440205096411261e-24,947.27,full,True,True,False,"K00166,K00167,K00249,K00253,K00382,K00826,K01640,K01969,K05607,K09699,K11381,K13766",12,M00036,7850,0.367
K01969,0.294,0.139,836.0,NC_005042.1_529,836.0,0.0058,12.0,0.008,11.5,206.0,291.0,135.0,217.0,K01962,523.2,1.2985725449601412e-154,1.2985725449601412e-154,775.03,full,True,True,False,"K00166,K00167,K00249,K00253,K00382,K00826,K01640,K01968,K05607,K09699,K11381,K13766",12,M00036,9526,0.445
K02045,0.426,0.114,484.0,NC_005042.1_221,484.0,3.0000000000000003e-107,356.3,1.1e-41,140.1,86.0,320.0,9.0,256.0,K02031,644.3,2.0092776248879215e-87,2.0092776248879215e-87,439.73,domain,True,True,False,"K00380,K00381,K00390,K00392,K00860,K00955,K00956,K00957,K00958,K02046,K02047,K02048,K23163",13,M00616,8642,0.404
K02046,0.425,0.114,339.0,NC_005042.1_483,339.0,3.3e-20,69.0,63.0,-1.0,128.0,152.0,360.0,384.0,K02011,311.5,1.0005206382637056e-73,1.0005206382637056e-73,277.97,domain,True,True,False,"K00380,K00381,K00390,K00392,K00860,K00955,K00956,K00957,K00958,K02045,K02047,K02048,K23163",13,M00616,8623,0.403
K02047,0.425,0.113,349.0,NC_005042.1_483,349.0,7.3e-14,48.2,0.043,9.5,211.0,248.0,421.0,458.0,K02011,311.5,5.4802723470405755e-80,5.4802723470405755e-80,277.27,full,True,True,False,"K00380,K00381,K00390,K00392,K00860,K00955,K00956,K00957,K00958,K02045,K02046,K02048,K23163",13,M00616,8593,0.402
K02048,0.319,0.031,,,,1000.0,0.0,,,,,,,,,,0.0,,,,,,"K00380,K00381,K00390,K00860,K00955,K00956,K00957,K02045,K02046,K02047,K23163",11,M00616,4479,0.209
K02078,1.0,1.0,212.0,NC_005042.1_1792,212.0,9.900000000000001e-33,110.7,1.1e-32,110.6,86.0,163.0,1.0,79.0,K02078,110.7,0.9999993708099869,1.0,41.87,domain,False,False,False,"K00645,K11263,K11608,K11609,K11610,K11611,K18472",7,"M00885,M00886",20868,0.975
K02107,0.105,0.003,218.0,NC_005042.1_1634,218.0,8.4e-08,29.1,9e-08,29.0,103.0,196.0,58.0,143.0,K02109,79.1,8.881784197001308e-16,8.881784197001308e-16,42.4,domain,True,True,False,"K02117,K02118,K02119,K02120,K02121,K02122,K02123,K02124",8,M00159,1370,0.064
K02108,1.0,1.0,318.0,NC_005042.1_1636,318.0,2.7e-72,240.4,3.1e-72,240.2,67.0,278.0,23.0,241.0,K02108,240.4,1.0,1.0,155.8,full,False,False,False,"K02109,K02110,K02111,K02112,K02113,K02114,K02115",7,M00157,19058,0.891
K02109,1.0,1.0,331.0,NC_005042.1_1634,331.0,5.3e-23,79.1,5.4e-23,79.0,71.0,205.0,15.0,151.0,K02109,79.1,1.0,1.0,42.9,domain,False,False,False,"K02108,K02110,K02111,K02112,K02113,K02114,K02115",7,M00157,20490,0.957
K02110,1.0,1.0,220.0,NC_005042.1_1635,220.0,9e-37,123.6,9.500000000000001e-37,123.5,66.0,143.0,4.0,81.0,K02110,123.6,1.0,1.0,70.07,domain,False,False,False,"K02108,K02109,K02111,K02112,K02113,K02114,K02115",7,M00157,19350,0.904
K02111,1.0,1.0,815.0,NC_005042.1_1631,815.0,1e-288,957.2,1.0999999999999999e-288,957.0,71.0,571.0,1.0,501.0,K02111,957.2,1.0,1.0,423.9,domain,False,False,False,"K02108,K02109,K02110,K02112,K02113,K02114,K02115",7,M00157,18505,0.865
K02112,1.0,1.0,609.0,NC_005042.1_1618,609.0,5.7999999999999995e-269,890.7,6.4e-269,890.6,101.0,564.0,10.0,487.0,K02133,979.6,1.7315434165212693e-27,1.0,507.5,domain,True,False,True,,0,M00157,2450,0.114
K02113,1.0,1.0,439.0,NC_005042.1_1632,439.0,6.3e-46,154.1,6.8e-46,154.0,77.0,249.0,6.0,179.0,K02113,154.1,0.9999999996707345,1.0,50.1,domain,False,False,False,"K02108,K02109,K02110,K02111,K02112,K02114,K02115",7,M00157,19478,0.91
K02114,1.0,1.0,202.0,NC_005042.1_1619,202.0,1.6e-39,132.5,1.7e-39,132.4,43.0,169.0,1.0,133.0,K02114,132.5,1.0,1.0,96.13,domain,False,False,False,"K02108,K02109,K02110,K02111,K02112,K02113,K02115",7,M00157,20615,0.963
K02115,1.0,1.0,372.0,NC_005042.1_1630,372.0,8.3e-114,377.3,9.299999999999999e-114,377.1,55.0,333.0,1.0,315.0,K02115,377.3,1.0,1.0,243.57,full,False,False,False,"K02108,K02109,K02110,K02111,K02112,K02113,K02114",7,M00157,20687,0.967
K02117,0.127,0.011,595.0,NC_005042.1_1618,595.0,2.5e-41,138.5,3.9000000000000004e-38,127.9,189.0,511.0,116.0,430.0,K02133,979.6,6.363127816563593e-254,6.363127816563593e-254,815.5,domain,True,True,False,"K02107,K02118,K02119,K02120,K02121,K02122,K02123,K02124",8,M00159,2681,0.125
K02118,0.127,0.011,459.0,NC_005042.1_1631,459.0,9.599999999999999e-54,179.5,1.1999999999999998e-53,179.2,7.0,433.0,30.0,441.0,K02111,957.2,7.744125315637949e-235,7.744125315637949e-235,697.17,full,True,True,False,"K02107,K02117,K02119,K02120,K02121,K02122,K02123,K02124",8,M00159,2684,0.125
K02119,0.115,0.006,,,,1000.0,0.0,,,,,,,,,,0.0,,,,,,"K02107,K02117,K02118,K02120,K02121,K02122,K02123,K02124",8,M00159,2005,0.094
K02120,0.127,0.011,,,,1000.0,0.0,,,,,,,,,,0.0,,,,,,"K02107,K02117,K02118,K02119,K02121,K02122,K02123,K02124",8,M00159,2684,0.125
K02121,0.939,0.939,283.0,NC_005042.1_1633,283.0,2.5e-05,20.8,3.2e-05,20.4,42.0,140.0,57.0,168.0,K02121,20.8,0.9383166365721373,0.9383166365721373,92.17,domain,False,True,False,"K02107,K02117,K02118,K02119,K02120,K02122,K02123,K02124",8,M00159,2644,0.124
K02122,0.114,0.006,,,,1000.0,0.0,,,,,,,,,,0.0,,,,,,"K02107,K02117,K02118,K02119,K02120,K02121,K02123,K02124",8,M00159,1961,0.092
K02123,0.127,0.011,643.0,NC_005042.1_1867,643.0,0.001,14.6,0.0013,14.3,379.0,509.0,20.0,190.0,K26753,50.3,1.615729170976228e-11,1.615729170976228e-11,310.6,full,True,True,False,"K02107,K02117,K02118,K02119,K02120,K02121,K02122,K02124",8,M00159,2685,0.125
K02124,0.127,0.011,164.0,NC_005042.1_1635,164.0,3.5e-13,46.3,4.1e-13,46.0,25.0,88.0,9.0,76.0,K02110,123.6,5.375035478124921e-24,5.375035478124921e-24,75.7,domain,True,True,False,"K02107,K02117,K02118,K02119,K02120,K02121,K02122,K02123",8,M00159,2645,0.124
K02160,1.0,1.0,180.0,NC_005042.1_27,180.0,7.7e-51,169.5,8.6e-51,169.3,30.0,161.0,4.0,170.0,K02160,169.5,1.0,1.0,89.33,domain,False,False,False,"K00239,K00240,K00241,K00645,K00648,K00665,K00667,K00668,K01679,K01847,K01848,K01849,K01961,K01962,K01963,K05606,K08691,K08928,K08929,K09709,K11262,K11263,K11533,K14449,K14468,K14469,K14470,K14471,K14472,K15052,K18473",31,"M00082,M00376,M00613",16369,0.765
K02169,1.0,1.0,347.0,NC_005042.1_1650,347.0,7.1e-40,134.1,7.7e-40,134.0,55.0,292.0,7.0,244.0,K02169,134.1,1.0,1.0,167.07,domain,False,True,False,"K00059,K00208,K00647,K02170,K02372,K09458,K09789,K19560,K19561",9,M00572,12384,0.579
K02170,0.66,0.119,393.0,NC_005042.1_1781,393.0,4.2999999999999996e-24,82.3,8.9e-07,25.3,298.0,362.0,234.0,299.0,K23465,89.0,0.009524536027209526,0.009524536027209526,161.33,domain,True,True,False,"K00059,K00208,K00647,K02169,K02372,K09458,K19561",7,M00572,8485,0.396
K02171,0.384,0.127,202.0,NC_005042.1_1309,202.0,1.7e-06,24.7,3e-06,23.9,72.0,138.0,118.0,183.0,K04773,279.1,2.6179967500265422e-77,2.6179967500265422e-77,54.03,full,True,True,False,"K02172,K17836,K18766",3,M00627,9113,0.426
K02172,0.266,0.041,507.0,NC_005042.1_1898,507.0,5.4,2.1,6.4,1.9,434.0,488.0,81.0,189.0,K02990,82.0,8.865502292588545e-25,8.865502292588545e-25,140.23,full,True,True,False,"K02171,K17836",2,M00627,5180,0.242
K02188,1.0,1.0,519.0,NC_005042.1_37,519.0,1.7000000000000002e-74,248.4,2e-74,248.1,67.0,411.0,2.0,365.0,K02188,248.4,1.0,1.0,99.9,full,False,False,False,"K00595,K02189,K02190,K02191,K02224,K02302,K02303,K02304,K03394,K03399,K03795,K05895,K05934,K05936,K06042,K13541,K13542,K21479,K22011,K24866",20,M00924,5732,0.268
K02189,1.0,1.0,523.0,NC_005042.1_1697,523.0,1.1e-71,239.0,5e-71,236.7,215.0,484.0,36.0,354.0,K13541,646.8,1.7376718602197222e-123,1.0,86.73,domain,True,False,True,"K00595,K02188,K02190,K02191,K02224,K02302,K02303,K02304,K03394,K03399,K03795,K05895,K05934,K05936,K06042,K13541,K13542,K21479,K22011,K24866",20,M00924,6657,0.311
K02190,0.359,0.01,382.0,NC_005042.1_810,382.0,4.1e-13,45.8,0.15,7.7,103.0,143.0,185.0,225.0,K03795,323.5,2.5349547074579143e-84,2.5349547074579143e-84,125.0,full,True,True,False,"K02188,K02189,K02191,K02304,K03394,K03399,K05934,K05936,K06042,K24866",10,M00924,2504,0.117
K02191,0.199,0.005,213.0,NC_005042.1_1355,213.0,3.6e-32,108.2,4.7e-32,107.8,14.0,201.0,239.0,432.0,K00595,298.2,6.372367644529907e-58,6.372367644529907e-58,213.4,domain,True,True,False,"K02188,K02190,K03394,K03399,K05934,K22011",6,M00924,1739,0.081
K02201,0.0,0.0,,,,1000.0,0.0,,,,,,,,,,0.0,,,,,,,0,"M00120,M00914",0,0.0
K02203,0.006,0.006,203.0,NC_005042.1_730,203.0,0.0024,14.3,0.0039,13.6,138.0,169.0,194.0,225.0,K07026,254.0,6.96803044183881e-73,6.96803044183881e-73,157.7,full,True,True,False,,0,"M00018,M00020",1939,0.091
K02204,0.577,0.225,383.0,NC_005042.1_802,383.0,6.1e-12,42.0,7.3e-12,41.8,39.0,288.0,28.0,333.0,K13059,180.1,2.677673365923714e-42,2.677673365923714e-42,129.67,full,True,True,False,"K00003,K00133,K00872,K00928,K01733,K02203,K12524,K12525,K12526",9,M00018,12125,0.567
K02224,1.0,1.0,611.0,NC_005042.1_1136,611.0,1.1e-153,509.7,1.3e-153,509.5,58.0,490.0,2.0,463.0,K02224,509.7,1.0,1.0,113.7,domain,False,False,False,"K00595,K02188,K02189,K02190,K02191,K02228,K02229,K02230,K02302,K02303,K02304,K03394,K03399,K03795,K05895,K05934,K05936,K06042,K09882,K09883,K13540,K13541,K13542,K21479,K22011,K24866",26,"M00924,M00925",9659,0.451
K02225,0.689,0.027,516.0,NC_005042.1_227,516.0,1.2e-44,149.7,1.5e-44,149.3,63.0,389.0,17.0,370.0,K04720,319.9,5.816942059821913e-52,5.816942059821913e-52,276.43,full,True,True,False,"K00768,K00798,K02226,K02227,K02231,K02232,K02233,K19221",8,M00122,4166,0.195
K02226,0.726,0.165,347.0,NC_005042.1_510,347.0,1.2000000000000001e-74,248.7,1.2e-29,100.8,92.0,282.0,1.0,215.0,K22200,308.1,1.3146745554203149e-18,1.3146745554203149e-18,165.73,domain,True,True,False,"K00768,K00798,K02225,K02227,K02231,K02232,K02233,K19221,K22316",9,M00122,10403,0.486
K02227,1.0,1.0,380.0,NC_005042.1_1402,380.0,6.6e-67,222.8,7.3e-67,222.6,65.0,331.0,1.0,303.0,K02227,222.8,1.0,1.0,94.47,full,False,False,False,"K00768,K00798,K02225,K02226,K02231,K02232,K02233,K19221,K22316",9,M00122,11201,0.523
K02228,0.6,0.025,387.0,NC_005042.1_382,387.0,3e-15,53.0,1.1e-14,51.2,28.0,191.0,25.0,174.0,K03394,227.4,3.16496386677434e-53,3.16496386677434e-53,153.67,full,True,True,False,"K00595,K02224,K02229,K02230,K02303,K05895,K05936,K06042,K09882,K09883,K13540,K13541",12,M00925,4074,0.19
K02229,0.603,0.035,483.0,NC_005042.1_834,483.0,4.9e-23,78.4,1.6e-13,47.0,187.0,448.0,241.0,559.0,K00392,642.3,1.7749472270299687e-170,1.7749472270299687e-170,258.1,full,True,True,False,"K00595,K02224,K02228,K02230,K02303,K05895,K05936,K06042,K09882,K09883,K13540,K13541",12,M00925,4806,0.225
K02230,1.0,1.0,1279.0,NC_005042.1_964,1279.0,0.0,1159.5,0.0,1159.3,50.0,1221.0,21.0,1246.0,K02230,1159.5,1.0,1.0,991.5,full,False,False,False,"K00595,K02224,K02228,K02229,K02303,K03394,K05895,K05936,K06042,K09882,K09883,K13540,K13541,K13542",14,M00925,6789,0.317
K02231,1.0,1.0,283.0,NC_005042.1_981,283.0,1.9e-42,141.9,2.2e-42,141.6,96.0,257.0,8.0,174.0,K02231,141.9,1.0,1.0,45.83,full,False,False,False,"K00768,K00798,K02225,K02226,K02227,K02232,K02233,K19221,K22316",9,M00122,11548,0.54
K02232,1.0,1.0,730.0,NC_005042.1_1270,730.0,2.9000000000000003e-178,591.5,3.2e-178,591.4,151.0,623.0,8.0,505.0,K02232,591.5,1.0,1.0,249.17,full,False,False,False,"K00768,K00798,K02225,K02226,K02227,K02231,K02233,K19221,K22316",9,M00122,11075,0.517
K02233,1.0,1.0,446.0,NC_005042.1_306,446.0,7.999999999999999e-56,187.0,9.3e-56,186.8,201.0,426.0,33.0,279.0,K02233,187.0,1.0,1.0,80.33,full,False,False,False,"K00768,K00798,K02225,K02226,K02227,K02231,K02232,K19221,K22316",9,M00122,11796,0.551
K02274,1.0,1.0,952.0,NC_005042.1_438,952.0,1.6e-239,794.3,1.8999999999999999e-239,794.0,290.0,801.0,17.0,531.0,K02274,794.3,1.0,1.0,760.5,domain,False,False,False,"K02275,K02276,K02277,K15408",4,M00155,11050,0.516
K02275,1.0,1.0,429.0,NC_005042.1_439,429.0,1.5e-70,235.7,1.7e-70,235.5,99.0,309.0,14.0,263.0,K02275,235.7,1.0,1.0,213.43,full,False,False,False,"K02274,K02276,K02277,K15408",4,M00155,11470,0.536
K02276,1.0,1.0,351.0,NC_005042.1_437,351.0,3.3000000000000003e-59,197.9,3.4e-59,197.8,135.0,307.0,22.0,199.0,K02276,197.9,1.0,1.0,181.27,domain,False,False,False,"K02274,K02275,K02277,K15408",4,M00155,7318,0.342
K02277,0.501,0.017,,,,1000.0,0.0,,,,,,,,,,0.0,,,,,,"K02274,K02275,K02276,K15408",4,M00155,3341,0.156
K02291,1.0,1.0,581.0,NC_005042.1_169,581.0,1.3e-109,364.6,1.5999999999999998e-109,364.3,259.0,523.0,9.0,291.0,K02291,364.6,1.0,1.0,175.8,domain,False,False,False,"K00514,K02293,K09835,K10027,K15744,K15745,K17841",7,M00097,6686,0.312
K02293,1.0,1.0,723.0,NC_005042.1_170,723.0,5.7e-254,841.4,6.3e-254,841.3,81.0,541.0,3.0,466.0,K02293,841.4,1.0,1.0,500.73,full,False,False,False,"K00514,K09835,K15744",3,M00097,791,0.037
K02297,0.364,0.066,370.0,NC_005042.1_439,370.0,3.6e-19,65.7,6.5e-19,64.9,78.0,269.0,49.0,265.0,K02275,235.7,6.681911775230651e-52,6.681911775230651e-52,332.7,full,True,True,False,"K02298,K02299,K02300",3,M00417,6565,0.307
K02298,0.361,0.063,710.0,NC_005042.1_438,710.0,8.7e-153,506.9,1.1e-152,506.5,53.0,561.0,25.0,525.0,K02274,794.3,3.0477493419624254e-87,3.0477493419624254e-87,973.9,full,True,True,False,"K02297,K02299,K02300",3,M00417,6400,0.299
K02299,0.365,0.073,333.0,NC_005042.1_437,333.0,4.4e-44,147.8,4.8e-44,147.7,33.0,220.0,17.0,200.0,K02276,197.9,8.286997679512611e-16,8.286997679512611e-16,271.83,full,True,True,False,"K02297,K02298,K02300",3,M00417,6909,0.323
K02300,1.0,1.0,186.0,NC_005042.1_989,186.0,0.16,8.4,15.0,1.9,40.0,56.0,8.0,24.0,K02300,8.4,1.0,1.0,80.33,full,False,True,False,"K02297,K02298,K02299",3,M00417,6357,0.297
K02302,0.818,0.144,524.0,NC_005042.1_1882,524.0,1e-102,341.4,1.2e-102,341.1,246.0,483.0,6.0,247.0,K02303,351.3,0.0010455593827165426,0.0010455593827165426,417.97,full,True,True,False,"K00589,K00595,K01698,K01719,K01749,K01845,K02188,K02189,K02191,K02224,K02303,K02304,K02492,K02496,K03394,K03399,K03794,K03795,K05895,K05936,K06042,K13541,K13542,K13543,K22011",25,"M00846,M00924",9663,0.452
K02303,1.0,1.0,359.0,NC_005042.1_1882,359.0,6.200000000000001e-106,351.3,7.3e-106,351.0,44.0,281.0,4.0,244.0,K02303,351.3,0.9989543922538785,1.0,248.8,full,False,False,False,"K00595,K01698,K01719,K01749,K01845,K02188,K02189,K02224,K02228,K02229,K02230,K02302,K02492,K02496,K03394,K03795,K05895,K05936,K06042,K09882,K09883,K13540,K13541,K13543,K21479,K22011,K24866",27,"M00846,M00924,M00925",7209,0.337
K02304,0.0,0.0,318.0,NC_005042.1_261,318.0,0.0016,14.6,0.0083,12.2,64.0,103.0,8.0,53.0,K13038,381.9,2.7019828778400808e-111,2.7019828778400808e-111,197.27,full,True,True,False,,0,"M00846,M00924",3,0.0
K02305,0.015,0.007,204.0,NC_005042.1_1153,204.0,4.4e-09,33.1,5e-09,32.9,37.0,151.0,24.0,128.0,K13300,56.9,4.423687407560686e-08,4.423687407560686e-08,90.3,domain,True,True,False,"K00368,K00376,K02567,K02568,K04561,K15864",6,M00529,2185,0.102
K02318,0.0,0.0,653.0,NC_005042.1_54,653.0,1.7e-24,83.1,2.0000000000000002e-24,82.9,399.0,527.0,6.0,137.0,K00859,163.7,5.457356809508491e-25,5.457356809508491e-25,330.83,full,True,True,False,,0,M00120,4,0.0
K02371,0.412,0.103,334.0,NC_005042.1_1778,334.0,6.9e-11,38.5,1.1e-10,37.9,127.0,209.0,256.0,338.0,K00101,436.7,1.3485148282004728e-120,1.3485148282004728e-120,361.43,full,True,True,False,"K00059,K00208,K00209,K00647,K00667,K00668,K02372,K09458,K10780,K11533,K16363",11,M00083,8198,0.383
K02372,1.0,1.0,283.0,NC_005042.1_1428,283.0,1.8999999999999998e-68,228.3,2.0999999999999997e-68,228.2,79.0,215.0,8.0,148.0,K02372,228.3,0.9999999996470876,1.0,70.37,full,False,False,False,"K00059,K00208,K00209,K00647,K00665,K01716,K02169,K02170,K02371,K09458,K09789,K10780,K11533,K16363,K19560,K19561",16,"M00083,M00572",16675,0.779
K02438,0.598,0.029,1292.0,NC_005042.1_1414,1292.0,4.6e-207,687.4,6e-207,687.0,7.0,669.0,14.0,692.0,K01214,762.7,2.1500141912499002e-23,2.1500141912499002e-23,1020.63,domain,True,True,False,"K00688,K00705,K01835",3,M00855,4348,0.203
K02446,0.563,0.068,382.0,NC_005042.1_844,382.0,2.1e-117,389.2,2.6000000000000002e-117,389.0,7.0,318.0,2.0,325.0,K11532,434.5,2.3085601593386817e-14,2.3085601593386817e-14,461.4,domain,True,True,False,"K00134,K00615,K00855,K00927,K01596,K01610,K01622,K01624,K01689,K01783,K01803,K01808,K01834,K02691,K03841,K11645,K15633,K15634",18,"M00003,M00165,M00611,M00612",6664,0.311
K02492,1.0,1.0,549.0,NC_005042.1_845,549.0,1.2e-142,473.3,1.3e-142,473.2,70.0,487.0,1.0,431.0,K02492,473.3,1.0,1.0,78.37,full,False,False,False,"K00228,K00230,K00231,K00435,K00589,K01599,K01698,K01719,K01749,K01772,K01845,K01885,K02302,K02303,K02304,K02495,K02496,K03794,K08973,K13542,K13543,K24866",22,"M00121,M00846,M00926",15043,0.703
K02495,1.0,1.0,594.0,NC_005042.1_1397,594.0,8.7e-82,272.2,1.1e-81,272.0,88.0,463.0,5.0,398.0,K02495,272.2,1.0,1.0,276.93,full,False,True,False,"K00228,K00230,K00231,K01599,K01698,K01719,K01749,K01772,K01845,K01885,K02492,K08973,K13542,K13543",14,M00121,20568,0.961
K02496,0.925,0.847,473.0,NC_005042.1_852,473.0,6.6e-06,22.2,7.5e-06,22.0,86.0,163.0,15.0,95.0,K02496,22.2,0.840046156548433,0.840046156548433,55.33,full,False,True,False,"K01698,K01749,K01845,K02302,K02303,K02492,K13543",7,M00846,5504,0.257
K02500,1.0,1.0,437.0,NC_005042.1_423,437.0,8.8e-128,423.7,9.7e-128,423.6,106.0,358.0,1.0,255.0,K02500,423.7,1.0,1.0,330.93,full,False,False,False,"K00013,K00765,K00817,K01089,K01496,K01523,K01693,K01814,K02501,K02502,K04486,K05602,K11755,K14152,K18649,K24017",16,M00026,18119,0.847
K02501,1.0,1.0,343.0,NC_005042.1_1150,343.0,1.3e-77,258.0,1.5e-77,257.8,105.0,305.0,4.0,208.0,K02501,258.0,1.0,1.0,241.63,domain,False,False,False,"K00013,K00765,K00817,K01089,K01496,K01523,K01693,K01814,K02500,K02502,K04486,K05602,K11755,K14152,K18649,K24017",16,M00026,18066,0.844
K02502,1.0,1.0,468.0,NC_005042.1_943,468.0,3.3e-65,217.7,3.8e-65,217.5,28.0,390.0,5.0,376.0,K02502,217.7,1.0,1.0,253.73,full,False,True,False,"K00013,K00765,K00817,K01496,K01523,K01663,K01693,K01814,K02500,K02501,K04486,K11755,K14152,K18649",14,M00026,10193,0.476
K02517,0.497,0.162,681.0,NC_005042.1_163,681.0,0.00037,15.8,0.00043,15.6,429.0,575.0,28.0,176.0,K00655,172.8,5.4738221262687705e-48,5.4738221262687705e-48,203.27,full,True,True,False,"K00677,K00748,K00912,K02527,K02535,K02536,K02560,K03269,K09778,K09949,K16363",11,"M00060,M00866",10280,0.48
K02527,0.52,0.204,794.0,NC_005042.1_390,794.0,1.3e-05,20.6,1.7e-05,20.1,269.0,373.0,136.0,245.0,K25889,97.5,7.086049870822182e-24,7.086049870822182e-24,180.2,full,True,True,False,"K00677,K00748,K00912,K02517,K02535,K02536,K02560,K03269,K09778,K09949,K16363",11,"M00060,M00866",11561,0.54
K02535,1.0,1.0,437.0,NC_005042.1_1429,437.0,7e-92,305.3,9.199999999999999e-92,304.9,104.0,373.0,22.0,288.0,K02535,305.3,1.0,1.0,335.5,domain,False,True,False,"K00677,K00748,K00912,K02517,K02527,K02536,K02560,K03269,K09778,K09949",10,"M00060,M00866",10112,0.473
K02536,1.0,1.0,455.0,NC_005042.1_867,455.0,2.2000000000000003e-118,392.9,2.4e-118,392.8,75.0,387.0,23.0,342.0,K02536,392.9,1.0,1.0,191.87,domain,False,False,False,"K00677,K00748,K00912,K02517,K02527,K02535,K02560,K03269,K09778,K09949,K16363",11,"M00060,M00866",12067,0.564
K02545,0.0,0.0,671.0,NC_005042.1_42,671.0,3.6e-40,134.7,1.6e-39,132.6,138.0,621.0,47.0,552.0,K05515,610.3,6.762917074224548e-144,6.762917074224548e-144,932.63,full,True,True,False,K02546,1,M00625,92,0.004
K02546,0.0,0.0,,,,1000.0,0.0,,,,,,,,,,0.0,,,,,,K02545,1,M00625,123,0.006
K02547,0.001,0.001,,,,1000.0,0.0,,,,,,,,,,0.0,,,,,,"K02545,K02546",2,M00625,742,0.035
K02548,0.743,0.153,366.0,NC_005042.1_204,366.0,3.9e-40,134.6,4.2e-40,134.5,53.0,336.0,19.0,316.0,K23094,340.6,9.723461371657616e-63,9.723461371657616e-63,204.23,domain,True,True,False,"K01661,K01911,K02549,K02551,K02552,K03183,K08680,K19222",8,M00116,10004,0.467
K02549,1.0,1.0,487.0,NC_005042.1_203,487.0,7.7e-42,140.7,9.2e-42,140.4,89.0,364.0,5.0,302.0,K02549,140.7,1.0,1.0,221.53,domain,False,True,False,"K01661,K01911,K02548,K02551,K02552,K03183,K08680,K12073,K14759,K14760,K17872,K19222,K23094,K23095",14,"M00116,M00932",8350,0.39
K02551,1.0,1.0,722.0,NC_005042.1_1063,722.0,4.3999999999999994e-129,428.9,4.9e-129,428.7,123.0,640.0,3.0,571.0,K02551,428.9,1.0,1.0,226.03,domain,False,False,False,"K01661,K01911,K02548,K02549,K02552,K03183,K08680,K12073,K14759,K14760,K17872,K19222,K23094,K23095",14,"M00116,M00932",8099,0.378
K02552,1.0,1.0,587.0,NC_005042.1_205,587.0,2.9e-104,346.8,3.4e-104,346.6,37.0,462.0,13.0,462.0,K02552,346.8,1.0,1.0,367.33,full,False,True,False,"K01661,K01911,K02548,K02549,K02551,K03183,K08680,K12073,K14759,K17872,K19222,K23094,K23095",13,"M00116,M00932",5163,0.241
K02554,0.083,0.038,,,,1000.0,0.0,,,,,,,,,,0.0,,,,,,"K00446,K00529,K01617,K01666,K01821,K04073,K05708,K05709,K05710,K05711,K05712,K05713,K05714,K07104,K10216,K10217,K18364,K18365,K18366",19,"M00545,M00569",5008,0.234
K02560,0.008,0.008,,,,1000.0,0.0,,,,,,,,,,0.0,,,,,,,0,M00060,2226,0.104
K02566,0.243,0.089,467.0,NC_005042.1_869,467.0,1.3e-10,37.6,1.8e-09,33.8,180.0,230.0,90.0,140.0,K07015,152.3,2.963872364407511e-35,2.963872364407511e-35,252.53,domain,True,True,False,"K00087,K01487,K01488,K01490,K03783,K03784,K05810,K08693,K09913,K11177,K11178,K11751,K13479,K13480,K13483,K19970,K20881",17,"M00958,M00959",7613,0.356
K02567,0.021,0.014,,,,1000.0,0.0,,,,,,,,,,0.0,,,,,,"K00376,K02305,K02568,K03385,K04561,K15864,K15876",7,"M00529,M00530",3015,0.141
K02568,0.021,0.014,,,,1000.0,0.0,,,,,,,,,,0.0,,,,,,"K00376,K02305,K02567,K03385,K04561,K15864,K15876",7,"M00529,M00530",2975,0.139
K02575,0.151,0.134,732.0,NC_005042.1_1885,732.0,1.1e-05,20.7,0.00057,15.1,426.0,633.0,182.0,402.0,K08151,355.1,2.1655561553487756e-101,2.1655561553487756e-101,171.8,full,True,True,False,"K00360,K00361,K00366,K00367,K00372,K10534,K15576,K15577,K15578,K15579,K26138,K26139",12,M00615,9352,0.437
K02586,0.004,0.003,490.0,NC_005042.1_540,490.0,1.6000000000000001e-27,93.0,2.1e-27,92.5,62.0,435.0,19.0,389.0,K04039,783.6,1.284354744744947e-208,1.284354744744947e-208,550.03,full,True,True,False,"K00531,K02588,K02591,K22896,K22897,K22898,K22899",7,M00175,1440,0.067
K02588,0.004,0.003,483.0,NC_005042.1_539,483.0,5.7999999999999995e-84,279.0,6.999999999999999e-84,278.8,48.0,317.0,23.0,292.0,K04037,517.2,1.9708566307753005e-72,1.9708566307753005e-72,367.3,full,True,True,False,"K00531,K02586,K02591,K22896,K22897,K22898,K22899",7,M00175,1418,0.066
K02591,0.004,0.003,453.0,NC_005042.1_540,453.0,2.2e-36,122.4,2.9e-36,122.0,22.0,441.0,14.0,427.0,K04039,783.6,9.098438565334601e-200,9.098438565334601e-200,441.73,domain,True,True,False,"K00531,K02586,K02588,K22896,K22897,K22898,K22899",7,M00175,1453,0.068
K02609,0.112,0.043,,,,1000.0,0.0,,,,,,,,,,0.0,,,,,,"K00074,K01692,K01912,K02610,K02611,K02612,K02613,K02615,K02618,K15866",10,M00878,5292,0.247
K02610,0.11,0.041,,,,1000.0,0.0,,,,,,,,,,0.0,,,,,,"K00074,K01692,K01912,K02609,K02611,K02612,K02613,K02615,K02618,K15866",10,M00878,5184,0.242
K02611,0.111,0.042,310.0,NC_005042.1_527,310.0,0.00092,15.3,0.0013,14.8,158.0,254.0,143.0,232.0,K14331,351.9,4.713065327220939e-102,4.713065327220939e-102,174.33,full,True,True,False,"K00074,K01692,K01912,K02609,K02610,K02612,K02613,K02615,K02618,K15866",10,M00878,5243,0.245
K02612,0.355,0.309,,,,1000.0,0.0,,,,,,,,,,0.0,,,,,,"K00074,K01692,K01912,K02609,K02610,K02611,K02613,K02615,K02618,K15866",10,M00878,14216,0.664
K02613,0.128,0.06,436.0,NC_005042.1_1446,436.0,1.4000000000000001e-28,96.3,1.5000000000000002e-28,96.2,339.0,423.0,11.0,94.0,K02639,182.0,1.591216859331075e-26,1.591216859331075e-26,364.13,full,True,True,False,"K00074,K01692,K01912,K02609,K02610,K02611,K02612,K02615,K02618,K15866",10,M00878,6262,0.293
K02615,0.001,0.001,401.0,NC_005042.1_1793,401.0,0.0032,13.3,0.024,10.5,70.0,123.0,144.0,198.0,K09458,589.4,3.772415303495514e-174,3.772415303495514e-174,770.67,full,True,True,False,,0,M00878,766,0.036
K02618,0.099,0.031,681.0,NC_005042.1_372,681.0,6.6e-14,47.9,9e-14,47.5,146.0,447.0,100.0,380.0,K25072,531.4,2.831373066205627e-146,2.831373066205627e-146,682.77,full,True,True,False,"K00074,K01692,K01912,K02609,K02610,K02611,K02612,K02613,K02615,K15866",10,M00878,4473,0.209
K02626,0.0,0.0,,,,1000.0,0.0,,,,,,,,,,0.0,,,,,,,0,M00133,324,0.015
K02634,1.0,1.0,400.0,NC_005042.1_455,400.0,5.2e-149,493.3,5.7e-149,493.2,99.0,395.0,13.0,309.0,K02634,493.3,1.0,1.0,203.73,full,False,False,False,"K02635,K02637,K02640,K02642,K02643,K03689",6,M00162,185,0.009
K02635,1.0,1.0,304.0,NC_005042.1_364,304.0,4.2000000000000005e-123,407.0,4.6000000000000004e-123,406.9,18.0,231.0,5.0,217.0,K02635,407.0,1.0,1.0,305.5,full,False,False,False,"K02634,K02637,K02640,K02642,K02643,K03689",6,M00162,262,0.012
K02636,1.0,1.0,258.0,NC_005042.1_456,258.0,3.5e-64,213.7,3.9000000000000004e-64,213.5,29.0,192.0,4.0,177.0,K02636,213.7,1.0,1.0,113.87,full,False,False,False,"K02634,K02635,K02637,K02640,K02642,K02643,K03689",7,M00162,5469,0.256
K02637,1.0,1.0,177.0,NC_005042.1_365,177.0,3.1e-88,290.6,3.5e-88,290.5,9.0,168.0,1.0,160.0,K02637,290.6,1.0,1.0,90.23,full,False,False,False,"K02634,K02635,K02640,K02642,K02643,K03689",6,M00162,195,0.009
K02640,1.0,1.0,58.0,NC_005042.1_1152,58.0,2.1e-25,85.0,2.1999999999999997e-25,84.9,20.0,56.0,1.0,37.0,K02640,85.0,1.0,1.0,57.13,full,False,False,False,"K02634,K02635,K02637,K02642,K02643,K03689",6,M00162,102,0.005
K02642,0.698,0.0,,,,1000.0,0.0,,,,,,,,,,0.0,,,,,,"K02634,K02635,K02637,K02640,K02643",5,M00162,70,0.003
K02643,1.0,1.0,53.0,NC_005042.1_1260,53.0,5.6e-14,48.6,6e-14,48.5,19.0,50.0,1.0,32.0,K02643,48.6,1.0,1.0,38.13,full,False,False,False,"K02634,K02635,K02637,K02640,K02642,K03689",6,M00162,126,0.006
K02689,1.0,1.0,749.0,NC_005042.1_1698,749.0,0.0,1309.5,0.0,1309.4,12.0,749.0,22.0,773.0,K02689,1309.5,1.0,1.0,864.53,full,False,False,False,"K02690,K02691,K02692,K02693,K02694,K02703,K02704,K02705,K02706,K02707,K02708,K05298",12,"M00163,M00611",189,0.009
K02690,1.0,1.0,735.0,NC_005042.1_1699,735.0,0.0,1407.9,0.0,1407.7,1.0,735.0,1.0,747.0,K02690,1407.9,1.0,1.0,865.13,domain,False,False,False,"K02689,K02691,K02692,K02693,K02694,K02703,K02704,K02705,K02706,K02707,K02708,K05298",12,"M00163,M00611",187,0.009
K02691,1.0,1.0,81.0,NC_005042.1_1791,81.0,2.4e-50,165.0,2.6e-50,164.9,1.0,81.0,1.0,81.0,K02691,165.0,1.0,1.0,157.73,full,False,False,False,"K02689,K02690,K02692,K02693,K02694,K02703,K02704,K02705,K02706,K02707,K02708,K05298",12,"M00163,M00611",373,0.017
K02692,1.0,1.0,254.0,NC_005042.1_1757,254.0,7.5e-74,245.2,8.600000000000001e-74,245.0,94.0,227.0,21.0,156.0,K02692,245.2,1.0,1.0,132.03,full,False,False,False,"K02689,K02690,K02691,K02693,K02694,K02703,K02704,K02705,K02706,K02707,K02708,K05298",12,"M00163,M00611",179,0.008
K02693,1.0,1.0,219.0,NC_005042.1_369,219.0,2.8999999999999996e-31,106.3,3.3e-31,106.1,96.0,154.0,5.0,69.0,K02693,106.3,1.0,1.0,66.97,full,False,False,False,"K02689,K02690,K02691,K02692,K02694,K02703,K02704,K02705,K02706,K02707,K02708,K05298",12,"M00163,M00611",180,0.008
K02694,1.0,1.0,341.0,NC_005042.1_463,341.0,2.1e-54,182.3,1.1999999999999998e-53,179.8,157.0,336.0,5.0,180.0,K02694,182.3,1.0,1.0,145.17,full,False,False,False,"K02689,K02690,K02691,K02692,K02693,K02703,K02704,K02705,K02706,K02707,K02708,K05298",12,"M00163,M00611",181,0.008
K02703,1.0,1.0,697.0,NC_005042.1_255,697.0,1.2999999999999999e-242,804.3,1.4e-242,804.2,77.0,433.0,1.0,359.0,K02703,804.3,1.0,1.0,283.17,full,False,False,False,"K02689,K02690,K02691,K02692,K02693,K02694,K02704,K02705,K02706,K02707,K02708,K05298",12,"M00161,M00611",198,0.009
K02704,1.0,1.0,564.0,NC_005042.1_353,564.0,1.8e-271,898.1,2.2999999999999998e-271,897.8,6.0,510.0,1.0,512.0,K02704,898.1,1.0,1.0,327.03,full,False,False,False,"K02689,K02690,K02691,K02692,K02693,K02694,K02703,K02705,K02706,K02707,K02708,K05298",12,"M00161,M00611",188,0.009
K02705,1.0,1.0,536.0,NC_005042.1_1267,536.0,4.299999999999999e-242,801.2,4.799999999999999e-242,801.1,69.0,527.0,2.0,460.0,K02705,801.2,1.0,1.0,327.27,domain,False,False,False,"K02689,K02690,K02691,K02692,K02693,K02694,K02703,K02704,K02706,K02707,K02708,K05298",12,"M00161,M00611",182,0.009
K02706,1.0,1.0,504.0,NC_005042.1_1266,504.0,1.9e-222,736.4,2.1e-222,736.3,7.0,359.0,1.0,358.0,K02706,736.4,1.0,1.0,355.47,full,False,False,False,"K02689,K02690,K02691,K02692,K02693,K02694,K02703,K02704,K02705,K02707,K02708,K05298",12,"M00161,M00611",183,0.009
K02707,1.0,1.0,108.0,NC_005042.1_331,108.0,2.1e-40,133.8,2.3e-40,133.7,26.0,103.0,2.0,79.0,K02707,133.8,1.0,1.0,100.7,full,False,False,False,"K02689,K02690,K02691,K02692,K02693,K02694,K02703,K02704,K02705,K02706,K02708,K05298",12,"M00161,M00611",182,0.009
K02708,1.0,1.0,93.0,NC_005042.1_1514,93.0,2.0999999999999999e-41,136.9,2.3e-41,136.8,1.0,93.0,2.0,96.0,K02708,136.9,1.0,1.0,68.47,domain,False,False,False,"K02689,K02690,K02691,K02692,K02693,K02694,K02703,K02704,K02705,K02706,K02707,K05298",12,"M00161,M00611",158,0.007
K02821,0.057,0.026,,,,1000.0,0.0,,,,,,,,,,0.0,,,,,,"K02822,K03077,K03078,K03079,K03475,K03476",6,M00550,4121,0.193
K02822,0.06,0.029,,,,1000.0,0.0,,,,,,,,,,0.0,,,,,,"K02821,K03077,K03078,K03079,K03475,K03476",6,M00550,4330,0.202
K02826,0.006,0.003,332.0,NC_005042.1_439,332.0,4.3e-37,124.7,3.6e-06,23.1,50.0,114.0,43.0,107.0,K02275,235.7,3.85185988877455e-34,3.85185988877455e-34,382.63,full,True,True,False,"K02827,K02828,K02829",3,M00416,1333,0.062
K02827,0.007,0.004,649.0,NC_005042.1_438,649.0,4e-166,550.9,5.2e-166,550.6,46.0,551.0,25.0,526.0,K02274,794.3,5.361657344054773e-74,5.361657344054773e-74,1007.57,full,True,True,False,"K02826,K02828,K02829",3,M00416,1626,0.076
K02828,0.006,0.004,202.0,NC_005042.1_437,202.0,1.9000000000000002e-36,122.7,2.2e-36,122.5,12.0,197.0,15.0,199.0,K02276,197.9,2.3043281542581656e-23,2.3043281542581656e-23,280.7,domain,True,True,False,"K02826,K02827,K02829",3,M00416,1555,0.073
K02829,0.006,0.003,,,,1000.0,0.0,,,,,,,,,,0.0,,,,,,"K02826,K02827,K02828",3,M00416,1454,0.068
K02851,1.0,1.0,464.0,NC_005042.1_680,464.0,8.2e-54,179.9,9.4e-54,179.7,40.0,345.0,4.0,298.0,K02851,179.9,0.9999998807907176,0.9999998807907176,226.5,full,False,True,False,"K16649,K16650,K16870",3,M00888,12254,0.573
K02858,0.292,0.028,349.0,NC_005042.1_950,349.0,2.6e-98,326.1,3.7e-98,325.6,86.0,294.0,10.0,223.0,K14652,696.8,2.559650131481118e-112,2.559650131481118e-112,343.87,domain,True,True,False,"K01497,K01498,K20862",3,M00125,4259,0.199
K03077,0.105,0.073,,,,1000.0,0.0,,,,,,,,,,0.0,,,,,,"K02821,K02822,K03078,K03079,K03475,K03476",6,M00550,6897,0.322
K03078,0.026,0.005,216.0,NC_005042.1_1420,216.0,0.00065,16.0,300.0,-2.5,188.0,204.0,216.0,232.0,K01591,196.2,5.680607480294893e-55,5.680607480294893e-55,194.97,full,True,True,False,"K02821,K02822,K03077,K03475,K03476",5,M00550,1840,0.086
K03079,0.237,0.218,,,,1000.0,0.0,,,,,,,,,,0.0,,,,,,"K02821,K02822,K03077,K03078,K03475,K03476",6,M00550,11952,0.558
K03147,1.0,1.0,722.0,NC_005042.1_1795,722.0,3.4e-245,812.6,4.199999999999999e-245,812.4,207.0,637.0,10.0,441.0,K03147,812.6,1.0,1.0,575.57,full,False,False,False,"K00788,K00941,K00946,K03148,K03149,K03150,K03151,K03153,K03154,K10810,K14153,K21219,K22699",13,"M00127,M00895,M00896",14387,0.672
K03148,0.32,0.039,327.0,NC_005042.1_1748,327.0,1.8e-71,237.6,2e-71,237.4,22.0,268.0,7.0,266.0,K21147,432.5,2.13429204043588e-59,2.13429204043588e-59,321.93,domain,True,True,False,"K00941,K03147,K03149,K03150,K03151,K03154,K10810,K14153,K21219",9,"M00127,M00895",5056,0.236
K03149,1.0,1.0,556.0,NC_005042.1_1848,556.0,1.7000000000000001e-134,446.4,2e-134,446.1,63.0,322.0,1.0,265.0,K03149,446.4,1.0,1.0,156.43,full,False,False,False,"K00788,K00941,K00946,K03147,K03148,K03150,K03151,K03153,K03154,K10810,K14153,K21219",12,"M00127,M00895",14706,0.687
K03150,0.415,0.041,433.0,NC_005042.1_1111,433.0,7.2e-11,38.3,9.4e-11,38.0,128.0,346.0,66.0,281.0,K01012,466.2,1.5461971035481486e-129,1.5461971035481486e-129,161.7,full,True,True,False,"K00941,K00946,K03147,K03148,K03149,K03151,K03154,K14153,K21219",9,M00127,5181,0.242
K03151,0.52,0.133,511.0,NC_005042.1_1879,511.0,4.6e-08,29.3,4.1e-06,22.9,245.0,299.0,8.0,61.0,K06920,277.5,1.9246646784915778e-75,1.9246646784915778e-75,117.87,full,True,True,False,"K00788,K00941,K00946,K03147,K03148,K03149,K03150,K03153,K03154,K10810,K14153",11,"M00127,M00895",9321,0.436
K03153,1.0,1.0,439.0,NC_005042.1_52,439.0,1.6999999999999998e-92,307.6,1.8e-92,307.5,50.0,402.0,8.0,368.0,K03153,307.6,1.0,1.0,259.93,domain,False,False,False,"K00788,K00941,K00946,K03147,K03148,K03149,K03151,K03154,K10810",9,M00895,11938,0.558
K03154,1.0,1.0,149.0,NC_005042.1_1362,149.0,6e-15,52.0,6.6e-15,51.9,52.0,117.0,1.0,69.0,K03154,52.0,1.0,1.0,34.8,domain,False,False,False,"K00788,K00941,K00946,K03147,K03148,K03149,K03150,K03151,K03153,K10810,K14153,K21219",12,"M00127,M00895",14388,0.672
K03179,1.0,1.0,476.0,NC_005042.1_451,476.0,2.4000000000000003e-80,267.6,2.6e-80,267.5,133.0,408.0,8.0,294.0,K03179,267.6,1.0,1.0,179.97,domain,False,False,False,"K00568,K03181,K03182,K03183,K03184,K03185,K03186,K06134,K18240,K18800",10,M00117,10130,0.473
K03181,1.0,1.0,241.0,NC_005042.1_1861,241.0,2.3e-20,69.8,2.7e-20,69.6,64.0,211.0,2.0,155.0,K03181,69.8,1.0,1.0,58.8,full,False,False,False,"K00568,K03179,K03182,K03183,K03184,K03185,K03186,K06134,K18800",9,M00117,6140,0.287
K03182,1.0,1.0,624.0,NC_005042.1_1056,624.0,5.3e-197,652.6,6.9e-197,652.2,72.0,555.0,10.0,495.0,K03182,652.6,1.0,1.0,499.77,domain,False,False,False,"K00568,K03179,K03181,K03183,K03184,K03185,K03186,K06134,K18240,K18800",10,M00117,8218,0.384
K03183,0.798,0.515,355.0,NC_005042.1_424,355.0,9.699999999999999e-55,182.8,1.1999999999999999e-54,182.5,63.0,275.0,9.0,225.0,K23095,318.2,1.7399572865046418e-41,1.7399572865046418e-41,258.5,domain,True,True,False,"K00568,K01661,K01911,K02548,K02549,K02551,K02552,K03179,K03181,K03182,K03184,K03185,K03186,K06134,K08680,K18240,K18800,K19222",18,"M00116,M00117",18362,0.858
K03184,0.565,0.009,407.0,NC_005042.1_908,407.0,3.2000000000000003e-38,128.4,4.5e-37,124.6,7.0,388.0,4.0,360.0,K03185,205.7,5.3750354781250355e-24,5.3750354781250355e-24,458.53,domain,True,True,False,"K03181,K03182,K03185,K03186,K18800",5,M00117,2474,0.116
K03185,1.0,1.0,500.0,NC_005042.1_908,500.0,1.1e-61,205.7,2.5e-61,204.6,79.0,461.0,4.0,363.0,K03185,205.7,1.0,1.0,420.9,domain,False,True,False,"K00568,K03179,K03181,K03182,K03183,K03184,K03186,K06134,K18240,K18800",10,M00117,8953,0.418
K03186,1.0,1.0,295.0,NC_005042.1_997,295.0,5.7e-73,242.5,6.300000000000001e-73,242.4,74.0,256.0,3.0,199.0,K03186,242.5,1.0,1.0,64.67,domain,False,False,False,"K00021,K00568,K00626,K01823,K03179,K03181,K03182,K03183,K03184,K03185,K06134,K06981,K09128,K17942,K18240,K18690,K18800,K25517,K25518",19,"M00117,M00849",9319,0.435
K03196,0.01,0.009,411.0,NC_005042.1_558,411.0,0.00012,18.0,0.00019,17.3,186.0,232.0,369.0,415.0,K18890,684.2,2.843262051667198e-201,2.843262051667198e-201,306.97,domain,True,True,False,"K12086,K12087,K12088,K12089,K12090,K12091,K12092,K12093,K12094,K12095,K12096,K12097,K12098,K12099,K12100,K12101,K12102,K12103,K12104,K12105,K12106,K12107,K12108,K12109,K12110,K15842",26,M00564,2493,0.116
K03219,0.101,0.007,,,,1000.0,0.0,,,,,,,,,,0.0,,,,,,"K03221,K03222,K03224,K03225,K03226,K03227,K03228,K03229,K03230,K12784,K12785,K12786,K12787,K12788,K16041,K16042",16,M00542,2070,0.097
K03221,0.065,0.001,,,,1000.0,0.0,,,,,,,,,,0.0,,,,,,"K03219,K03222,K03224,K03225,K03226,K03227,K03228,K03229,K03230,K12784,K12785,K12786,K12787,K12788,K16041,K16042",16,M00542,887,0.041
K03222,0.062,0.006,,,,1000.0,0.0,,,,,,,,,,0.0,,,,,,"K03219,K03221,K03223,K03224,K03225,K03226,K03227,K03228,K03229,K03230,K12784,K12785,K12786,K12787,K12788,K16041,K16042,K18373,K18374,K18375,K18376,K18377,K18378,K18379,K18380,K18381",26,"M00542,M00660",1966,0.092
K03223,0.075,0.008,343.0,NC_005042.1_1634,343.0,0.00029,17.2,0.0003,17.2,129.0,206.0,67.0,151.0,K02109,79.1,2.3240382329883266e-19,2.3240382329883266e-19,113.43,domain,True,True,False,"K03222,K03224,K03225,K03226,K03227,K03228,K03229,K03230,K18373,K18374,K18375,K18376,K18377,K18378,K18379,K18380,K18381",17,M00660,2324,0.109
K03224,0.062,0.006,440.0,NC_005042.1_1618,440.0,1.1999999999999999e-61,205.6,1.3999999999999999e-61,205.3,18.0,420.0,6.0,426.0,K02133,979.6,1.0064294952495874e-233,1.0064294952495874e-233,621.67,full,True,True,False,"K03219,K03221,K03222,K03223,K03225,K03226,K03227,K03228,K03229,K03230,K12784,K12785,K12786,K12787,K12788,K16041,K16042,K18373,K18374,K18375,K18376,K18377,K18378,K18379,K18380,K18381",26,"M00542,M00660",1959,0.092
K03225,0.063,0.007,,,,1000.0,0.0,,,,,,,,,,0.0,,,,,,"K03219,K03221,K03222,K03223,K03224,K03226,K03227,K03228,K03229,K03230,K12784,K12785,K12786,K12787,K12788,K16041,K16042,K18373,K18374,K18375,K18376,K18377,K18378,K18379,K18380,K18381",26,"M00542,M00660",2169,0.101
K03226,0.062,0.006,,,,1000.0,0.0,,,,,,,,,,0.0,,,,,,"K03219,K03221,K03222,K03223,K03224,K03225,K03227,K03228,K03229,K03230,K12784,K12785,K12786,K12787,K12788,K16041,K16042,K18373,K18374,K18375,K18376,K18377,K18378,K18379,K18380,K18381",26,"M00542,M00660",1956,0.091
K03227,0.063,0.006,,,,1000.0,0.0,,,,,,,,,,0.0,,,,,,"K03219,K03221,K03222,K03223,K03224,K03225,K03226,K03228,K03229,K03230,K12784,K12785,K12786,K12787,K12788,K16041,K16042,K18373,K18374,K18375,K18376,K18377,K18378,K18379,K18380,K18381",26,"M00542,M00660",1903,0.089
K03228,0.062,0.006,,,,1000.0,0.0,,,,,,,,,,0.0,,,,,,"K03219,K03221,K03222,K03223,K03224,K03225,K03226,K03227,K03229,K03230,K12784,K12785,K12786,K12787,K12788,K16041,K16042,K18373,K18374,K18375,K18376,K18377,K18378,K18379,K18380,K18381",26,"M00542,M00660",1945,0.091
K03229,1.0,1.0,420.0,NC_005042.1_121,420.0,0.077,8.5,0.11,7.9,82.0,157.0,97.0,174.0,K03229,8.5,1.0,1.0,384.23,full,False,True,False,"K03219,K03221,K03222,K03223,K03224,K03225,K03226,K03227,K03228,K03230,K12784,K12785,K12786,K12787,K12788,K16041,K16042,K18373,K18374,K18375,K18376,K18377,K18378,K18379,K18380,K18381",26,"M00542,M00660",1967,0.092
K03230,0.062,0.007,695.0,NC_005042.1_206,695.0,0.0092,11.4,0.012,11.0,469.0,536.0,238.0,305.0,K01920,386.3,1.3926905398761357e-113,1.3926905398761357e-113,756.33,full,True,True,False,"K03219,K03221,K03222,K03223,K03224,K03225,K03226,K03227,K03228,K03229,K12784,K12785,K12786,K12787,K12788,K16041,K16042,K18373,K18374,K18375,K18376,K18377,K18378,K18379,K18380,K18381",26,"M00542,M00660",2189,0.102
K03268,0.0,0.0,450.0,NC_005042.1_893,450.0,0.0093,11.4,0.014,10.8,55.0,132.0,53.0,128.0,K15982,106.2,2.88608597096796e-29,2.88608597096796e-29,1055.2,full,True,True,False,"K16268,K16269,K18089,K18090",4,M00547,8,0.0
K03269,0.513,0.181,289.0,NC_005042.1_1593,289.0,4.7e-06,22.8,7.1e-06,22.2,169.0,240.0,109.0,177.0,K07313,48.9,1.2049015120791736e-08,1.2049015120791736e-08,63.0,full,True,True,False,"K00677,K00748,K00912,K02517,K02527,K02535,K02536,K02560,K09778,K09949,K16363",11,"M00060,M00866",10883,0.509
K03270,0.292,0.141,226.0,NC_005042.1_156,226.0,2.6e-10,36.7,0.29,7.1,25.0,54.0,422.0,458.0,K01533,796.7,1.648934084193821e-229,1.648934084193821e-229,162.2,full,True,True,False,"K00979,K01627,K06041",3,M00063,9609,0.449
K03271,1.0,1.0,392.0,NC_005042.1_1334,392.0,7e-53,176.9,7.799999999999999e-53,176.7,93.0,253.0,27.0,191.0,K03271,176.9,1.0,1.0,134.4,full,False,False,False,"K03272,K03273,K03274,K21344,K21345",5,M00064,7576,0.354
K03272,1.0,1.0,598.0,NC_005042.1_1335,598.0,4.7e-71,236.9,2e-13,46.5,416.0,512.0,25.0,116.0,K03272,236.9,1.0,1.0,381.57,full,False,True,False,"K03271,K03273,K03274",3,M00064,6798,0.318
K03273,1.0,1.0,348.0,NC_005042.1_1331,348.0,9.3e-46,153.6,1.1e-45,153.4,101.0,257.0,22.0,178.0,K03273,153.6,1.0,1.0,152.73,domain,False,False,False,"K03271,K03272,K03274,K21344,K21345",5,M00064,9568,0.447
K03274,0.677,0.05,400.0,NC_005042.1_1328,400.0,2.3e-36,122.2,2.8e-36,121.9,56.0,366.0,4.0,336.0,K08679,520.6,1.1739503441342764e-120,1.1739503441342764e-120,260.4,full,True,True,False,"K03271,K03272,K03273,K21344,K21345",5,M00064,5706,0.267
K03334,0.037,0.037,654.0,NC_005042.1_1744,654.0,1.2e-13,46.8,12.0,0.6,305.0,371.0,218.0,293.0,K11450,51.6,0.034566755215540194,0.034566755215540194,530.03,full,True,True,False,,0,M00044,1166,0.054
K03340,0.01,0.01,327.0,NC_005042.1_308,327.0,8.6e-05,18.6,0.00012,18.1,4.0,85.0,8.0,88.0,K18855,233.6,1.8991135491462328e-65,1.8991135491462328e-65,196.4,full,True,True,False,,0,M00526,2533,0.118
K03367,0.078,0.062,630.0,NC_005042.1_1050,630.0,1.3e-59,198.9,1.6000000000000002e-59,198.5,35.0,514.0,99.0,640.0,K01895,1017.2,4.646806071832553e-247,4.646806071832553e-247,608.33,domain,True,True,False,"K03739,K03740,K14188,K19077,K19078",5,M00725,6378,0.298
K03381,0.04,0.017,,,,1000.0,0.0,,,,,,,,,,0.0,,,,,,"K01856,K03464,K14727",3,M00568,3355,0.157
K03385,0.014,0.008,,,,1000.0,0.0,,,,,,,,,,0.0,,,,,,"K02567,K02568,K15876",3,M00530,2281,0.107
K03388,0.025,0.009,721.0,NC_005042.1_186,721.0,3.7e-11,38.6,3.7e-11,38.6,619.0,670.0,61.0,123.0,K05580,328.8,4.3761808194439967e-88,4.3761808194439967e-88,586.6,full,True,True,False,"K00125,K00193,K00194,K00197,K00203,K00204,K00205,K00584,K03389,K03390,K04480,K08265,K11261,K14080,K14081,K14082,K14083,K14084,K14126,K14127,K14128,K16176,K16177,K16178,K16179,K22480,K22481,K22482",28,"M00356,M00357,M00563,M00567,M00617",2359,0.11
K03389,0.03,0.001,492.0,NC_005042.1_186,492.0,0.00016,17.4,0.43,6.1,57.0,80.0,56.0,77.0,K05580,328.8,1.8166001689208245e-94,1.8166001689208245e-94,320.7,full,True,True,False,"K00125,K00194,K00197,K00205,K00577,K00584,K03390,K11261,K13942,K14126,K14127,K14128,K16176,K16178",14,"M00356,M00357,M00563,M00567,M00617",867,0.041
K03390,0.001,0.001,218.0,NC_005042.1_186,218.0,3.2e-06,23.8,5.3e-06,23.1,50.0,112.0,59.0,117.0,K05580,328.8,1.5340917079055394e-92,1.5340917079055394e-92,110.73,full,True,True,False,"K00125,K00194,K00197,K00205,K00584,K03389,K04480,K08265,K11261,K14126,K14127,K14128,K16176,K16178,K22481,K22482",16,"M00356,M00357,M00563,M00567,M00617",665,0.031
K03392,0.047,0.02,,,,1000.0,0.0,,,,,,,,,,0.0,,,,,,"K00452,K00453,K00463,K00486,K01432,K01556,K07130,K10217",8,M00038,3605,0.168
K03394,1.0,1.0,541.0,NC_005042.1_382,541.0,2.7999999999999997e-68,227.4,3.4999999999999997e-68,227.1,245.0,475.0,25.0,257.0,K03394,227.4,1.0,1.0,136.17,domain,False,False,False,"K00595,K02188,K02189,K02190,K02191,K02224,K02230,K02304,K03399,K05895,K05934,K05936,K06042,K13541,K13542,K21479,K22011,K24866",18,"M00924,M00925",4328,0.202
K03399,0.125,0.003,276.0,NC_005042.1_1355,276.0,1.2e-24,83.8,1.7999999999999997e-24,83.2,57.0,263.0,14.0,229.0,K00595,298.2,2.8785178681340122e-65,2.8785178681340122e-65,181.73,domain,True,True,False,"K02190,K02191,K03394,K05934,K22011",5,M00924,1426,0.067
K03431,1.0,1.0,749.0,NC_005042.1_274,749.0,7.3e-157,520.6,7.9e-157,520.5,283.0,718.0,19.0,456.0,K03431,520.6,1.0,1.0,452.6,full,False,False,False,"K00820,K00972,K04042,K11528,K23144",5,M00909,19057,0.89
K03464,0.041,0.018,,,,1000.0,0.0,,,,,,,,,,0.0,,,,,,"K01856,K03381,K14727",3,M00568,3445,0.161
K03465,1.0,1.0,331.0,NC_005042.1_276,331.0,7.100000000000001e-48,160.5,8.3e-48,160.3,68.0,262.0,2.0,202.0,K03465,160.5,1.0,1.0,57.17,full,False,False,False,"K00525,K00943",2,M00938,5117,0.239
K03472,0.363,0.026,340.0,NC_005042.1_23,340.0,1.6e-106,353.0,1.8e-106,352.8,1.0,335.0,1.0,336.0,K05298,542.1,1.1891258493095742e-57,1.1891258493095742e-57,488.6,full,True,True,False,"K00097,K00275,K03473,K03474",4,M00124,4153,0.194
K03473,0.391,0.033,428.0,NC_005042.1_1448,428.0,6.8e-54,180.3,8.9e-54,179.9,70.0,324.0,36.0,311.0,K00058,515.5,1.2437853966514829e-101,1.2437853966514829e-101,280.57,full,True,True,False,"K00097,K00275,K00831,K03472,K03474",5,M00124,4673,0.218
K03474,1.0,1.0,351.0,NC_005042.1_1098,351.0,5.1e-111,367.8,5.9e-111,367.6,100.0,340.0,1.0,239.0,K03474,367.8,1.0,1.0,114.7,full,False,False,False,"K00097,K00275,K00831,K03472,K03473",5,M00124,11192,0.523
K03475,0.06,0.03,,,,1000.0,0.0,,,,,,,,,,0.0,,,,,,"K02821,K02822,K03077,K03078,K03079,K03476",6,M00550,4437,0.207
K03476,0.027,0.007,,,,1000.0,0.0,,,,,,,,,,0.0,,,,,,"K02821,K02822,K03077,K03078,K03475",5,M00550,2136,0.1
K03517,1.0,1.0,512.0,NC_005042.1_1022,512.0,5.8000000000000004e-126,418.0,6.8e-126,417.7,51.0,364.0,32.0,342.0,K03517,418.0,1.0,1.0,149.1,full,False,False,False,"K00278,K00767,K00969,K01916,K01950,K06210,K06989",7,M00115,14770,0.69
K03525,1.0,1.0,315.0,NC_005042.1_96,315.0,3.5999999999999996e-31,105.6,9.999999999999999e-31,104.2,38.0,265.0,7.0,226.0,K03525,105.6,1.0,1.0,48.77,full,False,False,False,"K00859,K00954,K01598,K01947,K02318,K09680,K13038",7,M00120,13487,0.63
K03526,1.0,1.0,525.0,NC_005042.1_1024,525.0,3.3e-170,564.1,3.6e-170,564.0,125.0,491.0,17.0,403.0,K03526,564.1,1.0,1.0,67.83,full,False,False,False,"K00099,K00919,K00991,K01662,K01770,K01823,K03527,K12506",8,M00096,17837,0.833
K03527,1.0,1.0,525.0,NC_005042.1_299,525.0,4.8e-114,378.8,5.5999999999999996e-114,378.6,90.0,394.0,9.0,400.0,K03527,378.8,1.0,1.0,50.17,full,False,False,False,"K00099,K00919,K00991,K01662,K01770,K01823,K03526,K12506",8,M00096,16884,0.789
K03585,0.19,0.13,457.0,NC_005042.1_1245,457.0,4.6e-45,151.4,5.9e-45,151.0,64.0,389.0,14.0,342.0,K02005,206.8,2.1034792885214144e-17,2.1034792885214144e-17,258.6,domain,True,True,False,"K18131,K18138,K18139",3,M00718,9229,0.431
K03635,0.382,0.244,,,,1000.0,0.0,,,,,,,,,,0.0,,,,,,"K03637,K03638,K03639,K03750,K03831,K15376,K20967,K21142",8,M00880,12635,0.59
K03637,0.486,0.382,,,,1000.0,0.0,,,,,,,,,,0.0,,,,,,"K03635,K03638,K03639,K03750,K03831,K15376,K20967,K21142",8,M00880,15804,0.738
K03638,0.286,0.085,324.0,NC_005042.1_291,324.0,1.3e-06,24.9,1.8e-06,24.4,123.0,186.0,33.0,94.0,K03742,482.8,1.4400082673393768e-138,1.4400082673393768e-138,161.53,domain,True,True,False,"K03635,K03637,K03639,K03750,K21142",5,M00880,7472,0.349
K03639,0.493,0.384,459.0,NC_005042.1_799,459.0,7.6e-07,24.9,1.1e-06,24.3,95.0,180.0,9.0,95.0,K24696,57.4,1.3509258748884363e-10,1.3509258748884363e-10,146.7,domain,True,True,False,"K03635,K03637,K03638,K03750,K03831,K15376,K20967,K21142",8,M00880,15861,0.741
K03644,1.0,1.0,571.0,NC_005042.1_1696,571.0,4.3e-141,468.5,5e-141,468.3,132.0,410.0,3.0,283.0,K03644,468.5,1.0,1.0,125.33,full,False,False,False,"K03801,K10105,K16869,K23734,K23735",5,"M00881,M00883",16257,0.76
K03689,1.0,1.0,35.0,NC_005042.1_925,35.0,7.7e-22,73.5,8e-22,73.5,3.0,35.0,1.0,33.0,K03689,73.5,1.0,1.0,37.43,domain,False,False,False,"K02634,K02637,K02640",3,M00162,59,0.003
K03737,0.063,0.043,1248.0,NC_005042.1_186,1248.0,2.6e-05,18.7,0.007,10.6,757.0,781.0,52.0,76.0,K05580,328.8,4.4729942984966446e-94,4.4729942984966446e-94,510.2,full,True,True,False,"K00169,K00170,K00171,K00172,K00174,K00175,K00176,K00177,K00189,K01006,K01007,K01677,K01678,K01960,K08940,K08941,K08943",17,"M00173,M00307,M00614",5313,0.248
K03738,0.003,0.003,1020.0,NC_005042.1_1387,1020.0,8.5e-37,123.5,1e-36,123.2,81.0,318.0,40.0,281.0,K00821,531.9,1.1464358829436078e-123,1.1464358829436078e-123,308.57,full,True,True,False,K18022,1,M00309,1306,0.061
K03739,0.034,0.014,,,,1000.0,0.0,,,,,,,,,,0.0,,,,,,"K03367,K03740,K14188,K19077,K19078",5,M00725,3020,0.141
K03740,0.035,0.015,,,,1000.0,0.0,,,,,,,,,,0.0,,,,,,"K03367,K03739,K14188,K19077,K19078",5,M00725,3092,0.144
K03750,0.489,0.387,532.0,NC_005042.1_291,532.0,2.4e-06,23.2,3.6e-06,22.6,239.0,326.0,10.0,91.0,K03742,482.8,4.432145333763427e-139,4.432145333763427e-139,154.23,domain,True,True,False,"K03635,K03637,K03638,K03639,K03831,K15376,K20967,K21142",8,M00880,15907,0.743
K03760,0.036,0.035,,,,1000.0,0.0,,,,,,,,,,0.0,,,,,,"K09953,K12977,K23082,K23083,K23159",5,M00867,4771,0.223
K03783,0.305,0.161,441.0,NC_005042.1_333,441.0,4.9e-23,79.0,6e-23,78.7,97.0,371.0,24.0,291.0,K00772,358.1,9.605682113618784e-85,9.605682113618784e-85,161.7,full,True,True,False,"K00087,K00106,K01487,K01488,K02566,K03784,K03787,K05810,K08693,K09913,K11177,K11178,K11751,K13479,K13480,K13481,K13482,K13483,K19572,K19970",20,"M00958,M00959",10279,0.48
K03784,0.286,0.123,,,,1000.0,0.0,,,,,,,,,,0.0,,,,,,"K00087,K01487,K01488,K01490,K02566,K03783,K03787,K05810,K08693,K09913,K11751,K13479,K13480,K13481,K13482,K19572,K19970,K20881",18,"M00958,M00959",8967,0.419
K03785,0.326,0.033,,,,1000.0,0.0,,,,,,,,,,0.0,,,,,,"K00891,K03856,K13853,K24018",4,M00022,4631,0.216
K03786,1.0,1.0,275.0,NC_005042.1_380,275.0,6.5e-71,235.6,7.8e-71,235.4,95.0,240.0,1.0,145.0,K03786,235.6,1.0,1.0,186.77,domain,False,False,False,"K00014,K00800,K00891,K01626,K01735,K01736,K03856,K13829,K13830,K13832,K13853,K24018",12,M00022,16336,0.763
K03787,1.0,1.0,367.0,NC_005042.1_1358,367.0,3.3000000000000003e-80,266.6,3.8000000000000004e-80,266.4,77.0,311.0,5.0,263.0,K03787,266.6,1.0,1.0,159.57,full,False,False,False,"K00087,K00106,K01081,K01487,K01488,K01490,K02566,K03783,K03784,K05810,K08693,K09913,K11177,K11178,K11751,K13479,K13480,K13481,K13482,K13483,K19572,K19970,K20881",23,"M00958,M00959",12534,0.586
K03794,0.0,0.0,270.0,NC_005042.1_810,270.0,4.9e-41,137.9,6.899999999999999e-24,81.7,63.0,183.0,12.0,131.0,K03795,323.5,1.3453423227696288e-56,1.3453423227696288e-56,141.93,domain,True,True,False,,0,M00846,287,0.013
K03795,1.0,1.0,548.0,NC_005042.1_810,548.0,3.9999999999999996e-97,323.5,4.7e-97,323.2,219.0,517.0,14.0,347.0,K03795,323.5,1.0,1.0,112.47,full,False,False,False,"K00595,K02188,K02189,K02224,K02302,K02303,K02304,K03394,K05895,K05936,K06042,K13541,K13542,K21479,K22011,K24866",16,M00924,6384,0.298
K03801,1.0,1.0,355.0,NC_005042.1_394,355.0,5.9e-75,249.7,7.2e-75,249.4,99.0,294.0,22.0,220.0,K03801,249.7,1.0,1.0,259.93,full,False,True,False,K03644,1,M00881,14598,0.682
K03831,0.326,0.125,393.0,NC_005042.1_1643,393.0,2.4e-08,30.5,2.5e-08,30.5,313.0,382.0,38.0,111.0,K04751,177.7,4.878701992923124e-45,4.878701992923124e-45,217.0,domain,True,True,False,"K03635,K03637,K03638,K03639,K03750,K15376,K21142",7,M00880,9033,0.422
K03841,0.814,0.026,492.0,NC_005042.1_944,492.0,0.015,10.9,0.022,10.3,146.0,207.0,53.0,110.0,K01092,279.8,1.1298847992359411e-81,1.1298847992359411e-81,208.3,full,True,True,False,"K00150,K00855,K01610,K02446,K02689,K02690,K02691,K02692,K02693,K02694,K02703,K02704,K02705,K02706,K02707,K02708,K05298,K11645,K15633",19,"M00003,M00165,M00611,M00612",4110,0.192
K03856,0.21,0.02,562.0,NC_005042.1_1686,562.0,4.7e-23,78.5,5.5e-23,78.3,376.0,557.0,68.0,275.0,K04518,294.9,7.19629467033439e-66,7.19629467033439e-66,465.33,domain,True,True,False,"K00891,K03785",2,M00022,3597,0.168
K03886,0.004,0.002,277.0,NC_005042.1_456,277.0,2.2999999999999997e-24,83.2,2.3e-23,79.9,68.0,225.0,10.0,166.0,K02636,213.7,5.195000166955802e-40,5.195000166955802e-40,123.7,domain,True,True,False,"K03887,K03888",2,M00151,1261,0.059
K03887,0.004,0.003,250.0,NC_005042.1_364,250.0,2.8e-76,252.8,3.1000000000000003e-76,252.7,9.0,223.0,6.0,217.0,K02635,407.0,3.8121911483250026e-47,3.8121911483250026e-47,292.0,full,True,True,False,"K03886,K03888",2,M00151,1285,0.06
K03888,0.004,0.003,338.0,NC_005042.1_365,338.0,3.1e-15,53.1,3.5e-15,52.9,40.0,159.0,29.0,145.0,K02637,290.6,3.2016660424437056e-72,3.2016660424437056e-72,169.7,domain,True,True,False,"K03886,K03887",2,M00151,1281,0.06
K03889,0.033,0.023,323.0,NC_005042.1_1153,323.0,9.7e-12,41.3,1.1e-11,41.1,159.0,247.0,43.0,128.0,K13300,56.9,1.3008595067100297e-05,1.3008595067100297e-05,107.9,full,True,True,False,"K03890,K03891",2,M00151,3854,0.18
K03890,0.027,0.014,404.0,NC_005042.1_456,404.0,3.6e-14,49.5,22.0,0.7,173.0,215.0,12.0,69.0,K02636,213.7,3.722842918286066e-50,3.722842918286066e-50,186.7,full,True,True,False,"K03889,K03891",2,M00151,2987,0.14
K03891,0.027,0.014,587.0,NC_005042.1_364,587.0,2.1000000000000003e-44,148.6,4.7999999999999996e-43,144.2,32.0,252.0,7.0,212.0,K02635,407.0,1.6362479687666697e-78,1.6362479687666697e-78,472.07,full,True,True,False,"K03889,K03890",2,M00151,2982,0.139
K03894,0.0,0.0,,,,1000.0,0.0,,,,,,,,,,0.0,,,,,,,0,M00918,526,0.025
K03895,0.021,0.01,,,,1000.0,0.0,,,,,,,,,,0.0,,,,,,"K03894,K03896,K03897",3,M00918,2621,0.122
K03896,0.032,0.025,,,,1000.0,0.0,,,,,,,,,,0.0,,,,,,"K03894,K03895,K03897",3,M00918,4013,0.188
K03897,0.027,0.019,728.0,NC_005042.1_1384,728.0,0.00041,15.3,0.008,11.0,388.0,456.0,128.0,193.0,K00382,542.8,1.60944925153551e-159,1.60944925153551e-159,390.93,full,True,True,False,"K03894,K03895,K03896",3,M00918,3488,0.163
K04041,0.017,0.016,,,,1000.0,0.0,,,,,,,,,,0.0,,,,,,K15635,1,M00003,3198,0.149
K04042,1.0,1.0,779.0,NC_005042.1_1059,779.0,2.7e-180,598.1,3.4000000000000002e-180,597.8,242.0,690.0,2.0,448.0,K04042,598.1,1.0,1.0,329.87,full,False,False,False,"K00820,K03431,K11528,K23144",4,M00909,18393,0.859
K04073,0.026,0.012,,,,1000.0,0.0,,,,,,,,,,0.0,,,,,,"K00446,K00529,K01617,K01666,K02554,K05708,K05709,K05710,K05711,K05712,K05713,K10216,K10217,K18364,K18365,K18366",16,"M00545,M00569",2854,0.133
K04092,0.186,0.023,,,,1000.0,0.0,,,,,,,,,,0.0,,,,,,"K00211,K00220,K04518,K15227",4,"M00024,M00025,M00040",3851,0.18
K04093,0.042,0.024,,,,1000.0,0.0,,,,,,,,,,0.0,,,,,,"K00832,K01713",2,"M00024,M00025",3982,0.186
K04102,0.004,0.003,,,,1000.0,0.0,,,,,,,,,,0.0,,,,,,"K18067,K18068,K18069",3,M00623,1280,0.06
K04112,0.004,0.004,,,,1000.0,0.0,,,,,,,,,,0.0,,,,,,"K04113,K04114,K04115,K07537,K07538,K07539,K19515,K19516",8,M00541,1566,0.073
K04113,0.001,0.0,431.0,NC_005042.1_145,431.0,0.00017,17.2,0.00023,16.8,187.0,238.0,115.0,165.0,K05801,58.1,4.873740618184757e-13,4.873740618184757e-13,340.5,full,True,True,False,"K04112,K04114,K04115,K07537,K07538,K07539,K19515,K19516",8,M00541,542,0.025
K04114,0.0,0.0,,,,1000.0,0.0,,,,,,,,,,0.0,,,,,,"K04115,K07537,K07538,K07539,K19515,K19516",6,M00541,110,0.005
K04115,0.0,0.0,,,,1000.0,0.0,,,,,,,,,,0.0,,,,,,"K04114,K07537,K07538,K07539,K19515,K19516",6,M00541,68,0.003
K04116,0.007,0.006,672.0,NC_005042.1_1050,672.0,4e-79,263.2,5.3e-79,262.8,28.0,548.0,91.0,642.0,K01895,1017.2,1.0553178144107506e-227,1.0553178144107506e-227,607.83,domain,True,True,False,"K04117,K07536",2,M00540,2050,0.096
K04117,0.001,0.0,,,,1000.0,0.0,,,,,,,,,,0.0,,,,,,K07536,1,M00540,570,0.027
K04126,0.0,0.0,,,,1000.0,0.0,,,,,,,,,,0.0,,,,,,"K12744,K12745",2,M00673,26,0.001
K04127,0.011,0.01,407.0,NC_005042.1_85,407.0,1.1999999999999999e-39,133.2,1.4999999999999998e-39,132.9,27.0,393.0,25.0,408.0,K11717,644.4,1.2985725449601412e-154,1.2985725449601412e-154,403.43,domain,True,True,False,"K04126,K04128,K12743,K12744,K12745,K18062,K18063",7,M00673,2600,0.121
K04128,0.0,0.0,,,,1000.0,0.0,,,,,,,,,,0.0,,,,,,"K12744,K12745",2,M00673,207,0.01
K04480,0.0,0.0,,,,1000.0,0.0,,,,,,,,,,0.0,,,,,,"K14081,K16176,K16178",3,"M00356,M00617",57,0.003
K04486,0.637,0.035,626.0,NC_005042.1_963,626.0,2.3e-06,23.1,8.1e-05,18.0,134.0,182.0,13.0,77.0,K07053,126.4,8.009426995231433e-32,8.009426995231433e-32,124.13,full,True,True,False,"K01693,K01814,K02502,K11755,K14152",5,M00026,4795,0.224
K04516,0.015,0.015,,,,1000.0,0.0,,,,,,,,,,0.0,,,,,,K00211,1,"M00024,M00025",3106,0.145
K04517,1.0,1.0,573.0,NC_005042.1_1743,573.0,3.1e-75,250.7,3.6999999999999997e-75,250.5,124.0,401.0,5.0,283.0,K15226,390.4,8.833027972005432e-43,1.0,211.87,domain,True,False,True,"K04092,K04093,K04516,K06208,K06209,K14170",6,M00025,10949,0.512
K04518,1.0,1.0,480.0,NC_005042.1_1686,480.0,1.2e-88,294.9,1.4e-88,294.7,64.0,331.0,3.0,273.0,K04518,294.9,0.9999999999998863,0.9999999999998863,329.13,full,False,True,False,"K01713,K04092,K04093,K04516,K06208,K06209",6,M00024,10408,0.486
K04561,0.033,0.02,,,,1000.0,0.0,,,,,,,,,,0.0,,,,,,"K00368,K00370,K00371,K00374,K00376,K02305,K02567,K02568,K15864",9,M00529,3615,0.169
K04835,0.002,0.001,413.0,NC_005042.1_238,413.0,0.00014,17.4,130.0,-2.3,353.0,376.0,99.0,122.0,K01689,632.3,7.882349115773132e-186,7.882349115773132e-186,431.07,full,True,True,False,"K01846,K19268",2,M00740,672,0.031
K05298,1.0,1.0,434.0,NC_005042.1_23,434.0,9.200000000000001e-164,542.1,1.0000000000000001e-163,541.9,69.0,406.0,2.0,340.0,K05298,542.1,1.0,1.0,646.07,full,False,True,False,"K02689,K02690,K02691,K02692,K02693,K02694,K02703,K02704,K02705,K02706,K02707,K02708",12,"M00165,M00611,M00612",222,0.01
K05299,0.001,0.001,896.0,NC_005042.1_186,896.0,7e-13,44.3,8.5e-13,44.0,135.0,211.0,49.0,122.0,K05580,328.8,2.274920548788223e-86,2.274920548788223e-86,1185.57,domain,True,True,False,"K00194,K00197,K14138",3,"M00377,M00618",813,0.038
K05308,0.0,0.0,394.0,NC_005042.1_238,394.0,2.2e-05,20.3,0.0003,16.6,46.0,314.0,63.0,367.0,K01689,632.3,5.883593420661649e-185,5.883593420661649e-185,415.57,domain,True,True,False,,0,"M00308,M00309,M00633",455,0.021
K05359,0.0,0.0,434.0,NC_005042.1_1686,434.0,6.400000000000001e-38,127.5,9.9e-38,126.9,107.0,333.0,4.0,232.0,K04518,294.9,4.051153749470748e-51,4.051153749470748e-51,344.67,full,True,True,False,,0,M00024,1,0.0
K05375,0.026,0.026,,,,1000.0,0.0,,,,,,,,,,0.0,,,,,,"K19102,K19103,K19104,K19105,K19106",5,M00736,4123,0.193
K05526,0.054,0.028,385.0,NC_005042.1_254,385.0,5.5e-14,48.4,6.9e-14,48.1,71.0,266.0,6.0,189.0,K01437,282.7,2.942198812964046e-71,2.942198812964046e-71,113.33,full,True,True,False,"K00673,K00840,K01484,K06447",4,M00879,4314,0.202
K05549,0.018,0.01,449.0,NC_005042.1_893,449.0,1.4e-10,37.1,7.6e-10,34.7,49.0,129.0,52.0,130.0,K15982,106.2,1.5731862876409362e-21,1.5731862876409362e-21,576.93,full,True,True,False,"K05550,K05783,K05784",3,M00551,2538,0.119
K05550,0.02,0.013,,,,1000.0,0.0,,,,,,,,,,0.0,,,,,,"K05549,K05783,K05784",3,M00551,2929,0.137
K05551,0.028,0.001,422.0,NC_005042.1_1793,422.0,5.1999999999999995e-129,427.8,5.6999999999999994e-129,427.7,3.0,414.0,6.0,411.0,K09458,589.4,2.257109874304879e-49,2.257109874304879e-49,672.13,domain,True,True,False,"K05552,K05553,K05554,K12420,K14249,K15884,K15885,K15886",8,M00778,648,0.03
K05552,0.028,0.001,408.0,NC_005042.1_1793,408.0,2.5e-85,283.5,2.8e-85,283.3,5.0,405.0,7.0,413.0,K09458,589.4,8.22099390815099e-93,8.22099390815099e-93,549.83,domain,True,True,False,"K05551,K05553,K05554,K12420,K14249,K15884,K15885,K15886",8,M00778,661,0.031
K05553,0.029,0.001,89.0,NC_005042.1_1792,89.0,1.4e-09,34.9,1.4e-09,34.8,18.0,80.0,15.0,78.0,K02078,110.7,1.5202886577291146e-23,1.5202886577291146e-23,62.13,domain,True,True,False,"K05551,K05552,K05554,K12420,K14249,K15884,K15885,K15886",8,M00778,806,0.038
K05554,0.324,0.324,339.0,NC_005042.1_138,339.0,0.0025,13.6,0.0039,13.0,30.0,170.0,6.0,148.0,K14670,13.9,0.3224043652038743,0.3224043652038743,116.4,full,True,True,False,"K05551,K05552,K05553,K12420,K14249,K15884,K15885,K15886",8,M00778,1045,0.049
K05555,0.153,0.122,383.0,NC_005042.1_556,383.0,6.5e-14,48.6,1.2e-13,47.8,59.0,232.0,19.0,181.0,K01069,211.8,7.445685781097358e-50,7.445685781097358e-50,157.3,full,True,True,False,"K05551,K05552,K05553,K05554,K12420,K14249,K14250,K15884,K15885,K15886",10,M00778,8949,0.418
K05556,0.0,0.0,311.0,NC_005042.1_1384,311.0,6.8e-06,22.4,0.69,6.0,8.0,45.0,10.0,47.0,K00382,542.8,2.2079551962811552e-157,2.2079551962811552e-157,369.17,domain,True,True,False,K14630,1,M00779,341,0.016
K05572,1.0,1.0,372.0,NC_005042.1_187,372.0,5e-203,670.9,5.7e-203,670.7,2.0,372.0,14.0,384.0,K05572,670.9,1.0,1.0,502.83,full,False,False,False,"K05573,K05574,K05575,K05578,K05579,K05580,K05581,K05582,K05583,K05584,K05585",11,M00145,184,0.009
K05573,1.0,1.0,622.0,NC_005042.1_428,622.0,3.1000000000000003e-227,752.6,4e-227,752.3,113.0,609.0,24.0,515.0,K05573,752.6,1.0,1.0,467.8,full,False,False,False,"K05572,K05574,K05575,K05578,K05579,K05580,K05581,K05582,K05583,K05584,K05585",11,M00145,209,0.01
K05574,1.0,1.0,120.0,NC_005042.1_328,120.0,2.4e-56,186.1,2.7e-56,185.9,1.0,120.0,1.0,120.0,K05574,186.1,0.9999998532361581,1.0,170.53,full,False,False,False,"K05572,K05573,K05575,K05576,K05578,K05579,K05580,K05581,K05582,K05583,K05584,K05585",12,M00145,506,0.024
K05575,1.0,1.0,579.0,NC_005042.1_176,579.0,9.8e-233,770.6,1.3e-232,770.3,30.0,529.0,23.0,529.0,K05575,770.6,1.0,1.0,572.77,full,False,False,False,"K05572,K05573,K05574,K05578,K05579,K05580,K05581,K05582,K05583,K05584,K05585",11,M00145,192,0.009
K05576,1.0,1.0,103.0,NC_005042.1_184,103.0,1.2e-45,150.4,1.3e-45,150.3,3.0,103.0,8.0,108.0,K05576,150.4,0.9797991257622914,1.0,134.57,full,False,False,False,"K05572,K05573,K05574,K05575,K05578,K05579,K05580,K05581,K05582,K05583,K05584,K05585",12,M00145,950,0.044
K05577,1.0,1.0,681.0,NC_005042.1_175,681.0,2.4e-192,638.0,2.7e-192,637.9,79.0,636.0,1.0,665.0,K00341,775.7,3.533211188802286e-42,1.0,546.57,domain,True,False,True,"K05572,K05573,K05574,K05575,K05579,K05580,K05581,K05582,K05583,K05584,K05585",11,M00145,1685,0.079
K05578,1.0,1.0,192.0,NC_005042.1_185,192.0,1.7e-72,239.7,2.0000000000000002e-72,239.5,2.0,176.0,1.0,175.0,K05578,239.7,1.0,1.0,170.5,full,False,False,False,"K05572,K05573,K05574,K05575,K05576,K05579,K05580,K05581,K05582,K05583,K05584,K05585",12,M00145,650,0.03
K05579,1.0,1.0,426.0,NC_005042.1_200,426.0,1.4e-218,722.7,1.5000000000000002e-218,722.5,1.0,392.0,5.0,397.0,K05579,722.7,1.0,1.0,506.67,full,False,False,False,"K05572,K05573,K05574,K05575,K05578,K05580,K05581,K05582,K05583,K05584,K05585",11,M00145,189,0.009
K05580,1.0,1.0,202.0,NC_005042.1_186,202.0,1.3e-99,328.8,1.5e-99,328.5,1.0,198.0,1.0,202.0,K05580,328.8,1.0,1.0,159.5,domain,False,False,False,"K05572,K05573,K05574,K05575,K05578,K05579,K05581,K05582,K05583,K05584,K05585",11,M00145,237,0.011
K05581,1.0,1.0,171.0,NC_005042.1_326,171.0,4.3000000000000005e-74,244.7,4.6000000000000004e-74,244.6,11.0,171.0,14.0,181.0,K05581,244.7,1.0,1.0,222.5,full,False,False,False,"K05572,K05573,K05574,K05575,K05578,K05579,K05580,K05582,K05583,K05584,K05585",11,M00145,188,0.009
K05582,1.0,1.0,295.0,NC_005042.1_327,295.0,3e-122,404.6,3.3e-122,404.5,37.0,247.0,23.0,234.0,K05582,404.6,1.0,1.0,263.87,domain,False,False,False,"K05572,K05573,K05574,K05575,K05578,K05579,K05580,K05581,K05583,K05584,K05585",11,M00145,185,0.009
K05583,0.92,0.0,,,,1000.0,0.0,,,,,,,,,,0.0,,,,,,"K05572,K05573,K05574,K05575,K05579,K05580,K05581,K05582,K05584,K05585",10,M00145,166,0.008
K05584,1.0,1.0,114.0,NC_005042.1_171,114.0,2.8e-54,178.8,3.1e-54,178.7,2.0,110.0,5.0,113.0,K05584,178.8,1.0,1.0,170.8,full,False,False,False,"K05572,K05573,K05574,K05575,K05578,K05579,K05580,K05581,K05582,K05583,K05585",11,M00145,181,0.008
K05585,1.0,1.0,158.0,NC_005042.1_1737,158.0,2.4e-64,212.6,2.7e-64,212.4,1.0,155.0,1.0,151.0,K05585,212.6,1.0,1.0,143.07,full,False,False,False,"K05572,K05573,K05574,K05575,K05578,K05579,K05580,K05581,K05582,K05583,K05584",11,M00145,176,0.008
K05599,0.003,0.003,462.0,NC_005042.1_893,462.0,4.4e-09,31.9,5.7e-09,31.5,52.0,232.0,52.0,234.0,K15982,106.2,4.2798069027361236e-23,4.2798069027361236e-23,854.77,full,True,True,False,"K05600,K11311,K16319,K18249",4,M00637,1318,0.062
K05600,0.001,0.001,,,,1000.0,0.0,,,,,,,,,,0.0,,,,,,"K05599,K11311",2,M00637,591,0.028
K05602,0.196,0.018,362.0,NC_005042.1_944,362.0,5.799999999999999e-49,164.0,7.4e-49,163.6,61.0,319.0,19.0,276.0,K01092,279.8,1.3826953493482262e-35,1.3826953493482262e-35,266.1,domain,True,True,False,"K01496,K01523,K24017",3,M00026,3465,0.162
K05603,0.163,0.048,,,,1000.0,0.0,,,,,,,,,,0.0,,,,,,"K01458,K01468,K01712,K01745",4,M00045,5604,0.262
K05606,0.25,0.114,214.0,NC_005042.1_237,214.0,8.6e-14,48.3,1.1e-13,48.0,45.0,174.0,3.0,125.0,K01759,171.1,1.080230741678303e-37,1.080230741678303e-37,72.5,domain,True,True,False,"K00023,K00239,K00240,K00241,K00626,K01679,K01847,K01848,K01849,K01961,K01962,K01963,K01964,K01965,K01966,K02160,K08691,K08928,K08929,K09709,K11263,K14446,K14447,K14448,K14449,K14451,K14465,K14466,K14468,K14469,K14470,K14471,K14472,K14534,K15016,K15019,K15020,K15036,K15037,K15038,K15052,K17865,K18472,K19312",44,"M00373,M00375,M00376,M00613,M00741",8640,0.404
K05607,0.002,0.002,412.0,NC_005042.1_1062,412.0,9.9e-34,113.9,1.8e-33,113.1,103.0,358.0,30.0,286.0,K01661,443.2,7.427153980591963e-100,7.427153980591963e-100,335.57,full,True,True,False,,0,M00036,1105,0.052
K05708,0.001,0.001,434.0,NC_005042.1_893,434.0,1.1e-06,24.6,140.0,-2.1,402.0,425.0,301.0,324.0,K15982,106.2,2.7158464161635796e-25,2.7158464161635796e-25,590.47,full,True,True,False,"K05709,K05711,K05713",3,M00545,620,0.029
K05709,0.001,0.0,,,,1000.0,0.0,,,,,,,,,,0.0,,,,,,"K05708,K05711",2,M00545,375,0.018
K05710,0.139,0.069,199.0,NC_005042.1_893,199.0,2.5e-14,50.5,4.6e-14,49.7,63.0,140.0,33.0,127.0,K15982,106.2,1.7005213709612405e-17,1.7005213709612405e-17,107.1,domain,True,True,False,"K00529,K01666,K02554,K04073,K05708,K05709,K05711,K05712,K05713,K05714",10,M00545,6714,0.314
K05711,0.001,0.0,272.0,NC_005042.1_448,272.0,2.6e-29,99.1,3e-28,95.6,3.0,259.0,14.0,256.0,K00059,366.5,3.195796813997257e-81,3.195796813997257e-81,377.5,full,True,True,False,"K05708,K05709,K05713",3,M00545,467,0.022
K05712,0.127,0.058,572.0,NC_005042.1_908,572.0,4.2e-13,45.5,6.1e-11,38.3,49.0,341.0,7.0,295.0,K03185,205.7,5.95654866925775e-49,5.95654866925775e-49,363.93,full,True,True,False,"K00529,K01666,K02554,K04073,K05708,K05709,K05710,K05711,K05713,K05714",10,M00545,6138,0.287
K05713,0.008,0.004,,,,1000.0,0.0,,,,,,,,,,0.0,,,,,,"K02554,K04073,K05708,K05709,K05711",5,M00545,1532,0.072
K05714,1.0,1.0,354.0,NC_005042.1_1262,354.0,1.7e-41,139.4,2.7e-41,138.7,48.0,299.0,27.0,319.0,K05714,139.4,0.9999969408548746,0.9999969408548746,282.07,domain,False,True,False,"K00529,K01666,K02554,K04073,K05708,K05709,K05710,K05711,K05712,K05713",10,M00545,13665,0.639
K05783,0.015,0.007,261.0,NC_005042.1_448,261.0,1.1e-36,123.4,5.2e-34,114.6,7.0,258.0,15.0,254.0,K00059,366.5,6.600974485402442e-74,6.600974485402442e-74,411.27,domain,True,True,False,"K05549,K05550,K05784",3,M00551,2103,0.098
K05784,0.017,0.009,742.0,NC_005042.1_1133,742.0,3e-22,75.5,3.7000000000000005e-22,75.1,122.0,309.0,106.0,328.0,K02641,506.6,1.682553449325797e-130,1.682553449325797e-130,459.43,full,True,True,False,"K05549,K05550,K05783",3,M00551,2434,0.114
K05810,1.0,1.0,364.0,NC_005042.1_523,364.0,9.999999999999999e-51,169.9,1.2e-50,169.6,126.0,306.0,56.0,260.0,K05810,169.9,1.0,1.0,55.93,full,False,False,False,"K00087,K00106,K00772,K00789,K00797,K00815,K00832,K00899,K01081,K01243,K01244,K01487,K01488,K01490,K01611,K02566,K03783,K03784,K03787,K08693,K08963,K08964,K08965,K08966,K08967,K08969,K09880,K09913,K11177,K11178,K11751,K13479,K13480,K13481,K13482,K13483,K16054,K19970,K20881,K23977",40,"M00034,M00958,M00959",17062,0.797
K05822,0.032,0.021,238.0,NC_005042.1_867,238.0,5.2e-22,75.3,2.8e-14,49.9,43.0,176.0,57.0,189.0,K02536,392.9,2.471003594278029e-96,2.471003594278029e-96,340.27,full,True,True,False,"K00841,K05823",2,M00525,3736,0.175
K05823,0.027,0.014,375.0,NC_005042.1_1797,375.0,2.4e-93,309.7,2.9999999999999997e-93,309.4,5.0,371.0,17.0,386.0,K01436,360.9,2.31674494286513e-16,2.31674494286513e-16,355.8,domain,True,True,False,"K00841,K05822",2,M00525,3020,0.141
K05824,0.0,0.0,350.0,NC_005042.1_866,350.0,4.2e-80,266.1,4.6000000000000004e-80,265.9,5.0,340.0,3.0,345.0,K00052,557.7,1.658262441519046e-88,1.658262441519046e-88,426.2,full,True,True,False,K01655,1,M00433,133,0.006
K05826,0.001,0.001,94.0,NC_005042.1_863,94.0,0.00094,16.1,0.0018,15.2,23.0,71.0,21.0,69.0,K01963,464.2,1.2836864084822384e-135,1.2836864084822384e-135,33.73,domain,True,True,False,"K05827,K05828,K05829,K05830,K05831",5,"M00031,M00763",853,0.04
K05827,0.001,0.001,279.0,NC_005042.1_206,279.0,7.3e-21,71.2,1.1e-20,70.6,59.0,250.0,93.0,278.0,K01920,386.3,1.3978107182801885e-95,1.3978107182801885e-95,351.6,domain,True,True,False,"K05826,K05828,K05829,K05830,K05831",5,M00031,634,0.03
K05828,0.0,0.0,286.0,NC_005042.1_494,286.0,5.6e-51,170.1,1.0000000000000001e-49,165.9,4.0,259.0,44.0,286.0,K00930,440.5,3.994746017496549e-82,3.994746017496549e-82,221.0,full,True,True,False,"K05826,K05827,K05829,K05830,K05831",5,"M00031,M00763",245,0.011
K05829,0.0,0.0,347.0,NC_005042.1_951,347.0,6.9e-91,301.8,8.3e-91,301.5,2.0,346.0,8.0,359.0,K00145,396.2,3.8262065366909365e-29,3.8262065366909365e-29,415.63,full,True,True,False,"K05826,K05827,K05828,K05830,K05831",5,"M00031,M00763",290,0.014
K05830,0.0,0.0,393.0,NC_005042.1_1387,393.0,5.9e-116,384.3,7.2e-116,384.0,10.0,388.0,27.0,419.0,K00821,531.9,3.6980488180607903e-45,3.6980488180607903e-45,500.57,domain,True,True,False,"K05828,K05831",2,"M00031,M00763",88,0.004
K05831,0.0,0.0,,,,1000.0,0.0,,,,,,,,,,0.0,,,,,,"K05827,K05828,K05829,K05830",4,"M00031,M00763",218,0.01
K05884,0.011,0.01,,,,1000.0,0.0,,,,,,,,,,0.0,,,,,,"K06034,K08097,K13039",3,M00358,2582,0.121
K05895,1.0,1.0,494.0,NC_005042.1_498,494.0,2.5e-37,125.8,2.7e-37,125.7,206.0,442.0,9.0,263.0,K05895,125.8,1.0,1.0,164.9,full,False,True,False,"K00595,K02188,K02189,K02190,K02191,K02224,K02228,K02229,K02230,K02302,K02303,K02304,K03394,K03399,K03795,K05934,K05936,K06042,K09882,K09883,K13540,K13541,K13542,K21479,K22011,K24866",26,"M00924,M00925",7814,0.365
K05921,0.029,0.016,,,,1000.0,0.0,,,,,,,,,,0.0,,,,,,"K00151,K00455,K01826",3,M00533,3199,0.149
K05928,0.0,0.0,385.0,NC_005042.1_1687,385.0,1.8999999999999998e-68,227.7,2.3e-68,227.4,59.0,339.0,31.0,307.0,K18534,381.9,3.812191148324894e-47,3.812191148324894e-47,301.97,full,True,True,False,K09833,1,M00112,267,0.012
K05934,0.27,0.005,487.0,NC_005042.1_1697,487.0,4.6e-98,326.1,5.5000000000000004e-98,325.8,58.0,299.0,341.0,605.0,K13541,646.8,2.8819098445843237e-97,2.8819098445843237e-97,352.33,domain,True,True,False,"K02188,K02189,K02190,K02191,K02304,K03394,K03399,K22011,K24866",9,"M00924,M00925",1808,0.084
K05936,1.0,1.0,355.0,NC_005042.1_453,355.0,5.9e-96,318.2,6.6e-96,318.1,31.0,279.0,2.0,249.0,K05936,318.2,1.0,1.0,237.23,domain,False,False,False,"K00595,K02188,K02189,K02190,K02191,K02224,K02228,K02229,K02230,K02302,K02303,K02304,K03394,K03399,K03795,K05895,K05934,K06042,K09882,K09883,K13540,K13541,K13542,K21479,K22011,K24866",26,"M00924,M00925",8908,0.416
K05942,0.0,0.0,446.0,NC_005042.1_1144,446.0,2.7000000000000003e-65,217.5,3.4000000000000003e-65,217.2,43.0,398.0,5.0,367.0,K01649,655.5,1.4088407314736243e-132,1.4088407314736243e-132,333.0,full,True,True,False,,0,"M00009,M00010",540,0.025
K05979,1.0,1.0,516.0,NC_005042.1_1055,516.0,9.800000000000001e-71,236.0,1.1999999999999999e-70,235.7,32.0,257.0,15.0,254.0,K05979,236.0,1.0,1.0,55.43,full,False,False,False,"K05884,K08097",2,M00358,2925,0.137
K06001,0.006,0.006,966.0,NC_005042.1_191,966.0,5e-85,283.0,6.5e-85,282.6,568.0,941.0,51.0,414.0,K01696,790.5,1.687629858378162e-153,1.687629858378162e-153,452.17,full,True,True,False,,0,M00023,2005,0.094
K06016,0.112,0.087,573.0,NC_005042.1_1797,573.0,4.7e-10,35.3,5.9e-10,35.0,271.0,471.0,183.0,390.0,K01436,360.9,5.784254771291214e-99,5.784254771291214e-99,475.7,full,True,True,False,"K01431,K01464,K17722,K17723",4,M00046,7540,0.352
K06034,0.002,0.001,,,,1000.0,0.0,,,,,,,,,,0.0,,,,,,K13039,1,M00358,961,0.045
K06041,0.355,0.231,411.0,NC_005042.1_1816,411.0,8.9e-13,44.8,9.8e-05,18.3,313.0,373.0,142.0,209.0,K06213,544.1,4.9627587639365815e-151,4.9627587639365815e-151,158.77,domain,True,True,False,"K00979,K01627,K03270",3,M00063,12300,0.575
K06042,1.0,1.0,369.0,NC_005042.1_1830,369.0,3.1e-59,197.8,3.3000000000000003e-59,197.7,121.0,321.0,6.0,210.0,K06042,197.8,1.0,1.0,84.6,domain,False,False,False,"K00595,K02188,K02189,K02190,K02191,K02224,K02228,K02229,K02230,K02302,K02303,K02304,K03394,K03399,K03795,K05895,K05934,K05936,K09882,K09883,K13540,K13541,K13542,K21479,K22011,K24866",26,"M00924,M00925",8819,0.412
K06044,0.861,0.064,914.0,NC_005042.1_1087,914.0,2.7e-08,29.2,4.4e-08,28.5,95.0,167.0,295.0,367.0,K01236,232.0,8.93545926600051e-62,8.93545926600051e-62,455.17,full,True,True,False,"K00700,K00703,K00975,K01214,K01236,K16149",6,M00565,6479,0.303
K06134,0.551,0.031,,,,1000.0,0.0,,,,,,,,,,0.0,,,,,,"K00568,K03179,K03181,K03182,K03185,K03186,K18240,K18800",8,M00117,4481,0.209
K06208,1.0,1.0,185.0,NC_005042.1_1310,185.0,1.2e-49,165.0,1.3e-49,164.9,49.0,165.0,2.0,118.0,K06208,165.0,1.0,1.0,81.87,full,False,False,False,K06209,1,"M00024,M00025",2290,0.107
K06209,0.32,0.011,147.0,NC_005042.1_1263,147.0,0.00022,17.8,0.00039,17.0,70.0,141.0,3.0,73.0,K01653,267.9,5.157011316720737e-76,5.157011316720737e-76,123.67,full,True,True,False,K06208,1,"M00024,M00025",2704,0.126
K06210,0.0,0.0,,,,1000.0,0.0,,,,,,,,,,0.0,,,,,,,0,"M00115,M00912",17,0.001
K06215,0.113,0.075,364.0,NC_005042.1_1848,364.0,1.6e-05,20.9,0.00023,17.1,259.0,311.0,188.0,238.0,K03149,446.4,8.160877238983616e-129,8.160877238983616e-129,122.73,full,True,True,False,K08681,1,M00916,7024,0.328
K06445,0.089,0.045,,,,1000.0,0.0,,,,,,,,,,0.0,,,,,,"K00249,K00255,K00632,K01782,K01825,K07508,K07509,K07511,K07513,K07514,K07515,K07516",12,M00087,5438,0.254
K06447,0.056,0.031,490.0,NC_005042.1_372,490.0,2.5e-52,174.8,3.3e-52,174.4,60.0,455.0,21.0,413.0,K25072,531.4,4.494729354115005e-108,4.494729354115005e-108,460.6,domain,True,True,False,"K00673,K00840,K01484,K05526",4,M00879,4506,0.211
K06718,0.03,0.011,241.0,NC_005042.1_1826,241.0,0.00091,15.5,0.0011,15.2,123.0,160.0,86.0,122.0,K00619,44.3,1.934738377742342e-09,1.934738377742342e-09,90.37,full,True,True,False,"K00836,K06720",2,M00033,2726,0.127
K06720,0.032,0.015,179.0,NC_005042.1_651,179.0,0.007,13.0,0.0079,12.9,61.0,149.0,40.0,127.0,K11948,24.6,0.00028003923040747673,0.00028003923040747673,93.0,full,True,True,False,"K00836,K06718",2,M00033,3083,0.144
K06859,0.001,0.001,,,,1000.0,0.0,,,,,,,,,,0.0,,,,,,K00918,1,"M00001,M00004",973,0.045
K06863,0.0,0.0,363.0,NC_005042.1_1432,363.0,0.0016,14.1,0.0024,13.6,117.0,207.0,112.0,209.0,K01945,564.9,1.5583980219048e-166,1.5583980219048e-166,223.77,full,True,True,False,,0,M00048,4,0.0
K06914,0.001,0.001,372.0,NC_005042.1_1432,372.0,7.7e-14,48.0,130.0,-2.1,195.0,236.0,369.0,410.0,K01945,564.9,2.4980161469543124e-156,2.4980161469543124e-156,189.67,full,True,True,False,"K07072,K07144,K09733",3,M00935,690,0.032
K06981,0.0,0.0,346.0,NC_005042.1_494,346.0,8.5e-15,51.4,1.3e-14,50.8,46.0,319.0,42.0,301.0,K00930,440.5,7.399948327553061e-118,7.399948327553061e-118,109.2,full,True,True,False,,0,M00849,50,0.002
K06982,0.0,0.0,350.0,NC_005042.1_1075,350.0,0.00018,17.2,0.00031,16.4,104.0,164.0,71.0,133.0,K00872,350.9,3.517956353252163e-101,3.517956353252163e-101,130.87,full,True,True,False,K09722,1,M00914,10,0.0
K06989,0.011,0.011,359.0,NC_005042.1_23,359.0,0.0011,15.2,0.0015,14.8,49.0,116.0,3.0,100.0,K05298,542.1,2.439468893510025e-159,2.439468893510025e-159,80.7,full,True,True,False,,0,M00115,2720,0.127
K06998,0.252,0.25,,,,1000.0,0.0,,,,,,,,,,0.0,,,,,,"K13063,K20260,K20261,K20262,K20940,K21103",6,M00835,12786,0.597
K07072,0.001,0.0,,,,1000.0,0.0,,,,,,,,,,0.0,,,,,,"K06914,K07144,K09733",3,M00935,466,0.022
K07104,0.094,0.071,354.0,NC_005042.1_247,354.0,6.7e-14,48.8,7.8e-14,48.6,49.0,170.0,10.0,124.0,K08234,71.7,1.2776532281530112e-07,1.2776532281530112e-07,88.17,domain,True,True,False,"K00446,K01617,K01666,K01821,K02554,K04073,K10216,K10217,K18364,K18365,K18366",11,M00569,6815,0.318
K07127,0.16,0.092,,,,1000.0,0.0,,,,,,,,,,0.0,,,,,,"K00087,K00106,K00365,K01466,K01477,K11177,K11178,K13479,K13481,K13482,K13483,K13485,K16838,K16839,K16840,K16842,K22879",17,M00546,7766,0.363
K07130,0.249,0.079,,,,1000.0,0.0,,,,,,,,,,0.0,,,,,,"K00452,K00453,K00463,K00486,K00767,K00969,K01432,K01556,K01916,K01950,K03392,K10217,K14263",13,"M00038,M00912",7195,0.336
K07144,0.001,0.001,226.0,NC_005042.1_494,226.0,3.2e-07,27.1,0.0048,13.4,9.0,48.0,44.0,84.0,K00930,440.5,3.582612134198741e-125,3.582612134198741e-125,98.47,full,True,True,False,"K06914,K07072,K09733",3,M00935,645,0.03
K07173,0.268,0.112,,,,1000.0,0.0,,,,,,,,,,0.0,,,,,,"K00789,K01243,K17216,K17217,K17462",5,M00609,8576,0.401
K07250,0.154,0.055,522.0,NC_005042.1_1387,522.0,1.1000000000000001e-100,334.5,1.3e-100,334.2,82.0,489.0,32.0,419.0,K00821,531.9,3.77293094012041e-60,3.77293094012041e-60,654.33,domain,True,True,False,"K00135,K00137,K00139,K00252,K00468,K00626,K00823,K01041,K01506,K01580,K01692,K01782,K01825,K09251,K13524,K14268,K15736,K15737,K16871,K17761",20,"M00027,M00956,M00957",5992,0.28
K07260,1.0,1.0,414.0,NC_005042.1_837,414.0,4.8e-48,161.2,4.8e-48,161.2,121.0,254.0,90.0,232.0,K07260,161.2,1.0,1.0,68.47,full,False,False,False,"K08641,K15739,K18344,K18345,K18346,K18347,K18351,K18352,K18353,K18354",10,M00651,8889,0.415
K07282,0.094,0.093,,,,1000.0,0.0,,,,,,,,,,0.0,,,,,,"K01932,K22116,K22976,K22977,K22980,K22981",6,M00860,7819,0.365
K07389,0.002,0.002,,,,1000.0,0.0,,,,,,,,,,0.0,,,,,,,0,M00575,998,0.047
K07404,0.687,0.246,,,,1000.0,0.0,,,,,,,,,,0.0,,,,,,"K00033,K00036,K00615,K00616,K01057,K01625,K01690,K01783,K01807,K01808,K01810,K06859,K13810,K13937,K15916,K19243",16,"M00004,M00006,M00008",12694,0.593
K07508,0.002,0.002,,,,1000.0,0.0,,,,,,,,,,0.0,,,,,,,0,M00087,1025,0.048
K07509,0.003,0.003,487.0,NC_005042.1_1793,487.0,0.043,9.1,260.0,-3.3,301.0,314.0,302.0,315.0,K09458,589.4,2.0525489171531408e-175,2.0525489171531408e-175,575.3,full,True,True,False,K07515,1,M00087,1445,0.068
K07511,0.091,0.05,405.0,NC_005042.1_1062,405.0,1.9e-41,139.5,2.5e-41,139.1,130.0,391.0,23.0,290.0,K01661,443.2,3.7773768714933624e-92,3.7773768714933624e-92,451.8,full,True,True,False,"K00232,K00249,K00255,K00632,K01692,K01782,K01825,K06445,K07508,K07513,K07514,K09479,K10527,K13767",14,M00087,5737,0.268
K07513,0.027,0.01,,,,1000.0,0.0,,,,,,,,,,0.0,,,,,,"K00249,K00255,K07508,K07514,K07515,K10527",6,M00087,2540,0.119
K07514,0.043,0.018,727.0,NC_005042.1_1062,727.0,3.1e-15,52.1,3.9e-15,51.7,12.0,205.0,35.0,242.0,K01661,443.2,1.8499870818883635e-118,1.8499870818883635e-118,892.6,full,True,True,False,"K00249,K00255,K06445,K07508,K07511,K07513,K07515,K07516,K10527",9,M00087,3414,0.16
K07515,0.0,0.0,849.0,NC_005042.1_1062,849.0,1.9e-05,19.6,2.3e-05,19.3,100.0,284.0,34.0,223.0,K01661,443.2,3.0457470815412993e-128,3.0457470815412993e-128,858.97,full,True,True,False,,0,M00087,13,0.001
K07516,0.068,0.041,618.0,NC_005042.1_1627,618.0,1.3e-05,21.0,1.5e-05,20.7,52.0,103.0,152.0,230.0,K00259,490.0,6.560425886295843e-142,6.560425886295843e-142,389.13,domain,True,True,False,"K00022,K00249,K00632,K07508,K07509,K07513,K07514,K07515,K09479,K10527,K13767",11,M00087,5152,0.241
K07534,0.002,0.002,259.0,NC_005042.1_1062,259.0,1.9e-34,115.8,2.4e-34,115.4,8.0,258.0,30.0,287.0,K01661,443.2,2.771911878846469e-99,2.771911878846469e-99,469.37,full,True,True,False,"K04117,K07536",2,M00540,1213,0.057
K07535,0.132,0.13,411.0,NC_005042.1_448,411.0,2.1e-84,280.6,2.3e-84,280.5,139.0,383.0,8.0,257.0,K00059,366.5,1.385234733216984e-26,1.385234733216984e-26,308.1,domain,True,True,False,"K04116,K04117,K07534,K07536",4,M00540,9222,0.431
K07536,0.002,0.001,261.0,NC_005042.1_1062,261.0,2.7e-93,308.9,3.5e-93,308.6,3.0,259.0,25.0,288.0,K01661,443.2,3.7296800912445043e-41,3.7296800912445043e-41,396.73,full,True,True,False,"K04116,K04117",2,M00540,672,0.031
K07537,0.0,0.0,256.0,NC_005042.1_1062,256.0,1.5e-31,106.1,2.2e-31,105.6,11.0,255.0,33.0,287.0,K01661,443.2,3.332640453053023e-102,3.332640453053023e-102,298.27,full,True,True,False,"K04115,K07538,K07539,K19515,K19516",5,M00541,50,0.002
K07538,0.0,0.0,358.0,NC_005042.1_1627,358.0,0.0001,18.3,0.0002,17.3,176.0,217.0,178.0,219.0,K00259,490.0,1.0096039598845628e-142,1.0096039598845628e-142,502.27,full,True,True,False,"K04115,K07537,K07539,K19515,K19516",5,M00541,32,0.001
K07539,0.0,0.0,379.0,NC_005042.1_1062,379.0,3.7e-18,62.4,8.8e-18,61.2,55.0,232.0,39.0,219.0,K01661,443.2,2.3322636908820996e-115,2.3322636908820996e-115,611.23,full,True,True,False,"K04115,K07537,K07538,K19515,K19516",5,M00541,32,0.001
K07540,0.0,0.0,,,,1000.0,0.0,,,,,,,,,,0.0,,,,,,K07547,1,M00418,8,0.0
K07543,0.0,0.0,412.0,NC_005042.1_274,412.0,0.0047,12.3,0.0074,11.6,13.0,45.0,187.0,221.0,K03431,520.6,9.692888210813473e-154,9.692888210813473e-154,365.37,full,True,True,False,"K07540,K07544,K07547,K07549",4,M00418,284,0.013
K07544,0.004,0.002,,,,1000.0,0.0,,,,,,,,,,0.0,,,,,,"K07540,K07543,K07545,K07546,K07547,K07549,K07550",7,M00418,1015,0.047
K07545,0.0,0.0,,,,1000.0,0.0,,,,,,,,,,0.0,,,,,,"K07540,K07547",2,M00418,227,0.011
K07546,0.009,0.006,262.0,NC_005042.1_1062,262.0,2.9e-46,154.8,3.8999999999999995e-46,154.3,8.0,260.0,34.0,286.0,K01661,443.2,1.52387467098108e-87,1.52387467098108e-87,288.47,domain,True,True,False,"K07540,K07543,K07544,K07545,K07547,K07549,K07550",7,M00418,2036,0.095
K07547,0.0,0.0,250.0,NC_005042.1_448,250.0,1.3000000000000001e-32,110.1,1.7000000000000002e-32,109.7,8.0,241.0,18.0,254.0,K00059,366.5,6.544991875066331e-78,6.544991875066331e-78,470.23,full,True,True,False,K07540,1,M00418,5,0.0
K07548,0.0,0.0,251.0,NC_005042.1_448,251.0,3.5999999999999997e-68,226.7,4.4e-68,226.3,6.0,250.0,17.0,254.0,K00059,366.5,8.241506513048431e-43,8.241506513048431e-43,428.73,full,True,True,False,"K07540,K07547",2,M00418,84,0.004
K07549,0.0,0.0,,,,1000.0,0.0,,,,,,,,,,0.0,,,,,,"K07540,K07547",2,M00418,225,0.011
K07550,0.018,0.017,389.0,NC_005042.1_1793,389.0,0.068,9.0,53.0,-0.5,23.0,64.0,75.0,119.0,K09458,589.4,1.915095856447062e-175,1.915095856447062e-175,471.0,full,True,True,False,"K07540,K07543,K07544,K07545,K07546,K07547,K07548,K07549",8,M00418,3300,0.154
K07637,0.08,0.058,485.0,NC_005042.1_1131,485.0,4.3000000000000004e-32,108.4,5.7e-32,107.9,243.0,460.0,143.0,368.0,K08479,442.7,2.3209856189350988e-101,2.3209856189350988e-101,232.6,full,True,True,False,"K07660,K08477",2,M00744,6139,0.287
K07644,0.13,0.102,538.0,NC_005042.1_1433,538.0,2.2e-58,195.3,1.4e-10,37.5,51.0,279.0,33.0,283.0,K07769,969.0,1.2390600505020812e-233,1.2390600505020812e-233,389.23,full,True,True,False,"K07665,K18072,K18073,K18093,K18297",5,M00745,8172,0.382
K07660,0.082,0.06,231.0,NC_005042.1_159,231.0,5.1e-62,205.9,6.3999999999999996e-62,205.6,9.0,227.0,11.0,237.0,K11329,389.7,4.684754067653041e-56,4.684754067653041e-56,290.23,full,True,True,False,"K07637,K08477",2,M00744,6289,0.294
K07665,0.15,0.126,237.0,NC_005042.1_159,237.0,8.8e-70,231.6,1.0999999999999999e-69,231.2,6.0,225.0,10.0,237.0,K11329,389.7,2.5536283168064977e-48,2.5536283168064977e-48,328.23,full,True,True,False,"K07644,K18072,K18073,K18093,K18297",5,M00745,9068,0.424
K07690,0.005,0.005,208.0,NC_005042.1_197,208.0,6.4e-35,117.2,4.4e-34,114.5,3.0,207.0,16.0,240.0,K02479,180.3,1.0115962473431854e-19,1.0115962473431854e-19,237.9,full,True,True,False,K18899,1,M00697,1837,0.086
K07806,0.153,0.004,379.0,NC_005042.1_319,379.0,3.6e-79,263.0,9.8e-78,258.3,12.0,378.0,15.0,394.0,K13017,479.9,5.088548760810776e-66,5.088548760810776e-66,480.0,full,True,True,False,"K10011,K10012,K13014",3,M00761,1668,0.078
K08068,0.0,0.0,,,,1000.0,0.0,,,,,,,,,,0.0,,,,,,,0,M00922,423,0.02
K08074,0.0,0.0,611.0,NC_005042.1_1427,611.0,0.021,9.9,0.03,9.4,201.0,250.0,88.0,138.0,K00677,342.8,6.125117769949743e-101,6.125117769949743e-101,250.13,full,True,True,False,,0,M00001,1,0.0
K08093,0.011,0.006,300.0,NC_005042.1_1420,300.0,2.5e-09,33.8,6.6e-08,29.2,10.0,114.0,10.0,114.0,K01591,196.2,1.296369199830762e-49,1.296369199830762e-49,171.93,domain,True,True,False,K08094,1,"M00345,M00580",1936,0.09
K08094,0.013,0.01,186.0,NC_005042.1_1334,186.0,2.4e-11,40.3,2e-10,37.3,76.0,136.0,110.0,170.0,K03271,176.9,7.57360397938887e-42,7.57360397938887e-42,100.6,full,True,True,False,K08093,1,"M00345,M00580",2518,0.118
K08097,0.001,0.001,,,,1000.0,0.0,,,,,,,,,,0.0,,,,,,,0,M00358,949,0.044
K08167,0.046,0.046,948.0,NC_005042.1_1885,948.0,7e-11,37.5,1.1e-10,36.8,281.0,441.0,219.0,381.0,K08151,355.1,2.4710035942778182e-96,2.4710035942778182e-96,425.4,full,True,True,False,,0,M00714,5484,0.256
K08168,0.005,0.005,472.0,NC_005042.1_1885,472.0,2.9e-24,82.4,0.00063,15.3,286.0,355.0,33.0,101.0,K08151,355.1,8.11185506386517e-83,8.11185506386517e-83,266.43,full,True,True,False,,0,M00704,1843,0.086
K08170,0.001,0.001,466.0,NC_005042.1_1885,466.0,4.7e-09,32.2,0.0025,13.4,68.0,142.0,66.0,154.0,K08151,355.1,6.272120596428296e-98,6.272120596428296e-98,379.73,full,True,True,False,,0,M00702,841,0.039
K08264,0.006,0.006,529.0,NC_005042.1_186,529.0,6.5e-08,28.2,8.2e-08,27.9,132.0,200.0,52.0,117.0,K05580,328.8,3.238793831091925e-91,3.238793831091925e-91,333.27,full,True,True,False,"K00125,K00197,K00579,K00584,K03390,K04480,K08265,K11261,K13942,K14081,K14126,K14127,K14128,K16176,K16177,K16178,K22481,K22482",18,"M00356,M00357,M00563,M00567,M00617",1930,0.09
K08265,0.0,0.0,,,,1000.0,0.0,,,,,,,,,,0.0,,,,,,"K14081,K22481",2,"M00356,M00357,M00563,M00567,M00617",381,0.018
K08289,1.0,1.0,620.0,NC_005042.1_1195,620.0,9.9e-184,609.4,1.2e-183,609.2,160.0,548.0,6.0,391.0,K08289,609.4,1.0,1.0,264.93,full,False,False,False,"K00602,K00764,K01492,K01588,K01589,K01756,K01923,K01933,K01945,K01952,K11175,K11787,K11808",13,M00048,8196,0.383
K08310,0.221,0.027,217.0,NC_005042.1_1813,217.0,1.1e-09,34.8,1.8e-09,34.0,56.0,184.0,274.0,387.0,K03575,339.4,2.0242461444324953e-92,2.0242461444324953e-92,87.13,domain,True,True,False,"K01633,K09007",2,M00126,4205,0.196
K08323,0.062,0.016,409.0,NC_005042.1_238,409.0,0.016,10.7,5.5,2.4,225.0,309.0,273.0,360.0,K01689,632.3,7.581492248373645e-188,7.581492248373645e-188,373.3,full,True,True,False,"K00040,K00874,K01686,K01812,K17463",5,M00061,3189,0.149
K08477,0.0,0.0,,,,1000.0,0.0,,,,,,,,,,0.0,,,,,,,0,M00744,168,0.008
K08641,1.0,1.0,396.0,NC_005042.1_833,396.0,1.1999999999999999e-43,146.3,1.4999999999999998e-43,146.0,103.0,258.0,35.0,227.0,K08641,146.3,1.0,1.0,65.5,full,False,False,False,"K07260,K15739,K18344,K18345,K18346,K18347,K18351,K18352,K18353,K18354",10,M00651,7401,0.346
K08645,0.0,0.0,,,,1000.0,0.0,,,,,,,,,,0.0,,,,,,K11029,1,M00859,22,0.001
K08680,0.803,0.03,307.0,NC_005042.1_1262,307.0,1.4e-26,90.0,1.6e-06,24.2,213.0,285.0,246.0,321.0,K05714,139.4,1.3462226264535083e-15,1.3462226264535083e-15,239.13,domain,True,True,False,"K01661,K01911,K02548,K02549,K02551,K02552,K12073,K14759,K17872,K23094,K23095",11,"M00116,M00932",4404,0.206
K08681,0.108,0.067,324.0,NC_005042.1_1150,324.0,3.5e-12,42.9,2.1,4.3,214.0,236.0,168.0,191.0,K02501,258.0,1.7719355960333614e-65,1.7719355960333614e-65,93.6,full,True,True,False,K06215,1,M00916,6636,0.31
K08689,0.0,0.0,461.0,NC_005042.1_893,461.0,0.0044,12.6,0.007,11.9,74.0,131.0,71.0,127.0,K15982,106.2,6.63048441446181e-29,6.63048441446181e-29,880.67,full,True,True,False,"K15750,K18088",2,M00543,34,0.002
K08690,0.0,0.0,273.0,NC_005042.1_448,273.0,1.5999999999999999e-29,99.7,1.4000000000000001e-28,96.7,3.0,258.0,14.0,257.0,K00059,366.5,4.843922174176715e-81,4.843922174176715e-81,413.67,full,True,True,False,"K08689,K15750,K18087,K18088",4,M00543,233,0.011
K08691,0.008,0.004,,,,1000.0,0.0,,,,,,,,,,0.0,,,,,,"K01965,K08692,K08928,K08929,K09709,K14067,K14446,K14447,K14448,K14449,K14451,K14470,K14471,K14472",14,"M00346,M00373,M00376,M00613",1671,0.078
K08692,0.001,0.0,,,,1000.0,0.0,,,,,,,,,,0.0,,,,,,"K08691,K14067",2,M00346,538,0.025
K08693,0.174,0.053,1295.0,NC_005042.1_36,1295.0,0.0015,13.2,0.0018,13.0,279.0,356.0,149.0,272.0,K13290,448.4,9.811736739031484e-132,9.811736739031484e-132,778.53,full,True,True,False,"K00087,K00106,K01488,K01490,K02566,K03783,K03784,K11177,K11178,K11751,K13479,K13483,K19572",13,"M00958,M00959",5878,0.275
K08721,0.001,0.0,474.0,NC_005042.1_119,474.0,2.5e-07,26.5,1.5e-06,24.0,70.0,460.0,104.0,502.0,K03287,437.7,1.646136266058742e-124,1.646136266058742e-124,651.83,full,True,True,False,K18295,1,M00639,450,0.021
K08928,0.0,0.0,274.0,NC_005042.1_255,274.0,7.3e-15,51.7,1.2e-14,51.0,30.0,223.0,29.0,247.0,K02703,804.3,2.7850004089893854e-227,2.7850004089893854e-227,328.3,domain,True,True,False,"K08929,K14468,K14469",3,"M00597,M00612,M00613",468,0.022
K08929,0.0,0.0,324.0,NC_005042.1_255,324.0,2.9e-12,43.1,5.5e-12,42.2,109.0,225.0,107.0,222.0,K02703,804.3,7.177402482748319e-230,7.177402482748319e-230,430.37,full,True,True,False,"K08928,K14468,K14469",3,"M00597,M00612,M00613",455,0.021
K08940,0.0,0.0,731.0,NC_005042.1_1699,731.0,2.4e-06,22.5,2.4e-06,22.5,413.0,687.0,455.0,732.0,K02690,1407.9,0.0,0.0,1014.3,full,True,True,False,"K08941,K08943",2,"M00598,M00614",2,0.0
K08941,0.0,0.0,230.0,NC_005042.1_942,230.0,0.00013,18.8,0.00015,18.6,137.0,192.0,8.0,58.0,K05524,48.8,9.09753318692966e-10,9.09753318692966e-10,194.87,full,True,True,False,"K08940,K08943",2,"M00598,M00614",1,0.0
K08942,0.384,0.026,,,,1000.0,0.0,,,,,,,,,,0.0,,,,,,"K00031,K00241,K00242,K01007,K01595,K01676,K01682,K01902,K01903,K01959,K01960,K08940,K08941,K08943",14,"M00598,M00614",4143,0.194
K08943,0.0,0.0,127.0,NC_005042.1_832,127.0,0.0021,15.1,0.016,12.3,38.0,84.0,666.0,715.0,K03655,727.6,3.2819207475192205e-215,3.2819207475192205e-215,185.3,full,True,True,False,"K08940,K08941",2,"M00598,M00614",1,0.0
K08963,0.331,0.084,,,,1000.0,0.0,,,,,,,,,,0.0,,,,,,"K00772,K00789,K00797,K00832,K00899,K01243,K01611,K05810,K08964,K08965,K08966,K08967,K08969,K09880,K16054,K23977",16,M00034,7393,0.345
K08964,0.121,0.02,,,,1000.0,0.0,,,,,,,,,,0.0,,,,,,"K00832,K00899,K01611,K08963,K08965,K08966,K08967,K08969,K09880,K23977",10,M00034,3647,0.17
K08965,0.003,0.001,403.0,NC_005042.1_546,403.0,2.0000000000000003e-45,151.7,2.8e-45,151.2,8.0,400.0,32.0,455.0,K01601,805.4,1.6469933075859382e-197,1.6469933075859382e-197,414.33,full,True,True,False,K08966,1,M00034,960,0.045
K08966,0.016,0.006,236.0,NC_005042.1_350,236.0,5.3e-07,26.2,1.1e-06,25.2,79.0,187.0,129.0,222.0,K01091,88.2,2.1681302822320565e-19,2.1681302822320565e-19,138.03,full,True,True,False,"K00899,K08964,K08965,K08967,K08969,K23977",6,M00034,1938,0.091
K08967,0.192,0.029,,,,1000.0,0.0,,,,,,,,,,0.0,,,,,,"K00797,K00832,K00899,K01611,K05810,K08963,K08964,K08965,K08966,K08969,K09880,K16054,K23977",13,M00034,4382,0.205
K08969,0.025,0.02,391.0,NC_005042.1_1027,391.0,4.7e-67,223.5,6.3e-67,223.1,8.0,387.0,9.0,388.0,K00812,482.6,1.0072287727969734e-78,1.0072287727969734e-78,539.73,full,True,True,False,"K00899,K01244,K08964,K08965,K08966",5,M00034,3592,0.168
K08973,1.0,1.0,220.0,NC_005042.1_962,220.0,4.7e-61,202.9,5.1e-61,202.8,34.0,192.0,8.0,187.0,K08973,202.9,1.0,1.0,45.9,full,False,False,False,"K00228,K01599,K01698,K01719,K01749,K01772,K01845,K01885,K02492,K02495,K13543",11,M00121,8712,0.407
K09007,0.366,0.035,,,,1000.0,0.0,,,,,,,,,,0.0,,,,,,"K00950,K01113,K01633,K08310",4,M00126,4771,0.223
K09011,0.002,0.002,493.0,NC_005042.1_1144,493.0,7.599999999999999e-136,450.4,1.1e-135,449.9,3.0,490.0,8.0,517.0,K01649,655.5,1.8144620503380928e-62,1.8144620503380928e-62,618.3,full,True,True,False,,0,M00535,1076,0.05
K09018,0.018,0.007,,,,1000.0,0.0,,,,,,,,,,0.0,,,,,,"K09019,K09021,K09023,K09024",4,M00939,2147,0.1
K09019,0.086,0.022,,,,1000.0,0.0,,,,,,,,,,0.0,,,,,,"K09018,K09020,K09021,K09023,K09024",5,M00939,3756,0.176
K09020,0.643,0.599,315.0,NC_005042.1_797,315.0,7.1e-19,65.1,4.2e-17,59.3,44.0,248.0,16.0,181.0,K09020,65.1,0.5345817963203681,0.5345817963203681,224.53,full,False,True,False,"K09018,K09019,K09021,K09023,K09024,K16066",6,M00939,9520,0.445
K09021,0.016,0.006,128.0,NC_005042.1_555,128.0,2.5e-26,89.1,2.8e-26,88.9,5.0,127.0,8.0,132.0,K09022,194.2,2.3001039072024963e-32,2.3001039072024963e-32,150.43,full,True,True,False,"K09018,K09019,K09023,K09024",4,M00939,2018,0.094
K09023,0.016,0.005,259.0,NC_005042.1_1262,259.0,2.8e-19,66.5,6e-13,45.7,4.0,108.0,27.0,140.0,K05714,139.4,1.1347808219814766e-22,1.1347808219814766e-22,205.13,full,True,True,False,"K09018,K09019,K09021,K09024",4,M00939,1871,0.087
K09024,0.095,0.035,224.0,NC_005042.1_960,224.0,4e-27,91.6,4.9000000000000005e-27,91.4,50.0,181.0,16.0,148.0,K21185,98.5,0.008189175946939653,0.008189175946939653,224.3,full,True,True,False,"K09018,K09019,K09020,K09021,K09023",5,M00939,4202,0.196
K09065,0.004,0.003,343.0,NC_005042.1_1350,343.0,1.4e-73,244.7,1.8e-73,244.3,5.0,342.0,13.0,314.0,K00611,438.1,6.036689504192873e-59,6.036689504192873e-59,400.4,full,True,True,False,K22478,1,M00845,1483,0.069
K09128,0.001,0.0,,,,1000.0,0.0,,,,,,,,,,0.0,,,,,,K25517,1,M00849,465,0.022
K09251,0.159,0.015,461.0,NC_005042.1_1387,461.0,1.5e-102,340.4,1.8e-102,340.1,58.0,435.0,39.0,420.0,K00821,531.9,2.2529721868302235e-58,2.2529721868302235e-58,498.63,domain,True,True,False,"K00137,K01582,K07250,K15736,K15737",5,M00956,3153,0.147
K09458,1.0,1.0,596.0,NC_005042.1_1793,596.0,9.3e-178,589.4,1e-177,589.3,87.0,493.0,2.0,413.0,K09458,589.4,1.0,1.0,488.93,domain,False,False,False,"K00059,K00208,K00209,K00647,K00665,K00667,K00668,K01716,K02169,K02170,K02371,K02372,K09789,K10780,K11533,K16363,K19560,K19561",18,"M00083,M00572",19541,0.913
K09470,0.107,0.069,458.0,NC_005042.1_1047,458.0,8.6e-63,209.1,1.4e-62,208.4,89.0,446.0,61.0,461.0,K20712,642.4,3.661869632716133e-131,3.661869632716133e-131,558.37,full,True,True,False,"K09471,K09472,K09473",3,M00136,6728,0.314
K09471,0.226,0.209,538.0,NC_005042.1_52,538.0,7.7e-21,70.9,1.7e-19,66.4,102.0,472.0,10.0,367.0,K03153,307.6,5.574424353470921e-72,5.574424353470921e-72,381.03,full,True,True,False,"K09470,K09472,K09473",3,M00136,11705,0.547
K09472,0.023,0.009,496.0,NC_005042.1_372,496.0,2.1000000000000002e-60,201.4,2.7e-60,201.1,78.0,491.0,21.0,429.0,K25072,531.4,4.5719495651287563e-100,4.5719495651287563e-100,659.53,domain,True,True,False,"K09470,K09473",2,M00136,2391,0.112
K09473,0.001,0.001,254.0,NC_005042.1_1877,254.0,5.5e-10,35.9,0.039,10.2,98.0,122.0,365.0,389.0,K01937,871.7,2.5068573640837057e-252,2.5068573640837057e-252,299.77,full,True,True,False,,0,M00136,938,0.044
K09476,0.009,0.008,,,,1000.0,0.0,,,,,,,,,,0.0,,,,,,K13632,1,M00746,2349,0.11
K09479,0.0,0.0,,,,1000.0,0.0,,,,,,,,,,0.0,,,,,,,0,M00087,17,0.001
K09680,0.002,0.002,,,,1000.0,0.0,,,,,,,,,,0.0,,,,,,K02318,1,M00120,1056,0.049
K09699,0.257,0.088,447.0,NC_005042.1_397,447.0,4.8e-81,269.5,5.4e-81,269.3,53.0,427.0,2.0,447.0,K00627,422.7,7.624382296649803e-47,7.624382296649803e-47,418.17,domain,True,True,False,"K00166,K00167,K00249,K00253,K00382,K00826,K01640,K01968,K01969,K05607,K11381,K13766",12,M00036,7584,0.354
K09709,0.013,0.008,,,,1000.0,0.0,,,,,,,,,,0.0,,,,,,"K01847,K01849,K08691,K08928,K08929,K14449,K14468,K14469,K14470,K14471,K14472,K15052",12,"M00376,M00613",2268,0.106
K09722,0.0,0.0,,,,1000.0,0.0,,,,,,,,,,0.0,,,,,,K06982,1,M00914,5,0.0
K09733,0.001,0.001,,,,1000.0,0.0,,,,,,,,,,0.0,,,,,,"K06914,K07072,K07144",3,M00935,682,0.032
K09735,0.0,0.0,,,,1000.0,0.0,,,,,,,,,,0.0,,,,,,,0,M00914,0,0.0
K09778,0.012,0.007,,,,1000.0,0.0,,,,,,,,,,0.0,,,,,,K09949,1,M00866,2146,0.1
K09789,0.001,0.001,,,,1000.0,0.0,,,,,,,,,,0.0,,,,,,,0,M00572,873,0.041
K09833,0.0,0.0,473.0,NC_005042.1_421,473.0,1.4e-18,63.8,2e-18,63.2,177.0,417.0,56.0,296.0,K04040,539.6,5.887461268490685e-144,5.887461268490685e-144,301.5,full,True,True,False,K05928,1,M00112,96,0.004
K09834,0.001,0.001,,,,1000.0,0.0,,,,,,,,,,0.0,,,,,,"K05928,K09833",2,M00112,959,0.045
K09835,1.0,1.0,554.0,NC_005042.1_579,554.0,4.8e-256,847.2,5.599999999999999e-256,847.0,32.0,533.0,9.0,516.0,K09835,847.2,1.0,1.0,539.9,full,False,False,False,"K00514,K02293,K15744",3,M00097,475,0.022
K09880,0.15,0.013,,,,1000.0,0.0,,,,,,,,,,0.0,,,,,,"K00832,K00899,K01611,K08963,K08964,K08967,K23977",7,M00034,2889,0.135
K09882,0.584,0.07,411.0,NC_005042.1_236,411.0,5.4e-12,42.4,0.78,5.6,119.0,144.0,253.0,278.0,K04748,60.6,3.299657944736899e-06,3.299657944736899e-06,181.6,domain,True,True,False,"K00595,K02224,K02228,K02229,K02230,K02303,K03394,K05895,K05934,K05936,K06042,K09883,K13540,K13541,K13542",15,M00925,6775,0.317
K09883,0.57,0.025,676.0,NC_005042.1_322,676.0,0.015,10.8,0.082,8.3,412.0,439.0,506.0,533.0,K03404,791.1,1.2773043270000931e-235,1.2773043270000931e-235,145.63,full,True,True,False,"K00595,K02224,K02228,K02229,K02230,K02303,K05895,K05936,K06042,K09882,K13540,K13541",12,M00925,4017,0.188
K09903,1.0,1.0,395.0,NC_005042.1_517,395.0,3.4e-126,418.4,3.8e-126,418.3,105.0,338.0,2.0,234.0,K09903,418.4,1.0,1.0,91.7,full,False,False,False,"K00940,K01937,K13800,K13809,K18533",5,M00052,21310,0.996
K09913,0.214,0.047,,,,1000.0,0.0,,,,,,,,,,0.0,,,,,,"K00087,K00106,K01081,K01487,K01488,K03787,K05810,K11177,K11178,K11751,K13480,K13481,K13482,K13483,K20881",15,"M00958,M00959",5549,0.259
K09949,0.179,0.012,,,,1000.0,0.0,,,,,,,,,,0.0,,,,,,"K02517,K02535,K09778",3,"M00060,M00866",2763,0.129
K09953,0.008,0.007,,,,1000.0,0.0,,,,,,,,,,0.0,,,,,,"K12977,K23082,K23083,K23159",4,M00867,2186,0.102
K10011,0.177,0.012,662.0,NC_005042.1_1005,662.0,2.3e-36,122.0,2.5e-36,121.8,9.0,253.0,8.0,264.0,K00604,276.8,2.51510818879652e-47,2.51510818879652e-47,642.6,full,True,True,False,"K07806,K10012,K13014",3,M00761,2789,0.13
K10012,1.0,1.0,316.0,NC_005042.1_1702,316.0,3.6e-84,279.4,3.8999999999999998e-84,279.3,4.0,310.0,4.0,315.0,K10012,279.4,1.0,1.0,336.0,full,False,True,False,"K00012,K07806,K10011,K13014",4,M00761,5335,0.249
K10027,0.579,0.047,762.0,NC_005042.1_579,762.0,2.1e-61,205.0,2.5999999999999998e-61,204.7,82.0,571.0,5.0,509.0,K09835,847.2,4.770202158542316e-194,4.770202158542316e-194,517.13,domain,True,True,False,"K02291,K09835,K15744,K15745,K17841",5,M00097,5541,0.259
K10105,0.0,0.0,,,,1000.0,0.0,,,,,,,,,,0.0,,,,,,,0,M00883,50,0.002
K10150,0.0,0.0,398.0,NC_005042.1_146,398.0,4.8e-52,173.7,6.7e-52,173.3,108.0,386.0,14.0,305.0,K01738,505.4,1.4071825413008705e-100,1.4071825413008705e-100,436.8,full,True,True,False,,0,"M00035,M00338",0,0.0
K10206,1.0,1.0,681.0,NC_005042.1_1681,681.0,4.2e-167,554.6,4.6e-167,554.5,243.0,642.0,1.0,406.0,K10206,554.6,1.0,1.0,374.87,full,False,False,False,,0,M00527,2142,0.1
K10216,0.013,0.008,278.0,NC_005042.1_1262,278.0,7.8e-36,120.9,2.3e-35,119.4,14.0,275.0,22.0,317.0,K05714,139.4,2.697390052964327e-06,2.697390052964327e-06,267.43,full,True,True,False,"K01617,K01666,K04073,K18364,K18365,K18366",6,M00569,2241,0.105
K10217,0.012,0.005,484.0,NC_005042.1_372,484.0,7.099999999999999e-62,206.4,9.4e-62,206.0,66.0,480.0,23.0,429.0,K25072,531.4,1.4630238608412157e-98,1.4630238608412157e-98,684.27,domain,True,True,False,"K00446,K00452,K00486,K01617,K03392,K04073,K18364,K18365,K18366",9,"M00038,M00569",1837,0.086
K10222,0.001,0.001,282.0,NC_005042.1_1262,282.0,1.8000000000000001e-22,76.7,2.4e-14,50.0,16.0,129.0,22.0,141.0,K05714,139.4,1.334805364216129e-19,1.334805364216129e-19,472.6,full,True,True,False,"K08689,K08690,K18087,K18088",4,M00543,712,0.033
K10527,0.0,0.0,979.0,NC_005042.1_1062,979.0,1.1e-14,50.2,1.3e-14,49.9,45.0,247.0,28.0,239.0,K01661,443.2,4.956917651007159e-119,4.956917651007159e-119,706.57,full,True,True,False,,0,M00087,62,0.003
K10534,0.0,0.0,1007.0,NC_005042.1_1133,1007.0,6.8e-10,34.1,7.3e-10,34.0,722.0,902.0,155.0,332.0,K02641,506.6,5.798652039589573e-143,5.798652039589573e-143,557.73,domain,True,True,False,,0,"M00531,M00615",32,0.001
K10535,0.004,0.004,,,,1000.0,0.0,,,,,,,,,,0.0,,,,,,"K10945,K10946",2,"M00528,M00804",1697,0.079
K10616,0.0,0.0,,,,1000.0,0.0,,,,,,,,,,0.0,,,,,,K10617,1,M00419,31,0.001
K10617,0.0,0.0,252.0,NC_005042.1_448,252.0,2.5e-35,119.4,6.1e-35,118.1,5.0,251.0,17.0,258.0,K00059,366.5,4.1256090533764953e-75,4.1256090533764953e-75,533.0,full,True,True,False,K10616,1,M00419,14,0.001
K10618,0.0,0.0,489.0,NC_005042.1_372,489.0,5.9e-57,190.0,7.8e-57,189.6,71.0,485.0,25.0,431.0,K25072,531.4,1.6918407463661127e-103,1.6918407463661127e-103,814.67,domain,True,True,False,"K10616,K10617",2,M00419,470,0.022
K10619,0.001,0.001,426.0,NC_005042.1_893,426.0,3.6e-09,32.5,6.4e-09,31.7,48.0,217.0,58.0,229.0,K15982,106.2,6.486974223942733e-23,6.486974223942733e-23,502.87,full,True,True,False,"K10620,K10622,K10623,K16303,K16304,K18227",6,M00539,722,0.034
K10620,0.0,0.0,253.0,NC_005042.1_448,253.0,1.5e-48,162.5,1.9e-48,162.2,6.0,252.0,16.0,257.0,K00059,366.5,3.8893845486631717e-62,3.8893845486631717e-62,287.63,domain,True,True,False,"K10623,K16304,K18227",3,M00539,150,0.007
K10621,0.01,0.01,293.0,NC_005042.1_247,293.0,5.9e-13,45.5,7.2e-13,45.2,5.0,123.0,12.0,126.0,K08234,71.7,1.2972211203494573e-08,1.2972211203494573e-08,204.2,full,True,True,False,"K10619,K10620,K10622,K10623,K16303,K16304,K18227",7,M00539,2553,0.119
K10622,0.0,0.0,,,,1000.0,0.0,,,,,,,,,,0.0,,,,,,"K10623,K16304,K18227",3,M00539,236,0.011
K10623,0.0,0.0,288.0,NC_005042.1_1262,288.0,4e-11,39.4,0.18,7.7,258.0,284.0,289.0,315.0,K05714,139.4,7.888584919810064e-31,7.888584919810064e-31,512.23,full,True,True,False,K18227,1,M00539,32,0.001
K10780,0.009,0.009,274.0,NC_005042.1_448,274.0,6e-61,202.9,7.1e-61,202.7,6.0,248.0,16.0,256.0,K00059,366.5,5.642774685762016e-50,5.642774685762016e-50,260.43,domain,True,True,False,,0,M00083,2447,0.114
K10807,0.229,0.038,,,,1000.0,0.0,,,,,,,,,,0.0,,,,,,"K00526,K00940,K01520,K10808,K18533",5,"M00053,M00938",4963,0.232
K10808,0.001,0.001,,,,1000.0,0.0,,,,,,,,,,0.0,,,,,,,0,"M00053,M00938",796,0.037
K10810,0.024,0.014,240.0,NC_005042.1_1361,240.0,5.5e-40,134.0,9.2e-40,133.3,10.0,202.0,150.0,342.0,K00788,247.8,5.530781397392768e-35,5.530781397392768e-35,204.03,domain,True,True,False,K03148,1,M00895,3038,0.142
K10817,0.0,0.0,3549.0,NC_005042.1_1793,3549.0,1.3e-31,104.7,1.7999999999999998e-31,104.3,611.0,935.0,45.0,379.0,K09458,589.4,1.2324267088435708e-146,1.2324267088435708e-146,4623.27,domain,True,True,False,"K14366,K14367,K15997,K24563",4,M00774,90,0.004
K10919,0.003,0.0,,,,1000.0,0.0,,,,,,,,,,0.0,,,,,,"K10935,K10963,K10964,K10966",4,M00852,4,0.0
K10920,0.003,0.0,,,,1000.0,0.0,,,,,,,,,,0.0,,,,,,"K10919,K10935,K10963,K10964,K10966",5,M00852,24,0.001
K10928,0.0,0.0,,,,1000.0,0.0,,,,,,,,,,0.0,,,,,,K10929,1,"M00576,M00850",84,0.004
K10929,0.0,0.0,,,,1000.0,0.0,,,,,,,,,,0.0,,,,,,,0,"M00576,M00850",4,0.0
K10930,0.002,0.0,,,,1000.0,0.0,,,,,,,,,,0.0,,,,,,"K10919,K10931,K10932,K10933,K10935,K10963,K10964,K10965,K10966",9,M00852,95,0.004
K10931,0.002,0.0,,,,1000.0,0.0,,,,,,,,,,0.0,,,,,,"K10919,K10930,K10932,K10933,K10935,K10963,K10964,K10965,K10966",9,M00852,75,0.004
K10932,0.002,0.0,,,,1000.0,0.0,,,,,,,,,,0.0,,,,,,"K10919,K10930,K10931,K10933,K10935,K10963,K10964,K10965,K10966",9,M00852,78,0.004
K10933,0.002,0.0,,,,1000.0,0.0,,,,,,,,,,0.0,,,,,,"K10919,K10930,K10931,K10932,K10935,K10963,K10964,K10965,K10966",9,M00852,83,0.004
K10934,0.002,0.001,,,,1000.0,0.0,,,,,,,,,,0.0,,,,,,"K10919,K10920,K10930,K10931,K10932,K10933,K10935,K10962,K10963,K10964,K10965,K10966",12,M00852,825,0.039
K10935,0.003,0.0,,,,1000.0,0.0,,,,,,,,,,0.0,,,,,,"K10919,K10963,K10964,K10966",4,M00852,4,0.0
K10944,0.0,0.0,,,,1000.0,0.0,,,,,,,,,,0.0,,,,,,"K10945,K10946,K16157,K16158,K16159,K16160,K16162",7,M00174,146,0.007
K10945,0.0,0.0,,,,1000.0,0.0,,,,,,,,,,0.0,,,,,,"K10944,K10946,K16157,K16158,K16159,K16160,K16162",7,"M00174,M00528,M00804",148,0.007
K10946,0.0,0.0,,,,1000.0,0.0,,,,,,,,,,0.0,,,,,,"K10944,K10945,K16157,K16158,K16159,K16160,K16162",7,"M00174,M00528,M00804",154,0.007
K10948,0.0,0.0,,,,1000.0,0.0,,,,,,,,,,0.0,,,,,,K10929,1,M00850,264,0.012
K10952,0.0,0.0,,,,1000.0,0.0,,,,,,,,,,0.0,,,,,,K10929,1,M00850,128,0.006
K10953,0.0,0.0,,,,1000.0,0.0,,,,,,,,,,0.0,,,,,,K10929,1,M00850,326,0.015
K10954,0.005,0.005,408.0,NC_005042.1_1370,408.0,0.0034,13.5,0.0046,13.1,40.0,127.0,120.0,244.0,K06217,471.7,1.1696501659192588e-138,1.1696501659192588e-138,68.33,full,True,True,False,"K10929,K10948,K10952,K11018",4,M00850,1716,0.08
K10961,0.003,0.0,,,,1000.0,0.0,,,,,,,,,,0.0,,,,,,"K10919,K10920,K10935,K10963,K10964,K10966",6,M00852,77,0.004
K10962,0.002,0.0,,,,1000.0,0.0,,,,,,,,,,0.0,,,,,,"K10919,K10930,K10931,K10932,K10933,K10934,K10935,K10963,K10964,K10965,K10966",11,M00852,386,0.018
K10963,0.003,0.0,,,,1000.0,0.0,,,,,,,,,,0.0,,,,,,"K10919,K10935,K10964,K10966",4,M00852,4,0.0
K10964,0.068,0.068,152.0,NC_005042.1_887,152.0,0.0032,14.1,0.0037,13.9,21.0,57.0,16.0,56.0,K09393,16.7,0.06773602888680823,0.06773602888680823,197.37,full,True,True,False,"K10919,K10935,K10963,K10966",4,M00852,8,0.0
K10965,0.002,0.0,,,,1000.0,0.0,,,,,,,,,,0.0,,,,,,"K10919,K10930,K10931,K10932,K10933,K10935,K10963,K10964,K10966",9,M00852,138,0.006
K10966,0.003,0.0,,,,1000.0,0.0,,,,,,,,,,0.0,,,,,,"K10919,K10935,K10963,K10964",4,M00852,8,0.0
K10977,0.0,0.0,385.0,NC_005042.1_1144,385.0,4e-108,358.4,1e-107,357.0,12.0,379.0,5.0,399.0,K01649,655.5,3.6642769293283318e-90,3.6642769293283318e-90,555.7,full,True,True,False,,0,M00608,62,0.003
K10978,0.0,0.0,334.0,NC_005042.1_866,334.0,1.2e-89,297.5,1.4000000000000001e-89,297.3,2.0,331.0,4.0,359.0,K00052,557.7,4.698888375223474e-79,4.698888375223474e-79,476.57,full,True,True,False,,0,M00608,259,0.012
K11003,0.017,0.012,526.0,NC_005042.1_824,526.0,9.9e-18,61.0,0.00013,17.7,348.0,472.0,141.0,268.0,K25171,186.0,2.3509887016445617e-38,2.3509887016445617e-38,359.33,full,True,True,False,"K07389,K11004,K22944",3,M00575,2752,0.129
K11004,0.019,0.014,836.0,NC_005042.1_1105,836.0,3.6e-133,442.3,4.3e-133,442.0,220.0,776.0,22.0,591.0,K06147,587.4,2.0919323171271013e-44,2.0919323171271013e-44,935.63,domain,True,True,False,"K07389,K11003,K22944",3,M00575,3058,0.143
K11006,0.0,0.0,,,,1000.0,0.0,,,,,,,,,,0.0,,,,,,,0,M00363,42,0.002
K11007,0.0,0.0,,,,1000.0,0.0,,,,,,,,,,0.0,,,,,,,0,M00363,102,0.005
K11014,0.0,0.0,,,,1000.0,0.0,,,,,,,,,,0.0,,,,,,,0,M00856,542,0.025
K11018,0.001,0.001,,,,1000.0,0.0,,,,,,,,,,0.0,,,,,,"K10929,K10948,K10952",3,M00850,686,0.032
K11023,0.0,0.0,,,,1000.0,0.0,,,,,,,,,,0.0,,,,,,"K11024,K11025,K11026,K11027,K19298",5,"M00574,M00856",479,0.022
K11024,0.0,0.0,,,,1000.0,0.0,,,,,,,,,,0.0,,,,,,"K11026,K11027",2,M00574,5,0.0
K11025,0.0,0.0,,,,1000.0,0.0,,,,,,,,,,0.0,,,,,,"K11024,K11026,K11027",3,M00574,26,0.001
K11026,0.0,0.0,,,,1000.0,0.0,,,,,,,,,,0.0,,,,,,"K11024,K11025,K11027",3,M00574,10,0.0
K11027,0.0,0.0,,,,1000.0,0.0,,,,,,,,,,0.0,,,,,,"K11024,K11025,K11026",3,M00574,10,0.0
K11029,0.0,0.0,,,,1000.0,0.0,,,,,,,,,,0.0,,,,,,,0,M00859,10,0.0
K11030,0.0,0.0,,,,1000.0,0.0,,,,,,,,,,0.0,,,,,,"K08645,K11029",2,M00859,533,0.025
K11175,1.0,1.0,344.0,NC_005042.1_952,344.0,6.200000000000001e-73,243.0,6.5e-73,242.9,100.0,288.0,23.0,210.0,K11175,243.0,1.0,1.0,201.53,domain,False,False,False,"K00602,K00764,K01492,K01587,K01588,K01589,K01756,K01923,K01933,K01945,K01952,K06863,K08289,K11176,K11788,K11808,K13713,K23264,K23265,K23269,K23270",21,M00048,20041,0.936
K11176,0.002,0.002,,,,1000.0,0.0,,,,,,,,,,0.0,,,,,,K01492,1,M00048,1060,0.05
K11177,0.16,0.036,,,,1000.0,0.0,,,,,,,,,,0.0,,,,,,"K00087,K00106,K00365,K01081,K01466,K01477,K01487,K01488,K03787,K05810,K07127,K08693,K09913,K11178,K13479,K13481,K13482,K13483,K13485,K16839,K16840,K16842,K19970,K20881,K22879",25,"M00546,M00958,M00959",4866,0.227
K11178,0.161,0.037,,,,1000.0,0.0,,,,,,,,,,0.0,,,,,,"K00087,K00106,K00365,K01081,K01466,K01477,K01487,K01488,K03787,K05810,K07127,K08693,K09913,K11177,K13479,K13481,K13482,K13483,K13485,K16839,K16840,K16842,K19970,K20881,K22879",25,"M00546,M00958,M00959",4896,0.229
K11180,0.0,0.0,414.0,NC_005042.1_834,414.0,0.00012,17.7,5.8,2.2,88.0,163.0,89.0,162.0,K00392,642.3,9.476865310467004e-189,9.476865310467004e-189,342.3,full,True,True,False,K11181,1,M00596,266,0.012
K11181,0.0,0.0,366.0,NC_005042.1_942,366.0,6.4e-07,25.1,6.7e-07,25.1,205.0,258.0,6.0,60.0,K05524,48.8,7.168241381317414e-08,7.168241381317414e-08,356.63,full,True,True,False,K11180,1,M00596,267,0.012
K11204,0.0,0.0,,,,1000.0,0.0,,,,,,,,,,0.0,,,,,,,0,M00118,0,0.0
K11205,0.0,0.0,,,,1000.0,0.0,,,,,,,,,,0.0,,,,,,,0,M00118,1,0.0
K11212,1.0,1.0,395.0,NC_005042.1_325,395.0,4.6e-11,38.8,0.00033,16.2,41.0,87.0,137.0,181.0,K11212,38.8,1.0,1.0,139.4,full,False,True,False,"K11780,K11781,K12234,K14941",4,M00378,9308,0.435
K11258,0.012,0.012,95.0,NC_005042.1_1263,95.0,8.5e-13,44.8,690.0,-3.0,13.0,24.0,147.0,158.0,K01653,267.9,6.921623422005412e-68,6.921623422005412e-68,61.87,domain,True,True,False,,0,"M00019,M00570",2846,0.133
K11260,0.0,0.0,185.0,NC_005042.1_1791,185.0,1.1e-09,35.0,9.9e-09,32.0,97.0,167.0,9.0,67.0,K02691,165.0,7.346839692639291e-40,7.346839692639291e-40,76.37,domain,True,True,False,K16177,1,"M00567,M00617",471,0.022
K11261,0.001,0.001,,,,1000.0,0.0,,,,,,,,,,0.0,,,,,,"K00125,K00194,K00197,K00203,K00205,K00584,K03390,K04480,K14080,K14081,K14082,K14084,K14126,K14127,K14128,K16176,K16178,K22480,K22481",19,"M00567,M00617",597,0.028
K11262,0.001,0.0,2386.0,NC_005042.1_76,2386.0,4.6000000000000005e-104,345.8,3.6e-101,336.2,163.0,656.0,5.0,444.0,K01961,834.0,1.0893216039233467e-147,1.0893216039233467e-147,1207.3,full,True,True,False,K18472,1,M00082,514,0.024
K11263,0.043,0.03,707.0,NC_005042.1_76,707.0,1.9e-213,707.4,2.1000000000000002e-213,707.3,39.0,484.0,3.0,446.0,K01961,834.0,7.755370474894125e-39,7.755370474894125e-39,834.53,full,True,True,False,"K00665,K00667,K00668,K01847,K01848,K01849,K01964,K01965,K01966,K05606,K11262,K11533,K11608,K11609,K11610,K11611,K12428,K12437,K15036,K18472,K18851,K19312",22,"M00082,M00741,M00885,M00886,M00887",4425,0.207
K11311,0.002,0.001,341.0,NC_005042.1_1446,341.0,2.5e-19,66.1,2.7e-19,66.0,9.0,93.0,11.0,93.0,K02639,182.0,1.2901003781863914e-35,1.2901003781863914e-35,469.63,full,True,True,False,"K05599,K05600",2,M00637,713,0.033
K11381,0.099,0.021,1113.0,NC_005042.1_769,1113.0,4.1e-122,405.9,5.1e-122,405.5,674.0,997.0,6.0,324.0,K00162,514.5,2.033023837770714e-33,2.033023837770714e-33,508.1,full,True,True,False,"K01640,K01968,K01969,K13766",4,M00036,3688,0.172
K11389,0.0,0.0,,,,1000.0,0.0,,,,,,,,,,0.0,,,,,,,0,"M00001,M00002",16,0.001
K11395,0.0,0.0,289.0,NC_005042.1_1837,289.0,2.7e-29,99.1,3.5e-29,98.8,4.0,282.0,16.0,300.0,K01714,350.3,2.405830848114459e-76,2.405830848114459e-76,319.6,full,True,True,False,,0,"M00309,M00633",0,0.0
K11440,0.0,0.0,400.0,NC_005042.1_1117,400.0,1.2e-05,21.0,51.0,-0.7,331.0,359.0,294.0,323.0,K00005,257.8,5.126386090770308e-72,5.126386090770308e-72,508.97,full,True,True,False,,0,M00555,308,0.014
K11528,0.0,0.0,245.0,NC_005042.1_1059,245.0,3e-72,239.5,4.1e-72,239.1,3.0,243.0,2.0,239.0,K04042,598.1,1.123682338528779e-108,1.123682338528779e-108,318.27,full,True,True,False,,0,M00909,277,0.013
K11529,0.155,0.031,,,,1000.0,0.0,,,,,,,,,,0.0,,,,,,"K00018,K00024,K00830,K08691,K08692,K14067",6,M00346,4532,0.212
K11532,1.0,1.0,325.0,NC_005042.1_844,325.0,1.7e-131,434.5,2.1e-131,434.2,9.0,320.0,1.0,325.0,K11532,434.5,1.0,1.0,478.83,full,False,True,False,"K01601,K01602,K01622,K01623,K02689,K02690,K02691,K02692,K02693,K02694,K02703,K02704,K02705,K02706,K02707,K02708,K05298,K08928,K08929",19,"M00003,M00165,M00611,M00612",2271,0.106
K11533,0.029,0.023,3029.0,NC_005042.1_1793,3029.0,3.8e-20,66.9,4.7e-20,66.6,2576.0,2901.0,70.0,376.0,K09458,589.4,5.1502376049139735e-158,5.1502376049139735e-158,2553.27,full,True,True,False,"K00667,K00668,K10780,K11262,K11263,K18472,K18473",7,"M00082,M00083",3918,0.183
K11540,0.001,0.001,2476.0,NC_005042.1_899,2476.0,0.0,1072.7,0.0,1072.3,652.0,1717.0,5.0,1096.0,K01955,1709.6,1.8792984761650106e-192,1.8792984761650106e-192,3321.37,full,True,True,False,K11541,1,M00051,604,0.028
K11541,0.0,0.0,2221.0,NC_005042.1_899,2221.0,0.0,1042.5,0.0,1042.3,448.0,1518.0,4.0,1106.0,K01955,1709.6,1.5236664070067568e-201,1.5236664070067568e-201,3431.47,full,True,True,False,,0,M00051,4,0.0
K11608,0.018,0.009,338.0,NC_005042.1_161,338.0,6.2e-77,255.7,7.4e-77,255.5,14.0,332.0,2.0,323.0,K00648,422.7,5.345529420184398e-51,5.345529420184398e-51,507.17,full,True,True,False,"K11263,K11609,K11610,K11611,K18472",5,"M00885,M00886",2443,0.114
K11609,0.01,0.002,415.0,NC_005042.1_1793,415.0,1.1e-104,347.4,1.3e-104,347.2,8.0,414.0,3.0,413.0,K09458,589.4,1.414949856066719e-73,1.414949856066719e-73,585.87,domain,True,True,False,"K11263,K11608,K11610,K11611,K18472",5,"M00885,M00886",1264,0.059
K11610,0.02,0.012,238.0,NC_005042.1_448,238.0,1.8e-72,240.6,2.3e-72,240.2,7.0,236.0,18.0,257.0,K00059,366.5,1.2598636505726244e-38,1.2598636505726244e-38,398.57,full,True,True,False,"K11263,K11608,K11609,K11611,K18472",5,"M00885,M00886",2849,0.133
K11611,0.015,0.007,256.0,NC_005042.1_317,256.0,7.800000000000001e-64,212.4,8.6e-64,212.3,5.0,254.0,5.0,258.0,K00208,392.5,6.088324348465295e-55,6.088324348465295e-55,281.23,full,True,True,False,"K11263,K11608,K11609,K11610,K18472",5,"M00885,M00886",2151,0.101
K11645,0.255,0.013,,,,1000.0,0.0,,,,,,,,,,0.0,,,,,,"K00150,K00844,K03841,K06859,K11532,K16306,K16370",7,"M00001,M00003",2905,0.136
K11751,0.305,0.137,,,,1000.0,0.0,,,,,,,,,,0.0,,,,,,"K00087,K01487,K01488,K02566,K03783,K03784,K03787,K05810,K08693,K09913,K11177,K11178,K13479,K13480,K13481,K13482,K13483,K19572,K20881",19,"M00958,M00959",9475,0.443
K11752,1.0,1.0,600.0,NC_005042.1_1352,600.0,3e-138,459.1,3.7e-138,458.8,168.0,505.0,10.0,359.0,K11752,459.1,1.0,1.0,200.4,full,False,False,False,"K00082,K00793,K00794,K01497,K01498,K02858,K11753,K14652,K20860,K20861,K20862,K20884,K21063,K21064,K22912",15,M00125,18621,0.87
K11753,1.0,1.0,477.0,NC_005042.1_1360,477.0,1.3e-98,327.8,1.6e-98,327.5,148.0,436.0,13.0,304.0,K11753,327.8,1.0,1.0,133.6,domain,False,False,False,"K00082,K00793,K00794,K01497,K01498,K02858,K11752,K14652,K20860,K20861,K20862,K20884,K21063,K21064,K22912,K22949",16,M00125,21217,0.991
K11754,1.0,1.0,864.0,NC_005042.1_1388,864.0,2e-108,360.8,2.6000000000000002e-108,360.4,91.0,472.0,22.0,405.0,K11754,360.8,1.0,1.0,370.07,domain,False,True,False,"K00287,K00796,K00950,K01077,K01113,K01495,K01633,K08310,K09007,K13939,K13940,K13941,K13998,K19965,K20457,K22391",16,M00126,21044,0.983
K11755,1.0,1.0,325.0,NC_005042.1_577,325.0,4.6e-90,299.0,5e-90,298.9,82.0,287.0,7.0,223.0,K11755,299.0,1.0,1.0,208.23,full,False,False,False,"K00013,K00765,K00817,K01089,K01693,K01814,K02500,K02501,K02502,K04486,K14152",11,M00026,7848,0.367
K11780,0.0,0.0,348.0,NC_005042.1_1111,348.0,1.1e-08,31.0,4.7e-08,29.0,34.0,255.0,62.0,271.0,K01012,466.2,9.811736739031484e-132,9.811736739031484e-132,409.2,domain,True,True,False,K11781,1,M00378,103,0.005
K11781,0.0,0.0,386.0,NC_005042.1_1111,386.0,0.00081,15.0,0.37,6.2,208.0,324.0,188.0,298.0,K01012,466.2,1.4971522123766707e-136,1.4971522123766707e-136,474.17,domain,True,True,False,K11780,1,M00378,113,0.005
K11782,0.082,0.008,,,,1000.0,0.0,,,,,,,,,,0.0,,,,,,"K11783,K11784,K11785,K18284,K18285,K18286,K20810",7,"M00930,M00931",2267,0.106
K11783,0.109,0.005,,,,1000.0,0.0,,,,,,,,,,0.0,,,,,,"K11782,K11784,K11785,K18285,K18286,K20810",6,M00930,1719,0.08
K11784,0.082,0.009,412.0,NC_005042.1_1111,412.0,0.00015,17.3,0.019,10.4,221.0,333.0,186.0,297.0,K01012,466.2,7.372842328777733e-136,7.372842328777733e-136,423.07,domain,True,True,False,"K11782,K11783,K11785,K18284,K18285,K18286,K20810",7,"M00930,M00931",2359,0.11
K11785,0.083,0.007,323.0,NC_005042.1_1781,323.0,0.0035,12.8,0.0049,12.4,94.0,141.0,115.0,160.0,K23465,89.0,1.1409303427721925e-23,1.1409303427721925e-23,254.67,full,True,True,False,"K11782,K11783,K11784,K18284,K18285,K18286,K20810",7,"M00930,M00931",2209,0.103
K11787,0.0,0.0,1299.0,NC_005042.1_1432,1299.0,1.6e-154,513.2,2e-154,512.9,181.0,608.0,12.0,438.0,K01945,564.9,2.7336897486683765e-16,2.7336897486683765e-16,1144.4,full,True,True,False,"K00601,K01587",2,M00048,52,0.002
K11788,0.001,0.001,928.0,NC_005042.1_1432,928.0,1.5e-144,480.1,1.9e-144,479.7,132.0,560.0,14.0,437.0,K01945,564.9,2.9693156528910505e-26,2.9693156528910505e-26,1166.77,domain,True,True,False,,0,M00048,963,0.045
K11808,0.0,0.0,727.0,NC_005042.1_1017,727.0,1.1e-82,275.1,1.3e-82,274.9,123.0,482.0,2.0,359.0,K01589,390.5,1.8244774516538557e-35,1.8244774516538557e-35,686.67,full,True,True,False,,0,M00048,564,0.026
K12073,1.0,1.0,138.0,NC_005042.1_201,138.0,2.7e-46,153.5,3e-46,153.4,8.0,136.0,2.0,135.0,K12073,153.5,1.0,1.0,118.17,full,False,False,False,"K17872,K23094,K23095",3,M00932,263,0.012
K12086,0.0,0.0,115.0,NC_005042.1_869,115.0,0.013,12.4,0.022,11.7,36.0,82.0,114.0,161.0,K07015,152.3,7.68959747663968e-43,7.68959747663968e-43,215.93,full,True,True,False,"K12087,K12088,K12089,K12090,K12091,K12092,K12093,K12094,K12095,K12096,K12098,K12099,K12100,K12101,K12102,K12103,K12104,K12105,K12106,K12107,K12108,K12109,K12110,K15842",24,M00564,26,0.001
K12087,0.0,0.0,,,,1000.0,0.0,,,,,,,,,,0.0,,,,,,"K12086,K12088,K12089,K12090,K12091,K12092,K12093,K12094,K12095,K12096,K12098,K12099,K12100,K12101,K12102,K12103,K12104,K12105,K12106,K12107,K12108,K12109,K12110,K15842",24,M00564,14,0.001
K12088,0.0,0.0,,,,1000.0,0.0,,,,,,,,,,0.0,,,,,,"K12086,K12087,K12089,K12090,K12091,K12092,K12093,K12094,K12095,K12096,K12098,K12099,K12100,K12101,K12102,K12103,K12104,K12105,K12106,K12107,K12108,K12109,K12110,K15842",24,M00564,24,0.001
K12089,0.0,0.0,,,,1000.0,0.0,,,,,,,,,,0.0,,,,,,"K12086,K12087,K12088,K12090,K12091,K12092,K12093,K12094,K12095,K12096,K12098,K12099,K12100,K12101,K12102,K12103,K12104,K12105,K12106,K12107,K12108,K12109,K12110,K15842",24,M00564,42,0.002
K12090,0.0,0.0,,,,1000.0,0.0,,,,,,,,,,0.0,,,,,,"K12086,K12087,K12088,K12089,K12091,K12092,K12093,K12094,K12095,K12096,K12098,K12099,K12100,K12101,K12102,K12103,K12104,K12105,K12106,K12107,K12108,K12109,K12110,K15842",24,M00564,25,0.001
K12091,0.0,0.0,,,,1000.0,0.0,,,,,,,,,,0.0,,,,,,"K12086,K12087,K12088,K12089,K12090,K12092,K12093,K12094,K12095,K12096,K12098,K12099,K12100,K12101,K12102,K12103,K12104,K12105,K12106,K12107,K12108,K12109,K12110,K15842",24,M00564,24,0.001
K12092,0.0,0.0,,,,1000.0,0.0,,,,,,,,,,0.0,,,,,,"K12086,K12087,K12088,K12089,K12090,K12091,K12093,K12094,K12095,K12096,K12098,K12099,K12100,K12101,K12102,K12103,K12104,K12105,K12106,K12107,K12108,K12109,K12110,K15842",24,M00564,28,0.001
K12093,0.0,0.0,,,,1000.0,0.0,,,,,,,,,,0.0,,,,,,"K12086,K12087,K12088,K12089,K12090,K12091,K12092,K12094,K12095,K12096,K12098,K12099,K12100,K12101,K12102,K12103,K12104,K12105,K12106,K12107,K12108,K12109,K12110,K15842",24,M00564,24,0.001
K12094,0.0,0.0,,,,1000.0,0.0,,,,,,,,,,0.0,,,,,,"K12086,K12087,K12088,K12089,K12090,K12091,K12092,K12093,K12095,K12096,K12098,K12099,K12100,K12101,K12102,K12103,K12104,K12105,K12106,K12107,K12108,K12109,K12110,K15842",24,M00564,23,0.001
K12095,0.0,0.0,,,,1000.0,0.0,,,,,,,,,,0.0,,,,,,"K12086,K12087,K12088,K12089,K12090,K12091,K12092,K12093,K12094,K12096,K12098,K12099,K12100,K12101,K12102,K12103,K12104,K12105,K12106,K12107,K12108,K12109,K12110,K15842",24,M00564,23,0.001
K12096,0.0,0.0,216.0,NC_005042.1_1634,216.0,0.0071,12.6,0.0089,12.3,26.0,90.0,31.0,97.0,K02109,79.1,9.583083854271126e-21,9.583083854271126e-21,485.2,full,True,True,False,"K12086,K12087,K12088,K12089,K12090,K12091,K12092,K12093,K12094,K12095,K12098,K12099,K12100,K12101,K12102,K12103,K12104,K12105,K12106,K12107,K12108,K12109,K12110,K15842",24,M00564,23,0.001
K12097,0.0,0.0,,,,1000.0,0.0,,,,,,,,,,0.0,,,,,,"K12086,K12087,K12088,K12089,K12090,K12091,K12092,K12093,K12094,K12095,K12096,K12098,K12099,K12100,K12101,K12102,K12103,K12104,K12105,K12106,K12107,K12108,K12109,K12110,K15842",25,M00564,95,0.004
K12098,0.0,0.0,,,,1000.0,0.0,,,,,,,,,,0.0,,,,,,"K12086,K12087,K12088,K12089,K12090,K12091,K12092,K12093,K12094,K12095,K12096,K12099,K12100,K12101,K12102,K12103,K12104,K12105,K12106,K12107,K12108,K12109,K12110,K15842",24,M00564,24,0.001
K12099,0.0,0.0,,,,1000.0,0.0,,,,,,,,,,0.0,,,,,,"K12086,K12087,K12088,K12089,K12090,K12091,K12092,K12093,K12094,K12095,K12096,K12098,K12100,K12101,K12102,K12103,K12104,K12105,K12106,K12107,K12108,K12109,K12110,K15842",24,M00564,23,0.001
K12100,0.0,0.0,,,,1000.0,0.0,,,,,,,,,,0.0,,,,,,"K12086,K12087,K12088,K12089,K12090,K12091,K12092,K12093,K12094,K12095,K12096,K12098,K12099,K12101,K12102,K12103,K12104,K12105,K12106,K12107,K12108,K12109,K12110,K15842",24,M00564,32,0.001
K12101,0.0,0.0,,,,1000.0,0.0,,,,,,,,,,0.0,,,,,,"K12086,K12087,K12088,K12089,K12090,K12091,K12092,K12093,K12094,K12095,K12096,K12098,K12099,K12100,K12102,K12103,K12104,K12105,K12106,K12107,K12108,K12109,K12110,K15842",24,M00564,23,0.001
K12102,0.0,0.0,,,,1000.0,0.0,,,,,,,,,,0.0,,,,,,"K12086,K12087,K12088,K12089,K12090,K12091,K12092,K12093,K12094,K12095,K12096,K12098,K12099,K12100,K12101,K12103,K12104,K12105,K12106,K12107,K12108,K12109,K12110,K15842",24,M00564,23,0.001
K12103,0.0,0.0,,,,1000.0,0.0,,,,,,,,,,0.0,,,,,,"K12086,K12087,K12088,K12089,K12090,K12091,K12092,K12093,K12094,K12095,K12096,K12098,K12099,K12100,K12101,K12102,K12104,K12105,K12106,K12107,K12108,K12109,K12110,K15842",24,M00564,23,0.001
K12104,0.0,0.0,,,,1000.0,0.0,,,,,,,,,,0.0,,,,,,"K12086,K12087,K12088,K12089,K12090,K12091,K12092,K12093,K12094,K12095,K12096,K12098,K12099,K12100,K12101,K12102,K12103,K12105,K12106,K12107,K12108,K12109,K12110,K15842",24,M00564,23,0.001
K12105,0.0,0.0,,,,1000.0,0.0,,,,,,,,,,0.0,,,,,,"K12086,K12087,K12088,K12089,K12090,K12091,K12092,K12093,K12094,K12095,K12096,K12098,K12099,K12100,K12101,K12102,K12103,K12104,K12106,K12107,K12108,K12109,K12110,K15842",24,M00564,23,0.001
K12106,0.0,0.0,,,,1000.0,0.0,,,,,,,,,,0.0,,,,,,"K12086,K12087,K12088,K12089,K12090,K12091,K12092,K12093,K12094,K12095,K12096,K12098,K12099,K12100,K12101,K12102,K12103,K12104,K12105,K12107,K12108,K12109,K12110,K15842",24,M00564,23,0.001
K12107,0.0,0.0,,,,1000.0,0.0,,,,,,,,,,0.0,,,,,,"K12086,K12087,K12088,K12089,K12090,K12091,K12092,K12093,K12094,K12095,K12096,K12098,K12099,K12100,K12101,K12102,K12103,K12104,K12105,K12106,K12108,K12109,K12110,K15842",24,M00564,23,0.001
K12108,0.0,0.0,,,,1000.0,0.0,,,,,,,,,,0.0,,,,,,"K12086,K12087,K12088,K12089,K12090,K12091,K12092,K12093,K12094,K12095,K12096,K12098,K12099,K12100,K12101,K12102,K12103,K12104,K12105,K12106,K12107,K12109,K12110,K15842",24,M00564,24,0.001
K12109,0.0,0.0,,,,1000.0,0.0,,,,,,,,,,0.0,,,,,,"K12086,K12087,K12088,K12089,K12090,K12091,K12092,K12093,K12094,K12095,K12096,K12098,K12099,K12100,K12101,K12102,K12103,K12104,K12105,K12106,K12107,K12108,K12110,K15842",24,M00564,46,0.002
K12110,0.0,0.0,,,,1000.0,0.0,,,,,,,,,,0.0,,,,,,"K12086,K12087,K12088,K12089,K12090,K12091,K12092,K12093,K12094,K12095,K12096,K12098,K12099,K12100,K12101,K12102,K12103,K12104,K12105,K12106,K12107,K12108,K12109,K15842",24,M00564,36,0.002
K12234,0.003,0.003,,,,1000.0,0.0,,,,,,,,,,0.0,,,,,,,0,M00378,1406,0.066
K12250,0.001,0.0,,,,1000.0,0.0,,,,,,,,,,0.0,,,,,,"K15907,K17476,K17747,K18056,K18057",5,M00819,550,0.026
K12298,0.0,0.0,,,,1000.0,0.0,,,,,,,,,,0.0,,,,,,,0,M00098,1,0.0
K12340,0.206,0.196,558.0,NC_005042.1_119,558.0,5.2e-64,214.1,6.3e-64,213.8,104.0,482.0,70.0,505.0,K03287,437.7,4.8943268585196585e-68,4.8943268585196585e-68,245.03,domain,True,True,False,"K07389,K07690,K11003,K11004,K18140,K18141,K18142,K18898,K18899,K22944",10,"M00575,M00696,M00697",11337,0.53
K12406,0.0,0.0,543.0,NC_005042.1_930,543.0,3.9e-110,365.7,5.1e-110,365.3,55.0,492.0,8.0,429.0,K00873,623.4,2.6580926673274887e-78,2.6580926673274887e-78,1024.73,full,True,True,False,,0,"M00001,M00002",8,0.0
K12407,0.0,0.0,,,,1000.0,0.0,,,,,,,,,,0.0,,,,,,,0,"M00001,M00549",0,0.0
K12420,0.032,0.0,261.0,NC_005042.1_448,261.0,9.6e-58,192.6,2.4e-56,188.0,7.0,258.0,18.0,255.0,K00059,366.5,4.475934824813006e-53,4.475934824813006e-53,296.77,domain,True,True,False,"K05551,K05552,K05553,K05554,K14249,K15884,K15885,K15886",8,M00778,543,0.025
K12428,0.004,0.002,607.0,NC_005042.1_395,607.0,1.7e-20,69.7,1.9e-09,33.1,399.0,510.0,452.0,547.0,K01897,452.6,5.440197421391074e-116,5.440197421391074e-116,811.87,full,True,True,False,"K12437,K18851",2,M00887,1100,0.051
K12437,0.007,0.002,1628.0,NC_005042.1_1793,1628.0,3.5e-39,130.9,4.1e-39,130.7,170.0,527.0,54.0,411.0,K09458,589.4,9.500511501664344e-139,9.500511501664344e-139,1201.17,domain,True,True,False,"K11263,K12428,K18851",3,M00887,1201,0.056
K12447,0.0,0.0,,,,1000.0,0.0,,,,,,,,,,0.0,,,,,,,0,M00549,4,0.0
K12502,0.0,0.0,339.0,NC_005042.1_1049,339.0,3.8e-06,22.8,5e-06,22.4,112.0,232.0,184.0,312.0,K15256,82.3,1.2266330960937867e-18,1.2266330960937867e-18,259.5,full,True,True,False,,0,M00112,30,0.001
K12506,0.818,0.172,472.0,NC_005042.1_1366,472.0,3.7e-70,233.8,4.7e-70,233.4,271.0,428.0,247.0,405.0,K01770,246.2,0.00018498976738956816,0.00018498976738956816,320.67,full,True,True,False,"K00099,K00919,K00991,K01662,K01823,K03526,K03527",7,M00096,10592,0.495
K12524,0.328,0.032,999.0,NC_005042.1_1832,999.0,3.6e-111,369.4,5.2e-84,279.5,236.0,597.0,55.0,419.0,K00928,584.7,1.5425595312512608e-65,1.5425595312512608e-65,764.83,full,True,True,False,"K00548,K00651,K00674,K00872,K01733,K01739,K01760,K03340,K12525,K12526",10,"M00016,M00017,M00018,M00526,M00527",4591,0.215
K12525,0.017,0.007,814.0,NC_005042.1_1832,814.0,2.3e-46,155.4,3.3e-08,29.2,15.0,62.0,5.0,54.0,K00928,584.7,5.858991412345524e-130,5.858991412345524e-130,788.27,full,True,True,False,K12524,1,"M00016,M00017,M00018,M00526,M00527",2083,0.097
K12526,0.0,0.0,859.0,NC_005042.1_1114,859.0,1.5999999999999998e-53,178.8,1.9e-53,178.6,500.0,857.0,47.0,423.0,K01586,443.3,2.3854270893661806e-80,2.3854270893661806e-80,662.3,full,True,True,False,,0,"M00016,M00018,M00526,M00527",568,0.027
K12628,0.124,0.0,338.0,NC_005042.1_861,338.0,1.2e-10,37.9,1.5e-10,37.5,66.0,222.0,67.0,230.0,K24995,107.5,1.1176666204037677e-21,1.1176666204037677e-21,,,True,True,False,"K12630,K12631,K12634,K12636",4,M00889,20,0.001
K12629,0.113,0.0,152.0,NC_005042.1_1813,152.0,3.9e-05,20.6,480.0,-2.5,120.0,132.0,170.0,182.0,K03575,339.4,1.0755667854527158e-96,1.0755667854527158e-96,,,True,True,False,"K12628,K12630,K12631,K12634,K12636",5,M00889,181,0.008
K12630,0.114,0.0,429.0,NC_005042.1_1473,429.0,3.3999999999999997e-31,105.3,4.3e-31,105.0,53.0,252.0,41.0,240.0,K15910,170.2,2.905047791235413e-20,2.905047791235413e-20,,,True,True,False,"K12628,K12631,K12634,K12636",4,M00889,27,0.001
K12631,0.0,0.0,,,,1000.0,0.0,,,,,,,,,,0.0,,,,,,"K12628,K12630,K12636",3,M00889,22,0.001
K12632,0.07,0.009,,,,1000.0,0.0,,,,,,,,,,0.0,,,,,,"K12628,K12629,K12630,K12631,K12633,K12634,K12635,K12636",8,M00889,2378,0.111
K12633,0.104,0.0,228.0,NC_005042.1_1447,228.0,0.0012,15.4,0.0018,14.8,59.0,101.0,159.0,202.0,K02687,255.2,6.501402288268332e-73,6.501402288268332e-73,,,True,True,False,"K12628,K12630,K12631,K12634,K12636",5,M00889,228,0.011
K12634,1.0,1.0,273.0,NC_005042.1_118,273.0,9.8e-17,57.7,2.7e-16,56.3,13.0,137.0,30.0,157.0,K12634,57.7,1.0,1.0,,,False,True,False,"K12628,K12630",2,M00889,12,0.001
K12635,0.0,0.0,,,,1000.0,0.0,,,,,,,,,,0.0,,,,,,,0,M00889,11,0.001
K12636,0.0,0.0,,,,1000.0,0.0,,,,,,,,,,0.0,,,,,,"K12628,K12630,K12631",3,M00889,21,0.001
K12657,0.0,0.0,1259.0,NC_005042.1_1080,1259.0,1.2e-157,523.9,1.4e-157,523.7,798.0,1218.0,17.0,434.0,K00147,569.1,2.4742535154475732e-14,2.4742535154475732e-14,665.67,full,True,True,False,,0,M00015,20,0.001
K12658,0.05,0.022,348.0,NC_005042.1_955,348.0,0.035,9.6,0.035,9.6,89.0,158.0,52.0,123.0,K01778,327.7,1.7472633978502755e-96,1.7472633978502755e-96,358.83,full,True,True,False,"K13877,K21060,K21061,K21062,K22549,K22550",6,M00948,3815,0.178
K12659,0.0,0.0,1065.0,NC_005042.1_951,1065.0,5.1e-48,160.6,4.9e-46,154.0,646.0,964.0,4.0,353.0,K00145,396.2,1.1949040181932832e-71,1.1949040181932832e-71,818.23,full,True,True,False,K22478,1,M00028,392,0.018
K12673,0.0,0.0,560.0,NC_005042.1_521,560.0,4.4e-70,233.5,5.8e-70,233.1,8.0,549.0,23.0,563.0,K01652,793.5,2.6497349136889354e-169,2.6497349136889354e-169,777.23,full,True,True,False,"K12674,K12675,K12676",3,M00674,52,0.002
K12674,0.0,0.0,509.0,NC_005042.1_60,509.0,1.9e-26,89.5,3.8e-21,72.0,57.0,355.0,64.0,397.0,K24327,606.7,2.0290196015000824e-156,2.0290196015000824e-156,651.23,full,True,True,False,"K12673,K12675,K12676",3,M00674,45,0.002
K12675,0.0,0.0,,,,1000.0,0.0,,,,,,,,,,0.0,,,,,,"K12673,K12674,K12676",3,M00674,145,0.007
K12676,0.0,0.0,315.0,NC_005042.1_1873,315.0,6e-49,163.3,7.299999999999999e-49,163.0,30.0,307.0,29.0,298.0,K01480,233.9,5.5883333725538595e-22,5.5883333725538595e-22,492.03,full,True,True,False,"K12673,K12674,K12675",3,M00674,63,0.003
K12710,0.005,0.005,,,,1000.0,0.0,,,,,,,,,,0.0,,,,,,K17625,1,M00795,1748,0.082
K12743,0.0,0.0,3713.0,NC_005042.1_1050,3713.0,8.5e-23,75.3,1.3e-11,38.2,2820.0,2948.0,509.0,638.0,K01895,1017.2,2.883016208964095e-284,2.883016208964095e-284,4792.53,domain,True,True,False,"K04126,K12744,K12745,K18063",4,M00673,162,0.008
K12744,0.0,0.0,,,,1000.0,0.0,,,,,,,,,,0.0,,,,,,"K04126,K12745,K18063",3,M00673,15,0.001
K12745,0.0,0.0,,,,1000.0,0.0,,,,,,,,,,0.0,,,,,,"K04126,K12744,K18063",3,M00673,11,0.001
K12784,0.0,0.0,,,,1000.0,0.0,,,,,,,,,,0.0,,,,,,"K12785,K12786,K12787,K12788,K16041,K16042",6,M00542,16,0.001
K12785,0.0,0.0,,,,1000.0,0.0,,,,,,,,,,0.0,,,,,,"K12784,K12786,K12787,K12788,K16041,K16042",6,M00542,20,0.001
K12786,0.0,0.0,,,,1000.0,0.0,,,,,,,,,,0.0,,,,,,"K12784,K12785,K12787,K12788,K16041,K16042",6,M00542,14,0.001
K12787,0.0,0.0,,,,1000.0,0.0,,,,,,,,,,0.0,,,,,,"K12784,K12785,K12786,K12788,K16041,K16042",6,M00542,17,0.001
K12788,0.0,0.0,,,,1000.0,0.0,,,,,,,,,,0.0,,,,,,"K12784,K12785,K12786,K12787,K16041,K16042",6,M00542,16,0.001
K12977,0.0,0.0,,,,1000.0,0.0,,,,,,,,,,0.0,,,,,,K23082,1,M00867,89,0.004
K13014,0.179,0.01,,,,1000.0,0.0,,,,,,,,,,0.0,,,,,,"K07806,K10011,K10012",3,M00761,2588,0.121
K13034,0.0,0.0,364.0,NC_005042.1_146,364.0,2e-111,369.3,2.4e-111,369.1,45.0,353.0,3.0,313.0,K01738,505.4,1.07106934636952e-41,1.07106934636952e-41,634.3,domain,True,True,False,,0,M00021,24,0.001
K13037,0.001,0.001,472.0,NC_005042.1_1392,472.0,6.2e-08,28.4,1.2e-07,27.5,126.0,230.0,125.0,241.0,K01921,363.6,1.2437853966514121e-101,1.2437853966514121e-101,475.3,full,True,True,False,"K19549,K19550",2,M00787,630,0.029
K13038,1.0,1.0,565.0,NC_005042.1_261,565.0,5.6e-115,381.9,6.2e-115,381.8,42.0,438.0,6.0,421.0,K13038,381.9,1.0,1.0,259.9,domain,False,False,False,"K00077,K00606,K00859,K00867,K00954,K01598,K01947,K02318,K03525,K06982,K09680,K09722,K21977",13,"M00120,M00914",20695,0.967
K13039,0.002,0.001,187.0,NC_005042.1_521,187.0,8.8e-16,55.0,8.5e-15,51.8,9.0,162.0,397.0,565.0,K01652,793.5,4.890443008421453e-223,4.890443008421453e-223,218.57,full,True,True,False,K06034,1,M00358,950,0.044
K13063,0.002,0.002,692.0,NC_005042.1_1756,692.0,3.2000000000000005e-33,111.7,4.1e-33,111.3,160.0,426.0,231.0,500.0,K01657,598.2,3.5392163327574166e-147,3.5392163327574166e-147,393.4,full,True,True,False,"K20260,K20261,K20262,K21103",4,M00835,1219,0.057
K13273,0.0,0.0,,,,1000.0,0.0,,,,,,,,,,0.0,,,,,,,0,M00095,14,0.001
K13307,0.003,0.003,236.0,NC_005042.1_62,236.0,1.6e-06,24.7,6.7e-06,22.6,12.0,128.0,8.0,122.0,K23684,100.1,2.0060341727085463e-23,2.0060341727085463e-23,367.17,full,True,True,False,K19854,1,M00796,1465,0.068
K13308,0.0,0.0,400.0,NC_005042.1_319,400.0,6.8e-60,199.9,5e-59,197.0,50.0,380.0,34.0,390.0,K13017,479.9,5.147557589468268e-85,5.147557589468268e-85,578.93,full,True,True,False,K13309,1,M00797,261,0.012
K13309,0.0,0.0,,,,1000.0,0.0,,,,,,,,,,0.0,,,,,,,0,M00797,34,0.002
K13310,0.001,0.001,369.0,NC_005042.1_319,369.0,3.2000000000000004e-125,414.7,1.5e-19,67.0,290.0,366.0,317.0,393.0,K13017,479.9,2.3596320299604055e-20,2.3596320299604055e-20,593.23,full,True,True,False,K13309,1,M00797,712,0.033
K13311,0.001,0.001,237.0,NC_005042.1_1049,237.0,8.3e-07,25.5,1.3e-06,24.8,40.0,136.0,186.0,289.0,K15256,82.3,7.97068537401637e-18,7.97068537401637e-18,354.03,full,True,True,False,K13309,1,M00797,905,0.042
K13312,0.0,0.0,,,,1000.0,0.0,,,,,,,,,,0.0,,,,,,,0,M00794,190,0.009
K13313,0.0,0.0,332.0,NC_005042.1_66,332.0,3.6e-46,154.6,2.8e-45,151.7,11.0,326.0,13.0,329.0,K02377,467.6,5.992545734005753e-95,5.992545734005753e-95,374.47,full,True,True,False,,0,M00794,138,0.006
K13315,0.064,0.004,328.0,NC_005042.1_1203,328.0,6.400000000000001e-22,74.6,9e-22,74.1,36.0,313.0,32.0,304.0,K05275,229.8,1.9060955741624165e-47,1.9060955741624165e-47,450.63,full,True,True,False,"K13316,K13318,K16435,K16438,K19857",5,"M00798,M00799",1543,0.072
K13316,0.049,0.0,,,,1000.0,0.0,,,,,,,,,,0.0,,,,,,"K13318,K16435",2,M00798,168,0.008
K13317,0.0,0.0,,,,1000.0,0.0,,,,,,,,,,0.0,,,,,,,0,M00798,228,0.011
K13318,0.0,0.0,330.0,NC_005042.1_1328,330.0,4.6e-09,32.7,0.0005,16.2,140.0,224.0,144.0,233.0,K08679,520.6,1.341112207006084e-147,1.341112207006084e-147,416.27,full,True,True,False,,0,M00798,155,0.007
K13322,0.0,0.0,332.0,NC_005042.1_1328,332.0,0.00035,16.7,23.0,0.8,9.0,29.0,4.0,24.0,K08679,520.6,2.0463748275850223e-152,2.0463748275850223e-152,,,True,True,False,,0,M00800,11,0.001
K13326,0.0,0.0,251.0,NC_005042.1_62,251.0,1.4e-05,21.7,2.2e-05,21.0,36.0,103.0,15.0,80.0,K23684,100.1,2.5075427158856866e-24,2.5075427158856866e-24,298.63,full,True,True,False,,0,"M00797,M00800",66,0.003
K13327,0.077,0.001,323.0,NC_005042.1_308,323.0,6.5e-26,87.7,2.1e-25,86.0,2.0,156.0,6.0,154.0,K18855,233.6,1.2014996057213512e-44,1.2014996057213512e-44,347.63,domain,True,True,False,"K13328,K13329,K13330,K16435",4,M00802,576,0.027
K13328,0.044,0.0,433.0,NC_005042.1_319,433.0,9.800000000000001e-57,189.3,3.3e-05,19.5,355.0,428.0,320.0,392.0,K13017,479.9,3.316524883038381e-88,3.316524883038381e-88,733.33,full,True,True,False,"K13327,K13329,K13330,K16435",4,M00802,257,0.012
K13329,0.0,0.0,387.0,NC_005042.1_319,387.0,2.3e-62,207.5,2.2e-52,174.7,8.0,303.0,14.0,294.0,K13017,479.9,9.986865043741904e-83,9.986865043741904e-83,577.3,full,True,True,False,K13330,1,M00802,67,0.003
K13330,0.0,0.0,252.0,NC_005042.1_1687,252.0,0.00028,17.1,0.0004,16.6,49.0,157.0,85.0,194.0,K18534,381.9,1.5284723324565383e-110,1.5284723324565383e-110,399.23,full,True,True,False,,0,M00802,42,0.002
K13378,0.579,0.023,557.0,NC_005042.1_200,557.0,2.4e-149,495.2,2.8e-149,495.0,187.0,557.0,9.0,398.0,K05579,722.7,3.2785060274622295e-69,3.2785060274622295e-69,583.63,full,True,True,False,"K00330,K00331,K00334,K00335,K00336,K00337,K00338,K00339,K00340,K00341,K00342,K00343",12,M00144,3899,0.182
K13380,0.0,0.0,793.0,NC_005042.1_200,793.0,7.4e-134,444.1,9e-134,443.9,406.0,793.0,11.0,398.0,K05579,722.7,1.358448592092397e-84,1.358448592092397e-84,1348.53,full,True,True,False,,0,M00144,131,0.006
K13421,0.0,0.0,551.0,NC_005042.1_310,551.0,8.800000000000001e-27,90.6,9.999999999999999e-27,90.4,67.0,240.0,13.0,189.0,K00762,154.1,7.666467083416943e-20,7.666467083416943e-20,373.93,full,True,True,False,,0,M00051,357,0.017
K13479,0.134,0.021,,,,1000.0,0.0,,,,,,,,,,0.0,,,,,,"K00087,K00365,K01466,K01477,K01488,K02566,K03783,K07127,K08693,K11177,K11178,K13480,K13483,K16838,K16839,K16840,K19970,K22879",18,"M00546,M00958,M00959",3746,0.175
K13480,0.018,0.018,160.0,NC_005042.1_1271,160.0,6.2e-07,25.8,6.5e-07,25.7,33.0,70.0,29.0,64.0,K24718,30.3,0.01714312922061056,0.01714312922061056,240.77,domain,True,True,False,,0,"M00546,M00958,M00959",615,0.029
K13481,0.145,0.038,660.0,NC_005042.1_1271,660.0,0.0089,11.4,0.0078,11.6,206.0,221.0,37.0,52.0,K24718,30.3,7.929725635225795e-07,7.929725635225795e-07,453.73,domain,True,True,False,"K00087,K00106,K01081,K01466,K01477,K01487,K03787,K05810,K07127,K09913,K11177,K11178,K13482,K13483,K13484,K13485,K16839,K16840,K16842,K19970,K20881,K22879",22,"M00546,M00958,M00959",5017,0.234
K13482,0.143,0.036,,,,1000.0,0.0,,,,,,,,,,0.0,,,,,,"K00087,K00106,K01081,K01466,K01477,K01487,K03787,K05810,K07127,K09913,K11177,K11178,K13481,K13483,K13484,K13485,K16839,K16840,K16842,K19970,K20881,K22879",22,"M00546,M00958,M00959",4886,0.228
K13483,0.162,0.039,265.0,NC_005042.1_1271,265.0,3.3e-06,23.4,3.8e-06,23.2,89.0,119.0,37.0,67.0,K24718,30.3,0.0032480156201884778,0.0032480156201884778,249.33,domain,True,True,False,"K00087,K00106,K00365,K01081,K01466,K01477,K01487,K01488,K03787,K05810,K07127,K08693,K09913,K11177,K11178,K13479,K13481,K13482,K13485,K16839,K16840,K16842,K19970,K20881,K22879",25,"M00546,M00958,M00959",4836,0.226
K13484,0.0,0.0,,,,1000.0,0.0,,,,,,,,,,0.0,,,,,,,0,M00546,6,0.0
K13485,0.089,0.024,,,,1000.0,0.0,,,,,,,,,,0.0,,,,,,"K00087,K00106,K01466,K01477,K07127,K11177,K11178,K13481,K13482,K13483,K16838,K16842,K22879",13,M00546,3966,0.185
K13497,0.016,0.01,529.0,NC_005042.1_746,529.0,5.5e-108,358.7,7.3e-108,358.3,196.0,523.0,8.0,336.0,K00766,400.1,3.446340466575447e-13,3.446340466575447e-13,576.3,full,True,True,False,"K13498,K13501",2,M00023,2570,0.12
K13498,0.018,0.013,491.0,NC_005042.1_1383,491.0,3.4e-85,283.3,4e-85,283.1,17.0,269.0,28.0,292.0,K01609,381.0,3.8848067854763364e-30,3.8848067854763364e-30,416.6,full,True,True,False,K13497,1,M00023,2903,0.136
K13501,0.0,0.0,911.0,NC_005042.1_1383,911.0,4.6000000000000005e-71,237.4,5.3e-71,237.2,290.0,562.0,25.0,293.0,K01609,381.0,5.916878108897813e-44,5.916878108897813e-44,962.93,full,True,True,False,,0,M00023,7,0.0
K13503,0.003,0.003,722.0,NC_005042.1_1756,722.0,3.3e-91,303.3,4.5e-91,302.9,130.0,500.0,95.0,498.0,K01657,598.2,1.6836595523892618e-89,1.6836595523892618e-89,497.27,full,True,True,False,,0,M00023,1326,0.062
K13524,0.0,0.0,643.0,NC_005042.1_1387,643.0,3.7e-53,177.7,8.2e-06,21.3,107.0,258.0,40.0,164.0,K00821,531.9,2.37233237581514e-107,2.37233237581514e-107,384.93,full,True,True,False,,0,M00027,3,0.0
K13534,0.0,0.0,,,,1000.0,0.0,,,,,,,,,,0.0,,,,,,,0,M00098,0,0.0
K13540,0.592,0.03,515.0,NC_005042.1_1697,515.0,5.699999999999999e-68,226.5,7e-68,226.2,251.0,503.0,346.0,604.0,K13541,646.8,2.9998036031211293e-127,2.9998036031211293e-127,628.03,full,True,True,False,"K00595,K02224,K02228,K02229,K02230,K02303,K05895,K05936,K06042,K09882,K09883,K13541",12,M00925,4406,0.206
K13541,1.0,1.0,813.0,NC_005042.1_1697,813.0,5.4000000000000006e-195,646.8,6.5e-195,646.6,171.0,700.0,41.0,605.0,K13541,646.8,1.0,1.0,512.2,full,False,False,False,"K00595,K02188,K02189,K02190,K02191,K02224,K02228,K02229,K02230,K02302,K02303,K02304,K03394,K03399,K03795,K05895,K05936,K06042,K09882,K09883,K13540,K22011",22,"M00924,M00925",5157,0.241
K13542,0.539,0.083,844.0,NC_005042.1_1882,844.0,2.6e-98,327.0,3.2e-98,326.7,145.0,383.0,2.0,243.0,K02303,351.3,4.836339348308929e-08,4.836339348308929e-08,405.1,full,True,True,False,"K00230,K00231,K00435,K00589,K00595,K01599,K01698,K01719,K01749,K01772,K01845,K01885,K02188,K02189,K02190,K02191,K02224,K02228,K02229,K02230,K02302,K02304,K02492,K02495,K03394,K03399,K03794,K03795,K05895,K05934,K05936,K06042,K09882,K13540,K13541,K21479,K22011,K24866",38,"M00121,M00846,M00924,M00925,M00926",7359,0.344
K13543,0.797,0.061,653.0,NC_005042.1_137,653.0,6.199999999999999e-24,81.3,7.899999999999999e-24,81.0,7.0,208.0,13.0,209.0,K01719,126.0,3.499122878295344e-14,3.499122878295344e-14,435.67,full,True,True,False,"K00228,K00230,K01599,K01698,K01749,K01772,K01845,K01885,K02302,K02303,K02304,K02492,K02495,K02496,K08973",15,"M00121,M00846",6318,0.295
K13609,0.018,0.009,,,,1000.0,0.0,,,,,,,,,,0.0,,,,,,"K15737,K25986,K26061,K26062,K26064,K26065",6,M00960,2442,0.114
K13632,0.003,0.001,,,,1000.0,0.0,,,,,,,,,,0.0,,,,,,K09476,1,M00746,861,0.04
K13679,0.0,0.0,615.0,NC_005042.1_1061,615.0,1.4e-73,244.8,4.900000000000001e-59,196.8,314.0,590.0,180.0,454.0,K00703,597.2,8.260941144366555e-107,8.260941144366555e-107,588.67,full,True,True,False,,0,M00854,1,0.0
K13713,0.0,0.0,748.0,NC_005042.1_1432,748.0,3.5999999999999995e-95,316.5,4.6e-95,316.1,305.0,726.0,16.0,437.0,K01945,564.9,1.6755179200170057e-75,1.6755179200170057e-75,913.07,full,True,True,False,,0,M00048,174,0.008
K13766,0.275,0.108,272.0,NC_005042.1_1062,272.0,4.6e-47,157.5,5.8e-47,157.2,7.0,261.0,28.0,286.0,K01661,443.2,9.90216682600733e-87,9.90216682600733e-87,268.57,domain,True,True,False,"K00166,K00167,K00249,K00253,K00382,K00826,K01640,K01968,K01969,K09699,K11381",11,M00036,8405,0.393
K13767,0.002,0.002,257.0,NC_005042.1_1062,257.0,7.100000000000001e-36,120.6,8.999999999999999e-36,120.3,8.0,255.0,33.0,286.0,K01661,443.2,7.72188623211855e-98,7.72188623211855e-98,317.5,domain,True,True,False,,0,M00087,1008,0.047
K13787,0.06,0.044,476.0,NC_005042.1_1139,476.0,4.8e-68,227.3,6e-68,227.0,101.0,362.0,19.0,270.0,K13789,418.9,2.1020843527235285e-58,2.1020843527235285e-58,301.9,full,True,True,False,"K01823,K18686,K22997,K22998",4,"M00364,M00365,M00921",5335,0.249
K13788,0.442,0.327,765.0,NC_005042.1_472,765.0,2.2e-26,89.4,3.1e-26,89.0,53.0,392.0,1.0,356.0,K06873,389.6,4.2736140814881984e-91,4.2736140814881984e-91,566.9,full,True,True,False,"K00194,K00197,K00198,K00297,K00625,K00925,K01491,K01500,K01938,K05299,K14138,K15022,K15023,K15024,K22015,K25007,K25008,K25123,K25124",19,"M00579,M00618",14631,0.684
K13789,1.0,1.0,351.0,NC_005042.1_1139,351.0,1.8e-126,418.9,1.9e-126,418.8,30.0,318.0,8.0,299.0,K13789,418.9,0.999993803044435,1.0,350.47,domain,False,False,False,,0,M00364,1825,0.085
K13799,1.0,1.0,647.0,NC_005042.1_1770,647.0,4.5e-216,715.7,5e-216,715.5,51.0,559.0,3.0,516.0,K13799,715.7,1.0,1.0,397.0,full,False,False,False,,0,M00119,2009,0.094
K13800,0.0,0.0,350.0,NC_005042.1_1717,350.0,9.3e-51,169.8,1.1e-50,169.6,94.0,272.0,7.0,181.0,K00939,208.1,2.9549570039447327e-12,2.9549570039447327e-12,271.6,domain,True,True,False,,0,M00052,472,0.022
K13809,0.0,0.0,512.0,NC_005042.1_1770,512.0,0.011,11.6,0.022,10.7,280.0,313.0,286.0,319.0,K13799,715.7,1.108613219553555e-212,1.108613219553555e-212,124.8,full,True,True,False,,0,M00052,14,0.001
K13810,0.445,0.044,944.0,NC_005042.1_953,944.0,9.1e-49,163.3,2.2e-06,23.0,710.0,773.0,408.0,473.0,K01810,386.3,7.418412301374922e-68,7.418412301374922e-68,669.4,full,True,True,False,"K00033,K00036,K00134,K00615,K00873,K00886,K00918,K00927,K01057,K01624,K01689,K01783,K01803,K01808,K01834,K11389,K12406,K15634,K15916,K16305,K16370,K21071,K25026",23,"M00001,M00004,M00007",5348,0.25
K13812,0.0,0.0,,,,1000.0,0.0,,,,,,,,,,0.0,,,,,,,0,"M00345,M00580",0,0.0
K13821,0.203,0.198,1183.0,NC_005042.1_372,1183.0,1.4e-38,129.4,1.8e-38,129.1,628.0,1016.0,23.0,414.0,K25072,531.4,9.681479787122644e-122,9.681479787122644e-122,666.87,domain,True,True,False,K00318,1,M00970,11382,0.532
K13829,0.726,0.257,755.0,NC_005042.1_1018,755.0,3.7e-131,435.8,4.4e-131,435.6,362.0,717.0,7.0,365.0,K01735,476.0,7.917611249426457e-13,7.917611249426457e-13,521.67,full,True,True,False,"K00014,K00800,K00891,K01626,K01735,K01736,K03785,K03786,K03856,K13830,K13832,K13853,K24018",13,M00022,12978,0.606
K13830,0.0,0.0,1583.0,NC_005042.1_1018,1583.0,1.9e-95,317.3,2e-95,317.2,16.0,389.0,17.0,364.0,K01735,476.0,1.6847663825986082e-48,1.6847663825986082e-48,856.07,full,True,True,False,,0,M00022,81,0.004
K13831,0.0,0.0,427.0,NC_005042.1_1848,427.0,2.5e-06,23.5,4.1e-06,22.8,124.0,216.0,150.0,243.0,K03149,446.4,4.947830731354122e-128,4.947830731354122e-128,281.93,full,True,True,False,,0,"M00345,M00580",192,0.009
K13832,0.002,0.002,895.0,NC_005042.1_1896,895.0,9.5e-64,212.9,1.1e-63,212.6,553.0,827.0,9.0,296.0,K00014,273.2,7.045166501887869e-19,7.045166501887869e-19,366.93,full,True,True,False,,0,M00022,1181,0.055
K13853,0.004,0.004,,,,1000.0,0.0,,,,,,,,,,0.0,,,,,,,0,M00022,1597,0.075
K13877,0.061,0.036,526.0,NC_005042.1_372,526.0,1.3e-16,57.2,1.7e-16,56.8,145.0,428.0,99.0,370.0,K25072,531.4,1.7847445158678548e-143,1.7847445158678548e-143,613.0,full,True,True,False,"K12658,K21060,K21061,K21062,K22549,K22550",6,M00948,4836,0.226
K13937,0.0,0.0,893.0,NC_005042.1_1134,893.0,3.2000000000000003e-74,247.3,5.1e-73,243.4,127.0,595.0,23.0,474.0,K00036,632.3,1.2689709186579238e-116,1.2689709186579238e-116,552.7,full,True,True,False,,0,"M00004,M00006",8,0.0
K13939,0.0,0.0,740.0,NC_005042.1_904,740.0,1.5e-97,324.4,1.8e-97,324.1,461.0,736.0,1.0,259.0,K00796,347.6,1.0168130844641772e-07,1.0168130844641772e-07,666.93,full,True,True,False,,0,M00126,176,0.008
K13940,0.03,0.03,455.0,NC_005042.1_321,455.0,2e-27,93.4,4.3e-27,92.3,180.0,275.0,66.0,174.0,K00950,136.8,8.615851166440912e-14,8.615851166440912e-14,253.97,domain,True,True,False,K19965,1,M00126,4405,0.206
K13941,0.02,0.02,589.0,NC_005042.1_904,589.0,6.2e-103,342.0,7.3e-103,341.8,284.0,549.0,1.0,259.0,K00796,347.6,0.020200822370034177,0.020200822370034177,566.73,full,True,True,False,"K22099,K22100",2,"M00126,M00840",303,0.014
K13942,0.0,0.0,,,,1000.0,0.0,,,,,,,,,,0.0,,,,,,,0,"M00567,M00617",2,0.0
K13990,0.0,0.0,,,,1000.0,0.0,,,,,,,,,,0.0,,,,,,,0,M00045,272,0.013
K13995,0.024,0.016,281.0,NC_005042.1_797,281.0,1.8e-12,44.0,0.019,11.1,48.0,105.0,18.0,71.0,K09020,65.1,2.378380072793553e-07,2.378380072793553e-07,170.77,full,True,True,False,"K01799,K14974,K15357,K18028,K18029,K18030",6,M00622,3277,0.153
K13997,0.0,0.0,667.0,NC_005042.1_397,667.0,1.1e-70,235.6,5.6e-70,233.3,81.0,517.0,1.0,447.0,K00627,422.7,4.7565033972384495e-57,4.7565033972384495e-57,610.8,domain,True,True,False,,0,M00307,190,0.009
K13998,0.0,0.0,,,,1000.0,0.0,,,,,,,,,,0.0,,,,,,,0,"M00126,M00938",49,0.002
K14028,0.0,0.0,,,,1000.0,0.0,,,,,,,,,,0.0,,,,,,"K10944,K10945,K10946,K14029,K16157,K16158,K16159,K16160,K16162",9,M00174,203,0.009
K14029,0.0,0.0,,,,1000.0,0.0,,,,,,,,,,0.0,,,,,,"K10944,K10945,K10946,K14028,K16157,K16158,K16159,K16160,K16162",9,M00174,201,0.009
K14067,0.002,0.001,,,,1000.0,0.0,,,,,,,,,,0.0,,,,,,"K08691,K08692",2,M00346,649,0.03
K14073,0.0,0.0,,,,1000.0,0.0,,,,,,,,,,0.0,,,,,,K14074,1,M00098,29,0.001
K14074,0.0,0.0,,,,1000.0,0.0,,,,,,,,,,0.0,,,,,,,0,M00098,1,0.0
K14075,0.0,0.0,,,,1000.0,0.0,,,,,,,,,,0.0,,,,,,,0,M00098,10,0.0
K14076,0.0,0.0,,,,1000.0,0.0,,,,,,,,,,0.0,,,,,,,0,M00098,0,0.0
K14080,0.04,0.001,339.0,NC_005042.1_1088,339.0,9.2e-32,106.9,1.2e-31,106.5,9.0,333.0,8.0,342.0,K01599,442.7,8.205923350927067e-102,8.205923350927067e-102,384.8,full,True,True,False,"K00193,K00194,K00197,K00204,K00584,K04480,K11261,K14082,K14084,K14128,K16176,K16177,K16178,K16179",14,"M00356,M00617",637,0.03
K14081,0.0,0.0,257.0,NC_005042.1_966,257.0,1.0000000000000001e-39,133.0,2.3e-39,131.9,41.0,228.0,646.0,834.0,K00548,1169.8,7.80010583807e-313,7.80010583807e-313,303.4,full,True,True,False,,0,"M00356,M00617",9,0.0
K14082,0.045,0.0,339.0,NC_005042.1_1088,339.0,3.3e-38,128.2,4.1000000000000003e-38,127.9,6.0,332.0,7.0,339.0,K01599,442.7,2.118684862543107e-95,2.118684862543107e-95,481.23,full,True,True,False,"K00193,K00194,K00197,K00584,K04480,K11261,K14080,K14081,K14084,K16176,K16178,K16179",12,"M00563,M00617",536,0.025
K14083,0.002,0.001,,,,1000.0,0.0,,,,,,,,,,0.0,,,,,,"K14084,K16179",2,"M00563,M00617",858,0.04
K14084,0.0,0.0,218.0,NC_005042.1_966,218.0,4.699999999999999e-43,143.9,1.4e-42,142.3,8.0,192.0,646.0,827.0,K00548,1169.8,1.49048444608212e-309,1.49048444608212e-309,285.9,full,True,True,False,"K00194,K00197,K00584,K04480,K14080,K14081,K14082,K16176,K16178",9,"M00563,M00617",444,0.021
K14085,0.0,0.0,659.0,NC_005042.1_372,659.0,2.6000000000000002e-30,102.3,3.3e-30,101.9,293.0,579.0,101.0,377.0,K25072,531.4,6.7302137973024484e-130,6.7302137973024484e-130,797.5,full,True,True,False,,0,"M00135,M00555",1,0.0
K14126,0.0,0.0,,,,1000.0,0.0,,,,,,,,,,0.0,,,,,,K14128,1,"M00356,M00357,M00563,M00567,M00617",83,0.004
K14127,0.001,0.0,,,,1000.0,0.0,,,,,,,,,,0.0,,,,,,"K00125,K00194,K00197,K00205,K00584,K03389,K03390,K11261,K14081,K14126,K14128,K16176,K16178",13,"M00356,M00357,M00563,M00567,M00617",405,0.019
K14128,0.0,0.0,384.0,NC_005042.1_327,384.0,3.4e-12,43.2,3.4e-08,30.1,208.0,243.0,151.0,186.0,K05582,404.6,1.6134650672590196e-109,1.6134650672590196e-109,247.27,full,True,True,False,K14126,1,"M00356,M00357,M00563,M00567,M00617",63,0.003
K14138,0.0,0.0,,,,1000.0,0.0,,,,,,,,,,0.0,,,,,,"K00194,K00197,K00198,K15023,K25008,K25123,K25124",7,"M00377,M00618",349,0.016
K14152,0.0,0.0,1213.0,NC_005042.1_1669,1213.0,7.900000000000001e-125,415.3,8.6e-125,415.2,789.0,1205.0,5.0,416.0,K00013,589.9,2.7552610770322564e-53,2.7552610770322564e-53,767.43,full,True,True,False,,0,M00026,54,0.003
K14153,0.446,0.044,724.0,NC_005042.1_1361,724.0,1.4999999999999998e-49,165.9,1.8e-49,165.6,361.0,542.0,163.0,341.0,K00788,247.8,2.216375573147096e-25,2.216375573147096e-25,387.47,full,True,True,False,"K00878,K00946,K03147,K03148,K03149,K03150,K03151,K03154",8,"M00127,M00899",5359,0.25
K14155,0.626,0.179,544.0,NC_005042.1_1027,544.0,2e-52,175.3,2.4e-52,175.1,95.0,457.0,33.0,391.0,K00812,482.6,3.11517416494123e-93,3.11517416494123e-93,293.2,domain,True,True,False,"K00003,K00133,K00548,K00549,K00641,K00651,K00928,K01739,K01760,K12524,K12525,K24042",12,M00017,10816,0.505
K14170,0.302,0.153,518.0,NC_005042.1_1686,518.0,1.3e-75,251.8,1.6e-75,251.5,111.0,379.0,4.0,273.0,K04518,294.9,1.0607357029774924e-13,1.0607357029774924e-13,356.5,domain,True,True,False,"K00220,K00832,K01713,K01850,K04093,K04517,K05359,K06209,K14187,K15227,K15849,K24018",12,"M00024,M00025,M00040",10004,0.467
K14187,0.053,0.015,374.0,NC_005042.1_1743,374.0,1.7e-21,73.2,2.3e-21,72.8,103.0,349.0,7.0,275.0,K15226,390.4,3.260508790197987e-96,3.260508790197987e-96,326.77,full,True,True,False,"K00832,K01713,K14170",3,"M00024,M00025",3167,0.148
K14188,0.081,0.066,96.0,NC_005042.1_1792,96.0,1.9e-13,47.3,2e-13,47.3,10.0,86.0,3.0,79.0,K02078,110.7,8.216710801538526e-20,8.216710801538526e-20,58.83,domain,True,True,False,"K03367,K03739,K03740,K19077,K19078",5,M00725,6588,0.308
K14205,0.155,0.155,877.0,NC_005042.1_63,877.0,0.39,5.4,0.65,4.6,48.0,310.0,9.0,304.0,K20468,30.0,3.932439860355975e-08,3.932439860355975e-08,382.87,full,True,True,False,"K19077,K19078",2,M00726,10071,0.471
K14249,0.0,0.0,,,,1000.0,0.0,,,,,,,,,,0.0,,,,,,,0,M00778,9,0.0
K14250,0.005,0.005,,,,1000.0,0.0,,,,,,,,,,0.0,,,,,,"K05552,K12420,K14249,K15884",4,M00778,1720,0.08
K14251,0.0,0.0,342.0,NC_005042.1_765,342.0,0.016,10.8,0.022,10.4,169.0,210.0,29.0,71.0,K02528,252.8,1.4149498560666788e-73,1.4149498560666788e-73,384.8,full,True,True,False,"K14255,K21297,K21301",3,"M00780,M00823",526,0.025
K14252,0.003,0.003,546.0,NC_005042.1_515,546.0,6.5e-05,18.3,0.00013,17.3,5.0,38.0,4.0,37.0,K21401,144.9,7.755370474894236e-39,7.755370474894236e-39,720.97,full,True,True,False,"K14255,K14257,K21301",3,"M00780,M00823",1355,0.063
K14253,0.014,0.011,413.0,NC_005042.1_908,413.0,4.4e-11,39.5,6.7e-07,25.7,159.0,324.0,141.0,300.0,K03185,205.7,9.307107295715263e-51,9.307107295715263e-51,465.4,full,True,True,False,"K14251,K14254,K14255,K14256,K21297,K21301",6,"M00780,M00823",2648,0.124
K14254,0.018,0.016,361.0,NC_005042.1_1027,361.0,2.6e-26,89.4,3.7e-26,88.8,25.0,359.0,35.0,386.0,K00812,482.6,4.315247453296683e-119,4.315247453296683e-119,574.13,full,True,True,False,"K14251,K14252,K14253,K14255,K14256,K14257,K21297,K21301",8,"M00780,M00823",3222,0.151
K14255,0.0,0.0,345.0,NC_005042.1_1049,345.0,0.00042,16.3,0.00059,15.8,178.0,324.0,188.0,337.0,K15256,82.3,1.3552509066808881e-20,1.3552509066808881e-20,450.77,full,True,True,False,K21301,1,"M00780,M00823",171,0.008
K14256,0.011,0.008,500.0,NC_005042.1_836,500.0,7e-08,28.1,1.6e-07,27.0,4.0,165.0,3.0,171.0,K10960,680.5,4.05537321890182e-197,4.05537321890182e-197,663.93,full,True,True,False,"K14251,K14252,K14253,K14254,K14255,K14257,K21297,K21301",8,"M00780,M00823",2325,0.109
K14257,0.001,0.001,551.0,NC_005042.1_515,551.0,4.7e-14,48.6,7.5,1.7,321.0,368.0,254.0,301.0,K21401,144.9,1.0252066570520252e-29,1.0252066570520252e-29,351.83,full,True,True,False,"K19981,K19982,K21301",3,"M00790,M00823",614,0.029
K14263,0.0,0.0,268.0,NC_005042.1_84,268.0,0.0047,12.9,0.0097,11.8,96.0,242.0,487.0,623.0,K01303,150.9,2.8698592549372212e-42,2.8698592549372212e-42,132.57,domain,True,True,False,,0,"M00038,M00912",121,0.006
K14266,0.002,0.002,722.0,NC_005042.1_98,722.0,3.5e-05,19.2,0.089,8.0,34.0,79.0,146.0,191.0,K17872,389.5,3.377478597299986e-112,3.377478597299986e-112,396.6,full,True,True,False,K19981,1,M00790,1054,0.049
K14267,0.744,0.1,495.0,NC_005042.1_1027,495.0,2.9e-82,273.9,3.5e-82,273.6,98.0,459.0,22.0,388.0,K00812,482.6,1.496373143261465e-63,1.496373143261465e-63,468.07,domain,True,True,False,"K00133,K00215,K00674,K00821,K00928,K01439,K01586,K01714,K01778",9,M00016,8069,0.377
K14268,0.012,0.005,426.0,NC_005042.1_1387,426.0,7.899999999999999e-63,209.3,1.3e-62,208.6,30.0,425.0,40.0,419.0,K00821,531.9,7.72188623211811e-98,7.72188623211811e-98,798.4,full,True,True,False,"K00468,K01506,K01825,K15737",4,M00957,1805,0.084
K14366,0.0,0.0,,,,1000.0,0.0,,,,,,,,,,0.0,,,,,,"K14367,K15997",2,M00774,23,0.001
K14367,0.0,0.0,,,,1000.0,0.0,,,,,,,,,,0.0,,,,,,,0,M00774,2,0.0
K14368,0.0,0.0,,,,1000.0,0.0,,,,,,,,,,0.0,,,,,,,0,M00774,75,0.004
K14369,0.0,0.0,300.0,NC_005042.1_1687,300.0,5.4e-17,58.7,7.4e-17,58.2,29.0,186.0,33.0,192.0,K18534,381.9,5.094544984684298e-98,5.094544984684298e-98,361.8,full,True,True,False,K14367,1,M00774,270,0.013
K14370,0.0,0.0,,,,1000.0,0.0,,,,,,,,,,0.0,,,,,,K14367,1,M00774,89,0.004
K14371,0.0,0.0,3972.0,NC_005042.1_1793,3972.0,3.6e-19,63.5,4.2e-19,63.3,616.0,2469.0,125.0,379.0,K09458,589.4,4.878937787020336e-159,4.878937787020336e-159,,,True,True,False,"K14372,K14375,K24567",3,M00777,15,0.001
K14372,0.0,0.0,,,,1000.0,0.0,,,,,,,,,,0.0,,,,,,"K14375,K24567",2,M00777,3,0.0
K14373,0.0,0.0,302.0,NC_005042.1_448,302.0,1.8000000000000002e-28,96.3,3e-27,92.3,39.0,297.0,15.0,257.0,K00059,366.5,4.5887581789292187e-82,4.5887581789292187e-82,,,True,True,False,"K14372,K14375,K24567",3,M00777,21,0.001
K14374,0.0,0.0,283.0,NC_005042.1_1687,283.0,1.9e-20,70.6,2.7e-20,70.1,10.0,181.0,28.0,201.0,K18534,381.9,1.9469838530883096e-94,1.9469838530883096e-94,,,True,True,False,"K14372,K14375,K24567",3,M00777,39,0.002
K14375,0.0,0.0,,,,1000.0,0.0,,,,,,,,,,0.0,,,,,,K14372,1,M00777,7,0.0
K14446,0.006,0.002,,,,1000.0,0.0,,,,,,,,,,0.0,,,,,,"K08691,K14447,K14448,K14449,K14451",5,M00373,1090,0.051
K14447,0.01,0.005,670.0,NC_005042.1_966,670.0,2.1e-05,19.6,3.3e-05,19.0,519.0,621.0,719.0,820.0,K00548,1169.8,0.0,0.0,932.23,full,True,True,False,"K01965,K08691,K14446,K14448,K14449,K14451",6,M00373,1785,0.083
K14448,0.006,0.002,,,,1000.0,0.0,,,,,,,,,,0.0,,,,,,"K08691,K14446,K14447,K14449,K14451",5,M00373,1108,0.052
K14449,0.011,0.005,353.0,NC_005042.1_1428,353.0,0.00062,15.6,0.00083,15.1,80.0,122.0,85.0,127.0,K02372,228.3,9.352332142083798e-65,9.352332142083798e-65,261.63,full,True,True,False,"K01847,K01848,K01849,K01965,K08691,K08928,K08929,K09709,K14446,K14447,K14448,K14451,K14470,K14471,K14472,K19280",16,"M00373,M00376,M00613,M00740",1865,0.087
K14451,0.035,0.012,284.0,NC_005042.1_930,284.0,0.00071,15.4,320.0,-3.1,31.0,59.0,312.0,339.0,K00873,623.4,9.413749473058708e-184,9.413749473058708e-184,401.63,full,True,True,False,"K00023,K01847,K01965,K01966,K05606,K08691,K14446,K14447,K14448,K14449",10,M00373,2812,0.131
K14452,0.0,0.0,471.0,NC_005042.1_1262,471.0,0.003,13.1,0.0073,11.8,122.0,257.0,34.0,159.0,K05714,139.4,9.547951824926437e-39,9.547951824926437e-39,605.07,domain,True,True,False,,0,M00098,10,0.0
K14465,0.0,0.0,369.0,NC_005042.1_1253,369.0,1.2e-05,21.0,1.8e-05,20.4,162.0,233.0,144.0,215.0,K00324,408.4,2.3984829631842882e-117,2.3984829631842882e-117,455.6,domain,True,True,False,,0,"M00374,M00375",499,0.023
K14466,0.001,0.001,570.0,NC_005042.1_1050,570.0,6.1e-77,256.2,1e-76,255.4,49.0,564.0,95.0,646.0,K01895,1017.2,8.24467042508435e-230,8.24467042508435e-230,863.07,domain,True,True,False,K15036,1,M00375,949,0.044
K14467,0.0,0.0,631.0,NC_005042.1_1050,631.0,9.200000000000001e-201,665.0,1.0999999999999999e-200,664.7,4.0,621.0,36.0,658.0,K01895,1017.2,9.489329503261134e-107,9.489329503261134e-107,1041.5,domain,True,True,False,,0,M00374,8,0.0
K14468,0.0,0.0,1227.0,NC_005042.1_448,1227.0,1.2e-22,76.5,9.4,0.6,265.0,298.0,222.0,256.0,K00059,366.5,5.026911708464869e-88,5.026911708464869e-88,1739.5,full,True,True,False,K14469,1,"M00376,M00613",18,0.001
K14469,0.0,0.0,1814.0,NC_005042.1_1050,1814.0,1.6e-117,390.3,2.6e-36,121.0,84.0,251.0,63.0,217.0,K01895,1017.2,1.9244016395928975e-189,1.9244016395928975e-189,1888.77,full,True,True,False,K14468,1,"M00376,M00613",33,0.002
K14470,0.005,0.002,,,,1000.0,0.0,,,,,,,,,,0.0,,,,,,"K01848,K01849,K09709,K14449,K14469,K14472",6,"M00376,M00613",1068,0.05
K14471,0.0,0.0,,,,1000.0,0.0,,,,,,,,,,0.0,,,,,,,0,"M00376,M00613",62,0.003
K14472,0.0,0.0,,,,1000.0,0.0,,,,,,,,,,0.0,,,,,,,0,"M00376,M00613",37,0.002
K14534,0.001,0.001,,,,1000.0,0.0,,,,,,,,,,0.0,,,,,,K15036,1,"M00374,M00375",621,0.029
K14578,0.001,0.001,105.0,NC_005042.1_893,105.0,5.4e-10,35.9,1.1e-09,35.0,4.0,77.0,51.0,124.0,K15982,106.2,6.847691044377801e-22,6.847691044377801e-22,131.6,domain,True,True,False,"K00152,K14579,K14580,K14581,K14582,K14583,K14585,K18242,K18243",9,"M00534,M00638",740,0.035
K14579,0.0,0.0,447.0,NC_005042.1_893,447.0,1.7e-07,27.1,2.6e-07,26.5,56.0,218.0,70.0,234.0,K15982,106.2,1.5363147340243668e-24,1.5363147340243668e-24,666.07,full,True,True,False,"K14580,K14582,K14583,K14585",4,M00534,30,0.001
K14580,0.0,0.0,,,,1000.0,0.0,,,,,,,,,,0.0,,,,,,"K14579,K14582,K14583,K14585",4,M00534,20,0.001
K14581,0.001,0.001,329.0,NC_005042.1_1446,329.0,5.7e-20,68.2,6.4e-20,68.0,8.0,91.0,15.0,97.0,K02639,182.0,5.530781397392925e-35,5.530781397392925e-35,387.93,full,True,True,False,"K00152,K14578,K14579,K14580,K14582,K14583,K14585,K18242,K18243",9,"M00534,M00638",657,0.031
K14582,0.0,0.0,260.0,NC_005042.1_448,260.0,5.4e-23,78.7,1.4e-21,74.1,5.0,257.0,17.0,257.0,K00059,366.5,2.309762084091568e-87,2.309762084091568e-87,433.2,full,True,True,False,"K14579,K14580,K14583,K14585",4,M00534,22,0.001
K14583,0.0,0.0,302.0,NC_005042.1_247,302.0,0.00086,15.2,0.0055,12.5,144.0,173.0,10.0,39.0,K08234,71.7,9.813075546247597e-18,9.813075546247597e-18,660.77,full,True,True,False,"K14579,K14580,K14582,K14585",4,M00534,16,0.001
K14584,0.038,0.038,,,,1000.0,0.0,,,,,,,,,,0.0,,,,,,"K00152,K14578,K14579,K14580,K14581,K14582,K14583,K14585",8,M00534,4972,0.232
K14585,0.0,0.0,330.0,NC_005042.1_1837,330.0,9.3e-25,84.3,1.2999999999999998e-24,83.9,30.0,153.0,24.0,147.0,K01714,350.3,8.433758354584312e-81,8.433758354584312e-81,405.87,full,True,True,False,"K14579,K14580,K14582,K14583",4,M00534,53,0.002
K14626,0.001,0.001,,,,1000.0,0.0,,,,,,,,,,0.0,,,,,,"K14627,K14628,K14630",3,M00779,599,0.028
K14627,0.0,0.0,,,,1000.0,0.0,,,,,,,,,,0.0,,,,,,,0,M00779,268,0.013
K14628,0.0,0.0,,,,1000.0,0.0,,,,,,,,,,0.0,,,,,,K14630,1,M00779,429,0.02
K14629,0.014,0.01,,,,1000.0,0.0,,,,,,,,,,0.0,,,,,,"K05556,K14626,K14627,K14628,K14630,K14631,K14632",7,M00779,2553,0.119
K14630,0.0,0.0,,,,1000.0,0.0,,,,,,,,,,0.0,,,,,,,0,M00779,205,0.01
K14631,0.002,0.002,169.0,NC_005042.1_960,169.0,1.8e-25,86.1,2.1e-25,85.8,19.0,149.0,12.0,144.0,K21185,98.5,0.0001809569326378368,0.0001809569326378368,194.83,full,True,True,False,"K05556,K14626,K14627,K14628,K14630",5,M00779,1098,0.051
K14632,0.063,0.063,122.0,NC_005042.1_1365,122.0,0.0026,14.4,0.0033,14.0,3.0,97.0,39.0,131.0,K20029,18.3,0.059706490947472934,0.059706490947472934,88.77,full,True,True,False,"K05556,K14626,K14627,K14628,K14630",5,M00779,1443,0.067
K14652,1.0,1.0,551.0,NC_005042.1_950,551.0,2.2000000000000002e-210,696.8,2.4e-210,696.7,80.0,492.0,10.0,434.0,K14652,696.8,1.0,1.0,358.5,full,False,False,False,"K00082,K00287,K00793,K00794,K01497,K01498,K01633,K02858,K11752,K11753,K13941,K20860,K20861,K20862,K20884,K21063,K21064,K22099,K22100,K22912",20,"M00125,M00840",16634,0.777
K14657,0.101,0.101,304.0,NC_005042.1_173,304.0,1.6e-16,57.4,2.2e-16,56.9,8.0,234.0,17.0,249.0,K21900,286.8,6.370551703715463e-70,6.370551703715463e-70,252.67,full,True,True,False,"K14658,K14659,K14666",3,M00664,8129,0.38
K14658,0.001,0.001,194.0,NC_005042.1_559,194.0,0.00041,16.8,0.00082,15.8,74.0,137.0,102.0,166.0,K22450,152.1,1.8648400456223016e-41,1.8648400456223016e-41,119.53,full,True,True,False,"K14659,K14666",2,M00664,581,0.027
K14659,0.001,0.001,,,,1000.0,0.0,,,,,,,,,,0.0,,,,,,"K14658,K14666",2,M00664,705,0.033
K14666,0.001,0.0,433.0,NC_005042.1_1843,433.0,8.5e-19,64.3,0.03,9.8,270.0,347.0,294.0,373.0,K19003,427.7,4.0336626681477636e-110,4.0336626681477636e-110,411.8,full,True,True,False,"K14658,K14659",2,M00664,472,0.022
K14674,0.0,0.0,,,,1000.0,0.0,,,,,,,,,,0.0,,,,,,,0,M00098,446,0.021
K14675,0.0,0.0,,,,1000.0,0.0,,,,,,,,,,0.0,,,,,,,0,M00098,4,0.0
K14677,0.0,0.0,,,,1000.0,0.0,,,,,,,,,,0.0,,,,,,,0,M00028,6,0.0
K14681,0.031,0.009,626.0,NC_005042.1_12,626.0,1.8000000000000002e-165,548.6,2.0000000000000003e-165,548.4,4.0,456.0,8.0,460.0,K01755,721.5,8.951869649626028e-53,8.951869649626028e-53,964.23,full,True,True,False,"K14682,K22477",2,"M00028,M00844",2393,0.112
K14682,0.404,0.053,632.0,NC_005042.1_494,632.0,1e-52,176.3,1.2e-52,176.1,135.0,430.0,25.0,302.0,K00930,440.5,2.9368052345147326e-80,2.9368052345147326e-80,235.97,full,True,True,False,"K00145,K00619,K00620,K00930,K01438,K14681,K22477",7,M00028,5913,0.276
K14727,0.126,0.07,654.0,NC_005042.1_1262,654.0,2.7e-13,46.0,2.1e-10,36.4,250.0,353.0,26.0,139.0,K05714,139.4,7.65238966353941e-29,7.65238966353941e-29,352.03,domain,True,True,False,"K01055,K01856,K03381,K03464",4,M00568,6756,0.316
K14759,0.0,0.0,1851.0,NC_005042.1_1063,1851.0,4.1e-88,293.0,5.7e-88,292.5,514.0,1095.0,5.0,558.0,K02551,428.9,1.2303355962624106e-41,1.2303355962624106e-41,1228.6,full,True,True,False,,0,M00932,27,0.001
K14760,0.0,0.0,670.0,NC_005042.1_395,670.0,5.7e-40,134.0,3.7e-14,48.7,121.0,285.0,82.0,250.0,K01897,452.6,1.235501797138942e-96,1.235501797138942e-96,383.97,domain,True,True,False,,0,M00932,7,0.0
K14941,0.19,0.009,286.0,NC_005042.1_1059,286.0,0.00043,16.3,0.00062,15.8,57.0,165.0,13.0,121.0,K04042,598.1,7.256856290179816e-176,7.256856290179816e-176,82.1,full,True,True,False,"K11212,K12234",2,M00378,2392,0.112
K14974,0.011,0.003,382.0,NC_005042.1_836,382.0,1.4e-07,27.2,3.5e-06,22.7,6.0,193.0,3.0,192.0,K10960,680.5,2.1732206983497608e-197,2.1732206983497608e-197,473.73,full,True,True,False,"K01799,K13995,K15357,K18028,K18029,K18030",6,M00622,1500,0.07
K15013,0.0,0.0,792.0,NC_005042.1_395,792.0,3.9e-74,246.9,1.1999999999999999e-70,235.3,134.0,631.0,62.0,573.0,K01897,452.6,1.1970985146091786e-62,1.1970985146091786e-62,638.0,full,True,True,False,,0,M00086,301,0.014
K15016,0.0,0.0,654.0,NC_005042.1_1062,654.0,4.1e-47,157.8,5.3e-47,157.4,397.0,652.0,24.0,286.0,K01661,443.2,1.219099736784836e-86,1.219099736784836e-86,443.0,domain,True,True,False,K15036,1,"M00374,M00375",445,0.021
K15017,0.0,0.0,356.0,NC_005042.1_1838,356.0,5.4e-19,65.2,4.5e-13,45.7,4.0,191.0,11.0,178.0,K00133,465.3,3.6132560193131493e-121,3.6132560193131493e-121,696.17,full,True,True,False,,0,"M00374,M00375",17,0.001
K15018,0.0,0.0,654.0,NC_005042.1_1050,654.0,1.2e-183,608.9,1.4e-183,608.7,21.0,643.0,34.0,658.0,K01895,1017.2,1.2287195558383024e-123,1.2287195558383024e-123,1311.6,full,True,True,False,,0,M00375,2,0.0
K15019,0.004,0.003,261.0,NC_005042.1_1062,261.0,2.2e-55,184.7,2.8999999999999996e-55,184.3,10.0,259.0,32.0,286.0,K01661,443.2,1.5266733371943295e-78,1.5266733371943295e-78,339.57,domain,True,True,False,"K01849,K01964",2,M00375,1441,0.067
K15020,0.0,0.0,336.0,NC_005042.1_146,336.0,9e-06,21.6,1.4e-05,21.0,147.0,211.0,49.0,116.0,K01738,505.4,2.2997895580042703e-146,2.2997895580042703e-146,345.0,domain,True,True,False,,0,M00375,163,0.008
K15022,0.01,0.009,609.0,NC_005042.1_1256,609.0,5.7e-20,68.0,0.018,10.2,162.0,199.0,7.0,47.0,K00384,472.1,2.2582850120707017e-122,2.2582850120707017e-122,642.27,domain,True,True,False,"K00194,K00197,K00198,K01500,K05299,K14138,K15023,K15024,K25008,K25123,K25124",11,"M00377,M00618",2410,0.113
K15023,0.002,0.001,266.0,NC_005042.1_966,266.0,6.400000000000001e-59,196.2,1.5e-58,195.0,2.0,233.0,343.0,581.0,K00548,1169.8,8.264112517352213e-294,8.264112517352213e-294,268.37,domain,True,True,False,"K00194,K00197,K00198,K14138,K25007,K25008,K25123,K25124",8,"M00377,M00618",905,0.042
K15024,0.009,0.007,,,,1000.0,0.0,,,,,,,,,,0.0,,,,,,"K00194,K00197,K00198,K01500,K14138,K15022,K15023,K22015,K25008,K25123,K25124",11,"M00579,M00618",2172,0.101
K15036,0.0,0.0,523.0,NC_005042.1_863,523.0,1.9e-11,40.1,2.5e-11,39.7,40.0,196.0,60.0,229.0,K01963,464.2,2.1536684151370485e-128,2.1536684151370485e-128,1079.7,full,True,True,False,,0,"M00375,M00741",4,0.0
K15037,0.0,0.0,169.0,NC_005042.1_27,169.0,2.8e-10,37.2,3.9e-10,36.7,114.0,169.0,114.0,169.0,K02160,169.5,1.4918720364978497e-40,1.4918720364978497e-40,133.0,domain,True,True,False,,0,"M00375,M00741",157,0.007
K15038,0.0,0.0,472.0,NC_005042.1_372,472.0,1.2e-47,159.3,1.6e-47,159.0,50.0,453.0,24.0,415.0,K25072,531.4,9.699260271890105e-113,9.699260271890105e-113,694.93,domain,True,True,False,,0,"M00374,M00375",2,0.0
K15039,1.0,1.0,318.0,NC_005042.1_881,318.0,0.0014,14.6,0.002,14.0,252.0,302.0,80.0,130.0,K15039,14.6,1.0,1.0,609.13,full,False,True,False,,0,M00375,0,0.0
K15052,0.0,0.0,535.0,NC_005042.1_529,535.0,0.00021,16.8,0.00025,16.5,89.0,204.0,97.0,217.0,K01962,523.2,3.6175137935869334e-153,3.6175137935869334e-153,1029.73,full,True,True,False,,0,"M00376,M00613",38,0.002
K15227,0.0,0.0,495.0,NC_005042.1_102,495.0,0.0029,13.3,0.0044,12.7,117.0,153.0,11.0,47.0,K03499,151.6,2.331050057027897e-42,2.331050057027897e-42,272.5,full,True,True,False,K01850,1,M00040,28,0.001
K15230,0.0,0.0,609.0,NC_005042.1_188,609.0,5.7e-08,28.1,6.4e-06,21.3,391.0,526.0,164.0,299.0,K01647,411.3,4.418799700538329e-116,4.418799700538329e-116,907.6,full,True,True,False,"K08940,K08941,K08943,K15231",4,"M00173,M00614",28,0.001
K15231,0.0,0.0,,,,1000.0,0.0,,,,,,,,,,0.0,,,,,,"K08940,K08941,K08943,K15230",4,"M00173,M00614",31,0.001
K15314,0.004,0.003,1968.0,NC_005042.1_162,1968.0,1.4e-53,178.4,1.6999999999999998e-53,178.2,584.0,853.0,3.0,286.0,K00645,306.1,3.618008257333351e-39,3.618008257333351e-39,1076.83,domain,True,True,False,"K21160,K21161,K21163,K21165,K21166,K21167",6,M00824,1458,0.068
K15320,0.0,0.0,1741.0,NC_005042.1_1793,1741.0,5.5e-38,126.8,6.500000000000001e-38,126.5,163.0,391.0,150.0,380.0,K09458,589.4,5.540181667204569e-140,5.540181667204569e-140,2183.77,domain,True,True,False,"K21191,K21192",2,M00829,411,0.019
K15357,0.01,0.002,273.0,NC_005042.1_1118,273.0,1.1e-10,37.5,3.3e-10,36.0,28.0,256.0,53.0,282.0,K22318,79.9,1.6984048889129877e-13,1.6984048889129877e-13,222.33,full,True,True,False,"K01799,K13995,K14974,K18028,K18029,K18030",6,M00622,1150,0.054
K15359,0.001,0.001,,,,1000.0,0.0,,,,,,,,,,0.0,,,,,,,0,M00811,878,0.041
K15376,0.0,0.0,950.0,NC_005042.1_291,950.0,4.3e-05,18.6,6e-05,18.1,605.0,684.0,6.0,78.0,K03742,482.8,1.8275783842487173e-140,1.8275783842487173e-140,398.77,full,True,True,False,,0,M00880,21,0.001
K15408,0.005,0.005,1073.0,NC_005042.1_438,1073.0,3e-212,704.5,3.5000000000000003e-212,704.3,226.0,741.0,17.0,531.0,K02274,794.3,9.279111415284972e-28,9.279111415284972e-28,906.77,full,True,True,False,,0,M00155,1742,0.081
K15576,0.052,0.03,,,,1000.0,0.0,,,,,,,,,,0.0,,,,,,"K00361,K00366,K00367,K00372,K02575,K10534,K15577,K15578,K15579,K26138,K26139",11,M00615,4445,0.208
K15577,0.036,0.018,448.0,NC_005042.1_674,448.0,0.0002,17.3,0.00094,15.1,223.0,349.0,70.0,227.0,K09970,348.5,1.9900566346423307e-100,1.9900566346423307e-100,284.53,full,True,True,False,"K00361,K00366,K00372,K10534,K15576,K15578,K15579,K26138,K26139",9,M00615,3451,0.161
K15578,0.034,0.015,280.0,NC_005042.1_221,280.0,1.2999999999999998e-69,231.4,8e-38,127.1,21.0,219.0,295.0,505.0,K02031,644.3,5.062831687010387e-125,5.062831687010387e-125,400.9,full,True,True,False,"K00361,K00366,K00372,K10534,K15576,K15577,K15579,K26138,K26139",9,M00615,3099,0.145
K15579,0.0,0.0,269.0,NC_005042.1_221,269.0,1.2999999999999998e-69,231.1,9e-31,103.8,7.0,222.0,5.0,233.0,K02031,644.3,4.112297170122444e-125,4.112297170122444e-125,412.67,domain,True,True,False,,0,M00615,415,0.019
K15633,1.0,1.0,648.0,NC_005042.1_1613,648.0,1.3000000000000002e-218,724.3,1.4e-218,724.1,85.0,587.0,9.0,521.0,K15633,724.3,1.0,1.0,79.17,full,False,False,False,"K00134,K00150,K00844,K00845,K00850,K00873,K00918,K00927,K01086,K01610,K01622,K01623,K01624,K01689,K01803,K01810,K02446,K03841,K04041,K06859,K11389,K11532,K11645,K12406,K15634,K15635,K16305,K16306,K16370,K21071,K25026",31,"M00001,M00002,M00003",11803,0.552
K15634,0.544,0.27,334.0,NC_005042.1_510,334.0,2.8e-81,270.4,1.8e-38,129.6,60.0,257.0,3.0,220.0,K22200,308.1,4.478877284197891e-12,4.478877284197891e-12,199.0,domain,True,True,False,"K00134,K00150,K00844,K00845,K00850,K00873,K00886,K00918,K00927,K01086,K01596,K01610,K01623,K01624,K01689,K01803,K01810,K01834,K02446,K03841,K04041,K06859,K08074,K11532,K11645,K12406,K13810,K15633,K15635,K15916,K16305,K16306,K16370,K21071,K25026",35,"M00001,M00002,M00003",13283,0.621
K15635,0.017,0.011,472.0,NC_005042.1_1613,472.0,1.1e-09,34.3,1.4e-07,27.3,307.0,390.0,380.0,470.0,K15633,724.3,1.9467177638863954e-208,1.9467177638863954e-208,113.4,full,True,True,False,"K00844,K01086,K01622,K08074,K11389",5,"M00001,M00002,M00003",2626,0.123
K15736,1.0,1.0,874.0,NC_005042.1_1332,874.0,3.4e-108,359.7,4.2e-108,359.4,151.0,546.0,5.0,406.0,K15736,359.7,1.0,1.0,576.33,full,False,True,False,"K00137,K00468,K01506,K01582,K01692,K01782,K01825,K07250,K09251,K14268,K15737",11,"M00956,M00957",3720,0.174
K15737,0.001,0.001,,,,1000.0,0.0,,,,,,,,,,0.0,,,,,,,0,"M00956,M00957,M00960",783,0.037
K15739,0.0,0.0,346.0,NC_005042.1_1392,346.0,1.2e-72,241.5,1.7e-72,241.1,5.0,340.0,7.0,351.0,K01921,363.6,1.7548400170917176e-37,1.7548400170917176e-37,548.5,full,True,True,False,K18347,1,M00651,340,0.016
K15744,1.0,1.0,341.0,NC_005042.1_174,341.0,2.6e-116,385.4,3.3e-116,385.1,108.0,335.0,7.0,231.0,K15744,385.4,1.0,1.0,271.73,full,False,False,False,"K00514,K02293,K09835",3,M00097,549,0.026
K15745,0.0,0.0,552.0,NC_005042.1_579,552.0,1.7e-38,129.3,1.2e-13,47.2,8.0,68.0,10.0,70.0,K09835,847.2,7.772596323420435e-217,7.772596323420435e-217,572.9,full,True,True,False,,0,M00097,9,0.0
K15750,0.0,0.0,,,,1000.0,0.0,,,,,,,,,,0.0,,,,,,"K08689,K18087,K18088",3,M00543,109,0.005
K15751,0.0,0.0,385.0,NC_005042.1_893,385.0,1.9e-12,43.4,2.9e-12,42.8,33.0,211.0,52.0,248.0,K15982,106.2,1.239564485875183e-19,1.239564485875183e-19,436.07,full,True,True,False,"K15755,K15756",2,M00544,187,0.009
K15752,0.0,0.0,103.0,NC_005042.1_893,103.0,3.3e-07,27.1,6e-07,26.3,3.0,72.0,52.0,121.0,K15982,106.2,1.5363147340243668e-24,1.5363147340243668e-24,151.33,full,True,True,False,,0,M00544,63,0.003
K15753,0.0,0.0,329.0,NC_005042.1_1446,329.0,0.00083,15.3,0.00088,15.2,20.0,86.0,27.0,90.0,K02639,182.0,6.581118682030953e-51,6.581118682030953e-51,,,True,True,False,,0,M00544,0,0.0
K15754,0.0,0.0,,,,1000.0,0.0,,,,,,,,,,0.0,,,,,,"K15755,K15756",2,M00544,267,0.012
K15755,0.0,0.0,,,,1000.0,0.0,,,,,,,,,,0.0,,,,,,"K15754,K15756",2,M00544,140,0.007
K15756,0.0,0.0,277.0,NC_005042.1_1262,277.0,7.7e-20,68.0,0.044,9.8,217.0,275.0,257.0,315.0,K05714,139.4,3.209644857534195e-22,3.209644857534195e-22,374.9,full,True,True,False,K15755,1,M00544,56,0.003
K15757,0.0,0.0,,,,1000.0,0.0,,,,,,,,,,0.0,,,,,,,0,M00537,25,0.001
K15758,0.0,0.0,346.0,NC_005042.1_1446,346.0,1.8e-16,56.7,2.1e-16,56.5,16.0,99.0,13.0,94.0,K02639,182.0,1.9095962067172452e-38,1.9095962067172452e-38,504.5,full,True,True,False,K15757,1,M00537,147,0.007
K15760,0.0,0.0,,,,1000.0,0.0,,,,,,,,,,0.0,,,,,,"K15761,K15763,K15764,K15765",4,M00538,175,0.008
K15761,0.0,0.0,,,,1000.0,0.0,,,,,,,,,,0.0,,,,,,"K15760,K15763,K15764,K15765",4,M00538,167,0.008
K15762,0.002,0.002,159.0,NC_005042.1_893,159.0,1.5e-08,31.7,1.2e-07,28.7,3.0,82.0,52.0,130.0,K15982,106.2,3.725788309975566e-23,3.725788309975566e-23,100.27,domain,True,True,False,"K15760,K15761,K15763,K15764,K15765",5,M00538,1036,0.048
K15763,0.0,0.0,,,,1000.0,0.0,,,,,,,,,,0.0,,,,,,"K15760,K15761,K15764,K15765",4,M00538,178,0.008
K15764,0.0,0.0,,,,1000.0,0.0,,,,,,,,,,0.0,,,,,,"K15760,K15761,K15763,K15765",4,M00538,182,0.009
K15765,0.0,0.0,340.0,NC_005042.1_1133,340.0,1.6e-17,60.4,2.1e-17,60.0,171.0,324.0,174.0,336.0,K02641,506.6,4.790887079605118e-135,4.790887079605118e-135,323.53,full,True,True,False,"K15760,K15761,K15763,K15764",4,M00538,190,0.009
K15778,0.56,0.074,978.0,NC_005042.1_274,978.0,9.6e-72,239.1,1.1e-71,238.9,504.0,943.0,19.0,454.0,K03431,520.6,1.819936439030537e-85,1.819936439030537e-85,445.7,domain,True,True,False,"K00688,K00705,K00845,K00963,K01835,K12447,K22451",7,"M00549,M00855",6965,0.325
K15779,0.266,0.07,1062.0,NC_005042.1_274,1062.0,1.7e-21,72.8,17.0,-0.1,660.0,683.0,419.0,442.0,K03431,520.6,1.580403350289628e-135,1.580403350289628e-135,979.7,full,True,True,False,"K00688,K00705,K00844,K00963,K01196,K01200,K12447,K16153,K25026",9,"M00549,M00855",6774,0.317
K15783,0.012,0.009,392.0,NC_005042.1_470,392.0,1.0999999999999998e-24,83.8,2.7999999999999998e-24,82.4,159.0,367.0,31.0,242.0,K01265,323.6,6.501402288268147e-73,6.501402288268147e-73,387.4,full,True,True,False,"K15784,K15785,K15786",3,M00919,2386,0.111
K15784,0.009,0.006,476.0,NC_005042.1_1308,476.0,1.4e-05,20.4,1.9e-05,20.0,393.0,466.0,226.0,299.0,K03298,119.4,1.075803853663582e-30,1.075803853663582e-30,419.13,full,True,True,False,"K15783,K15785,K15786",3,M00919,1932,0.09
K15785,0.008,0.004,508.0,NC_005042.1_1652,508.0,2.4e-62,207.8,2.9e-62,207.6,31.0,453.0,30.0,432.0,K00833,507.9,4.5803461616605194e-91,4.5803461616605194e-91,623.17,full,True,True,False,"K15783,K15784,K15786",3,M00919,1612,0.075
K15786,0.007,0.003,494.0,NC_005042.1_372,494.0,4.1e-50,167.6,5.3e-50,167.3,80.0,488.0,22.0,428.0,K25072,531.4,3.0569446649127344e-110,3.0569446649127344e-110,741.63,domain,True,True,False,"K15783,K15784,K15785",3,M00919,1366,0.064
K15842,0.0,0.0,,,,1000.0,0.0,,,,,,,,,,0.0,,,,,,"K12086,K12087,K12088,K12089,K12090,K12091,K12092,K12093,K12094,K12095,K12096,K12098,K12099,K12100,K12101,K12102,K12103,K12104,K12105,K12106,K12107,K12108,K12109,K12110",24,M00564,25,0.001
K15849,0.0,0.0,592.0,NC_005042.1_1027,592.0,1.2000000000000002e-124,413.7,1.3000000000000002e-124,413.6,143.0,543.0,4.0,391.0,K00812,482.6,1.815654869522068e-21,1.815654869522068e-21,614.13,full,True,True,False,,0,M00040,23,0.001
K15862,0.006,0.006,925.0,NC_005042.1_438,925.0,2.6e-12,42.2,2.6e-12,42.2,315.0,519.0,252.0,452.0,K02274,794.3,3.938585349607745e-227,3.938585349607745e-227,1001.3,full,True,True,False,,0,M00156,1910,0.089
K15864,0.002,0.001,546.0,NC_005042.1_1153,546.0,1.2e-06,24.1,1.3e-06,24.1,42.0,109.0,56.0,118.0,K13300,56.9,8.640014467891974e-11,8.640014467891974e-11,432.3,full,True,True,False,K02305,1,"M00529,M00973",653,0.031
K15866,0.216,0.154,419.0,NC_005042.1_1062,419.0,2.9e-54,181.6,3.5e-54,181.3,107.0,357.0,33.0,286.0,K01661,443.2,1.780545738627403e-79,1.780545738627403e-79,287.37,domain,True,True,False,"K00074,K01692,K01912,K02609,K02610,K02611,K02612,K02613,K02615,K02618",10,M00878,10050,0.47
K15876,0.005,0.002,,,,1000.0,0.0,,,,,,,,,,0.0,,,,,,K03385,1,M00530,1262,0.059
K15884,0.0,0.0,,,,1000.0,0.0,,,,,,,,,,0.0,,,,,,,0,M00778,116,0.005
K15885,0.001,0.0,,,,1000.0,0.0,,,,,,,,,,0.0,,,,,,"K05551,K05552,K05553,K12420",4,M00778,518,0.024
K15886,0.0,0.0,,,,1000.0,0.0,,,,,,,,,,0.0,,,,,,K15968,1,"M00778,M00783",58,0.003
K15894,0.016,0.016,351.0,NC_005042.1_679,351.0,2.4e-72,240.5,3.3e-72,240.0,13.0,282.0,279.0,575.0,K24300,721.3,1.839831646403426e-145,1.839831646403426e-145,307.97,full,True,True,False,,0,M00923,3197,0.149
K15907,0.0,0.0,,,,1000.0,0.0,,,,,,,,,,0.0,,,,,,"K17476,K17747,K18056,K18057",4,M00819,165,0.008
K15916,0.027,0.006,383.0,NC_005042.1_1790,383.0,4.8e-08,29.2,2.5e-07,26.8,57.0,276.0,308.0,543.0,K00820,699.1,2.187791369116169e-202,2.187791369116169e-202,172.93,full,True,True,False,"K00886,K12406,K13810",3,"M00001,M00004",2017,0.094
K15941,0.01,0.01,,,,1000.0,0.0,,,,,,,,,,0.0,,,,,,"K15942,K15943,K15944",3,M00781,2511,0.117
K15942,0.0,0.0,286.0,NC_005042.1_424,286.0,9.7e-18,61.0,1.3e-17,60.6,10.0,148.0,9.0,151.0,K23095,318.2,3.759110700178907e-78,3.759110700178907e-78,365.07,full,True,True,False,K15944,1,M00781,529,0.025
K15943,0.0,0.0,,,,1000.0,0.0,,,,,,,,,,0.0,,,,,,,0,M00781,346,0.016
K15944,0.0,0.0,254.0,NC_005042.1_448,254.0,1.1999999999999999e-35,119.7,1.7999999999999998e-35,119.0,11.0,252.0,19.0,256.0,K00059,366.5,5.079220537709713e-75,5.079220537709713e-75,374.5,domain,True,True,False,,0,M00781,352,0.016
K15968,0.0,0.0,,,,1000.0,0.0,,,,,,,,,,0.0,,,,,,"K15886,K15972",2,M00783,73,0.003
K15969,0.0,0.0,,,,1000.0,0.0,,,,,,,,,,0.0,,,,,,K15886,1,M00783,567,0.026
K15970,0.0,0.0,,,,1000.0,0.0,,,,,,,,,,0.0,,,,,,,0,M00783,318,0.015
K15971,0.016,0.016,,,,1000.0,0.0,,,,,,,,,,0.0,,,,,,"K15886,K15968,K15969,K15970,K15972",5,M00783,3252,0.152
K15972,0.0,0.0,529.0,NC_005042.1_1744,529.0,1.3e-05,21.1,1.8e-05,20.6,4.0,37.0,4.0,37.0,K11450,51.6,6.341437633495611e-10,6.341437633495611e-10,630.5,full,True,True,False,,0,M00783,19,0.001
K15997,0.0,0.0,,,,1000.0,0.0,,,,,,,,,,0.0,,,,,,K14367,1,M00774,13,0.001
K16041,0.0,0.0,,,,1000.0,0.0,,,,,,,,,,0.0,,,,,,"K12784,K12785,K12786,K12787,K12788,K16042",6,M00542,13,0.001
K16042,0.0,0.0,,,,1000.0,0.0,,,,,,,,,,0.0,,,,,,"K12784,K12785,K12786,K12787,K12788,K16041",6,M00542,39,0.002
K16054,0.0,0.0,,,,1000.0,0.0,,,,,,,,,,0.0,,,,,,,0,M00034,2,0.0
K16066,1.0,1.0,421.0,NC_005042.1_530,421.0,5.3000000000000003e-45,150.9,5.9e-45,150.8,137.0,374.0,3.0,232.0,K16066,150.9,0.9999413951699462,0.9999413951699462,378.83,domain,False,True,False,"K09018,K09019,K09020,K09021,K09023,K09024",6,M00939,14015,0.655
K16149,1.0,1.0,746.0,NC_005042.1_1145,746.0,1.5000000000000002e-158,525.9,1.7000000000000002e-158,525.8,59.0,539.0,1.0,483.0,K16149,525.9,1.0,1.0,237.57,full,False,False,False,K16153,1,"M00565,M00854",1844,0.086
K16150,0.559,0.211,555.0,NC_005042.1_1851,555.0,1.7000000000000002e-58,195.8,2e-58,195.5,108.0,449.0,1.0,377.0,K06119,414.0,2.066561429247046e-66,2.066561429247046e-66,297.2,domain,True,True,False,"K00693,K00700,K00703,K00750,K00963,K00975,K13679,K16149,K16153",9,M00854,11757,0.549
K16153,0.34,0.027,1418.0,NC_005042.1_1783,1418.0,3.3e-28,94.5,0.033,8.3,690.0,734.0,137.0,180.0,K00688,1128.5,5.43230922487e-312,5.43230922487e-312,1768.57,full,True,True,False,"K00693,K00700,K00705,K01196,K01200,K16149,K16150,K22451",8,"M00854,M00855",4202,0.196
K16157,0.0,0.0,,,,1000.0,0.0,,,,,,,,,,0.0,,,,,,"K16158,K16159,K16160,K16162",4,M00174,23,0.001
K16158,0.0,0.0,,,,1000.0,0.0,,,,,,,,,,0.0,,,,,,"K16157,K16159,K16160,K16162",4,M00174,34,0.002
K16159,0.0,0.0,,,,1000.0,0.0,,,,,,,,,,0.0,,,,,,"K16157,K16158,K16160,K16162",4,M00174,34,0.002
K16160,0.0,0.0,,,,1000.0,0.0,,,,,,,,,,0.0,,,,,,"K16157,K16158,K16159,K16162",4,M00174,30,0.001
K16161,0.0,0.0,347.0,NC_005042.1_1446,347.0,1.1e-16,57.4,1.2e-16,57.2,3.0,93.0,2.0,91.0,K02639,182.0,3.102148189957706e-38,3.102148189957706e-38,543.43,full,True,True,False,"K16157,K16158,K16159,K16160,K16162",5,M00174,220,0.01
K16162,0.0,0.0,,,,1000.0,0.0,,,,,,,,,,0.0,,,,,,"K16157,K16158,K16159,K16160",4,M00174,25,0.001
K16171,0.138,0.031,,,,1000.0,0.0,,,,,,,,,,0.0,,,,,,"K00451,K00457,K00815,K00832,K01800,K03334",6,M00044,4536,0.212
K16176,0.0,0.0,,,,1000.0,0.0,,,,,,,,,,0.0,,,,,,"K00584,K16178",2,"M00563,M00617",32,0.001
K16177,0.0,0.0,216.0,NC_005042.1_966,216.0,1.7000000000000003e-28,96.3,2.7000000000000003e-28,95.7,8.0,193.0,646.0,826.0,K00548,1169.8,5e-324,5e-324,332.47,full,True,True,False,,0,"M00563,M00617",25,0.001
K16178,0.0,0.0,,,,1000.0,0.0,,,,,,,,,,0.0,,,,,,,0,"M00563,M00617",16,0.001
K16179,0.004,0.003,217.0,NC_005042.1_966,217.0,3.8e-42,140.9,7.999999999999999e-42,139.8,9.0,192.0,646.0,827.0,K00548,1169.8,1.86310555760275e-310,1.86310555760275e-310,275.93,full,True,True,False,"K00125,K00194,K00197,K00203,K00204,K00205,K00584,K03388,K04480,K11261,K14080,K14081,K14082,K14083,K14084,K14126,K14127,K14128,K16176,K16178,K22480",21,"M00563,M00617",1468,0.069
K16242,0.008,0.001,,,,1000.0,0.0,,,,,,,,,,0.0,,,,,,"K16243,K16244,K16245,K16246,K16249",5,M00548,670,0.031
K16243,0.008,0.0,,,,1000.0,0.0,,,,,,,,,,0.0,,,,,,"K16242,K16244,K16245,K16246,K16249",5,M00548,525,0.025
K16244,0.035,0.034,89.0,NC_005042.1_1633,89.0,0.0013,16.0,0.0023,15.2,13.0,84.0,90.0,161.0,K02121,20.8,0.03368258677802388,0.03368258677802388,80.0,full,True,True,False,"K16242,K16243,K16245,K16246,K16249",5,M00548,516,0.024
K16245,0.008,0.0,,,,1000.0,0.0,,,,,,,,,,0.0,,,,,,"K16242,K16243,K16244,K16246,K16249",5,M00548,511,0.024
K16246,0.01,0.003,352.0,NC_005042.1_1133,352.0,3.5e-24,82.0,4.5999999999999995e-24,81.6,119.0,319.0,102.0,337.0,K02641,506.6,1.5228735407706468e-128,1.5228735407706468e-128,401.53,full,True,True,False,"K16242,K16243,K16244,K16245,K16249",5,M00548,1403,0.066
K16249,0.008,0.0,,,,1000.0,0.0,,,,,,,,,,0.0,,,,,,"K16242,K16243,K16244,K16245,K16246",5,M00548,490,0.023
K16268,0.0,0.0,,,,1000.0,0.0,,,,,,,,,,0.0,,,,,,"K03268,K16269,K18089,K18090",4,M00547,9,0.0
K16269,0.0,0.0,275.0,NC_005042.1_448,275.0,4.4e-20,68.7,7.8e-19,64.6,3.0,257.0,15.0,256.0,K00059,366.5,2.2556270352456942e-90,2.2556270352456942e-90,598.7,full,True,True,False,"K03268,K16268,K18089,K18090",4,M00547,10,0.0
K16303,0.001,0.001,,,,1000.0,0.0,,,,,,,,,,0.0,,,,,,"K10619,K10620,K10623,K16304,K18227",5,M00539,639,0.03
K16304,0.0,0.0,110.0,NC_005042.1_893,110.0,6.6e-06,23.1,1.4e-05,22.1,6.0,74.0,53.0,120.0,K15982,106.2,9.60196708765222e-26,9.60196708765222e-26,126.63,full,True,True,False,"K10620,K10623,K18227",3,M00539,123,0.006
K16305,0.0,0.0,,,,1000.0,0.0,,,,,,,,,,0.0,,,,,,,0,M00001,85,0.004
K16306,0.002,0.002,,,,1000.0,0.0,,,,,,,,,,0.0,,,,,,K11389,1,M00001,1230,0.057
K16319,0.002,0.001,416.0,NC_005042.1_893,416.0,6.2e-11,38.5,1.1e-10,37.7,44.0,285.0,52.0,285.0,K15982,106.2,4.151663503323337e-21,4.151663503323337e-21,524.6,full,True,True,False,"K16320,K18248,K18249",3,M00637,609,0.028
K16320,0.005,0.005,,,,1000.0,0.0,,,,,,,,,,0.0,,,,,,"K16319,K18248,K18249",3,M00637,1769,0.083
K16363,0.005,0.005,465.0,NC_005042.1_1428,465.0,5.400000000000001e-59,196.9,5.8e-59,196.8,316.0,462.0,5.0,151.0,K02372,228.3,3.5290526365289804e-10,3.5290526365289804e-10,409.33,full,True,True,False,,0,"M00083,M00866",1818,0.085
K16369,0.0,0.0,,,,1000.0,0.0,,,,,,,,,,0.0,,,,,,,0,M00091,15,0.001
K16370,0.011,0.008,328.0,NC_005042.1_1335,328.0,9.8e-16,54.3,1.4e-15,53.8,49.0,310.0,227.0,494.0,K21344,238.2,4.371030102356494e-56,4.371030102356494e-56,317.7,full,True,True,False,"K06859,K11645",2,"M00001,M00345",2280,0.107
K16431,0.013,0.013,496.0,NC_005042.1_515,496.0,8.6e-13,44.8,0.0023,13.6,7.0,39.0,3.0,35.0,K21401,144.9,7.360332503047952e-31,7.360332503047952e-31,686.8,full,True,True,False,K21181,1,M00827,2909,0.136
K16435,0.275,0.275,642.0,NC_005042.1_1164,642.0,0.005,12.1,0.013,10.7,14.0,126.0,222.0,355.0,K05374,13.5,0.2747995746759953,0.2747995746759953,223.47,full,True,True,False,"K13316,K13318,K13322,K13327,K13328,K13329,K13330,K16436,K16438,K19857",10,"M00798,M00799,M00800,M00802",605,0.028
K16436,0.061,0.001,369.0,NC_005042.1_319,369.0,4.7e-126,417.5,1.4000000000000002e-124,412.7,8.0,366.0,8.0,393.0,K13017,479.9,1.643343194282951e-19,1.643343194282951e-19,533.83,full,True,True,False,"K13322,K16435,K16438",3,"M00797,M00800",687,0.032
K16438,0.054,0.0,,,,1000.0,0.0,,,,,,,,,,0.0,,,,,,"K13318,K13322,K13326,K16435,K19857",5,"M00798,M00799,M00800",449,0.021
K16593,0.017,0.017,,,,1000.0,0.0,,,,,,,,,,0.0,,,,,,,0,M00573,3317,0.155
K16649,0.024,0.02,405.0,NC_005042.1_828,405.0,1.1e-14,50.8,6.2e-14,48.4,58.0,296.0,3.0,235.0,K23685,98.1,5.0153656895936105e-15,5.0153656895936105e-15,150.87,full,True,True,False,K16650,1,M00888,3587,0.168
K16650,0.015,0.007,696.0,NC_005042.1_828,696.0,0.00011,17.5,0.0054,12.0,187.0,229.0,3.0,46.0,K23685,98.1,4.742460790992793e-25,4.742460790992793e-25,221.9,full,True,True,False,K16649,1,M00888,2159,0.101
K16792,0.0,0.0,417.0,NC_005042.1_290,417.0,1.1e-89,297.5,4e-40,134.3,278.0,415.0,327.0,464.0,K01702,609.5,1.19850914677288e-94,1.19850914677288e-94,614.3,full,True,True,False,"K01655,K05824,K16793",3,"M00433,M00608",351,0.016
K16793,0.002,0.002,163.0,NC_005042.1_289,163.0,4.6e-31,104.3,6.6e-31,103.8,9.0,147.0,20.0,173.0,K01704,197.1,1.1598889269105491e-28,1.1598889269105491e-28,229.23,full,True,True,False,"K01655,K05824,K16792",3,"M00433,M00608",1140,0.053
K16816,0.0,0.0,,,,1000.0,0.0,,,,,,,,,,0.0,,,,,,,0,M00098,1,0.0
K16838,0.0,0.0,,,,1000.0,0.0,,,,,,,,,,0.0,,,,,,,0,M00546,210,0.01
K16839,0.132,0.048,385.0,NC_005042.1_836,385.0,9.1e-12,41.3,5.6e-11,38.7,2.0,298.0,3.0,296.0,K10960,680.5,3.816161726834091e-193,3.816161726834091e-193,297.5,full,True,True,False,"K00087,K00106,K00365,K01466,K01477,K07127,K11177,K11178,K13479,K13481,K13482,K13483,K13484,K13485,K16840,K16842,K22879",17,M00546,5585,0.261
K16840,0.138,0.012,,,,1000.0,0.0,,,,,,,,,,0.0,,,,,,"K00365,K01466,K01477,K07127,K11177,K11178,K13479,K13483,K13484,K16839",10,M00546,2752,0.129
K16842,0.132,0.073,,,,1000.0,0.0,,,,,,,,,,0.0,,,,,,"K00087,K00106,K00365,K01466,K01477,K07127,K11177,K11178,K13479,K13481,K13482,K13483,K13485,K16839,K16840,K22879",16,M00546,6911,0.323
K16849,0.004,0.002,,,,1000.0,0.0,,,,,,,,,,0.0,,,,,,K16850,1,M00631,1181,0.055
K16850,0.004,0.003,,,,1000.0,0.0,,,,,,,,,,0.0,,,,,,K16849,1,M00631,1282,0.06
K16869,0.012,0.012,322.0,NC_005042.1_535,322.0,7.1e-07,25.6,9.2e-07,25.2,124.0,221.0,45.0,145.0,K23734,129.4,5.663520150912352e-32,5.663520150912352e-32,118.57,full,True,True,False,,0,M00883,2771,0.129
K16870,0.451,0.303,383.0,NC_005042.1_828,383.0,4.600000000000001e-28,95.1,2.6e-27,92.6,64.0,319.0,3.0,251.0,K23685,98.1,0.10862540595499205,0.10862540595499205,142.5,domain,True,True,False,"K02851,K16649,K16650",3,M00888,11938,0.558
K16871,0.004,0.004,516.0,NC_005042.1_1387,516.0,1e-67,225.5,1.3e-66,221.8,56.0,479.0,31.0,418.0,K00821,531.9,5.813120540546362e-93,5.813120540546362e-93,593.9,full,True,True,False,"K00139,K17761",2,M00027,1531,0.072
K16883,0.0,0.0,,,,1000.0,0.0,,,,,,,,,,0.0,,,,,,,0,M00576,46,0.002
K16884,0.0,0.0,,,,1000.0,0.0,,,,,,,,,,0.0,,,,,,,0,M00576,2,0.0
K17069,1.0,1.0,594.0,NC_005042.1_804,594.0,2.3e-220,730.1,2.5e-220,730.0,17.0,440.0,3.0,440.0,K17069,730.1,0.9999999999665761,0.9999999999665761,771.4,full,False,True,False,,0,M00021,635,0.03
K17103,0.553,0.262,369.0,NC_005042.1_878,369.0,8.2e-12,41.9,2.8e-11,40.1,113.0,180.0,11.0,78.0,K08744,112.0,7.90309684407995e-22,7.90309684407995e-22,130.2,full,True,True,False,"K00981,K00998,K01613",3,M00093,13101,0.612
K17216,0.007,0.003,307.0,NC_005042.1_146,307.0,5.4e-93,308.2,6.2e-93,308.0,4.0,304.0,4.0,309.0,K01738,505.4,4.333959564433955e-60,4.333959564433955e-60,454.53,domain,True,True,False,K17217,1,M00609,1438,0.067
K17217,0.017,0.011,379.0,NC_005042.1_401,379.0,1.9e-125,415.3,2.3000000000000002e-125,415.0,4.0,378.0,15.0,387.0,K01758,500.8,1.8278281887571188e-26,1.8278281887571188e-26,599.27,full,True,True,False,"K17216,K17462",2,M00609,2684,0.125
K17222,0.009,0.003,,,,1000.0,0.0,,,,,,,,,,0.0,,,,,,"K17223,K17224,K17225,K17226,K17227,K22622",6,M00595,1327,0.062
K17223,0.021,0.016,215.0,NC_005042.1_1153,215.0,7e-10,35.8,7.5e-10,35.7,34.0,163.0,27.0,129.0,K13300,56.9,2.874520558017655e-07,2.874520558017655e-07,77.3,domain,True,True,False,"K17222,K17224,K17225,K17226,K17227,K22622",6,M00595,3189,0.149
K17224,0.01,0.004,,,,1000.0,0.0,,,,,,,,,,0.0,,,,,,"K17222,K17223,K17225,K17226,K17227,K22622",6,M00595,1690,0.079
K17225,0.01,0.004,,,,1000.0,0.0,,,,,,,,,,0.0,,,,,,"K17222,K17223,K17224,K17226,K17227,K22622",6,M00595,1526,0.071
K17226,0.014,0.009,,,,1000.0,0.0,,,,,,,,,,0.0,,,,,,"K17222,K17223,K17224,K17225,K17227,K22622",6,M00595,2375,0.111
K17227,0.009,0.003,,,,1000.0,0.0,,,,,,,,,,0.0,,,,,,"K17222,K17223,K17224,K17225,K17226,K22622",6,M00595,1439,0.067
K17398,0.0,0.0,,,,1000.0,0.0,,,,,,,,,,0.0,,,,,,K17399,1,M00035,89,0.004
K17399,0.0,0.0,,,,1000.0,0.0,,,,,,,,,,0.0,,,,,,,0,M00035,24,0.001
K17450,0.004,0.004,902.0,NC_005042.1_290,902.0,1.1e-43,146.2,1.3e-42,142.7,246.0,608.0,82.0,461.0,K01702,609.5,3.4103818541665905e-140,3.4103818541665905e-140,1262.83,full,True,True,False,,0,M00433,1612,0.075
K17462,0.029,0.025,291.0,NC_005042.1_1049,291.0,1.2e-17,61.2,1.4e-17,60.9,73.0,235.0,130.0,313.0,K15256,82.3,4.4490420635669233e-07,4.4490420635669233e-07,114.9,domain,True,True,False,"K17216,K17217",2,M00609,4058,0.19
K17463,0.017,0.006,,,,1000.0,0.0,,,,,,,,,,0.0,,,,,,"K00041,K01685,K08323",3,"M00061,M00631",2003,0.094
K17476,0.0,0.0,,,,1000.0,0.0,,,,,,,,,,0.0,,,,,,"K17747,K18057",2,M00819,20,0.001
K17625,0.0,0.0,292.0,NC_005042.1_1328,292.0,3e-09,33.1,0.009,11.8,3.0,33.0,2.0,32.0,K08679,520.6,1.7696081663786044e-147,1.7696081663786044e-147,539.57,full,True,True,False,,0,M00795,142,0.007
K17722,0.058,0.018,446.0,NC_005042.1_1256,446.0,3e-19,65.9,1.7e-18,63.4,140.0,441.0,6.0,312.0,K00384,472.1,5.267636051387724e-123,5.267636051387724e-123,457.83,full,True,True,False,"K01464,K06016,K17723",3,M00046,3472,0.162
K17723,0.063,0.026,570.0,NC_005042.1_228,570.0,5.7000000000000004e-27,91.3,8.6e-27,90.7,111.0,434.0,67.0,390.0,K00254,411.0,5.763819689168495e-97,5.763819689168495e-97,456.2,domain,True,True,False,"K01464,K06016,K17722",3,M00046,4098,0.191
K17745,0.0,0.0,243.0,NC_005042.1_530,243.0,8.000000000000001e-34,113.8,9e-34,113.7,5.0,239.0,4.0,233.0,K16066,150.9,6.788310647948637e-12,6.788310647948637e-12,405.23,full,True,True,False,,0,M00843,286,0.013
K17747,0.0,0.0,275.0,NC_005042.1_448,275.0,1.5e-23,80.4,1.8e-23,80.0,5.0,200.0,17.0,210.0,K00059,366.5,7.504439151264578e-87,7.504439151264578e-87,475.17,full,True,True,False,"K17476,K18056,K18057",3,M00819,33,0.002
K17755,0.002,0.002,520.0,NC_005042.1_812,520.0,6.2e-11,38.5,0.002,13.7,456.0,518.0,482.0,544.0,K20927,148.4,7.857738249878436e-34,7.857738249878436e-34,748.5,domain,True,True,False,,0,M00555,998,0.047
K17761,0.0,0.0,520.0,NC_005042.1_372,520.0,5.7e-45,150.8,7.5e-45,150.4,106.0,512.0,25.0,429.0,K25072,531.4,2.6790674651354906e-115,2.6790674651354906e-115,852.83,full,True,True,False,,0,M00027,53,0.002
K17828,0.44,0.071,409.0,NC_005042.1_228,409.0,7.6e-40,133.7,9.8e-40,133.3,30.0,344.0,55.0,387.0,K00254,411.0,3.3448927899417653e-84,3.3448927899417653e-84,288.6,domain,True,True,False,"K00226,K00608,K00609,K00610,K00762,K01465,K01591,K01955,K01956,K11540,K11541",11,M00051,6805,0.318
K17835,0.0,0.0,,,,1000.0,0.0,,,,,,,,,,0.0,,,,,,K18287,1,M00905,355,0.017
K17836,1.0,1.0,356.0,NC_005042.1_1155,356.0,7.7e-52,173.5,8.9e-52,173.2,28.0,296.0,4.0,340.0,K17836,173.5,1.0,1.0,91.73,full,False,False,False,"K02171,K02172",2,M00627,7967,0.372
K17841,0.0,0.0,816.0,NC_005042.1_169,816.0,5.4e-36,120.6,6.8e-36,120.3,440.0,729.0,23.0,293.0,K02291,364.6,3.537374640166684e-74,3.537374640166684e-74,282.73,full,True,True,False,,0,M00097,22,0.001
K17865,0.237,0.197,331.0,NC_005042.1_1428,331.0,8.5e-07,25.2,1.3e-06,24.6,208.0,289.0,60.0,146.0,K02372,228.3,7.25784819879122e-62,7.25784819879122e-62,168.7,domain,True,True,False,"K00023,K00626,K01847,K01965,K01966,K05606,K08691,K14446,K14447,K14448,K14449,K14451",12,M00373,11343,0.53
K17872,1.0,1.0,526.0,NC_005042.1_98,526.0,2.4e-117,389.5,2.8000000000000002e-117,389.2,49.0,453.0,7.0,388.0,K17872,389.5,1.0,1.0,354.37,full,False,False,False,"K12073,K23094,K23095",3,M00932,200,0.009
K17877,0.0,0.0,1076.0,NC_005042.1_98,1076.0,3.5e-14,48.2,6.6,0.9,157.0,190.0,7.0,40.0,K17872,389.5,1.8132700147929193e-103,1.8132700147929193e-103,1525.33,full,True,True,False,,0,"M00531,M00615",54,0.003
K17900,0.0,0.0,,,,1000.0,0.0,,,,,,,,,,0.0,,,,,,,0,M00098,450,0.021
K17942,0.0,0.0,,,,1000.0,0.0,,,,,,,,,,0.0,,,,,,,0,M00849,2,0.0
K17989,0.002,0.002,540.0,NC_005042.1_934,540.0,1.4e-67,225.6,1.9e-67,225.2,171.0,495.0,18.0,347.0,K01754,525.3,6.043802994389424e-91,6.043802994389424e-91,272.87,domain,True,True,False,,0,M00570,1100,0.051
K18020,0.635,0.635,745.0,NC_005042.1_873,745.0,0.0071,11.3,0.01,10.8,601.0,629.0,329.0,357.0,K18020,11.3,0.6351831056874562,0.6351831056874562,1177.37,full,False,True,False,,0,M00309,0,0.0
K18021,0.0,0.0,,,,1000.0,0.0,,,,,,,,,,0.0,,,,,,,0,M00309,0,0.0
K18022,0.015,0.015,162.0,NC_005042.1_1271,162.0,9.1e-07,25.6,1e-06,25.5,45.0,72.0,37.0,64.0,K24718,30.3,0.014923960799660744,0.014923960799660744,282.63,domain,True,True,False,,0,M00309,4,0.0
K18028,0.012,0.004,,,,1000.0,0.0,,,,,,,,,,0.0,,,,,,"K01799,K13995,K14974,K15357,K18029,K18030",6,M00622,1591,0.074
K18029,0.019,0.012,218.0,NC_005042.1_1271,218.0,2.1e-06,24.2,2.1e-06,24.2,93.0,122.0,38.0,67.0,K24718,30.3,0.005655123655499398,0.005655123655499398,222.3,domain,True,True,False,"K01799,K13995,K14974,K15357,K18028,K18030",6,M00622,2006,0.094
K18030,0.023,0.015,1170.0,NC_005042.1_572,1170.0,6.2e-05,18.2,7e-05,18.0,1052.0,1129.0,39.0,108.0,K08906,103.6,1.9590177467857087e-26,1.9590177467857087e-26,543.13,full,True,True,False,"K01799,K13995,K14974,K15357,K18028,K18029",6,M00622,3164,0.148
K18056,0.001,0.001,285.0,NC_005042.1_1295,285.0,0.0086,12.3,0.014,11.6,206.0,253.0,178.0,222.0,K00477,22.3,0.0009389671361502352,0.0009389671361502352,529.8,full,True,True,False,"K17476,K17747,K18057",3,M00819,73,0.003
K18057,0.0,0.0,,,,1000.0,0.0,,,,,,,,,,0.0,,,,,,"K17476,K17747,K18056",3,M00819,28,0.001
K18062,0.002,0.002,,,,1000.0,0.0,,,,,,,,,,0.0,,,,,,"K12744,K12745",2,M00673,997,0.047
K18063,0.0,0.0,,,,1000.0,0.0,,,,,,,,,,0.0,,,,,,"K04126,K12744,K12745",3,M00673,36,0.002
K18067,0.0,0.0,388.0,NC_005042.1_308,388.0,2.1e-38,129.6,1.7e-37,126.6,5.0,236.0,7.0,222.0,K18855,233.6,4.930380657616495e-32,4.930380657616495e-32,240.07,domain,True,True,False,K18069,1,M00623,437,0.02
K18068,0.007,0.006,489.0,NC_005042.1_893,489.0,4.5e-29,98.3,8.5e-29,97.4,50.0,245.0,52.0,266.0,K15982,106.2,0.004166926950013068,0.004166926950013068,344.37,full,True,True,False,"K04102,K18067,K18069",3,M00623,1190,0.056
K18069,0.0,0.0,317.0,NC_005042.1_1446,317.0,6.6e-14,48.4,7.1e-14,48.3,242.0,311.0,16.0,87.0,K02639,182.0,6.058883183511129e-41,6.058883183511129e-41,373.4,full,True,True,False,K18067,1,M00623,450,0.021
K18072,0.014,0.005,429.0,NC_005042.1_1433,429.0,1.6e-40,136.3,1.5e-18,63.9,192.0,345.0,400.0,555.0,K07769,969.0,2.1494265577510987e-251,2.1494265577510987e-251,470.1,domain,True,True,False,"K18073,K18093,K18297",3,M00745,1810,0.085
K18073,0.014,0.005,233.0,NC_005042.1_159,233.0,2e-64,214.0,2.3e-64,213.8,4.0,228.0,7.0,238.0,K11329,389.7,1.2853747425841853e-53,1.2853747425841853e-53,336.43,full,True,True,False,"K18072,K18093,K18297",3,M00745,1829,0.085
K18074,0.0,0.0,413.0,NC_005042.1_893,413.0,4.7e-05,19.2,7.3e-05,18.5,40.0,118.0,51.0,127.0,K15982,106.2,6.4319584454328686e-27,6.4319584454328686e-27,793.57,full,True,True,False,"K18075,K18076,K18077",3,M00624,121,0.006
K18075,0.0,0.0,,,,1000.0,0.0,,,,,,,,,,0.0,,,,,,"K18074,K18076,K18077",3,M00624,96,0.004
K18076,0.0,0.0,313.0,NC_005042.1_28,313.0,2.7000000000000004e-32,108.9,3.6e-32,108.5,3.0,306.0,12.0,334.0,K00097,353.5,2.3337969047977873e-74,2.3337969047977873e-74,472.93,full,True,True,False,"K18074,K18075,K18077",3,M00624,107,0.005
K18077,0.0,0.0,337.0,NC_005042.1_1446,337.0,4.4e-16,55.7,5e-16,55.6,15.0,88.0,20.0,93.0,K02639,182.0,9.547981033586209e-39,9.547981033586209e-39,483.57,full,True,True,False,"K18075,K18076",2,M00624,30,0.001
K18087,0.0,0.0,107.0,NC_005042.1_893,107.0,0.00017,18.2,0.00039,17.0,3.0,70.0,52.0,120.0,K15982,106.2,3.2159792227164282e-27,3.2159792227164282e-27,160.73,full,True,True,False,"K08689,K15750,K18088",3,M00543,108,0.005
K18088,0.0,0.0,408.0,NC_005042.1_1256,408.0,7.4e-13,44.9,1.6e-12,43.8,57.0,284.0,57.0,291.0,K00384,472.1,2.5118046051919544e-129,2.5118046051919544e-129,629.47,full,True,True,False,K08689,1,M00543,28,0.001
K18089,0.0,0.0,,,,1000.0,0.0,,,,,,,,,,0.0,,,,,,"K03268,K16268,K16269,K18090",4,M00547,12,0.001
K18090,0.0,0.0,410.0,NC_005042.1_1256,410.0,1.8e-07,27.4,310.0,-3.0,5.0,19.0,6.0,20.0,K00384,472.1,1.355067496755083e-134,1.355067496755083e-134,887.37,full,True,True,False,"K03268,K16268,K16269,K18089",4,M00547,8,0.0
K18091,0.002,0.002,593.0,NC_005042.1_1744,593.0,0.0033,12.6,0.0049,12.0,55.0,94.0,4.0,41.0,K11450,51.6,1.7515912316860592e-12,1.7515912316860592e-12,1080.5,full,True,True,False,"K12250,K15907,K17476,K17747,K18056,K18057",6,M00819,1207,0.056
K18093,0.052,0.021,,,,1000.0,0.0,,,,,,,,,,0.0,,,,,,"K07644,K07665,K18072,K18073,K18297",5,M00745,3688,0.172
K18094,0.002,0.002,394.0,NC_005042.1_1245,394.0,6.4e-12,41.7,2.6e-08,29.8,12.0,143.0,11.0,137.0,K02005,206.8,1.9950221223527207e-50,1.9950221223527207e-50,512.17,full,True,True,False,"K18095,K18129",2,M00643,1113,0.052
K18095,0.001,0.0,,,,1000.0,0.0,,,,,,,,,,0.0,,,,,,"K18094,K18129",2,M00643,472,0.022
K18104,0.01,0.008,597.0,NC_005042.1_901,597.0,2.1e-140,465.6,2.5e-140,465.3,11.0,577.0,7.0,576.0,K11085,584.6,1.5046327690525364e-36,1.5046327690525364e-36,647.0,domain,True,True,False,"K18906,K18907",2,M00700,2325,0.109
K18118,0.454,0.037,,,,1000.0,0.0,,,,,,,,,,0.0,,,,,,"K00025,K00030,K00031,K00116,K00164,K00234,K00235,K00236,K00241,K00242,K00658,K01647,K01659,K01676,K01679,K01681,K01682,K01902,K01903",19,"M00009,M00011",4908,0.229
K18126,0.0,0.0,313.0,NC_005042.1_500,313.0,2.4e-15,53.2,3.7e-15,52.6,33.0,292.0,74.0,328.0,K00856,138.6,1.9448202683861422e-26,1.9448202683861422e-26,432.7,full,True,True,False,,0,M00633,2,0.0
K18127,0.0,0.0,288.0,NC_005042.1_1837,288.0,2.1e-35,119.2,2.5e-35,118.9,5.0,249.0,15.0,261.0,K01714,350.3,2.703759149220747e-70,2.703759149220747e-70,308.03,full,True,True,False,,0,M00309,0,0.0
K18128,0.0,0.0,493.0,NC_005042.1_372,493.0,3e-48,161.7,4.4e-48,161.2,64.0,443.0,25.0,402.0,K25072,531.4,5.119300262961372e-112,5.119300262961372e-112,939.33,full,True,True,False,,0,M00309,1,0.0
K18129,0.001,0.0,,,,1000.0,0.0,,,,,,,,,,0.0,,,,,,"K18094,K18095",2,M00643,409,0.019
K18131,0.0,0.0,,,,1000.0,0.0,,,,,,,,,,0.0,,,,,,,0,M00718,154,0.007
K18138,0.189,0.13,1485.0,NC_005042.1_1245,1485.0,1.4e-14,49.3,1.8e-14,48.9,45.0,364.0,27.0,343.0,K02005,206.8,3.8705767441980724e-48,3.8705767441980724e-48,1055.4,domain,True,True,False,"K03585,K18131,K18139",3,M00718,9234,0.431
K18139,0.145,0.095,560.0,NC_005042.1_119,560.0,2.3e-34,116.1,3e-34,115.7,91.0,483.0,96.0,503.0,K03287,437.7,1.5443772464237567e-97,1.5443772464237567e-97,422.4,full,True,True,False,"K03585,K18094,K18095,K18129,K18131,K18138,K18301,K18302,K18303",9,"M00642,M00643,M00718",7874,0.368
K18140,0.003,0.003,,,,1000.0,0.0,,,,,,,,,,0.0,,,,,,,0,M00696,1353,0.063
K18141,0.1,0.054,388.0,NC_005042.1_1245,388.0,6.7e-23,77.8,2.8000000000000004e-22,75.8,20.0,361.0,18.0,343.0,K02005,206.8,1.4693679384156467e-39,1.4693679384156467e-39,582.43,full,True,True,False,"K12340,K18140,K18142",3,M00696,5966,0.279
K18142,0.075,0.025,,,,1000.0,0.0,,,,,,,,,,0.0,,,,,,"K12340,K18140,K18141",3,M00696,4068,0.19
K18143,0.007,0.005,357.0,NC_005042.1_1131,357.0,7.5e-36,120.8,9.6e-36,120.4,130.0,353.0,141.0,365.0,K08479,442.7,1.2544241192856972e-97,1.2544241192856972e-97,301.33,full,True,True,False,"K18144,K18145,K18146,K18147",4,M00649,1804,0.084
K18144,0.007,0.005,235.0,NC_005042.1_159,235.0,9.7e-64,211.9,1.3e-63,211.5,5.0,232.0,8.0,237.0,K11329,389.7,2.998242603297895e-54,2.998242603297895e-54,265.0,full,True,True,False,"K18143,K18145,K18146,K18147",4,M00649,1778,0.083
K18145,0.004,0.002,383.0,NC_005042.1_1245,383.0,2.8e-21,72.5,4.9e-21,71.8,11.0,354.0,9.0,342.0,K02005,206.8,3.729680090959778e-41,3.729680090959778e-41,450.23,full,True,True,False,"K18143,K18144,K18146,K18147",4,M00649,1104,0.052
K18146,0.005,0.002,,,,1000.0,0.0,,,,,,,,,,0.0,,,,,,"K18143,K18144,K18145,K18147",4,M00649,1260,0.059
K18147,0.0,0.0,,,,1000.0,0.0,,,,,,,,,,0.0,,,,,,,0,M00649,290,0.014
K18209,0.014,0.011,554.0,NC_005042.1_122,554.0,2.4e-112,373.0,4.0000000000000003e-112,372.2,8.0,546.0,10.0,546.0,K00278,594.8,1.7043036014559193e-67,1.7043036014559193e-67,650.8,full,True,True,False,"K00176,K18210",2,M00620,2677,0.125
K18210,0.004,0.001,468.0,NC_005042.1_700,468.0,1e-19,67.2,1.2e-19,67.0,4.0,192.0,7.0,244.0,K00240,186.0,1.728369186685273e-36,1.728369186685273e-36,330.0,full,True,True,False,"K01677,K01678",2,M00620,855,0.04
K18227,0.0,0.0,406.0,NC_005042.1_98,406.0,1.2e-14,50.7,1.6e-14,50.3,3.0,338.0,3.0,347.0,K17872,389.5,1.0257404188658485e-102,1.0257404188658485e-102,483.77,full,True,True,False,K10623,1,M00539,36,0.002
K18237,0.0,0.0,,,,1000.0,0.0,,,,,,,,,,0.0,,,,,,,0,M00968,120,0.006
K18240,0.001,0.001,352.0,NC_005042.1_555,352.0,0.00081,15.8,0.00093,15.6,256.0,339.0,49.0,129.0,K09022,194.2,1.978102416733976e-54,1.978102416733976e-54,313.03,full,True,True,False,,0,M00117,935,0.044
K18242,0.001,0.0,418.0,NC_005042.1_893,418.0,1.1e-07,27.8,1.9e-07,27.0,44.0,119.0,52.0,125.0,K15982,106.2,2.495750648537358e-24,2.495750648537358e-24,591.7,full,True,True,False,"K14578,K14581,K18243",3,M00638,528,0.025
K18243,0.001,0.0,,,,1000.0,0.0,,,,,,,,,,0.0,,,,,,"K14578,K14581,K18242",3,M00638,559,0.026
K18248,0.002,0.001,109.0,NC_005042.1_893,109.0,6.3e-14,48.7,1.2e-13,47.8,6.0,83.0,51.0,128.0,K15982,106.2,4.88346525365119e-18,4.88346525365119e-18,131.9,domain,True,True,False,"K16319,K16320,K18249",3,M00637,832,0.039
K18249,0.001,0.0,407.0,NC_005042.1_98,407.0,1.4e-19,67.1,1.6e-19,66.9,5.0,326.0,10.0,335.0,K17872,389.5,8.870118012308532e-98,8.870118012308532e-98,645.03,full,True,True,False,"K16319,K18248",2,M00637,341,0.016
K18251,0.0,0.0,484.0,NC_005042.1_893,484.0,0.00041,15.7,0.00061,15.2,39.0,117.0,52.0,128.0,K15982,106.2,5.685101791344545e-28,5.685101791344545e-28,1127.0,full,True,True,False,"K18252,K18253,K18254,K18255,K18256",5,M00636,319,0.015
K18252,0.0,0.0,,,,1000.0,0.0,,,,,,,,,,0.0,,,,,,"K18251,K18253,K18254,K18255,K18256",5,M00636,326,0.015
K18253,0.0,0.0,,,,1000.0,0.0,,,,,,,,,,0.0,,,,,,"K18251,K18252,K18254,K18256",4,M00636,107,0.005
K18254,0.0,0.0,411.0,NC_005042.1_564,411.0,3.6e-11,39.5,1.4e-10,37.5,144.0,277.0,175.0,309.0,K00383,564.3,1.0458232090987735e-158,1.0458232090987735e-158,793.5,full,True,True,False,"K18251,K18252,K18253,K18256",4,M00636,174,0.008
K18255,0.0,0.0,267.0,NC_005042.1_793,267.0,1.8e-10,37.2,2.3e-10,36.9,10.0,192.0,4.0,189.0,K20142,55.5,3.0984873947236163e-06,3.0984873947236163e-06,574.87,full,True,True,False,"K18251,K18252,K18253,K18254,K18256",5,M00636,287,0.013
K18256,0.0,0.0,,,,1000.0,0.0,,,,,,,,,,0.0,,,,,,"K18251,K18252,K18253,K18254,K18255",5,M00636,347,0.016
K18276,0.0,0.0,397.0,NC_005042.1_836,397.0,5.6e-10,35.5,0.00017,17.5,147.0,299.0,145.0,296.0,K10960,680.5,6.8494042156512e-195,6.8494042156512e-195,544.6,full,True,True,False,,0,M00811,70,0.003
K18284,0.0,0.0,,,,1000.0,0.0,,,,,,,,,,0.0,,,,,,,0,M00931,490,0.023
K18285,0.084,0.008,361.0,NC_005042.1_1111,361.0,3.6e-05,19.4,0.021,10.3,11.0,127.0,13.0,133.0,K01012,466.2,3.1608067005794414e-135,3.1608067005794414e-135,437.97,full,True,True,False,"K11782,K11783,K11784,K11785,K18284,K18286,K20810",7,"M00930,M00931",2216,0.104
K18286,1.0,1.0,344.0,NC_005042.1_1423,344.0,0.0062,12.3,0.0081,11.9,83.0,149.0,101.0,167.0,K18286,12.3,1.0,1.0,376.87,full,False,True,False,"K11782,K11783,K11784,K11785,K18285",5,M00930,1677,0.078
K18287,0.001,0.001,271.0,NC_005042.1_1848,271.0,0.00015,17.7,0.00024,17.0,175.0,260.0,164.0,243.0,K03149,446.4,8.880570346734882e-130,8.880570346734882e-130,342.03,full,True,True,False,"K17835,K20204",2,M00905,753,0.035
K18293,0.0,0.0,331.0,NC_005042.1_1446,331.0,5.5e-12,42.3,6.4e-12,42.1,12.0,91.0,18.0,91.0,K02639,182.0,8.833027972005432e-43,8.833027972005432e-43,404.23,domain,True,True,False,"K10616,K10617",2,M00419,119,0.006
K18294,0.013,0.012,,,,1000.0,0.0,,,,,,,,,,0.0,,,,,,"K08721,K18295,K18296",3,M00639,2848,0.133
K18295,0.003,0.002,384.0,NC_005042.1_1245,384.0,2.7999999999999998e-24,82.6,6.6e-24,81.4,20.0,359.0,19.0,343.0,K02005,206.8,4.0933090767264205e-38,4.0933090767264205e-38,459.93,full,True,True,False,"K08721,K18296",2,M00639,1083,0.051
K18296,0.005,0.005,,,,1000.0,0.0,,,,,,,,,,0.0,,,,,,"K08721,K18295",2,M00639,1779,0.083
K18297,0.047,0.023,304.0,NC_005042.1_173,304.0,4.9e-14,49.1,7e-14,48.6,11.0,217.0,17.0,229.0,K21900,286.8,2.0212874560368054e-72,2.0212874560368054e-72,248.77,full,True,True,False,"K07644,K07665,K18072,K18073,K18093,K18298,K18299,K18300",8,"M00641,M00745",3894,0.182
K18298,0.016,0.006,418.0,NC_005042.1_1245,418.0,2.4e-24,82.8,2.6e-23,79.4,58.0,361.0,56.0,342.0,K02005,206.8,4.7019774029300463e-38,4.7019774029300463e-38,507.23,full,True,True,False,"K18297,K18299,K18300",3,M00641,2009,0.094
K18299,0.007,0.005,1126.0,NC_005042.1_770,1126.0,7.8e-06,20.8,1.2e-05,20.2,339.0,501.0,315.0,475.0,K03072,438.4,1.9486053430987198e-126,1.9486053430987198e-126,1712.0,full,True,True,False,K18298,1,M00641,1887,0.088
K18300,0.026,0.018,494.0,NC_005042.1_119,494.0,2.2e-29,99.2,3.0999999999999997e-29,98.8,69.0,480.0,94.0,512.0,K03287,437.7,1.2628345862288074e-102,1.2628345862288074e-102,503.73,domain,True,True,False,"K18297,K18298,K18299",3,M00641,3415,0.16
K18301,0.204,0.143,,,,1000.0,0.0,,,,,,,,,,0.0,,,,,,"K18139,K18302,K18303",3,M00642,9672,0.452
K18302,0.186,0.117,453.0,NC_005042.1_1245,453.0,1.4e-51,172.7,1.9e-51,172.3,86.0,412.0,12.0,341.0,K02005,206.8,5.43096679883048e-11,5.43096679883048e-11,357.23,domain,True,True,False,"K18139,K18301,K18303",3,M00642,8732,0.408
K18303,0.158,0.076,1061.0,NC_005042.1_770,1061.0,1.1e-07,26.7,1.6e-07,26.2,339.0,500.0,315.0,475.0,K03072,438.4,1.1635923664614102e-124,1.1635923664614102e-124,1321.6,full,True,True,False,"K18139,K18301,K18302",3,M00642,7043,0.329
K18304,0.003,0.003,253.0,NC_005042.1_180,253.0,4.3e-16,55.6,5e-16,55.4,184.0,248.0,13.0,77.0,K20918,81.9,1.2078104245609377e-08,1.2078104245609377e-08,216.43,full,True,True,False,,0,M00769,1336,0.062
K18315,0.0,0.0,,,,1000.0,0.0,,,,,,,,,,0.0,,,,,,"K18316,K18317",2,M00675,78,0.004
K18316,0.0,0.0,502.0,NC_005042.1_60,502.0,4.8e-26,88.3,0.035,9.5,387.0,445.0,529.0,585.0,K24327,606.7,8.831820785124152e-157,8.831820785124152e-157,640.43,full,True,True,False,"K18315,K18317",2,M00675,53,0.002
K18317,0.0,0.0,250.0,NC_005042.1_1062,250.0,1.5e-16,57.4,1.9e-16,57.1,4.0,213.0,31.0,246.0,K01661,443.2,7.288324034006492e-117,7.288324034006492e-117,336.53,full,True,True,False,"K18315,K18316",2,M00675,49,0.002
K18344,0.005,0.005,223.0,NC_005042.1_159,223.0,5.8000000000000005e-58,192.6,7.2e-58,192.2,6.0,221.0,10.0,236.0,K11329,389.7,4.645022848865719e-60,4.645022848865719e-60,237.8,domain,True,True,False,,0,M00651,1849,0.086
K18345,0.135,0.016,520.0,NC_005042.1_1433,520.0,1.8e-66,221.6,1e-52,176.3,273.0,511.0,405.0,669.0,K07769,969.0,1.0237201243111298e-225,1.0237201243111298e-225,344.97,domain,True,True,False,"K07260,K15739,K18344,K18346,K18347",5,M00651,3191,0.149
K18346,0.112,0.028,,,,1000.0,0.0,,,,,,,,,,0.0,,,,,,"K07260,K15739,K18345,K18347,K18351,K18352,K18354",7,M00651,4278,0.2
K18347,0.0,0.0,324.0,NC_005042.1_1448,324.0,2.5e-36,122.0,3.9e-36,121.4,65.0,262.0,57.0,259.0,K00058,515.5,3.5050700848105505e-119,3.5050700848105505e-119,426.03,full,True,True,False,K15739,1,M00651,449,0.021
K18348,0.005,0.005,712.0,NC_005042.1_1706,712.0,4.8e-98,325.9,5.6000000000000004e-98,325.6,340.0,710.0,7.0,380.0,K01775,438.9,9.629649721936067e-35,9.629649721936067e-35,507.87,full,True,True,False,"K18856,K18866",2,M00652,1750,0.082
K18349,0.024,0.018,233.0,NC_005042.1_159,233.0,6.3e-67,222.2,7.6e-67,221.9,4.0,231.0,9.0,236.0,K11329,389.7,3.779860102044578e-51,3.779860102044578e-51,302.4,full,True,True,False,"K18348,K18350,K18856,K18866",4,M00652,3426,0.16
K18350,0.026,0.02,459.0,NC_005042.1_1433,459.0,4e-36,121.8,3.7e-18,62.5,197.0,338.0,419.0,561.0,K07769,969.0,9.276575284718398e-256,9.276575284718398e-256,267.83,domain,True,True,False,"K18348,K18349,K18856,K18866",4,M00652,3646,0.17
K18351,0.005,0.004,434.0,NC_005042.1_1433,434.0,4.4e-38,127.6,2.8e-07,26.2,71.0,168.0,187.0,284.0,K07769,969.0,5.168465817324767e-254,5.168465817324767e-254,304.07,full,True,True,False,"K15739,K18347,K18352,K18354",4,M00651,1555,0.073
K18352,0.005,0.004,227.0,NC_005042.1_159,227.0,2.5e-39,131.7,3.3e-39,131.3,3.0,218.0,11.0,237.0,K11329,389.7,2.159042138773616e-78,2.159042138773616e-78,318.03,full,True,True,False,"K15739,K18347,K18351,K18354",4,M00651,1520,0.071
K18353,0.423,0.279,384.0,NC_005042.1_478,384.0,4.4e-12,42.7,7.6e-11,38.7,124.0,342.0,4.0,271.0,K01142,303.0,4.3842178776323603e-79,4.3842178776323603e-79,115.3,full,True,True,False,"K07260,K08641,K15739,K18344,K18346,K18347,K18351,K18352,K18354",9,M00651,13515,0.632
K18354,0.003,0.001,,,,1000.0,0.0,,,,,,,,,,0.0,,,,,,"K18351,K18352",2,M00651,830,0.039
K18364,0.007,0.003,,,,1000.0,0.0,,,,,,,,,,0.0,,,,,,"K01617,K10217,K18365,K18366",4,M00569,1301,0.061
K18365,0.022,0.014,343.0,NC_005042.1_1144,343.0,2.1e-19,66.6,210.0,-2.6,31.0,81.0,468.0,519.0,K01649,655.5,5.289754948109048e-178,5.289754948109048e-178,552.83,domain,True,True,False,"K00446,K01617,K02554,K04073,K10216,K10217,K18364,K18366",8,M00569,3002,0.14
K18366,0.006,0.002,,,,1000.0,0.0,,,,,,,,,,0.0,,,,,,"K01617,K10217,K18364,K18365",4,M00569,1198,0.056
K18373,0.0,0.0,,,,1000.0,0.0,,,,,,,,,,0.0,,,,,,"K18374,K18375,K18376,K18378,K18379,K18380,K18381",7,M00660,360,0.017
K18374,0.0,0.0,,,,1000.0,0.0,,,,,,,,,,0.0,,,,,,"K18373,K18375,K18376,K18378,K18379,K18380,K18381",7,M00660,350,0.016
K18375,0.0,0.0,,,,1000.0,0.0,,,,,,,,,,0.0,,,,,,"K18376,K18378,K18379,K18381",4,M00660,87,0.004
K18376,0.0,0.0,,,,1000.0,0.0,,,,,,,,,,0.0,,,,,,"K18373,K18374,K18375,K18378,K18379,K18380,K18381",7,M00660,286,0.013
K18377,0.057,0.009,,,,1000.0,0.0,,,,,,,,,,0.0,,,,,,"K03222,K03223,K03224,K03225,K03226,K03227,K03228,K03229,K03230,K18373,K18374,K18375,K18376,K18378,K18379,K18380,K18381",17,M00660,2428,0.113
K18378,0.0,0.0,,,,1000.0,0.0,,,,,,,,,,0.0,,,,,,"K18375,K18376,K18379",3,M00660,76,0.004
K18379,0.0,0.0,,,,1000.0,0.0,,,,,,,,,,0.0,,,,,,"K18373,K18374,K18375,K18376,K18378,K18380,K18381",7,M00660,251,0.012
K18380,0.0,0.0,,,,1000.0,0.0,,,,,,,,,,0.0,,,,,,"K18373,K18374,K18375,K18376,K18378,K18379,K18381",7,M00660,366,0.017
K18381,0.0,0.0,,,,1000.0,0.0,,,,,,,,,,0.0,,,,,,"K18373,K18374,K18375,K18376,K18378,K18379,K18380",7,M00660,341,0.016
K18472,0.008,0.002,474.0,NC_005042.1_863,474.0,5.1e-12,42.1,1.2e-11,40.9,41.0,170.0,111.0,242.0,K01963,464.2,8.614673660548226e-128,8.614673660548226e-128,610.07,full,True,True,False,"K00667,K01848,K01849,K01964,K11262,K11263,K11608,K11609,K11610,K11611",10,"M00082,M00741,M00885,M00886",1145,0.054
K18473,0.001,0.001,637.0,NC_005042.1_1793,637.0,4.7e-34,114.6,8.3e-34,113.8,180.0,544.0,57.0,407.0,K09458,589.4,1.177492253698206e-143,1.177492253698206e-143,602.0,full,True,True,False,,0,M00082,721,0.034
K18513,0.0,0.0,,,,1000.0,0.0,,,,,,,,,,0.0,,,,,,,0,M00746,0,0.0
K18532,0.0,0.0,381.0,NC_005042.1_236,381.0,2.3e-07,27.4,0.00011,18.6,87.0,154.0,219.0,523.0,K04748,60.6,1.006975691142853e-10,1.006975691142853e-10,69.97,domain,True,True,False,,0,M00049,304,0.014
K18533,0.001,0.001,1801.0,NC_005042.1_1717,1801.0,6.7e-19,63.5,8e-19,63.2,1260.0,1423.0,4.0,158.0,K00939,208.1,2.9584390544400724e-44,2.9584390544400724e-44,299.7,full,True,True,False,,0,"M00049,M00050,M00052,M00053,M00938",768,0.036
K18534,1.0,1.0,340.0,NC_005042.1_1687,340.0,3.8e-115,381.9,4.7999999999999995e-115,381.6,23.0,308.0,17.0,307.0,K18534,381.9,1.0,1.0,331.4,full,False,False,False,"K05928,K09833,K09834,K12502",4,M00112,10357,0.484
K18550,0.0,0.0,,,,1000.0,0.0,,,,,,,,,,0.0,,,,,,,0,M00958,0,0.0
K18649,0.4,0.015,368.0,NC_005042.1_944,368.0,1.9999999999999998e-50,168.9,2.5e-50,168.5,101.0,358.0,14.0,276.0,K01092,279.8,4.12832121019655e-34,4.12832121019655e-34,246.1,domain,True,True,False,"K01496,K01523,K02502",3,M00026,3179,0.149
K18652,0.0,0.0,350.0,NC_005042.1_308,350.0,2.6000000000000004e-28,95.9,210.0,-2.5,176.0,193.0,167.0,184.0,K18855,233.6,3.533211188791541e-42,3.533211188791541e-42,209.87,domain,True,True,False,"K18653,K18654",2,M00877,153,0.007
K18653,0.0,0.0,441.0,NC_005042.1_319,441.0,6.8e-93,308.6,4.1e-77,256.7,86.0,380.0,17.0,313.0,K13017,479.9,2.7136994258361542e-52,2.7136994258361542e-52,486.63,full,True,True,False,"K18652,K18654",2,M00877,152,0.007
K18654,0.0,0.0,,,,1000.0,0.0,,,,,,,,,,0.0,,,,,,"K18652,K18653",2,M00877,363,0.017
K18686,0.0,0.0,,,,1000.0,0.0,,,,,,,,,,0.0,,,,,,K22998,1,M00921,18,0.001
K18689,0.0,0.0,,,,1000.0,0.0,,,,,,,,,,0.0,,,,,,,0,M00849,0,0.0
K18690,0.0,0.0,,,,1000.0,0.0,,,,,,,,,,0.0,,,,,,,0,M00849,24,0.001
K18766,0.0,0.0,276.0,NC_005042.1_1155,276.0,1.3e-08,31.3,2.2e-08,30.5,74.0,199.0,139.0,259.0,K17836,173.5,1.5614734943538673e-43,1.5614734943538673e-43,343.4,full,True,True,False,,0,M00627,275,0.013
K18768,0.002,0.002,,,,1000.0,0.0,,,,,,,,,,0.0,,,,,,,0,M00851,1109,0.052
K18780,0.0,0.0,,,,1000.0,0.0,,,,,,,,,,0.0,,,,,,"K18972,K19320",2,M00851,86,0.004
K18781,0.0,0.0,,,,1000.0,0.0,,,,,,,,,,0.0,,,,,,,0,M00851,97,0.005
K18782,0.0,0.0,,,,1000.0,0.0,,,,,,,,,,0.0,,,,,,,0,M00851,97,0.005
K18793,0.0,0.0,,,,1000.0,0.0,,,,,,,,,,0.0,,,,,,K18794,1,M00851,13,0.001
K18794,0.0,0.0,,,,1000.0,0.0,,,,,,,,,,0.0,,,,,,,0,M00851,6,0.0
K18800,0.555,0.059,564.0,NC_005042.1_908,564.0,1.7e-38,129.3,4.3e-38,127.9,146.0,509.0,4.0,340.0,K03185,205.7,1.0030170863542998e-23,1.0030170863542998e-23,475.8,full,True,True,False,"K00568,K03179,K03181,K03182,K03183,K03184,K03185,K03186,K06134,K18240",10,M00117,6217,0.291
K18851,0.01,0.005,410.0,NC_005042.1_1262,410.0,0.0063,12.2,35.0,-0.1,115.0,140.0,33.0,56.0,K05714,139.4,5.1166206937656126e-39,5.1166206937656126e-39,170.63,full,True,True,False,"K11263,K12428,K12437",3,M00887,1731,0.081
K18856,0.001,0.0,349.0,NC_005042.1_1392,349.0,4.999999999999999e-84,278.9,6.4e-84,278.5,4.0,345.0,6.0,350.0,K01921,363.6,3.18243371866202e-26,3.18243371866202e-26,443.27,full,True,True,False,K18866,1,M00652,507,0.024
K18859,0.0,0.0,,,,1000.0,0.0,,,,,,,,,,0.0,,,,,,,0,"M00009,M00011,M00149",0,0.0
K18860,0.0,0.0,,,,1000.0,0.0,,,,,,,,,,0.0,,,,,,,0,"M00009,M00011,M00149,M00374",0,0.0
K18861,0.0,0.0,,,,1000.0,0.0,,,,,,,,,,0.0,,,,,,,0,"M00374,M00375",0,0.0
K18866,0.001,0.0,254.0,NC_005042.1_837,254.0,1e-21,74.1,1.2e-21,73.8,44.0,176.0,98.0,231.0,K07260,161.2,6.0295843864969436e-27,6.0295843864969436e-27,238.93,domain,True,True,False,K18856,1,M00652,478,0.022
K18898,0.002,0.002,386.0,NC_005042.1_1245,386.0,1.6000000000000001e-28,96.4,2.8000000000000002e-28,95.6,5.0,359.0,7.0,343.0,K02005,206.8,5.838327844846525e-34,5.838327844846525e-34,534.07,full,True,True,False,K18899,1,M00697,1233,0.058
K18899,0.0,0.0,1037.0,NC_005042.1_770,1037.0,0.0084,10.7,0.011,10.3,335.0,496.0,313.0,471.0,K03072,438.4,1.7755010474570338e-129,1.7755010474570338e-129,2115.97,full,True,True,False,,0,M00697,87,0.004
K18900,0.138,0.123,424.0,NC_005042.1_173,424.0,9e-31,104.1,4.1e-30,101.9,98.0,385.0,17.0,310.0,K21900,286.8,7.282455547052834e-56,7.282455547052834e-56,338.5,domain,True,True,False,"K18901,K18902,K18903",3,M00698,8982,0.42
K18901,0.052,0.021,429.0,NC_005042.1_1245,429.0,2.5e-36,122.3,3.3e-36,121.9,38.0,373.0,8.0,341.0,K02005,206.8,3.655656377235117e-26,3.655656377235117e-26,450.33,domain,True,True,False,"K18900,K18902,K18903",3,M00698,3723,0.174
K18902,0.049,0.017,1061.0,NC_005042.1_770,1061.0,0.0024,12.4,0.0035,11.8,339.0,494.0,314.0,467.0,K03072,438.4,5.768619922119913e-129,5.768619922119913e-129,1843.47,full,True,True,False,"K18900,K18901,K18903",3,M00698,3324,0.155
K18903,0.054,0.022,556.0,NC_005042.1_119,556.0,3.1e-39,131.9,4.1e-39,131.5,109.0,507.0,93.0,502.0,K03287,437.7,8.811043106428863e-93,8.811043106428863e-93,469.27,full,True,True,False,"K18900,K18901,K18902",3,M00698,3805,0.178
K18906,0.002,0.002,,,,1000.0,0.0,,,,,,,,,,0.0,,,,,,K08170,1,"M00700,M00702,M00704",1166,0.054
K18907,0.006,0.003,476.0,NC_005042.1_1027,476.0,3.9e-25,85.3,4.8e-25,85.0,148.0,474.0,65.0,392.0,K00812,482.6,2.516417650356895e-120,2.516417650356895e-120,396.3,full,True,True,False,"K08170,K18104,K18906",3,"M00700,M00702",1451,0.068
K18908,0.199,0.169,,,,1000.0,0.0,,,,,,,,,,0.0,,,,,,K18909,1,M00705,10530,0.492
K18909,0.122,0.071,143.0,NC_005042.1_1600,143.0,0.0011,15.6,0.0017,14.9,20.0,80.0,142.0,196.0,K15974,22.8,0.006642607614482961,0.006642607614482961,115.4,domain,True,True,False,K18908,1,M00705,6517,0.305
K18931,0.001,0.001,504.0,NC_005042.1_746,504.0,1.5e-07,27.0,110.0,-2.2,337.0,393.0,278.0,335.0,K00766,400.1,4.8496301359436646e-113,4.8496301359436646e-113,596.53,full,True,True,False,,0,M00968,986,0.046
K18933,0.0,0.0,382.0,NC_005042.1_1044,382.0,8.599999999999999e-49,163.2,1e-48,162.9,44.0,371.0,95.0,451.0,K13745,338.9,1.2853747425841853e-53,1.2853747425841853e-53,289.43,full,True,True,False,,0,M00935,398,0.019
K18938,0.0,0.0,,,,1000.0,0.0,,,,,,,,,,0.0,,,,,,,0,M00714,478,0.022
K18970,0.0,0.0,287.0,NC_005042.1_1155,287.0,1e-09,35.0,1.7e-09,34.3,61.0,166.0,117.0,222.0,K17836,173.5,2.02929694021708e-42,2.02929694021708e-42,661.73,full,True,True,False,,0,M00851,15,0.001
K18971,0.0,0.0,,,,1000.0,0.0,,,,,,,,,,0.0,,,,,,,0,M00851,9,0.0
K18972,0.0,0.0,,,,1000.0,0.0,,,,,,,,,,0.0,,,,,,,0,M00851,31,0.001
K18976,0.0,0.0,,,,1000.0,0.0,,,,,,,,,,0.0,,,,,,,0,M00851,51,0.002
K18978,0.0,0.0,504.0,NC_005042.1_372,504.0,1.7e-56,188.7,2.1e-56,188.3,82.0,492.0,25.0,430.0,K25072,531.4,6.871008502444929e-104,6.871008502444929e-104,566.1,domain,True,True,False,,0,"M00308,M00633",13,0.001
K19068,1.0,1.0,368.0,NC_005042.1_1294,368.0,2.7e-17,59.6,3.4e-17,59.3,1.0,220.0,1.0,238.0,K19068,59.6,1.0,1.0,178.8,full,False,True,False,K24258,1,M00923,1896,0.089
K19077,0.001,0.0,342.0,NC_005042.1_1131,342.0,9.4e-20,67.8,1.5e-19,67.1,108.0,332.0,136.0,367.0,K08479,442.7,1.3926905398761357e-113,1.3926905398761357e-113,429.93,full,True,True,False,"K19078,K19079,K19080",3,"M00725,M00726,M00730",554,0.026
K19078,0.001,0.0,224.0,NC_005042.1_159,224.0,1.2999999999999999e-46,155.7,1.5e-46,155.5,2.0,222.0,9.0,236.0,K11329,389.7,3.622271631530752e-71,3.622271631530752e-71,365.57,full,True,True,False,"K19077,K19079,K19080",3,"M00725,M00726,M00730",488,0.023
K19079,0.0,0.0,253.0,NC_005042.1_221,253.0,2.4e-66,220.4,7.3e-33,110.7,3.0,227.0,8.0,239.0,K02031,644.3,2.472085784673131e-128,2.472085784673131e-128,460.9,full,True,True,False,"K19077,K19078,K19080",3,M00730,277,0.013
K19080,0.0,0.0,629.0,NC_005042.1_929,629.0,0.012,10.9,0.0076,11.5,59.0,128.0,290.0,358.0,K05685,368.9,1.7031839360033337e-108,1.7031839360033337e-108,928.1,full,True,True,False,"K19077,K19078,K19079",3,M00730,281,0.013
K19099,0.0,0.0,,,,1000.0,0.0,,,,,,,,,,0.0,,,,,,,0,M00851,74,0.003
K19102,0.0,0.0,3570.0,NC_005042.1_1050,3570.0,1e-22,75.3,1.6e-06,21.5,2221.0,2434.0,251.0,478.0,K01895,1017.2,2.883016208964095e-284,2.883016208964095e-284,6567.27,full,True,True,False,K19105,1,M00736,187,0.009
K19103,0.0,0.0,1927.0,NC_005042.1_1050,1927.0,6.8e-23,76.4,8.9e-05,16.4,32.0,148.0,86.0,208.0,K01895,1017.2,6.179880529659317e-284,6.179880529659317e-284,3960.33,domain,True,True,False,K19105,1,M00736,24,0.001
K19104,0.0,0.0,297.0,NC_005042.1_1049,297.0,7.6e-07,25.4,1.1e-06,24.9,151.0,253.0,181.0,290.0,K15256,82.3,7.436912419117136e-18,7.436912419117136e-18,215.9,full,True,True,False,K19105,1,M00736,137,0.006
K19105,0.0,0.0,,,,1000.0,0.0,,,,,,,,,,0.0,,,,,,,0,M00736,5,0.0
K19106,0.001,0.001,,,,1000.0,0.0,,,,,,,,,,0.0,,,,,,K19103,1,M00736,596,0.028
K19185,0.003,0.001,,,,1000.0,0.0,,,,,,,,,,0.0,,,,,,"K19186,K19187,K19818,K19819,K19820,K19826",6,M00810,685,0.032
K19186,0.013,0.013,168.0,NC_005042.1_1271,168.0,9e-07,25.4,9e-07,25.4,39.0,74.0,36.0,71.0,K24718,30.3,0.012992062480753913,0.012992062480753913,246.07,domain,True,True,False,"K19818,K19820",2,M00810,27,0.001
K19187,0.001,0.0,,,,1000.0,0.0,,,,,,,,,,0.0,,,,,,"K19186,K19818,K19820",3,M00810,83,0.004
K19188,0.001,0.0,,,,1000.0,0.0,,,,,,,,,,0.0,,,,,,"K19186,K19818,K19820,K19826",4,M00810,205,0.01
K19211,0.0,0.0,,,,1000.0,0.0,,,,,,,,,,0.0,,,,,,,0,M00851,49,0.002
K19216,0.0,0.0,,,,1000.0,0.0,,,,,,,,,,0.0,,,,,,,0,M00851,147,0.007
K19221,1.0,1.0,272.0,NC_005042.1_1749,272.0,8.7e-105,347.1,3.1e-56,187.9,91.0,255.0,34.0,212.0,K19221,347.1,1.0,1.0,121.67,full,False,False,False,"K00768,K00798,K02225,K02226,K02227,K02231,K02232,K02233,K22316",9,M00122,10772,0.503
K19222,0.697,0.176,,,,1000.0,0.0,,,,,,,,,,0.0,,,,,,"K01661,K01911,K02548,K02549,K02551,K02552,K03183,K08680,K14759,K14760",10,"M00116,M00932",10722,0.501
K19243,0.001,0.001,253.0,NC_005042.1_1336,253.0,3.1e-15,53.3,5.4e-15,52.5,1.0,178.0,1.0,169.0,K19997,125.7,1.6048273381662187e-22,1.6048273381662187e-22,262.83,full,True,True,False,,0,"M00004,M00006",761,0.036
K19268,0.002,0.001,,,,1000.0,0.0,,,,,,,,,,0.0,,,,,,"K01846,K04835",2,M00740,952,0.044
K19280,0.0,0.0,,,,1000.0,0.0,,,,,,,,,,0.0,,,,,,,0,M00740,27,0.001
K19281,0.0,0.0,,,,1000.0,0.0,,,,,,,,,,0.0,,,,,,,0,M00740,10,0.0
K19282,1.0,1.0,435.0,NC_005042.1_710,435.0,0.007,11.8,0.0083,11.6,129.0,194.0,15.0,79.0,K19282,11.8,1.0,1.0,796.03,full,False,True,False,,0,"M00012,M00740",0,0.0
K19298,0.0,0.0,,,,1000.0,0.0,,,,,,,,,,0.0,,,,,,,0,M00856,58,0.003
K19312,0.0,0.0,516.0,NC_005042.1_863,516.0,1.1e-18,63.9,1.3e-17,60.3,32.0,207.0,58.0,246.0,K01963,464.2,3.14552206294628e-121,3.14552206294628e-121,960.37,full,True,True,False,,0,M00741,54,0.003
K19316,0.0,0.0,,,,1000.0,0.0,,,,,,,,,,0.0,,,,,,,0,M00851,238,0.011
K19318,0.0,0.0,,,,1000.0,0.0,,,,,,,,,,0.0,,,,,,,0,M00851,45,0.002
K19319,0.0,0.0,,,,1000.0,0.0,,,,,,,,,,0.0,,,,,,K18794,1,M00851,35,0.002
K19320,0.0,0.0,,,,1000.0,0.0,,,,,,,,,,0.0,,,,,,,0,M00851,8,0.0
K19321,0.0,0.0,,,,1000.0,0.0,,,,,,,,,,0.0,,,,,,,0,M00851,5,0.0
K19322,0.0,0.0,,,,1000.0,0.0,,,,,,,,,,0.0,,,,,,"K18971,K18972",2,M00851,55,0.003
K19412,0.0,0.0,284.0,NC_005042.1_206,284.0,6.7e-18,61.6,8.6e-18,61.3,64.0,255.0,94.0,278.0,K01920,386.3,1.8011936528651376e-98,1.8011936528651376e-98,362.43,full,True,True,False,,0,M00763,40,0.002
K19515,0.0,0.0,,,,1000.0,0.0,,,,,,,,,,0.0,,,,,,"K07537,K07538,K07539,K19516",4,M00541,15,0.001
K19516,0.0,0.0,,,,1000.0,0.0,,,,,,,,,,0.0,,,,,,"K07537,K07538,K07539,K19515",4,M00541,15,0.001
K19546,0.001,0.001,201.0,NC_005042.1_1686,201.0,3.2e-06,23.4,5.7e-05,19.4,22.0,181.0,4.0,164.0,K04518,294.9,1.8636149135671454e-82,1.8636149135671454e-82,182.63,full,True,True,False,"K19549,K19550",2,M00787,585,0.027
K19547,0.007,0.007,225.0,NC_005042.1_651,225.0,0.0074,12.2,0.0093,11.9,31.0,98.0,60.0,129.0,K11948,24.6,0.00016084030165185205,0.00016084030165185205,141.1,domain,True,True,False,"K19549,K19550",2,M00787,2107,0.098
K19548,0.001,0.001,251.0,NC_005042.1_448,251.0,1.6000000000000002e-65,217.8,2e-65,217.5,3.0,249.0,15.0,256.0,K00059,366.5,1.7252007757823308e-45,1.7252007757823308e-45,295.5,domain,True,True,False,"K19549,K19550",2,M00787,595,0.028
K19549,0.0,0.0,399.0,NC_005042.1_1027,399.0,5.0999999999999995e-49,164.0,6.5e-49,163.7,25.0,386.0,27.0,387.0,K00812,482.6,1.235501797138942e-96,1.235501797138942e-96,688.5,full,True,True,False,K19550,1,M00787,52,0.002
K19550,0.0,0.0,256.0,NC_005042.1_448,256.0,1.1e-36,123.1,3.3e-35,118.3,4.0,254.0,18.0,257.0,K00059,366.5,5.361657344054468e-74,5.361657344054468e-74,388.33,full,True,True,False,K19549,1,M00787,74,0.003
K19560,1.0,1.0,231.0,NC_005042.1_1649,231.0,6.7999999999999995e-84,277.6,7.5e-84,277.5,1.0,228.0,1.0,235.0,K19560,277.6,1.0,1.0,179.1,full,False,False,False,,0,M00572,94,0.004
K19561,0.0,0.0,,,,1000.0,0.0,,,,,,,,,,0.0,,,,,,,0,M00572,69,0.003
K19562,0.0,0.0,838.0,NC_005042.1_1652,838.0,5.2e-84,279.7,1.7e-30,102.7,311.0,494.0,5.0,166.0,K00833,507.9,2.0181571899139453e-69,2.0181571899139453e-69,538.33,full,True,True,False,,0,M00123,26,0.001
K19563,0.001,0.001,448.0,NC_005042.1_1652,448.0,5.1e-92,305.6,6.2e-92,305.3,8.0,440.0,14.0,431.0,K00833,507.9,1.2636647680010634e-61,1.2636647680010634e-61,787.0,full,True,True,False,K01906,1,"M00123,M00573,M00577",717,0.034
K19572,0.0,0.0,,,,1000.0,0.0,,,,,,,,,,0.0,,,,,,,0,M00958,100,0.005
K19591,0.244,0.244,245.0,NC_005042.1_785,245.0,0.019,11.7,0.023,11.4,49.0,74.0,11.0,36.0,K21902,16.9,0.026113591869186832,0.026113591869186832,155.87,domain,True,True,False,"K18304,K19593,K19594,K19595",4,M00769,12092,0.565
K19593,0.0,0.0,492.0,NC_005042.1_119,492.0,3.7e-08,29.3,0.0001,18.0,320.0,441.0,139.0,263.0,K03287,437.7,1.146435882943673e-123,1.146435882943673e-123,696.03,full,True,True,False,K19594,1,M00769,120,0.006
K19594,0.0,0.0,1060.0,NC_005042.1_770,1060.0,1.5e-05,19.7,2.1e-05,19.2,340.0,493.0,316.0,467.0,K03072,438.4,9.090565362979647e-127,9.090565362979647e-127,1926.8,full,True,True,False,"K19593,K19595",2,M00769,348,0.016
K19595,0.001,0.001,396.0,NC_005042.1_1245,396.0,1.7000000000000002e-27,92.9,2.4e-27,92.5,47.0,361.0,44.0,342.0,K02005,206.8,5.160401512351564e-35,5.160401512351564e-35,470.53,full,True,True,False,"K19593,K19594",2,M00769,744,0.035
K19700,0.015,0.014,474.0,NC_005042.1_372,474.0,5.7e-37,124.2,7.6e-37,123.8,128.0,472.0,93.0,430.0,K25072,531.4,2.6338180256935576e-123,2.6338180256935576e-123,995.03,full,True,True,False,"K18276,K20171,K20172",3,M00811,3052,0.143
K19744,0.001,0.001,317.0,NC_005042.1_845,317.0,1.5e-07,27.5,2.4e-07,26.8,119.0,214.0,181.0,275.0,K02492,473.3,6.321613401158895e-135,6.321613401158895e-135,394.83,full,True,True,False,,0,M00947,963,0.045
K19746,0.011,0.011,454.0,NC_005042.1_1332,454.0,5.7e-20,68.8,7.2e-20,68.5,7.0,220.0,7.0,221.0,K15736,359.7,2.693855283822839e-88,2.693855283822839e-88,215.6,full,True,True,False,K19744,1,M00947,2632,0.123
K19793,0.055,0.054,382.0,NC_005042.1_1027,382.0,2.3999999999999998e-95,316.3,2.6999999999999998e-95,316.1,2.0,380.0,7.0,391.0,K00812,482.6,8.683838162675033e-51,8.683838162675033e-51,431.8,full,True,True,False,"K06914,K07072,K07144,K09733",4,M00935,5949,0.278
K19818,0.001,0.0,,,,1000.0,0.0,,,,,,,,,,0.0,,,,,,"K19186,K19820",2,M00810,12,0.001
K19819,0.003,0.002,166.0,NC_005042.1_1271,166.0,4.9e-06,23.0,4.9e-06,23.0,37.0,72.0,27.0,64.0,K24718,30.3,0.002461535541902119,0.002461535541902119,267.63,domain,True,True,False,"K19186,K19818,K19820",3,M00810,89,0.004
K19820,0.001,0.0,,,,1000.0,0.0,,,,,,,,,,0.0,,,,,,"K19186,K19818",2,M00810,12,0.001
K19826,0.001,0.0,427.0,NC_005042.1_139,427.0,2.7e-05,19.9,5e-05,19.1,4.0,45.0,3.0,44.0,K00514,854.4,6.172606877688835e-252,6.172606877688835e-252,560.5,full,True,True,False,"K19186,K19818,K19820",3,M00810,38,0.002
K19853,0.0,0.0,130.0,NC_005042.1_442,130.0,0.0052,13.5,0.0088,12.8,75.0,121.0,157.0,205.0,K01990,318.9,1.1625894104048302e-92,1.1625894104048302e-92,,,True,True,False,K19854,1,M00796,139,0.006
K19854,0.0,0.0,408.0,NC_005042.1_319,408.0,2e-93,310.3,7.2e-13,45.0,308.0,384.0,317.0,390.0,K13017,479.9,8.816835446503554e-52,8.816835446503554e-52,,,True,True,False,,0,M00796,14,0.001
K19855,0.002,0.002,,,,1000.0,0.0,,,,,,,,,,0.0,,,,,,K17625,1,M00795,1268,0.059
K19856,0.0,0.0,,,,1000.0,0.0,,,,,,,,,,0.0,,,,,,K19857,1,M00799,532,0.025
K19857,0.0,0.0,343.0,NC_005042.1_1336,343.0,1.4e-07,27.7,2.1e-07,27.1,94.0,252.0,66.0,216.0,K19997,125.7,3.1554436208828428e-30,3.1554436208828428e-30,,,True,True,False,,0,M00799,5,0.0
K19890,0.0,0.0,,,,1000.0,0.0,,,,,,,,,,0.0,,,,,,,0,M00810,47,0.002
K19965,0.001,0.001,169.0,NC_005042.1_320,169.0,9.2e-07,25.8,1.1e-06,25.5,69.0,104.0,76.0,111.0,K01515,144.6,1.7017788915055025e-36,1.7017788915055025e-36,182.83,full,True,True,False,,0,M00126,675,0.032
K19969,0.0,0.0,404.0,NC_005042.1_1018,404.0,1.8e-83,277.2,2e-83,277.0,27.0,382.0,13.0,364.0,K01735,476.0,1.429673482558995e-60,1.429673482558995e-60,405.4,full,True,True,False,"K19974,K19979,K20424,K20425,K20426,K20427,K20430,K20432,K20433,K20434,K20436",11,"M00814,M00815",301,0.014
K19970,0.001,0.001,,,,1000.0,0.0,,,,,,,,,,0.0,,,,,,,0,"M00958,M00959",599,0.028
K19974,0.0,0.0,,,,1000.0,0.0,,,,,,,,,,0.0,,,,,,"K19969,K19979,K20424,K20425",4,M00814,144,0.007
K19979,0.0,0.0,,,,1000.0,0.0,,,,,,,,,,0.0,,,,,,"K19969,K19974,K20424,K20425",4,M00814,120,0.006
K19981,0.0,0.0,,,,1000.0,0.0,,,,,,,,,,0.0,,,,,,,0,M00790,400,0.019
K19982,0.001,0.001,352.0,NC_005042.1_893,352.0,3e-27,92.5,1.1e-26,90.7,9.0,220.0,33.0,258.0,K15982,106.2,7.478972082613876e-05,7.478972082613876e-05,260.73,domain,True,True,False,"K14257,K19981",2,M00790,622,0.029
K20075,0.0,0.0,504.0,NC_005042.1_139,504.0,4.5e-06,22.1,5.9e-06,21.7,20.0,60.0,2.0,42.0,K00514,854.4,2.8361853465777345e-251,2.8361853465777345e-251,987.93,full,True,True,False,"K20077,K20078,K20080",3,M00805,99,0.005
K20076,0.001,0.001,,,,1000.0,0.0,,,,,,,,,,0.0,,,,,,"K20075,K20077,K20078,K20080",4,M00805,728,0.034
K20077,0.0,0.0,539.0,NC_005042.1_908,539.0,0.00017,16.9,0.0035,12.6,283.0,331.0,254.0,302.0,K03185,205.7,1.463985646141562e-57,1.463985646141562e-57,798.03,full,True,True,False,"K20075,K20078,K20080",3,M00805,281,0.013
K20078,0.0,0.0,,,,1000.0,0.0,,,,,,,,,,0.0,,,,,,"K20075,K20077,K20080",3,M00805,169,0.008
K20079,0.002,0.002,,,,1000.0,0.0,,,,,,,,,,0.0,,,,,,"K20075,K20080",2,M00805,1118,0.052
K20080,0.0,0.0,,,,1000.0,0.0,,,,,,,,,,0.0,,,,,,,0,M00805,28,0.001
K20081,0.0,0.0,276.0,NC_005042.1_1687,276.0,7.7e-29,97.9,8.9e-29,97.7,7.0,208.0,28.0,234.0,K18534,381.9,3.2172234934175524e-86,3.2172234934175524e-86,385.67,full,True,True,False,K20080,1,M00805,190,0.009
K20082,0.002,0.002,279.0,NC_005042.1_1687,279.0,3.3e-35,118.7,4.2e-35,118.3,12.0,181.0,29.0,200.0,K18534,381.9,5.873610469029476e-80,5.873610469029476e-80,319.0,full,True,True,False,"K20075,K20078,K20080",3,M00805,994,0.046
K20086,0.0,0.0,430.0,NC_005042.1_170,430.0,0.00011,18.1,0.0072,12.1,7.0,65.0,3.0,57.0,K02293,841.4,1.4521268974477419e-248,1.4521268974477419e-248,611.87,full,True,True,False,"K20087,K20088,K20089,K20090",4,M00808,67,0.003
K20087,0.0,0.0,,,,1000.0,0.0,,,,,,,,,,0.0,,,,,,"K20086,K20088,K20089,K20090",4,M00808,127,0.006
K20088,0.0,0.0,,,,1000.0,0.0,,,,,,,,,,0.0,,,,,,"K20086,K20087,K20089,K20090",4,M00808,66,0.003
K20089,0.0,0.0,,,,1000.0,0.0,,,,,,,,,,0.0,,,,,,"K20086,K20087,K20088,K20090",4,M00808,62,0.003
K20090,0.0,0.0,429.0,NC_005042.1_836,429.0,1.5e-06,24.4,0.0018,14.3,148.0,178.0,144.0,174.0,K10960,680.5,3.1204688015497244e-198,3.1204688015497244e-198,758.1,full,True,True,False,"K20086,K20087,K20088,K20089",4,M00808,65,0.003
K20155,0.0,0.0,411.0,NC_005042.1_139,411.0,9.5e-10,34.8,2e-08,30.5,7.0,47.0,1.0,41.0,K00514,854.4,1.8871896836246548e-247,1.8871896836246548e-247,381.33,full,True,True,False,"K19818,K19820",2,M00810,47,0.002
K20156,0.007,0.007,,,,1000.0,0.0,,,,,,,,,,0.0,,,,,,"K20159,K21175,K21176,K21179",4,M00826,2196,0.103
K20158,0.0,0.0,443.0,NC_005042.1_1744,443.0,1.2e-06,24.3,2e-06,23.5,11.0,64.0,6.0,59.0,K11450,51.6,5.8275191823301606e-09,5.8275191823301606e-09,316.63,full,True,True,False,K20169,1,M00811,323,0.015
K20159,0.0,0.0,501.0,NC_005042.1_1756,501.0,8.000000000000001e-88,292.0,1.3e-87,291.4,134.0,489.0,121.0,492.0,K01657,598.2,6.677522002325425e-93,6.677522002325425e-93,641.43,full,True,True,False,"K21175,K21176,K21179",3,M00826,185,0.009
K20169,0.0,0.0,478.0,NC_005042.1_170,478.0,1.2e-07,27.5,7.9,1.8,435.0,474.0,415.0,454.0,K02293,841.4,9.81039579457744e-246,9.81039579457744e-246,982.5,full,True,True,False,,0,M00811,81,0.004
K20170,0.002,0.002,669.0,NC_005042.1_605,669.0,2.2e-05,19.7,36.0,-0.8,76.0,578.0,37.0,101.0,K00986,254.2,2.5613328339550518e-71,2.5613328339550518e-71,,,True,True,False,,0,M00811,1066,0.05
K20171,0.0,0.0,,,,1000.0,0.0,,,,,,,,,,0.0,,,,,,K20172,1,M00811,16,0.001
K20172,0.002,0.002,392.0,NC_005042.1_1271,392.0,3.2e-06,22.8,3.2e-06,22.8,36.0,91.0,22.0,78.0,K24718,30.3,0.0021428911525763197,0.0021428911525763197,,,True,True,False,K20171,1,M00811,26,0.001
K20204,0.0,0.0,,,,1000.0,0.0,,,,,,,,,,0.0,,,,,,K17835,1,M00905,426,0.02
K20260,0.0,0.0,,,,1000.0,0.0,,,,,,,,,,0.0,,,,,,"K20261,K20262,K21103",3,M00835,252,0.012
K20261,0.001,0.0,221.0,NC_005042.1_797,221.0,7.1e-10,35.4,0.0057,12.9,26.0,80.0,19.0,71.0,K09020,65.1,6.129475236085346e-10,6.129475236085346e-10,311.5,domain,True,True,False,"K13063,K20260,K20262,K21103",4,M00835,461,0.022
K20262,0.0,0.0,,,,1000.0,0.0,,,,,,,,,,0.0,,,,,,"K20260,K20261,K21103",3,M00835,501,0.023
K20420,0.004,0.003,600.0,NC_005042.1_143,600.0,0.02,10.5,0.022,10.3,1.0,90.0,1.0,122.0,K07071,412.1,1.2774789167096796e-121,1.2774789167096796e-121,429.2,full,True,True,False,"K20421,K20422,K20423",3,M00830,1505,0.07
K20421,0.003,0.002,337.0,NC_005042.1_199,337.0,0.0023,13.8,0.0038,13.1,173.0,244.0,38.0,108.0,K03438,372.2,1.2907720538072965e-108,1.2907720538072965e-108,319.97,full,True,True,False,"K20420,K20422",2,M00830,1138,0.053
K20422,0.0,0.0,1757.0,NC_005042.1_1793,1757.0,1.4000000000000001e-28,95.6,1.7000000000000003e-28,95.3,166.0,392.0,152.0,381.0,K09458,589.4,2.2458882402386307e-149,2.2458882402386307e-149,2831.83,domain,True,True,False,,0,M00830,44,0.002
K20423,0.0,0.0,563.0,NC_005042.1_1050,563.0,1.2999999999999998e-43,145.7,8.8e-43,142.9,57.0,552.0,117.0,637.0,K01895,1017.2,4.491162601108051e-263,4.491162601108051e-263,799.4,domain,True,True,False,K20422,1,M00830,75,0.004
K20424,0.0,0.0,374.0,NC_005042.1_1627,374.0,0.00023,17.3,0.00035,16.7,153.0,288.0,174.0,312.0,K00259,490.0,5.048019799422805e-143,5.048019799422805e-143,261.73,full,True,True,False,"K19969,K19974,K19979,K20425",4,M00814,117,0.005
K20425,0.0,0.0,252.0,NC_005042.1_530,252.0,3e-23,79.1,4.0000000000000004e-23,78.7,9.0,175.0,2.0,175.0,K16066,150.9,2.432320828745088e-22,2.432320828745088e-22,247.37,full,True,True,False,"K19974,K19979,K20424",3,M00814,74,0.003
K20426,0.0,0.0,,,,1000.0,0.0,,,,,,,,,,0.0,,,,,,"K20427,K20430",2,M00814,39,0.002
K20427,0.0,0.0,366.0,NC_005042.1_846,366.0,1.2e-49,165.9,3.8e-13,45.8,210.0,331.0,223.0,348.0,K00975,597.2,1.4647478530863756e-130,1.4647478530863756e-130,485.73,full,True,True,False,"K20426,K20430",2,M00814,56,0.003
K20430,0.0,0.0,,,,1000.0,0.0,,,,,,,,,,0.0,,,,,,"K20426,K20427",2,M00814,43,0.002
K20431,0.001,0.001,292.0,NC_005042.1_237,292.0,6.7e-06,22.4,0.046,9.8,198.0,256.0,71.0,126.0,K01759,171.1,1.7252007757823308e-45,1.7252007757823308e-45,204.63,full,True,True,False,K20436,1,M00815,695,0.032
K20432,0.0,0.0,304.0,NC_005042.1_1336,304.0,2.6e-05,20.2,3.9e-05,19.6,84.0,248.0,79.0,251.0,K19997,125.7,1.7431527984203844e-32,1.7431527984203844e-32,338.17,full,True,True,False,"K20433,K20434,K20436",3,M00815,88,0.004
K20433,0.0,0.0,,,,1000.0,0.0,,,,,,,,,,0.0,,,,,,"K20432,K20436",2,M00815,58,0.003
K20434,0.0,0.0,345.0,NC_005042.1_1253,345.0,9.6e-05,18.0,0.00015,17.4,146.0,183.0,163.0,199.0,K00324,408.4,2.9981037039803435e-118,2.9981037039803435e-118,254.93,full,True,True,False,K20436,1,M00815,43,0.002
K20435,0.0,0.0,424.0,NC_005042.1_1387,424.0,2.9e-53,177.6,7.2e-13,44.5,20.0,153.0,35.0,171.0,K00821,531.9,2.213464373526459e-107,2.213464373526459e-107,730.53,full,True,True,False,"K20434,K20436",2,M00815,219,0.01
K20436,0.0,0.0,,,,1000.0,0.0,,,,,,,,,,0.0,,,,,,K20434,1,M00815,14,0.001
K20437,0.012,0.012,231.0,NC_005042.1_990,231.0,4.7e-16,55.8,2e-15,53.7,12.0,215.0,4.0,221.0,K01838,62.4,0.006554849660258648,0.006554849660258648,308.33,full,True,True,False,"K20434,K20436",2,M00815,1854,0.087
K20438,0.0,0.0,422.0,NC_005042.1_828,422.0,1.2e-14,50.5,1.9e-05,20.3,153.0,239.0,112.0,202.0,K23685,98.1,4.073742799975287e-15,4.073742799975287e-15,,,True,True,False,K20436,1,M00815,211,0.01
K20457,0.0,0.0,593.0,NC_005042.1_1388,593.0,3.8e-87,290.2,4.900000000000001e-87,289.8,67.0,486.0,10.0,405.0,K11754,360.8,5.58833337293664e-22,5.58833337293664e-22,446.53,full,True,True,False,,0,M00126,8,0.0
K20810,0.013,0.007,535.0,NC_005042.1_1390,535.0,4.3e-09,32.2,0.00011,17.6,389.0,508.0,307.0,420.0,K01485,296.2,3.373503341833833e-80,3.373503341833833e-80,306.3,domain,True,True,False,"K11782,K11783,K11784,K11785,K18285",5,M00930,2121,0.099
K20812,0.0,0.0,453.0,NC_005042.1_1061,453.0,3e-43,144.9,4e-43,144.5,1.0,443.0,1.0,453.0,K00703,597.2,6.984462037498481e-137,6.984462037498481e-137,772.2,full,True,True,False,,0,M00854,0,0.0
K20860,0.0,0.0,323.0,NC_005042.1_1331,323.0,0.00091,15.3,0.00097,15.2,237.0,281.0,123.0,167.0,K03273,153.6,2.331050057027897e-42,2.331050057027897e-42,117.6,full,True,True,False,,0,M00125,81,0.004
K20861,0.241,0.047,268.0,NC_005042.1_730,268.0,7.3e-11,39.1,0.0061,13.1,6.0,75.0,12.0,79.0,K07026,254.0,2.0354195043242023e-65,2.0354195043242023e-65,371.77,full,True,True,False,"K00082,K02858,K11753,K20884,K21064",5,M00125,5558,0.26
K20862,0.567,0.08,353.0,NC_005042.1_869,353.0,8.7e-09,32.2,0.43,6.9,63.0,90.0,16.0,44.0,K07015,152.3,7.019360068366897e-37,7.019360068366897e-37,184.8,domain,True,True,False,"K00793,K00794,K01497,K02858,K11752,K11753,K14652,K20861,K20884,K21064,K22912",11,M00125,7253,0.339
K20881,0.13,0.018,269.0,NC_005042.1_350,269.0,7.4e-06,22.6,0.00016,18.2,115.0,233.0,131.0,247.0,K01091,88.2,1.7880406618696725e-20,1.7880406618696725e-20,118.5,full,True,True,False,"K01081,K01487,K03787,K09913,K13480,K13481,K13482",7,M00959,3423,0.16
K20884,0.06,0.06,492.0,NC_005042.1_990,492.0,3.5e-17,59.0,4.4e-17,58.6,74.0,278.0,5.0,221.0,K01838,62.4,0.06023636017593587,0.06023636017593587,278.0,domain,True,True,False,,0,M00125,301,0.014
K20932,0.006,0.006,,,,1000.0,0.0,,,,,,,,,,0.0,,,,,,"K20933,K20934",2,M00973,1937,0.091
K20933,0.0,0.0,,,,1000.0,0.0,,,,,,,,,,0.0,,,,,,,0,M00973,58,0.003
K20934,0.0,0.0,,,,1000.0,0.0,,,,,,,,,,0.0,,,,,,K20933,1,M00973,120,0.006
K20935,0.0,0.0,,,,1000.0,0.0,,,,,,,,,,0.0,,,,,,,0,M00973,0,0.0
K20940,0.013,0.013,509.0,NC_005042.1_836,509.0,1e-08,31.2,13.0,1.1,293.0,313.0,268.0,288.0,K10960,680.5,3.4771531173596434e-196,3.4771531173596434e-196,266.03,full,True,True,False,"K13063,K20260,K20261,K20262,K21103",5,M00835,2905,0.136
K20967,0.0,0.0,,,,1000.0,0.0,,,,,,,,,,0.0,,,,,,,0,M00880,134,0.006
K21056,0.0,0.0,292.0,NC_005042.1_500,292.0,1.9e-31,106.2,1.6e-30,103.2,35.0,279.0,71.0,338.0,K00856,138.6,1.75173836720127e-10,1.75173836720127e-10,464.9,full,True,True,False,,0,M00968,21,0.001
K21060,0.042,0.016,414.0,NC_005042.1_52,414.0,8.999999999999999e-36,120.3,2.1e-05,20.2,4.0,51.0,7.0,53.0,K03153,307.6,4.140776711785765e-57,4.140776711785765e-57,472.5,full,True,True,False,"K12658,K13877,K21061,K21062,K22550",5,M00948,3191,0.149
K21061,0.077,0.052,658.0,NC_005042.1_52,658.0,1.1e-39,133.3,6.4e-39,130.7,190.0,550.0,8.0,351.0,K03153,307.6,3.3921242822948844e-53,3.3921242822948844e-53,330.73,domain,True,True,False,"K12658,K13877,K21060,K21062,K22549,K22550",6,M00948,5842,0.273
K21062,0.064,0.038,371.0,NC_005042.1_1837,371.0,1.1999999999999999e-61,205.3,1.4999999999999999e-61,205.1,73.0,358.0,16.0,301.0,K01714,350.3,2.2420775429196747e-44,2.2420775429196747e-44,295.73,full,True,True,False,"K12658,K13877,K21060,K21061,K22549,K22550",6,M00948,5011,0.234
K21063,0.0,0.0,207.0,NC_005042.1_990,207.0,0.0027,14.1,0.0043,13.4,142.0,186.0,148.0,192.0,K01838,62.4,1.834897952799862e-15,1.834897952799862e-15,246.3,full,True,True,False,,0,M00125,452,0.021
K21064,0.617,0.339,320.0,NC_005042.1_730,320.0,1.4e-20,70.5,3.5e-20,69.2,25.0,247.0,8.0,224.0,K07026,254.0,5.767608798285786e-56,5.767608798285786e-56,178.9,domain,True,True,False,"K00082,K00793,K00794,K01497,K01498,K02858,K11752,K11753,K14652,K20860,K20861,K20862,K20884,K21063,K22912,K22949",16,M00125,14903,0.696
K21071,0.382,0.085,,,,1000.0,0.0,,,,,,,,,,0.0,,,,,,"K00134,K00150,K00844,K00845,K00873,K00886,K00918,K00927,K01623,K01624,K01689,K01803,K01810,K01834,K06859,K08093,K08094,K11389,K11645,K12406,K13810,K13831,K15633,K15634,K15635,K15916,K16305,K16306,K16370,K25026",30,"M00001,M00345",7451,0.348
K21103,0.0,0.0,335.0,NC_005042.1_1049,335.0,0.00012,17.9,0.00017,17.4,164.0,265.0,182.0,286.0,K15256,82.3,4.10835250206892e-20,4.10835250206892e-20,453.33,full,True,True,False,,0,M00835,31,0.001
K21142,0.041,0.024,237.0,NC_005042.1_222,237.0,0.019,11.2,0.034,10.3,40.0,80.0,38.0,78.0,K06180,370.7,6.021664553779402e-109,6.021664553779402e-109,207.43,domain,True,True,False,K03638,1,M00880,3971,0.186
K21160,0.0,0.0,,,,1000.0,0.0,,,,,,,,,,0.0,,,,,,"K21161,K21165,K21166",3,M00824,149,0.007
K21161,0.0,0.0,,,,1000.0,0.0,,,,,,,,,,0.0,,,,,,"K21160,K21163,K21165,K21166",4,M00824,262,0.012
K21162,0.016,0.014,,,,1000.0,0.0,,,,,,,,,,0.0,,,,,,"K15314,K21160,K21161,K21163,K21164,K21165,K21166,K21167",8,M00824,2999,0.14
K21163,0.001,0.001,,,,1000.0,0.0,,,,,,,,,,0.0,,,,,,"K21160,K21161,K21165,K21166",4,M00824,759,0.035
K21164,0.029,0.027,,,,1000.0,0.0,,,,,,,,,,0.0,,,,,,"K15314,K21160,K21161,K21162,K21163,K21165,K21166,K21167",8,M00824,4207,0.197
K21165,0.0,0.0,,,,1000.0,0.0,,,,,,,,,,0.0,,,,,,"K21160,K21161,K21166",3,M00824,136,0.006
K21166,0.0,0.0,549.0,NC_005042.1_812,549.0,8.8e-12,40.7,2.5e-05,19.4,451.0,514.0,479.0,542.0,K20927,148.4,3.61046840065305e-33,3.61046840065305e-33,911.83,full,True,True,False,"K21160,K21161,K21165",3,M00824,188,0.009
K21167,0.008,0.006,,,,1000.0,0.0,,,,,,,,,,0.0,,,,,,"K15314,K21160,K21161,K21163,K21164,K21165,K21166",7,M00824,1926,0.09
K21175,0.0,0.0,235.0,NC_005042.1_212,235.0,3.6e-54,180.4,4.3e-54,180.1,36.0,220.0,2.0,193.0,K01658,321.4,3.587322579430584e-43,3.587322579430584e-43,,,True,True,False,"K20159,K21179",2,M00826,52,0.002
K21176,0.0,0.0,,,,1000.0,0.0,,,,,,,,,,0.0,,,,,,"K20159,K21175,K21179",3,M00826,283,0.013
K21177,0.002,0.002,,,,1000.0,0.0,,,,,,,,,,0.0,,,,,,"K20159,K21175,K21176,K21178,K21179",5,M00826,1120,0.052
K21178,0.0,0.0,335.0,NC_005042.1_199,335.0,1.3e-05,21.4,2.3e-05,20.5,173.0,243.0,38.0,107.0,K03438,372.2,2.5042490694967865e-106,2.5042490694967865e-106,487.03,full,True,True,False,"K21175,K21179",2,M00826,83,0.004
K21179,0.0,0.0,,,,1000.0,0.0,,,,,,,,,,0.0,,,,,,K21175,1,M00826,15,0.001
K21181,0.0,0.0,,,,1000.0,0.0,,,,,,,,,,0.0,,,,,,K21182,1,"M00827,M00828",116,0.005
K21182,0.0,0.0,1058.0,NC_005042.1_1050,1058.0,8.4e-34,113.7,5.1e-33,111.1,476.0,975.0,103.0,641.0,K01895,1017.2,1.0456802791701125e-272,1.0456802791701125e-272,835.8,domain,True,True,False,K21181,1,"M00827,M00828",100,0.005
K21183,0.0,0.0,91.0,NC_005042.1_1792,91.0,0.00043,16.9,0.00046,16.8,11.0,63.0,3.0,58.0,K02078,110.7,5.799440985600008e-29,5.799440985600008e-29,88.27,domain,True,True,False,"K21181,K21182,K21188",3,"M00827,M00828",345,0.016
K21184,0.003,0.003,,,,1000.0,0.0,,,,,,,,,,0.0,,,,,,"K21181,K21182",2,M00827,1329,0.062
K21185,0.979,0.979,183.0,NC_005042.1_960,183.0,3.4e-29,98.5,3.8e-29,98.4,18.0,157.0,11.0,148.0,K21185,98.5,0.9780187304952812,0.9780187304952812,182.77,full,False,True,False,"K16431,K21181,K21182,K21183,K21184",5,M00827,4126,0.193
K21188,0.0,0.0,456.0,NC_005042.1_1652,456.0,8.800000000000001e-60,199.4,1.3e-59,198.9,40.0,445.0,35.0,429.0,K00833,507.9,1.355958312027565e-93,1.355958312027565e-93,515.73,full,True,True,False,,0,M00828,88,0.004
K21191,0.0,0.0,548.0,NC_005042.1_1050,548.0,1.6999999999999998e-31,105.9,3.1999999999999997e-31,105.0,40.0,545.0,102.0,638.0,K01895,1017.2,4.692075064592292e-275,4.692075064592292e-275,1000.87,full,True,True,False,K21192,1,M00829,11,0.001
K21192,0.0,0.0,,,,1000.0,0.0,,,,,,,,,,0.0,,,,,,K21191,1,M00829,13,0.001
K21219,0.0,0.0,,,,1000.0,0.0,,,,,,,,,,0.0,,,,,,,0,"M00127,M00896,M00899",82,0.004
K21220,0.0,0.0,,,,1000.0,0.0,,,,,,,,,,0.0,,,,,,,0,M00896,0,0.0
K21254,0.0,0.0,1274.0,NC_005042.1_1793,1274.0,2.4999999999999998e-31,105.0,3.3e-31,104.6,72.0,395.0,50.0,381.0,K09458,589.4,1.5172952574498334e-146,1.5172952574498334e-146,2041.07,domain,True,True,False,"K21257,K21262",2,"M00833,M00834",28,0.001
K21255,0.002,0.002,,,,1000.0,0.0,,,,,,,,,,0.0,,,,,,"K21254,K21256,K21257,K21259,K21260,K21261,K21262,K21263",8,"M00833,M00834",1131,0.053
K21256,0.0,0.0,420.0,NC_005042.1_836,420.0,5.8e-07,25.5,0.47,6.0,102.0,135.0,89.0,122.0,K10960,680.5,6.68887130434713e-198,6.68887130434713e-198,,,True,True,False,"K21254,K21257,K21260,K21262",4,"M00833,M00834",87,0.004
K21257,0.0,0.0,,,,1000.0,0.0,,,,,,,,,,0.0,,,,,,"K21260,K21262",2,"M00833,M00834",14,0.001
K21258,0.0,0.0,,,,1000.0,0.0,,,,,,,,,,0.0,,,,,,"K21254,K21257,K21260,K21262",4,"M00833,M00834",357,0.017
K21259,0.0,0.0,,,,1000.0,0.0,,,,,,,,,,0.0,,,,,,"K21254,K21257,K21260,K21262,K21263",5,M00833,117,0.005
K21260,0.0,0.0,,,,1000.0,0.0,,,,,,,,,,0.0,,,,,,"K21257,K21262",2,M00833,25,0.001
K21261,0.0,0.0,,,,1000.0,0.0,,,,,,,,,,0.0,,,,,,"K21254,K21257,K21259,K21260,K21262",5,M00833,267,0.012
K21262,0.0,0.0,,,,1000.0,0.0,,,,,,,,,,0.0,,,,,,"K21257,K21260",2,M00833,16,0.001
K21263,0.0,0.0,,,,1000.0,0.0,,,,,,,,,,0.0,,,,,,"K21257,K21259,K21260,K21262",4,M00833,138,0.006
K21277,0.0,0.0,,,,1000.0,0.0,,,,,,,,,,0.0,,,,,,,0,M00851,29,0.001
K21297,0.0,0.0,169.0,NC_005042.1_960,169.0,1e-20,70.8,1.2e-20,70.4,15.0,155.0,9.0,149.0,K21185,98.5,4.485556096568513e-09,4.485556096568513e-09,182.2,full,True,True,False,"K14255,K21301",2,M00823,496,0.023
K21301,0.0,0.0,,,,1000.0,0.0,,,,,,,,,,0.0,,,,,,,0,"M00780,M00823",19,0.001
K21344,1.0,1.0,359.0,NC_005042.1_1335,359.0,1.4e-71,238.2,1.9e-71,237.7,8.0,321.0,179.0,497.0,K21344,238.2,1.0,1.0,414.47,domain,False,True,False,"K03271,K03274,K21345",3,M00064,2369,0.111
K21345,0.482,0.007,215.0,NC_005042.1_1335,215.0,2.1e-17,59.9,3.8e-17,59.1,58.0,155.0,24.0,116.0,K03272,236.9,5.2202435743988034e-54,5.2202435743988034e-54,229.9,domain,True,True,False,"K03274,K21344",2,M00064,2098,0.098
K21428,0.0,0.0,,,,1000.0,0.0,,,,,,,,,,0.0,,,,,,"K21778,K21779",2,M00837,132,0.006
K21456,0.0,0.0,,,,1000.0,0.0,,,,,,,,,,0.0,,,,,,,0,M00118,184,0.009
K21479,0.001,0.001,530.0,NC_005042.1_1697,530.0,3.2000000000000002e-87,290.1,5.1e-87,289.5,3.0,247.0,362.0,605.0,K13541,646.8,4.193730775418773e-108,4.193730775418773e-108,467.97,full,True,True,False,,0,M00924,737,0.034
K21610,0.0,0.0,267.0,NC_005042.1_539,267.0,8.4e-64,212.0,1.1e-63,211.6,6.0,261.0,31.0,291.0,K04037,517.2,1.3355044004650496e-92,1.3355044004650496e-92,404.23,full,True,True,False,,0,M00836,5,0.0
K21611,0.0,0.0,,,,1000.0,0.0,,,,,,,,,,0.0,,,,,,,0,M00836,0,0.0
K21612,0.0,0.0,451.0,NC_005042.1_1451,451.0,6.1e-18,61.5,1.6e-17,60.1,95.0,432.0,106.0,426.0,K01925,406.5,1.3952482803738857e-104,1.3952482803738857e-104,199.53,full,True,True,False,,0,M00836,20,0.001
K21721,0.004,0.002,338.0,NC_005042.1_845,338.0,0.0005,16.1,0.00085,15.3,135.0,228.0,185.0,274.0,K02492,473.3,2.3393003318385217e-138,2.3393003318385217e-138,412.5,full,True,True,False,"K21949,K23371,K23372,K23374,K23375",5,M00875,1231,0.058
K21722,0.005,0.004,355.0,NC_005042.1_893,355.0,2.5e-20,69.7,9.6e-20,67.7,17.0,209.0,52.0,263.0,K15982,106.2,1.0241368923625138e-11,1.0241368923625138e-11,635.53,full,True,True,False,"K21723,K21724",2,M00915,1699,0.079
K21723,0.0,0.0,354.0,NC_005042.1_893,354.0,3.1e-12,42.9,7.4e-12,41.6,17.0,202.0,52.0,248.0,K15982,106.2,8.765044536803574e-20,8.765044536803574e-20,620.63,full,True,True,False,,0,M00915,66,0.003
K21724,0.001,0.001,,,,1000.0,0.0,,,,,,,,,,0.0,,,,,,K21723,1,M00915,621,0.029
K21778,0.0,0.0,852.0,NC_005042.1_1387,852.0,1.2e-66,222.4,0.38,5.7,815.0,840.0,387.0,412.0,K00821,531.9,6.77979156013762e-94,6.77979156013762e-94,1490.23,full,True,True,False,"K21428,K21779",2,M00837,121,0.006
K21779,0.0,0.0,676.0,NC_005042.1_1744,676.0,5e-06,21.7,4.4e-05,18.6,155.0,196.0,4.0,47.0,K11450,51.6,9.611822076581776e-10,9.611822076581776e-10,755.97,full,True,True,False,"K21428,K21778,K21780,K21783",4,M00837,75,0.004
K21780,0.0,0.0,519.0,NC_005042.1_1050,519.0,7.6e-41,136.7,1.6e-40,135.7,32.0,514.0,117.0,635.0,K01895,1017.2,8.771801955288517e-266,8.771801955288517e-266,569.47,domain,True,True,False,"K21428,K21778,K21779,K21782,K21783,K21787,K21791",7,"M00837,M00838",163,0.008
K21781,0.0,0.0,,,,1000.0,0.0,,,,,,,,,,0.0,,,,,,"K21428,K21778,K21779,K21780,K21782,K21783,K21787,K21791",8,"M00837,M00838",453,0.021
K21782,0.0,0.0,388.0,NC_005042.1_19,388.0,0.0021,13.7,0.0029,13.2,154.0,206.0,86.0,141.0,K06949,268.7,1.7272337110189023e-77,1.7272337110189023e-77,507.23,full,True,True,False,"K21428,K21778,K21779,K21780,K21781,K21783,K21787,K21791",8,"M00837,M00838",421,0.02
K21783,0.0,0.0,905.0,NC_005042.1_1793,905.0,1.9000000000000002e-38,129.3,1.6e-37,126.3,633.0,866.0,148.0,387.0,K09458,589.4,3.134000020708698e-139,3.134000020708698e-139,540.2,domain,True,True,False,"K21428,K21778,K21779,K21780,K21787,K21791",6,"M00837,M00838",177,0.008
K21784,0.0,0.0,613.0,NC_005042.1_1648,613.0,3.8e-79,263.5,4.7e-79,263.2,256.0,593.0,35.0,372.0,K00652,422.1,1.805687899443811e-48,1.805687899443811e-48,772.33,full,True,True,False,"K21428,K21778,K21779,K21780,K21782,K21783,K21787,K21791",8,"M00837,M00838",465,0.022
K21785,0.014,0.013,,,,1000.0,0.0,,,,,,,,,,0.0,,,,,,"K21428,K21778,K21779,K21780,K21781,K21782,K21783,K21784,K21786,K21787,K21791,K21792,K21793",13,"M00837,M00838",2897,0.135
K21786,0.006,0.006,342.0,NC_005042.1_1049,342.0,6.9e-13,45.0,9.4e-13,44.6,171.0,329.0,185.0,347.0,K15256,82.3,5.909906119638555e-12,5.909906119638555e-12,257.47,full,True,True,False,"K21428,K21778,K21779,K21780,K21781,K21782,K21783,K21784,K21787",9,M00837,1941,0.091
K21787,0.0,0.0,910.0,NC_005042.1_930,910.0,0.00056,14.9,36.0,-1.0,79.0,120.0,330.0,371.0,K00873,623.4,6.656526088790906e-184,6.656526088790906e-184,901.23,full,True,True,False,"K21428,K21778,K21779,K21780,K21783,K21791",6,"M00837,M00838",206,0.01
K21791,0.0,0.0,284.0,NC_005042.1_1781,284.0,0.0039,12.9,0.0053,12.5,36.0,124.0,40.0,128.0,K23465,89.0,1.2228188639856694e-23,1.2228188639856694e-23,362.13,full,True,True,False,,0,M00838,112,0.005
K21792,0.008,0.007,2466.0,NC_005042.1_1648,2466.0,1.3000000000000002e-57,191.4,1.5e-57,191.2,1850.0,2196.0,35.0,379.0,K00652,422.1,3.567631586221328e-70,3.567631586221328e-70,2450.87,domain,True,True,False,"K21780,K21781,K21782,K21783,K21784,K21785,K21787,K21791,K21793",9,M00838,2091,0.098
K21793,0.001,0.001,339.0,NC_005042.1_1326,339.0,3.7e-21,72.0,27.0,0.1,305.0,332.0,277.0,304.0,K08678,550.5,9.060393811859122e-145,9.060393811859122e-145,459.8,full,True,True,False,,0,M00838,681,0.032
K21832,0.039,0.024,463.0,NC_005042.1_1446,463.0,6.5e-21,71.2,6.9e-21,71.2,385.0,461.0,16.0,92.0,K02639,182.0,4.424625117914302e-34,4.424625117914302e-34,465.4,domain,True,True,False,"K00301,K00302,K00303,K00304,K00305,K00309,K00315,K00479,K21833,K21834,K25960,K25961",12,M00975,4001,0.187
K21833,0.022,0.006,684.0,NC_005042.1_1384,684.0,1.5e-06,23.6,320.0,-4.0,581.0,603.0,87.0,109.0,K00382,542.8,5.0725490037507636e-157,5.0725490037507636e-157,1049.3,full,True,True,False,"K00302,K00303,K00304,K00305,K00479,K21832,K21834,K25960,K25961",9,M00975,1994,0.093
K21834,0.15,0.06,637.0,NC_005042.1_942,637.0,0.031,9.4,0.035,9.2,238.0,257.0,39.0,58.0,K05524,48.8,1.3466095474421326e-12,1.3466095474421326e-12,838.4,full,True,True,False,"K00301,K00302,K00303,K00304,K00305,K00309,K00479,K00600,K01752,K01754,K21832,K21833,K25960,K25961",14,M00975,6271,0.293
K21898,0.005,0.005,437.0,NC_005042.1_1706,437.0,7.2e-11,37.9,2.3,3.2,312.0,336.0,319.0,342.0,K01775,438.9,1.9362959574246426e-121,1.9362959574246426e-121,209.73,full,True,True,False,"K23446,K23447",2,M00876,1792,0.084
K21949,0.005,0.003,667.0,NC_005042.1_146,667.0,3.5e-85,283.6,4.2e-85,283.3,202.0,502.0,3.0,305.0,K01738,505.4,1.704303601455871e-67,1.704303601455871e-67,343.83,domain,True,True,False,"K21721,K23371,K23372,K23373,K23374,K23375",6,M00875,1469,0.069
K21977,0.003,0.003,238.0,NC_005042.1_261,238.0,4.4000000000000004e-30,101.7,6.999999999999999e-30,101.1,3.0,226.0,204.0,418.0,K13038,381.9,4.481209159110736e-85,4.481209159110736e-85,210.53,domain,True,True,False,K02318,1,M00120,1429,0.067
K22011,0.0,0.0,132.0,NC_005042.1_810,132.0,3.5e-31,104.5,2e-21,72.9,3.0,131.0,11.0,130.0,K03795,323.5,1.1869459682199626e-66,1.1869459682199626e-66,128.27,domain,True,True,False,,0,"M00836,M00924",4,0.0
K22012,0.0,0.0,470.0,NC_005042.1_1136,470.0,4.3e-95,315.8,6.8e-95,315.2,8.0,464.0,3.0,466.0,K02224,509.7,4.2685840843325555e-59,4.2685840843325555e-59,599.33,full,True,True,False,,0,M00836,3,0.0
K22015,0.004,0.004,,,,1000.0,0.0,,,,,,,,,,0.0,,,,,,"K25008,K25123,K25124",3,"M00377,M00618",1535,0.072
K22099,0.0,0.0,,,,1000.0,0.0,,,,,,,,,,0.0,,,,,,K22100,1,M00840,70,0.003
K22100,0.0,0.0,208.0,NC_005042.1_533,208.0,7.900000000000001e-22,74.6,9.800000000000001e-22,74.3,2.0,202.0,42.0,251.0,K01817,191.6,6.018531076210082e-36,6.018531076210082e-36,264.03,full,True,True,False,K22099,1,M00840,23,0.001
K22113,0.0,0.0,,,,1000.0,0.0,,,,,,,,,,0.0,,,,,,K01957,1,M00904,72,0.003
K22114,0.0,0.0,424.0,NC_005042.1_1432,424.0,0.00028,16.6,0.00083,15.0,60.0,291.0,62.0,303.0,K01945,564.9,8.815630472612477e-166,8.815630472612477e-166,619.83,full,True,True,False,,0,M00904,394,0.018
K22116,0.002,0.001,,,,1000.0,0.0,,,,,,,,,,0.0,,,,,,"K01932,K22976,K22981",3,M00860,960,0.045
K22225,0.002,0.002,,,,1000.0,0.0,,,,,,,,,,0.0,,,,,,,0,M00847,1050,0.049
K22226,0.283,0.28,438.0,NC_005042.1_799,438.0,6.4e-16,55.2,1.4e-14,50.9,60.0,334.0,14.0,278.0,K24696,57.4,0.17858311277364655,0.17858311277364655,373.8,full,True,True,False,"K22225,K22227,K25033",3,M00847,8968,0.419
K22227,0.013,0.012,529.0,NC_005042.1_799,529.0,1.9e-11,40.2,2.8e-11,39.6,56.0,191.0,16.0,152.0,K24696,57.4,5.449924095875466e-06,5.449924095875466e-06,363.03,full,True,True,False,K22225,1,M00847,2827,0.132
K22269,0.0,0.0,,,,1000.0,0.0,,,,,,,,,,0.0,,,,,,,0,M00890,7,0.0
K22283,0.0,0.0,,,,1000.0,0.0,,,,,,,,,,0.0,,,,,,,0,M00098,0,0.0
K22284,0.0,0.0,,,,1000.0,0.0,,,,,,,,,,0.0,,,,,,,0,M00098,0,0.0
K22305,1.0,1.0,212.0,NC_005042.1_510,212.0,4.0000000000000003e-112,369.8,4.3e-63,209.6,4.0,208.0,229.0,435.0,K22305,369.8,1.0,1.0,212.67,domain,False,True,False,"K00058,K00831,K01079,K02203,K25528",5,M00020,9689,0.453
K22316,0.636,0.034,556.0,NC_005042.1_510,556.0,3.5999999999999997e-68,227.5,1.5e-34,116.5,295.0,502.0,224.0,434.0,K22305,369.8,1.4569062856424454e-43,1.4569062856424454e-43,269.6,full,True,True,False,"K00768,K00798,K02227,K02231,K02232,K02233",6,M00122,4700,0.22
K22346,0.0,0.0,,,,1000.0,0.0,,,,,,,,,,0.0,,,,,,,0,M00851,40,0.002
K22391,0.661,0.456,,,,1000.0,0.0,,,,,,,,,,0.0,,,,,,"K00287,K00796,K00950,K01077,K01113,K01495,K01633,K08310,K09007,K11754,K13939,K13940,K13941,K13998,K19965,K20457",16,M00126,17277,0.807
K22451,0.001,0.001,665.0,NC_005042.1_1145,665.0,4.4e-17,58.7,8e-10,34.7,32.0,171.0,3.0,195.0,K16149,525.9,2.2844729803110138e-141,2.2844729803110138e-141,192.33,full,True,True,False,,0,M00855,840,0.039
K22477,0.397,0.044,198.0,NC_005042.1_559,198.0,8.7e-09,32.1,1.3e-08,31.5,108.0,181.0,98.0,169.0,K22450,152.1,7.523163845262668e-37,7.523163845262668e-37,81.67,full,True,True,False,"K00145,K00619,K00620,K00818,K00930,K01438,K14677,K14681,K14682",9,M00028,5388,0.252
K22478,0.001,0.0,435.0,NC_005042.1_494,435.0,8.399999999999999e-43,143.4,9.999999999999999e-43,143.1,30.0,285.0,37.0,301.0,K00930,440.5,3.664276929328436e-90,3.664276929328436e-90,516.47,full,True,True,False,"K09065,K12659",2,"M00028,M00845",553,0.026
K22480,0.0,0.0,775.0,NC_005042.1_1744,775.0,3.3e-08,28.7,1.1e-07,27.0,142.0,180.0,3.0,41.0,K11450,51.6,1.2303132258024657e-07,1.2303132258024657e-07,1091.73,full,True,True,False,,0,"M00356,M00357,M00563,M00567,M00617",175,0.008
K22481,0.0,0.0,,,,1000.0,0.0,,,,,,,,,,0.0,,,,,,,0,"M00356,M00357,M00563,M00567,M00617",85,0.004
K22482,0.0,0.0,198.0,NC_005042.1_186,198.0,1.9e-05,21.2,0.051,10.0,23.0,44.0,54.0,75.0,K05580,328.8,2.530307680540605e-93,2.530307680540605e-93,173.5,full,True,True,False,,0,"M00356,M00357,M00563,M00567,M00617",71,0.003
K22501,0.0,0.0,,,,1000.0,0.0,,,,,,,,,,0.0,,,,,,,0,M00153,118,0.006
K22516,0.067,0.022,,,,1000.0,0.0,,,,,,,,,,0.0,,,,,,"K00200,K00201,K00202,K00320,K00577,K00625,K00672,K01499,K11260,K13942,K16178,K22480,K22482",13,"M00356,M00357,M00563,M00567,M00617",3799,0.178
K22549,0.062,0.034,601.0,NC_005042.1_242,601.0,4.2e-11,38.9,0.0073,11.7,315.0,441.0,182.0,302.0,K22124,79.9,4.5473026596723076e-13,4.5473026596723076e-13,406.57,full,True,True,False,"K12658,K13877,K21061,K21062,K22550",5,M00948,4721,0.221
K22550,0.056,0.027,127.0,NC_005042.1_1271,127.0,8.5e-05,19.1,9.2e-05,19.0,63.0,98.0,32.0,68.0,K24718,30.3,0.00016488802943128664,0.00016488802943128664,94.6,full,True,True,False,"K12658,K13877,K21060,K21061,K21062,K22549",6,M00948,4202,0.196
K22568,0.0,0.0,,,,1000.0,0.0,,,,,,,,,,0.0,,,,,,,0,M00741,0,0.0
K22598,0.008,0.008,,,,1000.0,0.0,,,,,,,,,,0.0,,,,,,K22269,1,M00890,2345,0.11
K22622,0.022,0.017,324.0,NC_005042.1_1153,324.0,4.5e-06,23.1,5.5e-06,22.8,87.0,126.0,55.0,95.0,K13300,56.9,4.3200072339459943e-11,4.3200072339459943e-11,133.7,domain,True,True,False,"K17222,K17223,K17224,K17225,K17226,K17227",6,M00595,3370,0.157
K22699,0.0,0.0,261.0,NC_005042.1_1744,261.0,2.4e-09,33.7,3.8e-09,33.1,25.0,64.0,2.0,43.0,K11450,51.6,3.9370023225678995e-06,3.9370023225678995e-06,258.23,domain,True,True,False,K21219,1,M00896,390,0.018
K22813,0.0,0.0,,,,1000.0,0.0,,,,,,,,,,0.0,,,,,,,0,M00849,0,0.0
K22850,0.0,0.0,,,,1000.0,0.0,,,,,,,,,,0.0,,,,,,K22852,1,M00853,258,0.012
K22851,0.0,0.0,,,,1000.0,0.0,,,,,,,,,,0.0,,,,,,"K22852,K22853,K22854",3,M00853,431,0.02
K22852,0.0,0.0,,,,1000.0,0.0,,,,,,,,,,0.0,,,,,,,0,M00853,3,0.0
K22853,0.0,0.0,,,,1000.0,0.0,,,,,,,,,,0.0,,,,,,"K22851,K22852,K22854",3,M00853,429,0.02
K22854,0.0,0.0,,,,1000.0,0.0,,,,,,,,,,0.0,,,,,,,0,M00853,5,0.0
K22879,0.101,0.011,617.0,NC_005042.1_1256,617.0,2e-12,42.9,0.089,7.7,170.0,198.0,5.0,33.0,K00384,472.1,6.279511512979863e-130,6.279511512979863e-130,194.3,full,True,True,False,"K00087,K00106,K00365,K01466,K01477,K07127,K11177,K11178,K13479,K13481,K13482,K13483,K13484,K13485,K16838,K16842",16,M00546,2704,0.126
K22896,0.0,0.0,,,,1000.0,0.0,,,,,,,,,,0.0,,,,,,"K00531,K22897,K22898",3,M00175,147,0.007
K22897,0.0,0.0,461.0,NC_005042.1_540,461.0,1.9e-11,40.1,2.8e-11,39.6,227.0,443.0,211.0,421.0,K04039,783.6,1.5282634401316898e-224,1.5282634401316898e-224,845.47,full,True,True,False,"K00531,K22896,K22898",3,M00175,142,0.007
K22898,0.0,0.0,,,,1000.0,0.0,,,,,,,,,,0.0,,,,,,"K22896,K22897",2,M00175,43,0.002
K22899,0.001,0.0,275.0,NC_005042.1_539,275.0,1.0999999999999999e-53,179.1,1.4e-53,178.8,5.0,261.0,32.0,286.0,K04037,517.2,1.6663202265264137e-102,1.6663202265264137e-102,558.9,full,True,True,False,"K00531,K02586,K02591,K22896,K22897,K22898",6,M00175,569,0.027
K22906,0.0,0.0,,,,1000.0,0.0,,,,,,,,,,0.0,,,,,,,0,M00967,203,0.009
K22912,0.0,0.0,370.0,NC_005042.1_990,370.0,2.1e-12,43.7,2.8e-12,43.3,180.0,319.0,73.0,218.0,K01838,62.4,1.493137448140914e-06,1.493137448140914e-06,207.83,full,True,True,False,,0,M00125,7,0.0
K22914,0.0,0.0,,,,1000.0,0.0,,,,,,,,,,0.0,,,,,,"K22921,K22922,K22923,K22925",4,M00857,48,0.002
K22915,0.0,0.0,,,,1000.0,0.0,,,,,,,,,,0.0,,,,,,"K22914,K22916,K22917,K22921,K22922,K22923,K22924,K22925,K22926",9,M00857,219,0.01
K22916,0.0,0.0,578.0,NC_005042.1_682,578.0,8.7e-18,60.7,1.1e-17,60.3,381.0,530.0,189.0,337.0,K00754,205.9,1.951841867715099e-44,1.951841867715099e-44,913.27,full,True,True,False,"K22914,K22915,K22917,K22921,K22922,K22923,K22924,K22925,K22926",9,M00857,250,0.012
K22917,0.0,0.0,639.0,NC_005042.1_6,639.0,5e-05,18.6,0.00025,16.3,135.0,298.0,56.0,215.0,K09667,93.1,3.7433910251269266e-23,3.7433910251269266e-23,698.9,full,True,True,False,"K22914,K22915,K22916,K22921,K22922,K22923,K22924,K22925",8,M00857,222,0.01
K22918,0.007,0.007,180.0,NC_005042.1_1248,180.0,0.0087,12.5,780.0,-3.6,54.0,64.0,380.0,390.0,K00099,609.3,2.214616787774792e-180,2.214616787774792e-180,413.97,full,True,True,False,,0,M00856,2129,0.099
K22921,0.0,0.0,,,,1000.0,0.0,,,,,,,,,,0.0,,,,,,"K22914,K22922,K22923,K22925",4,M00857,36,0.002
K22922,0.0,0.0,,,,1000.0,0.0,,,,,,,,,,0.0,,,,,,"K22914,K22921,K22923,K22925",4,M00857,35,0.002
K22923,0.0,0.0,225.0,NC_005042.1_221,225.0,1.1e-23,80.8,0.0025,14.2,21.0,61.0,300.0,339.0,K02031,644.3,2.340324842023938e-170,2.340324842023938e-170,270.73,full,True,True,False,"K22914,K22921,K22922,K22925",4,M00857,35,0.002
K22924,0.0,0.0,,,,1000.0,0.0,,,,,,,,,,0.0,,,,,,"K22914,K22915,K22916,K22917,K22921,K22922,K22923,K22925",8,M00857,172,0.008
K22925,0.0,0.0,346.0,NC_005042.1_1328,346.0,1.7e-37,125.9,4.5e-37,124.5,18.0,338.0,4.0,336.0,K08679,520.6,1.525670368362071e-119,1.525670368362071e-119,790.23,full,True,True,False,"K22914,K22921,K22922,K22923",4,M00857,23,0.001
K22926,0.0,0.0,425.0,NC_005042.1_1325,425.0,2.2e-20,69.7,3.6e-20,69.0,8.0,368.0,7.0,385.0,K00012,607.7,1.1113793747425612e-162,1.1113793747425612e-162,943.3,full,True,True,False,"K22914,K22921,K22922,K22923,K22925",5,M00857,73,0.003
K22944,0.001,0.001,,,,1000.0,0.0,,,,,,,,,,0.0,,,,,,,0,M00575,951,0.044
K22949,0.0,0.0,383.0,NC_005042.1_1360,383.0,7.9e-21,71.4,6.7e-20,68.3,106.0,295.0,14.0,187.0,K11753,327.8,6.544991875066517e-78,6.544991875066517e-78,239.8,full,True,True,False,,0,M00125,2,0.0
K22976,0.0,0.0,,,,1000.0,0.0,,,,,,,,,,0.0,,,,,,,0,M00860,70,0.003
K22977,0.0,0.0,,,,1000.0,0.0,,,,,,,,,,0.0,,,,,,K22976,1,M00860,359,0.017
K22980,0.003,0.003,,,,1000.0,0.0,,,,,,,,,,0.0,,,,,,"K22976,K22977",2,M00860,1440,0.067
K22981,0.0,0.0,,,,1000.0,0.0,,,,,,,,,,0.0,,,,,,,0,M00860,68,0.003
K22997,0.002,0.002,,,,1000.0,0.0,,,,,,,,,,0.0,,,,,,"K18686,K22998",2,M00921,1111,0.052
K22998,0.0,0.0,,,,1000.0,0.0,,,,,,,,,,0.0,,,,,,K18686,1,M00921,28,0.001
K23082,0.0,0.0,,,,1000.0,0.0,,,,,,,,,,0.0,,,,,,K12977,1,M00867,96,0.004
K23083,0.001,0.001,,,,1000.0,0.0,,,,,,,,,,0.0,,,,,,"K12977,K23082,K23159",3,M00867,837,0.039
K23094,1.0,1.0,465.0,NC_005042.1_204,465.0,1.4e-102,340.6,1.8e-102,340.3,136.0,435.0,16.0,314.0,K23094,340.6,1.0,1.0,190.63,full,False,False,False,"K12073,K17872,K23095",3,M00932,177,0.008
K23095,1.0,1.0,422.0,NC_005042.1_424,422.0,7e-96,318.2,8.4e-96,317.9,53.0,278.0,8.0,231.0,K23095,318.2,1.0,1.0,248.03,full,False,False,False,"K12073,K17872,K23094",3,M00932,189,0.009
K23120,0.001,0.0,266.0,NC_005042.1_1253,266.0,0.019,11.0,0.029,10.5,118.0,157.0,167.0,206.0,K00324,408.4,2.342268518734746e-120,2.342268518734746e-120,216.47,full,True,True,False,"K01780,K23122",2,M00949,525,0.025
K23122,0.001,0.0,,,,1000.0,0.0,,,,,,,,,,0.0,,,,,,"K01780,K23120",2,M00949,403,0.019
K23144,0.026,0.026,413.0,NC_005042.1_1059,413.0,2.9e-79,263.4,1.5e-33,112.8,266.0,411.0,314.0,442.0,K04042,598.1,1.7589781766259784e-101,1.7589781766259784e-101,412.97,full,True,True,False,"K00972,K11528",2,M00909,4120,0.193
K23159,0.0,0.0,,,,1000.0,0.0,,,,,,,,,,0.0,,,,,,"K12977,K23082",2,M00867,440,0.021
K23163,1.0,1.0,401.0,NC_005042.1_1601,401.0,0.00042,16.2,360.0,-3.4,73.0,119.0,20.0,62.0,K23163,16.2,1.0,1.0,490.4,full,False,True,False,"K00380,K00381,K00390,K00392,K00860,K00955,K00956,K00957,K00958,K02045,K02046,K02047,K02048",13,M00616,8114,0.379
K23234,0.0,0.0,549.0,NC_005042.1_372,549.0,1.4e-48,162.3,1.9e-48,161.9,83.0,503.0,20.0,430.0,K25072,531.4,7.759408217512127e-112,7.759408217512127e-112,711.2,full,True,True,False,,0,M00038,0,0.0
K23264,1.0,1.0,211.0,NC_005042.1_857,211.0,8.300000000000001e-27,91.7,8.5e-27,91.7,65.0,144.0,4.0,82.0,K23264,91.7,1.0,1.0,39.47,domain,False,False,False,"K00602,K00764,K01492,K01588,K01589,K01756,K01923,K01933,K01945,K11175,K11788,K11808,K23265,K23269",14,M00048,8809,0.412
K23265,1.0,1.0,578.0,NC_005042.1_858,578.0,5.6000000000000004e-98,325.8,6.2e-98,325.7,223.0,438.0,1.0,216.0,K23265,325.8,1.0,1.0,200.83,domain,False,False,False,"K00601,K00602,K00764,K01492,K01587,K01588,K01589,K01756,K01923,K01933,K01945,K11175,K11787,K11788,K11808,K13713,K23264,K23269,K23270",19,M00048,9228,0.431
K23269,1.0,1.0,997.0,NC_005042.1_3,997.0,0.0,1099.2,0.0,1098.8,202.0,921.0,28.0,800.0,K23269,1099.2,1.0,1.0,729.0,full,False,False,False,"K00602,K00764,K01492,K01588,K01589,K01756,K01923,K01933,K01945,K11175,K11787,K11788,K11808,K13713,K23264,K23265",16,M00048,9049,0.423
K23270,0.0,0.0,994.0,NC_005042.1_3,994.0,7.9e-152,504.0,1.7e-149,496.2,215.0,969.0,44.0,796.0,K23269,1099.2,6.713462707403922e-180,6.713462707403922e-180,902.33,full,True,True,False,"K00601,K01492,K01587",3,M00048,295,0.014
K23304,0.0,0.0,270.0,NC_005042.1_805,270.0,3.9e-32,108.3,5.1e-32,107.9,4.0,261.0,34.0,287.0,K00651,283.8,1.4765078523611624e-53,1.4765078523611624e-53,346.9,full,True,True,False,,0,M00021,198,0.009
K23371,0.0,0.0,,,,1000.0,0.0,,,,,,,,,,0.0,,,,,,,0,M00875,237,0.011
K23372,0.004,0.003,,,,1000.0,0.0,,,,,,,,,,0.0,,,,,,"K21721,K21949,K23371,K23373,K23374,K23375",6,M00875,1292,0.06
K23373,0.006,0.005,422.0,NC_005042.1_1114,422.0,4.1e-46,154.0,5.2999999999999994e-46,153.6,27.0,411.0,44.0,429.0,K01586,443.3,8.166242162943812e-88,8.166242162943812e-88,510.8,full,True,True,False,"K21721,K21949,K23371,K23372,K23374,K23375",6,M00875,1751,0.082
K23374,0.001,0.0,,,,1000.0,0.0,,,,,,,,,,0.0,,,,,,"K23371,K23372,K23375",3,M00875,568,0.027
K23375,0.002,0.001,617.0,NC_005042.1_520,617.0,0.011,11.2,0.014,10.8,230.0,303.0,73.0,146.0,K01772,450.5,5.7216713011185694e-133,5.7216713011185694e-133,409.27,full,True,True,False,"K21721,K23371,K23372,K23373,K23374",5,M00875,797,0.037
K23446,0.001,0.001,,,,1000.0,0.0,,,,,,,,,,0.0,,,,,,K23447,1,M00876,704,0.033
K23447,0.002,0.002,,,,1000.0,0.0,,,,,,,,,,0.0,,,,,,K23446,1,M00876,1081,0.051
K23669,0.0,0.0,,,,1000.0,0.0,,,,,,,,,,0.0,,,,,,,0,M00906,533,0.025
K23670,0.0,0.0,,,,1000.0,0.0,,,,,,,,,,0.0,,,,,,,0,M00906,274,0.013
K23671,1.0,1.0,511.0,NC_005042.1_400,511.0,9e-47,156.6,1.1e-46,156.3,19.0,507.0,17.0,488.0,K23671,156.6,1.0,1.0,,,False,True,False,,0,M00906,166,0.008
K23672,0.0,0.0,,,,1000.0,0.0,,,,,,,,,,0.0,,,,,,,0,M00906,132,0.006
K23673,0.0,0.0,,,,1000.0,0.0,,,,,,,,,,0.0,,,,,,,0,M00906,434,0.02
K23734,1.0,1.0,358.0,NC_005042.1_535,358.0,1.9000000000000002e-38,129.4,2.2e-38,129.2,93.0,269.0,1.0,183.0,K23734,129.4,0.999999999996831,0.999999999996831,221.07,domain,False,True,False,K23735,1,M00883,1836,0.086
K23735,0.0,0.0,367.0,NC_005042.1_394,367.0,4.6e-51,171.2,5.7e-51,170.9,110.0,309.0,24.0,220.0,K03801,249.7,2.3396200816091756e-24,2.3396200816091756e-24,261.37,full,True,True,False,,0,M00883,5,0.0
K23977,0.0,0.0,450.0,NC_005042.1_1027,450.0,1.4999999999999998e-49,165.6,1.9e-49,165.3,90.0,444.0,34.0,386.0,K00812,482.6,3.7453410837536743e-96,3.7453410837536743e-96,672.43,full,True,True,False,,0,M00034,11,0.001
K23987,0.004,0.004,478.0,NC_005042.1_1336,478.0,2.4e-11,40.0,3.2e-11,39.6,186.0,334.0,3.0,167.0,K19997,125.7,1.5912168593304645e-26,1.5912168593304645e-26,412.83,full,True,True,False,,0,M00793,1714,0.08
K23995,0.002,0.002,,,,1000.0,0.0,,,,,,,,,,0.0,,,,,,"K10944,K10945,K10946,K14028,K14029,K16157,K16158,K16159,K16160,K16161,K16162",11,M00174,1097,0.051
K24017,0.257,0.022,278.0,NC_005042.1_876,278.0,2.2e-72,240.3,2.4e-72,240.2,24.0,268.0,2.0,249.0,K01814,297.6,5.636133201510327e-18,5.636133201510327e-18,300.53,domain,True,True,False,"K01496,K01523,K01656,K01693,K01694,K05602,K06001",7,"M00023,M00026",3819,0.178
K24018,0.997,0.995,740.0,NC_005042.1_1057,740.0,1.5e-139,463.1,1.9e-139,462.8,310.0,726.0,14.0,437.0,K24018,463.1,0.9941140813200643,0.9941140813200643,755.23,full,False,True,False,"K00014,K00220,K00832,K00891,K01626,K01735,K01736,K03785,K03786,K03856,K04092,K13829,K13832,K13853,K14170,K15849",16,"M00022,M00040",9161,0.428
K24042,1.0,1.0,628.0,NC_005042.1_179,628.0,1.7e-76,254.5,2.2e-76,254.1,320.0,594.0,16.0,287.0,K24042,254.5,1.0,1.0,361.37,domain,False,True,False,"K00651,K01739",2,M00017,3867,0.181
K24182,0.0,0.0,,,,1000.0,0.0,,,,,,,,,,0.0,,,,,,,0,M00001,0,0.0
K24257,0.0,0.0,,,,1000.0,0.0,,,,,,,,,,0.0,,,,,,,0,M00922,151,0.007
K24258,0.469,0.006,,,,1000.0,0.0,,,,,,,,,,0.0,,,,,,K19068,1,M00923,1965,0.092
K24563,0.0,0.0,3581.0,NC_005042.1_1793,3581.0,1.2e-29,98.2,1.5999999999999999e-29,97.8,1560.0,1878.0,52.0,380.0,K09458,589.4,1.3616520049041757e-148,1.3616520049041757e-148,5355.43,domain,True,True,False,"K14366,K14367,K15997",3,M00774,57,0.003
K24564,0.0,0.0,3196.0,NC_005042.1_1793,3196.0,7.700000000000001e-28,92.6,8.6e-28,92.4,176.0,412.0,143.0,381.0,K09458,589.4,2.8073603002982727e-150,2.8073603002982727e-150,4849.63,domain,True,True,False,"K10817,K14366,K14367,K15997,K24563",5,M00774,138,0.006
K24567,0.0,0.0,6239.0,NC_005042.1_1793,6239.0,7.1e-21,68.3,8.4e-21,68.0,2760.0,3064.0,67.0,380.0,K09458,589.4,1.3591558524087944e-157,1.3591558524087944e-157,,,True,True,False,"K14372,K14375",2,M00777,9,0.0
K24568,0.0,0.0,5532.0,NC_005042.1_1793,5532.0,5e-21,69.2,5.6e-21,69.1,188.0,421.0,144.0,380.0,K09458,589.4,2.5362745018753773e-157,2.5362745018753773e-157,,,True,True,False,"K14371,K14372,K14375,K24567",4,M00777,18,0.001
K24569,0.0,0.0,4881.0,NC_005042.1_162,4881.0,2.4e-33,110.0,3e-33,109.7,3263.0,3555.0,6.0,286.0,K00645,306.1,9.290045697731191e-60,9.290045697731191e-60,,,True,True,False,"K14372,K14375,K24567",3,M00777,18,0.001
K24866,0.353,0.031,327.0,NC_005042.1_477,327.0,2.9e-10,36.6,3.4e-10,36.3,247.0,305.0,349.0,407.0,K01845,669.2,3.7019005119009075e-191,3.7019005119009075e-191,156.0,domain,True,True,False,"K01845,K02188,K02189,K02190,K02191,K02303,K02304,K02492,K03394,K03399,K03794,K03795,K05934,K13542,K21479,K22011",16,"M00846,M00924",4529,0.212
K25007,0.001,0.001,,,,1000.0,0.0,,,,,,,,,,0.0,,,,,,"K00194,K00197,K14138,K15023,K25008",5,"M00377,M00618",757,0.035
K25008,0.0,0.0,654.0,NC_005042.1_1791,654.0,0.00011,17.4,0.0041,12.1,580.0,634.0,7.0,59.0,K02691,165.0,3.6980488180610007e-45,3.6980488180610007e-45,1196.53,full,True,True,False,"K00194,K00197,K00198,K14138,K25123,K25124",6,"M00377,M00618",251,0.012
K25026,0.616,0.355,426.0,NC_005042.1_1074,426.0,1.7e-13,47.2,2.7e-13,46.5,41.0,330.0,3.0,335.0,K00845,299.4,1.2029154240572615e-76,1.2029154240572615e-76,268.3,full,True,True,False,"K00134,K00150,K00844,K00845,K00850,K00873,K00886,K00918,K00927,K00963,K01623,K01624,K01689,K01803,K01810,K01834,K01835,K06859,K11389,K11645,K12406,K12447,K13810,K15633,K15634,K15635,K15778,K15779,K15916,K16305,K16306,K16370,K21071",33,"M00001,M00549",15230,0.712
K25033,0.004,0.004,,,,1000.0,0.0,,,,,,,,,,0.0,,,,,,,0,M00847,1530,0.071
K25123,0.0,0.0,462.0,NC_005042.1_942,462.0,7.1e-08,28.4,8.4e-08,28.2,8.0,63.0,4.0,65.0,K05524,48.8,7.060112264093407e-07,7.060112264093407e-07,651.83,full,True,True,False,"K25008,K25124",2,"M00377,M00618",189,0.009
K25124,0.0,0.0,192.0,NC_005042.1_1791,192.0,1.9e-09,33.9,6.7e-06,22.3,93.0,115.0,9.0,31.0,K02691,165.0,3.427421908382301e-40,3.427421908382301e-40,202.37,full,True,True,False,"K00194,K14138,K25008,K25123",4,"M00377,M00618",240,0.011
K25316,0.083,0.069,364.0,NC_005042.1_1052,364.0,3.1e-09,33.2,5.8e-09,32.3,185.0,330.0,49.0,187.0,K01776,240.5,3.9489524000032864e-63,3.9489524000032864e-63,355.4,full,True,True,False,"K13609,K15737,K25317,K25986,K26061,K26062,K26063,K26064,K26065",9,M00960,6713,0.314
K25317,0.001,0.001,407.0,NC_005042.1_1706,407.0,1.1e-66,221.8,1.3e-66,221.6,39.0,404.0,9.0,379.0,K01775,438.9,4.429838990083387e-66,4.429838990083387e-66,409.77,full,True,True,False,,0,M00960,833,0.039
K25517,0.0,0.0,391.0,NC_005042.1_1890,391.0,0.0007,15.1,0.0033,12.9,275.0,353.0,688.0,768.0,K01682,1429.9,0.0,0.0,347.03,full,True,True,False,K09128,1,M00849,452,0.021
K25518,0.0,0.0,433.0,NC_005042.1_1056,433.0,3.3e-70,233.8,2.1e-08,30.2,1.0,84.0,12.0,98.0,K03182,652.6,8.484725879978939e-127,8.484725879978939e-127,479.83,full,True,True,False,,0,M00849,11,0.001
K25528,0.001,0.001,263.0,NC_005042.1_869,263.0,1.3e-11,41.0,2.8e-10,36.6,180.0,244.0,86.0,151.0,K07015,152.3,3.128682425085483e-34,3.128682425085483e-34,231.17,full,True,True,False,,0,M00020,786,0.037
K25570,0.0,0.0,,,,1000.0,0.0,,,,,,,,,,0.0,,,,,,,0,M00950,82,0.004
K25774,0.0,0.0,546.0,NC_005042.1_395,546.0,8.9e-22,74.1,8.8e-10,34.5,309.0,488.0,408.0,577.0,K01897,452.6,1.148541365390688e-114,1.148541365390688e-114,1025.33,full,True,True,False,,0,"M00374,M00375",1,0.0
K25801,0.0,0.0,,,,1000.0,0.0,,,,,,,,,,0.0,,,,,,,0,"M00009,M00011",0,0.0
K25824,0.0,0.0,,,,1000.0,0.0,,,,,,,,,,0.0,,,,,,,0,M00098,0,0.0
K25960,0.021,0.005,,,,1000.0,0.0,,,,,,,,,,0.0,,,,,,"K00302,K00303,K00304,K00305,K00479,K21832,K21833,K21834,K25961",9,M00975,1838,0.086
K25961,0.021,0.005,,,,1000.0,0.0,,,,,,,,,,0.0,,,,,,"K00302,K00303,K00304,K00305,K00479,K21832,K21833,K21834,K25960",9,M00975,1835,0.086
K25986,0.033,0.018,,,,1000.0,0.0,,,,,,,,,,0.0,,,,,,"K13609,K15737,K25316,K25317,K26061,K26062,K26063,K26064,K26065",9,M00960,3456,0.161
K26061,0.063,0.05,504.0,NC_005042.1_372,504.0,2.5e-36,122.2,3.4e-36,121.9,143.0,470.0,101.0,414.0,K25072,531.4,6.58454506423387e-124,6.58454506423387e-124,754.93,full,True,True,False,"K13609,K15737,K25316,K25317,K25986,K26062,K26063,K26064,K26065",9,M00960,5696,0.266
K26062,0.005,0.001,417.0,NC_005042.1_1387,417.0,8.7e-67,222.5,1.7e-66,221.6,15.0,416.0,35.0,420.0,K00821,531.9,7.266400675682912e-94,7.266400675682912e-94,634.67,full,True,True,False,"K13609,K26065",2,M00960,810,0.038
K26063,0.069,0.055,1018.0,NC_005042.1_1389,1018.0,3.9e-12,41.5,1.2e-11,39.8,54.0,189.0,54.0,189.0,K00104,125.0,7.311312754887977e-26,7.311312754887977e-26,1330.67,full,True,True,False,"K13609,K15737,K25316,K25317,K25986,K26061,K26062,K26064,K26065",9,M00960,5994,0.28
K26064,0.017,0.008,415.0,NC_005042.1_52,415.0,5e-27,91.7,0.00015,17.6,5.0,47.0,9.0,50.0,K03153,307.6,1.0177097521620704e-65,1.0177097521620704e-65,433.37,full,True,True,False,"K13609,K15737,K26061,K26062,K26065",5,M00960,2219,0.104
K26065,0.019,0.009,427.0,NC_005042.1_1332,427.0,2.3e-14,49.7,4.1e-13,45.6,25.0,217.0,5.0,189.0,K15736,359.7,4.794036587204902e-94,4.794036587204902e-94,444.47,full,True,True,False,"K13609,K15737,K25986,K26061,K26062,K26064",6,M00960,2417,0.113
K26069,0.0,0.0,644.0,NC_005042.1_1384,644.0,1.2e-05,20.4,0.0023,12.9,383.0,424.0,7.0,48.0,K00382,542.8,5.519887990702868e-158,5.519887990702868e-158,1311.8,full,True,True,False,"K26070,K26175",2,M00966,33,0.002
K26070,0.0,0.0,286.0,NC_005042.1_448,286.0,1.4e-19,67.2,1.8e-19,66.9,30.0,272.0,15.0,255.0,K00059,366.5,7.974845862249668e-91,7.974845862249668e-91,624.67,full,True,True,False,"K26069,K26175",2,M00966,13,0.001
K26071,0.0,0.0,486.0,NC_005042.1_242,486.0,3.2e-06,23.0,6.9e-06,21.9,6.0,47.0,4.0,45.0,K22124,79.9,7.436642939388274e-18,7.436642939388274e-18,978.07,full,True,True,False,"K26069,K26070,K26175",3,M00966,352,0.016
K26138,0.055,0.021,142.0,NC_005042.1_893,142.0,2.1e-08,30.8,3.6e-08,30.0,11.0,81.0,51.0,121.0,K15982,106.2,1.9966005188298834e-23,1.9966005188298834e-23,102.6,full,True,True,False,"K00372,K02575,K10534,K15576,K15577,K15578,K15579,K26139",8,"M00531,M00615",3706,0.173
K26139,0.077,0.051,754.0,NC_005042.1_98,754.0,1.4e-20,69.9,4.3e-20,68.4,8.0,310.0,10.0,321.0,K17872,389.5,6.177508985694698e-97,6.177508985694698e-97,804.03,domain,True,True,False,"K00366,K00372,K02575,K10534,K15576,K15577,K15578,K15579,K17877,K26138",10,"M00531,M00615",5750,0.269
K26175,0.0,0.0,,,,1000.0,0.0,,,,,,,,,,0.0,,,,,,"K26069,K26070",2,M00966,37,0.002
K26176,0.005,0.005,,,,1000.0,0.0,,,,,,,,,,0.0,,,,,,K22906,1,M00967,1879,0.088
K26178,0.009,0.009,652.0,NC_005042.1_98,652.0,1e-16,57.2,1.4e-16,56.7,389.0,612.0,6.0,257.0,K17872,389.5,9.283942475739901e-101,9.283942475739901e-101,694.83,full,True,True,False,K22906,1,M00967,2402,0.112
K26208,0.001,0.001,297.0,NC_005042.1_500,297.0,2.9e-36,122.1,150.0,-1.7,3.0,19.0,21.0,37.0,K00856,138.6,1.0711398410745348e-05,1.0711398410745348e-05,270.1,full,True,True,False,,0,M00968,810,0.038
K26210,0.0,0.0,232.0,NC_005042.1_869,232.0,4.4e-11,39.5,1.9e-09,34.1,156.0,215.0,90.0,149.0,K07015,152.3,1.1061562794785713e-34,1.1061562794785713e-34,315.5,full,True,True,False,,0,M00968,342,0.016
K26211,0.0,0.0,267.0,NC_005042.1_333,267.0,1.9e-63,211.0,2.4e-63,210.7,2.0,251.0,23.0,271.0,K00772,358.1,5.229830792819666e-45,5.229830792819666e-45,506.33,full,True,True,False,,0,M00968,2,0.0
K26212,0.028,0.028,,,,1000.0,0.0,,,,,,,,,,0.0,,,,,,"K18237,K26210",2,M00968,4246,0.198
K27070,0.0,0.0,,,,1000.0,0.0,,,,,,,,,,0.0,,,,,,,0,M00886,0,0.0
K27071,0.0,0.0,,,,1000.0,0.0,,,,,,,,,,0.0,,,,,,,0,"M00885,M00886",0,0.0
K27072,0.0,0.0,,,,1000.0,0.0,,,,,,,,,,0.0,,,,,,,0,"M00885,M00886",0,0.0
K27073,0.0,0.0,,,,1000.0,0.0,,,,,,,,,,0.0,,,,,,,0,M00886,0,0.0
K27074,0.0,0.0,,,,1000.0,0.0,,,,,,,,,,0.0,,,,,,,0,M00886,0,0.0
K27093,0.0,0.0,,,,1000.0,0.0,,,,,,,,,,0.0,,,,,,,0,M00887,0,0.0
K27094,0.0,0.0,,,,1000.0,0.0,,,,,,,,,,0.0,,,,,,,0,"M00741,M00887",0,0.0
K27095,0.0,0.0,,,,1000.0,0.0,,,,,,,,,,0.0,,,,,,,0,"M00741,M00887",0,0.0
K27109,0.0,0.0,,,,1000.0,0.0,,,,,,,,,,0.0,,,,,,,0,M00155,0,0.0
K27187,0.0,0.0,,,,1000.0,0.0,,,,,,,,,,0.0,,,,,,,0,M00596,0,0.0
K27188,0.0,0.0,,,,1000.0,0.0,,,,,,,,,,0.0,,,,,,,0,M00596,0,0.0
K27189,0.0,0.0,,,,1000.0,0.0,,,,,,,,,,0.0,,,,,,,0,M00596,0,0.0
K27190,0.0,0.0,,,,1000.0,0.0,,,,,,,,,,0.0,,,,,,,0,M00596,0,0.0
K27191,0.0,0.0,,,,1000.0,0.0,,,,,,,,,,0.0,,,,,,,0,M00596,0,0.0
K27196,0.0,0.0,,,,1000.0,0.0,,,,,,,,,,0.0,,,,,,,0,M00596,0,0.0
K27306,0.0,0.0,,,,1000.0,0.0,,,,,,,,,,0.0,,,,,,,0,M00887,0,0.0
K27394,0.0,0.0,,,,1000.0,0.0,,,,,,,,,,0.0,,,,,,,0,"M00001,M00002,M00003",0,0.0
K27542,0.0,0.0,,,,1000.0,0.0,,,,,,,,,,0.0,,,,,,,0,M00978,0,0.0
K27545,0.0,0.0,,,,1000.0,0.0,,,,,,,,,,0.0,,,,,,,0,"M00134,M00978",0,0.0
K27675,0.0,0.0,,,,1000.0,0.0,,,,,,,,,,0.0,,,,,,,0,M00838,0,0.0
K27689,0.0,0.0,,,,1000.0,0.0,,,,,,,,,,0.0,,,,,,,0,M00885,0,0.0
K27802,0.0,0.0,,,,1000.0,0.0,,,,,,,,,,0.0,,,,,,,0,"M00009,M00010,M00012,M00173,M00614,M00740",0,0.0
K28126,0.0,0.0,,,,1000.0,0.0,,,,,,,,,,0.0,,,,,,,0,M00909,0,0.0
K28161,0.0,0.0,,,,1000.0,0.0,,,,,,,,,,0.0,,,,,,,0,M00086,0,0.0
K28192,0.0,0.0,,,,1000.0,0.0,,,,,,,,,,0.0,,,,,,,0,M00909,0,0.0
K28462,0.0,0.0,,,,1000.0,0.0,,,,,,,,,,0.0,,,,,,,0,"M00165,M00611,M00612",0,0.0
K28504,0.0,0.0,,,,1000.0,0.0,,,,,,,,,,0.0,,,,,,,0,"M00528,M00804",0,0.0
