module,module_description,module_confidence,module_confidence_prior,best_path,best_path_reactions,module_frequency,num_steps,num_steps_present_raw,num_steps_present,posterior_mean,posterior_variance,completeness_threshold,credible_interval_low,credible_interval_high,hdi_low,hdi_high,effect_size,best_path_warnings,best_path_flagged_kos,best_path_severe_kos,module_status
M00001,"Glycolysis (Embden-Meyerhof pathway), glucose => pyruvate",0.998,0.989,"K00134,K00845,K00850,K00873,K00927,K01623,K01689,K01803,K01810,K15633","R00200,R00658,R00756,R01015,R01061,R01063,R01068,R01512,R01518,R01786,R13199",0.933,9,8.23,8.7,0.964,0.003181,0.63375,0.7976,1.0,0.964,0.964,5.856,K00134: outcompeted at locus,1,0,"Present: confidence=0.998 with 95% credible interval [0.80, 1.00] and HDI [0.96, 0.96] entirely above threshold=0.63. Posterior mean=0.964, effect size=5.86. Note: 1 KO(s) flagged but within acceptable range."
M00002,"Glycolysis, core module involving three-carbon compounds",0.999,0.999,"K00134,K00873,K00927,K01689,K01803,K15633","R00200,R00658,R01015,R01061,R01063,R01512,R01518",0.966,5,5.0,5.0,0.9969,0.000469,0.63375,0.9714,1.0,0.9969,0.9969,16.77,K00134: outcompeted at locus,1,0,"Present: confidence=0.999 with 95% credible interval [0.97, 1.00] and HDI [1.00, 1.00] entirely above threshold=0.63. Posterior mean=0.997, effect size=16.77. Note: 1 KO(s) flagged but within acceptable range."
M00003,"Gluconeogenesis, oxaloacetate => fructose-6P",0.992,0.963,"K00134,K00927,K01610,K01623,K01689,K01803,K11532,K15633","R00341,R00431,R00658,R00726,R00762,R01015,R01061,R01063,R01068,R01512,R01518",0.82,7,6.24,6.7,0.9476,0.005705,0.63375,0.7271,1.0,0.9476,0.9476,4.156,"K00134: outcompeted at locus | K01610: outcompeted at locus; below KOfam threshold by 71.3 (score=11.0, threshold=82.3, ratio=0.13) | K11532: below KOfam threshold by 44.3 (score=434.5, threshold=478.8, ratio=0.91)",4,1,"Present: confidence=0.992 with 95% credible interval [0.73, 1.00] and HDI [0.95, 0.95] entirely above threshold=0.63. Posterior mean=0.948, effect size=4.16. Note: 4 KO(s) flagged but within acceptable range."
M00004,Pentose phosphate pathway (Pentose phosphate cycle),0.994,0.994,"K00033,K00036,K00615,K00616,K01057,K01783,K01807,K01810","R01056,R01067,R01528,R01529,R01641,R02035,R02736,R02739,R08575,R10221,R10907,R13199",0.633,6,6.0,6.0,0.9666,0.004247,0.63375,0.7663,1.0,0.9666,0.9666,5.107,K00615: outcompeted at locus,1,0,"Present: confidence=0.994 with 95% credible interval [0.77, 1.00] and HDI [0.97, 0.97] entirely above threshold=0.63. Posterior mean=0.967, effect size=5.11. Note: 1 KO(s) flagged but within acceptable range."
M00005,"PRPP biosynthesis, ribose 5P => PRPP",1.0,1.0,K00948,R01049,0.995,1,1.0,1.0,0.9996,0.000204,0.63375,1.0,1.0,0.9996,0.9996,25.626,,0,0,"Present: confidence=1.000 with 95% credible interval [1.00, 1.00] and HDI [1.00, 1.00] entirely above threshold=0.63. Posterior mean=1.000, effect size=25.63."
M00006,"Pentose phosphate pathway, oxidative phase, glucose 6P => ribulose 5P",0.973,0.973,"K00033,K00036,K01057","R01528,R02035,R02736,R10221,R10907",0.603,2,2.0,2.0,0.9639,0.01087,0.63375,0.6145,1.0,0.9639,0.9639,3.167,,0,0,"Likely present: confidence=0.973 and posterior mean=0.964 above threshold=0.63, but credible interval [0.61, 1.00] extends below threshold. HDI [0.96, 0.96], effect size=3.17."
M00007,"Pentose phosphate pathway, non-oxidative phase, fructose 6P => ribose 5P",0.998,0.998,"K00615,K00616,K01783,K01807","R01056,R01067,R01529,R01641,R08575",0.938,4,4.0,4.0,0.9943,0.001043,0.63375,0.9345,1.0,0.9943,0.9943,11.166,K00615: outcompeted at locus,1,0,"Present: confidence=0.998 with 95% credible interval [0.93, 1.00] and HDI [0.99, 0.99] entirely above threshold=0.63. Posterior mean=0.994, effect size=11.17. Note: 1 KO(s) flagged but within acceptable range."
M00008,"Entner-Doudoroff pathway, glucose-6P => glyceraldehyde-3P + pyruvate",0.921,0.735,"K00036,K01057,K01625,K01690","R02035,R02036,R02736,R05605,R10907",0.456,4,3.08,3.7,0.8742,0.020372,0.63375,0.4825,0.9997,0.8742,0.8742,1.684,"K01625: below KOfam threshold by 60.2 (score=128.2, threshold=188.4, ratio=0.68) | K01690: outcompeted at locus; below KOfam threshold by 323.2 (score=292.6, threshold=615.8, ratio=0.48)",3,1,"Likely present: confidence=0.921 and posterior mean=0.874 above threshold=0.63, but credible interval [0.48, 1.00] extends below threshold. HDI [0.87, 0.87], effect size=1.68. Note: 3 KO(s) flagged but within acceptable range."
M00009,"Citrate cycle (TCA cycle, Krebs cycle)",0.946,0.794,"K00030,K00116,K00239,K00240,K00241,K00382,K01616,K01647,K01679,K01682,K18118","R00267,R00268,R00351,R00361,R00621,R00709,R01082,R01324,R01325,R01700,R01899,R01900,R02164,R02570,R03316,R07618,R10343",0.437,8,6.22,7.1,0.8516,0.012896,0.63375,0.569,0.991,0.6276,0.999,1.918,"K00030: below KOfam threshold by 184.2 (score=257.9, threshold=442.1, ratio=0.58) | K00239: below KOfam threshold by 6.7 (score=613.5, threshold=620.2, ratio=0.99) | K00241: below KOfam threshold by 10.4 (score=45.7, threshold=56.1, ratio=0.81) | K01616: outcompeted at locus; below KOfam threshold by 1245.6 (score=73.2, threshold=1318.8, ratio=0.06)",5,1,"Likely present: confidence=0.946 and posterior mean=0.852 above threshold=0.63, but credible interval [0.57, 0.99] extends below threshold. HDI [0.63, 1.00], effect size=1.92. Note: 5 KO(s) flagged but within acceptable range."
M00010,"Citrate cycle, first carbon oxidation, oxaloacetate => 2-oxoglutarate",0.957,0.957,"K00030,K01647,K01682","R00267,R00268,R00351,R00709,R01324,R01325,R01899,R01900",0.241,3,3.0,3.0,0.931,0.014932,0.63375,0.5496,1.0,0.931,0.931,2.433,"K00030: below KOfam threshold by 184.2 (score=257.9, threshold=442.1, ratio=0.58)",1,0,"Likely present: confidence=0.957 and posterior mean=0.931 above threshold=0.63, but credible interval [0.55, 1.00] extends below threshold. HDI [0.93, 0.93], effect size=2.43. Note: 1 KO(s) flagged but within acceptable range."
M00011,"Citrate cycle, second carbon oxidation, 2-oxoglutarate => oxaloacetate",0.843,0.524,"K00116,K00239,K00240,K00241,K00382,K01616,K01679,K18118","R00361,R00621,R01082,R01700,R02164,R02570,R03316,R07618,R10343",0.488,5,3.22,4.1,0.7979,0.02481,0.63375,0.4134,0.9913,0.4865,0.999,1.042,"K00239: below KOfam threshold by 6.7 (score=613.5, threshold=620.2, ratio=0.99) | K00241: below KOfam threshold by 10.4 (score=45.7, threshold=56.1, ratio=0.81) | K01616: outcompeted at locus; below KOfam threshold by 1245.6 (score=73.2, threshold=1318.8, ratio=0.06)",4,1,"Uncertain: confidence=0.843 with credible interval [0.41, 0.99] straddling threshold=0.63. Posterior mean=0.798, HDI [0.49, 1.00]. Module may be present but evidence is inconclusive. Note: 4 KO(s) flagged but within acceptable range."
M00012,Glyoxylate cycle,0.799,0.513,"K00025,K01637,K01647,K01682,K19282","R00342,R00351,R00473,R00479,R01325,R01900,R10612",0.315,5,3.28,4.1,0.77,0.027247,0.63375,0.3787,0.9859,0.4494,0.999,0.825,"K19282: below KOfam threshold by 784.2 (score=11.8, threshold=796.0, ratio=0.01)",1,1,"Uncertain: confidence=0.799 with credible interval [0.38, 0.99] straddling threshold=0.63. Posterior mean=0.770, HDI [0.45, 1.00]. Module may be present but evidence is inconclusive. Note: 1 KO(s) flagged but within acceptable range."
M00015,"Proline biosynthesis, glutamate => proline",0.979,0.979,"K00147,K00286,K00931","R00239,R01251,R03313",0.685,2,2.0,2.0,0.9714,0.008682,0.63375,0.6671,1.0,0.9714,0.9714,3.624,,0,0,"Present: confidence=0.979 with 95% credible interval [0.67, 1.00] and HDI [0.97, 0.97] entirely above threshold=0.63. Posterior mean=0.971, effect size=3.62."
M00016,"Lysine biosynthesis, succinyl-DAP pathway, aspartate => lysine",0.987,0.941,"K00133,K00215,K00674,K00821,K00928,K01439,K01586,K01714,K01778","R00451,R00480,R02291,R02734,R02735,R04198,R04199,R04365,R04475,R10147",0.722,9,7.63,8.4,0.9109,0.007446,0.63375,0.6815,0.9984,0.9109,0.9109,3.212,"K00674: outcompeted at locus; below KOfam threshold by 118.1 (score=39.7, threshold=157.8, ratio=0.25) | K01439: outcompeted at locus; below KOfam threshold by 192.2 (score=89.1, threshold=281.3, ratio=0.32)",4,2,"Present: confidence=0.987 with 95% credible interval [0.68, 1.00] and HDI [0.91, 0.91] entirely above threshold=0.63. Posterior mean=0.911, effect size=3.21. Note: 4 KO(s) flagged but within acceptable range."
M00017,"Methionine biosynthesis, aspartate => homoserine => methionine",0.889,0.762,"K00003,K00133,K00548,K00651,K00928,K01739,K14155","R00480,R00946,R01286,R01773,R01775,R01777,R02291,R03260,R04405",0.583,7,5.26,5.8,0.8103,0.017667,0.63375,0.49,0.9847,0.5526,0.999,1.328,"K01739: outcompeted at locus; below KOfam threshold by 103.8 (score=384.5, threshold=488.3, ratio=0.79) | K14155: outcompeted at locus; below KOfam threshold by 117.9 (score=175.3, threshold=293.2, ratio=0.60)",4,0,"Uncertain: confidence=0.889 with credible interval [0.49, 0.98] straddling threshold=0.63. Posterior mean=0.810, HDI [0.55, 1.00]. Module may be present but evidence is inconclusive. Note: 4 KO(s) flagged but within acceptable range."
M00018,"Threonine biosynthesis, aspartate => homoserine => threonine",0.998,0.998,"K00003,K00133,K00872,K00928,K01733","R00480,R01466,R01771,R01773,R01775,R02291",0.903,5,5.0,5.0,0.9912,0.001341,0.63375,0.8956,1.0,0.9912,0.9912,9.761,,0,0,"Present: confidence=0.998 with 95% credible interval [0.90, 1.00] and HDI [0.99, 0.99] entirely above threshold=0.63. Posterior mean=0.991, effect size=9.76."
M00019,"Valine/isoleucine biosynthesis, pyruvate => valine / 2-oxobutanoate => isoleucine",0.996,0.996,"K00053,K00826,K01652,K01653,K01687","R00226,R01214,R02199,R04439,R04440,R04441,R05068,R05069,R05070,R05071,R08648",0.858,4,4.0,4.0,0.9871,0.002366,0.63375,0.8491,1.0,0.9871,0.9871,7.264,,0,0,"Present: confidence=0.996 with 95% credible interval [0.85, 1.00] and HDI [0.99, 0.99] entirely above threshold=0.63. Posterior mean=0.987, effect size=7.26."
M00020,"Serine biosynthesis, glycerate-3P => serine",0.891,0.804,"K00058,K00831,K22305","R00582,R01513,R04173",0.473,3,2.48,2.7,0.8631,0.027475,0.63375,0.4018,0.9999,0.8631,0.8631,1.384,"K00831: outcompeted at locus; below KOfam threshold by 55.6 (score=66.2, threshold=121.8, ratio=0.54) | K22305: below KOfam threshold by -157.1 (score=369.8, threshold=212.7, ratio=1.74)",3,0,"Uncertain: confidence=0.891 with credible interval [0.40, 1.00] straddling threshold=0.63. Posterior mean=0.863, HDI [0.86, 0.86]. Module may be present but evidence is inconclusive. Note: 3 KO(s) flagged but within acceptable range."
M00021,"Cysteine biosynthesis, serine => cysteine",0.976,0.976,"K00640,K01738","R00586,R00897",0.643,2,2.0,2.0,0.9676,0.009805,0.63375,0.6388,1.0,0.9676,0.9676,3.371,,0,0,"Present: confidence=0.976 with 95% credible interval [0.64, 1.00] and HDI [0.97, 0.97] entirely above threshold=0.63. Posterior mean=0.968, effect size=3.37."
M00022,"Shikimate pathway, phosphoenolpyruvate + erythrose-4P => chorismate",0.993,0.993,"K00014,K00800,K00891,K01626,K01735,K01736,K03786","R01714,R01826,R02412,R02413,R03083,R03084,R03460",0.777,4,4.0,4.0,0.9797,0.00368,0.63375,0.7922,1.0,0.9797,0.9797,5.703,K00800: outcompeted at locus,1,0,"Present: confidence=0.993 with 95% credible interval [0.79, 1.00] and HDI [0.98, 0.98] entirely above threshold=0.63. Posterior mean=0.980, effect size=5.70. Note: 1 KO(s) flagged but within acceptable range."
M00023,"Tryptophan biosynthesis, chorismate => tryptophan",0.972,0.972,"K00766,K01609,K01657,K01658,K01695,K01696,K01817","R00985,R00986,R01073,R02722,R03508,R03509",0.458,3,3.0,3.0,0.9508,0.010889,0.63375,0.6151,1.0,0.9508,0.9508,3.038,"K01817: below KOfam threshold by 17.2 (score=191.6, threshold=208.8, ratio=0.92)",1,0,"Likely present: confidence=0.972 and posterior mean=0.951 above threshold=0.63, but credible interval [0.62, 1.00] extends below threshold. HDI [0.95, 0.95], effect size=3.04. Note: 1 KO(s) flagged but within acceptable range."
M00024,"Phenylalanine biosynthesis, chorismate => phenylpyruvate => phenylalanine",0.491,0.351,"K00832,K04518,K06208","R00694,R01373,R01715",0.206,2,1.05,1.3,0.5935,0.075394,0.63375,0.0654,0.9877,0.5935,0.5935,-0.147,"K00832: outcompeted at locus; below KOfam threshold by 503.6 (score=52.0, threshold=555.6, ratio=0.09) | K04518: below KOfam threshold by 34.2 (score=294.9, threshold=329.1, ratio=0.90)",3,1,"Uncertain: confidence=0.491 with credible interval [0.07, 0.99] straddling threshold=0.63. Posterior mean=0.593, HDI [0.59, 0.59]. Module may be present but evidence is inconclusive. Note: 3 KO(s) flagged but within acceptable range."
M00025,"Tyrosine biosynthesis, chorismate => HPP => tyrosine",0.491,0.35,"K00832,K04517,K06208","R00734,R01715,R01728",0.202,2,1.05,1.3,0.5931,0.075417,0.63375,0.0652,0.9877,0.5931,0.5931,-0.148,"K00832: outcompeted at locus; below KOfam threshold by 503.6 (score=52.0, threshold=555.6, ratio=0.09) | K04517: outcompeted at locus",3,1,"Uncertain: confidence=0.491 with credible interval [0.07, 0.99] straddling threshold=0.63. Posterior mean=0.593, HDI [0.59, 0.59]. Module may be present but evidence is inconclusive. Note: 3 KO(s) flagged but within acceptable range."
M00026,"Histidine biosynthesis, PRPP => histidine",0.986,0.885,"K00013,K00765,K00817,K01693,K01814,K02500,K02501,K04486,K11755","R01071,R01163,R03012,R03013,R03243,R03457,R04035,R04037,R04558,R04640",0.497,6,5.1,5.9,0.9409,0.00732,0.63375,0.6902,1.0,0.9409,0.9409,3.59,"K00817: below KOfam threshold by 6.3 (score=283.9, threshold=290.2, ratio=0.98) | K04486: outcompeted at locus; below KOfam threshold by 101.0 (score=23.1, threshold=124.1, ratio=0.19)",3,1,"Present: confidence=0.986 with 95% credible interval [0.69, 1.00] and HDI [0.94, 0.94] entirely above threshold=0.63. Posterior mean=0.941, effect size=3.59. Note: 3 KO(s) flagged but within acceptable range."
M00027,GABA (gamma-Aminobutyrate) shunt,0.034,0.015,"K00135,K01580,K07250","R00261,R00713,R00714,R01648",0.025,3,0.38,0.6,0.1867,0.035306,0.63375,0.0008,0.6728,0.1867,0.1867,-2.379,"K00135: outcompeted at locus; below KOfam threshold by 337.2 (score=250.6, threshold=587.8, ratio=0.43) | K01580: outcompeted at locus; below KOfam threshold by 191.2 (score=192.3, threshold=383.5, ratio=0.50) | K07250: outcompeted at locus; below KOfam threshold by 319.8 (score=334.5, threshold=654.3, ratio=0.51)",6,1,"Absent: confidence=0.034, posterior mean=0.187. Credible interval [0.00, 0.67] and HDI [0.19, 0.19] well below threshold=0.63. No meaningful genomic evidence. Note: 6 KO(s) flagged but within acceptable range."
M00028,"Ornithine biosynthesis, glutamate => ornithine",0.991,0.991,"K00145,K00620,K00821,K00930","R00259,R02282,R02283,R02649,R03443",0.706,4,4.0,4.0,0.9733,0.004819,0.63375,0.754,1.0,0.9733,0.9733,4.891,,0,0,"Present: confidence=0.991 with 95% credible interval [0.75, 1.00] and HDI [0.97, 0.97] entirely above threshold=0.63. Posterior mean=0.973, effect size=4.89."
M00031,"Lysine biosynthesis, mediated by LysW, 2-aminoadipate => lysine",0.001,0.001,K05826,,0.01,1,0.0,0.0,0.0021,0.000981,0.63375,0.0,0.0,0.0021,0.0021,-20.173,"K05826: outcompeted at locus; below KOfam threshold by 17.6 (score=16.1, threshold=33.7, ratio=0.48)",2,1,"Absent: confidence=0.001, posterior mean=0.002. Credible interval [0.00, 0.00] and HDI [0.00, 0.00] well below threshold=0.63. No meaningful genomic evidence. Note: 2 KO(s) flagged but within acceptable range."
M00033,"Ectoine biosynthesis, aspartate => ectoine",0.165,0.118,"K00133,K00836,K00928,K06718,K06720","R00480,R02291,R06977,R06978,R06979",0.096,5,2.08,2.3,0.4286,0.037678,0.63375,0.0919,0.8135,0.0761,0.7918,-1.057,"K00836: outcompeted at locus; below KOfam threshold by 193.4 (score=269.0, threshold=462.4, ratio=0.58) | K06718: outcompeted at locus; below KOfam threshold by 74.9 (score=15.5, threshold=90.4, ratio=0.17) | K06720: outcompeted at locus; below KOfam threshold by 80.0 (score=13.0, threshold=93.0, ratio=0.14)",6,2,"Likely absent: confidence=0.165, posterior mean=0.429 below threshold=0.63. Credible interval [0.09, 0.81] mostly below threshold. Some genomic evidence exists but is insufficient. Note: 6 KO(s) flagged but within acceptable range."
M00034,Methionine salvage pathway,0.346,0.196,"K00772,K00789,K00797,K00832,K01611,K08963,K08964,K08967,K09880","R00177,R00178,R01402,R01920,R04420,R07364,R07392,R07395,R07396",0.154,8,4.18,4.8,0.5621,0.025116,0.63375,0.2475,0.8502,0.2593,0.8589,-0.452,"K00832: outcompeted at locus; below KOfam threshold by 503.6 (score=52.0, threshold=555.6, ratio=0.09)",2,1,"Uncertain: confidence=0.346 with credible interval [0.25, 0.85] straddling threshold=0.63. Posterior mean=0.562, HDI [0.26, 0.86]. Module may be present but evidence is inconclusive. Note: 2 KO(s) flagged but within acceptable range."
M00035,Methionine degradation,0.756,0.392,"K00558,K00789,K01251,K01697","R00177,R00192,R01290,R04858",0.371,4,2.3,3.2,0.7534,0.034404,0.63375,0.3156,0.9896,0.3904,0.999,0.645,"K00558: outcompeted at locus; below KOfam threshold by 142.0 (score=22.4, threshold=164.4, ratio=0.14) | K01697: outcompeted at locus; below KOfam threshold by 31.1 (score=424.8, threshold=455.9, ratio=0.93)",4,1,"Uncertain: confidence=0.756 with credible interval [0.32, 0.99] straddling threshold=0.63. Posterior mean=0.753, HDI [0.39, 1.00]. Module may be present but evidence is inconclusive. Note: 4 KO(s) flagged but within acceptable range."
M00036,"Leucine degradation, leucine => acetoacetate + acetyl-CoA",0.049,0.013,"K00253,K00382,K00826,K01640,K01968,K01969,K09699,K11381,K13766","R01090,R01360,R02085,R04095,R04097,R04138,R07601,R07602,R07618",0.131,6,1.4,2.0,0.3223,0.028741,0.63375,0.055,0.6894,0.03,0.6436,-1.837,"K01640: outcompeted at locus; below KOfam threshold by 90.2 (score=65.6, threshold=155.8, ratio=0.42) | K01968: outcompeted at locus; below KOfam threshold by 192.5 (score=754.8, threshold=947.3, ratio=0.80) | K01969: outcompeted at locus; below KOfam threshold by 763.0 (score=12.0, threshold=775.0, ratio=0.02) | K09699: outcompeted at locus; below KOfam threshold by 148.7 (score=269.5, threshold=418.2, ratio=0.64) | K11381: outcompeted at locus; below KOfam threshold by 102.2 (score=405.9, threshold=508.1, ratio=0.80) | K13766: outcompeted at locus; below KOfam threshold by 111.1 (score=157.5, threshold=268.6, ratio=0.59)",12,2,"Absent: confidence=0.049, posterior mean=0.322. Credible interval [0.06, 0.69] and HDI [0.03, 0.64] well below threshold=0.63. No meaningful genomic evidence. Note: 12 KO(s) flagged but within acceptable range."
M00038,"Tryptophan metabolism, tryptophan => kynurenine => 2-aminomuconate",0.001,0.0,"K00452,K00453,K00486,K01432,K01556,K03392,K10217","R00678,R01959,R01960,R02665,R02668,R03889,R04323",0.027,7,0.33,1.0,0.1321,0.013178,0.63375,0.0041,0.4269,0.001,0.3634,-4.37,"K00486: outcompeted at locus; below KOfam threshold by 278.0 (score=64.9, threshold=342.9, ratio=0.19) | K01556: outcompeted at locus; below KOfam threshold by 118.3 (score=64.8, threshold=183.1, ratio=0.35) | K10217: outcompeted at locus; below KOfam threshold by 477.9 (score=206.4, threshold=684.3, ratio=0.30)",6,3,"Absent: confidence=0.001, posterior mean=0.132. Credible interval [0.00, 0.43] and HDI [0.00, 0.36] well below threshold=0.63. No meaningful genomic evidence. Note: 6 KO(s) flagged but within acceptable range."
M00040,"Tyrosine biosynthesis, chorismate => arogenate => tyrosine",0.349,0.161,"K00832,K14170,K24018","R00732,R01715,R01731",0.046,3,1.21,1.7,0.5174,0.058069,0.63375,0.0797,0.9365,0.0901,0.9449,-0.483,"K00832: outcompeted at locus; below KOfam threshold by 503.6 (score=52.0, threshold=555.6, ratio=0.09) | K14170: outcompeted at locus; below KOfam threshold by 104.7 (score=251.8, threshold=356.5, ratio=0.71) | K24018: below KOfam threshold by 292.1 (score=463.1, threshold=755.2, ratio=0.61)",5,1,"Uncertain: confidence=0.349 with credible interval [0.08, 0.94] straddling threshold=0.63. Posterior mean=0.517, HDI [0.09, 0.94]. Module may be present but evidence is inconclusive. Note: 5 KO(s) flagged but within acceptable range."
M00043,"Thyroid hormone biosynthesis, tyrosine => triiodothyronine/thyroxine",0.0,0.0,K00431,"R03208,R03539,R03953,R03973",0.001,1,0.0,0.0,0.0001,4.3e-05,0.63375,0.0,0.0,0.0001,0.0001,-96.309,,0,0,"Absent: confidence=0.000, posterior mean=0.000. Credible interval [0.00, 0.00] and HDI [0.00, 0.00] well below threshold=0.63. No meaningful genomic evidence."
M00044,"Tyrosine degradation, tyrosine => homogentisate",0.023,0.006,"K00451,K00457,K00832,K01555,K01800","R00734,R01364,R02519,R02521,R03181",0.178,5,0.69,1.2,0.2356,0.027705,0.63375,0.0153,0.628,0.001,0.5576,-2.392,"K00451: below KOfam threshold by 36.3 (score=10.6, threshold=46.9, ratio=0.23) | K00457: outcompeted at locus; below KOfam threshold by 306.3 (score=11.6, threshold=317.9, ratio=0.04) | K00832: outcompeted at locus; below KOfam threshold by 503.6 (score=52.0, threshold=555.6, ratio=0.09) | K01800: outcompeted at locus; below KOfam threshold by 130.5 (score=59.0, threshold=189.5, ratio=0.31)",7,4,"Absent: confidence=0.023, posterior mean=0.236. Credible interval [0.02, 0.63] and HDI [0.00, 0.56] well below threshold=0.63. No meaningful genomic evidence. Note: 7 KO(s) flagged but within acceptable range."
M00045,"Histidine degradation, histidine => N-formiminoglutamate => glutamate",0.046,0.02,"K01468,K01479,K01712,K01745","R01168,R02285,R02288,R02914",0.44,4,0.65,1.0,0.2578,0.035435,0.63375,0.0124,0.6969,0.001,0.6226,-1.997,"K01468: outcompeted at locus; below KOfam threshold by 181.8 (score=27.3, threshold=209.1, ratio=0.13) | K01479: outcompeted at locus; below KOfam threshold by 103.0 (score=109.0, threshold=212.0, ratio=0.51)",4,1,"Absent: confidence=0.046, posterior mean=0.258. Credible interval [0.01, 0.70] and HDI [0.00, 0.62] well below threshold=0.63. No meaningful genomic evidence. Note: 4 KO(s) flagged but within acceptable range."
M00046,"Pyrimidine degradation, uracil => beta-alanine, thymine => 3-aminoisobutanoate",0.007,0.005,"K01464,K06016,K17722,K17723","R00905,R00977,R02269,R03055,R04666,R11026",0.091,3,0.17,0.2,0.0761,0.016349,0.63375,0.0,0.4703,0.0761,0.0761,-4.361,"K01464: outcompeted at locus; below KOfam threshold by 380.2 (score=26.0, threshold=406.2, ratio=0.06) | K06016: outcompeted at locus; below KOfam threshold by 440.4 (score=35.3, threshold=475.7, ratio=0.07) | K17722: outcompeted at locus; below KOfam threshold by 391.9 (score=65.9, threshold=457.8, ratio=0.14) | K17723: outcompeted at locus; below KOfam threshold by 364.9 (score=91.3, threshold=456.2, ratio=0.20)",8,4,"Absent: confidence=0.007, posterior mean=0.076. Credible interval [0.00, 0.47] and HDI [0.08, 0.08] well below threshold=0.63. No meaningful genomic evidence. Note: 8 KO(s) flagged but within acceptable range."
M00048,"De novo purine biosynthesis, PRPP + glutamine => IMP",1.0,1.0,"K00602,K00764,K01756,K01923,K01933,K01945,K08289,K23264,K23265,K23269","R01072,R01127,R04144,R04208,R04325,R04463,R04559,R04560,R04591",0.96,8,8.0,8.0,0.9964,0.000366,0.63375,0.958,1.0,0.9964,0.9964,18.965,,0,0,"Present: confidence=1.000 with 95% credible interval [0.96, 1.00] and HDI [1.00, 1.00] entirely above threshold=0.63. Posterior mean=0.996, effect size=18.97."
M00049,"Adenine ribonucleotide biosynthesis, IMP => ADP,ATP",0.999,0.999,"K00939,K00940,K01756,K01939","R00127,R00331,R01083,R01135",0.954,4,4.0,4.0,0.9958,0.000767,0.63375,0.958,1.0,0.9958,0.9958,13.075,,0,0,"Present: confidence=0.999 with 95% credible interval [0.96, 1.00] and HDI [1.00, 1.00] entirely above threshold=0.63. Posterior mean=0.996, effect size=13.07."
M00050,"Guanine ribonucleotide biosynthesis, IMP => GDP,GTP",0.999,0.999,"K00088,K00940,K00942,K01951","R00330,R00332,R01130,R01230,R01231",0.97,4,4.0,4.0,0.9973,0.000499,0.63375,0.9816,1.0,0.9973,0.9973,16.27,"K00088: below KOfam threshold by 189.8 (score=181.0, threshold=370.8, ratio=0.49)",1,1,"Present: confidence=0.999 with 95% credible interval [0.98, 1.00] and HDI [1.00, 1.00] entirely above threshold=0.63. Posterior mean=0.997, effect size=16.27. Note: 1 KO(s) flagged but within acceptable range."
M00051,"De novo pyrimidine biosynthesis, glutamine (+ PRPP) => UMP",0.526,0.52,"K00254,K00609,K00610,K00762,K01465,K01591,K01955,K01956","R00575,R00965,R01397,R01868,R01870,R01993",0.082,3,2.03,2.0,0.6246,0.054531,0.63375,0.1438,0.9739,0.2032,0.999,-0.039,"K01465: below KOfam threshold by 90.1 (score=219.1, threshold=309.2, ratio=0.71)",1,0,"Uncertain: confidence=0.526 with credible interval [0.14, 0.97] straddling threshold=0.63. Posterior mean=0.625, HDI [0.20, 1.00]. Module may be present but evidence is inconclusive. Note: 1 KO(s) flagged but within acceptable range."
M00052,"Pyrimidine ribonucleotide biosynthesis, UMP => UDP/UTP,CDP/CTP",0.989,0.989,"K00940,K01937,K09903","R00156,R00158,R00571,R00573",0.753,3,3.0,3.0,0.9775,0.005111,0.63375,0.7539,1.0,0.9775,0.9775,4.809,,0,0,"Present: confidence=0.989 with 95% credible interval [0.75, 1.00] and HDI [0.98, 0.98] entirely above threshold=0.63. Posterior mean=0.978, effect size=4.81."
M00053,"Deoxyribonucleotide biosynthesis, ADP/GDP/CDP/UDP => dATP/dGTP/dCTP/dUTP",0.676,0.468,"K00525,K00526,K00940","R01137,R01857,R02017,R02018,R02019,R02024,R02326,R02331",0.486,2,1.17,1.5,0.7176,0.06333,0.63375,0.1393,0.9984,0.7176,0.7176,0.333,"K00525: outcompeted at locus; below KOfam threshold by 325.3 (score=30.2, threshold=355.5, ratio=0.08)",2,1,"Uncertain: confidence=0.676 with credible interval [0.14, 1.00] straddling threshold=0.63. Posterior mean=0.718, HDI [0.72, 0.72]. Module may be present but evidence is inconclusive. Note: 2 KO(s) flagged but within acceptable range."
M00060,"KDO2-lipid A biosynthesis, Raetz pathway, LpxL-LpxM type",0.6,0.247,"K00677,K00748,K00912,K02517,K02527,K02535,K02536,K02560,K03269","R04549,R04550,R04567,R04587,R04606,R04657,R04658,R05075,R05146",0.454,9,4.77,6.1,0.6619,0.02053,0.63375,0.3584,0.904,0.3854,0.9219,0.197,"K02517: outcompeted at locus; below KOfam threshold by 187.5 (score=15.8, threshold=203.3, ratio=0.08) | K02527: outcompeted at locus; below KOfam threshold by 159.6 (score=20.6, threshold=180.2, ratio=0.11) | K02535: below KOfam threshold by 30.2 (score=305.3, threshold=335.5, ratio=0.91) | K03269: outcompeted at locus; below KOfam threshold by 40.2 (score=22.8, threshold=63.0, ratio=0.36)",7,3,"Uncertain: confidence=0.600 with credible interval [0.36, 0.90] straddling threshold=0.63. Posterior mean=0.662, HDI [0.39, 0.92]. Module may be present but evidence is inconclusive. Note: 7 KO(s) flagged but within acceptable range."
M00061,"D-Glucuronate degradation, D-glucuronate => pyruvate + D-glyceraldehyde 3P",0.1,0.036,"K00040,K00874,K01625,K01686,K01812","R01482,R01541,R02454,R05605,R05606",0.227,5,1.37,1.9,0.3681,0.035786,0.63375,0.0613,0.7634,0.036,0.7227,-1.404,"K00874: outcompeted at locus; below KOfam threshold by 99.5 (score=147.5, threshold=247.0, ratio=0.60) | K01625: below KOfam threshold by 60.2 (score=128.2, threshold=188.4, ratio=0.68) | K01686: outcompeted at locus; below KOfam threshold by 75.0 (score=59.4, threshold=134.4, ratio=0.44)",5,1,"Likely absent: confidence=0.100, posterior mean=0.368 below threshold=0.63. Credible interval [0.06, 0.76] mostly below threshold. Some genomic evidence exists but is insufficient. Note: 5 KO(s) flagged but within acceptable range."
M00063,"CMP-3-deoxy-D-manno-octulosonate biosynthesis, ribulose-5P => CMP-KDO",0.108,0.034,"K00979,K01627,K03270,K06041","R01530,R03254,R03350,R03351",0.511,4,0.8,1.3,0.3503,0.042147,0.63375,0.037,0.7864,0.009,0.7297,-1.381,"K00979: outcompeted at locus; below KOfam threshold by 96.9 (score=45.8, threshold=142.7, ratio=0.32) | K03270: outcompeted at locus; below KOfam threshold by 125.5 (score=36.7, threshold=162.2, ratio=0.23) | K06041: outcompeted at locus; below KOfam threshold by 114.0 (score=44.8, threshold=158.8, ratio=0.28)",6,3,"Likely absent: confidence=0.108, posterior mean=0.350 below threshold=0.63. Credible interval [0.04, 0.79] mostly below threshold. Some genomic evidence exists but is insufficient. Note: 6 KO(s) flagged but within acceptable range."
M00064,"ADP-L-glycero-D-manno-heptose biosynthesis, sedoheptulose-7P => ADP-LDmanHep",0.938,0.788,"K03271,K03272,K03273,K03274,K21344","R05176,R05644,R05645,R05646,R05647",0.296,5,4.05,4.7,0.8773,0.016562,0.63375,0.531,0.9992,0.8773,0.8773,1.892,"K03272: below KOfam threshold by 144.7 (score=236.9, threshold=381.6, ratio=0.62) | K03274: outcompeted at locus; below KOfam threshold by 138.2 (score=122.2, threshold=260.4, ratio=0.47) | K21344: below KOfam threshold by 176.3 (score=238.2, threshold=414.5, ratio=0.57)",4,1,"Likely present: confidence=0.938 and posterior mean=0.877 above threshold=0.63, but credible interval [0.53, 1.00] extends below threshold. HDI [0.88, 0.88], effect size=1.89. Note: 4 KO(s) flagged but within acceptable range."
M00082,"Fatty acid biosynthesis, initiation",0.962,0.962,"K00645,K00648,K01961,K01962,K01963,K02160","R00742,R01626,R10707",0.468,2,2.0,2.0,0.9517,0.014373,0.63375,0.5474,1.0,0.9517,0.9517,2.652,,0,0,"Likely present: confidence=0.962 and posterior mean=0.952 above threshold=0.63, but credible interval [0.55, 1.00] extends below threshold. HDI [0.95, 0.95], effect size=2.65."
M00083,"Fatty acid biosynthesis, elongation",0.983,0.983,"K00059,K00208,K02372,K09458","R04355,R04428,R04429,R04430,R04533,R04534,R04535,R04536,R04537,R04543,R04544,R04566,R04568,R04724,R04725,R04726,R04952,R04953,R04954,R04955,R04956,R04957,R04958,R04959,R04960,R04961,R04962,R04963,R04964,R04965,R04966,R04967,R04968,R04969,R04970",0.808,1,1.0,1.0,0.9825,0.008173,0.63375,0.7586,1.0,0.9825,0.9825,3.858,,0,0,"Present: confidence=0.983 with 95% credible interval [0.76, 1.00] and HDI [0.98, 0.98] entirely above threshold=0.63. Posterior mean=0.983, effect size=3.86."
M00086,"beta-Oxidation, acyl-CoA synthesis",0.961,0.961,K01897,R01280,0.575,1,1.0,1.0,0.9614,0.01769,0.63375,0.4781,1.0,0.9614,0.9614,2.463,"K01897: below KOfam threshold by 4.5 (score=452.6, threshold=457.1, ratio=0.99)",1,0,"Likely present (prior-driven): confidence=0.961 but based on only 1 step(s) with wide credible interval [0.48, 1.00] (width=0.52). HDI [0.96, 0.96]. High confidence may be due to prior (frequency and/or genomic evidence) instead of influence. Note: 1 KO(s) flagged but within acceptable range."
M00087,beta-Oxidation,0.11,0.04,"K00249,K00632,K01782","R00238,R01175,R01177,R01279,R01975,R03026,R03777,R03778,R03857,R03858,R03990,R03991,R04170,R04737,R04738,R04739,R04740,R04741,R04742,R04743,R04744,R04745,R04746,R04747,R04748,R04749,R04751,R04754",0.201,3,0.6,1.0,0.3172,0.050367,0.63375,0.0133,0.8111,0.001,0.7417,-1.411,"K00632: outcompeted at locus; below KOfam threshold by 476.3 (score=29.3, threshold=505.6, ratio=0.06) | K01782: outcompeted at locus; below KOfam threshold by 743.7 (score=60.5, threshold=804.2, ratio=0.08)",4,2,"Likely absent: confidence=0.110, posterior mean=0.317 below threshold=0.63. Credible interval [0.01, 0.81] mostly below threshold. Some genomic evidence exists but is insufficient. Note: 4 KO(s) flagged but within acceptable range."
M00088,"Ketone body biosynthesis, acetyl-CoA => acetoacetate/3-hydroxybutyrate/acetone",0.06,0.016,K00019,R01361,0.019,1,0.04,0.1,0.1172,0.049255,0.63375,0.0,0.8334,0.1172,0.1172,-2.328,"K00019: outcompeted at locus; below KOfam threshold by 22.9 (score=149.3, threshold=172.2, ratio=0.87)",2,0,"Likely absent: confidence=0.060, posterior mean=0.117 below threshold=0.63. Credible interval [0.00, 0.83] mostly below threshold. Some genomic evidence exists but is insufficient. Note: 2 KO(s) flagged but within acceptable range."
M00091,"Phosphatidylcholine (PC) biosynthesis, PE => PC",0.031,0.031,K00570,"R01320,R02056,R03424",0.158,1,0.06,0.1,0.0652,0.029043,0.63375,0.0,0.6886,0.0652,0.0652,-3.336,"K00570: outcompeted at locus; below KOfam threshold by 25.6 (score=62.2, threshold=87.8, ratio=0.71)",2,0,"Absent: confidence=0.031, posterior mean=0.065. Credible interval [0.00, 0.69] and HDI [0.07, 0.07] well below threshold=0.63. No meaningful genomic evidence. Note: 2 KO(s) flagged but within acceptable range."
M00093,"Phosphatidylethanolamine (PE) biosynthesis, PA => PS => PE",0.641,0.394,"K00981,K01613,K17103","R01799,R01800,R02055",0.555,3,1.64,2.1,0.6917,0.049596,0.63375,0.1965,0.9882,0.2673,0.999,0.26,"K17103: outcompeted at locus; below KOfam threshold by 88.3 (score=41.9, threshold=130.2, ratio=0.32)",2,1,"Uncertain: confidence=0.641 with credible interval [0.20, 0.99] straddling threshold=0.63. Posterior mean=0.692, HDI [0.27, 1.00]. Module may be present but evidence is inconclusive. Note: 2 KO(s) flagged but within acceptable range."
M00095,"C5 isoprenoid biosynthesis, mevalonate pathway",0.002,0.0,"K00021,K00626,K00869,K00938,K01597,K01641,K01823","R00238,R01121,R01123,R01978,R02082,R02245,R03245",0.044,7,0.54,1.1,0.1464,0.014363,0.63375,0.0061,0.4489,0.001,0.3854,-4.067,"K00626: outcompeted at locus; below KOfam threshold by 334.1 (score=35.8, threshold=369.9, ratio=0.10) | K00869: outcompeted at locus; below KOfam threshold by 136.5 (score=21.4, threshold=157.9, ratio=0.14) | K00938: outcompeted at locus; below KOfam threshold by 108.3 (score=14.5, threshold=122.8, ratio=0.12) | K01641: outcompeted at locus; below KOfam threshold by 187.8 (score=25.4, threshold=213.2, ratio=0.12)",8,4,"Absent: confidence=0.002, posterior mean=0.146. Credible interval [0.01, 0.45] and HDI [0.00, 0.39] well below threshold=0.63. No meaningful genomic evidence. Note: 8 KO(s) flagged but within acceptable range."
M00096,"C5 isoprenoid biosynthesis, non-mevalonate pathway",0.987,0.963,"K00099,K00919,K00991,K01662,K01770,K01823,K03526,K03527","R01123,R05633,R05634,R05636,R05637,R05688,R05884,R08689,R10859",0.732,8,7.09,7.5,0.9195,0.007553,0.63375,0.6823,0.9994,0.9195,0.9195,3.288,,0,0,"Present: confidence=0.987 with 95% credible interval [0.68, 1.00] and HDI [0.92, 0.92] entirely above threshold=0.63. Posterior mean=0.920, effect size=3.29."
M00097,"beta-Carotene biosynthesis, GGAP => beta-carotene",0.922,0.922,"K00514,K02291,K02293,K09835,K15744","R02065,R04218,R07512,R09653,R09654,R09655,R09656,R09658",0.006,2,2.0,2.0,0.9096,0.025692,0.63375,0.4021,1.0,0.9096,0.9096,1.721,,0,0,"Likely present (prior-driven): confidence=0.922 but based on only 2 step(s) with wide credible interval [0.40, 1.00] (width=0.60). HDI [0.91, 0.91]. High confidence may be due to prior (frequency and/or genomic evidence) instead of influence."
M00098,Acylglycerol degradation,0.542,0.435,"K01046,K01054","R01351,R02250,R02687",0.06,2,1.21,1.4,0.6277,0.073033,0.63375,0.0818,0.9921,0.6277,0.6277,-0.023,"K01046: below KOfam threshold by 11.9 (score=55.3, threshold=67.2, ratio=0.82) | K01054: outcompeted at locus; below KOfam threshold by 156.7 (score=68.7, threshold=225.4, ratio=0.30)",3,1,"Uncertain: confidence=0.542 with credible interval [0.08, 0.99] straddling threshold=0.63. Posterior mean=0.628, HDI [0.63, 0.63]. Module may be present but evidence is inconclusive. Note: 3 KO(s) flagged but within acceptable range."
M00112,"Tocopherol/tocotorienol biosynthesis, homogentisate + phytyl/geranylgeranyl-PP => tocopherol/tocotorienol",0.033,0.033,"K05928,K09833,K09834,K18534","R07236,R07500,R07501,R07502,R07503,R07504,R10491,R10492,R10623,R10624,R10708,R10710",0.006,4,1.0,1.0,0.2282,0.032614,0.63375,0.0075,0.6632,0.001,0.5856,-2.246,"K05928: outcompeted at locus; below KOfam threshold by 74.3 (score=227.7, threshold=302.0, ratio=0.75) | K09833: outcompeted at locus; below KOfam threshold by 237.7 (score=63.8, threshold=301.5, ratio=0.21)",4,1,"Absent: confidence=0.033, posterior mean=0.228. Credible interval [0.01, 0.66] and HDI [0.00, 0.59] well below threshold=0.63. No meaningful genomic evidence. Note: 4 KO(s) flagged but within acceptable range."
M00115,"NAD biosynthesis, aspartate => quinolinate => NAD",0.99,0.99,"K00278,K00767,K00969,K01950,K03517","R00257,R00481,R03005,R03348,R04292",0.594,5,5.0,5.0,0.9631,0.005466,0.63375,0.7335,1.0,0.9631,0.9631,4.455,"K00969: below KOfam threshold by 39.6 (score=80.4, threshold=120.0, ratio=0.67) | K01950: below KOfam threshold by 77.5 (score=419.4, threshold=496.9, ratio=0.84)",2,0,"Present: confidence=0.990 with 95% credible interval [0.73, 1.00] and HDI [0.96, 0.96] entirely above threshold=0.63. Posterior mean=0.963, effect size=4.45. Note: 2 KO(s) flagged but within acceptable range."
M00116,"Menaquinone biosynthesis, chorismate (+ polyprenyl-PP) => menaquinol",0.936,0.467,"K01661,K01911,K02548,K02549,K02551,K02552,K03183,K08680,K19222","R01717,R04030,R04031,R07262,R07263,R08165,R08166,R09736,R10757",0.217,9,5.87,8.0,0.832,0.012824,0.63375,0.5586,0.983,0.6126,0.998,1.751,"K01911: below KOfam threshold by 114.5 (score=235.2, threshold=349.7, ratio=0.67) | K02548: outcompeted at locus; below KOfam threshold by 69.6 (score=134.6, threshold=204.2, ratio=0.66) | K02549: below KOfam threshold by 80.8 (score=140.7, threshold=221.5, ratio=0.64) | K02552: below KOfam threshold by 20.5 (score=346.8, threshold=367.3, ratio=0.94) | K03183: outcompeted at locus; below KOfam threshold by 75.7 (score=182.8, threshold=258.5, ratio=0.71) | K08680: outcompeted at locus; below KOfam threshold by 149.1 (score=90.0, threshold=239.1, ratio=0.38)",9,1,"Likely present: confidence=0.936 and posterior mean=0.832 above threshold=0.63, but credible interval [0.56, 0.98] extends below threshold. HDI [0.61, 1.00], effect size=1.75. Note: 9 KO(s) flagged but within acceptable range."
M00117,"Ubiquinone biosynthesis, prokaryotes, chorismate (+ polyprenyl-PP) => ubiquinol",0.883,0.394,"K00568,K03179,K03181,K03182,K03183,K03184,K03185,K03186,K18800","R01302,R04985,R05000,R08768,R08769,R09737,R12067,R12657,R12658",0.223,8,4.94,6.8,0.7979,0.016456,0.63375,0.4953,0.9763,0.5506,0.995,1.279,"K00568: outcompeted at locus; below KOfam threshold by 245.4 (score=64.2, threshold=309.6, ratio=0.21) | K03183: outcompeted at locus; below KOfam threshold by 75.7 (score=182.8, threshold=258.5, ratio=0.71) | K03184: outcompeted at locus; below KOfam threshold by 330.1 (score=128.4, threshold=458.5, ratio=0.28) | K03185: below KOfam threshold by 215.2 (score=205.7, threshold=420.9, ratio=0.49) | K18800: outcompeted at locus; below KOfam threshold by 346.5 (score=129.3, threshold=475.8, ratio=0.27)",9,4,"Uncertain: confidence=0.883 with credible interval [0.50, 0.98] straddling threshold=0.63. Posterior mean=0.798, HDI [0.55, 0.99]. Module may be present but evidence is inconclusive. Note: 9 KO(s) flagged but within acceptable range."
M00118,"Glutathione biosynthesis, glutamate => glutathione",0.676,0.488,"K01919,K01920","R00497,R00894",0.339,2,1.23,1.5,0.7176,0.063331,0.63375,0.1393,0.9984,0.7176,0.7176,0.333,"K01919: outcompeted at locus; below KOfam threshold by 105.0 (score=32.3, threshold=137.3, ratio=0.24)",2,1,"Uncertain: confidence=0.676 with credible interval [0.14, 1.00] straddling threshold=0.63. Posterior mean=0.718, HDI [0.72, 0.72]. Module may be present but evidence is inconclusive. Note: 2 KO(s) flagged but within acceptable range."
M00119,"Pantothenate biosynthesis, valine/L-aspartate => pantothenate",0.948,0.948,K13799,R02473,0.437,1,1.0,1.0,0.9488,0.023129,0.63375,0.3847,1.0,0.9488,0.9488,2.072,,0,0,"Likely present (prior-driven): confidence=0.948 but based on only 1 step(s) with wide credible interval [0.38, 1.00] (width=0.62). HDI [0.95, 0.95]. High confidence may be due to prior (frequency and/or genomic evidence) instead of influence."
M00120,"Coenzyme A biosynthesis, pantothenate => CoA",0.993,0.993,"K00859,K00954,K03525,K13038","R00130,R03018,R03035,R03269,R04231",0.851,3,3.0,3.0,0.9865,0.003104,0.63375,0.8334,1.0,0.9865,0.9865,6.331,,0,0,"Present: confidence=0.993 with 95% credible interval [0.83, 1.00] and HDI [0.99, 0.99] entirely above threshold=0.63. Posterior mean=0.986, effect size=6.33."
M00121,"Heme biosynthesis, plants and bacteria, glutamate => heme",0.999,0.999,"K00228,K01599,K01698,K01719,K01749,K01772,K01845,K01885,K02492,K08973","R00036,R00084,R00310,R02272,R03165,R03197,R03220,R04109,R05578,R12605",0.649,10,10.0,10.0,0.9681,0.002573,0.63375,0.8184,1.0,0.9681,0.9681,6.592,,0,0,"Present: confidence=0.999 with 95% credible interval [0.82, 1.00] and HDI [0.97, 0.97] entirely above threshold=0.63. Posterior mean=0.968, effect size=6.59."
M00122,"Cobalamin biosynthesis, cobyrinate a,c-diamide => cobalamin",0.952,0.952,K02233,R05223,0.483,1,1.0,1.0,0.953,0.021333,0.63375,0.4121,1.0,0.953,0.953,2.186,,0,0,"Likely present (prior-driven): confidence=0.952 but based on only 1 step(s) with wide credible interval [0.41, 1.00] (width=0.59). HDI [0.95, 0.95]. High confidence may be due to prior (frequency and/or genomic evidence) instead of influence."
M00123,"Biotin biosynthesis, pimeloyl-ACP/CoA => biotin",0.958,0.958,"K00652,K00833,K01012,K01935","R01078,R03182,R03210,R03231,R10124",0.256,3,3.0,3.0,0.9323,0.014674,0.63375,0.5534,1.0,0.9323,0.9323,2.465,"K00652: below KOfam threshold by 42.2 (score=422.1, threshold=464.3, ratio=0.91)",1,0,"Likely present: confidence=0.958 and posterior mean=0.932 above threshold=0.63, but credible interval [0.55, 1.00] extends below threshold. HDI [0.93, 0.93], effect size=2.46. Note: 1 KO(s) flagged but within acceptable range."
M00124,"Pyridoxal-P biosynthesis, erythrose-4P => pyridoxal-P",0.526,0.167,"K00097,K00275,K00831,K03472,K03473,K03474","R00278,R01825,R04210,R05085,R05681,R05838",0.164,6,2.85,4.1,0.6325,0.030584,0.63375,0.2673,0.923,0.3013,0.9449,-0.007,"K00097: below KOfam threshold by 64.7 (score=353.5, threshold=418.2, ratio=0.85) | K00831: outcompeted at locus; below KOfam threshold by 55.6 (score=66.2, threshold=121.8, ratio=0.54) | K03472: outcompeted at locus; below KOfam threshold by 135.6 (score=353.0, threshold=488.6, ratio=0.72) | K03473: outcompeted at locus; below KOfam threshold by 100.3 (score=180.3, threshold=280.6, ratio=0.64)",7,0,"Uncertain: confidence=0.526 with credible interval [0.27, 0.92] straddling threshold=0.63. Posterior mean=0.633, HDI [0.30, 0.94]. Module may be present but evidence is inconclusive. Note: 7 KO(s) flagged but within acceptable range."
M00125,"Riboflavin biosynthesis, plants and bacteria, GTP => riboflavin/FMN/FAD",0.949,0.949,K14652,"R00425,R07281",0.455,1,1.0,1.0,0.9505,0.022422,0.63375,0.3952,1.0,0.9505,0.9505,2.115,,0,0,"Likely present (prior-driven): confidence=0.949 but based on only 1 step(s) with wide credible interval [0.40, 1.00] (width=0.60). HDI [0.95, 0.95]. High confidence may be due to prior (frequency and/or genomic evidence) instead of influence."
M00126,"Tetrahydrofolate biosynthesis, GTP => THF",0.941,0.717,"K00287,K00796,K00950,K01113,K01495,K01633,K11754","R00428,R00936,R00939,R02237,R03066,R03067,R03503,R03504,R04620,R04639,R05046,R05048",0.732,5,3.62,4.5,0.8806,0.01618,0.63375,0.5367,0.9993,0.8806,0.8806,1.94,"K01633: below KOfam threshold by 26.0 (score=69.9, threshold=95.9, ratio=0.73) | K11754: below KOfam threshold by 9.3 (score=360.8, threshold=370.1, ratio=0.97)",2,0,"Likely present: confidence=0.941 and posterior mean=0.881 above threshold=0.63, but credible interval [0.54, 1.00] extends below threshold. HDI [0.88, 0.88], effect size=1.94. Note: 2 KO(s) flagged but within acceptable range."
M00127,"Thiamine biosynthesis, prokaryotes, AIR (+ DXP/tyrosine) => TMP/TPP",0.758,0.396,"K00788,K00941,K00946,K03147","R00617,R03472,R04509,R10712",0.057,1,0.53,0.9,0.7846,0.080473,0.63375,0.0642,1.0,0.7846,0.7846,0.532,,0,0,"Uncertain: confidence=0.758 with credible interval [0.06, 1.00] straddling threshold=0.63. Posterior mean=0.785, HDI [0.78, 0.78]. Module may be present but evidence is inconclusive."
M00133,"Polyamine biosynthesis, arginine => agmatine => putrescine => spermidine",0.93,0.93,K01611,R00178,0.255,1,1.0,1.0,0.9322,0.030083,0.63375,0.3006,1.0,0.9322,0.9322,1.721,,0,0,"Likely present (prior-driven): confidence=0.930 but based on only 1 step(s) with wide credible interval [0.30, 1.00] (width=0.70). HDI [0.93, 0.93]. High confidence may be due to prior (frequency and/or genomic evidence) instead of influence."
M00134,"Polyamine biosynthesis, arginine => ornithine => putrescine",0.011,0.009,"K01476,K01581","R00551,R00670",0.05,2,0.1,0.1,0.0577,0.016985,0.63375,0.0,0.4935,0.0577,0.0577,-4.42,"K01476: outcompeted at locus; below KOfam threshold by 63.5 (score=126.1, threshold=189.6, ratio=0.67) | K01581: outcompeted at locus; below KOfam threshold by 73.5 (score=148.5, threshold=222.0, ratio=0.67)",4,0,"Absent: confidence=0.011, posterior mean=0.058. Credible interval [0.00, 0.49] and HDI [0.06, 0.06] well below threshold=0.63. No meaningful genomic evidence. Note: 4 KO(s) flagged but within acceptable range."
M00135,"GABA biosynthesis, eukaryotes, putrescine => GABA",0.009,0.006,"K00128,K00274,K00657","R01154,R04025,R05050",0.006,3,0.24,0.3,0.0878,0.018624,0.63375,0.0,0.5,0.0878,0.0878,-4.001,"K00128: outcompeted at locus; below KOfam threshold by 164.5 (score=410.2, threshold=574.7, ratio=0.71) | K00274: outcompeted at locus; below KOfam threshold by 185.3 (score=99.4, threshold=284.7, ratio=0.35) | K00657: outcompeted at locus; below KOfam threshold by 51.8 (score=31.2, threshold=83.0, ratio=0.38)",6,2,"Absent: confidence=0.009, posterior mean=0.088. Credible interval [0.00, 0.50] and HDI [0.09, 0.09] well below threshold=0.63. No meaningful genomic evidence. Note: 6 KO(s) flagged but within acceptable range."
M00136,"GABA biosynthesis, prokaryotes, putrescine => GABA",0.004,0.003,"K09470,K09471,K09472,K09473","R07414,R07415,R07417,R07418,R07419",0.031,4,0.29,0.4,0.0841,0.014271,0.63375,0.0,0.4347,0.0841,0.0841,-4.601,"K09470: outcompeted at locus; below KOfam threshold by 349.3 (score=209.1, threshold=558.4, ratio=0.37) | K09471: outcompeted at locus; below KOfam threshold by 310.1 (score=70.9, threshold=381.0, ratio=0.19) | K09472: outcompeted at locus; below KOfam threshold by 458.1 (score=201.4, threshold=659.5, ratio=0.31) | K09473: outcompeted at locus; below KOfam threshold by 263.9 (score=35.9, threshold=299.8, ratio=0.12)",8,4,"Absent: confidence=0.004, posterior mean=0.084. Credible interval [0.00, 0.43] and HDI [0.08, 0.08] well below threshold=0.63. No meaningful genomic evidence. Note: 8 KO(s) flagged but within acceptable range."
M00140,"C1-unit interconversion, prokaryotes",0.639,0.586,"K00600,K01491,K01938","R00943,R00945,R01220,R01655",0.128,3,2.14,2.2,0.6908,0.049673,0.63375,0.1957,0.9881,0.2663,0.999,0.256,,0,0,"Uncertain: confidence=0.639 with credible interval [0.20, 0.99] straddling threshold=0.63. Posterior mean=0.691, HDI [0.27, 1.00]. Module may be present but evidence is inconclusive."
M00144,"NADH:quinone oxidoreductase, prokaryotes",0.03,0.005,"K00330,K00331,K00334,K00335,K00336,K00337,K00338,K00339,K00340,K00341,K00342,K00343,K13378",,0.119,1,0.0,0.1,0.0643,0.028657,0.63375,0.0,0.6845,0.0643,0.0643,-3.364,"K00330: outcompeted at locus | K00331: outcompeted at locus; below KOfam threshold by 1.9 (score=269.4, threshold=271.3, ratio=0.99) | K00336: outcompeted at locus; below KOfam threshold by 659.6 (score=31.2, threshold=690.8, ratio=0.05) | K00337: outcompeted at locus | K00338: outcompeted at locus | K00339: outcompeted at locus | K00340: outcompeted at locus | K00342: outcompeted at locus; below KOfam threshold by 9.4 (score=535.0, threshold=544.4, ratio=0.98) | K00343: outcompeted at locus | K13378: outcompeted at locus; below KOfam threshold by 88.4 (score=495.2, threshold=583.6, ratio=0.85)",14,1,"Absent: confidence=0.030, posterior mean=0.064. Credible interval [0.00, 0.68] and HDI [0.06, 0.06] well below threshold=0.63. No meaningful genomic evidence. Note: 14 KO(s) flagged but within acceptable range."
M00145,"NAD(P)H:quinone oxidoreductase, chloroplasts and cyanobacteria",0.905,0.905,"K05572,K05573,K05574,K05575,K05576,K05577,K05578,K05579,K05580,K05581,K05582",,0.006,1,1.0,1.0,0.9096,0.039159,0.63375,0.225,1.0,0.9096,0.9096,1.394,K05577: outcompeted at locus,1,0,"Likely present (prior-driven): confidence=0.905 but based on only 1 step(s) with wide credible interval [0.23, 1.00] (width=0.77). HDI [0.91, 0.91]. High confidence may be due to prior (frequency and/or genomic evidence) instead of influence. Note: 1 KO(s) flagged but within acceptable range."
M00149,"Succinate dehydrogenase, prokaryotes",0.325,0.12,"K00239,K00240,K00241,K00242",,0.333,1,0.19,0.4,0.4261,0.11645,0.63375,0.0007,0.9928,0.4261,0.4261,-0.608,"K00239: below KOfam threshold by 6.7 (score=613.5, threshold=620.2, ratio=0.99) | K00241: below KOfam threshold by 10.4 (score=45.7, threshold=56.1, ratio=0.81) | K00242: outcompeted at locus; below KOfam threshold by 57.1 (score=5.8, threshold=62.9, ratio=0.09)",4,1,"Uncertain: confidence=0.325 with credible interval [0.00, 0.99] straddling threshold=0.63. Posterior mean=0.426, HDI [0.43, 0.43]. Module may be present but evidence is inconclusive. Note: 4 KO(s) flagged but within acceptable range."
M00150,"Fumarate reductase, prokaryotes",0.004,0.004,"K00244,K00245,K00246,K00247",,0.106,1,0.0,0.0,0.0097,0.004578,0.63375,0.0,0.082,0.0097,0.0097,-9.223,"K00244: outcompeted at locus; below KOfam threshold by 327.6 (score=367.9, threshold=695.5, ratio=0.53) | K00245: outcompeted at locus; below KOfam threshold by 195.0 (score=99.8, threshold=294.8, ratio=0.34)",4,1,"Absent: confidence=0.004, posterior mean=0.010. Credible interval [0.00, 0.08] and HDI [0.01, 0.01] well below threshold=0.63. No meaningful genomic evidence. Note: 4 KO(s) flagged but within acceptable range."
M00151,Cytochrome bc1 complex respiratory unit,0.021,0.019,"K00410,K00411",,0.446,1,0.0,0.0,0.0466,0.021178,0.63375,0.0,0.5854,0.0466,0.0466,-4.034,"K00410: outcompeted at locus; below KOfam threshold by 487.3 (score=213.0, threshold=700.3, ratio=0.30) | K00411: outcompeted at locus; below KOfam threshold by 3.9 (score=73.8, threshold=77.7, ratio=0.95)",4,1,"Absent: confidence=0.021, posterior mean=0.047. Credible interval [0.00, 0.59] and HDI [0.05, 0.05] well below threshold=0.63. No meaningful genomic evidence. Note: 4 KO(s) flagged but within acceptable range."
M00153,Cytochrome bd ubiquinol oxidase,0.021,0.01,"K00424,K00425,K00426",,0.209,1,0.0,0.0,0.0455,0.020659,0.63375,0.0,0.5768,0.0455,0.0455,-4.093,,0,0,"Absent: confidence=0.021, posterior mean=0.045. Credible interval [0.00, 0.58] and HDI [0.05, 0.05] well below threshold=0.63. No meaningful genomic evidence."
M00155,"Cytochrome c oxidase, prokaryotes",0.933,0.933,"K02274,K02275,K02276",,0.284,1,1.0,1.0,0.9349,0.028977,0.63375,0.3121,1.0,0.9349,0.9349,1.769,,0,0,"Likely present (prior-driven): confidence=0.933 but based on only 1 step(s) with wide credible interval [0.31, 1.00] (width=0.69). HDI [0.93, 0.93]. High confidence may be due to prior (frequency and/or genomic evidence) instead of influence."
M00156,"Cytochrome c oxidase, cbb3-type",0.009,0.008,"K00404,K00405,K00406,K00407",,0.209,1,0.0,0.0,0.0198,0.00925,0.63375,0.0,0.2842,0.0198,0.0198,-6.384,"K00404: outcompeted at locus; below KOfam threshold by 597.1 (score=73.1, threshold=670.2, ratio=0.11) | K00406: outcompeted at locus; below KOfam threshold by 45.3 (score=50.5, threshold=95.8, ratio=0.53) | K00407: outcompeted at locus; below KOfam threshold by 8.5 (score=13.2, threshold=21.7, ratio=0.61)",6,1,"Absent: confidence=0.009, posterior mean=0.020. Credible interval [0.00, 0.28] and HDI [0.02, 0.02] well below threshold=0.63. No meaningful genomic evidence. Note: 6 KO(s) flagged but within acceptable range."
M00157,"F-type ATPase, prokaryotes and chloroplasts",0.943,0.943,"K02108,K02109,K02110,K02111,K02112,K02113,K02114,K02115",,0.387,1,1.0,1.0,0.9443,0.025043,0.63375,0.3584,1.0,0.9443,0.9443,1.962,K02112: outcompeted at locus,1,0,"Likely present (prior-driven): confidence=0.943 but based on only 1 step(s) with wide credible interval [0.36, 1.00] (width=0.64). HDI [0.94, 0.94]. High confidence may be due to prior (frequency and/or genomic evidence) instead of influence. Note: 1 KO(s) flagged but within acceptable range."
M00159,"V/A-type ATPase, prokaryotes",0.0,0.0,"K02107,K02117,K02118,K02119,K02120,K02121,K02122,K02123,K02124",,0.009,1,0.0,0.0,0.0008,0.000378,0.63375,0.0,0.0,0.0008,0.0008,-32.541,"K02107: outcompeted at locus; below KOfam threshold by 13.3 (score=29.1, threshold=42.4, ratio=0.69) | K02117: outcompeted at locus; below KOfam threshold by 677.0 (score=138.5, threshold=815.5, ratio=0.17) | K02118: outcompeted at locus; below KOfam threshold by 517.7 (score=179.5, threshold=697.2, ratio=0.26) | K02121: below KOfam threshold by 71.4 (score=20.8, threshold=92.2, ratio=0.23) | K02123: outcompeted at locus; below KOfam threshold by 296.0 (score=14.6, threshold=310.6, ratio=0.05) | K02124: outcompeted at locus; below KOfam threshold by 29.4 (score=46.3, threshold=75.7, ratio=0.61)",11,4,"Absent: confidence=0.000, posterior mean=0.001. Credible interval [0.00, 0.00] and HDI [0.00, 0.00] well below threshold=0.63. No meaningful genomic evidence. Note: 11 KO(s) flagged but within acceptable range."
M00161,Photosystem II,0.905,0.905,"K02703,K02704,K02705,K02706,K02707,K02708",,0.005,1,1.0,1.0,0.9096,0.039169,0.63375,0.2249,1.0,0.9096,0.9096,1.394,,0,0,"Likely present (prior-driven): confidence=0.905 but based on only 1 step(s) with wide credible interval [0.22, 1.00] (width=0.78). HDI [0.91, 0.91]. High confidence may be due to prior (frequency and/or genomic evidence) instead of influence."
M00162,Cytochrome b6f complex,0.571,0.0,"K02634,K02635,K02636,K02637,K02640,K02642,K02643,K03689",,0.0,1,0.0,0.7,0.6344,0.110443,0.63375,0.0146,0.9998,0.6344,0.6344,0.002,,0,0,"Uncertain: confidence=0.571 with credible interval [0.01, 1.00] straddling threshold=0.63. Posterior mean=0.634, HDI [0.63, 0.63]. Module may be present but evidence is inconclusive."
M00163,Photosystem I,0.905,0.905,"K02689,K02690,K02691,K02692,K02693,K02694",,0.006,1,1.0,1.0,0.9097,0.03913,0.63375,0.2252,1.0,0.9097,0.9097,1.395,,0,0,"Likely present (prior-driven): confidence=0.905 but based on only 1 step(s) with wide credible interval [0.23, 1.00] (width=0.77). HDI [0.91, 0.91]. High confidence may be due to prior (frequency and/or genomic evidence) instead of influence."
M00165,Reductive pentose phosphate cycle (Calvin cycle),0.995,0.995,"K00615,K00855,K00927,K01601,K01623,K01783,K01803,K01807,K05298,K11532","R00024,R00762,R01015,R01056,R01061,R01063,R01067,R01068,R01512,R01523,R01529,R01641,R01829,R01845",0.189,11,11.0,11.0,0.9263,0.005214,0.63375,0.7335,0.9986,0.9263,0.9263,4.051,"K00615: outcompeted at locus | K05298: below KOfam threshold by 104.0 (score=542.1, threshold=646.1, ratio=0.84) | K11532: below KOfam threshold by 44.3 (score=434.5, threshold=478.8, ratio=0.91)",3,0,"Present: confidence=0.995 with 95% credible interval [0.73, 1.00] and HDI [0.93, 0.93] entirely above threshold=0.63. Posterior mean=0.926, effect size=4.05. Note: 3 KO(s) flagged but within acceptable range."
M00168,"CAM (Crassulacean acid metabolism), dark",0.75,0.395,"K00025,K01595","R00342,R00345",0.192,2,1.12,1.6,0.7694,0.055441,0.63375,0.1846,0.9996,0.7694,0.7694,0.576,,0,0,"Uncertain: confidence=0.750 with credible interval [0.18, 1.00] straddling threshold=0.63. Posterior mean=0.769, HDI [0.77, 0.77]. Module may be present but evidence is inconclusive."
M00169,"CAM (Crassulacean acid metabolism), light",0.043,0.013,"K00029,K01006","R00206,R00216",0.131,2,0.12,0.3,0.1507,0.039986,0.63375,0.0,0.7171,0.1507,0.1507,-2.416,,0,0,"Absent: confidence=0.043, posterior mean=0.151. Credible interval [0.00, 0.72] and HDI [0.15, 0.15] well below threshold=0.63. No meaningful genomic evidence."
M00173,Reductive citrate cycle (Arnon-Buchanan cycle),0.179,0.07,"K00024,K00031,K00174,K00175,K00239,K00240,K01007,K01595,K01679,K01682,K01902,K01903,K03737,K15230,K15231","R00199,R00267,R00342,R00345,R00352,R00405,R01082,R01196,R01197,R01325,R01900,R02164,R10866",0.009,10,4.55,5.4,0.4947,0.020831,0.63375,0.2191,0.772,0.2192,0.7708,-0.964,"K00024: outcompeted at locus; below KOfam threshold by 329.5 (score=28.0, threshold=357.5, ratio=0.08) | K00031: outcompeted at locus | K00174: outcompeted at locus; below KOfam threshold by 234.6 (score=27.6, threshold=262.2, ratio=0.11) | K00175: outcompeted at locus; below KOfam threshold by 216.9 (score=19.3, threshold=236.2, ratio=0.08) | K00239: below KOfam threshold by 6.7 (score=613.5, threshold=620.2, ratio=0.99) | K01007: outcompeted at locus; below KOfam threshold by 374.6 (score=21.9, threshold=396.5, ratio=0.06) | K01903: outcompeted at locus; below KOfam threshold by 480.0 (score=22.6, threshold=502.6, ratio=0.04) | K03737: outcompeted at locus; below KOfam threshold by 491.5 (score=18.7, threshold=510.2, ratio=0.04) | K15230: outcompeted at locus; below KOfam threshold by 879.5 (score=28.1, threshold=907.6, ratio=0.03)",16,7,"Likely absent: confidence=0.179, posterior mean=0.495 below threshold=0.63. Credible interval [0.22, 0.77] mostly below threshold. Some genomic evidence exists but is insufficient. Note: 16 KO(s) flagged but within acceptable range."
M00174,"Methane oxidation, methanotroph, methane => formaldehyde",0.0,0.0,"K10944,K10945,K10946,K23995","R01146,R09518",0.003,2,0.0,0.0,0.0012,0.000373,0.63375,0.0,0.0,0.0012,0.0012,-32.764,,0,0,"Absent: confidence=0.000, posterior mean=0.001. Credible interval [0.00, 0.00] and HDI [0.00, 0.00] well below threshold=0.63. No meaningful genomic evidence."
M00175,"Nitrogen fixation, nitrogen => ammonia",0.002,0.002,"K02586,K02588,K02591",R05185,0.053,1,0.0,0.0,0.0049,0.002301,0.63375,0.0,0.0076,0.0049,0.0049,-13.11,"K02586: outcompeted at locus; below KOfam threshold by 457.0 (score=93.0, threshold=550.0, ratio=0.17) | K02588: outcompeted at locus; below KOfam threshold by 88.3 (score=279.0, threshold=367.3, ratio=0.76) | K02591: outcompeted at locus; below KOfam threshold by 319.3 (score=122.4, threshold=441.7, ratio=0.28)",6,2,"Absent: confidence=0.002, posterior mean=0.005. Credible interval [0.00, 0.01] and HDI [0.00, 0.00] well below threshold=0.63. No meaningful genomic evidence. Note: 6 KO(s) flagged but within acceptable range."
M00176,"Assimilatory sulfate reduction, sulfate => H2S",0.951,0.951,"K00390,K00392,K00860,K00958","R00509,R00529,R00859,R02021",0.155,3,3.0,3.0,0.9231,0.016499,0.63375,0.5277,1.0,0.9231,0.9231,2.253,"K00860: below KOfam threshold by 0.1 (score=329.6, threshold=329.7, ratio=1.00)",1,0,"Likely present: confidence=0.951 and posterior mean=0.923 above threshold=0.63, but credible interval [0.53, 1.00] extends below threshold. HDI [0.92, 0.92], effect size=2.25. Note: 1 KO(s) flagged but within acceptable range."
M00307,"Pyruvate oxidation, pyruvate => acetyl-CoA",0.961,0.961,"K00161,K00162,K00382,K00627","R00014,R00209,R02569,R03270,R07618",0.574,1,1.0,1.0,0.9613,0.017722,0.63375,0.4774,1.0,0.9613,0.9613,2.46,"K00627: below KOfam threshold by 63.6 (score=422.7, threshold=486.3, ratio=0.87)",1,0,"Likely present (prior-driven): confidence=0.961 but based on only 1 step(s) with wide credible interval [0.48, 1.00] (width=0.52). HDI [0.96, 0.96]. High confidence may be due to prior (frequency and/or genomic evidence) instead of influence. Note: 1 KO(s) flagged but within acceptable range."
M00308,"Semi-phosphorylative Entner-Doudoroff pathway, gluconate => glycerate-3P",0.393,0.337,"K00134,K00874,K00927,K01625,K05308","R01061,R01512,R01538,R01541,R05605",0.344,4,2.18,2.3,0.5577,0.045681,0.63375,0.1428,0.9247,0.1662,0.9419,-0.356,"K00134: outcompeted at locus | K00874: outcompeted at locus; below KOfam threshold by 99.5 (score=147.5, threshold=247.0, ratio=0.60) | K01625: below KOfam threshold by 60.2 (score=128.2, threshold=188.4, ratio=0.68) | K05308: outcompeted at locus; below KOfam threshold by 395.3 (score=20.3, threshold=415.6, ratio=0.05)",6,1,"Uncertain: confidence=0.393 with credible interval [0.14, 0.92] straddling threshold=0.63. Posterior mean=0.558, HDI [0.17, 0.94]. Module may be present but evidence is inconclusive. Note: 6 KO(s) flagged but within acceptable range."
M00309,,0.0,0.0,"K03738,K05308,K18127","R01538,R03033,R08570,R08571,R10616",0.001,3,0.0,0.0,0.001,0.000227,0.63375,0.0,0.0001,0.001,0.001,-42.005,"K03738: outcompeted at locus; below KOfam threshold by 185.1 (score=123.5, threshold=308.6, ratio=0.40) | K05308: outcompeted at locus; below KOfam threshold by 395.3 (score=20.3, threshold=415.6, ratio=0.05) | K18127: outcompeted at locus; below KOfam threshold by 188.8 (score=119.2, threshold=308.0, ratio=0.39)",6,3,"Absent: confidence=0.000, posterior mean=0.001. Credible interval [0.00, 0.00] and HDI [0.00, 0.00] well below threshold=0.63. No meaningful genomic evidence. Note: 6 KO(s) flagged but within acceptable range."
M00338,"Cysteine biosynthesis, homocysteine + serine => cysteine",0.726,0.343,"K01697,K01758","R01001,R01290",0.064,2,1.06,1.6,0.7524,0.058222,0.63375,0.1684,0.9994,0.7524,0.7524,0.492,"K01697: outcompeted at locus; below KOfam threshold by 31.1 (score=424.8, threshold=455.9, ratio=0.93) | K01758: below KOfam threshold by 99.9 (score=500.8, threshold=600.7, ratio=0.83)",3,0,"Uncertain: confidence=0.726 with credible interval [0.17, 1.00] straddling threshold=0.63. Posterior mean=0.752, HDI [0.75, 0.75]. Module may be present but evidence is inconclusive. Note: 3 KO(s) flagged but within acceptable range."
M00345,"Formaldehyde assimilation, ribulose monophosphate pathway",0.355,0.167,"K00850,K01624,K08093,K08094","R00756,R01068,R05338,R05339",0.047,3,1.23,1.7,0.5208,0.058039,0.63375,0.0815,0.938,0.0941,0.9479,-0.469,"K08093: outcompeted at locus; below KOfam threshold by 138.1 (score=33.8, threshold=171.9, ratio=0.20) | K08094: outcompeted at locus; below KOfam threshold by 60.3 (score=40.3, threshold=100.6, ratio=0.40)",4,2,"Uncertain: confidence=0.355 with credible interval [0.08, 0.94] straddling threshold=0.63. Posterior mean=0.521, HDI [0.09, 0.95]. Module may be present but evidence is inconclusive. Note: 4 KO(s) flagged but within acceptable range."
M00346,"Formaldehyde assimilation, serine pathway",0.198,0.09,"K00018,K00024,K00600,K00830,K01595,K01689,K08691,K08692,K11529,K14067","R00342,R00345,R00473,R00588,R00658,R00945,R01256,R01388,R08572",0.015,9,4.18,4.9,0.4983,0.022936,0.63375,0.2094,0.7878,0.2102,0.7868,-0.894,"K00018: outcompeted at locus; below KOfam threshold by 64.6 (score=254.6, threshold=319.2, ratio=0.80) | K00024: outcompeted at locus; below KOfam threshold by 329.5 (score=28.0, threshold=357.5, ratio=0.08)",4,1,"Likely absent: confidence=0.198, posterior mean=0.498 below threshold=0.63. Credible interval [0.21, 0.79] mostly below threshold. Some genomic evidence exists but is insufficient. Note: 4 KO(s) flagged but within acceptable range."
M00356,,0.0,0.0,"K00399,K00401,K00402,K04480,K08264,K08265,K14080,K14081","R04540,R04541,R09098",0.001,3,0.0,0.0,0.0001,2.1e-05,0.63375,0.0,0.0,0.0001,0.0001,-137.362,"K08264: outcompeted at locus; below KOfam threshold by 305.1 (score=28.2, threshold=333.3, ratio=0.08) | K14080: outcompeted at locus; below KOfam threshold by 277.9 (score=106.9, threshold=384.8, ratio=0.28) | K14081: outcompeted at locus; below KOfam threshold by 170.4 (score=133.0, threshold=303.4, ratio=0.44)",6,3,"Absent: confidence=0.000, posterior mean=0.000. Credible interval [0.00, 0.00] and HDI [0.00, 0.00] well below threshold=0.63. No meaningful genomic evidence. Note: 6 KO(s) flagged but within acceptable range."
M00357,,0.011,0.011,"K00193,K00194,K00197,K00399,K00401,K00402,K00577,K00578,K00579,K00580,K00581,K00584,K01895,K08264,K08265","R00235,R04347,R04540,R04541,R09096",0.001,5,1.0,1.0,0.1819,0.022895,0.63375,0.0056,0.5596,0.001,0.4855,-2.986,"K00193: below KOfam threshold by 595.9 (score=12.0, threshold=607.9, ratio=0.02) | K00577: below KOfam threshold by 108.8 (score=17.6, threshold=126.4, ratio=0.14) | K00578: outcompeted at locus; below KOfam threshold by 67.8 (score=14.5, threshold=82.3, ratio=0.18) | K08264: outcompeted at locus; below KOfam threshold by 305.1 (score=28.2, threshold=333.3, ratio=0.08)",6,4,"Absent: confidence=0.011, posterior mean=0.182. Credible interval [0.01, 0.56] and HDI [0.00, 0.49] well below threshold=0.63. No meaningful genomic evidence. Note: 6 KO(s) flagged but within acceptable range."
M00358,Coenzyme M biosynthesis,0.034,0.034,"K05884,K05979,K06034,K08097,K13039","R05774,R05789,R07136,R07476",0.012,4,1.01,1.0,0.2312,0.03292,0.63375,0.008,0.6668,0.001,0.5896,-2.218,"K13039: outcompeted at locus; below KOfam threshold by 163.6 (score=55.0, threshold=218.6, ratio=0.25)",2,1,"Absent: confidence=0.034, posterior mean=0.231. Credible interval [0.01, 0.67] and HDI [0.00, 0.59] well below threshold=0.63. No meaningful genomic evidence. Note: 2 KO(s) flagged but within acceptable range."
M00363,"EHEC pathogenicity signature, Shiga toxin",0.0,0.0,"K11006,K11007",,0.001,2,0.0,0.0,0.0001,3.1e-05,0.63375,0.0,0.0,0.0001,0.0001,-113.72,,0,0,"Absent: confidence=0.000, posterior mean=0.000. Credible interval [0.00, 0.00] and HDI [0.00, 0.00] well below threshold=0.63. No meaningful genomic evidence."
M00364,"C10-C20 isoprenoid biosynthesis, bacteria",0.65,0.375,"K01823,K13789","R01123,R01658,R02003,R02061",0.17,2,1.09,1.5,0.6999,0.065641,0.63375,0.1261,0.9977,0.6999,0.6999,0.258,,0,0,"Uncertain: confidence=0.650 with credible interval [0.13, 1.00] straddling threshold=0.63. Posterior mean=0.700, HDI [0.70, 0.70]. Module may be present but evidence is inconclusive."
M00365,"C10-C20 isoprenoid biosynthesis, archaea",0.108,0.014,"K01823,K13787","R01123,R01658,R02003,R02061",0.063,2,0.14,0.6,0.2627,0.060529,0.63375,0.001,0.8448,0.2627,0.2627,-1.508,"K13787: outcompeted at locus; below KOfam threshold by 74.6 (score=227.3, threshold=301.9, ratio=0.75)",2,0,"Likely absent: confidence=0.108, posterior mean=0.263 below threshold=0.63. Credible interval [0.00, 0.84] mostly below threshold. Some genomic evidence exists but is insufficient. Note: 2 KO(s) flagged but within acceptable range."
M00373,Ethylmalonyl pathway,0.001,0.001,"K01847,K01965,K01966,K05606","R00833,R01859,R02765,R09979",0.023,1,0.0,0.0,0.0025,0.001175,0.63375,0.0,0.0001,0.0025,0.0025,-18.42,"K01965: outcompeted at locus; below KOfam threshold by 173.5 (score=703.7, threshold=877.2, ratio=0.80) | K01966: outcompeted at locus; below KOfam threshold by 802.6 (score=71.7, threshold=874.3, ratio=0.08) | K05606: outcompeted at locus; below KOfam threshold by 24.2 (score=48.3, threshold=72.5, ratio=0.67)",6,1,"Absent: confidence=0.001, posterior mean=0.002. Credible interval [0.00, 0.00] and HDI [0.00, 0.00] well below threshold=0.63. No meaningful genomic evidence. Note: 6 KO(s) flagged but within acceptable range."
M00374,,0.001,0.0,"K00024,K00169,K00170,K00171,K00172,K00239,K00240,K00626,K01007,K01595,K01677,K01678,K01902,K01903,K14465,K14467,K14534,K15016,K15017","R00199,R00238,R00342,R00345,R00405,R01082,R01196,R01975,R02164,R03026,R09279,R09280,R09281,R10782",0.001,13,2.73,3.4,0.2402,0.01193,0.63375,0.0654,0.4832,0.048,0.4525,-3.603,"K00024: outcompeted at locus; below KOfam threshold by 329.5 (score=28.0, threshold=357.5, ratio=0.08) | K00169: outcompeted at locus; below KOfam threshold by 275.5 (score=24.1, threshold=299.6, ratio=0.08) | K00170: outcompeted at locus; below KOfam threshold by 299.8 (score=16.5, threshold=316.3, ratio=0.05) | K00171: outcompeted at locus; below KOfam threshold by 54.5 (score=43.9, threshold=98.4, ratio=0.45) | K00172: outcompeted at locus; below KOfam threshold by 113.7 (score=37.3, threshold=151.0, ratio=0.25) | K00239: below KOfam threshold by 6.7 (score=613.5, threshold=620.2, ratio=0.99) | K00626: outcompeted at locus; below KOfam threshold by 334.1 (score=35.8, threshold=369.9, ratio=0.10) | K01007: outcompeted at locus; below KOfam threshold by 374.6 (score=21.9, threshold=396.5, ratio=0.06) | K01903: outcompeted at locus; below KOfam threshold by 480.0 (score=22.6, threshold=502.6, ratio=0.04) | K14465: outcompeted at locus; below KOfam threshold by 434.6 (score=21.0, threshold=455.6, ratio=0.05) | K14467: outcompeted at locus; below KOfam threshold by 376.5 (score=665.0, threshold=1041.5, ratio=0.64) | K15016: outcompeted at locus; below KOfam threshold by 285.2 (score=157.8, threshold=443.0, ratio=0.36) | K15017: outcompeted at locus; below KOfam threshold by 631.0 (score=65.2, threshold=696.2, ratio=0.09)",25,11,"Absent: confidence=0.001, posterior mean=0.240. Credible interval [0.07, 0.48] and HDI [0.05, 0.45] well below threshold=0.63. No meaningful genomic evidence. Note: 25 KO(s) flagged but within acceptable range."
M00375,,0.0,0.0,"K00626,K01848,K01849,K01964,K05606,K14465,K14466,K14534,K15016,K15017,K15018,K15019,K15020,K15036,K15037,K15039","R00238,R00740,R00742,R00833,R00919,R01859,R01975,R02765,R03026,R03045,R09279,R09280,R09281,R09286,R09289,R10782",0.001,14,1.49,1.7,0.1115,0.006041,0.63375,0.0114,0.3035,0.002,0.2623,-6.719,"K00626: outcompeted at locus; below KOfam threshold by 334.1 (score=35.8, threshold=369.9, ratio=0.10) | K01849: outcompeted at locus; below KOfam threshold by 139.4 (score=38.0, threshold=177.4, ratio=0.21) | K01964: outcompeted at locus; below KOfam threshold by 493.8 (score=485.7, threshold=979.5, ratio=0.50) | K05606: outcompeted at locus; below KOfam threshold by 24.2 (score=48.3, threshold=72.5, ratio=0.67) | K14465: outcompeted at locus; below KOfam threshold by 434.6 (score=21.0, threshold=455.6, ratio=0.05) | K14466: outcompeted at locus; below KOfam threshold by 606.9 (score=256.2, threshold=863.1, ratio=0.30) | K15016: outcompeted at locus; below KOfam threshold by 285.2 (score=157.8, threshold=443.0, ratio=0.36) | K15017: outcompeted at locus; below KOfam threshold by 631.0 (score=65.2, threshold=696.2, ratio=0.09) | K15018: outcompeted at locus; below KOfam threshold by 702.7 (score=608.9, threshold=1311.6, ratio=0.46) | K15019: outcompeted at locus; below KOfam threshold by 154.9 (score=184.7, threshold=339.6, ratio=0.54) | K15020: outcompeted at locus; below KOfam threshold by 323.4 (score=21.6, threshold=345.0, ratio=0.06) | K15036: outcompeted at locus; below KOfam threshold by 1039.6 (score=40.1, threshold=1079.7, ratio=0.04) | K15037: outcompeted at locus; below KOfam threshold by 95.8 (score=37.2, threshold=133.0, ratio=0.28) | K15039: below KOfam threshold by 594.5 (score=14.6, threshold=609.1, ratio=0.02)",27,12,"Absent: confidence=0.000, posterior mean=0.112. Credible interval [0.01, 0.30] and HDI [0.00, 0.26] well below threshold=0.63. No meaningful genomic evidence. Note: 27 KO(s) flagged but within acceptable range."
M00376,3-Hydroxypropionate bi-cycle,0.0,0.0,"K08691,K09709,K14449,K14470","R00237,R00473,R00934,R05076,R09282,R09283",0.001,1,0.0,0.0,0.0001,4.3e-05,0.63375,0.0,0.0,0.0001,0.0001,-96.31,"K14449: outcompeted at locus; below KOfam threshold by 246.0 (score=15.6, threshold=261.6, ratio=0.06)",2,1,"Absent: confidence=0.000, posterior mean=0.000. Credible interval [0.00, 0.00] and HDI [0.00, 0.00] well below threshold=0.63. No meaningful genomic evidence. Note: 2 KO(s) flagged but within acceptable range."
M00377,Reductive acetyl-CoA pathway (Wood-Ljungdahl pathway),0.024,0.02,"K00194,K00197,K00198,K00297,K01491,K01938,K05299,K14138,K15023","R00134,R00943,R01220,R01655,R02289,R07157,R07168,R08433,R10243",0.002,7,2.14,2.2,0.2918,0.023751,0.63375,0.0521,0.6319,0.028,0.5866,-2.219,"K00297: outcompeted at locus | K05299: outcompeted at locus; below KOfam threshold by 1141.3 (score=44.3, threshold=1185.6, ratio=0.04) | K15023: outcompeted at locus; below KOfam threshold by 72.2 (score=196.2, threshold=268.4, ratio=0.73)",5,1,"Absent: confidence=0.024, posterior mean=0.292. Credible interval [0.05, 0.63] and HDI [0.03, 0.59] well below threshold=0.63. No meaningful genomic evidence. Note: 5 KO(s) flagged but within acceptable range."
M00378,"F420 biosynthesis, archaea",0.097,0.004,K14941,R09397,0.004,1,0.01,0.2,0.1729,0.068113,0.63375,0.0,0.9044,0.1729,0.1729,-1.766,"K14941: outcompeted at locus; below KOfam threshold by 65.8 (score=16.3, threshold=82.1, ratio=0.20)",2,1,"Likely absent: confidence=0.097, posterior mean=0.173 below threshold=0.63. Credible interval [0.00, 0.90] mostly below threshold. Some genomic evidence exists but is insufficient. Note: 2 KO(s) flagged but within acceptable range."
M00416,Cytochrome aa3-600 menaquinol oxidase,0.001,0.001,"K02826,K02827,K02828,K02829",,0.023,1,0.0,0.0,0.0021,0.000977,0.63375,0.0,0.0,0.0021,0.0021,-20.214,"K02826: outcompeted at locus; below KOfam threshold by 257.9 (score=124.7, threshold=382.6, ratio=0.33) | K02827: outcompeted at locus; below KOfam threshold by 456.7 (score=550.9, threshold=1007.6, ratio=0.55) | K02828: outcompeted at locus; below KOfam threshold by 158.0 (score=122.7, threshold=280.7, ratio=0.44)",6,2,"Absent: confidence=0.001, posterior mean=0.002. Credible interval [0.00, 0.00] and HDI [0.00, 0.00] well below threshold=0.63. No meaningful genomic evidence. Note: 6 KO(s) flagged but within acceptable range."
M00417,Cytochrome o ubiquinol oxidase,0.031,0.01,"K02297,K02298,K02299,K02300",,0.242,1,0.0,0.0,0.0656,0.02918,0.63375,0.0,0.69,0.0656,0.0656,-3.326,"K02297: outcompeted at locus; below KOfam threshold by 267.0 (score=65.7, threshold=332.7, ratio=0.20) | K02298: outcompeted at locus; below KOfam threshold by 467.0 (score=506.9, threshold=973.9, ratio=0.52) | K02299: outcompeted at locus; below KOfam threshold by 124.0 (score=147.8, threshold=271.8, ratio=0.54) | K02300: below KOfam threshold by 71.9 (score=8.4, threshold=80.3, ratio=0.10)",7,2,"Absent: confidence=0.031, posterior mean=0.066. Credible interval [0.00, 0.69] and HDI [0.07, 0.07] well below threshold=0.63. No meaningful genomic evidence. Note: 7 KO(s) flagged but within acceptable range."
M00418,"Toluene degradation, anaerobic, toluene => benzoyl-CoA",0.0,0.0,"K07540,K07543,K07544,K07545,K07546,K07547,K07548,K07549,K07550","R05575,R05584,R05587,R05588,R05598,R05599",0.0,6,0.01,0.0,0.0014,0.000179,0.63375,0.0,0.0057,0.0014,0.0014,-47.289,"K07543: outcompeted at locus; below KOfam threshold by 353.1 (score=12.3, threshold=365.4, ratio=0.03) | K07546: outcompeted at locus; below KOfam threshold by 133.7 (score=154.8, threshold=288.5, ratio=0.54) | K07547: outcompeted at locus; below KOfam threshold by 360.1 (score=110.1, threshold=470.2, ratio=0.23) | K07548: outcompeted at locus; below KOfam threshold by 202.0 (score=226.7, threshold=428.7, ratio=0.53) | K07550: outcompeted at locus; below KOfam threshold by 462.0 (score=9.0, threshold=471.0, ratio=0.02)",10,3,"Absent: confidence=0.000, posterior mean=0.001. Credible interval [0.00, 0.01] and HDI [0.00, 0.00] well below threshold=0.63. No meaningful genomic evidence. Note: 10 KO(s) flagged but within acceptable range."
M00419,"Cymene degradation, p-cymene => p-cumate",0.0,0.0,"K10616,K10617,K10618,K18293","R05232,R05235,R05266",0.0,3,0.0,0.0,0.0001,3.2e-05,0.63375,0.0,0.0,0.0001,0.0001,-111.366,"K10617: outcompeted at locus; below KOfam threshold by 413.6 (score=119.4, threshold=533.0, ratio=0.22) | K10618: outcompeted at locus; below KOfam threshold by 624.7 (score=190.0, threshold=814.7, ratio=0.23) | K18293: outcompeted at locus; below KOfam threshold by 361.9 (score=42.3, threshold=404.2, ratio=0.10)",6,3,"Absent: confidence=0.000, posterior mean=0.000. Credible interval [0.00, 0.00] and HDI [0.00, 0.00] well below threshold=0.63. No meaningful genomic evidence. Note: 6 KO(s) flagged but within acceptable range."
M00422,"Acetyl-CoA pathway, CO2 => acetyl-CoA",0.0,0.0,"K00192,K00193,K00194,K00195,K00197","R07157,R09096,R10219",0.001,2,0.0,0.0,0.0001,2.8e-05,0.63375,0.0,0.0,0.0001,0.0001,-118.817,"K00192: outcompeted at locus; below KOfam threshold by 664.8 (score=33.5, threshold=698.3, ratio=0.05) | K00193: below KOfam threshold by 595.9 (score=12.0, threshold=607.9, ratio=0.02) | K00195: outcompeted at locus; below KOfam threshold by 79.9 (score=19.1, threshold=99.0, ratio=0.19)",5,3,"Absent: confidence=0.000, posterior mean=0.000. Credible interval [0.00, 0.00] and HDI [0.00, 0.00] well below threshold=0.63. No meaningful genomic evidence. Note: 5 KO(s) flagged but within acceptable range."
M00432,"Leucine biosynthesis, 2-oxoisovalerate => 2-oxoisocaproate",0.988,0.988,"K00052,K01649,K01703,K01704","R01213,R03968,R04001,R04426",0.74,3,3.0,3.0,0.9764,0.005366,0.63375,0.7457,1.0,0.9764,0.9764,4.677,K01703: outcompeted at locus,1,0,"Present: confidence=0.988 with 95% credible interval [0.75, 1.00] and HDI [0.98, 0.98] entirely above threshold=0.63. Posterior mean=0.976, effect size=4.68. Note: 1 KO(s) flagged but within acceptable range."
M00433,"Lysine biosynthesis, 2-oxoglutarate => 2-oxoadipate",0.0,0.0,"K01655,K05824,K16792,K16793","R00271,R01934,R03444,R04371,R09720",0.001,3,0.0,0.0,0.0001,2.4e-05,0.63375,0.0,0.0,0.0001,0.0001,-128.98,"K01655: outcompeted at locus; below KOfam threshold by 190.5 (score=212.3, threshold=402.8, ratio=0.53) | K05824: outcompeted at locus; below KOfam threshold by 160.1 (score=266.1, threshold=426.2, ratio=0.62) | K16792: outcompeted at locus; below KOfam threshold by 316.8 (score=297.5, threshold=614.3, ratio=0.48) | K16793: outcompeted at locus; below KOfam threshold by 124.9 (score=104.3, threshold=229.2, ratio=0.46)",8,2,"Absent: confidence=0.000, posterior mean=0.000. Credible interval [0.00, 0.00] and HDI [0.00, 0.00] well below threshold=0.63. No meaningful genomic evidence. Note: 8 KO(s) flagged but within acceptable range."
M00525,"Lysine biosynthesis, acetyl-DAP pathway, aspartate => lysine",0.507,0.498,"K00133,K00215,K00841,K00928,K01586,K01714,K01778,K05822,K05823","R00451,R00480,R02291,R02733,R02735,R04198,R04199,R04364,R04467,R10147",0.143,9,6.05,6.1,0.6277,0.021439,0.63375,0.3244,0.8825,0.3453,0.8969,-0.041,"K00841: outcompeted at locus; below KOfam threshold by 159.5 (score=331.6, threshold=491.1, ratio=0.68) | K05822: outcompeted at locus; below KOfam threshold by 265.0 (score=75.3, threshold=340.3, ratio=0.22) | K05823: outcompeted at locus; below KOfam threshold by 46.1 (score=309.7, threshold=355.8, ratio=0.87)",6,1,"Uncertain: confidence=0.507 with credible interval [0.32, 0.88] straddling threshold=0.63. Posterior mean=0.628, HDI [0.35, 0.90]. Module may be present but evidence is inconclusive. Note: 6 KO(s) flagged but within acceptable range."
M00526,"Lysine biosynthesis, DAP dehydrogenase pathway, aspartate => lysine",0.914,0.914,"K00133,K00215,K00928,K01586,K01714,K03340","R00451,R00480,R02291,R02755,R04198,R04199,R10147",0.9,6,5.01,5.0,0.8409,0.017603,0.63375,0.5063,0.9945,0.5746,0.999,1.561,"K03340: outcompeted at locus; below KOfam threshold by 177.8 (score=18.6, threshold=196.4, ratio=0.09)",2,1,"Likely present: confidence=0.914 and posterior mean=0.841 above threshold=0.63, but credible interval [0.51, 0.99] extends below threshold. HDI [0.57, 1.00], effect size=1.56. Note: 2 KO(s) flagged but within acceptable range."
M00527,"Lysine biosynthesis, DAP aminotransferase pathway, aspartate => lysine",0.998,0.998,"K00133,K00215,K00928,K01586,K01714,K01778,K10206","R00451,R00480,R02291,R02735,R04198,R04199,R07613,R10147",0.773,7,7.0,7.0,0.9793,0.002326,0.63375,0.8312,1.0,0.9793,0.9793,7.166,,0,0,"Present: confidence=0.998 with 95% credible interval [0.83, 1.00] and HDI [0.98, 0.98] entirely above threshold=0.63. Posterior mean=0.979, effect size=7.17."
M00528,"Nitrification, ammonia => nitrite",0.0,0.0,"K10535,K10945,K10946,K28504","R00148,R10164",0.003,2,0.0,0.0,0.0023,0.000703,0.63375,0.0,0.002,0.0023,0.0023,-23.814,,0,0,"Absent: confidence=0.000, posterior mean=0.002. Credible interval [0.00, 0.00] and HDI [0.00, 0.00] well below threshold=0.63. No meaningful genomic evidence."
M00529,"Denitrification, nitrate => nitrogen",0.0,0.0,"K00368,K00376,K02305,K02567,K02568,K04561","R00294,R00783,R00785,R02804,R03071",0.054,4,0.02,0.0,0.0144,0.002633,0.63375,0.0,0.164,0.0144,0.0144,-12.07,"K00368: outcompeted at locus; below KOfam threshold by 177.6 (score=14.0, threshold=191.6, ratio=0.07) | K00376: outcompeted at locus; below KOfam threshold by 430.2 (score=34.9, threshold=465.1, ratio=0.08) | K02305: outcompeted at locus; below KOfam threshold by 57.2 (score=33.1, threshold=90.3, ratio=0.37)",6,3,"Absent: confidence=0.000, posterior mean=0.014. Credible interval [0.00, 0.16] and HDI [0.01, 0.01] well below threshold=0.63. No meaningful genomic evidence. Note: 6 KO(s) flagged but within acceptable range."
M00530,"Dissimilatory nitrate reduction, nitrate => ammonia",0.004,0.004,"K00362,K00363,K02567,K02568","R00787,R03071",0.23,2,0.0,0.0,0.0256,0.007791,0.63375,0.0,0.3081,0.0256,0.0256,-6.89,"K00362: outcompeted at locus; below KOfam threshold by 1172.6 (score=68.0, threshold=1240.6, ratio=0.05) | K00363: outcompeted at locus; below KOfam threshold by 117.3 (score=23.9, threshold=141.2, ratio=0.17)",4,2,"Absent: confidence=0.004, posterior mean=0.026. Credible interval [0.00, 0.31] and HDI [0.03, 0.03] well below threshold=0.63. No meaningful genomic evidence. Note: 4 KO(s) flagged but within acceptable range."
M00531,"Assimilatory nitrate reduction, nitrate => ammonia",0.013,0.01,"K00372,K26138,K26139","R00787,R00789,R00798",0.113,2,0.09,0.1,0.0648,0.018943,0.63375,0.0,0.5206,0.0648,0.0648,-4.134,"K26138: outcompeted at locus; below KOfam threshold by 71.8 (score=30.8, threshold=102.6, ratio=0.30) | K26139: outcompeted at locus; below KOfam threshold by 734.1 (score=69.9, threshold=804.0, ratio=0.09)",4,2,"Absent: confidence=0.013, posterior mean=0.065. Credible interval [0.00, 0.52] and HDI [0.06, 0.06] well below threshold=0.63. No meaningful genomic evidence. Note: 4 KO(s) flagged but within acceptable range."
M00533,"Homoprotocatechuate degradation, homoprotocatechuate => 2-oxohept-3-enedioate",0.001,0.001,"K00151,K00455,K01826,K05921","R03303,R04134,R04379,R04380,R04418",0.085,4,0.08,0.1,0.0369,0.006576,0.63375,0.0,0.2935,0.0369,0.0369,-7.361,"K00151: outcompeted at locus; below KOfam threshold by 504.6 (score=216.8, threshold=721.4, ratio=0.30)",2,1,"Absent: confidence=0.001, posterior mean=0.037. Credible interval [0.00, 0.29] and HDI [0.04, 0.04] well below threshold=0.63. No meaningful genomic evidence. Note: 2 KO(s) flagged but within acceptable range."
M00534,"Naphthalene degradation, naphthalene => salicylate",0.0,0.0,"K00152,K14578,K14579,K14580,K14581,K14582,K14583,K14584,K14585","R02941,R02968,R04115,R04117,R05136,R05137",0.0,6,0.04,0.0,0.0058,0.000758,0.63375,0.0,0.0693,0.0058,0.0058,-22.811,"K00152: outcompeted at locus; below KOfam threshold by 989.3 (score=102.0, threshold=1091.3, ratio=0.09) | K14578: outcompeted at locus; below KOfam threshold by 95.7 (score=35.9, threshold=131.6, ratio=0.27) | K14579: outcompeted at locus; below KOfam threshold by 639.0 (score=27.1, threshold=666.1, ratio=0.04) | K14581: outcompeted at locus; below KOfam threshold by 319.7 (score=68.2, threshold=387.9, ratio=0.18) | K14582: outcompeted at locus; below KOfam threshold by 354.5 (score=78.7, threshold=433.2, ratio=0.18) | K14583: outcompeted at locus; below KOfam threshold by 645.6 (score=15.2, threshold=660.8, ratio=0.02) | K14585: outcompeted at locus; below KOfam threshold by 321.6 (score=84.3, threshold=405.9, ratio=0.21)",14,7,"Absent: confidence=0.000, posterior mean=0.006. Credible interval [0.00, 0.07] and HDI [0.01, 0.01] well below threshold=0.63. No meaningful genomic evidence. Note: 14 KO(s) flagged but within acceptable range."
M00535,"Isoleucine biosynthesis, pyruvate => 2-oxobutanoate",0.501,0.501,"K00052,K01703,K01704,K09011","R00994,R03896,R03898,R07399",0.038,3,2.0,2.0,0.6101,0.055321,0.63375,0.1338,0.9699,0.1892,0.997,-0.101,"K01703: outcompeted at locus | K09011: outcompeted at locus; below KOfam threshold by 167.9 (score=450.4, threshold=618.3, ratio=0.73)",3,0,"Uncertain: confidence=0.501 with credible interval [0.13, 0.97] straddling threshold=0.63. Posterior mean=0.610, HDI [0.19, 1.00]. Module may be present but evidence is inconclusive. Note: 3 KO(s) flagged but within acceptable range."
M00537,"Xylene degradation, xylene => methylbenzoate",0.0,0.0,"K00055,K00141,K15757,K15758","R05282,R05288,R05289,R05347,R05348,R05442,R05443,R05663,R05664",0.0,3,0.01,0.0,0.0049,0.00114,0.63375,0.0,0.0475,0.0049,0.0049,-18.623,"K00055: outcompeted at locus; below KOfam threshold by 364.3 (score=16.5, threshold=380.8, ratio=0.04) | K00141: outcompeted at locus; below KOfam threshold by 437.8 (score=212.8, threshold=650.6, ratio=0.33) | K15758: outcompeted at locus; below KOfam threshold by 447.8 (score=56.7, threshold=504.5, ratio=0.11)",6,3,"Absent: confidence=0.000, posterior mean=0.005. Credible interval [0.00, 0.05] and HDI [0.00, 0.00] well below threshold=0.63. No meaningful genomic evidence. Note: 6 KO(s) flagged but within acceptable range."
M00538,"Toluene degradation, toluene => benzoate",0.0,0.0,"K00055,K00141,K15760,K15761,K15763,K15764","R01419,R01763,R02550",0.0,3,0.01,0.0,0.0049,0.00114,0.63375,0.0,0.0475,0.0049,0.0049,-18.623,"K00055: outcompeted at locus; below KOfam threshold by 364.3 (score=16.5, threshold=380.8, ratio=0.04) | K00141: outcompeted at locus; below KOfam threshold by 437.8 (score=212.8, threshold=650.6, ratio=0.33)",4,2,"Absent: confidence=0.000, posterior mean=0.005. Credible interval [0.00, 0.05] and HDI [0.00, 0.00] well below threshold=0.63. No meaningful genomic evidence. Note: 4 KO(s) flagged but within acceptable range."
M00539,"Cumate degradation, p-cumate => 2-oxopent-4-enoate + 2-methylpropanoate",0.0,0.0,"K10619,K10620,K10621,K10622,K10623,K16303,K16304,K18227","R05240,R05247,R05248,R05364,R05377",0.001,5,0.01,0.0,0.002,0.0003,0.63375,0.0,0.0113,0.002,0.002,-36.466,"K10619: outcompeted at locus; below KOfam threshold by 470.4 (score=32.5, threshold=502.9, ratio=0.06) | K10620: outcompeted at locus; below KOfam threshold by 125.1 (score=162.5, threshold=287.6, ratio=0.56) | K10621: outcompeted at locus; below KOfam threshold by 158.7 (score=45.5, threshold=204.2, ratio=0.22) | K10623: outcompeted at locus; below KOfam threshold by 472.8 (score=39.4, threshold=512.2, ratio=0.08) | K16304: outcompeted at locus; below KOfam threshold by 103.5 (score=23.1, threshold=126.6, ratio=0.18) | K18227: outcompeted at locus; below KOfam threshold by 433.1 (score=50.7, threshold=483.8, ratio=0.10)",12,5,"Absent: confidence=0.000, posterior mean=0.002. Credible interval [0.00, 0.01] and HDI [0.00, 0.00] well below threshold=0.63. No meaningful genomic evidence. Note: 12 KO(s) flagged but within acceptable range."
M00540,"Benzoate degradation, cyclohexanecarboxylic acid =>pimeloyl-CoA",0.0,0.0,"K04116,K04117,K07534,K07535,K07536","R05582,R05592,R05600,R05619,R05620",0.009,5,0.14,0.1,0.027,0.004035,0.63375,0.0,0.2255,0.027,0.027,-9.553,"K04116: outcompeted at locus; below KOfam threshold by 344.6 (score=263.2, threshold=607.8, ratio=0.43) | K07534: outcompeted at locus; below KOfam threshold by 353.6 (score=115.8, threshold=469.4, ratio=0.25) | K07535: outcompeted at locus; below KOfam threshold by 27.5 (score=280.6, threshold=308.1, ratio=0.91) | K07536: outcompeted at locus; below KOfam threshold by 87.8 (score=308.9, threshold=396.7, ratio=0.78)",8,2,"Absent: confidence=0.000, posterior mean=0.027. Credible interval [0.00, 0.23] and HDI [0.03, 0.03] well below threshold=0.63. No meaningful genomic evidence. Note: 8 KO(s) flagged but within acceptable range."
M00541,"Benzoyl-CoA degradation, benzoyl-CoA => 3-hydroxypimeloyl-CoA",0.0,0.0,"K07537,K07538,K07539,K19515,K19516","R05581,R05594,R05597,R10961",0.001,4,0.0,0.0,0.0001,2.1e-05,0.63375,0.0,0.0,0.0001,0.0001,-138.654,"K07537: outcompeted at locus; below KOfam threshold by 192.2 (score=106.1, threshold=298.3, ratio=0.36) | K07538: outcompeted at locus; below KOfam threshold by 484.0 (score=18.3, threshold=502.3, ratio=0.04) | K07539: outcompeted at locus; below KOfam threshold by 548.8 (score=62.4, threshold=611.2, ratio=0.10)",6,3,"Absent: confidence=0.000, posterior mean=0.000. Credible interval [0.00, 0.00] and HDI [0.00, 0.00] well below threshold=0.63. No meaningful genomic evidence. Note: 6 KO(s) flagged but within acceptable range."
M00542,"EHEC/EPEC pathogenicity signature, T3SS and effectors",0.0,0.0,"K03219,K03221,K03222,K03224,K03225,K03226,K03227,K03228,K03229,K03230,K12784,K12785,K12786,K12787,K12788,K16041,K16042",,0.0,8,0.0,0.0,0.0,1e-06,0.63375,0.0,0.0,0.0,0.0,-548.198,"K03224: outcompeted at locus; below KOfam threshold by 416.1 (score=205.6, threshold=621.7, ratio=0.33) | K03229: below KOfam threshold by 375.7 (score=8.5, threshold=384.2, ratio=0.02) | K03230: outcompeted at locus; below KOfam threshold by 744.9 (score=11.4, threshold=756.3, ratio=0.02)",5,3,"Absent: confidence=0.000, posterior mean=0.000. Credible interval [0.00, 0.00] and HDI [0.00, 0.00] well below threshold=0.63. No meaningful genomic evidence. Note: 5 KO(s) flagged but within acceptable range."
M00543,"Biphenyl degradation, biphenyl => 2-oxopent-4-enoate + benzoate",0.0,0.0,"K00462,K08689,K08690,K10222,K15750,K18087,K18088","R02606,R03462,R05239,R05241,R05245,R05261,R05262,R05263,R05264,R05359",0.001,4,0.0,0.0,0.0003,4.9e-05,0.63375,0.0,0.0,0.0003,0.0003,-90.834,"K00462: outcompeted at locus; below KOfam threshold by 306.1 (score=39.0, threshold=345.1, ratio=0.11) | K08689: outcompeted at locus; below KOfam threshold by 868.1 (score=12.6, threshold=880.7, ratio=0.01) | K08690: outcompeted at locus; below KOfam threshold by 314.0 (score=99.7, threshold=413.7, ratio=0.24) | K10222: outcompeted at locus; below KOfam threshold by 395.9 (score=76.7, threshold=472.6, ratio=0.16) | K18087: outcompeted at locus; below KOfam threshold by 142.5 (score=18.2, threshold=160.7, ratio=0.11) | K18088: outcompeted at locus; below KOfam threshold by 584.6 (score=44.9, threshold=629.5, ratio=0.07)",12,6,"Absent: confidence=0.000, posterior mean=0.000. Credible interval [0.00, 0.00] and HDI [0.00, 0.00] well below threshold=0.63. No meaningful genomic evidence. Note: 12 KO(s) flagged but within acceptable range."
M00544,"Carbazole degradation, carbazole => 2-oxopent-4-enoate + anthranilate",0.0,0.0,"K15751,K15754,K15755,K15756","R05365,R05414,R05415,R09512",0.0,3,0.0,0.0,0.0,8e-06,0.63375,0.0,0.0,0.0,0.0,-230.981,"K15751: outcompeted at locus; below KOfam threshold by 392.7 (score=43.4, threshold=436.1, ratio=0.10) | K15756: outcompeted at locus; below KOfam threshold by 306.9 (score=68.0, threshold=374.9, ratio=0.18)",4,2,"Absent: confidence=0.000, posterior mean=0.000. Credible interval [0.00, 0.00] and HDI [0.00, 0.00] well below threshold=0.63. No meaningful genomic evidence. Note: 4 KO(s) flagged but within acceptable range."
M00545,"Trans-cinnamate degradation, trans-cinnamate => acetyl-CoA",0.008,0.006,"K01666,K02554,K04073,K05712,K05713,K05714","R00228,R00750,R02601,R06787,R06788,R06789",0.055,6,1.12,1.3,0.1953,0.020683,0.63375,0.012,0.544,0.001,0.4765,-3.048,"K01666: outcompeted at locus; below KOfam threshold by 56.7 (score=93.0, threshold=149.7, ratio=0.62) | K05712: outcompeted at locus; below KOfam threshold by 318.4 (score=45.5, threshold=363.9, ratio=0.13) | K05714: below KOfam threshold by 142.7 (score=139.4, threshold=282.1, ratio=0.49)",5,2,"Absent: confidence=0.008, posterior mean=0.195. Credible interval [0.01, 0.54] and HDI [0.00, 0.48] well below threshold=0.63. No meaningful genomic evidence. Note: 5 KO(s) flagged but within acceptable range."
M00546,"Purine degradation, xanthine => urea",0.042,0.016,"K00365,K01466,K01477,K07127,K13481,K13482,K16840","R02103,R02106,R02107,R02422,R02425,R06601,R06604",0.101,5,1.08,1.5,0.2835,0.031253,0.63375,0.0285,0.6817,0.004,0.6176,-1.981,"K01466: below KOfam threshold by 318.8 (score=43.5, threshold=362.3, ratio=0.12) | K13481: outcompeted at locus; below KOfam threshold by 442.3 (score=11.4, threshold=453.7, ratio=0.03)",3,2,"Absent: confidence=0.042, posterior mean=0.284. Credible interval [0.03, 0.68] and HDI [0.00, 0.62] well below threshold=0.63. No meaningful genomic evidence. Note: 3 KO(s) flagged but within acceptable range."
M00547,"Benzene/toluene degradation, benzene => catechol / toluene => 3-methylcatechol",0.0,0.0,"K03268,K16268,K16269,K18089,K18090","R00812,R03543,R03559,R04088",0.001,2,0.0,0.0,0.0001,2.8e-05,0.63375,0.0,0.0,0.0001,0.0001,-118.83,"K03268: outcompeted at locus; below KOfam threshold by 1043.8 (score=11.4, threshold=1055.2, ratio=0.01) | K16269: outcompeted at locus; below KOfam threshold by 530.0 (score=68.7, threshold=598.7, ratio=0.11) | K18090: outcompeted at locus; below KOfam threshold by 860.0 (score=27.4, threshold=887.4, ratio=0.03)",6,3,"Absent: confidence=0.000, posterior mean=0.000. Credible interval [0.00, 0.00] and HDI [0.00, 0.00] well below threshold=0.63. No meaningful genomic evidence. Note: 6 KO(s) flagged but within acceptable range."
M00548,"Benzene degradation, benzene => catechol",0.001,0.001,"K16242,K16243,K16244,K16245,K16246,K16249","R10042,R10043",0.021,1,0.0,0.0,0.0019,0.000913,0.63375,0.0,0.0,0.0019,0.0019,-20.913,"K16244: outcompeted at locus; below KOfam threshold by 64.0 (score=16.0, threshold=80.0, ratio=0.20) | K16246: outcompeted at locus; below KOfam threshold by 319.5 (score=82.0, threshold=401.5, ratio=0.20)",4,2,"Absent: confidence=0.001, posterior mean=0.002. Credible interval [0.00, 0.00] and HDI [0.00, 0.00] well below threshold=0.63. No meaningful genomic evidence. Note: 4 KO(s) flagged but within acceptable range."
M00549,"UDP-Glc biosynthesis, Glc => UDP-Glc",0.802,0.605,"K00845,K00963,K01835","R00289,R00959,R01786",0.459,3,2.08,2.5,0.7935,0.038106,0.63375,0.3017,0.9984,0.7935,0.7935,0.818,,0,0,"Uncertain: confidence=0.802 with credible interval [0.30, 1.00] straddling threshold=0.63. Posterior mean=0.794, HDI [0.79, 0.79]. Module may be present but evidence is inconclusive."
M00550,"Ascorbate degradation, ascorbate => D-xylulose-5P",0.002,0.001,"K02821,K02822,K03077,K03078,K03079,K03475,K03476","R03244,R05850,R07125,R07671,R07677",0.103,5,0.3,0.4,0.0813,0.011493,0.63375,0.0,0.3893,0.0813,0.0813,-5.153,"K03078: outcompeted at locus; below KOfam threshold by 179.0 (score=16.0, threshold=195.0, ratio=0.08)",2,1,"Absent: confidence=0.002, posterior mean=0.081. Credible interval [0.00, 0.39] and HDI [0.08, 0.08] well below threshold=0.63. No meaningful genomic evidence. Note: 2 KO(s) flagged but within acceptable range."
M00551,"Benzoate degradation, benzoate => catechol / methylbenzoate => methylcatechol",0.002,0.001,"K05549,K05550,K05783,K05784","R00813,R05290,R05292,R05309,R05314,R05428,R05621,R05665",0.05,2,0.01,0.0,0.0114,0.003534,0.63375,0.0,0.1444,0.0114,0.0114,-10.469,"K05549: outcompeted at locus; below KOfam threshold by 539.8 (score=37.1, threshold=576.9, ratio=0.06) | K05783: outcompeted at locus; below KOfam threshold by 287.9 (score=123.4, threshold=411.3, ratio=0.30) | K05784: outcompeted at locus; below KOfam threshold by 383.9 (score=75.5, threshold=459.4, ratio=0.16)",6,3,"Absent: confidence=0.002, posterior mean=0.011. Credible interval [0.00, 0.14] and HDI [0.01, 0.01] well below threshold=0.63. No meaningful genomic evidence. Note: 6 KO(s) flagged but within acceptable range."
M00552,"D-galactonate degradation, De Ley-Doudoroff pathway, D-galactonate => glycerate-3P",0.188,0.131,"K00134,K00883,K00927,K01631,K01684","R01061,R01064,R01512,R03033,R03387",0.171,5,2.11,2.4,0.4458,0.03801,0.63375,0.1016,0.8266,0.0891,0.8098,-0.964,"K00134: outcompeted at locus | K01631: outcompeted at locus; below KOfam threshold by 114.1 (score=84.2, threshold=198.3, ratio=0.42) | K01684: outcompeted at locus; below KOfam threshold by 346.0 (score=21.4, threshold=367.4, ratio=0.06)",5,2,"Likely absent: confidence=0.188, posterior mean=0.446 below threshold=0.63. Credible interval [0.10, 0.83] mostly below threshold. Some genomic evidence exists but is insufficient. Note: 5 KO(s) flagged but within acceptable range."
M00554,"UDP-Gal biosynthesis, Gal => UDP-Gal",0.248,0.046,"K00849,K00965","R00955,R01092",0.295,2,0.29,0.8,0.4113,0.075665,0.63375,0.013,0.9367,0.4113,0.4113,-0.809,"K00849: outcompeted at locus; below KOfam threshold by 344.2 (score=22.7, threshold=366.9, ratio=0.06)",2,1,"Likely absent: confidence=0.248, posterior mean=0.411 below threshold=0.63. Credible interval [0.01, 0.94] mostly below threshold. Some genomic evidence exists but is insufficient. Note: 2 KO(s) flagged but within acceptable range."
M00555,"Betaine biosynthesis, choline => betaine",0.03,0.019,"K00108,K00130","R01025,R08557,R08558",0.185,1,0.03,0.0,0.0637,0.028394,0.63375,0.0,0.6816,0.0637,0.0637,-3.383,"K00108: outcompeted at locus; below KOfam threshold by 703.0 (score=43.8, threshold=746.8, ratio=0.06) | K00130: outcompeted at locus; below KOfam threshold by 416.3 (score=257.3, threshold=673.6, ratio=0.38)",4,2,"Absent: confidence=0.030, posterior mean=0.064. Credible interval [0.00, 0.68] and HDI [0.06, 0.06] well below threshold=0.63. No meaningful genomic evidence. Note: 4 KO(s) flagged but within acceptable range."
M00563,,0.0,0.0,"K00399,K00401,K00402,K08264,K08265,K14082,K16179","R04540,R04541,R09998,R09999",0.001,4,0.0,0.0,0.0112,0.002053,0.63375,0.0,0.1341,0.0112,0.0112,-13.741,"K08264: outcompeted at locus; below KOfam threshold by 305.1 (score=28.2, threshold=333.3, ratio=0.08) | K14082: outcompeted at locus; below KOfam threshold by 353.0 (score=128.2, threshold=481.2, ratio=0.27) | K16179: outcompeted at locus; below KOfam threshold by 135.0 (score=140.9, threshold=275.9, ratio=0.51)",6,2,"Absent: confidence=0.000, posterior mean=0.011. Credible interval [0.00, 0.13] and HDI [0.01, 0.01] well below threshold=0.63. No meaningful genomic evidence. Note: 6 KO(s) flagged but within acceptable range."
M00564,"Helicobacter pylori pathogenicity signature, cagA pathogenicity island",0.0,0.0,"K03196,K12086,K12088,K12089,K12090,K12091,K12093,K12094,K12095,K12096,K12097,K12098,K12101,K12102,K12103,K12104,K12105,K12106,K12107,K12108,K12109,K12110,K15842",,0.001,23,0.01,0.0,0.0005,1.8e-05,0.63375,0.0,0.0029,0.0005,0.0005,-150.038,"K03196: outcompeted at locus; below KOfam threshold by 289.0 (score=18.0, threshold=307.0, ratio=0.06) | K12086: outcompeted at locus; below KOfam threshold by 203.5 (score=12.4, threshold=215.9, ratio=0.06) | K12096: outcompeted at locus; below KOfam threshold by 472.6 (score=12.6, threshold=485.2, ratio=0.03)",6,3,"Absent: confidence=0.000, posterior mean=0.000. Credible interval [0.00, 0.00] and HDI [0.00, 0.00] well below threshold=0.63. No meaningful genomic evidence. Note: 6 KO(s) flagged but within acceptable range."
M00565,"Trehalose biosynthesis, D-glucose 1P => trehalose",0.97,0.841,"K00700,K00703,K00975,K01214,K01236,K06044","R00948,R01824,R02110,R02421,R11256,R11261",0.216,6,5.06,5.9,0.9077,0.011023,0.63375,0.6177,0.9997,0.9077,0.9077,2.609,"K01214: below KOfam threshold by 159.3 (score=762.7, threshold=922.0, ratio=0.83) | K01236: below KOfam threshold by 163.8 (score=232.0, threshold=395.8, ratio=0.59) | K06044: outcompeted at locus; below KOfam threshold by 426.0 (score=29.2, threshold=455.2, ratio=0.06)",4,1,"Likely present: confidence=0.970 and posterior mean=0.908 above threshold=0.63, but credible interval [0.62, 1.00] extends below threshold. HDI [0.91, 0.91], effect size=2.61. Note: 4 KO(s) flagged but within acceptable range."
M00567,,0.0,0.0,"K00200,K00201,K00202,K00203,K00204,K00320,K00399,K00401,K00402,K00577,K00578,K00579,K00580,K00581,K00584,K00672,K01499,K08264,K08265,K13942","R03015,R03390,R03464,R04347,R04455,R04464,R04540,R04541",0.001,8,0.06,0.2,0.0261,0.002597,0.63375,0.0,0.1811,0.0261,0.0261,-11.923,"K00202: outcompeted at locus; below KOfam threshold by 144.9 (score=39.6, threshold=184.5, ratio=0.21) | K00204: outcompeted at locus; below KOfam threshold by 137.0 (score=34.6, threshold=171.6, ratio=0.20) | K00577: below KOfam threshold by 108.8 (score=17.6, threshold=126.4, ratio=0.14) | K00578: outcompeted at locus; below KOfam threshold by 67.8 (score=14.5, threshold=82.3, ratio=0.18) | K08264: outcompeted at locus; below KOfam threshold by 305.1 (score=28.2, threshold=333.3, ratio=0.08)",9,5,"Absent: confidence=0.000, posterior mean=0.026. Credible interval [0.00, 0.18] and HDI [0.03, 0.03] well below threshold=0.63. No meaningful genomic evidence. Note: 9 KO(s) flagged but within acceptable range."
M00568,"Catechol ortho-cleavage, catechol => 3-oxoadipate",0.013,0.008,"K01055,K01856,K03381,K03464","R00817,R02991,R06989,R06990",0.107,4,0.52,0.6,0.1533,0.024036,0.63375,0.001,0.5624,0.1533,0.1533,-3.099,"K01055: outcompeted at locus; below KOfam threshold by 111.1 (score=93.3, threshold=204.4, ratio=0.46) | K01856: outcompeted at locus; below KOfam threshold by 313.0 (score=60.8, threshold=373.8, ratio=0.16)",4,2,"Absent: confidence=0.013, posterior mean=0.153. Credible interval [0.00, 0.56] and HDI [0.15, 0.15] well below threshold=0.63. No meaningful genomic evidence. Note: 4 KO(s) flagged but within acceptable range."
M00569,"Catechol meta-cleavage, catechol => acetyl-CoA / 4-methylcatechol => propanoyl-CoA",0.001,0.0,"K02554,K04073,K07104,K10216,K18365","R00228,R00750,R00816,R02601,R02604,R05295,R05298,R05865",0.046,5,0.17,0.3,0.0568,0.008237,0.63375,0.0,0.3293,0.0568,0.0568,-6.358,"K07104: outcompeted at locus; below KOfam threshold by 39.4 (score=48.8, threshold=88.2, ratio=0.55) | K10216: outcompeted at locus; below KOfam threshold by 146.5 (score=120.9, threshold=267.4, ratio=0.45) | K18365: outcompeted at locus; below KOfam threshold by 486.2 (score=66.6, threshold=552.8, ratio=0.12)",6,2,"Absent: confidence=0.001, posterior mean=0.057. Credible interval [0.00, 0.33] and HDI [0.06, 0.06] well below threshold=0.63. No meaningful genomic evidence. Note: 6 KO(s) flagged but within acceptable range."
M00570,"Isoleucine biosynthesis, threonine => 2-oxobutanoate => isoleucine",0.997,0.997,"K00053,K00826,K01652,K01653,K01687,K01754","R00996,R02199,R05068,R05069,R05070,R08648",0.852,5,5.0,5.0,0.9866,0.00204,0.63375,0.854,1.0,0.9866,0.9866,7.811,,0,0,"Present: confidence=0.997 with 95% credible interval [0.85, 1.00] and HDI [0.99, 0.99] entirely above threshold=0.63. Posterior mean=0.987, effect size=7.81."
M00572,"Pimeloyl-ACP biosynthesis, BioC-BioH pathway, malonyl-ACP => pimeloyl-ACP",0.985,0.985,"K00059,K00208,K02169,K02372,K09458,K19560","R09543,R09725,R10115,R10116,R10117,R10118,R10119,R10120,R10121,R10122",0.321,6,6.0,6.0,0.9382,0.007624,0.63375,0.6837,1.0,0.9382,0.9382,3.487,"K02169: below KOfam threshold by 33.0 (score=134.1, threshold=167.1, ratio=0.80)",1,0,"Present: confidence=0.985 with 95% credible interval [0.68, 1.00] and HDI [0.94, 0.94] entirely above threshold=0.63. Posterior mean=0.938, effect size=3.49. Note: 1 KO(s) flagged but within acceptable range."
M00573,"Biotin biosynthesis, BioI pathway, long-chain-acyl-ACP => pimeloyl-ACP => biotin",0.359,0.359,"K00652,K01012,K01935,K16593,K19563","R01078,R03182,R10123,R10124,R10699",0.002,5,3.02,3.0,0.5489,0.038094,0.63375,0.1695,0.8953,0.1842,0.9069,-0.435,"K00652: below KOfam threshold by 42.2 (score=422.1, threshold=464.3, ratio=0.91) | K19563: outcompeted at locus; below KOfam threshold by 481.4 (score=305.6, threshold=787.0, ratio=0.39)",3,1,"Uncertain: confidence=0.359 with credible interval [0.17, 0.90] straddling threshold=0.63. Posterior mean=0.549, HDI [0.18, 0.91]. Module may be present but evidence is inconclusive. Note: 3 KO(s) flagged but within acceptable range."
M00574,"Pertussis pathogenicity signature, pertussis toxin",0.0,0.0,"K11023,K11025,K11026,K11027",,0.0,4,0.0,0.0,0.0001,1.7e-05,0.63375,0.0,0.0,0.0001,0.0001,-153.086,,0,0,"Absent: confidence=0.000, posterior mean=0.000. Credible interval [0.00, 0.00] and HDI [0.00, 0.00] well below threshold=0.63. No meaningful genomic evidence."
M00575,"Pertussis pathogenicity signature, T1SS",0.001,0.0,"K07389,K11003,K11004,K12340,K22944",,0.007,5,0.23,0.2,0.0451,0.006624,0.63375,0.0,0.2947,0.0451,0.0451,-7.233,"K11003: outcompeted at locus; below KOfam threshold by 298.3 (score=61.0, threshold=359.3, ratio=0.17) | K11004: outcompeted at locus; below KOfam threshold by 493.3 (score=442.3, threshold=935.6, ratio=0.47) | K12340: outcompeted at locus; below KOfam threshold by 30.9 (score=214.1, threshold=245.0, ratio=0.87)",6,2,"Absent: confidence=0.001, posterior mean=0.045. Credible interval [0.00, 0.29] and HDI [0.05, 0.05] well below threshold=0.63. No meaningful genomic evidence. Note: 6 KO(s) flagged but within acceptable range."
M00576,"ETEC pathogenicity signature, heat-labile and heat-stable enterotoxins",0.0,0.0,"K10928,K10929,K16883",,0.001,2,0.0,0.0,0.0001,2.9e-05,0.63375,0.0,0.0,0.0001,0.0001,-117.939,,0,0,"Absent: confidence=0.000, posterior mean=0.000. Credible interval [0.00, 0.00] and HDI [0.00, 0.00] well below threshold=0.63. No meaningful genomic evidence."
M00577,"Biotin biosynthesis, BioW pathway, pimelate => pimeloyl-CoA => biotin",0.766,0.766,"K00652,K00833,K01012,K01906,K01935","R01078,R03182,R03209,R03210,R03231",0.259,5,4.0,4.0,0.7509,0.028773,0.63375,0.3563,0.9814,0.4254,0.999,0.691,"K00652: below KOfam threshold by 42.2 (score=422.1, threshold=464.3, ratio=0.91)",1,0,"Uncertain: confidence=0.766 with credible interval [0.36, 0.98] straddling threshold=0.63. Posterior mean=0.751, HDI [0.43, 1.00]. Module may be present but evidence is inconclusive. Note: 1 KO(s) flagged but within acceptable range."
M00579,"Phosphate acetyltransferase-acetate kinase pathway, acetyl-CoA => acetate",0.357,0.261,"K00925,K13788","R00230,R00315",0.71,2,0.79,1.0,0.4989,0.078125,0.63375,0.0316,0.9678,0.03,0.964,-0.482,"K13788: outcompeted at locus; below KOfam threshold by 477.5 (score=89.4, threshold=566.9, ratio=0.16)",2,1,"Uncertain: confidence=0.357 with credible interval [0.03, 0.97] straddling threshold=0.63. Posterior mean=0.499, HDI [0.03, 0.96]. Module may be present but evidence is inconclusive. Note: 2 KO(s) flagged but within acceptable range."
M00580,"Pentose phosphate pathway, archaea, fructose 6P => ribose 5P",0.305,0.305,"K01807,K08093,K08094","R01056,R05338,R05339",0.046,2,1.0,1.0,0.4588,0.077595,0.63375,0.0218,0.9553,0.001,0.9189,-0.628,"K08093: outcompeted at locus; below KOfam threshold by 138.1 (score=33.8, threshold=171.9, ratio=0.20) | K08094: outcompeted at locus; below KOfam threshold by 60.3 (score=40.3, threshold=100.6, ratio=0.40)",4,2,"Uncertain: confidence=0.305 with credible interval [0.02, 0.96] straddling threshold=0.63. Posterior mean=0.459, HDI [0.00, 0.92]. Module may be present but evidence is inconclusive. Note: 4 KO(s) flagged but within acceptable range."
M00595,"Sulfur oxidation, SOX system, thiosulfate => sulfate",0.002,0.002,"K17222,K17223,K17224,K17226,K17227",,0.043,1,0.0,0.0,0.0039,0.001839,0.63375,0.0,0.0023,0.0039,0.0039,-14.687,"K17223: outcompeted at locus; below KOfam threshold by 41.5 (score=35.8, threshold=77.3, ratio=0.46)",2,1,"Absent: confidence=0.002, posterior mean=0.004. Credible interval [0.00, 0.00] and HDI [0.00, 0.00] well below threshold=0.63. No meaningful genomic evidence. Note: 2 KO(s) flagged but within acceptable range."
M00596,"Dissimilatory sulfate reduction, sulfate => H2S",0.033,0.033,"K00394,K00395,K00958,K11180,K11181,K27187,K27188,K27189,K27190,K27191","R00529,R00861,R08553,R13227",0.013,4,1.0,1.0,0.2285,0.032642,0.63375,0.0076,0.6635,0.001,0.5866,-2.243,"K00394: outcompeted at locus; below KOfam threshold by 384.2 (score=57.4, threshold=441.6, ratio=0.13) | K00395: outcompeted at locus; below KOfam threshold by 46.4 (score=31.3, threshold=77.7, ratio=0.40) | K11180: outcompeted at locus; below KOfam threshold by 324.6 (score=17.7, threshold=342.3, ratio=0.05) | K11181: outcompeted at locus; below KOfam threshold by 331.5 (score=25.1, threshold=356.6, ratio=0.07)",8,4,"Absent: confidence=0.033, posterior mean=0.228. Credible interval [0.01, 0.66] and HDI [0.00, 0.59] well below threshold=0.63. No meaningful genomic evidence. Note: 8 KO(s) flagged but within acceptable range."
M00597,Anoxygenic photosystem II,0.001,0.001,"K08928,K08929",,0.016,1,0.0,0.0,0.0014,0.000681,0.63375,0.0,0.0,0.0014,0.0014,-24.237,"K08928: outcompeted at locus; below KOfam threshold by 276.6 (score=51.7, threshold=328.3, ratio=0.16) | K08929: outcompeted at locus; below KOfam threshold by 387.3 (score=43.1, threshold=430.4, ratio=0.10)",4,2,"Absent: confidence=0.001, posterior mean=0.001. Credible interval [0.00, 0.00] and HDI [0.00, 0.00] well below threshold=0.63. No meaningful genomic evidence. Note: 4 KO(s) flagged but within acceptable range."
M00598,Anoxygenic photosystem I,0.0,0.0,"K08940,K08941,K08942,K08943",,0.0,1,0.0,0.0,0.0,6e-06,0.63375,0.0,0.0,0.0,0.0,-262.586,"K08940: outcompeted at locus; below KOfam threshold by 991.8 (score=22.5, threshold=1014.3, ratio=0.02) | K08941: outcompeted at locus; below KOfam threshold by 176.1 (score=18.8, threshold=194.9, ratio=0.10) | K08943: outcompeted at locus; below KOfam threshold by 170.2 (score=15.1, threshold=185.3, ratio=0.08)",6,3,"Absent: confidence=0.000, posterior mean=0.000. Credible interval [0.00, 0.00] and HDI [0.00, 0.00] well below threshold=0.63. No meaningful genomic evidence. Note: 6 KO(s) flagged but within acceptable range."
M00608,,0.0,0.0,"K10977,K10978,K16792,K16793","R00271,R01934,R03444,R04371,R08214,R08215,R08331,R08332,R09720,R10391,R10392,R10393,R10394,R10395,R10396",0.001,3,0.0,0.0,0.0001,2.9e-05,0.63375,0.0,0.0,0.0001,0.0001,-117.968,"K10977: outcompeted at locus; below KOfam threshold by 197.3 (score=358.4, threshold=555.7, ratio=0.64) | K10978: outcompeted at locus; below KOfam threshold by 179.1 (score=297.5, threshold=476.6, ratio=0.62) | K16792: outcompeted at locus; below KOfam threshold by 316.8 (score=297.5, threshold=614.3, ratio=0.48) | K16793: outcompeted at locus; below KOfam threshold by 124.9 (score=104.3, threshold=229.2, ratio=0.46)",8,2,"Absent: confidence=0.000, posterior mean=0.000. Credible interval [0.00, 0.00] and HDI [0.00, 0.00] well below threshold=0.63. No meaningful genomic evidence. Note: 8 KO(s) flagged but within acceptable range."
M00609,"Cysteine biosynthesis, methionine => cysteine",0.029,0.014,"K00789,K01243,K07173,K17216,K17217,K17462","R00177,R00194,R01001,R01291,R10305,R10404",0.021,6,1.51,1.8,0.2814,0.026607,0.63375,0.038,0.6467,0.013,0.5916,-2.16,"K01243: outcompeted at locus; below KOfam threshold by 81.7 (score=24.1, threshold=105.8, ratio=0.23) | K17216: outcompeted at locus; below KOfam threshold by 146.3 (score=308.2, threshold=454.5, ratio=0.68) | K17217: outcompeted at locus; below KOfam threshold by 184.0 (score=415.3, threshold=599.3, ratio=0.69) | K17462: outcompeted at locus; below KOfam threshold by 53.7 (score=61.2, threshold=114.9, ratio=0.53)",8,1,"Absent: confidence=0.029, posterior mean=0.281. Credible interval [0.04, 0.65] and HDI [0.01, 0.59] well below threshold=0.63. No meaningful genomic evidence. Note: 8 KO(s) flagged but within acceptable range."
M00611,Oxygenic photosynthesis in plants and cyanobacteria,0.965,0.965,"K00615,K00855,K00927,K01601,K01623,K01783,K01803,K01807,K02689,K02690,K02691,K02692,K02693,K02694,K05298,K11532",,0.5,2,2.0,2.0,0.9545,0.013559,0.63375,0.5615,1.0,0.9545,0.9545,2.755,"K00615: outcompeted at locus | K05298: below KOfam threshold by 104.0 (score=542.1, threshold=646.1, ratio=0.84) | K11532: below KOfam threshold by 44.3 (score=434.5, threshold=478.8, ratio=0.91)",3,0,"Likely present: confidence=0.965 and posterior mean=0.955 above threshold=0.63, but credible interval [0.56, 1.00] extends below threshold. HDI [0.95, 0.95], effect size=2.75. Note: 3 KO(s) flagged but within acceptable range."
M00612,Anoxygenic photosynthesis in purple bacteria,0.359,0.359,"K00615,K00855,K00927,K01601,K01623,K01783,K01803,K01807,K05298,K08928,K08929,K11532",,0.5,2,1.0,1.0,0.5,0.078125,0.63375,0.0319,0.9681,0.033,0.967,-0.479,"K00615: outcompeted at locus | K05298: below KOfam threshold by 104.0 (score=542.1, threshold=646.1, ratio=0.84) | K08928: outcompeted at locus; below KOfam threshold by 276.6 (score=51.7, threshold=328.3, ratio=0.16) | K08929: outcompeted at locus; below KOfam threshold by 387.3 (score=43.1, threshold=430.4, ratio=0.10) | K11532: below KOfam threshold by 44.3 (score=434.5, threshold=478.8, ratio=0.91)",7,2,"Uncertain: confidence=0.359 with credible interval [0.03, 0.97] straddling threshold=0.63. Posterior mean=0.500, HDI [0.03, 0.97]. Module may be present but evidence is inconclusive. Note: 7 KO(s) flagged but within acceptable range."
M00613,Anoxygenic photosynthesis in green nonsulfur bacteria,0.008,0.008,"K08691,K08928,K08929,K09709,K14449,K14470",,0.5,2,0.0,0.0,0.0455,0.013559,0.63375,0.0,0.4385,0.0455,0.0455,-5.052,"K08928: outcompeted at locus; below KOfam threshold by 276.6 (score=51.7, threshold=328.3, ratio=0.16) | K08929: outcompeted at locus; below KOfam threshold by 387.3 (score=43.1, threshold=430.4, ratio=0.10) | K14449: outcompeted at locus; below KOfam threshold by 246.0 (score=15.6, threshold=261.6, ratio=0.06)",6,3,"Absent: confidence=0.008, posterior mean=0.045. Credible interval [0.00, 0.44] and HDI [0.05, 0.05] well below threshold=0.63. No meaningful genomic evidence. Note: 6 KO(s) flagged but within acceptable range."
M00614,Anoxygenic photosynthesis in green sulfur bacteria,0.008,0.008,"K00024,K00031,K00174,K00175,K00239,K00240,K01007,K01595,K01679,K01682,K01902,K01903,K03737,K08940,K08941,K08942,K08943,K15230,K15231",,0.5,2,0.0,0.0,0.0455,0.013559,0.63375,0.0,0.4385,0.0455,0.0455,-5.052,"K00024: outcompeted at locus; below KOfam threshold by 329.5 (score=28.0, threshold=357.5, ratio=0.08) | K00031: outcompeted at locus | K00174: outcompeted at locus; below KOfam threshold by 234.6 (score=27.6, threshold=262.2, ratio=0.11) | K00175: outcompeted at locus; below KOfam threshold by 216.9 (score=19.3, threshold=236.2, ratio=0.08) | K00239: below KOfam threshold by 6.7 (score=613.5, threshold=620.2, ratio=0.99) | K01007: outcompeted at locus; below KOfam threshold by 374.6 (score=21.9, threshold=396.5, ratio=0.06) | K01903: outcompeted at locus; below KOfam threshold by 480.0 (score=22.6, threshold=502.6, ratio=0.04) | K03737: outcompeted at locus; below KOfam threshold by 491.5 (score=18.7, threshold=510.2, ratio=0.04) | K08940: outcompeted at locus; below KOfam threshold by 991.8 (score=22.5, threshold=1014.3, ratio=0.02) | K08941: outcompeted at locus; below KOfam threshold by 176.1 (score=18.8, threshold=194.9, ratio=0.10) | K08943: outcompeted at locus; below KOfam threshold by 170.2 (score=15.1, threshold=185.3, ratio=0.08) | K15230: outcompeted at locus; below KOfam threshold by 879.5 (score=28.1, threshold=907.6, ratio=0.03)",22,10,"Absent: confidence=0.008, posterior mean=0.045. Credible interval [0.00, 0.44] and HDI [0.05, 0.05] well below threshold=0.63. No meaningful genomic evidence. Note: 22 KO(s) flagged but within acceptable range."
M00615,Nitrate assimilation,0.028,0.025,"K00372,K02575,K26138,K26139",,0.5,2,0.13,0.2,0.1147,0.031736,0.63375,0.0,0.6535,0.1147,0.1147,-2.914,"K02575: outcompeted at locus; below KOfam threshold by 151.1 (score=20.7, threshold=171.8, ratio=0.12) | K26138: outcompeted at locus; below KOfam threshold by 71.8 (score=30.8, threshold=102.6, ratio=0.30) | K26139: outcompeted at locus; below KOfam threshold by 734.1 (score=69.9, threshold=804.0, ratio=0.09)",6,3,"Absent: confidence=0.028, posterior mean=0.115. Credible interval [0.00, 0.65] and HDI [0.11, 0.11] well below threshold=0.63. No meaningful genomic evidence. Note: 6 KO(s) flagged but within acceptable range."
M00616,Sulfate-sulfur assimilation,0.407,0.359,"K00390,K00392,K00860,K00958,K02045,K02046,K02047,K23163",,0.5,2,1.0,1.1,0.535,0.077742,0.63375,0.0426,0.9768,0.0781,0.999,-0.354,"K00860: below KOfam threshold by 0.1 (score=329.6, threshold=329.7, ratio=1.00) | K02045: outcompeted at locus; below KOfam threshold by 83.4 (score=356.3, threshold=439.7, ratio=0.81) | K02046: outcompeted at locus; below KOfam threshold by 209.0 (score=69.0, threshold=278.0, ratio=0.25) | K02047: outcompeted at locus; below KOfam threshold by 229.1 (score=48.2, threshold=277.3, ratio=0.17) | K23163: below KOfam threshold by 474.2 (score=16.2, threshold=490.4, ratio=0.03)",8,3,"Uncertain: confidence=0.407 with credible interval [0.04, 0.98] straddling threshold=0.63. Posterior mean=0.535, HDI [0.08, 1.00]. Module may be present but evidence is inconclusive. Note: 8 KO(s) flagged but within acceptable range."
M00617,,0.021,0.021,"K00200,K00201,K00202,K00203,K00204,K00320,K00399,K00401,K00402,K00577,K00578,K00579,K00580,K00581,K00584,K00672,K01499,K08264,K08265,K13942",,0.5,1,0.0,0.0,0.0455,0.020661,0.63375,0.0,0.5768,0.0455,0.0455,-4.093,"K00202: outcompeted at locus; below KOfam threshold by 144.9 (score=39.6, threshold=184.5, ratio=0.21) | K00204: outcompeted at locus; below KOfam threshold by 137.0 (score=34.6, threshold=171.6, ratio=0.20) | K00577: below KOfam threshold by 108.8 (score=17.6, threshold=126.4, ratio=0.14) | K00578: outcompeted at locus; below KOfam threshold by 67.8 (score=14.5, threshold=82.3, ratio=0.18) | K08264: outcompeted at locus; below KOfam threshold by 305.1 (score=28.2, threshold=333.3, ratio=0.08)",9,5,"Absent: confidence=0.021, posterior mean=0.045. Credible interval [0.00, 0.58] and HDI [0.05, 0.05] well below threshold=0.63. No meaningful genomic evidence. Note: 9 KO(s) flagged but within acceptable range."
M00618,Acetogen,0.042,0.028,"K00194,K00197,K00198,K00297,K00925,K01491,K01938,K05299,K13788,K14138,K15023",,0.5,2,0.15,0.2,0.1489,0.03961,0.63375,0.0,0.7144,0.1489,0.1489,-2.436,"K00297: outcompeted at locus | K05299: outcompeted at locus; below KOfam threshold by 1141.3 (score=44.3, threshold=1185.6, ratio=0.04) | K13788: outcompeted at locus; below KOfam threshold by 477.5 (score=89.4, threshold=566.9, ratio=0.16) | K15023: outcompeted at locus; below KOfam threshold by 72.2 (score=196.2, threshold=268.4, ratio=0.73)",7,2,"Absent: confidence=0.042, posterior mean=0.149. Credible interval [0.00, 0.71] and HDI [0.15, 0.15] well below threshold=0.63. No meaningful genomic evidence. Note: 7 KO(s) flagged but within acceptable range."
M00620,,0.0,0.0,"K00024,K00169,K00170,K00171,K00172,K00174,K00175,K00176,K00177,K01677,K01678,K01902,K01903,K01959,K01960,K18209,K18210","R00342,R00344,R00405,R01082,R01196,R01197,R10660",0.0,7,0.19,0.6,0.0754,0.008013,0.63375,0.0002,0.3255,0.0754,0.0754,-6.237,"K00024: outcompeted at locus; below KOfam threshold by 329.5 (score=28.0, threshold=357.5, ratio=0.08) | K00169: outcompeted at locus; below KOfam threshold by 275.5 (score=24.1, threshold=299.6, ratio=0.08) | K00170: outcompeted at locus; below KOfam threshold by 299.8 (score=16.5, threshold=316.3, ratio=0.05) | K00171: outcompeted at locus; below KOfam threshold by 54.5 (score=43.9, threshold=98.4, ratio=0.45) | K00172: outcompeted at locus; below KOfam threshold by 113.7 (score=37.3, threshold=151.0, ratio=0.25) | K00174: outcompeted at locus; below KOfam threshold by 234.6 (score=27.6, threshold=262.2, ratio=0.11) | K00175: outcompeted at locus; below KOfam threshold by 216.9 (score=19.3, threshold=236.2, ratio=0.08) | K00176: outcompeted at locus; below KOfam threshold by 24.7 (score=43.0, threshold=67.7, ratio=0.64) | K01903: outcompeted at locus; below KOfam threshold by 480.0 (score=22.6, threshold=502.6, ratio=0.04) | K01959: outcompeted at locus; below KOfam threshold by 38.9 (score=705.5, threshold=744.4, ratio=0.95) | K01960: outcompeted at locus; below KOfam threshold by 696.3 (score=54.1, threshold=750.4, ratio=0.07) | K18209: outcompeted at locus; below KOfam threshold by 277.8 (score=373.0, threshold=650.8, ratio=0.57) | K18210: outcompeted at locus; below KOfam threshold by 262.8 (score=67.2, threshold=330.0, ratio=0.20)",26,10,"Absent: confidence=0.000, posterior mean=0.075. Credible interval [0.00, 0.33] and HDI [0.08, 0.08] well below threshold=0.63. No meaningful genomic evidence. Note: 26 KO(s) flagged but within acceptable range."
M00621,Glycine cleavage system,0.981,0.981,"K00281,K00382,K00605","R01221,R03425,R03815,R04125",0.604,3,3.0,3.0,0.964,0.008065,0.63375,0.6729,1.0,0.964,0.964,3.678,,0,0,"Present: confidence=0.981 with 95% credible interval [0.67, 1.00] and HDI [0.96, 0.96] entirely above threshold=0.63. Posterior mean=0.964, effect size=3.68."
M00622,"Nicotinate degradation, nicotinate => fumarate",0.0,0.0,"K01799,K13995,K14974,K15357,K18028,K18029,K18030","R01087,R03540,R08764,R09125,R09126,R09473",0.04,6,0.05,0.1,0.0169,0.002192,0.63375,0.0,0.1598,0.0169,0.0169,-13.175,"K13995: outcompeted at locus; below KOfam threshold by 126.8 (score=44.0, threshold=170.8, ratio=0.26) | K14974: outcompeted at locus; below KOfam threshold by 446.5 (score=27.2, threshold=473.7, ratio=0.06) | K15357: outcompeted at locus; below KOfam threshold by 184.8 (score=37.5, threshold=222.3, ratio=0.17) | K18029: outcompeted at locus; below KOfam threshold by 198.1 (score=24.2, threshold=222.3, ratio=0.11) | K18030: outcompeted at locus; below KOfam threshold by 524.9 (score=18.2, threshold=543.1, ratio=0.03)",10,5,"Absent: confidence=0.000, posterior mean=0.017. Credible interval [0.00, 0.16] and HDI [0.02, 0.02] well below threshold=0.63. No meaningful genomic evidence. Note: 10 KO(s) flagged but within acceptable range."
M00623,"Phthalate degradation, phthalate => protocatechuate",0.0,0.0,"K04102,K18067,K18068,K18069","R01635,R03630,R05275",0.011,3,0.0,0.0,0.0024,0.000547,0.63375,0.0,0.0079,0.0024,0.0024,-26.993,"K18067: outcompeted at locus; below KOfam threshold by 110.5 (score=129.6, threshold=240.1, ratio=0.54) | K18068: outcompeted at locus; below KOfam threshold by 246.1 (score=98.3, threshold=344.4, ratio=0.29) | K18069: outcompeted at locus; below KOfam threshold by 325.0 (score=48.4, threshold=373.4, ratio=0.13)",6,2,"Absent: confidence=0.000, posterior mean=0.002. Credible interval [0.00, 0.01] and HDI [0.00, 0.00] well below threshold=0.63. No meaningful genomic evidence. Note: 6 KO(s) flagged but within acceptable range."
M00624,"Terephthalate degradation, terephthalate => 3,4-dihydroxybenzoate",0.0,0.0,"K18074,K18075,K18076,K18077","R01633,R05148",0.0,2,0.0,0.0,0.0,1.2e-05,0.63375,0.0,0.0,0.0,0.0,-186.188,"K18074: outcompeted at locus; below KOfam threshold by 774.4 (score=19.2, threshold=793.6, ratio=0.02) | K18076: outcompeted at locus; below KOfam threshold by 364.0 (score=108.9, threshold=472.9, ratio=0.23) | K18077: outcompeted at locus; below KOfam threshold by 427.9 (score=55.7, threshold=483.6, ratio=0.12)",6,3,"Absent: confidence=0.000, posterior mean=0.000. Credible interval [0.00, 0.00] and HDI [0.00, 0.00] well below threshold=0.63. No meaningful genomic evidence. Note: 6 KO(s) flagged but within acceptable range."
M00625,Methicillin resistance,0.0,0.0,"K02545,K02546,K02547",,0.001,3,0.0,0.0,0.0004,9.2e-05,0.63375,0.0,0.0,0.0004,0.0004,-66.056,"K02545: outcompeted at locus; below KOfam threshold by 797.9 (score=134.7, threshold=932.6, ratio=0.14)",2,1,"Absent: confidence=0.000, posterior mean=0.000. Credible interval [0.00, 0.00] and HDI [0.00, 0.00] well below threshold=0.63. No meaningful genomic evidence. Note: 2 KO(s) flagged but within acceptable range."
M00627,"beta-Lactam resistance, Bla system",0.347,0.159,"K02171,K02172,K17836",,0.176,3,1.17,1.6,0.5159,0.058081,0.63375,0.079,0.9358,0.0881,0.9429,-0.489,"K02171: outcompeted at locus; below KOfam threshold by 29.3 (score=24.7, threshold=54.0, ratio=0.46) | K02172: outcompeted at locus; below KOfam threshold by 138.1 (score=2.1, threshold=140.2, ratio=0.01)",4,2,"Uncertain: confidence=0.347 with credible interval [0.08, 0.94] straddling threshold=0.63. Posterior mean=0.516, HDI [0.09, 0.94]. Module may be present but evidence is inconclusive. Note: 4 KO(s) flagged but within acceptable range."
M00631,"D-Galacturonate degradation (bacteria), D-galacturonate => pyruvate + D-glyceraldehyde 3P",0.067,0.027,"K00041,K00874,K01625,K01685,K01812","R01540,R01541,R01983,R02555,R05605",0.155,5,1.27,1.7,0.3262,0.033815,0.63375,0.0435,0.7247,0.016,0.6707,-1.672,"K00874: outcompeted at locus; below KOfam threshold by 99.5 (score=147.5, threshold=247.0, ratio=0.60) | K01625: below KOfam threshold by 60.2 (score=128.2, threshold=188.4, ratio=0.68)",3,0,"Likely absent: confidence=0.067, posterior mean=0.326 below threshold=0.63. Credible interval [0.04, 0.72] mostly below threshold. Some genomic evidence exists but is insufficient. Note: 3 KO(s) flagged but within acceptable range."
M00632,"Galactose degradation, Leloir pathway, galactose => alpha-D-glucose-1P",0.462,0.183,"K00849,K00965,K01784,K01785","R00291,R00955,R01092,R10619",0.496,4,1.66,2.4,0.5951,0.044623,0.63375,0.1697,0.9419,0.2072,0.967,-0.183,"K00849: outcompeted at locus; below KOfam threshold by 344.2 (score=22.7, threshold=366.9, ratio=0.06) | K01785: outcompeted at locus; below KOfam threshold by 27.5 (score=26.9, threshold=54.4, ratio=0.49)",4,2,"Uncertain: confidence=0.462 with credible interval [0.17, 0.94] straddling threshold=0.63. Posterior mean=0.595, HDI [0.21, 0.97]. Module may be present but evidence is inconclusive. Note: 4 KO(s) flagged but within acceptable range."
M00633,,0.0,0.0,"K05308,K11395,K18126,K18978","R01058,R01064,R01538,R01541,R03033,R03387,R05605,R10860",0.001,4,0.0,0.0,0.0002,3e-05,0.63375,0.0,0.0,0.0002,0.0002,-115.373,"K05308: outcompeted at locus; below KOfam threshold by 395.3 (score=20.3, threshold=415.6, ratio=0.05) | K11395: outcompeted at locus; below KOfam threshold by 220.5 (score=99.1, threshold=319.6, ratio=0.31) | K18126: outcompeted at locus; below KOfam threshold by 379.5 (score=53.2, threshold=432.7, ratio=0.12) | K18978: outcompeted at locus; below KOfam threshold by 377.4 (score=188.7, threshold=566.1, ratio=0.33)",8,4,"Absent: confidence=0.000, posterior mean=0.000. Credible interval [0.00, 0.00] and HDI [0.00, 0.00] well below threshold=0.63. No meaningful genomic evidence. Note: 8 KO(s) flagged but within acceptable range."
M00636,"Phthalate degradation, phthalate => protocatechuate",0.0,0.0,"K18251,K18252,K18255,K18256","R01634,R09227,R09228",0.001,3,0.0,0.0,0.0002,5.1e-05,0.63375,0.0,0.0,0.0002,0.0002,-88.619,"K18251: outcompeted at locus; below KOfam threshold by 1111.3 (score=15.7, threshold=1127.0, ratio=0.01) | K18255: outcompeted at locus; below KOfam threshold by 537.7 (score=37.2, threshold=574.9, ratio=0.06)",4,2,"Absent: confidence=0.000, posterior mean=0.000. Credible interval [0.00, 0.00] and HDI [0.00, 0.00] well below threshold=0.63. No meaningful genomic evidence. Note: 4 KO(s) flagged but within acceptable range."
M00637,"Anthranilate degradation, anthranilate => catechol",0.001,0.001,"K05599,K05600,K11311","R00823,R00825",0.025,1,0.0,0.0,0.0023,0.001087,0.63375,0.0,0.0,0.0023,0.0023,-19.155,"K05599: outcompeted at locus; below KOfam threshold by 822.9 (score=31.9, threshold=854.8, ratio=0.04) | K11311: outcompeted at locus; below KOfam threshold by 403.5 (score=66.1, threshold=469.6, ratio=0.14)",4,2,"Absent: confidence=0.001, posterior mean=0.002. Credible interval [0.00, 0.00] and HDI [0.00, 0.00] well below threshold=0.63. No meaningful genomic evidence. Note: 4 KO(s) flagged but within acceptable range."
M00638,"Salicylate degradation, salicylate => gentisate",0.0,0.0,"K14578,K14581,K18242,K18243","R07709,R07710",0.012,1,0.0,0.0,0.0011,0.000529,0.63375,0.0,0.0,0.0011,0.0011,-27.494,"K14578: outcompeted at locus; below KOfam threshold by 95.7 (score=35.9, threshold=131.6, ratio=0.27) | K14581: outcompeted at locus; below KOfam threshold by 319.7 (score=68.2, threshold=387.9, ratio=0.18) | K18242: outcompeted at locus; below KOfam threshold by 563.9 (score=27.8, threshold=591.7, ratio=0.05)",6,3,"Absent: confidence=0.000, posterior mean=0.001. Credible interval [0.00, 0.00] and HDI [0.00, 0.00] well below threshold=0.63. No meaningful genomic evidence. Note: 6 KO(s) flagged but within acceptable range."
M00639,"Multidrug resistance, efflux pump MexCD-OprJ",0.001,0.001,"K18294,K18295,K18296",,0.011,2,0.01,0.0,0.0071,0.002217,0.63375,0.0,0.072,0.0071,0.0071,-13.308,"K18295: outcompeted at locus; below KOfam threshold by 377.3 (score=82.6, threshold=459.9, ratio=0.18)",2,1,"Absent: confidence=0.001, posterior mean=0.007. Credible interval [0.00, 0.07] and HDI [0.01, 0.01] well below threshold=0.63. No meaningful genomic evidence. Note: 2 KO(s) flagged but within acceptable range."
M00641,"Multidrug resistance, efflux pump MexEF-OprN",0.004,0.002,"K18297,K18298,K18299",,0.009,2,0.02,0.0,0.0223,0.006808,0.63375,0.0,0.2778,0.0223,0.0223,-7.411,"K18297: outcompeted at locus; below KOfam threshold by 199.7 (score=49.1, threshold=248.8, ratio=0.20) | K18298: outcompeted at locus; below KOfam threshold by 424.4 (score=82.8, threshold=507.2, ratio=0.16) | K18299: outcompeted at locus; below KOfam threshold by 1691.2 (score=20.8, threshold=1712.0, ratio=0.01)",6,3,"Absent: confidence=0.004, posterior mean=0.022. Credible interval [0.00, 0.28] and HDI [0.02, 0.02] well below threshold=0.63. No meaningful genomic evidence. Note: 6 KO(s) flagged but within acceptable range."
M00642,"Multidrug resistance, efflux pump MexJK-OprM",0.027,0.015,"K18301,K18302,K18303",,0.053,2,0.15,0.2,0.1111,0.030865,0.63375,0.0,0.646,0.1111,0.1111,-2.975,"K18302: outcompeted at locus; below KOfam threshold by 184.5 (score=172.7, threshold=357.2, ratio=0.48) | K18303: outcompeted at locus; below KOfam threshold by 1294.9 (score=26.7, threshold=1321.6, ratio=0.02)",4,2,"Absent: confidence=0.027, posterior mean=0.111. Credible interval [0.00, 0.65] and HDI [0.11, 0.11] well below threshold=0.63. No meaningful genomic evidence. Note: 4 KO(s) flagged but within acceptable range."
M00643,"Multidrug resistance, efflux pump MexXY-OprM",0.0,0.0,"K18094,K18095,K18129,K18139",,0.011,2,0.0,0.0,0.0013,0.000402,0.63375,0.0,0.0,0.0013,0.0013,-31.544,"K18094: outcompeted at locus; below KOfam threshold by 470.5 (score=41.7, threshold=512.2, ratio=0.08) | K18139: outcompeted at locus; below KOfam threshold by 306.3 (score=116.1, threshold=422.4, ratio=0.27)",4,2,"Absent: confidence=0.000, posterior mean=0.001. Credible interval [0.00, 0.00] and HDI [0.00, 0.00] well below threshold=0.63. No meaningful genomic evidence. Note: 4 KO(s) flagged but within acceptable range."
M00649,"Multidrug resistance, efflux pump AdeABC",0.0,0.0,"K18143,K18144,K18145,K18146",,0.019,3,0.01,0.0,0.0061,0.001413,0.63375,0.0,0.0672,0.0061,0.0061,-16.699,"K18143: outcompeted at locus; below KOfam threshold by 180.5 (score=120.8, threshold=301.3, ratio=0.40) | K18144: outcompeted at locus; below KOfam threshold by 53.1 (score=211.9, threshold=265.0, ratio=0.80) | K18145: outcompeted at locus; below KOfam threshold by 377.7 (score=72.5, threshold=450.2, ratio=0.16)",6,2,"Absent: confidence=0.000, posterior mean=0.006. Credible interval [0.00, 0.07] and HDI [0.01, 0.01] well below threshold=0.63. No meaningful genomic evidence. Note: 6 KO(s) flagged but within acceptable range."
M00651,"Vancomycin resistance, D-Ala-D-Lac type",0.0,0.0,"K07260,K08641,K15739,K18344,K18345,K18346,K18347",,0.002,2,0.0,0.0,0.0002,5.7e-05,0.63375,0.0,0.0,0.0002,0.0002,-83.871,"K15739: outcompeted at locus; below KOfam threshold by 307.0 (score=241.5, threshold=548.5, ratio=0.44) | K18344: outcompeted at locus; below KOfam threshold by 45.2 (score=192.6, threshold=237.8, ratio=0.81) | K18345: outcompeted at locus; below KOfam threshold by 123.4 (score=221.6, threshold=345.0, ratio=0.64) | K18347: outcompeted at locus; below KOfam threshold by 304.0 (score=122.0, threshold=426.0, ratio=0.29)",8,2,"Absent: confidence=0.000, posterior mean=0.000. Credible interval [0.00, 0.00] and HDI [0.00, 0.00] well below threshold=0.63. No meaningful genomic evidence. Note: 8 KO(s) flagged but within acceptable range."
M00652,"Vancomycin resistance, D-Ala-D-Ser type",0.0,0.0,"K18348,K18349,K18350,K18856,K18866",,0.017,5,0.04,0.1,0.0116,0.001763,0.63375,0.0,0.1309,0.0116,0.0116,-14.817,"K18348: outcompeted at locus; below KOfam threshold by 182.0 (score=325.9, threshold=507.9, ratio=0.64) | K18349: outcompeted at locus; below KOfam threshold by 80.2 (score=222.2, threshold=302.4, ratio=0.73) | K18350: outcompeted at locus; below KOfam threshold by 146.0 (score=121.8, threshold=267.8, ratio=0.45) | K18856: outcompeted at locus; below KOfam threshold by 164.4 (score=278.9, threshold=443.3, ratio=0.63) | K18866: outcompeted at locus; below KOfam threshold by 164.8 (score=74.1, threshold=238.9, ratio=0.31)",10,2,"Absent: confidence=0.000, posterior mean=0.012. Credible interval [0.00, 0.13] and HDI [0.01, 0.01] well below threshold=0.63. No meaningful genomic evidence. Note: 10 KO(s) flagged but within acceptable range."
M00660,"Xanthomonas spp. pathogenicity signature, T3SS and effectors",0.0,0.0,"K03222,K03223,K03224,K03225,K03226,K03227,K03228,K03229,K03230,K18373,K18374,K18375,K18376,K18377,K18378,K18379,K18380,K18381",,0.002,8,0.01,0.1,0.0068,0.000689,0.63375,0.0,0.0769,0.0068,0.0068,-23.89,"K03223: outcompeted at locus; below KOfam threshold by 96.2 (score=17.2, threshold=113.4, ratio=0.15) | K03224: outcompeted at locus; below KOfam threshold by 416.1 (score=205.6, threshold=621.7, ratio=0.33) | K03229: below KOfam threshold by 375.7 (score=8.5, threshold=384.2, ratio=0.02) | K03230: outcompeted at locus; below KOfam threshold by 744.9 (score=11.4, threshold=756.3, ratio=0.02)",7,4,"Absent: confidence=0.000, posterior mean=0.007. Credible interval [0.00, 0.08] and HDI [0.01, 0.01] well below threshold=0.63. No meaningful genomic evidence. Note: 7 KO(s) flagged but within acceptable range."
M00664,Nodulation,0.001,0.001,"K14657,K14658,K14659,K14666",,0.013,4,0.1,0.1,0.0248,0.004484,0.63375,0.0,0.2356,0.0248,0.0248,-9.093,"K14657: outcompeted at locus; below KOfam threshold by 195.3 (score=57.4, threshold=252.7, ratio=0.23) | K14658: outcompeted at locus; below KOfam threshold by 102.7 (score=16.8, threshold=119.5, ratio=0.14) | K14666: outcompeted at locus; below KOfam threshold by 347.5 (score=64.3, threshold=411.8, ratio=0.16)",6,3,"Absent: confidence=0.001, posterior mean=0.025. Credible interval [0.00, 0.24] and HDI [0.02, 0.02] well below threshold=0.63. No meaningful genomic evidence. Note: 6 KO(s) flagged but within acceptable range."
M00673,"Cephamycin C biosynthesis, aminoadipate + cycteine + valine => cephamycin C",0.0,0.0,"K04126,K04127,K04128,K12743,K12744,K12745,K18062,K18063","R04147,R04870,R04872,R05229,R05230,R05301,R05302,R05303",0.001,8,0.01,0.0,0.0015,0.000151,0.63375,0.0,0.0106,0.0015,0.0015,-51.511,"K04127: outcompeted at locus; below KOfam threshold by 270.2 (score=133.2, threshold=403.4, ratio=0.33) | K12743: outcompeted at locus; below KOfam threshold by 4717.2 (score=75.3, threshold=4792.5, ratio=0.02)",4,2,"Absent: confidence=0.000, posterior mean=0.001. Credible interval [0.00, 0.01] and HDI [0.00, 0.00] well below threshold=0.63. No meaningful genomic evidence. Note: 4 KO(s) flagged but within acceptable range."
M00674,"Clavaminate biosynthesis, arginine + glyceraldehyde-3P => clavaminate",0.0,0.0,"K12673,K12674,K12675,K12676","R05357,R05465,R05466,R05467,R05468,R05469",0.001,4,0.0,0.0,0.0001,2.5e-05,0.63375,0.0,0.0,0.0001,0.0001,-125.653,"K12673: outcompeted at locus; below KOfam threshold by 543.7 (score=233.5, threshold=777.2, ratio=0.30) | K12674: outcompeted at locus; below KOfam threshold by 561.7 (score=89.5, threshold=651.2, ratio=0.14) | K12676: outcompeted at locus; below KOfam threshold by 328.7 (score=163.3, threshold=492.0, ratio=0.33)",6,3,"Absent: confidence=0.000, posterior mean=0.000. Credible interval [0.00, 0.00] and HDI [0.00, 0.00] well below threshold=0.63. No meaningful genomic evidence. Note: 6 KO(s) flagged but within acceptable range."
M00675,"Carbapenem-3-carboxylate biosynthesis, pyrroline-5-carboxylate + malonyl-CoA => carbapenem-3-carboxylate",0.0,0.0,"K18315,K18316,K18317","R10415,R10485,R10556",0.001,3,0.0,0.0,0.0001,3e-05,0.63375,0.0,0.0,0.0001,0.0001,-115.176,"K18316: outcompeted at locus; below KOfam threshold by 552.1 (score=88.3, threshold=640.4, ratio=0.14) | K18317: outcompeted at locus; below KOfam threshold by 279.1 (score=57.4, threshold=336.5, ratio=0.17)",4,2,"Absent: confidence=0.000, posterior mean=0.000. Credible interval [0.00, 0.00] and HDI [0.00, 0.00] well below threshold=0.63. No meaningful genomic evidence. Note: 4 KO(s) flagged but within acceptable range."
M00696,"Multidrug resistance, efflux pump AcrEF-TolC",0.001,0.0,"K12340,K18140,K18141,K18142",,0.021,2,0.0,0.0,0.0039,0.001208,0.63375,0.0,0.0173,0.0039,0.0039,-18.124,"K12340: outcompeted at locus; below KOfam threshold by 30.9 (score=214.1, threshold=245.0, ratio=0.87) | K18141: outcompeted at locus; below KOfam threshold by 504.6 (score=77.8, threshold=582.4, ratio=0.13)",4,1,"Absent: confidence=0.001, posterior mean=0.004. Credible interval [0.00, 0.02] and HDI [0.00, 0.00] well below threshold=0.63. No meaningful genomic evidence. Note: 4 KO(s) flagged but within acceptable range."
M00697,"Multidrug resistance, efflux pump MdtEF-TolC",0.0,0.0,"K07690,K12340,K18898,K18899",,0.002,2,0.01,0.0,0.0025,0.000781,0.63375,0.0,0.0033,0.0025,0.0025,-22.593,"K07690: outcompeted at locus; below KOfam threshold by 120.7 (score=117.2, threshold=237.9, ratio=0.49) | K12340: outcompeted at locus; below KOfam threshold by 30.9 (score=214.1, threshold=245.0, ratio=0.87) | K18898: outcompeted at locus; below KOfam threshold by 437.7 (score=96.4, threshold=534.1, ratio=0.18) | K18899: outcompeted at locus; below KOfam threshold by 2105.3 (score=10.7, threshold=2116.0, ratio=0.01)",8,3,"Absent: confidence=0.000, posterior mean=0.003. Credible interval [0.00, 0.00] and HDI [0.00, 0.00] well below threshold=0.63. No meaningful genomic evidence. Note: 8 KO(s) flagged but within acceptable range."
M00698,"Multidrug resistance, efflux pump BpeEF-OprC",0.013,0.011,"K18900,K18901,K18902,K18903",,0.021,2,0.12,0.1,0.0646,0.01889,0.63375,0.0,0.5199,0.0646,0.0646,-4.141,"K18900: outcompeted at locus; below KOfam threshold by 234.4 (score=104.1, threshold=338.5, ratio=0.31) | K18901: outcompeted at locus; below KOfam threshold by 328.0 (score=122.3, threshold=450.3, ratio=0.27) | K18902: outcompeted at locus; below KOfam threshold by 1831.1 (score=12.4, threshold=1843.5, ratio=0.01) | K18903: outcompeted at locus; below KOfam threshold by 337.4 (score=131.9, threshold=469.3, ratio=0.28)",8,4,"Absent: confidence=0.013, posterior mean=0.065. Credible interval [0.00, 0.52] and HDI [0.06, 0.06] well below threshold=0.63. No meaningful genomic evidence. Note: 8 KO(s) flagged but within acceptable range."
M00700,"Multidrug resistance, efflux pump AbcA",0.002,0.001,"K18104,K18907",,0.036,2,0.01,0.0,0.0115,0.003552,0.63375,0.0,0.1453,0.0115,0.0115,-10.441,"K18104: outcompeted at locus; below KOfam threshold by 181.4 (score=465.6, threshold=647.0, ratio=0.72) | K18907: outcompeted at locus; below KOfam threshold by 311.0 (score=85.3, threshold=396.3, ratio=0.22)",4,1,"Absent: confidence=0.002, posterior mean=0.011. Credible interval [0.00, 0.15] and HDI [0.01, 0.01] well below threshold=0.63. No meaningful genomic evidence. Note: 4 KO(s) flagged but within acceptable range."
M00702,"Multidrug resistance, efflux pump NorB",0.001,0.001,"K08170,K18907",,0.015,2,0.01,0.0,0.0055,0.001721,0.63375,0.0,0.0435,0.0055,0.0055,-15.144,"K08170: outcompeted at locus; below KOfam threshold by 347.5 (score=32.2, threshold=379.7, ratio=0.08) | K18907: outcompeted at locus; below KOfam threshold by 311.0 (score=85.3, threshold=396.3, ratio=0.22)",4,2,"Absent: confidence=0.001, posterior mean=0.006. Credible interval [0.00, 0.04] and HDI [0.01, 0.01] well below threshold=0.63. No meaningful genomic evidence. Note: 4 KO(s) flagged but within acceptable range."
M00704,"Tetracycline resistance, efflux pump Tet38",0.001,0.001,"K08168,K18906",,0.006,2,0.01,0.0,0.0039,0.001224,0.63375,0.0,0.018,0.0039,0.0039,-18.001,"K08168: outcompeted at locus; below KOfam threshold by 184.0 (score=82.4, threshold=266.4, ratio=0.31)",2,1,"Absent: confidence=0.001, posterior mean=0.004. Credible interval [0.00, 0.02] and HDI [0.00, 0.00] well below threshold=0.63. No meaningful genomic evidence. Note: 2 KO(s) flagged but within acceptable range."
M00705,"Multidrug resistance, efflux pump MepA",0.041,0.027,"K18908,K18909",,0.016,2,0.24,0.3,0.1472,0.039228,0.63375,0.0,0.7117,0.1472,0.1472,-2.457,"K18909: outcompeted at locus; below KOfam threshold by 99.8 (score=15.6, threshold=115.4, ratio=0.14)",2,1,"Absent: confidence=0.041, posterior mean=0.147. Credible interval [0.00, 0.71] and HDI [0.15, 0.15] well below threshold=0.63. No meaningful genomic evidence. Note: 2 KO(s) flagged but within acceptable range."
M00714,"Multidrug resistance, efflux pump QacA",0.003,0.003,"K08167,K18938",,0.001,2,0.05,0.0,0.0211,0.006458,0.63375,0.0,0.2662,0.0211,0.0211,-7.623,"K08167: outcompeted at locus; below KOfam threshold by 387.9 (score=37.5, threshold=425.4, ratio=0.09)",2,1,"Absent: confidence=0.003, posterior mean=0.021. Credible interval [0.00, 0.27] and HDI [0.02, 0.02] well below threshold=0.63. No meaningful genomic evidence. Note: 2 KO(s) flagged but within acceptable range."
M00718,"Multidrug resistance, efflux pump MexAB-OprM",0.0,0.0,"K03585,K18131,K18138,K18139",,0.001,2,0.0,0.0,0.0025,0.000766,0.63375,0.0,0.003,0.0025,0.0025,-22.814,"K03585: outcompeted at locus; below KOfam threshold by 107.2 (score=151.4, threshold=258.6, ratio=0.59) | K18138: outcompeted at locus; below KOfam threshold by 1006.1 (score=49.3, threshold=1055.4, ratio=0.05) | K18139: outcompeted at locus; below KOfam threshold by 306.3 (score=116.1, threshold=422.4, ratio=0.27)",6,2,"Absent: confidence=0.000, posterior mean=0.002. Credible interval [0.00, 0.00] and HDI [0.00, 0.00] well below threshold=0.63. No meaningful genomic evidence. Note: 6 KO(s) flagged but within acceptable range."
M00725,"Cationic antimicrobial peptide (CAMP) resistance, dltABCD operon",0.0,0.0,"K03367,K03739,K03740,K14188,K19077,K19078",,0.01,3,0.0,0.0,0.0013,0.000294,0.63375,0.0,0.0005,0.0013,0.0013,-36.917,"K03367: outcompeted at locus; below KOfam threshold by 409.4 (score=198.9, threshold=608.3, ratio=0.33) | K14188: outcompeted at locus; below KOfam threshold by 11.5 (score=47.3, threshold=58.8, ratio=0.80) | K19077: outcompeted at locus; below KOfam threshold by 362.1 (score=67.8, threshold=429.9, ratio=0.16) | K19078: outcompeted at locus; below KOfam threshold by 209.9 (score=155.7, threshold=365.6, ratio=0.43)",8,3,"Absent: confidence=0.000, posterior mean=0.001. Credible interval [0.00, 0.00] and HDI [0.00, 0.00] well below threshold=0.63. No meaningful genomic evidence. Note: 8 KO(s) flagged but within acceptable range."
M00726,"Cationic antimicrobial peptide (CAMP) resistance, lysyl-phosphatidylglycerol (L-PG) synthase MprF",0.004,0.004,"K14205,K19077,K19078",,0.01,3,0.16,0.2,0.0483,0.010695,0.63375,0.0,0.3813,0.0483,0.0483,-5.661,"K14205: outcompeted at locus; below KOfam threshold by 377.5 (score=5.4, threshold=382.9, ratio=0.01) | K19077: outcompeted at locus; below KOfam threshold by 362.1 (score=67.8, threshold=429.9, ratio=0.16) | K19078: outcompeted at locus; below KOfam threshold by 209.9 (score=155.7, threshold=365.6, ratio=0.43)",6,3,"Absent: confidence=0.004, posterior mean=0.048. Credible interval [0.00, 0.38] and HDI [0.05, 0.05] well below threshold=0.63. No meaningful genomic evidence. Note: 6 KO(s) flagged but within acceptable range."
M00730,"Cationic antimicrobial peptide (CAMP) resistance, VraFG transporter",0.0,0.0,"K19077,K19078,K19079,K19080",,0.005,3,0.0,0.0,0.0008,0.000188,0.63375,0.0,0.0,0.0008,0.0008,-46.166,"K19077: outcompeted at locus; below KOfam threshold by 362.1 (score=67.8, threshold=429.9, ratio=0.16) | K19078: outcompeted at locus; below KOfam threshold by 209.9 (score=155.7, threshold=365.6, ratio=0.43) | K19079: outcompeted at locus; below KOfam threshold by 240.5 (score=220.4, threshold=460.9, ratio=0.48) | K19080: outcompeted at locus; below KOfam threshold by 917.2 (score=10.9, threshold=928.1, ratio=0.01)",8,4,"Absent: confidence=0.000, posterior mean=0.001. Credible interval [0.00, 0.00] and HDI [0.00, 0.00] well below threshold=0.63. No meaningful genomic evidence. Note: 8 KO(s) flagged but within acceptable range."
M00736,"Nocardicin A biosynthesis, L-pHPG + arginine + serine => nocardicin A",0.0,0.0,"K05375,K19102,K19103,K19104,K19105,K19106","R03072,R03073,R10880,R10881,R10882,R10883",0.0,4,0.0,0.0,0.0001,2.6e-05,0.63375,0.0,0.0,0.0001,0.0001,-123.5,"K19102: outcompeted at locus; below KOfam threshold by 6492.0 (score=75.3, threshold=6567.3, ratio=0.01) | K19103: outcompeted at locus; below KOfam threshold by 3883.9 (score=76.4, threshold=3960.3, ratio=0.02) | K19104: outcompeted at locus; below KOfam threshold by 190.5 (score=25.4, threshold=215.9, ratio=0.12)",6,3,"Absent: confidence=0.000, posterior mean=0.000. Credible interval [0.00, 0.00] and HDI [0.00, 0.00] well below threshold=0.63. No meaningful genomic evidence. Note: 6 KO(s) flagged but within acceptable range."
M00740,,0.005,0.003,"K00024,K00031,K00261,K01647,K01846,K04835,K14449,K19268,K19280,K19281,K19282,K27802","R00248,R00262,R00268,R00342,R00351,R00473,R00934,R01325,R01899,R01900,R03696,R05076,R10612,R10904",0.001,11,3.08,3.3,0.2741,0.01519,0.63375,0.0739,0.5444,0.0561,0.5135,-2.918,"K00024: outcompeted at locus; below KOfam threshold by 329.5 (score=28.0, threshold=357.5, ratio=0.08) | K00031: outcompeted at locus | K00261: outcompeted at locus; below KOfam threshold by 512.8 (score=11.3, threshold=524.1, ratio=0.02) | K01846: outcompeted at locus; below KOfam threshold by 67.8 (score=35.4, threshold=103.2, ratio=0.34) | K04835: outcompeted at locus; below KOfam threshold by 413.7 (score=17.4, threshold=431.1, ratio=0.04) | K14449: outcompeted at locus; below KOfam threshold by 246.0 (score=15.6, threshold=261.6, ratio=0.06) | K19282: below KOfam threshold by 784.2 (score=11.8, threshold=796.0, ratio=0.01)",12,6,"Absent: confidence=0.005, posterior mean=0.274. Credible interval [0.07, 0.54] and HDI [0.06, 0.51] well below threshold=0.63. No meaningful genomic evidence. Note: 12 KO(s) flagged but within acceptable range."
M00741,"Propanoyl-CoA metabolism, propanoyl-CoA => succinyl-CoA",0.023,0.005,"K01847,K01965,K01966,K05606","R00833,R01859,R02765",0.088,3,0.18,0.5,0.1533,0.030181,0.63375,0.0002,0.6248,0.1533,0.1533,-2.766,"K01965: outcompeted at locus; below KOfam threshold by 173.5 (score=703.7, threshold=877.2, ratio=0.80) | K01966: outcompeted at locus; below KOfam threshold by 802.6 (score=71.7, threshold=874.3, ratio=0.08) | K05606: outcompeted at locus; below KOfam threshold by 24.2 (score=48.3, threshold=72.5, ratio=0.67)",6,1,"Absent: confidence=0.023, posterior mean=0.153. Credible interval [0.00, 0.62] and HDI [0.15, 0.15] well below threshold=0.63. No meaningful genomic evidence. Note: 6 KO(s) flagged but within acceptable range."
M00744,"Cationic antimicrobial peptide (CAMP) resistance, protease PgtE",0.004,0.002,"K07637,K07660,K08477",,0.0,3,0.12,0.2,0.0491,0.010859,0.63375,0.0,0.3843,0.0491,0.0491,-5.611,"K07637: outcompeted at locus; below KOfam threshold by 124.2 (score=108.4, threshold=232.6, ratio=0.47) | K07660: outcompeted at locus; below KOfam threshold by 84.3 (score=205.9, threshold=290.2, ratio=0.71)",4,1,"Absent: confidence=0.004, posterior mean=0.049. Credible interval [0.00, 0.38] and HDI [0.05, 0.05] well below threshold=0.63. No meaningful genomic evidence. Note: 4 KO(s) flagged but within acceptable range."
M00745,"Imipenem resistance, repression of porin OprD",0.011,0.005,"K18093,K18297",,0.036,2,0.06,0.1,0.057,0.016797,0.63375,0.0,0.4908,0.057,0.057,-4.45,"K18297: outcompeted at locus; below KOfam threshold by 199.7 (score=49.1, threshold=248.8, ratio=0.20)",2,1,"Absent: confidence=0.011, posterior mean=0.057. Credible interval [0.00, 0.49] and HDI [0.06, 0.06] well below threshold=0.63. No meaningful genomic evidence. Note: 2 KO(s) flagged but within acceptable range."
M00746,"Multidrug resistance, repression of porin OmpF",0.0,0.0,"K09476,K13632,K18513",,0.001,3,0.01,0.0,0.0036,0.000831,0.63375,0.0,0.0251,0.0036,0.0036,-21.859,,0,0,"Absent: confidence=0.000, posterior mean=0.004. Credible interval [0.00, 0.03] and HDI [0.00, 0.00] well below threshold=0.63. No meaningful genomic evidence."
M00761,"Undecaprenylphosphate alpha-L-Ara4N biosynthesis, UDP-GlcA => undecaprenyl phosphate alpha-L-Ara4N",0.212,0.106,"K00012,K07806,K10011,K10012,K13014","R07658,R07659,R07660,R07661,R07662",0.074,5,2.03,2.5,0.4629,0.03825,0.63375,0.1117,0.8392,0.1031,0.8278,-0.873,"K07806: outcompeted at locus; below KOfam threshold by 217.0 (score=263.0, threshold=480.0, ratio=0.55) | K10011: outcompeted at locus; below KOfam threshold by 520.6 (score=122.0, threshold=642.6, ratio=0.19) | K10012: below KOfam threshold by 56.6 (score=279.4, threshold=336.0, ratio=0.83)",5,1,"Likely absent: confidence=0.212, posterior mean=0.463 below threshold=0.63. Credible interval [0.11, 0.84] mostly below threshold. Some genomic evidence exists but is insufficient. Note: 5 KO(s) flagged but within acceptable range."
M00763,,0.001,0.001,K05826,,0.01,1,0.0,0.0,0.0021,0.000981,0.63375,0.0,0.0,0.0021,0.0021,-20.173,"K05826: outcompeted at locus; below KOfam threshold by 17.6 (score=16.1, threshold=33.7, ratio=0.48)",2,1,"Absent: confidence=0.001, posterior mean=0.002. Credible interval [0.00, 0.00] and HDI [0.00, 0.00] well below threshold=0.63. No meaningful genomic evidence. Note: 2 KO(s) flagged but within acceptable range."
M00769,"Multidrug resistance, efflux pump MexPQ-OpmE",0.007,0.007,"K18304,K19591,K19593,K19594,K19595",,0.0,3,0.25,0.2,0.0749,0.016114,0.63375,0.0,0.4671,0.0749,0.0749,-4.402,"K18304: outcompeted at locus; below KOfam threshold by 160.8 (score=55.6, threshold=216.4, ratio=0.26) | K19591: outcompeted at locus; below KOfam threshold by 144.2 (score=11.7, threshold=155.9, ratio=0.08) | K19593: outcompeted at locus; below KOfam threshold by 666.7 (score=29.3, threshold=696.0, ratio=0.04) | K19594: outcompeted at locus; below KOfam threshold by 1907.1 (score=19.7, threshold=1926.8, ratio=0.01) | K19595: outcompeted at locus; below KOfam threshold by 377.6 (score=92.9, threshold=470.5, ratio=0.20)",10,5,"Absent: confidence=0.007, posterior mean=0.075. Credible interval [0.00, 0.47] and HDI [0.07, 0.07] well below threshold=0.63. No meaningful genomic evidence. Note: 10 KO(s) flagged but within acceptable range."
M00774,"Erythromycin biosynthesis, propanoyl-CoA + methylmalonyl-CoA => deoxyerythronolide B => erythromycin A/B",0.0,0.0,"K10817,K14366,K14367,K14368,K14369,K14370,K15997,K24563,K24564","R00918,R05270,R05520,R05522,R05530,R05531,R05532",0.0,6,0.0,0.0,0.0,4e-06,0.63375,0.0,0.0,0.0,0.0,-313.42,"K10817: outcompeted at locus; below KOfam threshold by 4518.6 (score=104.7, threshold=4623.3, ratio=0.02) | K14369: outcompeted at locus; below KOfam threshold by 303.1 (score=58.7, threshold=361.8, ratio=0.16) | K24563: outcompeted at locus; below KOfam threshold by 5257.2 (score=98.2, threshold=5355.4, ratio=0.02) | K24564: outcompeted at locus; below KOfam threshold by 4757.0 (score=92.6, threshold=4849.6, ratio=0.02)",8,4,"Absent: confidence=0.000, posterior mean=0.000. Credible interval [0.00, 0.00] and HDI [0.00, 0.00] well below threshold=0.63. No meaningful genomic evidence. Note: 8 KO(s) flagged but within acceptable range."
M00777,"Avermectin biosynthesis, 2-methylbutanoyl-CoA/isobutyryl-CoA => 6,8a-Seco-6,8a-deoxy-5-oxoavermectin 1a/1b aglycone => avermectin A1a/B1a/A1b/B1b",0.0,0.0,"K14371,K14372,K14373,K14374,K14375,K24567,K24568,K24569","R06467,R06470,R06473,R06475,R06477,R06479,R06481,R06483,R06488,R06489,R06490,R06491,R06496,R06497,R06498,R06499",0.115,5,0.0,0.0,0.0105,0.001598,0.63375,0.0,0.1211,0.0105,0.0105,-15.592,K14371: outcompeted at locus; below KOfam threshold (no score available) | K14373: outcompeted at locus; below KOfam threshold (no score available) | K14374: outcompeted at locus; below KOfam threshold (no score available) | K24567: outcompeted at locus; below KOfam threshold (no score available) | K24568: outcompeted at locus; below KOfam threshold (no score available) | K24569: outcompeted at locus; below KOfam threshold (no score available),12,6,"Absent: confidence=0.000, posterior mean=0.010. Credible interval [0.00, 0.12] and HDI [0.01, 0.01] well below threshold=0.63. No meaningful genomic evidence. Note: 12 KO(s) flagged but within acceptable range."
M00778,"Type II polyketide backbone biosynthesis, acyl-CoA + malonyl-CoA => polyketide",0.004,0.003,"K05551,K05552,K05553,K05554,K05555","R06643,R09258,R09259,R09265,R09305,R11516",0.006,2,0.04,0.0,0.0236,0.007209,0.63375,0.0,0.2906,0.0236,0.0236,-7.186,"K05551: outcompeted at locus; below KOfam threshold by 244.3 (score=427.8, threshold=672.1, ratio=0.64) | K05552: outcompeted at locus; below KOfam threshold by 266.3 (score=283.5, threshold=549.8, ratio=0.52) | K05553: outcompeted at locus; below KOfam threshold by 27.2 (score=34.9, threshold=62.1, ratio=0.56) | K05554: outcompeted at locus; below KOfam threshold by 102.8 (score=13.6, threshold=116.4, ratio=0.12) | K05555: outcompeted at locus; below KOfam threshold by 108.7 (score=48.6, threshold=157.3, ratio=0.31)",10,2,"Absent: confidence=0.004, posterior mean=0.024. Credible interval [0.00, 0.29] and HDI [0.02, 0.02] well below threshold=0.63. No meaningful genomic evidence. Note: 10 KO(s) flagged but within acceptable range."
M00779,"Dihydrokalafungin biosynthesis, octaketide => dihydrokalafungin",0.0,0.0,"K05556,K14626,K14629,K14632","R06695,R06696,R09306,R09307,R09308",0.001,4,0.07,0.1,0.0178,0.003238,0.63375,0.0,0.1907,0.0178,0.0178,-10.824,"K05556: outcompeted at locus; below KOfam threshold by 346.8 (score=22.4, threshold=369.2, ratio=0.06) | K14632: outcompeted at locus; below KOfam threshold by 74.4 (score=14.4, threshold=88.8, ratio=0.16)",4,2,"Absent: confidence=0.000, posterior mean=0.018. Credible interval [0.00, 0.19] and HDI [0.02, 0.02] well below threshold=0.63. No meaningful genomic evidence. Note: 4 KO(s) flagged but within acceptable range."
M00780,"Tetracycline/oxytetracycline biosynthesis, pretetramide => tetracycline/oxytetracycline",0.0,0.0,"K14251,K14252,K14253,K14254,K14255,K14256,K21301","R04060,R05459,R05462,R05463,R09189,R09190,R09191,R09192,R09197,R09198",0.001,7,0.04,0.0,0.0062,0.000711,0.63375,0.0,0.0731,0.0062,0.0062,-23.538,"K14251: outcompeted at locus; below KOfam threshold by 374.0 (score=10.8, threshold=384.8, ratio=0.03) | K14252: outcompeted at locus; below KOfam threshold by 702.7 (score=18.3, threshold=721.0, ratio=0.03) | K14253: outcompeted at locus; below KOfam threshold by 425.9 (score=39.5, threshold=465.4, ratio=0.08) | K14254: outcompeted at locus; below KOfam threshold by 484.7 (score=89.4, threshold=574.1, ratio=0.16) | K14255: outcompeted at locus; below KOfam threshold by 434.5 (score=16.3, threshold=450.8, ratio=0.04) | K14256: outcompeted at locus; below KOfam threshold by 635.8 (score=28.1, threshold=663.9, ratio=0.04)",12,6,"Absent: confidence=0.000, posterior mean=0.006. Credible interval [0.00, 0.07] and HDI [0.01, 0.01] well below threshold=0.63. No meaningful genomic evidence. Note: 12 KO(s) flagged but within acceptable range."
M00781,"Nogalavinone/aklavinone biosynthesis, deoxynogalonate/deoxyaklanonate => nogalavinone/aklavinone",0.0,0.0,"K15941,K15942,K15943,K15944","R06675,R06679,R06680,R06681,R06682,R09327,R09328,R09329",0.0,4,0.01,0.0,0.0024,0.000451,0.63375,0.0,0.0144,0.0024,0.0024,-29.741,"K15942: outcompeted at locus; below KOfam threshold by 304.1 (score=61.0, threshold=365.1, ratio=0.17) | K15944: outcompeted at locus; below KOfam threshold by 254.8 (score=119.7, threshold=374.5, ratio=0.32)",4,2,"Absent: confidence=0.000, posterior mean=0.002. Credible interval [0.00, 0.01] and HDI [0.00, 0.00] well below threshold=0.63. No meaningful genomic evidence. Note: 4 KO(s) flagged but within acceptable range."
M00783,"Tetracenomycin C/8-demethyltetracenomycin C biosynthesis, tetracenomycin F2 => tetracenomycin C/8-demethyltetracenomycin C",0.0,0.0,"K15886,K15968,K15969,K15971,K15972","R06699,R06700,R06701,R06703,R06704,R06713,R10954",0.001,5,0.02,0.0,0.0031,0.000482,0.63375,0.0,0.0299,0.0031,0.0031,-28.727,"K15972: outcompeted at locus; below KOfam threshold by 609.4 (score=21.1, threshold=630.5, ratio=0.03)",2,1,"Absent: confidence=0.000, posterior mean=0.003. Credible interval [0.00, 0.03] and HDI [0.00, 0.00] well below threshold=0.63. No meaningful genomic evidence. Note: 2 KO(s) flagged but within acceptable range."
M00787,"Bacilysin biosynthesis, prephenate => bacilysin",0.0,0.0,"K13037,K19546,K19547,K19548,K19549,K19550","R10917,R10934,R11064,R11065,R11067,R11068",0.001,6,0.01,0.0,0.0014,0.000185,0.63375,0.0,0.0063,0.0014,0.0014,-46.49,"K13037: outcompeted at locus; below KOfam threshold by 446.9 (score=28.4, threshold=475.3, ratio=0.06) | K19546: outcompeted at locus; below KOfam threshold by 159.2 (score=23.4, threshold=182.6, ratio=0.13) | K19547: outcompeted at locus; below KOfam threshold by 128.9 (score=12.2, threshold=141.1, ratio=0.09) | K19548: outcompeted at locus; below KOfam threshold by 77.7 (score=217.8, threshold=295.5, ratio=0.74) | K19549: outcompeted at locus; below KOfam threshold by 524.5 (score=164.0, threshold=688.5, ratio=0.24) | K19550: outcompeted at locus; below KOfam threshold by 265.2 (score=123.1, threshold=388.3, ratio=0.32)",12,5,"Absent: confidence=0.000, posterior mean=0.001. Credible interval [0.00, 0.01] and HDI [0.00, 0.00] well below threshold=0.63. No meaningful genomic evidence. Note: 12 KO(s) flagged but within acceptable range."
M00790,"Pyrrolnitrin biosynthesis, tryptophan => pyrrolnitrin",0.0,0.0,"K14257,K14266,K19981,K19982","R09570,R11105,R11106,R11107",0.007,4,0.0,0.0,0.0015,0.000272,0.63375,0.0,0.0029,0.0015,0.0015,-38.347,"K14257: outcompeted at locus; below KOfam threshold by 303.2 (score=48.6, threshold=351.8, ratio=0.14) | K14266: outcompeted at locus; below KOfam threshold by 377.4 (score=19.2, threshold=396.6, ratio=0.05) | K19982: outcompeted at locus; below KOfam threshold by 168.2 (score=92.5, threshold=260.7, ratio=0.35)",6,3,"Absent: confidence=0.000, posterior mean=0.001. Credible interval [0.00, 0.00] and HDI [0.00, 0.00] well below threshold=0.63. No meaningful genomic evidence. Note: 6 KO(s) flagged but within acceptable range."
M00793,"dTDP-L-rhamnose biosynthesis, glucose-1P => dTDP-L-Rha",0.295,0.145,"K00067,K00973,K01710,K01790","R02328,R02777,R06513,R06514",0.463,3,1.04,1.4,0.481,0.058055,0.63375,0.0628,0.9195,0.0541,0.9079,-0.634,"K00067: outcompeted at locus; below KOfam threshold by 219.6 (score=79.5, threshold=299.1, ratio=0.27) | K00973: outcompeted at locus; below KOfam threshold by 111.2 (score=136.2, threshold=247.4, ratio=0.55) | K01710: outcompeted at locus; below KOfam threshold by 252.1 (score=225.3, threshold=477.4, ratio=0.47)",6,2,"Likely absent: confidence=0.295, posterior mean=0.481 below threshold=0.63. Credible interval [0.06, 0.92] mostly below threshold. Some genomic evidence exists but is insufficient. Note: 6 KO(s) flagged but within acceptable range."
M00794,dTDP-6-deoxy-D-allose biosynthesis,0.0,0.0,"K13312,K13313","R06437,R06438,R10573",0.0,2,0.0,0.0,0.0001,1.6e-05,0.63375,0.0,0.0,0.0001,0.0001,-159.458,"K13313: outcompeted at locus; below KOfam threshold by 219.9 (score=154.6, threshold=374.5, ratio=0.41)",2,1,"Absent: confidence=0.000, posterior mean=0.000. Credible interval [0.00, 0.00] and HDI [0.00, 0.00] well below threshold=0.63. No meaningful genomic evidence. Note: 2 KO(s) flagged but within acceptable range."
M00795,dTDP-beta-L-noviose biosynthesis,0.0,0.0,"K12710,K17625,K19855","R06437,R10459,R11020",0.001,3,0.01,0.0,0.0023,0.000525,0.63375,0.0,0.0069,0.0023,0.0023,-27.563,"K17625: outcompeted at locus; below KOfam threshold by 506.5 (score=33.1, threshold=539.6, ratio=0.06)",2,1,"Absent: confidence=0.000, posterior mean=0.002. Credible interval [0.00, 0.01] and HDI [0.00, 0.00] well below threshold=0.63. No meaningful genomic evidence. Note: 2 KO(s) flagged but within acceptable range."
M00796,dTDP-D-mycaminose biosynthesis,0.0,0.0,"K13307,K19853,K19854","R06423,R06424,R06439",0.001,3,0.0,0.0,0.0011,0.000254,0.63375,0.0,0.0002,0.0011,0.0011,-39.686,"K13307: outcompeted at locus; below KOfam threshold by 342.5 (score=24.7, threshold=367.2, ratio=0.07) | K19853: outcompeted at locus; below KOfam threshold (no score available) | K19854: outcompeted at locus; below KOfam threshold (no score available)",6,3,"Absent: confidence=0.000, posterior mean=0.001. Credible interval [0.00, 0.00] and HDI [0.00, 0.00] well below threshold=0.63. No meaningful genomic evidence. Note: 6 KO(s) flagged but within acceptable range."
M00797,dTDP-D-desosamine biosynthesis,0.0,0.0,"K13308,K13309,K13311,K16436","R02773,R06426,R06427,R08583",0.001,4,0.0,0.1,0.0145,0.002641,0.63375,0.0,0.1644,0.0145,0.0145,-12.05,"K13308: outcompeted at locus; below KOfam threshold by 379.0 (score=199.9, threshold=578.9, ratio=0.35) | K13311: outcompeted at locus; below KOfam threshold by 328.5 (score=25.5, threshold=354.0, ratio=0.07) | K16436: outcompeted at locus; below KOfam threshold by 116.3 (score=417.5, threshold=533.8, ratio=0.78)",6,2,"Absent: confidence=0.000, posterior mean=0.014. Credible interval [0.00, 0.16] and HDI [0.01, 0.01] well below threshold=0.63. No meaningful genomic evidence. Note: 6 KO(s) flagged but within acceptable range."
M00798,dTDP-L-mycarose biosynthesis,0.001,0.001,"K13315,K13317,K13318,K16435,K16438","R05518,R06436,R08933,R08934,R11051",0.002,5,0.28,0.4,0.08,0.011319,0.63375,0.0,0.3863,0.08,0.08,-5.205,"K13315: outcompeted at locus; below KOfam threshold by 376.0 (score=74.6, threshold=450.6, ratio=0.17) | K13318: outcompeted at locus; below KOfam threshold by 383.6 (score=32.7, threshold=416.3, ratio=0.08) | K16435: outcompeted at locus; below KOfam threshold by 211.4 (score=12.1, threshold=223.5, ratio=0.05)",6,3,"Absent: confidence=0.001, posterior mean=0.080. Credible interval [0.00, 0.39] and HDI [0.08, 0.08] well below threshold=0.63. No meaningful genomic evidence. Note: 6 KO(s) flagged but within acceptable range."
M00799,dTDP-L-oleandrose biosynthesis,0.001,0.001,"K13315,K16435,K16438,K19856,K19857","R05518,R06433,R11041,R11042,R11051",0.001,5,0.28,0.4,0.0716,0.010231,0.63375,0.0,0.3672,0.0716,0.0716,-5.557,"K13315: outcompeted at locus; below KOfam threshold by 376.0 (score=74.6, threshold=450.6, ratio=0.17) | K16435: outcompeted at locus; below KOfam threshold by 211.4 (score=12.1, threshold=223.5, ratio=0.05) | K19857: outcompeted at locus; below KOfam threshold (no score available)",6,3,"Absent: confidence=0.001, posterior mean=0.072. Credible interval [0.00, 0.37] and HDI [0.07, 0.07] well below threshold=0.63. No meaningful genomic evidence. Note: 6 KO(s) flagged but within acceptable range."
M00800,dTDP-L-megosamine biosynthesis,0.001,0.001,"K13322,K13326,K16435,K16436,K16438","R05518,R06631,R11045,R11046,R11047",0.001,5,0.28,0.4,0.0711,0.010166,0.63375,0.0,0.366,0.0711,0.0711,-5.58,"K13322: outcompeted at locus; below KOfam threshold (no score available) | K13326: outcompeted at locus; below KOfam threshold by 276.9 (score=21.7, threshold=298.6, ratio=0.07) | K16435: outcompeted at locus; below KOfam threshold by 211.4 (score=12.1, threshold=223.5, ratio=0.05) | K16436: outcompeted at locus; below KOfam threshold by 116.3 (score=417.5, threshold=533.8, ratio=0.78)",8,3,"Absent: confidence=0.001, posterior mean=0.071. Credible interval [0.00, 0.37] and HDI [0.07, 0.07] well below threshold=0.63. No meaningful genomic evidence. Note: 8 KO(s) flagged but within acceptable range."
M00802,dTDP-D-forosamine biosynthesis,0.001,0.001,"K13327,K13328,K13329,K13330,K16435",,0.0,5,0.28,0.4,0.072,0.010284,0.63375,0.0,0.3681,0.072,0.072,-5.539,"K13327: outcompeted at locus; below KOfam threshold by 259.9 (score=87.7, threshold=347.6, ratio=0.25) | K13328: outcompeted at locus; below KOfam threshold by 544.0 (score=189.3, threshold=733.3, ratio=0.26) | K13329: outcompeted at locus; below KOfam threshold by 369.8 (score=207.5, threshold=577.3, ratio=0.36) | K13330: outcompeted at locus; below KOfam threshold by 382.1 (score=17.1, threshold=399.2, ratio=0.04) | K16435: outcompeted at locus; below KOfam threshold by 211.4 (score=12.1, threshold=223.5, ratio=0.05)",10,5,"Absent: confidence=0.001, posterior mean=0.072. Credible interval [0.00, 0.37] and HDI [0.07, 0.07] well below threshold=0.63. No meaningful genomic evidence. Note: 10 KO(s) flagged but within acceptable range."
M00804,"Complete nitrification, comammox, ammonia => nitrite => nitrate",0.0,0.0,"K00370,K00371,K10535,K10945,K10946,K28504","R00148,R00798,R10164",0.001,3,0.01,0.0,0.0029,0.000668,0.63375,0.0,0.0145,0.0029,0.0029,-24.409,,0,0,"Absent: confidence=0.000, posterior mean=0.003. Credible interval [0.00, 0.01] and HDI [0.00, 0.00] well below threshold=0.63. No meaningful genomic evidence."
M00805,"Staurosporine biosynthesis, tryptophan => staurosporine",0.0,0.0,"K20075,K20076,K20077,K20078,K20079,K20080,K20081,K20082","R05757,R11119,R11120,R11121,R11122,R11123,R11129",0.001,7,0.0,0.0,0.0007,7.6e-05,0.63375,0.0,0.0005,0.0007,0.0007,-72.786,"K20075: outcompeted at locus; below KOfam threshold by 965.8 (score=22.1, threshold=987.9, ratio=0.02) | K20077: outcompeted at locus; below KOfam threshold by 781.1 (score=16.9, threshold=798.0, ratio=0.02) | K20081: outcompeted at locus; below KOfam threshold by 287.8 (score=97.9, threshold=385.7, ratio=0.25) | K20082: outcompeted at locus; below KOfam threshold by 200.3 (score=118.7, threshold=319.0, ratio=0.37)",8,4,"Absent: confidence=0.000, posterior mean=0.001. Credible interval [0.00, 0.00] and HDI [0.00, 0.00] well below threshold=0.63. No meaningful genomic evidence. Note: 8 KO(s) flagged but within acceptable range."
M00808,"Violacein biosynthesis, tryptophan => violacein",0.0,0.0,"K20086,K20087,K20088,K20089,K20090","R11119,R11131,R11134,R11135",0.001,4,0.0,0.0,0.0001,1.5e-05,0.63375,0.0,0.0,0.0001,0.0001,-161.745,"K20086: outcompeted at locus; below KOfam threshold by 593.8 (score=18.1, threshold=611.9, ratio=0.03) | K20090: outcompeted at locus; below KOfam threshold by 733.7 (score=24.4, threshold=758.1, ratio=0.03)",4,2,"Absent: confidence=0.000, posterior mean=0.000. Credible interval [0.00, 0.00] and HDI [0.00, 0.00] well below threshold=0.63. No meaningful genomic evidence. Note: 4 KO(s) flagged but within acceptable range."
M00810,"Nicotine degradation, pyridine pathway, nicotine => 2,6-dihydroxypyridine/succinate semialdehyde",0.0,0.0,"K19185,K19186,K19187,K19188,K19818,K19819,K19820,K19826","R02860,R07514,R07515,R07946,R11048",0.001,4,0.0,0.0,0.0005,9e-05,0.63375,0.0,0.0,0.0005,0.0005,-66.868,"K19186: outcompeted at locus; below KOfam threshold by 220.7 (score=25.4, threshold=246.1, ratio=0.10) | K19819: outcompeted at locus; below KOfam threshold by 244.6 (score=23.0, threshold=267.6, ratio=0.09) | K19826: outcompeted at locus; below KOfam threshold by 540.6 (score=19.9, threshold=560.5, ratio=0.04)",6,3,"Absent: confidence=0.000, posterior mean=0.000. Credible interval [0.00, 0.00] and HDI [0.00, 0.00] well below threshold=0.63. No meaningful genomic evidence. Note: 6 KO(s) flagged but within acceptable range."
M00811,"Nicotine degradation, pyrrolidine pathway, nicotine => succinate semialdehyde",0.0,0.0,"K15359,K20169,K20170,K20171","R09472,R11175,R11178,R11179",0.001,4,0.0,0.0,0.0008,0.000144,0.63375,0.0,0.0001,0.0008,0.0008,-52.783,"K20169: outcompeted at locus; below KOfam threshold by 955.0 (score=27.5, threshold=982.5, ratio=0.03) | K20170: outcompeted at locus; below KOfam threshold (no score available)",4,2,"Absent: confidence=0.000, posterior mean=0.001. Credible interval [0.00, 0.00] and HDI [0.00, 0.00] well below threshold=0.63. No meaningful genomic evidence. Note: 4 KO(s) flagged but within acceptable range."
M00814,"Acarbose biosynthesis, sedoheptulopyranose-7P => acarbose",0.0,0.0,"K19969,K19974,K19979,K20424,K20425,K20426,K20427,K20430","R10937,R11081,R11185,R11243,R11244,R11245,R11246,R11247",0.0,8,0.0,0.0,0.0001,8e-06,0.63375,0.0,0.0,0.0001,0.0001,-226.848,"K19969: outcompeted at locus; below KOfam threshold by 128.2 (score=277.2, threshold=405.4, ratio=0.68) | K20424: outcompeted at locus; below KOfam threshold by 244.4 (score=17.3, threshold=261.7, ratio=0.07) | K20425: outcompeted at locus; below KOfam threshold by 168.3 (score=79.1, threshold=247.4, ratio=0.32) | K20427: outcompeted at locus; below KOfam threshold by 319.8 (score=165.9, threshold=485.7, ratio=0.34)",8,3,"Absent: confidence=0.000, posterior mean=0.000. Credible interval [0.00, 0.00] and HDI [0.00, 0.00] well below threshold=0.63. No meaningful genomic evidence. Note: 8 KO(s) flagged but within acceptable range."
M00815,"Validamycin A biosynthesis, sedoheptulopyranose-7P => validamycin A",0.0,0.0,"K19969,K20431,K20432,K20433,K20434,K20435,K20436,K20437,K20438","R10937,R11079,R11233,R11234,R11236,R11238,R11240,R11241,R11497",0.001,9,0.01,0.0,0.0014,0.000127,0.63375,0.0,0.0105,0.0014,0.0014,-56.106,"K19969: outcompeted at locus; below KOfam threshold by 128.2 (score=277.2, threshold=405.4, ratio=0.68) | K20431: outcompeted at locus; below KOfam threshold by 182.2 (score=22.4, threshold=204.6, ratio=0.11) | K20432: outcompeted at locus; below KOfam threshold by 318.0 (score=20.2, threshold=338.2, ratio=0.06) | K20434: outcompeted at locus; below KOfam threshold by 236.9 (score=18.0, threshold=254.9, ratio=0.07) | K20435: outcompeted at locus; below KOfam threshold by 552.9 (score=177.6, threshold=730.5, ratio=0.24) | K20437: outcompeted at locus; below KOfam threshold by 252.5 (score=55.8, threshold=308.3, ratio=0.18) | K20438: outcompeted at locus; below KOfam threshold (no score available)",14,6,"Absent: confidence=0.000, posterior mean=0.001. Credible interval [0.00, 0.01] and HDI [0.00, 0.00] well below threshold=0.63. No meaningful genomic evidence. Note: 14 KO(s) flagged but within acceptable range."
M00819,"Pentalenolactone biosynthesis, farnesyl-PP => pentalenolactone",0.0,0.0,"K12250,K15907,K17476,K17747,K18056,K18057,K18091","R02305,R09814,R10145,R10154,R10156,R10157,R10162",0.0,7,0.0,0.0,0.0006,6.7e-05,0.63375,0.0,0.0003,0.0006,0.0006,-77.216,"K17747: outcompeted at locus; below KOfam threshold by 394.8 (score=80.4, threshold=475.2, ratio=0.17) | K18056: outcompeted at locus; below KOfam threshold by 517.5 (score=12.3, threshold=529.8, ratio=0.02) | K18091: outcompeted at locus; below KOfam threshold by 1067.9 (score=12.6, threshold=1080.5, ratio=0.01)",6,3,"Absent: confidence=0.000, posterior mean=0.001. Credible interval [0.00, 0.00] and HDI [0.00, 0.00] well below threshold=0.63. No meaningful genomic evidence. Note: 6 KO(s) flagged but within acceptable range."
M00823,"Chlortetracycline biosynthesis, pretetramide => chlortetracycline",0.0,0.0,"K14251,K14252,K14253,K14254,K14255,K14256,K14257,K21297,K21301","R04060,R05459,R05462,R05463,R09189,R09190,R09191,R09192,R09197,R09198,R11478",0.001,8,0.04,0.0,0.0055,0.000554,0.63375,0.0,0.0638,0.0055,0.0055,-26.701,"K14251: outcompeted at locus; below KOfam threshold by 374.0 (score=10.8, threshold=384.8, ratio=0.03) | K14252: outcompeted at locus; below KOfam threshold by 702.7 (score=18.3, threshold=721.0, ratio=0.03) | K14253: outcompeted at locus; below KOfam threshold by 425.9 (score=39.5, threshold=465.4, ratio=0.08) | K14254: outcompeted at locus; below KOfam threshold by 484.7 (score=89.4, threshold=574.1, ratio=0.16) | K14255: outcompeted at locus; below KOfam threshold by 434.5 (score=16.3, threshold=450.8, ratio=0.04) | K14256: outcompeted at locus; below KOfam threshold by 635.8 (score=28.1, threshold=663.9, ratio=0.04) | K14257: outcompeted at locus; below KOfam threshold by 303.2 (score=48.6, threshold=351.8, ratio=0.14) | K21297: outcompeted at locus; below KOfam threshold by 111.4 (score=70.8, threshold=182.2, ratio=0.39)",16,8,"Absent: confidence=0.000, posterior mean=0.005. Credible interval [0.00, 0.06] and HDI [0.01, 0.01] well below threshold=0.63. No meaningful genomic evidence. Note: 16 KO(s) flagged but within acceptable range."
M00824,"9-membered enediyne core biosynthesis, malonyl-CoA => 3-hydroxyhexadeca-4,6,8,10,12,14-hexaenoyl-ACP => 9-membered enediyne core",0.0,0.0,"K15314,K21160,K21161,K21162,K21163,K21164,K21165,K21166,K21167",R11435,0.004,2,0.0,0.0,0.0021,0.000646,0.63375,0.0,0.0013,0.0021,0.0021,-24.846,"K15314: outcompeted at locus; below KOfam threshold by 898.4 (score=178.4, threshold=1076.8, ratio=0.17) | K21166: outcompeted at locus; below KOfam threshold by 871.1 (score=40.7, threshold=911.8, ratio=0.04)",4,2,"Absent: confidence=0.000, posterior mean=0.002. Credible interval [0.00, 0.00] and HDI [0.00, 0.00] well below threshold=0.63. No meaningful genomic evidence. Note: 4 KO(s) flagged but within acceptable range."
M00826,"C-1027 benzoxazolinate moiety biosynthesis, chorismate => benzoxazolinyl-CoA",0.0,0.0,"K20156,K20159,K21175,K21176,K21177,K21178,K21179","R08956,R09559,R11362,R11363,R11364,R11365",0.001,6,0.01,0.0,0.0015,0.000201,0.63375,0.0,0.0079,0.0015,0.0015,-44.601,"K20159: outcompeted at locus; below KOfam threshold by 349.4 (score=292.0, threshold=641.4, ratio=0.46) | K21175: outcompeted at locus; below KOfam threshold (no score available) | K21178: outcompeted at locus; below KOfam threshold by 465.6 (score=21.4, threshold=487.0, ratio=0.04)",6,3,"Absent: confidence=0.000, posterior mean=0.002. Credible interval [0.00, 0.01] and HDI [0.00, 0.00] well below threshold=0.63. No meaningful genomic evidence. Note: 6 KO(s) flagged but within acceptable range."
M00827,"C-1027 beta-amino acid moiety biosynthesis, tyrosine => 3-chloro-4,5-dihydroxy-beta-phenylalanyl-PCP",0.0,0.0,K21183,,0.001,1,0.0,0.0,0.0003,0.000146,0.63375,0.0,0.0,0.0003,0.0003,-52.375,"K21183: outcompeted at locus; below KOfam threshold by 71.4 (score=16.9, threshold=88.3, ratio=0.19)",2,1,"Absent: confidence=0.000, posterior mean=0.000. Credible interval [0.00, 0.00] and HDI [0.00, 0.00] well below threshold=0.63. No meaningful genomic evidence. Note: 2 KO(s) flagged but within acceptable range."
M00828,"Maduropeptin beta-hydroxy acid moiety biosynthesis, tyrosine => 3-(4-hydroxyphenyl)-3-oxopropanoyl-PCP",0.0,0.0,K21183,,0.001,1,0.0,0.0,0.0003,0.000146,0.63375,0.0,0.0,0.0003,0.0003,-52.375,"K21183: outcompeted at locus; below KOfam threshold by 71.4 (score=16.9, threshold=88.3, ratio=0.19)",2,1,"Absent: confidence=0.000, posterior mean=0.000. Credible interval [0.00, 0.00] and HDI [0.00, 0.00] well below threshold=0.63. No meaningful genomic evidence. Note: 2 KO(s) flagged but within acceptable range."
M00829,"3,6-Dimethylsalicylyl-CoA biosynthesis, malonyl-CoA => 6-methylsalicylate => 3,6-dimethylsalicylyl-CoA",0.0,0.0,"K15320,K21191,K21192","R07253,R11370,R11371",0.001,3,0.0,0.0,0.0002,3.9e-05,0.63375,0.0,0.0,0.0002,0.0002,-100.984,"K15320: outcompeted at locus; below KOfam threshold by 2057.0 (score=126.8, threshold=2183.8, ratio=0.06) | K21191: outcompeted at locus; below KOfam threshold by 895.0 (score=105.9, threshold=1000.9, ratio=0.11)",4,2,"Absent: confidence=0.000, posterior mean=0.000. Credible interval [0.00, 0.00] and HDI [0.00, 0.00] well below threshold=0.63. No meaningful genomic evidence. Note: 4 KO(s) flagged but within acceptable range."
M00830,"Neocarzinostatin naphthoate moiety biosynthesis, malonyl-CoA => 2-hydroxy-5-methyl-1-naphthoate => 2-hydroxy-7-methoxy-5-methyl-1-naphthoyl-CoA",0.0,0.0,"K20420,K20421,K20422,K20423","R10771,R10796,R10963,R11125",0.001,4,0.01,0.0,0.0016,0.000299,0.63375,0.0,0.0042,0.0016,0.0016,-36.57,"K20420: outcompeted at locus; below KOfam threshold by 418.7 (score=10.5, threshold=429.2, ratio=0.02) | K20421: outcompeted at locus; below KOfam threshold by 306.2 (score=13.8, threshold=320.0, ratio=0.04) | K20422: outcompeted at locus; below KOfam threshold by 2736.2 (score=95.6, threshold=2831.8, ratio=0.03) | K20423: outcompeted at locus; below KOfam threshold by 653.7 (score=145.7, threshold=799.4, ratio=0.18)",8,4,"Absent: confidence=0.000, posterior mean=0.002. Credible interval [0.00, 0.00] and HDI [0.00, 0.00] well below threshold=0.63. No meaningful genomic evidence. Note: 8 KO(s) flagged but within acceptable range."
M00833,"Calicheamicin biosynthesis, calicheamicinone => calicheamicin",0.0,0.0,"K21254,K21255,K21256,K21257,K21258","R11412,R11413,R11414,R11415,R11416",0.001,1,0.0,0.0,0.0,2.3e-05,0.63375,0.0,0.0,0.0,0.0,-131.288,"K21254: outcompeted at locus; below KOfam threshold by 1936.1 (score=105.0, threshold=2041.1, ratio=0.05) | K21256: outcompeted at locus; below KOfam threshold (no score available)",4,2,"Absent: confidence=0.000, posterior mean=0.000. Credible interval [0.00, 0.00] and HDI [0.00, 0.00] well below threshold=0.63. No meaningful genomic evidence. Note: 4 KO(s) flagged but within acceptable range."
M00834,"Calicheamicin orsellinate moiety biosynthesis, malonyl-CoA => orsellinate-ACP => 5-iodo-2,3-dimethoxyorsellinate-ACP",0.0,0.0,"K21254,K21255,K21256,K21257,K21258","R11412,R11413,R11414,R11415,R11416",0.001,5,0.0,0.0,0.0004,6.9e-05,0.63375,0.0,0.0,0.0004,0.0004,-76.432,"K21254: outcompeted at locus; below KOfam threshold by 1936.1 (score=105.0, threshold=2041.1, ratio=0.05) | K21256: outcompeted at locus; below KOfam threshold (no score available)",4,2,"Absent: confidence=0.000, posterior mean=0.000. Credible interval [0.00, 0.00] and HDI [0.00, 0.00] well below threshold=0.63. No meaningful genomic evidence. Note: 4 KO(s) flagged but within acceptable range."
M00835,"Pyocyanine biosynthesis, chorismate => pyocyanine",0.0,0.0,"K06998,K13063,K20260,K20261,K20262,K20940,K21103","R08956,R09707,R11346,R11463,R11491,R11533,R11568,R11569",0.002,7,0.27,0.3,0.0351,0.003896,0.63375,0.0,0.2239,0.0351,0.0351,-9.59,"K13063: outcompeted at locus; below KOfam threshold by 281.7 (score=111.7, threshold=393.4, ratio=0.28) | K20261: outcompeted at locus; below KOfam threshold by 276.1 (score=35.4, threshold=311.5, ratio=0.11) | K20940: outcompeted at locus; below KOfam threshold by 234.8 (score=31.2, threshold=266.0, ratio=0.12) | K21103: outcompeted at locus; below KOfam threshold by 435.4 (score=17.9, threshold=453.3, ratio=0.04)",8,4,"Absent: confidence=0.000, posterior mean=0.035. Credible interval [0.00, 0.22] and HDI [0.04, 0.04] well below threshold=0.63. No meaningful genomic evidence. Note: 8 KO(s) flagged but within acceptable range."
M00836,,0.0,0.0,"K21610,K21611,K21612,K22011,K22012","R11626,R11627,R11628,R11629",0.001,4,0.0,0.0,0.0001,1.7e-05,0.63375,0.0,0.0,0.0001,0.0001,-154.318,"K21610: outcompeted at locus; below KOfam threshold by 192.2 (score=212.0, threshold=404.2, ratio=0.52) | K21612: outcompeted at locus; below KOfam threshold by 138.0 (score=61.5, threshold=199.5, ratio=0.31) | K22011: outcompeted at locus; below KOfam threshold by 23.8 (score=104.5, threshold=128.3, ratio=0.81) | K22012: outcompeted at locus; below KOfam threshold by 283.5 (score=315.8, threshold=599.3, ratio=0.53)",8,1,"Absent: confidence=0.000, posterior mean=0.000. Credible interval [0.00, 0.00] and HDI [0.00, 0.00] well below threshold=0.63. No meaningful genomic evidence. Note: 8 KO(s) flagged but within acceptable range."
M00837,"Prodigiosin biosynthesis, L-proline => prodigiosin",0.0,0.0,K21787,R11662,0.004,1,0.0,0.0,0.0005,0.000218,0.63375,0.0,0.0,0.0005,0.0005,-42.912,"K21787: outcompeted at locus; below KOfam threshold by 886.3 (score=14.9, threshold=901.2, ratio=0.02)",2,1,"Absent: confidence=0.000, posterior mean=0.000. Credible interval [0.00, 0.00] and HDI [0.00, 0.00] well below threshold=0.63. No meaningful genomic evidence. Note: 2 KO(s) flagged but within acceptable range."
M00838,"Undecylprodigiosin biosynthesis, L-proline => undecylprodigiosin",0.0,0.0,K21787,R11673,0.004,1,0.0,0.0,0.0005,0.000218,0.63375,0.0,0.0,0.0005,0.0005,-42.912,"K21787: outcompeted at locus; below KOfam threshold by 886.3 (score=14.9, threshold=901.2, ratio=0.02)",2,1,"Absent: confidence=0.000, posterior mean=0.000. Credible interval [0.00, 0.00] and HDI [0.00, 0.00] well below threshold=0.63. No meaningful genomic evidence. Note: 2 KO(s) flagged but within acceptable range."
M00840,"Tetrahydrofolate biosynthesis, mediated by ribA and trpF, GTP => THF",0.124,0.089,"K00287,K01633,K13941,K14652,K22099,K22100","R00425,R00936,R00939,R02237,R03066,R03067,R03503,R03504,R11072",0.001,6,2.5,2.7,0.4122,0.031881,0.63375,0.1018,0.7723,0.0861,0.7508,-1.241,"K01633: below KOfam threshold by 26.0 (score=69.9, threshold=95.9, ratio=0.73) | K13941: outcompeted at locus; below KOfam threshold by 224.7 (score=342.0, threshold=566.7, ratio=0.60) | K22100: outcompeted at locus; below KOfam threshold by 189.4 (score=74.6, threshold=264.0, ratio=0.28)",5,1,"Likely absent: confidence=0.124, posterior mean=0.412 below threshold=0.63. Credible interval [0.10, 0.77] mostly below threshold. Some genomic evidence exists but is insufficient. Note: 5 KO(s) flagged but within acceptable range."
M00843,"L-threo-Tetrahydrobiopterin biosynthesis, GTP => L-threo-BH4",0.494,0.494,"K01495,K01737,K17745","R00428,R04286,R04639,R05046,R05048,R09990",0.001,3,2.0,2.0,0.6062,0.055517,0.63375,0.1312,0.9688,0.1862,0.997,-0.117,"K17745: outcompeted at locus; below KOfam threshold by 291.4 (score=113.8, threshold=405.2, ratio=0.28)",2,1,"Uncertain: confidence=0.494 with credible interval [0.13, 0.97] straddling threshold=0.63. Posterior mean=0.606, HDI [0.19, 1.00]. Module may be present but evidence is inconclusive. Note: 2 KO(s) flagged but within acceptable range."
M00844,"Arginine biosynthesis, ornithine => arginine",0.989,0.989,"K00611,K01755,K01940","R01086,R01398,R01954",0.758,3,3.0,3.0,0.978,0.005002,0.63375,0.7576,1.0,0.978,0.978,4.867,,0,0,"Present: confidence=0.989 with 95% credible interval [0.76, 1.00] and HDI [0.98, 0.98] entirely above threshold=0.63. Posterior mean=0.978, effect size=4.87."
M00845,"Arginine biosynthesis, glutamate => acetylcitrulline => arginine",0.424,0.323,"K00145,K00821,K01438,K01755,K01940,K09065,K22478","R00259,R01086,R01954,R02283,R02649,R03443,R07245,R09107",0.019,7,4.19,4.5,0.5909,0.027787,0.63375,0.2536,0.8839,0.2723,0.8979,-0.257,"K01438: outcompeted at locus; below KOfam threshold by 231.9 (score=62.2, threshold=294.1, ratio=0.21) | K09065: outcompeted at locus; below KOfam threshold by 155.7 (score=244.7, threshold=400.4, ratio=0.61) | K22478: outcompeted at locus; below KOfam threshold by 373.1 (score=143.4, threshold=516.5, ratio=0.28)",6,2,"Uncertain: confidence=0.424 with credible interval [0.25, 0.88] straddling threshold=0.63. Posterior mean=0.591, HDI [0.27, 0.90]. Module may be present but evidence is inconclusive. Note: 6 KO(s) flagged but within acceptable range."
M00846,"Siroheme biosynthesis, glutamyl-tRNA => siroheme",0.986,0.91,"K01698,K01719,K01749,K01845,K02302,K02492","R00036,R00084,R02272,R02864,R03165,R03194,R03947,R04109",0.643,6,5.14,5.8,0.94,0.007421,0.63375,0.688,1.0,0.94,0.94,3.555,"K02302: outcompeted at locus; below KOfam threshold by 76.6 (score=341.4, threshold=418.0, ratio=0.82)",2,0,"Present: confidence=0.986 with 95% credible interval [0.69, 1.00] and HDI [0.94, 0.94] entirely above threshold=0.63. Posterior mean=0.940, effect size=3.56. Note: 2 KO(s) flagged but within acceptable range."
M00847,"Heme biosynthesis, archaea, siroheme => heme",0.01,0.009,"K22225,K22226,K22227","R12000,R12001,R12002",0.02,3,0.3,0.3,0.093,0.01962,0.63375,0.0,0.5122,0.093,0.093,-3.86,"K22226: outcompeted at locus; below KOfam threshold by 318.6 (score=55.2, threshold=373.8, ratio=0.15) | K22227: outcompeted at locus; below KOfam threshold by 322.8 (score=40.2, threshold=363.0, ratio=0.11)",4,2,"Absent: confidence=0.010, posterior mean=0.093. Credible interval [0.00, 0.51] and HDI [0.09, 0.09] well below threshold=0.63. No meaningful genomic evidence. Note: 4 KO(s) flagged but within acceptable range."
M00849,,0.004,0.001,"K00054,K00626,K00869,K01641,K01823,K06981,K17942","R00238,R01123,R01978,R02081,R02245,R10093,R10561",0.001,6,0.51,1.0,0.1575,0.017464,0.63375,0.0053,0.4914,0.001,0.4224,-3.604,"K00054: outcompeted at locus; below KOfam threshold by 262.6 (score=10.6, threshold=273.2, ratio=0.04) | K00626: outcompeted at locus; below KOfam threshold by 334.1 (score=35.8, threshold=369.9, ratio=0.10) | K00869: outcompeted at locus; below KOfam threshold by 136.5 (score=21.4, threshold=157.9, ratio=0.14) | K01641: outcompeted at locus; below KOfam threshold by 187.8 (score=25.4, threshold=213.2, ratio=0.12) | K06981: outcompeted at locus; below KOfam threshold by 57.8 (score=51.4, threshold=109.2, ratio=0.47)",10,5,"Absent: confidence=0.004, posterior mean=0.158. Credible interval [0.01, 0.49] and HDI [0.00, 0.42] well below threshold=0.63. No meaningful genomic evidence. Note: 10 KO(s) flagged but within acceptable range."
M00850,"Vibrio cholerae pathogenicity signature, cholera toxins",0.0,0.0,"K10928,K10929,K10948,K10952,K10953,K10954,K11018",,0.0,6,0.01,0.0,0.0009,0.000115,0.63375,0.0,0.0011,0.0009,0.0009,-59.134,"K10954: outcompeted at locus; below KOfam threshold by 54.8 (score=13.5, threshold=68.3, ratio=0.20)",2,1,"Absent: confidence=0.000, posterior mean=0.001. Credible interval [0.00, 0.00] and HDI [0.00, 0.00] well below threshold=0.63. No meaningful genomic evidence. Note: 2 KO(s) flagged but within acceptable range."
M00851,Carbapenem resistance,0.001,0.001,K18768,,0.016,1,0.0,0.0,0.0033,0.001573,0.63375,0.0,0.0008,0.0033,0.0033,-15.897,,0,0,"Absent: confidence=0.001, posterior mean=0.003. Credible interval [0.00, 0.00] and HDI [0.00, 0.00] well below threshold=0.63. No meaningful genomic evidence."
M00852,"Vibrio cholerae pathogenicity signature, toxin coregulated pilus",0.0,0.0,"K10919,K10920,K10930,K10931,K10932,K10933,K10934,K10935,K10961,K10962,K10963,K10964,K10965,K10966",,0.0,14,0.07,0.1,0.0063,0.000382,0.63375,0.0,0.0624,0.0063,0.0063,-32.113,"K10964: outcompeted at locus; below KOfam threshold by 183.3 (score=14.1, threshold=197.4, ratio=0.07)",2,1,"Absent: confidence=0.000, posterior mean=0.006. Credible interval [0.00, 0.06] and HDI [0.01, 0.01] well below threshold=0.63. No meaningful genomic evidence. Note: 2 KO(s) flagged but within acceptable range."
M00853,"ETEC pathogenicity signature, colonization factors",0.0,0.0,"K22850,K22852,K22853,K22854",,0.001,4,0.0,0.0,0.0002,3.9e-05,0.63375,0.0,0.0,0.0002,0.0002,-101.149,,0,0,"Absent: confidence=0.000, posterior mean=0.000. Credible interval [0.00, 0.00] and HDI [0.00, 0.00] well below threshold=0.63. No meaningful genomic evidence."
M00854,"Glycogen biosynthesis, glucose-1P => glycogen/starch",0.966,0.966,"K00700,K00703,K00975","R00948,R02110,R02421",0.515,2,2.0,2.0,0.9559,0.013166,0.63375,0.5686,1.0,0.9559,0.9559,2.808,,0,0,"Likely present: confidence=0.966 and posterior mean=0.956 above threshold=0.63, but credible interval [0.57, 1.00] extends below threshold. HDI [0.96, 0.96], effect size=2.81."
M00855,"Glycogen degradation, glycogen => glucose-6P",0.879,0.563,"K00688,K00705,K01835,K02438","R02111,R08639",0.206,3,2.07,2.8,0.8526,0.029228,0.63375,0.3845,0.9998,0.8526,0.8526,1.28,"K02438: outcompeted at locus; below KOfam threshold by 333.2 (score=687.4, threshold=1020.6, ratio=0.67)",2,0,"Uncertain: confidence=0.879 with credible interval [0.38, 1.00] straddling threshold=0.63. Posterior mean=0.853, HDI [0.85, 0.85]. Module may be present but evidence is inconclusive. Note: 2 KO(s) flagged but within acceptable range."
M00856,"Salmonella enterica pathogenicity signature, typhoid toxin",0.0,0.0,"K11014,K11023,K19298,K22918",,0.0,4,0.01,0.0,0.0018,0.000329,0.63375,0.0,0.0058,0.0018,0.0018,-34.819,"K22918: outcompeted at locus; below KOfam threshold by 401.5 (score=12.5, threshold=414.0, ratio=0.03)",2,1,"Absent: confidence=0.000, posterior mean=0.002. Credible interval [0.00, 0.01] and HDI [0.00, 0.00] well below threshold=0.63. No meaningful genomic evidence. Note: 2 KO(s) flagged but within acceptable range."
M00857,"Salmonella enterica pathogenicity signature, Vi antigen",0.0,0.0,"K22914,K22915,K22916,K22917,K22921,K22922,K22923,K22924,K22925,K22926",,0.001,7,0.0,0.0,0.0001,1.6e-05,0.63375,0.0,0.0,0.0001,0.0001,-159.215,"K22916: outcompeted at locus; below KOfam threshold by 852.6 (score=60.7, threshold=913.3, ratio=0.07) | K22917: outcompeted at locus; below KOfam threshold by 680.3 (score=18.6, threshold=698.9, ratio=0.03) | K22923: outcompeted at locus; below KOfam threshold by 189.9 (score=80.8, threshold=270.7, ratio=0.30) | K22925: outcompeted at locus; below KOfam threshold by 664.3 (score=125.9, threshold=790.2, ratio=0.16) | K22926: outcompeted at locus; below KOfam threshold by 873.6 (score=69.7, threshold=943.3, ratio=0.07)",10,5,"Absent: confidence=0.000, posterior mean=0.000. Credible interval [0.00, 0.00] and HDI [0.00, 0.00] well below threshold=0.63. No meaningful genomic evidence. Note: 10 KO(s) flagged but within acceptable range."
M00859,"Bacillus anthracis pathogenicity signature, anthrax toxin",0.0,0.0,"K08645,K11029,K11030",,0.001,3,0.0,0.0,0.0002,5.2e-05,0.63375,0.0,0.0,0.0002,0.0002,-88.021,,0,0,"Absent: confidence=0.000, posterior mean=0.000. Credible interval [0.00, 0.00] and HDI [0.00, 0.00] well below threshold=0.63. No meaningful genomic evidence."
M00860,"Bacillus anthracis pathogenicity signature, polyglutamic acid capsule biosynthesis",0.0,0.0,"K01932,K07282,K22116,K22976,K22977,K22980,K22981",,0.001,7,0.1,0.1,0.0133,0.001511,0.63375,0.0,0.1298,0.0133,0.0133,-15.962,"K01932: outcompeted at locus; below KOfam threshold by 129.5 (score=20.0, threshold=149.5, ratio=0.13)",2,1,"Absent: confidence=0.000, posterior mean=0.013. Credible interval [0.00, 0.13] and HDI [0.01, 0.01] well below threshold=0.63. No meaningful genomic evidence. Note: 2 KO(s) flagged but within acceptable range."
M00866,"KDO2-lipid A biosynthesis, Raetz pathway, non-LpxL-LpxM type",0.608,0.252,"K00677,K00748,K00912,K02517,K02527,K02535,K02536,K03269,K09778",,0.481,9,4.77,6.2,0.6648,0.020444,0.63375,0.3614,0.9057,0.3894,0.9239,0.217,"K02517: outcompeted at locus; below KOfam threshold by 187.5 (score=15.8, threshold=203.3, ratio=0.08) | K02527: outcompeted at locus; below KOfam threshold by 159.6 (score=20.6, threshold=180.2, ratio=0.11) | K02535: below KOfam threshold by 30.2 (score=305.3, threshold=335.5, ratio=0.91) | K03269: outcompeted at locus; below KOfam threshold by 40.2 (score=22.8, threshold=63.0, ratio=0.36)",7,3,"Uncertain: confidence=0.608 with credible interval [0.36, 0.91] straddling threshold=0.63. Posterior mean=0.665, HDI [0.39, 0.92]. Module may be present but evidence is inconclusive. Note: 7 KO(s) flagged but within acceptable range."
M00867,KDO2-lipid A modification pathway,0.0,0.0,"K03760,K09953,K12977,K23082,K23083,K23159","R12201,R12202,R12203,R12204,R12219",0.001,5,0.04,0.0,0.0081,0.001235,0.63375,0.0,0.097,0.0081,0.0081,-17.801,,0,0,"Absent: confidence=0.000, posterior mean=0.008. Credible interval [0.00, 0.10] and HDI [0.01, 0.01] well below threshold=0.63. No meaningful genomic evidence."
M00868,"Heme biosynthesis, animals and fungi, glycine => heme",0.948,0.791,"K00228,K00231,K00643,K01599,K01698,K01719,K01749,K01772","R00036,R00084,R00310,R00830,R03165,R03197,R03220,R03222",0.572,8,6.1,7.0,0.8537,0.012747,0.63375,0.5721,0.9914,0.6306,0.999,1.948,"K00231: outcompeted at locus; below KOfam threshold by 42.7 (score=100.7, threshold=143.4, ratio=0.70) | K00643: outcompeted at locus; below KOfam threshold by 168.4 (score=253.9, threshold=422.3, ratio=0.60)",4,0,"Likely present: confidence=0.948 and posterior mean=0.854 above threshold=0.63, but credible interval [0.57, 0.99] extends below threshold. HDI [0.63, 1.00], effect size=1.95. Note: 4 KO(s) flagged but within acceptable range."
M00875,"Staphyloferrin B biosynthesis, L-serine => staphyloferrin B",0.0,0.0,"K21721,K21949,K23371,K23372,K23373,K23374,K23375","R11705,R12308,R12309,R12311,R12312,R12344",0.003,7,0.01,0.0,0.0032,0.000367,0.63375,0.0,0.0355,0.0032,0.0032,-32.933,"K21721: outcompeted at locus; below KOfam threshold by 396.4 (score=16.1, threshold=412.5, ratio=0.04) | K21949: outcompeted at locus; below KOfam threshold by 60.2 (score=283.6, threshold=343.8, ratio=0.82) | K23373: outcompeted at locus; below KOfam threshold by 356.8 (score=154.0, threshold=510.8, ratio=0.30) | K23375: outcompeted at locus; below KOfam threshold by 398.1 (score=11.2, threshold=409.3, ratio=0.03)",8,3,"Absent: confidence=0.000, posterior mean=0.003. Credible interval [0.00, 0.04] and HDI [0.00, 0.00] well below threshold=0.63. No meaningful genomic evidence. Note: 8 KO(s) flagged but within acceptable range."
M00876,"Staphyloferrin A biosynthesis, L-ornithine => staphyloferrin A",0.0,0.0,"K21898,K23446,K23447","R00672,R12353,R12354",0.014,3,0.01,0.0,0.0039,0.000903,0.63375,0.0,0.0302,0.0039,0.0039,-20.964,"K21898: outcompeted at locus; below KOfam threshold by 171.8 (score=37.9, threshold=209.7, ratio=0.18)",2,1,"Absent: confidence=0.000, posterior mean=0.004. Credible interval [0.00, 0.03] and HDI [0.00, 0.00] well below threshold=0.63. No meaningful genomic evidence. Note: 2 KO(s) flagged but within acceptable range."
M00877,"Kanosamine biosynthesis, glucose 6-phosphate => kanosamine",0.0,0.0,"K18652,K18653,K18654","R10519,R10547,R10698",0.003,3,0.0,0.0,0.0004,8.9e-05,0.63375,0.0,0.0,0.0004,0.0004,-67.322,"K18652: outcompeted at locus; below KOfam threshold by 114.0 (score=95.9, threshold=209.9, ratio=0.46) | K18653: outcompeted at locus; below KOfam threshold by 178.0 (score=308.6, threshold=486.6, ratio=0.63)",4,1,"Absent: confidence=0.000, posterior mean=0.000. Credible interval [0.00, 0.00] and HDI [0.00, 0.00] well below threshold=0.63. No meaningful genomic evidence. Note: 4 KO(s) flagged but within acceptable range."
M00878,"Phenylacetate degradation, phenylaxetate => acetyl-CoA/succinyl-CoA",0.001,0.0,"K00074,K01692,K01912,K02609,K02610,K02611,K02612,K02613,K02615,K02618,K15866","R00829,R02539,R06941,R06942,R09820,R09836,R09837,R09838,R09839",0.057,7,0.57,0.9,0.124,0.012487,0.63375,0.0031,0.414,0.124,0.124,-4.562,"K00074: outcompeted at locus; below KOfam threshold by 386.3 (score=23.6, threshold=409.9, ratio=0.06) | K01692: outcompeted at locus; below KOfam threshold by 140.9 (score=175.6, threshold=316.5, ratio=0.55) | K01912: outcompeted at locus; below KOfam threshold by 188.5 (score=75.3, threshold=263.8, ratio=0.29) | K02611: outcompeted at locus; below KOfam threshold by 159.0 (score=15.3, threshold=174.3, ratio=0.09) | K02613: outcompeted at locus; below KOfam threshold by 267.8 (score=96.3, threshold=364.1, ratio=0.26) | K02615: outcompeted at locus; below KOfam threshold by 757.4 (score=13.3, threshold=770.7, ratio=0.02) | K02618: outcompeted at locus; below KOfam threshold by 634.9 (score=47.9, threshold=682.8, ratio=0.07) | K15866: outcompeted at locus; below KOfam threshold by 105.8 (score=181.6, threshold=287.4, ratio=0.63)",16,6,"Absent: confidence=0.001, posterior mean=0.124. Credible interval [0.00, 0.41] and HDI [0.12, 0.12] well below threshold=0.63. No meaningful genomic evidence. Note: 16 KO(s) flagged but within acceptable range."
M00879,"Arginine succinyltransferase pathway, arginine => glutamate",0.001,0.0,"K00673,K00840,K01484,K05526,K06447","R00411,R00832,R04189,R04217,R05049",0.153,5,0.15,0.3,0.0647,0.009305,0.63375,0.0,0.3501,0.0647,0.0647,-5.899,"K00840: outcompeted at locus; below KOfam threshold by 319.7 (score=391.0, threshold=710.7, ratio=0.55) | K05526: outcompeted at locus; below KOfam threshold by 64.9 (score=48.4, threshold=113.3, ratio=0.43) | K06447: outcompeted at locus; below KOfam threshold by 285.8 (score=174.8, threshold=460.6, ratio=0.38)",6,2,"Absent: confidence=0.001, posterior mean=0.065. Credible interval [0.00, 0.35] and HDI [0.06, 0.06] well below threshold=0.63. No meaningful genomic evidence. Note: 6 KO(s) flagged but within acceptable range."
M00880,"Molybdenum cofactor biosynthesis, GTP => molybdenum cofactor",0.105,0.033,"K03635,K03637,K03639,K03750,K03831","R09394,R09395,R09726,R09735,R11372",0.407,3,0.49,0.9,0.3101,0.049752,0.63375,0.0121,0.805,0.001,0.7347,-1.451,"K03639: outcompeted at locus; below KOfam threshold by 121.8 (score=24.9, threshold=146.7, ratio=0.17) | K03750: outcompeted at locus; below KOfam threshold by 131.0 (score=23.2, threshold=154.2, ratio=0.15) | K03831: outcompeted at locus; below KOfam threshold by 186.5 (score=30.5, threshold=217.0, ratio=0.14)",6,3,"Likely absent: confidence=0.105, posterior mean=0.310 below threshold=0.63. Credible interval [0.01, 0.81] mostly below threshold. Some genomic evidence exists but is insufficient. Note: 6 KO(s) flagged but within acceptable range."
M00881,"Lipoic acid biosynthesis, plants and bacteria, octanoyl-ACP => dihydrolipoyl-E2/H",0.968,0.968,"K03644,K03801","R12423,R12424,R12427,R12428",0.543,2,2.0,2.0,0.9585,0.012442,0.63375,0.5822,1.0,0.9585,0.9585,2.911,"K03801: below KOfam threshold by 10.2 (score=249.7, threshold=259.9, ratio=0.96)",1,0,"Likely present: confidence=0.968 and posterior mean=0.958 above threshold=0.63, but credible interval [0.58, 1.00] extends below threshold. HDI [0.96, 0.96], effect size=2.91. Note: 1 KO(s) flagged but within acceptable range."
M00883,"Lipoic acid biosynthesis, animals and bacteria, octanoyl-ACP => dihydrolipoyl-H => dihydrolipoyl-E2",0.507,0.507,"K03644,K16869,K23734","R12424,R12428,R12432",0.04,3,2.01,2.0,0.6133,0.055156,0.63375,0.136,0.9708,0.1932,0.998,-0.087,"K16869: outcompeted at locus; below KOfam threshold by 93.0 (score=25.6, threshold=118.6, ratio=0.22) | K23734: below KOfam threshold by 91.7 (score=129.4, threshold=221.1, ratio=0.59)",3,1,"Uncertain: confidence=0.507 with credible interval [0.14, 0.97] straddling threshold=0.63. Posterior mean=0.613, HDI [0.19, 1.00]. Module may be present but evidence is inconclusive. Note: 3 KO(s) flagged but within acceptable range."
M00885,"Meromycolic acid biosynthesis, initiation and elongation FAS II (KasA)",0.954,0.954,K02078,,0.5,1,1.0,1.0,0.9545,0.020661,0.63375,0.4232,1.0,0.9545,0.9545,2.232,,0,0,"Likely present (prior-driven): confidence=0.954 but based on only 1 step(s) with wide credible interval [0.42, 1.00] (width=0.58). HDI [0.95, 0.95]. High confidence may be due to prior (frequency and/or genomic evidence) instead of influence."
M00886,"Meromycolic acid biosynthesis, initiation and elongation FAS II (KasA and KasB)",0.954,0.954,K02078,,0.5,1,1.0,1.0,0.9545,0.020661,0.63375,0.4232,1.0,0.9545,0.9545,2.232,,0,0,"Likely present (prior-driven): confidence=0.954 but based on only 1 step(s) with wide credible interval [0.42, 1.00] (width=0.58). HDI [0.95, 0.95]. High confidence may be due to prior (frequency and/or genomic evidence) instead of influence."
M00887,"Mycolic acid biosynthesis, meromycolic acid + alpha-carboxyacyl-CoA + trehalose => TMM => TDM/mAGP/GMM",0.021,0.021,"K11263,K27093,K27094,K27095",R13256,0.5,1,0.0,0.0,0.0455,0.020661,0.63375,0.0,0.5768,0.0455,0.0455,-4.093,"K11263: outcompeted at locus; below KOfam threshold by 127.1 (score=707.4, threshold=834.5, ratio=0.85)",2,0,"Absent: confidence=0.021, posterior mean=0.045. Credible interval [0.00, 0.58] and HDI [0.05, 0.05] well below threshold=0.63. No meaningful genomic evidence. Note: 2 KO(s) flagged but within acceptable range."
M00888,"Galactofuranan biosynthesis, decaprenyl phosphate + UDP-GlcNAc (+ dTDP-Rha/UDP-Galf) => GL-5",0.14,0.106,"K02851,K16649,K16650,K16870","R12075,R12077,R12078,R12079,R12080",0.5,4,1.33,1.5,0.3839,0.0438,0.63375,0.0494,0.8141,0.022,0.7688,-1.194,"K02851: below KOfam threshold by 46.6 (score=179.9, threshold=226.5, ratio=0.79) | K16649: outcompeted at locus; below KOfam threshold by 100.1 (score=50.8, threshold=150.9, ratio=0.34) | K16650: outcompeted at locus; below KOfam threshold by 204.4 (score=17.5, threshold=221.9, ratio=0.08) | K16870: outcompeted at locus; below KOfam threshold by 47.4 (score=95.1, threshold=142.5, ratio=0.67)",7,2,"Likely absent: confidence=0.140, posterior mean=0.384 below threshold=0.63. Credible interval [0.05, 0.81] mostly below threshold. Some genomic evidence exists but is insufficient. Note: 7 KO(s) flagged but within acceptable range."
M00889,"Puromycin biosynthesis, ATP => puromycin",0.001,0.0,"K12628,K12629,K12630,K12631,K12632,K12633,K12634,K12635,K12636","R05668,R05669,R05670,R05671,R05672,R05673,R05674,R05675,R05676,R05677",0.001,9,1.01,1.5,0.1542,0.011966,0.63375,0.0131,0.422,0.001,0.3664,-4.384,K12628: outcompeted at locus; below KOfam threshold (no score available) | K12629: outcompeted at locus; below KOfam threshold (no score available) | K12630: outcompeted at locus; below KOfam threshold (no score available) | K12633: outcompeted at locus; below KOfam threshold (no score available) | K12634: below KOfam threshold (no score available),9,5,"Absent: confidence=0.001, posterior mean=0.154. Credible interval [0.01, 0.42] and HDI [0.00, 0.37] well below threshold=0.63. No meaningful genomic evidence. Note: 9 KO(s) flagged but within acceptable range."
M00890,"Roseoflavin biosynthesis, FMN => roseoflavin",0.001,0.001,"K22269,K22598","R11779,R11780,R11961,R11962,R11963",0.001,2,0.01,0.0,0.0039,0.001217,0.63375,0.0,0.0177,0.0039,0.0039,-18.051,,0,0,"Absent: confidence=0.001, posterior mean=0.004. Credible interval [0.00, 0.02] and HDI [0.00, 0.00] well below threshold=0.63. No meaningful genomic evidence."
M00895,"Thiamine biosynthesis, prokaryotes, AIR (+ DXP/glycine) => TMP/TPP",0.628,0.373,"K00788,K00941,K00946,K03147","R00617,R03472,R04509,R10712",0.057,1,0.51,0.7,0.6801,0.103597,0.63375,0.0236,1.0,0.6801,0.6801,0.144,,0,0,"Uncertain: confidence=0.628 with credible interval [0.02, 1.00] straddling threshold=0.63. Posterior mean=0.680, HDI [0.68, 0.68]. Module may be present but evidence is inconclusive."
M00896,"Thiamine biosynthesis, archaea, AIR (+ NAD+) => TMP/TPP",0.623,0.368,"K00788,K00941,K00946,K03147","R00617,R03472,R04509,R10712",0.011,1,0.51,0.7,0.6759,0.104312,0.63375,0.0227,1.0,0.6759,0.6759,0.131,,0,0,"Uncertain: confidence=0.623 with credible interval [0.02, 1.00] straddling threshold=0.63. Posterior mean=0.676, HDI [0.68, 0.68]. Module may be present but evidence is inconclusive."
M00899,"Thiamine salvage pathway, HMP/HET => TMP",0.797,0.433,"K00788,K00941","R03223,R03471,R04509",0.411,1,0.53,0.9,0.8168,0.071257,0.63375,0.0868,1.0,0.8168,0.8168,0.686,,0,0,"Uncertain: confidence=0.797 with credible interval [0.09, 1.00] straddling threshold=0.63. Posterior mean=0.817, HDI [0.82, 0.82]. Module may be present but evidence is inconclusive."
M00904,"Dapdiamides biosynthesis, L-2,3-diaminopropanoate => dapdiamide A/B/C",0.0,0.0,"K01957,K22113,K22114","R10940,R10942,R10943,R10944,R12352",0.001,3,0.0,0.0,0.0002,3.8e-05,0.63375,0.0,0.0,0.0002,0.0002,-102.217,"K01957: outcompeted at locus; below KOfam threshold by 1128.9 (score=277.0, threshold=1405.9, ratio=0.20) | K22114: outcompeted at locus; below KOfam threshold by 603.2 (score=16.6, threshold=619.8, ratio=0.03)",4,2,"Absent: confidence=0.000, posterior mean=0.000. Credible interval [0.00, 0.00] and HDI [0.00, 0.00] well below threshold=0.63. No meaningful genomic evidence. Note: 4 KO(s) flagged but within acceptable range."
M00905,"Grixazone biosynthesis, aspartate 4-semialdehyde => grixazone B",0.0,0.0,"K17835,K18287,K20204","R10469,R10673,R10720",0.001,3,0.0,0.0,0.0005,0.000127,0.63375,0.0,0.0,0.0005,0.0005,-56.216,"K18287: outcompeted at locus; below KOfam threshold by 324.3 (score=17.7, threshold=342.0, ratio=0.05)",2,1,"Absent: confidence=0.000, posterior mean=0.001. Credible interval [0.00, 0.00] and HDI [0.00, 0.00] well below threshold=0.63. No meaningful genomic evidence. Note: 2 KO(s) flagged but within acceptable range."
M00906,"Ethynylserine biosynthesis, lysine => ethynylserine",0.011,0.011,"K23669,K23670,K23671,K23672,K23673","R12407,R12408,R12409,R12410,R12411",0.001,5,1.0,1.0,0.1821,0.02291,0.63375,0.0056,0.5598,0.001,0.4855,-2.984,K23671: below KOfam threshold (no score available),1,1,"Absent: confidence=0.011, posterior mean=0.182. Credible interval [0.01, 0.56] and HDI [0.00, 0.49] well below threshold=0.63. No meaningful genomic evidence. Note: 1 KO(s) flagged but within acceptable range."
M00909,"UDP-GlcNAc biosynthesis, prokaryotes, Fru-6P => UDP-GlcNAc",0.993,0.993,"K00820,K03431,K04042","R00416,R00768,R02060,R05332",0.849,3,3.0,3.0,0.9863,0.00314,0.63375,0.8316,1.0,0.9863,0.9863,6.292,,0,0,"Present: confidence=0.993 with 95% credible interval [0.83, 1.00] and HDI [0.99, 0.99] entirely above threshold=0.63. Posterior mean=0.986, effect size=6.29."
M00912,"NAD biosynthesis, tryptophan => quinolinate => NAD",0.148,0.067,"K00452,K00453,K00486,K00767,K00969,K01432,K01556,K01950","R00257,R00678,R01959,R01960,R02665,R02668,R03005,R03348",0.124,8,3.3,3.9,0.4588,0.025337,0.63375,0.1648,0.7704,0.1592,0.7628,-1.099,"K00486: outcompeted at locus; below KOfam threshold by 278.0 (score=64.9, threshold=342.9, ratio=0.19) | K00969: below KOfam threshold by 39.6 (score=80.4, threshold=120.0, ratio=0.67) | K01556: outcompeted at locus; below KOfam threshold by 118.3 (score=64.8, threshold=183.1, ratio=0.35) | K01950: below KOfam threshold by 77.5 (score=419.4, threshold=496.9, ratio=0.84)",6,2,"Likely absent: confidence=0.148, posterior mean=0.459 below threshold=0.63. Credible interval [0.16, 0.77] mostly below threshold. Some genomic evidence exists but is insufficient. Note: 6 KO(s) flagged but within acceptable range."
M00914,,0.064,0.026,"K00077,K00606,K02201,K06982,K09722,K09735,K13038","R01226,R02472,R03035,R03269,R04231,R09378,R09379,R12608",0.001,7,2.29,2.8,0.3666,0.02669,0.63375,0.0905,0.7075,0.0711,0.6787,-1.635,"K00077: outcompeted at locus; below KOfam threshold by 60.8 (score=19.9, threshold=80.7, ratio=0.25) | K06982: outcompeted at locus; below KOfam threshold by 113.7 (score=17.2, threshold=130.9, ratio=0.13)",4,2,"Likely absent: confidence=0.064, posterior mean=0.367 below threshold=0.63. Credible interval [0.09, 0.71] mostly below threshold. Some genomic evidence exists but is insufficient. Note: 4 KO(s) flagged but within acceptable range."
M00915,"Caffeine degradation, caffeine => xanthine",0.0,0.0,"K21722,K21723,K21724","R07939,R07954,R07955,R07956,R07957,R07958,R07961,R07962,R07965,R07966",0.001,3,0.01,0.0,0.0016,0.000376,0.63375,0.0,0.0018,0.0016,0.0016,-32.62,"K21722: outcompeted at locus; below KOfam threshold by 565.8 (score=69.7, threshold=635.5, ratio=0.11) | K21723: outcompeted at locus; below KOfam threshold by 577.7 (score=42.9, threshold=620.6, ratio=0.07)",4,2,"Absent: confidence=0.000, posterior mean=0.002. Credible interval [0.00, 0.00] and HDI [0.00, 0.00] well below threshold=0.63. No meaningful genomic evidence. Note: 4 KO(s) flagged but within acceptable range."
M00916,"Pyridoxal-P biosynthesis, R5P + glyceraldehyde-3P + glutamine => pyridoxal-P",0.018,0.015,"K06215,K08681",R10089,0.312,1,0.01,0.0,0.0394,0.018026,0.63375,0.0,0.5287,0.0394,0.0394,-4.427,"K06215: outcompeted at locus; below KOfam threshold by 101.8 (score=20.9, threshold=122.7, ratio=0.17) | K08681: outcompeted at locus; below KOfam threshold by 50.7 (score=42.9, threshold=93.6, ratio=0.46)",4,2,"Absent: confidence=0.018, posterior mean=0.039. Credible interval [0.00, 0.53] and HDI [0.04, 0.04] well below threshold=0.63. No meaningful genomic evidence. Note: 4 KO(s) flagged but within acceptable range."
M00918,"Aerobactin biosynthesis, lysine => aerobactin",0.0,0.0,"K03894,K03895,K03896,K03897","R00448,R03168,R10090,R10091",0.024,4,0.05,0.1,0.0204,0.003702,0.63375,0.0,0.2087,0.0204,0.0204,-10.081,"K03897: outcompeted at locus; below KOfam threshold by 375.6 (score=15.3, threshold=390.9, ratio=0.04)",2,1,"Absent: confidence=0.000, posterior mean=0.020. Credible interval [0.00, 0.21] and HDI [0.02, 0.02] well below threshold=0.63. No meaningful genomic evidence. Note: 2 KO(s) flagged but within acceptable range."
M00919,"Ectoine degradation, ectoine => aspartate",0.0,0.0,"K15783,K15784,K15785,K15786","R06977,R09800,R09801,R09805",0.041,4,0.02,0.0,0.0121,0.002207,0.63375,0.0,0.1426,0.0121,0.0121,-13.233,"K15783: outcompeted at locus; below KOfam threshold by 303.6 (score=83.8, threshold=387.4, ratio=0.22) | K15784: outcompeted at locus; below KOfam threshold by 398.7 (score=20.4, threshold=419.1, ratio=0.05) | K15785: outcompeted at locus; below KOfam threshold by 415.4 (score=207.8, threshold=623.2, ratio=0.33) | K15786: outcompeted at locus; below KOfam threshold by 574.0 (score=167.6, threshold=741.6, ratio=0.23)",8,4,"Absent: confidence=0.000, posterior mean=0.012. Credible interval [0.00, 0.14] and HDI [0.01, 0.01] well below threshold=0.63. No meaningful genomic evidence. Note: 8 KO(s) flagged but within acceptable range."
M00921,"Cyclooctatin biosynthesis, dimethylallyl-PP + isopentenyl-PP => cyclooctatin",0.0,0.0,"K13787,K18686,K22997,K22998","R01658,R02003,R02061,R10763,R12177,R12178",0.0,4,0.05,0.1,0.014,0.002554,0.63375,0.0,0.1602,0.014,0.014,-12.264,"K13787: outcompeted at locus; below KOfam threshold by 74.6 (score=227.3, threshold=301.9, ratio=0.75)",2,0,"Absent: confidence=0.000, posterior mean=0.014. Credible interval [0.00, 0.16] and HDI [0.01, 0.01] well below threshold=0.63. No meaningful genomic evidence. Note: 2 KO(s) flagged but within acceptable range."
M00922,"CMP-Neu5Ac biosynthesis, bacteria, UDP-GlcNAc => CMP-Neu5Ac",0.0,0.0,"K00983,K01654,K08068","R00414,R01117,R01804",0.001,3,0.01,0.0,0.0032,0.000743,0.63375,0.0,0.0192,0.0032,0.0032,-23.125,"K00983: outcompeted at locus; below KOfam threshold by 266.5 (score=18.8, threshold=285.3, ratio=0.07)",2,1,"Absent: confidence=0.000, posterior mean=0.003. Credible interval [0.00, 0.02] and HDI [0.00, 0.00] well below threshold=0.63. No meaningful genomic evidence. Note: 2 KO(s) flagged but within acceptable range."
M00923,"UDP-L-FucNAc biosynthesis, UDP-GlcNAc => UDP-L-FucNAc",0.26,0.109,"K15894,K19068,K24258","R09697,R10676,R12552,R12553",0.064,3,1.02,1.5,0.4557,0.057684,0.63375,0.0524,0.9063,0.033,0.8809,-0.741,"K15894: outcompeted at locus; below KOfam threshold by 67.5 (score=240.5, threshold=308.0, ratio=0.78) | K19068: below KOfam threshold by 119.2 (score=59.6, threshold=178.8, ratio=0.33)",3,1,"Likely absent: confidence=0.260, posterior mean=0.456 below threshold=0.63. Credible interval [0.05, 0.91] mostly below threshold. Some genomic evidence exists but is insufficient. Note: 3 KO(s) flagged but within acceptable range."
M00924,"Cobalamin biosynthesis, anaerobic, uroporphyrinogen III => sirohydrochlorin => cobyrinate a,c-diamide",0.995,0.974,"K00595,K02188,K02224,K02302,K03394,K03795,K05895,K05936,K06042,K13541","R03194,R03947,R05807,R05808,R05810,R05812,R05814,R05815,R07772,R07773,R07774,R07775,R11580",0.253,11,10.17,10.9,0.9224,0.005467,0.63375,0.7263,0.9983,0.9224,0.9224,3.903,"K02302: outcompeted at locus; below KOfam threshold by 76.6 (score=341.4, threshold=418.0, ratio=0.82) | K05895: below KOfam threshold by 39.1 (score=125.8, threshold=164.9, ratio=0.76)",3,0,"Present: confidence=0.995 with 95% credible interval [0.73, 1.00] and HDI [0.92, 0.92] entirely above threshold=0.63. Posterior mean=0.922, effect size=3.90. Note: 3 KO(s) flagged but within acceptable range."
M00925,"Cobalamin biosynthesis, aerobic, uroporphyrinogen III => precorrin 2 => cobyrinate a,c-diamide",0.919,0.661,"K00595,K02224,K02228,K02229,K02230,K02303,K03394,K05895,K05936,K06042,K09882,K09883,K13541","R03194,R03948,R05149,R05150,R05177,R05180,R05181,R05217,R05219,R05224,R05227",0.164,11,8.06,9.5,0.803,0.012076,0.63375,0.5482,0.9648,0.5906,0.983,1.54,"K02228: outcompeted at locus; below KOfam threshold by 100.7 (score=53.0, threshold=153.7, ratio=0.34) | K02229: outcompeted at locus; below KOfam threshold by 179.7 (score=78.4, threshold=258.1, ratio=0.30) | K05895: below KOfam threshold by 39.1 (score=125.8, threshold=164.9, ratio=0.76) | K09882: outcompeted at locus; below KOfam threshold by 139.2 (score=42.4, threshold=181.6, ratio=0.23) | K09883: outcompeted at locus; below KOfam threshold by 134.8 (score=10.8, threshold=145.6, ratio=0.07)",9,4,"Likely present: confidence=0.919 and posterior mean=0.803 above threshold=0.63, but credible interval [0.55, 0.96] extends below threshold. HDI [0.59, 0.98], effect size=1.54. Note: 9 KO(s) flagged but within acceptable range."
M00926,"Heme biosynthesis, bacteria, glutamyl-tRNA => coproporphyrin III => heme",0.948,0.843,"K00231,K00435,K01599,K01698,K01719,K01749,K01772,K01845,K02492","R00036,R00084,R02272,R03165,R03197,R04109,R04178,R11329,R11522",0.541,9,7.1,7.9,0.8441,0.012071,0.63375,0.5757,0.9865,0.6306,0.999,1.915,"K00231: outcompeted at locus; below KOfam threshold by 42.7 (score=100.7, threshold=143.4, ratio=0.70)",2,0,"Likely present: confidence=0.948 and posterior mean=0.844 above threshold=0.63, but credible interval [0.58, 0.99] extends below threshold. HDI [0.63, 1.00], effect size=1.91. Note: 2 KO(s) flagged but within acceptable range."
M00930,"Menaquinone biosynthesis, futalosine pathway",0.013,0.004,"K11782,K11783,K11784,K11785,K18285,K18286","R08587,R08588,R08589,R10666,R10667,R10695",0.054,6,1.04,1.4,0.223,0.022797,0.63375,0.0188,0.5792,0.001,0.5135,-2.721,"K11784: outcompeted at locus; below KOfam threshold by 405.8 (score=17.3, threshold=423.1, ratio=0.04) | K11785: outcompeted at locus; below KOfam threshold by 241.9 (score=12.8, threshold=254.7, ratio=0.05) | K18285: outcompeted at locus; below KOfam threshold by 418.6 (score=19.4, threshold=438.0, ratio=0.04) | K18286: below KOfam threshold by 364.6 (score=12.3, threshold=376.9, ratio=0.03)",7,4,"Absent: confidence=0.013, posterior mean=0.223. Credible interval [0.02, 0.58] and HDI [0.00, 0.51] well below threshold=0.63. No meaningful genomic evidence. Note: 7 KO(s) flagged but within acceptable range."
M00931,"Menaquinone biosynthesis, modified futalosine pathway",0.001,0.0,"K11782,K11784,K11785,K18284,K18285","R08588,R08589,R10666,R10667,R10668",0.065,5,0.03,0.3,0.0661,0.009502,0.63375,0.0,0.3538,0.0661,0.0661,-5.823,"K11784: outcompeted at locus; below KOfam threshold by 405.8 (score=17.3, threshold=423.1, ratio=0.04) | K11785: outcompeted at locus; below KOfam threshold by 241.9 (score=12.8, threshold=254.7, ratio=0.05) | K18285: outcompeted at locus; below KOfam threshold by 418.6 (score=19.4, threshold=438.0, ratio=0.04)",6,3,"Absent: confidence=0.001, posterior mean=0.066. Credible interval [0.00, 0.35] and HDI [0.07, 0.07] well below threshold=0.63. No meaningful genomic evidence. Note: 6 KO(s) flagged but within acceptable range."
M00932,"Phylloquinone biosynthesis, chorismate (+ phytyl-PP) => phylloquinol",0.963,0.849,"K01661,K01911,K02549,K02551,K02552,K08680,K12073,K17872,K23094,K23095","R01717,R04030,R04031,R04994,R07262,R07263,R08165,R08166,R11061,R12255",0.005,7,6.03,6.8,0.884,0.011785,0.63375,0.5993,0.9977,0.884,0.884,2.305,"K01911: below KOfam threshold by 114.5 (score=235.2, threshold=349.7, ratio=0.67) | K02549: below KOfam threshold by 80.8 (score=140.7, threshold=221.5, ratio=0.64) | K02552: below KOfam threshold by 20.5 (score=346.8, threshold=367.3, ratio=0.94) | K08680: outcompeted at locus; below KOfam threshold by 149.1 (score=90.0, threshold=239.1, ratio=0.38)",5,1,"Likely present: confidence=0.963 and posterior mean=0.884 above threshold=0.63, but credible interval [0.60, 1.00] extends below threshold. HDI [0.88, 0.88], effect size=2.31. Note: 5 KO(s) flagged but within acceptable range."
M00935,,0.0,0.0,K07072,R11040,0.0,1,0.0,0.0,0.0008,0.000367,0.63375,0.0,0.0,0.0008,0.0008,-33.02,,0,0,"Absent: confidence=0.000, posterior mean=0.001. Credible interval [0.00, 0.00] and HDI [0.00, 0.00] well below threshold=0.63. No meaningful genomic evidence."
M00938,"Pyrimidine deoxyribonucleotide biosynthesis, UDP => dTTP",0.892,0.742,"K00525,K00526,K00940,K00943,K01520,K03465","R02018,R02093,R02094,R02100,R02331,R06613",0.738,5,3.69,4.2,0.8345,0.021245,0.63375,0.4636,0.9963,0.8345,0.8345,1.377,"K00525: outcompeted at locus; below KOfam threshold by 325.3 (score=30.2, threshold=355.5, ratio=0.08)",2,1,"Uncertain: confidence=0.892 with credible interval [0.46, 1.00] straddling threshold=0.63. Posterior mean=0.835, HDI [0.83, 0.83]. Module may be present but evidence is inconclusive. Note: 2 KO(s) flagged but within acceptable range."
M00939,"Pyrimidine degradation, uracil => 3-hydroxypropanoate",0.056,0.049,"K09018,K09020,K09021,K09023,K09024,K16066","R09289,R09936,R09947,R09982,R09983",0.052,5,1.61,1.7,0.3096,0.032887,0.63375,0.0373,0.7085,0.011,0.6507,-1.787,"K09020: below KOfam threshold by 159.4 (score=65.1, threshold=224.5, ratio=0.29) | K09021: outcompeted at locus; below KOfam threshold by 61.3 (score=89.1, threshold=150.4, ratio=0.59) | K09023: outcompeted at locus; below KOfam threshold by 138.6 (score=66.5, threshold=205.1, ratio=0.32) | K09024: outcompeted at locus; below KOfam threshold by 132.7 (score=91.6, threshold=224.3, ratio=0.41) | K16066: below KOfam threshold by 227.9 (score=150.9, threshold=378.8, ratio=0.40)",8,4,"Likely absent: confidence=0.056, posterior mean=0.310 below threshold=0.63. Credible interval [0.04, 0.71] mostly below threshold. Some genomic evidence exists but is insufficient. Note: 8 KO(s) flagged but within acceptable range."
M00947,"D-Arginine racemization, D-arginine => L-arginine",0.001,0.001,"K19744,K19746","R11018,R11031,R11032",0.015,2,0.01,0.0,0.0071,0.002214,0.63375,0.0,0.0718,0.0071,0.0071,-13.317,"K19744: outcompeted at locus; below KOfam threshold by 367.3 (score=27.5, threshold=394.8, ratio=0.07) | K19746: outcompeted at locus; below KOfam threshold by 146.8 (score=68.8, threshold=215.6, ratio=0.32)",4,2,"Absent: confidence=0.001, posterior mean=0.007. Credible interval [0.00, 0.07] and HDI [0.01, 0.01] well below threshold=0.63. No meaningful genomic evidence. Note: 4 KO(s) flagged but within acceptable range."
M00948,"Hydroxyproline degradation, trans-4-hydroxy-L-proline => 2-oxoglutarate",0.002,0.001,"K12658,K13877,K21060,K21062","R00264,R02280,R03296,R11428",0.119,4,0.11,0.2,0.06,0.010451,0.63375,0.0,0.373,0.06,0.06,-5.612,"K12658: outcompeted at locus; below KOfam threshold by 349.2 (score=9.6, threshold=358.8, ratio=0.03) | K13877: outcompeted at locus; below KOfam threshold by 555.8 (score=57.2, threshold=613.0, ratio=0.09) | K21060: outcompeted at locus; below KOfam threshold by 352.2 (score=120.3, threshold=472.5, ratio=0.25) | K21062: outcompeted at locus; below KOfam threshold by 90.4 (score=205.3, threshold=295.7, ratio=0.69)",8,3,"Absent: confidence=0.002, posterior mean=0.060. Credible interval [0.00, 0.37] and HDI [0.06, 0.06] well below threshold=0.63. No meaningful genomic evidence. Note: 8 KO(s) flagged but within acceptable range."
M00949,"Staphylopine biosynthesis, L-histidine => staphylopine",0.0,0.0,"K01780,K23120,K23122","R12237,R12313,R12341",0.011,3,0.0,0.0,0.0016,0.000364,0.63375,0.0,0.0015,0.0016,0.0016,-33.123,"K01780: outcompeted at locus; below KOfam threshold by 133.2 (score=25.1, threshold=158.3, ratio=0.16) | K23120: outcompeted at locus; below KOfam threshold by 205.5 (score=11.0, threshold=216.5, ratio=0.05)",4,2,"Absent: confidence=0.000, posterior mean=0.002. Credible interval [0.00, 0.00] and HDI [0.00, 0.00] well below threshold=0.63. No meaningful genomic evidence. Note: 4 KO(s) flagged but within acceptable range."
M00950,"Biotin biosynthesis, BioU pathway, pimeloyl-ACP/CoA => biotin",0.672,0.672,"K00652,K01012,K01935,K25570","R01078,R03210,R10124,R12934,R12935",0.262,4,3.0,3.0,0.7057,0.038463,0.63375,0.2652,0.9795,0.3343,0.999,0.367,"K00652: below KOfam threshold by 42.2 (score=422.1, threshold=464.3, ratio=0.91)",1,0,"Uncertain: confidence=0.672 with credible interval [0.27, 0.98] straddling threshold=0.63. Posterior mean=0.706, HDI [0.33, 1.00]. Module may be present but evidence is inconclusive. Note: 1 KO(s) flagged but within acceptable range."
M00956,"Lysine degradation, bacteria, L-lysine => succinate",0.01,0.004,"K00135,K00137,K01582,K07250,K09251,K15736,K15737","R00462,R02274,R02401,R12214,R12215,R12216,R12217",0.012,7,1.37,1.8,0.2357,0.020704,0.63375,0.0294,0.5681,0.008,0.5115,-2.767,"K00135: outcompeted at locus; below KOfam threshold by 337.2 (score=250.6, threshold=587.8, ratio=0.43) | K00137: outcompeted at locus; below KOfam threshold by 488.7 (score=196.1, threshold=684.8, ratio=0.29) | K01582: outcompeted at locus; below KOfam threshold by 1029.4 (score=49.8, threshold=1079.2, ratio=0.05) | K07250: outcompeted at locus; below KOfam threshold by 319.8 (score=334.5, threshold=654.3, ratio=0.51) | K09251: outcompeted at locus; below KOfam threshold by 158.2 (score=340.4, threshold=498.6, ratio=0.68) | K15736: below KOfam threshold by 216.6 (score=359.7, threshold=576.3, ratio=0.62)",11,3,"Absent: confidence=0.010, posterior mean=0.236. Credible interval [0.03, 0.57] and HDI [0.01, 0.51] well below threshold=0.63. No meaningful genomic evidence. Note: 11 KO(s) flagged but within acceptable range."
M00957,"Lysine degradation, bacteria, L-lysine => glutarate => succinate/acetyl-CoA",0.005,0.001,"K00135,K00468,K01506,K07250,K15736,K15737","R00449,R02273,R02274,R02401,R12216,R12217",0.031,5,0.36,0.8,0.139,0.01841,0.63375,0.0016,0.496,0.139,0.139,-3.647,"K00135: outcompeted at locus; below KOfam threshold by 337.2 (score=250.6, threshold=587.8, ratio=0.43) | K00468: outcompeted at locus; below KOfam threshold by 572.0 (score=23.8, threshold=595.8, ratio=0.04) | K01506: outcompeted at locus; below KOfam threshold by 152.1 (score=122.5, threshold=274.6, ratio=0.45) | K07250: outcompeted at locus; below KOfam threshold by 319.8 (score=334.5, threshold=654.3, ratio=0.51) | K15736: below KOfam threshold by 216.6 (score=359.7, threshold=576.3, ratio=0.62)",9,3,"Absent: confidence=0.005, posterior mean=0.139. Credible interval [0.00, 0.50] and HDI [0.14, 0.14] well below threshold=0.63. No meaningful genomic evidence. Note: 9 KO(s) flagged but within acceptable range."
M00958,"Adenine ribonucleotide degradation, AMP => Urate",0.544,0.531,"K03787,K05810,K13481,K13482","R00183,R01126,R01560,R01768,R01769,R01863,R02103,R02107",0.234,3,2.0,2.0,0.6349,0.053908,0.63375,0.1512,0.9765,0.2122,0.999,0.005,"K13481: outcompeted at locus; below KOfam threshold by 442.3 (score=11.4, threshold=453.7, ratio=0.03)",2,1,"Uncertain: confidence=0.544 with credible interval [0.15, 0.98] straddling threshold=0.63. Posterior mean=0.635, HDI [0.21, 1.00]. Module may be present but evidence is inconclusive. Note: 2 KO(s) flagged but within acceptable range."
M00959,"Guanine ribonucleotide degradation, GMP => Urate",0.346,0.3,"K01487,K03787,K05810,K13481,K13482","R01227,R01676,R02103,R02107,R02147",0.34,4,2.08,2.2,0.5312,0.046116,0.63375,0.1253,0.9112,0.1381,0.9209,-0.478,"K13481: outcompeted at locus; below KOfam threshold by 442.3 (score=11.4, threshold=453.7, ratio=0.03)",2,1,"Uncertain: confidence=0.346 with credible interval [0.13, 0.91] straddling threshold=0.63. Posterior mean=0.531, HDI [0.14, 0.92]. Module may be present but evidence is inconclusive. Note: 2 KO(s) flagged but within acceptable range."
M00960,"Lysine degradation, bacteria, L-lysine => D-lysine => succinate",0.0,0.0,"K13609,K15737,K25316,K25986,K26061,K26062,K26063,K26064,K26065","R00460,R01939,R02203,R08414,R12216,R13011,R13034,R13036,R13037",0.01,9,0.22,0.3,0.0321,0.002851,0.63375,0.0,0.1911,0.0321,0.0321,-11.267,"K25316: outcompeted at locus; below KOfam threshold by 322.2 (score=33.2, threshold=355.4, ratio=0.09) | K26061: outcompeted at locus; below KOfam threshold by 632.7 (score=122.2, threshold=754.9, ratio=0.16) | K26062: outcompeted at locus; below KOfam threshold by 412.2 (score=222.5, threshold=634.7, ratio=0.35) | K26063: outcompeted at locus; below KOfam threshold by 1289.2 (score=41.5, threshold=1330.7, ratio=0.03) | K26064: outcompeted at locus; below KOfam threshold by 341.7 (score=91.7, threshold=433.4, ratio=0.21) | K26065: outcompeted at locus; below KOfam threshold by 394.8 (score=49.7, threshold=444.5, ratio=0.11)",12,6,"Absent: confidence=0.000, posterior mean=0.032. Credible interval [0.00, 0.19] and HDI [0.03, 0.03] well below threshold=0.63. No meaningful genomic evidence. Note: 12 KO(s) flagged but within acceptable range."
M00966,"Equol biosynthesis, daidzein => equol",0.0,0.0,"K26069,K26070,K26071,K26175","R13054,R13055,R13056,R13057",0.001,4,0.0,0.0,0.0001,2e-05,0.63375,0.0,0.0,0.0001,0.0001,-143.487,"K26069: outcompeted at locus; below KOfam threshold by 1291.4 (score=20.4, threshold=1311.8, ratio=0.02) | K26070: outcompeted at locus; below KOfam threshold by 557.5 (score=67.2, threshold=624.7, ratio=0.11) | K26071: outcompeted at locus; below KOfam threshold by 955.1 (score=23.0, threshold=978.1, ratio=0.02)",6,3,"Absent: confidence=0.000, posterior mean=0.000. Credible interval [0.00, 0.00] and HDI [0.00, 0.00] well below threshold=0.63. No meaningful genomic evidence. Note: 6 KO(s) flagged but within acceptable range."
M00967,"Flavone degradation, luteolin/apigenin => DHCA/phloretate",0.0,0.0,"K22906,K26176,K26178","R02901,R13066,R13069,R13072,R13073,R13082",0.001,3,0.01,0.0,0.0044,0.001026,0.63375,0.0,0.0391,0.0044,0.0044,-19.645,"K26178: outcompeted at locus; below KOfam threshold by 637.6 (score=57.2, threshold=694.8, ratio=0.08)",2,1,"Absent: confidence=0.000, posterior mean=0.004. Credible interval [0.00, 0.04] and HDI [0.00, 0.00] well below threshold=0.63. No meaningful genomic evidence. Note: 2 KO(s) flagged but within acceptable range."
M00968,"Pentose bisphosphate pathway (nucleoside degradation), archaea, nucleoside/NMP => 3-PGA/glycerone phosphate",0.1,0.1,"K01601,K18237,K18931","R03140,R10555,R10836,R10837,R10838",0.001,3,1.0,1.0,0.3036,0.049168,0.63375,0.011,0.7994,0.001,0.7277,-1.489,"K18931: outcompeted at locus; below KOfam threshold by 569.5 (score=27.0, threshold=596.5, ratio=0.05)",2,1,"Likely absent: confidence=0.100, posterior mean=0.304 below threshold=0.63. Credible interval [0.01, 0.80] mostly below threshold. Some genomic evidence exists but is insufficient. Note: 2 KO(s) flagged but within acceptable range."
M00970,"Proline degradation, proline => glutamate",0.143,0.138,K13821,"R00245,R01253,R13148",0.525,1,0.2,0.2,0.2341,0.085388,0.63375,0.0,0.946,0.2341,0.2341,-1.368,"K13821: outcompeted at locus; below KOfam threshold by 537.5 (score=129.4, threshold=666.9, ratio=0.19)",2,1,"Likely absent: confidence=0.143, posterior mean=0.234 below threshold=0.63. Credible interval [0.00, 0.95] mostly below threshold. Some genomic evidence exists but is insufficient. Note: 2 KO(s) flagged but within acceptable range."
M00972,Proline metabolism,0.134,0.124,"K00286,K00318,K00819","R00667,R01248,R01251,R01253",0.08,3,1.08,1.1,0.345,0.052554,0.63375,0.0188,0.8337,0.001,0.7688,-1.259,"K00819: outcompeted at locus; below KOfam threshold by 121.9 (score=362.2, threshold=484.1, ratio=0.75)",2,0,"Likely absent: confidence=0.134, posterior mean=0.345 below threshold=0.63. Credible interval [0.02, 0.83] mostly below threshold. Some genomic evidence exists but is insufficient. Note: 2 KO(s) flagged but within acceptable range."
M00973,"Anammox, nitrite + ammonia => nitrogen",0.004,0.004,"K00368,K20932,K20933,K20934,K20935","R00783,R00785,R07174,R09799",0.5,3,0.02,0.0,0.0534,0.011749,0.63375,0.0,0.4002,0.0534,0.0534,-5.354,"K00368: outcompeted at locus; below KOfam threshold by 177.6 (score=14.0, threshold=191.6, ratio=0.07)",2,1,"Absent: confidence=0.004, posterior mean=0.053. Credible interval [0.00, 0.40] and HDI [0.05, 0.05] well below threshold=0.63. No meaningful genomic evidence. Note: 2 KO(s) flagged but within acceptable range."
M00975,"Betaine degradation, bacteria, betaine => pyruvate",0.295,0.295,"K00301,K00315,K00479,K00600,K01754,K21832","R00220,R00610,R00945,R01565,R13016",0.5,4,2.0,2.0,0.5005,0.046296,0.63375,0.1066,0.894,0.1071,0.8929,-0.619,"K00301: outcompeted at locus; below KOfam threshold by 356.3 (score=58.8, threshold=415.1, ratio=0.14) | K00315: outcompeted at locus; below KOfam threshold by 613.6 (score=175.1, threshold=788.7, ratio=0.22) | K00479: outcompeted at locus; below KOfam threshold by 511.6 (score=52.1, threshold=563.7, ratio=0.09) | K21832: outcompeted at locus; below KOfam threshold by 394.2 (score=71.2, threshold=465.4, ratio=0.15)",8,4,"Likely absent: confidence=0.295, posterior mean=0.501 below threshold=0.63. Credible interval [0.11, 0.89] mostly below threshold. Some genomic evidence exists but is insufficient. Note: 8 KO(s) flagged but within acceptable range."
M00978,Ornithine-ammonia cycle,0.865,0.865,"K00611,K01755,K01915,K01940,K01955,K01956,K27542","R00253,R00575,R01086,R01398,R01954,R13308",0.5,6,5.0,5.0,0.803,0.020812,0.63375,0.4538,0.9876,0.5215,0.999,1.173,K01915: outcompeted at locus,1,0,"Uncertain: confidence=0.865 with credible interval [0.45, 0.99] straddling threshold=0.63. Posterior mean=0.803, HDI [0.52, 1.00]. Module may be present but evidence is inconclusive. Note: 1 KO(s) flagged but within acceptable range."
