KO id	KO_count
K00001	37
K00002	95
K00003	389
K00004	115
K00005	3
K00006	0
K00007	0
K00008	218
K00009	15
K00010	762
K00011	94
K00012	1613
K00013	1348
K00014	1549
K00015	447
K00016	19
K00018	572
K00019	210
K00020	365
K00021	71
K00022	125
K00023	57
K00024	1562
K00025	0
K00026	3
K00027	1564
K00028	0
K00029	11
K00030	511
K00031	1129
K00032	2
K00033	879
K00034	1080
K00035	2
K00036	785
K00037	0
K00038	395
K00039	2
K00040	44
K00041	816
K00042	68
K00043	78
K00044	14
K00045	198
K00046	661
K00048	206
K00049	12
K00051	0
K00052	1243
K00053	1281
K00054	742
K00055	25
K00057	1614
K00058	1610
K00059	1615
K00060	36
K00061	1
K00062	0
K00063	0
K00064	285
K00065	514
K00066	35
K00067	1609
K00068	22
K00069	10
K00070	1
K00071	0
K00072	0
K00073	2
K00074	1036
K00075	1610
K00076	304
K00077	737
K00078	423
K00079	81
K00081	0
K00082	5
K00083	2
K00084	0
K00085	0
K00086	44
K00087	8
K00088	1613
K00089	0
K00090	4
K00091	1151
K00093	0
K00094	2
K00095	0
K00096	82
K00097	1581
K00098	5
K00099	888
K00100	31
K00101	28
K00102	12
K00103	78
K00104	250
K00105	1
K00106	15
K00107	1
K00108	121
K00109	2
K00111	878
K00112	119
K00113	141
K00114	34
K00115	1
K00116	701
K00117	190
K00118	822
K00119	0
K00120	0
K00121	85
K00122	2
K00123	300
K00124	141
K00125	31
K00126	2
K00127	21
K00128	37
K00129	1
K00130	195
K00131	653
K00132	0
K00133	1613
K00134	1615
K00135	299
K00137	2
K00138	651
K00139	2
K00140	115
K00141	7
K00142	101
K00143	0
K00145	1309
K00146	6
K00147	981
K00148	289
K00149	10
K00150	74
K00151	6
K00152	0
K00153	0
K00154	114
K00155	5
K00156	557
K00157	0
K00158	20
K00161	1073
K00162	1076
K00163	18
K00164	1081
K00166	8
K00167	9
K00169	8
K00170	8
K00171	4
K00172	21
K00174	620
K00175	587
K00176	492
K00177	501
K00179	338
K00180	338
K00181	0
K00182	0
K00184	77
K00185	1104
K00186	3
K00187	505
K00188	20
K00189	0
K00192	0
K00193	0
K00194	0
K00195	0
K00196	25
K00197	2
K00198	1
K00200	2
K00201	0
K00202	0
K00203	0
K00204	28
K00205	22
K00206	23
K00207	0
K00208	1194
K00209	480
K00211	99
K00212	0
K00213	0
K00214	0
K00215	1611
K00216	3
K00217	8
K00218	16
K00219	72
K00220	10
K00221	10
K00222	0
K00223	0
K00224	2
K00225	0
K00226	363
K00227	397
K00228	834
K00230	148
K00231	554
K00232	221
K00233	2
K00234	6
K00235	6
K00236	1
K00237	0
K00239	1606
K00240	1603
K00241	1611
K00242	22
K00243	1380
K00244	3
K00245	3
K00246	3
K00247	3
K00248	1063
K00249	50
K00251	0
K00252	1009
K00253	12
K00254	1145
K00255	87
K00257	0
K00258	0
K00259	1364
K00260	422
K00261	719
K00262	1265
K00263	599
K00264	673
K00265	1034
K00266	606
K00270	0
K00271	2
K00272	1
K00273	53
K00274	397
K00275	1259
K00276	10
K00277	2
K00278	1167
K00279	3
K00280	3
K00281	1380
K00282	137
K00283	137
K00284	4
K00285	505
K00286	1336
K00287	1608
K00288	1
K00289	6
K00290	279
K00293	0
K00294	1153
K00295	0
K00296	0
K00297	1456
K00298	20
K00299	17
K00300	0
K00301	116
K00302	137
K00303	1
K00304	1
K00305	1
K00306	2
K00307	3
K00308	0
K00309	0
K00310	4
K00311	8
K00312	0
K00313	15
K00314	0
K00315	23
K00316	51
K00317	0
K00318	1084
K00319	0
K00320	90
K00322	16
K00323	174
K00324	200
K00325	207
K00326	6
K00327	1
K00330	1186
K00331	1188
K00332	780
K00333	780
K00334	211
K00335	778
K00336	1241
K00337	1193
K00338	1177
K00339	1146
K00340	915
K00341	1234
K00342	1193
K00343	1192
K00344	799
K00345	0
K00346	860
K00347	860
K00348	858
K00349	855
K00350	859
K00351	865
K00354	380
K00355	587
K00357	1
K00359	296
K00360	0
K00361	0
K00362	363
K00363	363
K00364	307
K00365	26
K00366	12
K00367	352
K00368	326
K00370	11
K00371	11
K00372	140
K00373	11
K00374	14
K00375	613
K00376	348
K00378	7
K00380	736
K00381	203
K00382	1543
K00383	131
K00384	1610
K00385	63
K00386	128
K00387	6
K00389	365
K00390	1246
K00392	640
K00394	13
K00395	22
K00399	0
K00400	0
K00401	0
K00402	0
K00404	166
K00405	150
K00406	1103
K00407	436
K00408	0
K00410	3
K00411	6
K00412	13
K00413	4
K00414	5
K00415	0
K00416	0
K00417	0
K00418	0
K00419	0
K00420	0
K00421	1
K00422	8
K00423	320
K00424	3
K00425	1287
K00426	1268
K00427	17
K00428	1104
K00430	0
K00431	0
K00432	1268
K00433	889
K00434	0
K00435	0
K00436	6
K00437	30
K00440	0
K00441	290
K00442	0
K00443	8
K00444	0
K00445	0
K00446	24
K00448	24
K00449	404
K00450	50
K00451	964
K00452	537
K00453	691
K00454	0
K00455	0
K00456	49
K00457	968
K00458	0
K00459	748
K00460	0
K00461	2
K00462	0
K00463	2
K00464	17
K00465	2
K00466	22
K00467	21
K00468	1
K00469	258
K00471	63
K00472	123
K00473	0
K00474	1
K00475	0
K00476	3
K00477	635
K00478	0
K00479	3
K00480	108
K00481	32
K00483	0
K00484	0
K00485	109
K00486	536
K00487	0
K00488	0
K00489	0
K00490	0
K00491	2
K00492	1
K00493	0
K00494	12
K00495	0
K00496	135
K00497	0
K00498	0
K00499	73
K00500	678
K00501	0
K00502	0
K00503	1
K00504	5
K00505	103
K00506	0
K00507	14
K00508	845
K00509	0
K00510	0
K00511	4
K00512	0
K00513	0
K00514	3
K00515	6
K00516	7
K00517	0
K00518	8
K00520	113
K00521	18
K00522	2
K00523	54
K00524	0
K00525	1164
K00526	653
K00527	10
K00528	5
K00529	44
K00530	0
K00531	1
K00532	19
K00533	34
K00534	0
K00537	1177
K00540	0
K00541	0
K00542	3
K00543	3
K00544	0
K00545	141
K00546	8
K00547	79
K00548	1395
K00549	782
K00550	0
K00551	0
K00552	0
K00553	0
K00554	1615
K00555	0
K00556	1415
K00557	4
K00558	1017
K00559	15
K00560	1575
K00561	133
K00562	0
K00563	5
K00564	11
K00565	3
K00566	1378
K00567	1205
K00568	1206
K00569	10
K00570	161
K00571	431
K00572	0
K00573	1074
K00574	145
K00575	555
K00577	2
K00578	0
K00579	1
K00580	0
K00581	0
K00582	0
K00583	0
K00584	0
K00586	0
K00587	305
K00588	1558
K00589	0
K00590	103
K00591	36
K00592	0
K00594	80
K00595	237
K00596	6
K00597	0
K00598	624
K00599	0
K00600	1613
K00601	0
K00602	1613
K00603	185
K00604	1612
K00605	1516
K00606	1596
K00607	0
K00608	0
K00609	1580
K00610	497
K00611	83
K00612	209
K00613	59
K00614	0
K00615	1606
K00616	118
K00617	724
K00618	0
K00619	1009
K00620	60
K00621	5
K00622	1
K00623	0
K00624	0
K00625	14
K00626	1043
K00627	1235
K00628	0
K00629	67
K00630	1
K00631	80
K00632	1025
K00633	206
K00634	385
K00635	15
K00637	0
K00638	163
K00639	1490
K00640	1415
K00641	941
K00643	2
K00645	1615
K00646	13
K00647	662
K00648	1591
K00649	0
K00650	32
K00651	422
K00652	1421
K00653	0
K00654	0
K00655	1611
K00656	441
K00657	994
K00658	1095
K00659	31
K00660	0
K00661	1336
K00662	53
K00663	214
K00664	0
K00665	0
K00666	417
K00667	0
K00668	0
K00669	2
K00670	0
K00671	0
K00672	0
K00673	4
K00674	1109
K00675	153
K00677	1592
K00678	2
K00679	0
K00680	28
K00681	940
K00682	49
K00683	627
K00684	1074
K00685	1
K00686	3
K00687	0
K00688	51
K00689	0
K00690	10
K00691	685
K00692	2
K00693	69
K00694	94
K00695	0
K00696	54
K00697	25
K00698	1
K00699	5
K00700	1420
K00701	48
K00702	213
K00703	1611
K00704	3
K00705	882
K00706	0
K00709	0
K00710	18
K00712	381
K00713	7
K00714	0
K00715	0
K00716	0
K00717	105
K00718	297
K00719	0
K00720	0
K00721	1611
K00722	28
K00725	1
K00726	126
K00727	156
K00728	56
K00729	287
K00730	0
K00731	0
K00733	16
K00734	0
K00735	0
K00736	0
K00737	13
K00738	0
K00739	0
K00741	0
K00742	4
K00743	0
K00744	0
K00746	5
K00747	0
K00748	1593
K00749	0
K00750	7
K00752	280
K00753	1
K00754	1606
K00756	23
K00757	1477
K00758	5
K00759	1093
K00760	1320
K00761	1514
K00762	1394
K00763	1015
K00764	1612
K00765	1376
K00766	1311
K00767	1525
K00768	661
K00769	7
K00770	0
K00771	70
K00772	5
K00773	1610
K00774	0
K00775	0
K00776	1
K00777	0
K00778	0
K00779	0
K00780	0
K00781	3
K00782	1168
K00783	1508
K00784	1600
K00785	6
K00786	2
K00787	0
K00788	1269
K00789	1613
K00790	1610
K00791	1611
K00793	1606
K00794	1609
K00795	34
K00796	1610
K00797	537
K00798	1463
K00799	6
K00800	1596
K00801	32
K00802	2
K00803	10
K00804	0
K00805	0
K00806	1604
K00807	2
K00808	2
K00809	994
K00810	18
K00811	0
K00812	1562
K00813	18
K00814	0
K00815	0
K00816	0
K00817	1404
K00818	2
K00819	1044
K00820	1480
K00821	1483
K00822	4
K00823	10
K00824	302
K00825	2
K00826	1596
K00827	0
K00830	65
K00831	1608
K00832	4
K00833	1096
K00835	3
K00836	33
K00837	0
K00838	0
K00839	0
K00840	4
K00841	0
K00843	0
K00844	70
K00845	265
K00846	0
K00847	1139
K00848	315
K00849	1216
K00850	1581
K00851	262
K00852	614
K00853	696
K00854	937
K00855	24
K00856	126
K00857	1508
K00858	1615
K00859	1607
K00860	544
K00861	0
K00862	0
K00863	30
K00864	791
K00865	573
K00866	0
K00867	104
K00868	363
K00869	745
K00871	1
K00872	899
K00873	1569
K00874	1098
K00875	1
K00876	1526
K00877	1
K00878	257
K00879	478
K00880	5
K00881	0
K00882	33
K00883	74
K00884	335
K00885	1
K00886	256
K00887	1124
K00888	0
K00889	0
K00891	1323
K00892	3
K00893	0
K00894	0
K00895	463
K00897	34
K00898	0
K00899	109
K00900	0
K00901	9
K00902	10
K00903	811
K00904	0
K00905	0
K00906	50
K00907	0
K00908	0
K00909	0
K00910	0
K00911	0
K00912	1592
K00913	0
K00914	0
K00915	0
K00916	1
K00917	26
K00918	1
K00919	887
K00920	0
K00921	0
K00922	0
K00923	0
K00924	5
K00925	1045
K00926	47
K00927	1613
K00928	1010
K00929	383
K00930	1312
K00931	976
K00932	0
K00933	0
K00934	3
K00936	452
K00937	1359
K00938	7
K00939	1592
K00940	1320
K00941	1144
K00942	1610
K00943	191
K00944	20
K00945	1601
K00946	1608
K00947	0
K00948	1612
K00949	845
K00950	1433
K00951	14
K00952	13
K00953	1
K00954	1600
K00955	23
K00956	1190
K00957	1217
K00958	12
K00960	0
K00962	1615
K00963	25
K00965	537
K00966	125
K00967	0
K00968	0
K00969	1607
K00970	1582
K00971	1568
K00972	29
K00973	1610
K00974	46
K00975	683
K00976	0
K00977	0
K00978	251
K00979	1551
K00980	545
K00981	1615
K00982	6
K00983	432
K00984	13
K00985	0
K00986	1016
K00987	0
K00988	294
K00989	37
K00990	16
K00991	857
K00992	674
K00993	0
K00994	0
K00995	159
K00996	0
K00997	230
K00998	4
K00999	1
K01000	1614
K01001	0
K01002	52
K01003	5
K01004	20
K01005	22
K01006	559
K01007	771
K01008	164
K01009	199
K01011	688
K01012	1192
K01013	24
K01014	35
K01015	0
K01016	23
K01017	8
K01019	2
K01020	11
K01021	80
K01022	34
K01023	267
K01024	30
K01025	3
K01026	6
K01027	69
K01028	900
K01029	900
K01031	3
K01032	3
K01034	59
K01035	53
K01039	3
K01040	3
K01041	51
K01042	2
K01043	123
K01044	1
K01045	20
K01046	365
K01047	0
K01048	65
K01049	0
K01050	0
K01051	708
K01052	12
K01053	796
K01054	526
K01055	1189
K01056	1614
K01057	785
K01058	343
K01059	0
K01060	410
K01061	862
K01062	102
K01063	0
K01064	0
K01065	0
K01066	4
K01067	0
K01068	2
K01069	1581
K01070	6
K01071	0
K01073	914
K01074	0
K01075	81
K01076	88
K01077	1010
K01078	9
K01079	1051
K01080	1
K01081	6
K01082	483
K01083	538
K01084	0
K01085	72
K01086	3
K01087	43
K01089	1328
K01090	1
K01091	985
K01092	697
K01093	0
K01094	0
K01095	318
K01096	44
K01097	1
K01098	0
K01099	7
K01100	0
K01101	0
K01102	0
K01103	0
K01104	473
K01106	0
K01107	0
K01108	0
K01109	0
K01110	0
K01111	0
K01112	0
K01113	466
K01114	422
K01115	0
K01116	0
K01117	47
K01118	444
K01119	374
K01120	300
K01121	1
K01122	0
K01123	0
K01124	0
K01125	309
K01126	1354
K01127	51
K01128	6
K01129	1428
K01130	377
K01131	0
K01132	1
K01133	731
K01134	901
K01135	77
K01136	248
K01137	33
K01138	397
K01139	1614
K01141	5
K01142	1533
K01143	37
K01146	4
K01147	9
K01148	0
K01149	0
K01150	770
K01151	317
K01152	8
K01153	1213
K01154	1217
K01155	173
K01156	517
K01157	7
K01158	14
K01159	1614
K01160	71
K01161	0
K01163	395
K01164	0
K01165	12
K01166	5
K01167	256
K01168	0
K01169	0
K01170	0
K01171	0
K01172	0
K01173	1076
K01174	494
K01175	927
K01176	922
K01177	2
K01178	53
K01179	639
K01180	26
K01181	699
K01182	136
K01183	730
K01184	465
K01185	493
K01186	1015
K01187	1
K01188	0
K01189	0
K01190	1173
K01191	372
K01192	606
K01193	404
K01194	551
K01195	486
K01196	507
K01197	11
K01198	1036
K01199	81
K01200	424
K01201	894
K01202	34
K01203	0
K01204	41
K01205	489
K01206	1118
K01207	1402
K01208	1366
K01209	785
K01210	428
K01212	35
K01213	231
K01214	192
K01215	0
K01216	16
K01217	165
K01218	586
K01219	1014
K01220	2
K01222	3
K01223	24
K01224	428
K01225	0
K01226	33
K01227	79
K01228	458
K01229	1
K01230	6
K01231	0
K01232	0
K01233	24
K01235	610
K01236	822
K01237	0
K01238	0
K01239	137
K01240	71
K01241	578
K01242	9
K01243	880
K01244	9
K01245	8
K01246	1204
K01247	429
K01250	144
K01251	1213
K01252	17
K01253	0
K01254	244
K01255	572
K01256	1190
K01257	200
K01258	1513
K01259	544
K01260	2
K01261	0
K01262	266
K01264	0
K01265	1615
K01266	203
K01267	127
K01268	0
K01269	2
K01270	1298
K01271	551
K01273	919
K01274	1
K01275	5
K01276	14
K01277	854
K01278	1573
K01279	0
K01280	0
K01281	101
K01282	0
K01283	32
K01284	1418
K01285	116
K01286	1054
K01288	254
K01290	0
K01291	1
K01292	11
K01293	0
K01294	67
K01295	130
K01296	192
K01297	1277
K01298	40
K01299	73
K01300	5
K01301	159
K01302	943
K01303	849
K01304	21
K01305	72
K01306	6
K01307	0
K01308	15
K01309	0
K01310	0
K01311	0
K01312	25
K01313	0
K01314	0
K01315	0
K01316	40
K01317	0
K01318	388
K01319	0
K01320	2
K01321	0
K01322	1209
K01323	2
K01324	1
K01325	0
K01326	0
K01327	0
K01328	0
K01329	0
K01330	0
K01331	0
K01332	4
K01333	0
K01334	0
K01335	1
K01336	2
K01337	251
K01338	1611
K01339	0
K01340	0
K01341	8
K01342	415
K01343	0
K01344	0
K01345	0
K01346	3
K01347	13
K01348	0
K01349	0
K01350	1
K01351	0
K01352	0
K01353	0
K01354	994
K01355	9
K01356	1034
K01357	0
K01358	1610
K01359	0
K01360	2
K01361	166
K01362	2
K01363	2
K01364	419
K01365	17
K01366	6
K01367	0
K01368	1
K01369	39
K01370	0
K01371	113
K01372	1127
K01373	0
K01374	2
K01375	4
K01376	0
K01377	0
K01378	0
K01379	2
K01380	0
K01381	8
K01382	1
K01383	0
K01384	0
K01385	0
K01386	0
K01387	61
K01388	5
K01389	0
K01390	76
K01392	19
K01393	0
K01394	0
K01395	9
K01396	0
K01397	2
K01398	0
K01399	0
K01400	740
K01401	0
K01402	1
K01403	1
K01404	20
K01405	0
K01406	63
K01407	1
K01408	7
K01409	0
K01410	0
K01411	0
K01412	6
K01413	2
K01414	7
K01415	0
K01416	63
K01417	354
K01419	156
K01420	804
K01421	2
K01422	0
K01423	599
K01424	100
K01425	729
K01426	354
K01427	137
K01428	169
K01429	273
K01430	275
K01431	35
K01432	900
K01433	809
K01434	576
K01435	0
K01436	579
K01437	12
K01438	1282
K01439	15
K01440	1
K01441	2
K01442	543
K01443	859
K01444	769
K01446	46
K01447	677
K01448	1613
K01449	20
K01451	310
K01452	0
K01453	707
K01455	29
K01456	8
K01457	15
K01458	123
K01459	0
K01460	192
K01461	28
K01462	1613
K01463	1176
K01464	489
K01465	1556
K01466	55
K01467	711
K01468	1258
K01469	38
K01470	332
K01471	0
K01473	24
K01474	21
K01475	20
K01476	535
K01477	5
K01478	989
K01479	1052
K01480	811
K01481	0
K01482	17
K01483	4
K01484	3
K01485	325
K01486	609
K01487	28
K01488	255
K01489	1495
K01490	0
K01491	1610
K01492	0
K01493	1453
K01494	299
K01495	1611
K01496	56
K01497	245
K01498	5
K01499	0
K01500	200
K01501	181
K01502	0
K01505	1046
K01506	1
K01507	1144
K01509	0
K01510	0
K01511	0
K01512	284
K01513	476
K01514	0
K01515	239
K01516	0
K01517	87
K01518	119
K01519	1614
K01520	1301
K01521	0
K01522	3
K01523	47
K01524	1313
K01525	7
K01526	0
K01527	1
K01528	0
K01529	72
K01530	0
K01531	260
K01532	0
K01533	1275
K01534	1194
K01535	5
K01536	0
K01537	913
K01538	0
K01539	0
K01540	0
K01542	0
K01543	0
K01544	0
K01545	7
K01546	788
K01547	792
K01548	787
K01549	0
K01551	91
K01552	23
K01554	545
K01555	788
K01556	716
K01557	816
K01558	0
K01559	50
K01560	232
K01561	189
K01562	8
K01563	243
K01565	322
K01566	24
K01567	245
K01568	5
K01569	200
K01571	5
K01573	190
K01574	3
K01575	194
K01576	28
K01577	16
K01578	3
K01579	1578
K01580	241
K01581	7
K01582	2
K01583	0
K01584	35
K01585	488
K01586	1542
K01587	0
K01588	1528
K01589	1076
K01590	1
K01591	1387
K01592	0
K01593	412
K01595	892
K01596	36
K01597	745
K01598	0
K01599	1154
K01601	3
K01602	2
K01604	4
K01607	856
K01608	2
K01609	1321
K01610	1528
K01611	277
K01612	0
K01613	1614
K01615	0
K01616	20
K01617	8
K01618	0
K01619	1354
K01620	1312
K01621	81
K01622	0
K01623	191
K01624	1547
K01625	1126
K01626	28
K01627	1519
K01628	615
K01629	269
K01630	19
K01631	1
K01633	1594
K01634	5
K01635	5
K01636	0
K01637	440
K01638	456
K01639	470
K01640	1022
K01641	349
K01643	20
K01644	91
K01645	0
K01646	20
K01647	1352
K01648	0
K01649	1241
K01652	1285
K01653	1258
K01654	130
K01655	0
K01656	0
K01657	1362
K01658	1395
K01659	130
K01661	1260
K01662	1594
K01663	0
K01664	142
K01665	1416
K01666	109
K01667	415
K01668	57
K01669	979
K01670	0
K01671	0
K01672	0
K01673	1181
K01674	66
K01675	0
K01676	854
K01677	55
K01678	55
K01679	1091
K01681	277
K01682	520
K01683	11
K01684	152
K01685	895
K01686	925
K01687	1279
K01689	1602
K01690	2
K01691	1
K01692	1
K01693	49
K01694	0
K01695	1366
K01696	1391
K01697	1032
K01698	1141
K01699	0
K01702	1213
K01703	72
K01704	1227
K01705	0
K01706	28
K01707	12
K01708	11
K01709	207
K01710	1606
K01711	1071
K01712	1229
K01713	34
K01714	1612
K01715	1056
K01716	13
K01719	1477
K01720	131
K01721	18
K01723	0
K01724	504
K01725	11
K01726	1470
K01727	17
K01728	608
K01729	155
K01730	137
K01731	3
K01732	170
K01733	1215
K01734	785
K01735	1581
K01736	1611
K01737	1208
K01738	902
K01739	189
K01740	848
K01741	0
K01742	0
K01743	6
K01744	736
K01745	1344
K01746	0
K01749	1140
K01750	3
K01751	16
K01752	1502
K01753	10
K01754	913
K01755	1318
K01756	1613
K01757	0
K01758	980
K01759	918
K01760	71
K01761	785
K01762	8
K01763	0
K01764	0
K01765	1
K01766	1
K01767	29
K01768	414
K01769	186
K01770	269
K01771	297
K01772	1157
K01773	0
K01774	0
K01775	184
K01776	1563
K01777	51
K01778	1486
K01779	148
K01780	0
K01781	3
K01782	102
K01783	1612
K01784	1606
K01785	1308
K01787	554
K01788	19
K01790	1595
K01791	848
K01792	634
K01793	35
K01794	0
K01795	87
K01796	23
K01798	1553
K01799	47
K01800	4
K01801	5
K01802	0
K01803	1615
K01804	790
K01805	899
K01807	358
K01808	1527
K01809	1277
K01810	1579
K01811	798
K01812	1008
K01813	260
K01814	1374
K01815	934
K01816	470
K01817	1284
K01818	351
K01819	0
K01820	456
K01821	288
K01822	366
K01823	1167
K01824	0
K01825	4
K01826	193
K01827	0
K01828	0
K01829	1193
K01830	0
K01831	0
K01832	0
K01833	165
K01834	551
K01835	67
K01836	0
K01837	0
K01838	1061
K01839	58
K01840	1612
K01841	4
K01843	293
K01844	57
K01845	1142
K01846	42
K01847	1202
K01848	145
K01849	141
K01850	0
K01851	0
K01852	4
K01853	3
K01854	545
K01855	0
K01856	38
K01857	24
K01858	470
K01859	0
K01860	0
K01861	0
K01865	11
K01866	1613
K01867	1615
K01868	1615
K01869	1615
K01870	1615
K01872	1614
K01873	1615
K01874	1615
K01875	1614
K01876	1613
K01878	7
K01879	10
K01880	1608
K01881	37
K01883	1615
K01884	93
K01885	44
K01886	1540
K01887	1615
K01889	1615
K01890	1614
K01892	1614
K01893	1581
K01894	155
K01895	1047
K01896	402
K01897	1598
K01899	2
K01900	2
K01902	1251
K01903	1251
K01904	16
K01905	0
K01906	26
K01907	76
K01908	299
K01909	0
K01910	21
K01911	1260
K01912	1053
K01913	0
K01914	532
K01915	1561
K01916	750
K01917	0
K01918	1593
K01919	31
K01920	190
K01921	1612
K01922	0
K01923	1598
K01924	1607
K01925	1612
K01926	330
K01928	1610
K01929	1614
K01930	0
K01931	0
K01932	1
K01933	1596
K01934	1518
K01935	1093
K01937	1613
K01938	614
K01939	1612
K01940	1311
K01941	14
K01942	1
K01945	1612
K01946	0
K01947	0
K01948	6
K01949	9
K01950	895
K01951	1613
K01952	1450
K01953	1273
K01954	2
K01955	1190
K01956	1559
K01957	0
K01958	232
K01959	11
K01960	533
K01961	1218
K01962	1079
K01963	1079
K01964	0
K01965	57
K01966	1077
K01968	642
K01969	1077
K01970	5
K01971	514
K01972	1615
K01973	0
K01974	2
K01975	491
K01988	71
K01989	152
K01990	1601
K01991	1603
K01992	54
K01993	920
K01994	18
K01995	13
K01996	13
K01997	18
K01998	13
K01999	857
K02000	237
K02001	236
K02002	236
K02003	1523
K02004	547
K02005	1515
K02006	42
K02007	34
K02008	23
K02009	8
K02010	999
K02011	95
K02012	106
K02013	174
K02014	1553
K02015	55
K02016	66
K02017	234
K02018	237
K02019	303
K02020	303
K02021	1
K02022	464
K02024	100
K02025	24
K02026	24
K02027	157
K02028	53
K02029	36
K02030	53
K02031	44
K02032	48
K02033	450
K02034	454
K02035	122
K02036	478
K02037	480
K02038	456
K02039	374
K02040	1162
K02041	10
K02042	8
K02043	3
K02044	33
K02045	27
K02046	16
K02047	17
K02048	2
K02049	158
K02050	57
K02051	470
K02052	78
K02053	39
K02054	33
K02055	6
K02056	9
K02057	0
K02058	4
K02062	3
K02063	3
K02064	4
K02065	1609
K02066	1608
K02067	1607
K02068	258
K02069	245
K02071	334
K02072	329
K02073	340
K02074	10
K02075	3
K02076	1
K02077	2
K02078	1607
K02079	88
K02080	115
K02081	665
K02082	64
K02083	33
K02084	52
K02085	0
K02086	8
K02087	0
K02088	0
K02089	0
K02090	0
K02091	0
K02092	0
K02093	0
K02094	0
K02095	0
K02096	0
K02097	0
K02098	0
K02099	1396
K02100	711
K02101	0
K02103	697
K02104	0
K02105	0
K02106	100
K02107	0
K02108	1511
K02109	1508
K02110	1441
K02111	1518
K02112	28
K02113	1500
K02114	1492
K02115	1513
K02116	13
K02117	344
K02118	344
K02119	63
K02120	344
K02121	345
K02122	0
K02123	344
K02124	344
K02125	0
K02126	4
K02127	0
K02128	3
K02129	0
K02130	0
K02131	0
K02132	2
K02133	1513
K02134	0
K02135	0
K02136	0
K02137	5
K02138	0
K02139	0
K02140	0
K02141	0
K02142	0
K02143	0
K02144	0
K02145	0
K02146	0
K02147	0
K02148	0
K02149	0
K02150	0
K02151	0
K02152	0
K02153	0
K02154	0
K02155	0
K02156	67
K02157	0
K02158	0
K02159	0
K02160	1078
K02161	0
K02162	0
K02163	0
K02164	77
K02165	0
K02166	0
K02167	156
K02168	307
K02169	476
K02170	756
K02171	1412
K02172	1393
K02173	1
K02174	0
K02175	0
K02176	0
K02177	0
K02178	0
K02179	0
K02180	0
K02181	0
K02182	4
K02183	3
K02184	0
K02185	0
K02186	0
K02187	0
K02188	236
K02189	107
K02190	183
K02191	42
K02192	59
K02193	322
K02194	368
K02195	644
K02196	6
K02197	363
K02198	444
K02199	1613
K02200	3
K02201	0
K02202	0
K02203	30
K02204	307
K02205	0
K02206	0
K02207	0
K02208	0
K02209	0
K02210	0
K02211	0
K02212	0
K02213	0
K02214	0
K02215	0
K02216	0
K02217	1330
K02218	0
K02219	0
K02220	0
K02221	7
K02222	0
K02223	0
K02224	290
K02225	3
K02226	694
K02227	343
K02228	3
K02229	4
K02230	314
K02231	551
K02232	349
K02233	662
K02234	643
K02235	0
K02236	67
K02237	1412
K02238	1610
K02239	0
K02240	0
K02241	2
K02242	1605
K02243	1
K02244	0
K02245	0
K02246	17
K02247	0
K02248	35
K02249	0
K02250	0
K02251	0
K02252	0
K02253	0
K02254	0
K02255	0
K02256	7
K02257	832
K02258	6
K02259	820
K02260	0
K02261	3
K02262	4
K02263	0
K02264	0
K02265	0
K02266	0
K02267	0
K02268	0
K02269	0
K02270	0
K02271	0
K02272	1
K02273	0
K02274	830
K02275	830
K02276	830
K02277	819
K02278	7
K02279	5
K02280	66
K02281	3
K02282	12
K02283	5
K02284	0
K02285	0
K02286	2
K02287	0
K02288	39
K02289	0
K02290	0
K02291	919
K02292	112
K02293	21
K02294	147
K02295	2
K02296	0
K02297	10
K02298	8
K02299	8
K02300	8
K02302	17
K02303	817
K02304	0
K02305	179
K02306	0
K02307	0
K02308	0
K02309	0
K02310	0
K02311	0
K02313	1614
K02314	1615
K02315	784
K02316	1615
K02317	1
K02318	0
K02319	16
K02320	0
K02321	0
K02322	0
K02323	1
K02324	0
K02325	0
K02326	0
K02327	0
K02328	0
K02329	0
K02330	4
K02331	0
K02332	0
K02333	0
K02334	6
K02335	1615
K02336	4
K02337	1615
K02338	1614
K02339	6
K02340	1613
K02341	1614
K02342	1612
K02343	1615
K02344	4
K02345	3
K02346	1451
K02347	349
K02348	1079
K02349	13
K02350	0
K02351	14
K02352	11
K02353	0
K02354	0
K02355	1615
K02356	1611
K02357	1613
K02358	1612
K02359	0
K02360	0
K02361	1236
K02362	55
K02363	1
K02364	159
K02365	31
K02366	20
K02367	19
K02368	0
K02369	2
K02370	6
K02371	1199
K02372	920
K02373	0
K02374	0
K02375	0
K02376	0
K02377	1046
K02379	326
K02380	1
K02381	0
K02382	0
K02383	11
K02384	0
K02385	1
K02386	20
K02387	20
K02388	20
K02389	101
K02390	20
K02391	20
K02392	19
K02393	20
K02394	20
K02395	1399
K02396	21
K02397	20
K02398	8
K02399	17
K02400	20
K02401	20
K02402	1
K02403	1
K02404	21
K02405	27
K02406	21
K02407	19
K02408	20
K02409	20
K02410	22
K02411	20
K02412	20
K02413	20
K02414	8
K02415	28
K02416	20
K02417	20
K02418	19
K02419	20
K02420	20
K02421	20
K02422	18
K02423	10
K02424	63
K02425	0
K02426	1490
K02427	6
K02429	1481
K02430	0
K02431	26
K02432	0
K02433	405
K02434	366
K02435	436
K02436	0
K02437	1525
K02438	3
K02439	612
K02440	671
K02441	95
K02442	3
K02443	0
K02444	47
K02445	207
K02446	7
K02447	0
K02448	94
K02449	0
K02450	80
K02451	26
K02452	75
K02453	25
K02454	27
K02455	6
K02456	45
K02457	7
K02458	43
K02459	71
K02460	50
K02461	15
K02462	13
K02463	3
K02464	2
K02465	0
K02466	0
K02467	1
K02468	7
K02469	1615
K02470	1615
K02471	3
K02472	231
K02473	719
K02474	1246
K02475	12
K02476	4
K02477	1534
K02478	1459
K02479	1167
K02480	1189
K02481	1238
K02482	431
K02483	219
K02484	443
K02485	470
K02486	89
K02488	49
K02489	1
K02490	927
K02491	620
K02492	1140
K02493	1615
K02494	141
K02495	1615
K02496	79
K02497	1051
K02498	180
K02499	1541
K02500	1380
K02501	1377
K02502	6
K02503	1587
K02504	0
K02505	1
K02506	1
K02507	9
K02508	380
K02509	6
K02510	68
K02511	0
K02512	0
K02513	12
K02514	12
K02515	0
K02516	1
K02517	1590
K02518	1594
K02519	1615
K02520	1613
K02521	3
K02523	1593
K02524	0
K02525	256
K02526	0
K02527	1553
K02528	1613
K02529	681
K02530	3
K02531	0
K02532	0
K02533	10
K02535	36
K02536	1593
K02537	0
K02538	0
K02539	0
K02540	0
K02541	0
K02542	0
K02543	0
K02544	0
K02545	0
K02546	0
K02547	81
K02548	1456
K02549	1267
K02550	1
K02551	1271
K02552	24
K02553	24
K02554	11
K02555	0
K02556	26
K02557	1406
K02558	1050
K02560	3
K02561	0
K02562	26
K02563	1610
K02564	1198
K02565	706
K02566	218
K02567	55
K02568	53
K02569	3
K02570	5
K02571	2
K02572	23
K02573	273
K02574	1365
K02575	392
K02576	0
K02577	3
K02578	0
K02579	0
K02580	13
K02581	0
K02582	0
K02583	0
K02584	279
K02585	72
K02586	30
K02587	12
K02588	26
K02589	12
K02590	13
K02591	30
K02592	12
K02593	0
K02594	13
K02595	1
K02596	14
K02597	0
K02598	2
K02599	0
K02600	1615
K02601	1615
K02602	0
K02603	0
K02604	0
K02605	0
K02606	1
K02607	1
K02608	0
K02609	379
K02610	378
K02611	379
K02612	1490
K02613	1023
K02614	625
K02615	0
K02616	3
K02617	288
K02618	863
K02619	1222
K02620	0
K02621	1592
K02622	1591
K02623	1
K02624	8
K02625	2
K02626	62
K02627	0
K02628	0
K02629	0
K02630	0
K02631	1
K02632	11
K02633	0
K02634	0
K02635	7
K02636	588
K02637	0
K02638	303
K02639	11
K02640	0
K02641	13
K02642	0
K02643	0
K02646	0
K02647	3
K02649	0
K02650	39
K02651	5
K02652	242
K02653	248
K02654	36
K02655	196
K02656	1135
K02657	75
K02658	284
K02659	1
K02660	20
K02661	0
K02662	36
K02663	169
K02664	102
K02665	16
K02666	394
K02667	6
K02668	14
K02669	51
K02670	3
K02671	15
K02672	19
K02673	21
K02674	1
K02675	0
K02676	2
K02677	0
K02678	0
K02679	12
K02680	21
K02681	0
K02682	1
K02683	0
K02684	0
K02685	0
K02686	5
K02687	1604
K02688	9
K02689	0
K02690	0
K02691	5
K02692	0
K02693	0
K02694	0
K02695	0
K02696	0
K02697	0
K02698	1
K02699	0
K02700	0
K02701	0
K02702	0
K02703	0
K02704	0
K02705	0
K02706	0
K02707	0
K02708	0
K02709	0
K02710	0
K02711	0
K02712	0
K02713	0
K02714	0
K02715	0
K02716	0
K02717	0
K02718	0
K02719	3
K02720	1
K02721	0
K02722	0
K02723	0
K02724	0
K02725	0
K02726	0
K02727	0
K02728	0
K02729	0
K02730	0
K02731	0
K02732	0
K02733	0
K02734	0
K02735	0
K02736	0
K02737	0
K02738	0
K02739	0
K02740	0
K02741	0
K02742	1092
K02744	1
K02745	1
K02746	3
K02747	1
K02750	0
K02753	1
K02755	0
K02757	4
K02759	0
K02760	0
K02761	2
K02765	0
K02768	31
K02769	4
K02770	4
K02771	0
K02773	0
K02774	1
K02775	228
K02777	3
K02778	0
K02779	3
K02781	0
K02782	0
K02783	0
K02784	88
K02786	0
K02788	0
K02791	2
K02793	5
K02794	2
K02795	1
K02796	25
K02798	0
K02800	10
K02803	1
K02804	4
K02805	215
K02806	59
K02810	1
K02812	0
K02813	0
K02814	0
K02815	0
K02819	3
K02821	2
K02822	1
K02823	500
K02824	303
K02825	861
K02826	44
K02827	0
K02828	1
K02829	0
K02830	0
K02831	18
K02832	0
K02833	0
K02834	1604
K02835	1615
K02836	1615
K02837	1493
K02838	1612
K02839	515
K02840	20
K02841	12
K02842	0
K02843	1370
K02844	15
K02846	4
K02847	1140
K02848	90
K02849	472
K02850	0
K02851	1013
K02852	75
K02853	0
K02854	0
K02855	55
K02856	645
K02857	0
K02858	279
K02859	0
K02860	1613
K02861	0
K02862	2
K02863	1614
K02864	1615
K02865	0
K02866	2
K02867	1614
K02868	0
K02869	0
K02870	2
K02871	1606
K02872	1
K02873	0
K02874	1609
K02875	1
K02876	1612
K02877	2
K02878	1610
K02879	1610
K02880	0
K02881	1570
K02882	0
K02883	0
K02884	1607
K02885	0
K02886	1614
K02887	1614
K02888	1606
K02889	1
K02890	1611
K02891	1
K02892	1602
K02893	2
K02894	1
K02895	1595
K02896	0
K02897	1615
K02898	0
K02899	1568
K02900	2
K02901	0
K02902	1609
K02903	1
K02904	1548
K02905	0
K02906	1614
K02907	1480
K02908	0
K02909	1608
K02910	0
K02911	1434
K02912	1
K02913	1517
K02914	1163
K02915	1
K02916	1531
K02917	0
K02918	0
K02919	689
K02920	0
K02921	0
K02922	0
K02923	0
K02924	0
K02925	1
K02926	1610
K02927	18
K02928	0
K02929	0
K02930	1
K02931	1615
K02932	0
K02933	1615
K02934	0
K02935	1604
K02936	1
K02937	2
K02938	1
K02939	1614
K02940	0
K02941	1
K02942	0
K02943	2
K02944	0
K02945	1615
K02946	1604
K02947	0
K02948	1589
K02949	1
K02950	1604
K02951	1
K02952	1597
K02953	0
K02954	1586
K02955	1
K02956	1603
K02957	0
K02958	0
K02959	1612
K02960	1
K02961	1608
K02962	0
K02963	1609
K02964	2
K02965	1597
K02966	1
K02967	1614
K02968	1555
K02969	2
K02970	1511
K02971	0
K02972	0
K02973	3
K02974	0
K02975	1
K02976	1
K02977	0
K02978	0
K02979	0
K02980	0
K02981	1
K02982	1615
K02983	0
K02984	1
K02985	1
K02986	1615
K02987	3
K02988	1610
K02989	1
K02990	1614
K02991	1
K02992	1610
K02993	0
K02994	1608
K02995	2
K02996	1609
K02997	0
K02998	1
K02999	0
K03000	1
K03001	0
K03002	0
K03003	0
K03004	0
K03005	0
K03006	0
K03007	0
K03008	0
K03009	0
K03010	0
K03011	0
K03012	0
K03013	0
K03014	0
K03015	0
K03016	0
K03017	0
K03018	0
K03019	3
K03020	0
K03021	0
K03022	0
K03023	0
K03024	0
K03025	0
K03026	0
K03027	0
K03028	0
K03029	0
K03030	3
K03031	0
K03032	0
K03033	0
K03034	0
K03035	0
K03036	0
K03037	0
K03038	0
K03039	0
K03040	1615
K03041	0
K03042	0
K03043	1609
K03044	0
K03045	0
K03046	1615
K03047	0
K03048	0
K03049	0
K03051	0
K03052	0
K03053	0
K03054	0
K03055	0
K03056	0
K03057	6
K03058	0
K03059	30
K03060	64
K03061	0
K03062	0
K03063	1
K03064	0
K03065	0
K03066	6
K03068	29
K03069	0
K03070	1615
K03071	100
K03072	105
K03073	1506
K03074	31
K03075	1583
K03076	1615
K03077	694
K03078	0
K03079	742
K03083	0
K03084	0
K03085	0
K03086	1594
K03087	243
K03088	1609
K03089	27
K03090	7
K03091	194
K03092	1615
K03093	0
K03094	0
K03095	14
K03096	0
K03097	0
K03098	632
K03099	0
K03100	1615
K03101	1614
K03102	0
K03103	347
K03104	0
K03105	0
K03106	1615
K03107	0
K03108	27
K03109	0
K03110	1615
K03111	1610
K03112	47
K03113	1392
K03114	0
K03115	0
K03116	1434
K03117	208
K03118	1448
K03119	5
K03120	0
K03121	0
K03122	0
K03123	0
K03124	0
K03125	0
K03126	0
K03127	0
K03128	29
K03129	0
K03130	13
K03131	0
K03132	0
K03133	0
K03134	0
K03135	0
K03136	1
K03137	0
K03138	0
K03139	0
K03140	1
K03141	0
K03142	0
K03143	0
K03144	0
K03145	0
K03146	0
K03147	1053
K03148	44
K03149	973
K03150	1005
K03151	10
K03152	560
K03153	938
K03154	945
K03156	0
K03157	0
K03158	0
K03159	0
K03160	0
K03161	0
K03162	0
K03163	1
K03164	0
K03165	2
K03166	1
K03167	4
K03168	1585
K03169	1294
K03170	0
K03171	0
K03172	0
K03173	0
K03174	0
K03175	0
K03176	0
K03177	1606
K03178	0
K03179	258
K03181	7
K03182	240
K03183	1612
K03184	3
K03185	7
K03186	257
K03187	282
K03188	294
K03189	294
K03190	294
K03191	0
K03192	171
K03193	0
K03194	1
K03195	13
K03196	2
K03197	5
K03198	41
K03199	13
K03200	540
K03201	50
K03202	0
K03203	0
K03204	7
K03205	1105
K03206	297
K03207	10
K03208	899
K03209	0
K03210	1601
K03211	0
K03212	2
K03213	0
K03214	0
K03215	1608
K03216	395
K03217	1615
K03218	1509
K03219	104
K03220	2
K03221	1
K03222	3
K03223	2
K03224	3
K03225	2
K03226	2
K03227	2
K03228	2
K03229	3
K03230	2
K03231	6
K03232	0
K03233	1
K03234	0
K03235	0
K03236	0
K03237	0
K03238	0
K03239	0
K03240	41
K03241	283
K03242	0
K03243	4
K03245	0
K03246	0
K03247	0
K03248	0
K03249	0
K03250	0
K03251	0
K03252	0
K03253	0
K03254	0
K03255	9
K03256	0
K03257	4
K03258	0
K03259	0
K03260	0
K03261	0
K03262	0
K03263	0
K03264	0
K03265	0
K03267	0
K03268	0
K03269	1613
K03270	1542
K03271	330
K03272	63
K03273	338
K03274	125
K03275	0
K03276	145
K03277	0
K03278	0
K03279	241
K03280	0
K03281	1547
K03282	1541
K03283	6
K03284	1531
K03285	3
K03286	1609
K03287	63
K03288	3
K03289	70
K03290	0
K03291	1
K03292	740
K03293	6
K03294	1036
K03296	1371
K03297	386
K03298	1591
K03299	222
K03300	147
K03301	168
K03303	261
K03304	57
K03305	1577
K03306	1306
K03307	1556
K03308	560
K03309	698
K03310	641
K03311	285
K03312	81
K03313	1235
K03314	62
K03315	920
K03316	684
K03317	505
K03318	0
K03319	338
K03320	1162
K03321	1414
K03322	1202
K03323	0
K03324	633
K03325	912
K03326	80
K03327	1603
K03328	1605
K03329	60
K03330	2
K03331	8
K03332	822
K03333	215
K03334	136
K03335	748
K03336	30
K03337	31
K03338	30
K03339	4
K03340	488
K03341	0
K03342	249
K03343	130
K03344	0
K03345	0
K03346	0
K03347	0
K03348	0
K03349	0
K03350	171
K03351	0
K03352	2
K03353	173
K03354	170
K03355	27
K03356	0
K03357	0
K03358	0
K03359	0
K03360	0
K03361	6
K03362	1
K03363	0
K03364	0
K03365	60
K03366	904
K03367	188
K03368	0
K03369	0
K03370	0
K03371	0
K03372	0
K03373	0
K03374	0
K03375	0
K03376	0
K03377	0
K03378	0
K03379	4
K03380	6
K03381	50
K03382	0
K03383	1
K03385	379
K03386	1005
K03387	290
K03388	180
K03389	31
K03390	85
K03391	0
K03392	172
K03393	0
K03394	220
K03395	51
K03396	6
K03397	10
K03399	2
K03400	145
K03402	461
K03403	2
K03404	139
K03405	852
K03406	63
K03407	76
K03408	76
K03409	7
K03410	45
K03411	25
K03412	575
K03413	633
K03414	17
K03415	4
K03416	0
K03417	253
K03418	0
K03419	0
K03420	375
K03421	0
K03422	0
K03423	0
K03424	1614
K03425	3
K03426	551
K03427	1336
K03428	13
K03429	159
K03430	150
K03431	11
K03432	0
K03433	1
K03434	0
K03435	54
K03436	559
K03437	1612
K03438	1614
K03439	1601
K03440	0
K03441	0
K03442	1434
K03443	0
K03444	5
K03445	23
K03446	960
K03447	0
K03448	0
K03449	263
K03451	12
K03452	0
K03453	857
K03454	0
K03455	118
K03456	20
K03457	46
K03458	46
K03459	0
K03460	0
K03462	268
K03463	0
K03464	42
K03465	53
K03466	1613
K03468	415
K03469	1574
K03470	1608
K03471	3
K03472	12
K03473	367
K03474	1448
K03475	1
K03476	5
K03477	3
K03478	261
K03479	0
K03480	0
K03481	8
K03482	0
K03483	28
K03484	510
K03485	2
K03486	10
K03487	1
K03488	0
K03489	2
K03490	625
K03491	22
K03492	0
K03493	0
K03494	0
K03495	1615
K03496	1612
K03497	1595
K03498	1014
K03499	1053
K03500	1054
K03501	1612
K03502	768
K03503	598
K03504	0
K03505	0
K03506	0
K03507	2
K03508	0
K03509	0
K03510	0
K03511	0
K03512	0
K03513	0
K03514	0
K03515	0
K03516	0
K03517	1172
K03518	25
K03519	21
K03520	23
K03521	1226
K03522	1507
K03523	13
K03524	1609
K03525	1377
K03526	888
K03527	888
K03528	8
K03529	420
K03530	1604
K03531	1615
K03532	331
K03533	3
K03534	809
K03535	45
K03536	1585
K03537	0
K03538	0
K03539	0
K03540	0
K03541	0
K03542	0
K03543	936
K03544	1607
K03545	1615
K03546	954
K03547	824
K03548	1517
K03549	813
K03550	1615
K03551	1615
K03552	1
K03553	1612
K03554	7
K03555	1615
K03556	195
K03557	8
K03558	1116
K03559	1614
K03560	770
K03561	1610
K03562	52
K03563	4
K03564	1537
K03565	1576
K03566	6
K03567	334
K03568	371
K03569	1613
K03570	1610
K03571	206
K03572	1615
K03573	58
K03574	1139
K03575	1570
K03576	182
K03577	29
K03578	35
K03579	172
K03580	509
K03581	1014
K03582	74
K03583	72
K03584	1605
K03585	1467
K03586	181
K03587	1580
K03588	1610
K03589	1591
K03590	1615
K03591	128
K03592	368
K03593	1615
K03594	215
K03595	1583
K03596	1615
K03597	86
K03598	18
K03599	6
K03600	4
K03601	902
K03602	813
K03603	3
K03604	257
K03605	74
K03606	893
K03607	3
K03608	6
K03609	29
K03610	6
K03611	14
K03612	499
K03613	427
K03614	455
K03615	457
K03616	454
K03617	427
K03618	0
K03619	0
K03620	250
K03621	368
K03622	0
K03623	348
K03624	1615
K03625	1614
K03626	0
K03627	22
K03628	1615
K03629	1613
K03630	1578
K03631	1613
K03632	47
K03633	3
K03634	1496
K03635	655
K03636	236
K03637	673
K03638	13
K03639	613
K03640	1323
K03641	1464
K03642	971
K03643	399
K03644	1469
K03645	3
K03646	57
K03647	65
K03648	1592
K03649	534
K03650	1614
K03651	1211
K03652	425
K03653	21
K03654	1607
K03655	1615
K03656	163
K03657	1602
K03658	203
K03660	2
K03661	0
K03662	0
K03663	0
K03664	1595
K03665	1614
K03666	5
K03667	157
K03668	1235
K03669	1
K03670	1
K03671	1615
K03672	486
K03673	299
K03674	63
K03675	2
K03676	5
K03678	0
K03679	0
K03680	0
K03681	0
K03683	69
K03684	226
K03685	1592
K03686	1615
K03687	1600
K03688	376
K03689	0
K03690	4
K03691	14
K03692	30
K03693	0
K03694	110
K03695	1613
K03696	1606
K03697	23
K03698	26
K03699	1613
K03700	0
K03701	1615
K03702	1615
K03703	1615
K03704	1162
K03705	20
K03706	0
K03707	300
K03708	0
K03709	1100
K03710	72
K03711	1561
K03712	175
K03713	25
K03714	102
K03715	0
K03716	56
K03717	6
K03718	1554
K03719	1078
K03720	2
K03721	6
K03722	50
K03723	1615
K03724	660
K03725	7
K03726	302
K03727	1
K03728	0
K03729	0
K03730	0
K03731	1
K03732	10
K03733	1602
K03734	1453
K03735	116
K03736	113
K03737	582
K03738	2
K03739	2
K03740	35
K03741	1086
K03742	1239
K03743	715
K03744	1581
K03745	7
K03746	2
K03747	3
K03748	911
K03749	941
K03750	674
K03752	612
K03753	12
K03754	0
K03755	1
K03756	1
K03757	2
K03758	23
K03759	53
K03760	165
K03761	255
K03762	507
K03763	89
K03764	3
K03765	27
K03766	0
K03767	162
K03768	1538
K03769	631
K03770	1614
K03771	1615
K03772	1230
K03773	1116
K03774	10
K03775	1243
K03776	418
K03777	16
K03778	759
K03779	0
K03780	0
K03781	922
K03782	826
K03783	1395
K03784	359
K03785	30
K03786	1550
K03787	1584
K03788	19
K03789	1373
K03790	922
K03791	346
K03792	0
K03793	29
K03794	2
K03795	128
K03796	317
K03797	1613
K03798	195
K03799	543
K03800	355
K03801	1396
K03802	449
K03803	411
K03804	45
K03805	5
K03806	50
K03807	1
K03808	93
K03809	373
K03810	276
K03811	1459
K03812	2
K03813	2
K03814	1252
K03816	401
K03817	1498
K03818	405
K03819	155
K03820	700
K03821	13
K03822	0
K03823	59
K03824	434
K03825	169
K03826	240
K03827	664
K03828	1050
K03829	662
K03830	458
K03831	79
K03832	1609
K03833	7
K03834	15
K03835	9
K03836	0
K03837	4
K03838	0
K03839	681
K03840	22
K03841	1089
K03842	0
K03843	3
K03844	1
K03845	0
K03846	0
K03847	0
K03848	0
K03849	0
K03850	2
K03851	0
K03852	1
K03853	0
K03854	0
K03855	11
K03856	94
K03857	0
K03858	0
K03859	1
K03860	0
K03861	0
K03862	7
K03863	13
K03865	0
K03867	208
K03868	0
K03869	0
K03870	0
K03871	3
K03872	0
K03873	0
K03874	0
K03875	19
K03876	0
K03877	0
K03878	0
K03879	1
K03880	0
K03881	1
K03882	0
K03883	1
K03884	1
K03885	1325
K03886	9
K03887	1
K03888	21
K03889	38
K03890	0
K03891	0
K03892	1217
K03893	257
K03894	19
K03895	221
K03896	258
K03897	256
K03898	0
K03899	0
K03900	0
K03901	0
K03902	1
K03903	0
K03904	0
K03905	0
K03906	0
K03907	0
K03908	0
K03909	2
K03910	13
K03911	0
K03912	0
K03913	0
K03914	0
K03915	0
K03916	0
K03917	0
K03918	363
K03919	3
K03921	881
K03922	0
K03923	527
K03924	1597
K03925	1350
K03926	13
K03927	0
K03928	285
K03929	543
K03930	1165
K03931	777
K03932	1150
K03933	14
K03934	2
K03935	2
K03936	2
K03937	2
K03938	0
K03939	2
K03940	3
K03941	2
K03942	2
K03943	565
K03944	0
K03945	0
K03946	0
K03947	0
K03948	0
K03949	0
K03950	0
K03951	0
K03952	0
K03953	17
K03954	7
K03955	27
K03956	1
K03957	0
K03958	0
K03959	0
K03960	0
K03961	0
K03962	0
K03963	0
K03964	0
K03965	0
K03966	0
K03967	1
K03968	1
K03969	240
K03970	11
K03971	0
K03972	1548
K03973	1468
K03974	3
K03975	1346
K03976	418
K03977	1613
K03978	1608
K03979	1615
K03980	141
K03981	111
K03982	0
K03983	0
K03984	0
K03985	0
K03986	2
K03987	0
K03988	2
K03989	2
K03990	0
K03991	1
K03992	0
K03993	0
K03994	0
K03995	1
K03996	8
K03997	0
K03998	0
K03999	0
K04000	0
K04001	0
K04002	0
K04003	0
K04004	0
K04006	0
K04007	0
K04008	0
K04009	0
K04010	0
K04011	0
K04012	0
K04013	62
K04014	15
K04015	25
K04016	5
K04017	6
K04018	82
K04019	1
K04020	8
K04021	0
K04022	0
K04023	1
K04024	0
K04025	0
K04026	0
K04027	0
K04028	0
K04029	0
K04030	307
K04031	0
K04032	0
K04033	54
K04034	1287
K04035	2
K04036	1
K04037	2
K04038	2
K04039	2
K04040	24
K04041	384
K04042	11
K04043	1613
K04044	183
K04045	8
K04046	136
K04047	1324
K04048	0
K04049	1
K04050	1
K04051	1
K04052	1
K04053	1
K04054	1
K04055	0
K04056	2
K04057	1
K04058	2
K04059	1
K04060	10
K04061	4
K04062	261
K04063	935
K04064	12
K04065	506
K04066	1615
K04067	2
K04068	598
K04069	620
K04070	9
K04072	98
K04073	3
K04074	175
K04075	1544
K04076	4
K04077	1615
K04078	1601
K04079	1569
K04080	6
K04081	0
K04082	176
K04083	44
K04084	1603
K04085	324
K04086	1
K04087	777
K04088	461
K04090	2
K04091	6
K04092	41
K04093	12
K04094	33
K04095	1265
K04096	1606
K04097	2
K04098	4
K04099	0
K04100	0
K04101	0
K04102	3
K04103	67
K04104	0
K04105	2
K04107	0
K04108	2
K04109	2
K04110	4
K04112	3
K04113	0
K04114	2
K04115	6
K04116	0
K04117	0
K04118	3
K04119	0
K04120	0
K04121	0
K04122	0
K04123	0
K04124	0
K04125	274
K04126	0
K04127	151
K04128	7
K04129	0
K04130	0
K04131	0
K04132	0
K04133	0
K04134	0
K04135	2
K04136	0
K04137	0
K04138	0
K04139	0
K04140	0
K04141	0
K04142	1
K04143	0
K04144	0
K04145	0
K04146	0
K04147	0
K04148	0
K04149	0
K04150	1
K04151	0
K04152	0
K04153	0
K04157	0
K04160	0
K04161	0
K04162	0
K04163	0
K04165	0
K04166	0
K04167	0
K04168	0
K04169	0
K04170	0
K04171	0
K04172	0
K04173	0
K04174	0
K04175	0
K04176	0
K04177	0
K04178	0
K04179	0
K04180	0
K04181	0
K04182	0
K04183	0
K04184	0
K04185	0
K04186	0
K04187	0
K04188	0
K04189	0
K04190	0
K04191	0
K04192	0
K04193	0
K04194	0
K04195	0
K04197	0
K04198	0
K04199	1
K04200	0
K04201	0
K04202	0
K04203	0
K04204	0
K04205	0
K04206	0
K04207	0
K04208	0
K04209	0
K04210	0
K04211	0
K04212	0
K04213	1
K04214	0
K04215	0
K04216	0
K04217	0
K04218	0
K04219	0
K04220	0
K04221	0
K04222	0
K04223	0
K04224	0
K04226	0
K04227	0
K04228	0
K04229	0
K04230	0
K04231	1
K04232	0
K04233	0
K04234	0
K04235	0
K04236	0
K04237	0
K04238	0
K04239	0
K04240	0
K04241	0
K04242	0
K04243	0
K04244	0
K04245	0
K04246	0
K04247	25
K04248	4
K04249	14
K04250	0
K04251	0
K04252	0
K04253	0
K04254	0
K04255	0
K04256	0
K04257	0
K04258	0
K04259	0
K04260	0
K04261	0
K04262	0
K04263	0
K04264	0
K04265	0
K04266	0
K04267	0
K04268	0
K04269	0
K04270	0
K04271	0
K04272	0
K04273	0
K04274	0
K04275	0
K04276	0
K04277	0
K04278	0
K04279	0
K04280	0
K04281	0
K04282	0
K04283	0
K04284	0
K04285	0
K04286	0
K04287	3
K04288	0
K04289	0
K04290	0
K04291	0
K04292	0
K04293	0
K04294	0
K04295	0
K04296	0
K04297	0
K04298	0
K04299	0
K04300	0
K04301	0
K04302	0
K04303	0
K04304	0
K04305	0
K04306	36
K04307	54
K04308	1
K04309	1
K04310	0
K04311	0
K04312	0
K04313	0
K04314	0
K04315	0
K04316	2
K04317	0
K04318	0
K04319	0
K04320	0
K04321	0
K04322	0
K04323	0
K04324	0
K04325	0
K04326	0
K04328	0
K04332	0
K04333	2
K04334	128
K04335	314
K04336	94
K04337	313
K04338	329
K04339	0
K04340	16
K04341	0
K04342	191
K04343	7
K04344	0
K04345	2
K04346	0
K04347	0
K04348	1
K04349	0
K04350	0
K04351	0
K04352	0
K04353	0
K04354	0
K04355	0
K04356	0
K04357	1
K04358	0
K04359	0
K04360	0
K04361	42
K04362	1
K04363	0
K04364	0
K04365	0
K04366	0
K04367	5
K04368	5
K04369	0
K04370	0
K04371	0
K04372	0
K04373	0
K04374	0
K04375	0
K04376	0
K04377	0
K04378	0
K04379	0
K04380	0
K04381	0
K04382	0
K04383	0
K04384	0
K04385	0
K04386	0
K04387	0
K04388	0
K04389	0
K04390	0
K04391	0
K04392	0
K04393	0
K04394	0
K04395	0
K04396	0
K04397	2
K04398	0
K04399	0
K04400	0
K04401	0
K04402	0
K04403	0
K04404	0
K04405	0
K04406	0
K04407	0
K04408	0
K04409	0
K04410	1
K04411	0
K04412	0
K04413	0
K04414	0
K04415	0
K04416	0
K04417	0
K04418	0
K04419	0
K04420	0
K04421	0
K04422	0
K04423	0
K04424	1
K04425	0
K04426	8
K04427	1
K04428	0
K04429	0
K04430	0
K04431	0
K04432	0
K04433	0
K04434	0
K04435	0
K04436	0
K04437	34
K04438	0
K04439	0
K04440	0
K04441	0
K04442	0
K04443	0
K04444	0
K04445	5
K04446	0
K04447	1
K04448	0
K04449	0
K04450	0
K04451	0
K04452	1
K04453	0
K04454	0
K04455	0
K04456	0
K04457	0
K04458	0
K04459	1
K04460	4
K04461	0
K04462	0
K04463	0
K04464	0
K04465	0
K04466	0
K04467	0
K04468	0
K04469	1
K04477	145
K04478	15
K04479	0
K04480	0
K04482	0
K04483	20
K04484	123
K04485	1615
K04486	237
K04487	1098
K04488	282
K04489	0
K04490	0
K04491	0
K04492	0
K04493	0
K04494	0
K04495	0
K04496	0
K04497	0
K04498	0
K04499	0
K04500	0
K04501	0
K04502	0
K04503	0
K04504	0
K04505	0
K04506	0
K04507	0
K04508	12
K04510	0
K04511	0
K04512	0
K04513	0
K04514	0
K04515	8
K04516	1554
K04517	922
K04518	1375
K04519	0
K04520	0
K04521	0
K04522	0
K04523	0
K04524	16
K04525	7
K04526	0
K04527	1
K04528	0
K04529	0
K04530	0
K04531	0
K04532	0
K04533	0
K04534	0
K04535	0
K04536	2
K04537	0
K04538	0
K04539	0
K04540	0
K04541	0
K04542	0
K04543	0
K04544	0
K04545	0
K04546	0
K04547	0
K04548	0
K04549	0
K04550	5
K04551	16
K04552	0
K04553	0
K04554	0
K04555	0
K04556	0
K04557	0
K04558	0
K04559	5
K04560	0
K04561	362
K04562	23
K04563	0
K04564	1503
K04565	599
K04566	2
K04567	1612
K04568	33
K04569	3
K04570	0
K04571	0
K04572	0
K04573	0
K04574	0
K04575	74
K04576	0
K04577	0
K04578	0
K04579	0
K04580	0
K04581	0
K04582	0
K04583	0
K04584	0
K04585	0
K04586	0
K04587	0
K04588	0
K04589	0
K04590	0
K04591	0
K04592	0
K04593	1
K04594	0
K04595	0
K04596	0
K04597	0
K04598	0
K04599	1
K04600	2
K04601	0
K04602	0
K04603	0
K04604	0
K04605	0
K04606	0
K04607	0
K04608	0
K04609	0
K04610	0
K04611	0
K04612	0
K04613	0
K04614	1
K04615	0
K04617	0
K04618	215
K04619	0
K04620	0
K04621	0
K04622	0
K04623	0
K04624	0
K04625	0
K04626	0
K04627	0
K04628	123
K04629	0
K04630	0
K04631	0
K04632	0
K04633	0
K04634	0
K04635	0
K04636	0
K04637	0
K04638	0
K04639	0
K04640	0
K04641	24
K04642	4
K04643	138
K04644	0
K04645	0
K04646	0
K04647	0
K04648	1
K04649	1
K04650	0
K04651	148
K04652	160
K04653	73
K04654	75
K04655	158
K04656	79
K04657	59
K04658	0
K04659	165
K04660	3
K04661	0
K04662	2
K04663	0
K04664	0
K04665	0
K04666	0
K04667	0
K04668	0
K04669	1
K04670	0
K04671	0
K04672	0
K04673	0
K04674	0
K04675	0
K04676	0
K04677	0
K04678	0
K04679	0
K04680	0
K04681	0
K04682	0
K04683	0
K04684	0
K04685	0
K04686	0
K04687	0
K04688	0
K04690	0
K04691	125
K04692	0
K04693	0
K04694	0
K04695	0
K04696	0
K04697	0
K04698	0
K04699	0
K04701	0
K04702	0
K04703	0
K04704	0
K04705	0
K04706	0
K04707	0
K04708	33
K04709	0
K04710	0
K04711	34
K04712	83
K04713	0
K04714	74
K04715	0
K04716	7
K04717	9
K04718	0
K04719	393
K04720	394
K04721	0
K04722	0
K04723	0
K04724	0
K04725	0
K04726	0
K04727	0
K04728	0
K04729	7
K04730	0
K04731	0
K04732	0
K04733	0
K04734	0
K04735	0
K04736	0
K04737	0
K04738	5
K04739	0
K04740	0
K04741	0
K04742	0
K04743	0
K04744	1530
K04745	0
K04746	0
K04747	21
K04748	324
K04749	365
K04750	868
K04751	526
K04752	38
K04753	3
K04754	4
K04755	609
K04756	1000
K04757	314
K04758	1116
K04759	1584
K04760	211
K04761	1467
K04762	1433
K04763	1615
K04764	362
K04765	74
K04766	0
K04767	1141
K04768	64
K04769	0
K04770	14
K04771	823
K04772	1599
K04773	1481
K04774	16
K04775	11
K04778	0
K04780	95
K04781	2
K04782	51
K04783	0
K04784	11
K04785	0
K04786	14
K04787	0
K04788	0
K04789	1
K04790	0
K04791	1
K04792	6
K04793	0
K04794	16
K04795	0
K04796	0
K04797	0
K04798	0
K04799	0
K04800	10
K04801	2
K04802	0
K04803	1
K04804	0
K04805	0
K04806	0
K04807	0
K04808	3
K04809	0
K04810	1
K04811	0
K04812	0
K04813	0
K04814	0
K04815	0
K04816	0
K04817	0
K04818	0
K04819	0
K04824	0
K04825	0
K04826	0
K04827	0
K04828	0
K04829	0
K04830	0
K04831	0
K04832	0
K04833	0
K04834	5
K04835	34
K04836	0
K04837	0
K04838	0
K04839	0
K04840	0
K04841	0
K04842	0
K04843	0
K04845	0
K04846	0
K04847	0
K04848	0
K04849	0
K04850	0
K04851	0
K04852	0
K04853	0
K04854	0
K04855	0
K04856	0
K04857	0
K04858	0
K04859	0
K04860	0
K04861	1
K04862	0
K04863	0
K04864	0
K04865	0
K04866	0
K04867	0
K04868	0
K04869	0
K04870	0
K04871	0
K04872	0
K04873	0
K04874	6
K04875	263
K04876	0
K04877	0
K04878	2
K04879	1
K04880	0
K04881	0
K04882	0
K04883	80
K04884	0
K04885	0
K04886	0
K04887	61
K04888	0
K04889	0
K04890	0
K04891	1
K04892	181
K04893	0
K04894	0
K04895	0
K04896	0
K04897	0
K04898	0
K04899	0
K04900	0
K04901	0
K04902	0
K04903	0
K04904	0
K04905	0
K04906	0
K04907	1
K04908	0
K04909	0
K04910	0
K04911	0
K04912	0
K04913	0
K04914	0
K04915	0
K04916	0
K04917	0
K04918	0
K04919	0
K04920	0
K04921	0
K04922	0
K04923	0
K04924	0
K04925	0
K04926	0
K04927	1
K04928	0
K04929	0
K04930	13
K04931	0
K04932	0
K04933	0
K04934	0
K04935	0
K04936	2
K04937	0
K04938	0
K04939	0
K04940	38
K04941	0
K04942	0
K04943	0
K04944	4
K04945	1
K04946	0
K04947	0
K04948	0
K04949	0
K04950	3
K04951	0
K04952	0
K04953	0
K04954	0
K04955	0
K04956	0
K04957	0
K04958	0
K04959	0
K04960	0
K04961	0
K04962	65
K04963	0
K04964	0
K04965	0
K04966	2
K04967	0
K04968	2
K04969	0
K04970	0
K04971	0
K04972	0
K04973	0
K04974	0
K04975	0
K04976	0
K04977	1
K04978	0
K04979	0
K04980	0
K04981	0
K04982	0
K04983	0
K04984	204
K04985	1042
K04986	0
K04987	117
K04988	1
K04989	0
K04990	0
K04991	0
K04992	0
K04993	0
K04994	0
K04995	0
K04996	0
K04997	0
K04998	0
K04999	0
K05000	0
K05001	0
K05002	0
K05003	0
K05004	0
K05005	0
K05006	0
K05007	0
K05008	0
K05009	0
K05010	0
K05011	0
K05012	0
K05015	0
K05016	0
K05017	0
K05018	0
K05019	0
K05020	140
K05021	0
K05022	0
K05023	0
K05024	0
K05025	0
K05026	0
K05027	9
K05028	0
K05030	19
K05031	0
K05032	0
K05033	0
K05034	0
K05035	0
K05036	0
K05037	0
K05038	0
K05039	0
K05040	0
K05041	0
K05043	0
K05044	0
K05045	0
K05046	0
K05047	0
K05048	0
K05050	0
K05051	0
K05052	0
K05053	0
K05054	0
K05055	0
K05056	0
K05057	2
K05058	4
K05059	0
K05060	78
K05061	0
K05062	0
K05063	56
K05064	25
K05065	0
K05066	0
K05067	0
K05068	0
K05069	10
K05070	7
K05071	0
K05072	0
K05073	0
K05074	0
K05075	4
K05076	1
K05077	0
K05078	0
K05079	1
K05080	0
K05081	0
K05082	0
K05083	0
K05084	0
K05085	0
K05086	0
K05087	2
K05088	55
K05089	0
K05090	1
K05091	0
K05092	8
K05093	5
K05094	0
K05095	0
K05096	5
K05097	0
K05098	0
K05099	108
K05100	103
K05101	0
K05102	0
K05103	0
K05104	0
K05105	7
K05106	0
K05107	0
K05108	5
K05109	0
K05110	9
K05111	2
K05112	2
K05113	11
K05114	0
K05115	0
K05116	1
K05117	1
K05118	0
K05119	29
K05120	57
K05121	89
K05122	0
K05123	0
K05124	0
K05125	0
K05126	0
K05127	16
K05128	0
K05129	9
K05130	0
K05131	0
K05132	0
K05133	0
K05134	0
K05135	0
K05136	0
K05137	0
K05138	0
K05139	0
K05140	0
K05141	0
K05142	0
K05143	0
K05144	0
K05145	0
K05146	0
K05147	0
K05148	0
K05149	0
K05150	0
K05151	0
K05152	0
K05153	0
K05154	0
K05155	0
K05156	0
K05157	0
K05158	0
K05159	0
K05160	0
K05161	0
K05162	0
K05163	0
K05164	1
K05165	0
K05166	0
K05167	1
K05168	0
K05169	0
K05170	2
K05171	1
K05172	10
K05173	0
K05174	0
K05175	0
K05181	6
K05184	0
K05185	0
K05186	0
K05189	1
K05190	2
K05192	3
K05193	0
K05194	30
K05195	1
K05196	0
K05197	0
K05198	1
K05199	0
K05200	0
K05201	0
K05202	0
K05203	0
K05204	0
K05205	0
K05206	0
K05207	1
K05208	0
K05209	0
K05210	0
K05211	0
K05212	0
K05213	0
K05214	0
K05215	0
K05216	0
K05217	0
K05218	0
K05219	0
K05220	0
K05221	0
K05222	1
K05223	0
K05224	0
K05225	0
K05226	0
K05227	0
K05228	0
K05229	0
K05230	0
K05231	0
K05232	0
K05233	0
K05234	0
K05235	0
K05236	0
K05237	0
K05238	0
K05239	0
K05240	0
K05241	0
K05242	0
K05243	0
K05244	0
K05245	0
K05246	0
K05247	0
K05248	0
K05249	0
K05250	0
K05251	0
K05252	0
K05253	0
K05254	0
K05255	0
K05256	0
K05257	0
K05258	0
K05259	0
K05260	0
K05261	0
K05262	0
K05263	0
K05264	0
K05265	0
K05266	0
K05267	0
K05268	0
K05269	0
K05271	14
K05273	0
K05274	2
K05275	713
K05277	0
K05278	0
K05279	0
K05280	0
K05281	0
K05282	431
K05283	0
K05284	0
K05285	15
K05286	68
K05287	0
K05288	13
K05289	2
K05290	0
K05291	0
K05292	0
K05293	0
K05294	4
K05295	0
K05296	22
K05297	2
K05298	0
K05299	7
K05300	25
K05301	145
K05302	0
K05303	98
K05304	116
K05305	0
K05306	393
K05307	0
K05308	88
K05309	1
K05310	73
K05311	3
K05312	0
K05313	50
K05323	0
K05330	0
K05334	0
K05336	0
K05337	442
K05338	0
K05339	518
K05340	269
K05341	44
K05342	0
K05343	170
K05345	0
K05346	15
K05349	1253
K05350	445
K05351	0
K05352	0
K05353	0
K05354	0
K05355	0
K05356	0
K05357	14
K05358	34
K05359	0
K05360	102
K05361	15
K05362	0
K05363	606
K05364	44
K05365	8
K05366	1615
K05367	788
K05368	3
K05369	0
K05370	0
K05371	0
K05372	100
K05373	109
K05374	0
K05375	12
K05376	0
K05377	0
K05378	0
K05379	0
K05380	0
K05381	0
K05382	0
K05383	32
K05384	208
K05385	5
K05386	154
K05387	7
K05389	33
K05391	0
K05394	1
K05396	19
K05397	0
K05398	5
K05399	0
K05400	0
K05401	21
K05402	0
K05403	22
K05404	0
K05405	0
K05406	0
K05407	0
K05408	0
K05409	0
K05410	0
K05411	0
K05412	0
K05413	0
K05414	0
K05415	0
K05416	0
K05417	0
K05418	0
K05419	0
K05420	0
K05421	0
K05422	0
K05423	0
K05424	0
K05425	0
K05426	0
K05427	0
K05428	0
K05429	0
K05430	1
K05431	0
K05432	0
K05433	0
K05434	0
K05435	0
K05436	0
K05437	0
K05438	0
K05439	0
K05440	0
K05441	0
K05442	0
K05443	0
K05444	0
K05445	0
K05446	0
K05447	0
K05448	0
K05449	0
K05450	0
K05451	0
K05452	0
K05453	2
K05454	0
K05455	0
K05456	0
K05457	0
K05458	0
K05459	0
K05460	0
K05461	0
K05462	0
K05463	0
K05464	0
K05465	0
K05466	0
K05467	0
K05468	0
K05469	0
K05470	0
K05471	0
K05472	0
K05473	2
K05474	0
K05475	0
K05476	1
K05477	0
K05478	0
K05479	5
K05480	0
K05481	0
K05482	0
K05483	0
K05484	0
K05485	0
K05486	0
K05487	0
K05488	0
K05489	0
K05490	0
K05491	0
K05492	0
K05493	0
K05494	0
K05495	0
K05496	0
K05497	2
K05498	0
K05499	1251
K05500	0
K05501	24
K05502	11
K05503	0
K05504	0
K05505	0
K05506	0
K05507	0
K05508	0
K05509	0
K05510	0
K05511	0
K05512	0
K05513	0
K05514	0
K05515	1611
K05516	1257
K05517	8
K05518	122
K05519	1
K05520	789
K05521	503
K05522	292
K05523	58
K05524	1401
K05525	2
K05526	110
K05527	6
K05528	10
K05529	0
K05530	0
K05531	1
K05532	1
K05533	0
K05534	0
K05535	42
K05536	0
K05537	0
K05538	0
K05539	35
K05540	1614
K05541	8
K05542	0
K05543	0
K05544	0
K05545	0
K05546	488
K05547	0
K05548	18
K05549	12
K05550	14
K05551	0
K05552	0
K05553	26
K05554	13
K05555	414
K05556	6
K05557	9
K05558	2
K05559	10
K05560	1
K05561	1
K05562	1
K05563	2
K05564	1
K05565	147
K05566	137
K05567	149
K05568	150
K05569	150
K05570	149
K05571	147
K05572	0
K05573	0
K05574	0
K05575	0
K05576	270
K05577	57
K05578	186
K05579	0
K05580	38
K05581	0
K05582	0
K05583	0
K05584	0
K05585	0
K05586	24
K05587	9
K05588	3
K05589	52
K05590	4
K05591	1212
K05592	1585
K05593	248
K05594	12
K05595	1342
K05596	3
K05597	299
K05599	0
K05600	0
K05601	344
K05602	44
K05603	33
K05604	0
K05605	63
K05606	1314
K05607	0
K05609	0
K05610	0
K05611	0
K05612	1
K05613	12
K05614	381
K05615	0
K05616	0
K05617	5
K05618	0
K05619	0
K05620	0
K05621	0
K05622	0
K05623	0
K05624	0
K05625	0
K05626	0
K05627	0
K05628	0
K05629	0
K05630	0
K05631	9
K05632	1
K05633	0
K05634	0
K05635	33
K05636	63
K05637	32
K05638	0
K05639	0
K05640	0
K05641	0
K05642	0
K05643	3
K05644	0
K05645	0
K05646	0
K05647	0
K05648	0
K05649	0
K05650	0
K05651	1
K05652	0
K05653	0
K05654	0
K05655	9
K05656	0
K05657	139
K05658	8
K05659	0
K05660	0
K05661	3
K05662	0
K05664	0
K05665	0
K05666	0
K05667	0
K05668	0
K05669	0
K05670	0
K05671	0
K05672	0
K05673	1
K05674	0
K05675	0
K05676	0
K05677	0
K05678	0
K05679	1
K05680	0
K05681	2
K05682	0
K05683	2
K05684	0
K05685	1405
K05687	1
K05688	0
K05689	0
K05690	0
K05691	0
K05692	2
K05693	0
K05694	48
K05695	369
K05696	0
K05697	0
K05698	114
K05699	0
K05700	0
K05701	0
K05702	0
K05703	0
K05704	0
K05705	0
K05706	0
K05707	0
K05708	1
K05709	0
K05710	219
K05711	0
K05712	45
K05713	2
K05714	1095
K05715	0
K05716	9
K05717	6
K05718	1
K05719	0
K05720	0
K05721	0
K05722	0
K05723	0
K05724	0
K05725	0
K05726	0
K05727	0
K05728	0
K05729	0
K05730	0
K05731	0
K05732	0
K05733	0
K05734	0
K05735	0
K05736	0
K05737	0
K05738	0
K05739	0
K05740	4
K05741	0
K05742	0
K05743	0
K05744	0
K05745	0
K05746	0
K05747	0
K05748	1
K05749	0
K05750	0
K05751	0
K05752	0
K05753	0
K05754	0
K05755	0
K05756	0
K05757	0
K05758	0
K05759	0
K05760	0
K05761	0
K05762	0
K05763	0
K05764	0
K05765	0
K05766	0
K05767	0
K05768	0
K05769	0
K05770	656
K05771	0
K05772	5
K05773	5
K05774	16
K05775	2
K05776	855
K05777	32
K05778	3
K05779	3
K05780	8
K05781	8
K05782	4
K05783	12
K05784	36
K05785	896
K05786	394
K05787	231
K05788	321
K05789	22
K05790	1
K05791	304
K05792	38
K05793	3
K05794	947
K05795	320
K05796	2
K05797	7
K05798	2
K05799	584
K05800	723
K05801	930
K05802	830
K05803	156
K05804	1
K05805	6
K05806	0
K05807	1615
K05808	1419
K05809	316
K05810	489
K05811	437
K05812	50
K05813	4
K05814	3
K05815	3
K05816	0
K05817	2
K05818	15
K05819	2
K05820	21
K05821	0
K05822	6
K05823	3
K05824	1
K05825	484
K05826	44
K05827	21
K05828	0
K05829	12
K05830	0
K05831	6
K05832	46
K05833	46
K05834	408
K05835	850
K05836	3
K05837	1610
K05838	81
K05839	1
K05840	0
K05841	70
K05842	0
K05843	0
K05844	1117
K05845	34
K05846	294
K05847	310
K05848	0
K05849	218
K05850	2
K05851	4
K05852	0
K05853	0
K05854	0
K05855	0
K05856	0
K05857	0
K05858	0
K05859	0
K05860	0
K05861	0
K05862	0
K05863	0
K05864	2
K05865	0
K05866	0
K05867	0
K05868	0
K05869	0
K05870	0
K05871	0
K05872	0
K05873	282
K05874	68
K05875	22
K05876	1
K05877	0
K05878	54
K05879	54
K05880	1
K05881	2
K05882	420
K05884	305
K05886	4
K05887	0
K05888	73
K05889	41
K05894	0
K05895	61
K05896	317
K05897	73
K05898	99
K05901	366
K05906	4
K05907	4
K05908	277
K05909	0
K05910	13
K05913	178
K05914	0
K05915	0
K05916	247
K05917	0
K05918	2
K05919	101
K05921	5
K05922	1
K05925	16
K05926	0
K05927	1
K05928	17
K05929	32
K05931	0
K05933	0
K05934	2
K05936	238
K05937	640
K05939	62
K05940	0
K05941	0
K05942	0
K05946	310
K05947	11
K05948	0
K05951	0
K05952	136
K05953	0
K05954	0
K05955	0
K05956	0
K05957	0
K05960	0
K05961	3
K05964	16
K05966	0
K05967	830
K05969	0
K05970	1111
K05972	8
K05973	2
K05977	1
K05978	0
K05979	402
K05982	420
K05984	752
K05985	0
K05986	941
K05988	178
K05989	907
K05991	486
K05992	16
K05994	674
K05995	994
K05996	277
K05997	1
K05998	0
K05999	755
K06000	0
K06001	465
K06002	0
K06004	0
K06005	0
K06006	1230
K06007	0
K06008	0
K06009	0
K06011	1
K06012	0
K06013	317
K06015	322
K06016	57
K06018	0
K06019	198
K06020	1244
K06023	126
K06024	317
K06027	3
K06030	5
K06033	0
K06034	5
K06035	121
K06037	85
K06038	1
K06039	21
K06041	1526
K06042	109
K06044	168
K06045	101
K06046	1104
K06047	0
K06048	621
K06049	3
K06051	0
K06052	0
K06053	0
K06054	0
K06055	0
K06056	0
K06057	0
K06058	0
K06059	32
K06061	0
K06062	0
K06063	0
K06064	0
K06065	0
K06066	0
K06067	0
K06068	0
K06069	0
K06070	0
K06071	0
K06072	3
K06073	3
K06074	3
K06075	508
K06076	1606
K06077	75
K06078	88
K06079	929
K06080	1
K06081	0
K06082	0
K06083	1
K06084	0
K06085	0
K06086	0
K06087	0
K06088	0
K06089	1
K06090	0
K06091	0
K06092	0
K06093	0
K06094	0
K06095	1
K06096	1
K06097	0
K06098	0
K06099	0
K06100	0
K06101	0
K06102	3
K06103	0
K06104	0
K06105	0
K06106	0
K06107	0
K06108	0
K06109	0
K06110	2
K06111	0
K06112	0
K06113	866
K06114	0
K06115	0
K06116	2
K06117	61
K06118	7
K06119	0
K06120	0
K06121	0
K06122	0
K06123	834
K06124	0
K06125	2
K06126	0
K06127	2
K06128	13
K06129	5
K06130	5
K06131	1100
K06132	49
K06133	1567
K06134	1
K06135	0
K06136	132
K06137	147
K06138	242
K06139	5
K06140	529
K06141	2
K06142	1613
K06143	494
K06144	2
K06145	8
K06146	0
K06147	586
K06148	756
K06149	1221
K06151	8
K06152	29
K06153	1612
K06154	4
K06155	334
K06156	81
K06157	113
K06158	1609
K06159	1
K06160	111
K06161	1
K06162	175
K06163	8
K06164	8
K06165	8
K06166	8
K06167	1570
K06168	1615
K06169	972
K06170	0
K06171	0
K06172	0
K06173	1613
K06174	0
K06175	556
K06176	4
K06177	546
K06178	1612
K06179	374
K06180	1615
K06181	624
K06182	902
K06183	33
K06184	0
K06185	0
K06186	113
K06187	1611
K06188	834
K06189	17
K06190	52
K06191	101
K06192	10
K06193	1032
K06194	272
K06195	983
K06196	216
K06197	3
K06198	230
K06199	878
K06200	597
K06201	1179
K06202	4
K06203	241
K06204	1601
K06205	4
K06206	27
K06207	1612
K06208	0
K06209	0
K06210	0
K06211	818
K06212	21
K06213	1370
K06214	347
K06215	192
K06216	1
K06217	1609
K06218	175
K06219	24
K06221	705
K06222	25
K06223	524
K06224	40
K06225	0
K06226	0
K06227	0
K06228	2
K06229	174
K06230	0
K06231	4
K06232	0
K06233	7
K06234	1
K06235	0
K06236	3
K06237	21
K06238	10
K06240	73
K06241	1
K06243	2
K06244	0
K06245	3
K06246	2
K06247	0
K06248	7
K06249	29
K06250	1
K06251	0
K06252	365
K06253	0
K06254	1
K06255	5
K06256	1
K06257	0
K06258	0
K06259	2
K06260	3
K06261	0
K06262	0
K06263	0
K06264	0
K06265	36
K06266	0
K06267	42
K06268	0
K06269	0
K06270	3
K06271	0
K06272	0
K06273	0
K06274	0
K06275	0
K06276	0
K06277	0
K06278	0
K06279	0
K06281	21
K06282	51
K06283	0
K06284	1
K06285	0
K06286	2
K06287	1612
K06288	0
K06289	0
K06290	0
K06291	0
K06292	0
K06293	0
K06294	5
K06295	0
K06296	2
K06297	0
K06298	1
K06299	0
K06300	0
K06301	0
K06302	0
K06303	0
K06304	0
K06305	0
K06306	396
K06307	0
K06308	2
K06309	1
K06310	0
K06311	0
K06312	0
K06313	0
K06314	0
K06315	0
K06316	0
K06317	0
K06318	0
K06319	0
K06320	255
K06321	0
K06322	3
K06323	67
K06324	52
K06325	1
K06326	0
K06327	0
K06328	0
K06329	0
K06330	429
K06331	1
K06332	0
K06333	0
K06334	0
K06335	0
K06336	2
K06337	0
K06338	30
K06339	0
K06340	0
K06341	8
K06342	0
K06343	0
K06345	11
K06346	1
K06347	0
K06348	32
K06349	1
K06350	269
K06351	318
K06352	0
K06353	0
K06354	0
K06355	0
K06356	0
K06357	0
K06358	1
K06359	17
K06360	110
K06361	30
K06362	2
K06363	5
K06364	11
K06365	99
K06366	26
K06367	39
K06368	109
K06369	4
K06370	81
K06371	0
K06372	0
K06373	1126
K06374	1114
K06375	0
K06376	0
K06377	8
K06378	253
K06379	1
K06380	8
K06381	481
K06382	32
K06383	1
K06384	950
K06385	0
K06386	3
K06387	0
K06388	0
K06389	0
K06390	0
K06391	0
K06392	0
K06393	0
K06394	0
K06395	0
K06396	3
K06397	0
K06398	0
K06399	12
K06400	680
K06401	15
K06402	187
K06403	0
K06404	0
K06405	18
K06406	0
K06407	0
K06408	0
K06409	107
K06410	2
K06411	0
K06412	29
K06413	215
K06414	0
K06415	18
K06416	0
K06417	4
K06418	0
K06419	0
K06420	0
K06421	0
K06422	0
K06423	0
K06424	0
K06425	0
K06426	0
K06427	0
K06428	0
K06429	0
K06430	0
K06431	0
K06432	0
K06433	0
K06434	0
K06435	0
K06436	0
K06437	4
K06438	0
K06439	0
K06440	0
K06441	0
K06442	5
K06443	460
K06444	0
K06445	25
K06446	1
K06447	4
K06448	0
K06449	1
K06450	0
K06451	0
K06452	0
K06453	0
K06454	0
K06455	0
K06456	0
K06457	0
K06458	0
K06459	0
K06460	1
K06461	8
K06462	4
K06463	0
K06464	0
K06465	0
K06466	0
K06467	26
K06468	82
K06469	0
K06470	0
K06471	0
K06472	1
K06473	0
K06474	0
K06475	0
K06476	19
K06477	1
K06478	0
K06479	0
K06480	1
K06481	4
K06482	8
K06483	24
K06484	23
K06485	13
K06486	0
K06487	12
K06488	0
K06489	0
K06490	0
K06491	235
K06492	0
K06493	0
K06494	0
K06495	0
K06496	0
K06497	0
K06498	2
K06499	6
K06500	0
K06501	0
K06502	0
K06503	0
K06504	1
K06505	2
K06506	0
K06507	0
K06508	0
K06509	5
K06510	0
K06511	0
K06512	0
K06513	0
K06514	0
K06515	0
K06516	0
K06517	0
K06518	507
K06519	0
K06520	0
K06521	0
K06522	0
K06523	0
K06524	0
K06525	0
K06526	0
K06527	5
K06528	0
K06529	0
K06530	48
K06531	0
K06532	4
K06533	0
K06534	0
K06535	0
K06536	0
K06537	3
K06538	0
K06539	0
K06540	2
K06541	0
K06542	0
K06543	0
K06544	0
K06545	0
K06546	1
K06547	0
K06548	18
K06549	0
K06550	17
K06551	0
K06552	0
K06553	1
K06554	0
K06555	0
K06556	0
K06557	0
K06558	0
K06559	0
K06560	24
K06561	1
K06562	0
K06563	38
K06564	0
K06565	0
K06566	10
K06567	0
K06568	0
K06569	1
K06570	0
K06571	0
K06572	10
K06573	0
K06574	0
K06575	0
K06576	0
K06577	0
K06578	0
K06579	0
K06580	0
K06581	0
K06582	0
K06583	4
K06584	17
K06585	14
K06586	2
K06587	4
K06588	0
K06589	0
K06590	0
K06591	0
K06592	0
K06593	1
K06594	0
K06595	20
K06596	3
K06597	0
K06598	1
K06599	19
K06600	50
K06601	2
K06602	2
K06603	6
K06604	2
K06605	4
K06606	113
K06607	267
K06608	13
K06609	3
K06610	19
K06611	1
K06612	1
K06613	0
K06614	0
K06615	0
K06616	0
K06617	60
K06618	0
K06619	0
K06620	0
K06621	0
K06622	0
K06623	0
K06624	0
K06625	0
K06626	0
K06627	0
K06628	0
K06629	0
K06630	0
K06631	0
K06632	0
K06633	4
K06634	0
K06635	0
K06636	22
K06637	0
K06639	1
K06640	0
K06641	7
K06642	0
K06643	0
K06644	0
K06645	0
K06646	0
K06647	1
K06648	0
K06649	0
K06650	0
K06651	0
K06652	0
K06653	0
K06654	0
K06655	0
K06656	0
K06657	0
K06658	0
K06659	0
K06660	0
K06661	0
K06662	7
K06663	0
K06664	0
K06665	45
K06666	10
K06667	0
K06668	0
K06669	2
K06670	0
K06671	0
K06672	0
K06673	0
K06674	56
K06675	52
K06676	0
K06677	0
K06678	3
K06679	34
K06680	0
K06681	0
K06682	0
K06683	0
K06684	0
K06685	0
K06686	0
K06687	0
K06688	0
K06689	0
K06691	0
K06692	0
K06693	90
K06694	314
K06695	1
K06696	0
K06697	0
K06698	0
K06699	0
K06700	0
K06702	0
K06704	1
K06706	0
K06707	0
K06708	0
K06709	0
K06710	0
K06711	1
K06712	0
K06713	0
K06714	14
K06715	0
K06716	6
K06717	0
K06718	2
K06719	0
K06720	1
K06721	140
K06722	0
K06723	0
K06724	17
K06725	0
K06726	17
K06727	97
K06728	0
K06729	0
K06730	0
K06731	9
K06732	0
K06733	1
K06734	0
K06735	0
K06736	0
K06737	0
K06738	0
K06739	0
K06740	0
K06741	0
K06742	0
K06743	0
K06744	1
K06745	0
K06746	0
K06747	0
K06748	0
K06749	1
K06750	0
K06751	0
K06752	0
K06753	11
K06754	23
K06755	0
K06756	200
K06757	0
K06758	2
K06759	0
K06760	3
K06761	11
K06762	20
K06763	4
K06764	0
K06765	5
K06766	157
K06767	88
K06768	11
K06769	0
K06770	0
K06771	0
K06772	2
K06773	1
K06774	0
K06775	1
K06776	4
K06777	286
K06778	7
K06779	0
K06780	0
K06781	0
K06782	1
K06783	0
K06784	2
K06785	0
K06786	16
K06787	0
K06788	0
K06789	0
K06790	0
K06791	0
K06792	0
K06793	0
K06794	0
K06795	0
K06796	0
K06797	0
K06798	0
K06799	0
K06800	0
K06801	0
K06802	0
K06803	1
K06804	0
K06805	0
K06806	7
K06807	0
K06808	0
K06809	0
K06810	0
K06811	18
K06812	0
K06813	28
K06814	0
K06815	1
K06816	2
K06817	2
K06818	0
K06819	3
K06820	93
K06821	26
K06822	8
K06823	2
K06824	0
K06825	2
K06826	3
K06827	0
K06828	0
K06829	0
K06830	0
K06831	0
K06832	0
K06833	0
K06834	250
K06835	16
K06836	0
K06837	0
K06838	0
K06839	1
K06840	0
K06841	0
K06842	0
K06843	0
K06844	0
K06845	0
K06846	0
K06847	0
K06848	0
K06849	0
K06850	0
K06851	0
K06852	0
K06853	0
K06854	0
K06855	0
K06856	1
K06857	27
K06858	16
K06859	53
K06860	0
K06861	1614
K06862	0
K06863	0
K06864	30
K06865	0
K06866	3
K06867	845
K06868	0
K06869	0
K06870	0
K06871	873
K06872	1468
K06873	20
K06874	0
K06875	0
K06876	418
K06877	157
K06878	931
K06879	34
K06880	442
K06881	1609
K06882	987
K06883	84
K06884	47
K06885	1340
K06886	1017
K06887	1
K06888	752
K06889	1576
K06890	549
K06891	1157
K06892	0
K06893	888
K06894	1478
K06895	22
K06896	753
K06897	190
K06898	31
K06899	60
K06900	378
K06901	405
K06902	1045
K06903	478
K06904	271
K06905	170
K06906	6
K06907	632
K06908	7
K06909	331
K06910	221
K06911	1259
K06912	9
K06913	3
K06914	18
K06915	1024
K06916	18
K06917	179
K06918	5
K06919	17
K06920	550
K06921	718
K06922	19
K06923	3
K06924	36
K06925	1606
K06926	593
K06927	726
K06928	16
K06929	797
K06930	127
K06931	254
K06932	4
K06933	65
K06934	243
K06935	7
K06936	16
K06937	359
K06938	7
K06939	31
K06940	888
K06941	1610
K06942	0
K06943	0
K06944	1
K06945	2
K06946	32
K06947	7
K06948	0
K06949	1605
K06950	1509
K06951	104
K06952	14
K06953	628
K06954	68
K06956	348
K06957	4
K06958	611
K06959	1462
K06960	1
K06961	0
K06962	1
K06963	0
K06964	0
K06965	0
K06966	74
K06967	2
K06968	4
K06969	967
K06970	819
K06971	4
K06972	16
K06973	1353
K06974	240
K06975	1230
K06976	280
K06977	23
K06978	879
K06979	12
K06980	6
K06981	1
K06982	5
K06983	6
K06984	0
K06985	807
K06986	62
K06987	637
K06988	395
K06989	110
K06990	62
K06991	249
K06992	116
K06993	33
K06994	0
K06995	14
K06996	629
K06997	1612
K06998	657
K06999	1115
K07000	377
K07001	1580
K07002	325
K07003	1237
K07004	1397
K07005	672
K07006	217
K07007	1222
K07008	4
K07009	0
K07010	441
K07012	266
K07013	13
K07014	93
K07015	1
K07016	31
K07017	1078
K07018	65
K07019	483
K07020	43
K07022	13
K07023	457
K07024	44
K07025	955
K07026	12
K07027	1387
K07028	213
K07029	1389
K07030	3
K07031	164
K07032	645
K07033	3
K07034	93
K07035	41
K07037	973
K07038	410
K07039	152
K07040	1611
K07041	15
K07042	1604
K07043	70
K07044	1
K07045	315
K07046	498
K07047	816
K07048	76
K07049	1
K07050	370
K07051	216
K07052	1582
K07053	386
K07054	909
K07055	0
K07056	1613
K07057	23
K07058	1586
K07059	1610
K07060	31
K07061	40
K07062	108
K07063	460
K07064	117
K07065	125
K07066	194
K07067	0
K07068	5
K07069	87
K07070	11
K07071	1205
K07072	1
K07073	0
K07074	344
K07075	442
K07076	442
K07077	135
K07078	252
K07079	450
K07080	19
K07081	0
K07082	1613
K07083	0
K07084	6
K07085	773
K07086	150
K07087	1
K07089	310
K07090	1223
K07091	1615
K07092	370
K07093	447
K07094	0
K07095	1579
K07096	555
K07097	2
K07098	1583
K07099	94
K07100	115
K07101	116
K07102	673
K07103	0
K07104	235
K07105	0
K07106	1164
K07107	1542
K07108	5
K07109	51
K07110	97
K07111	41
K07112	939
K07113	17
K07114	1605
K07115	63
K07116	293
K07117	165
K07118	703
K07119	9
K07120	7
K07121	33
K07122	9
K07123	0
K07124	1165
K07125	1
K07126	591
K07127	222
K07128	48
K07129	11
K07130	678
K07131	101
K07132	102
K07133	931
K07134	0
K07135	2
K07136	4
K07137	1282
K07138	222
K07139	675
K07140	322
K07141	463
K07142	0
K07143	0
K07144	1
K07145	118
K07146	996
K07147	138
K07148	640
K07149	523
K07150	41
K07151	0
K07152	1068
K07153	4
K07154	838
K07155	463
K07156	8
K07157	235
K07158	3
K07159	0
K07160	319
K07161	156
K07162	2
K07163	1
K07164	1579
K07165	1329
K07166	273
K07167	131
K07168	601
K07169	2
K07171	267
K07172	162
K07173	349
K07175	450
K07176	2
K07177	188
K07178	4
K07179	0
K07180	18
K07181	44
K07182	652
K07183	3
K07184	706
K07186	4
K07187	0
K07188	0
K07189	7
K07190	0
K07191	0
K07192	436
K07193	0
K07194	0
K07195	0
K07196	0
K07197	0
K07198	0
K07199	277
K07200	0
K07201	0
K07202	0
K07203	0
K07204	0
K07205	0
K07206	0
K07207	0
K07208	0
K07209	0
K07210	0
K07211	0
K07213	866
K07214	347
K07215	451
K07216	16
K07217	172
K07218	805
K07219	3
K07220	779
K07221	1340
K07222	291
K07223	355
K07224	50
K07225	359
K07226	131
K07227	5
K07228	766
K07229	390
K07230	14
K07231	426
K07232	4
K07233	27
K07234	7
K07235	5
K07236	5
K07237	5
K07238	567
K07239	373
K07240	1025
K07241	22
K07242	0
K07243	25
K07244	0
K07245	155
K07246	22
K07248	63
K07249	9
K07250	50
K07251	64
K07252	48
K07253	5
K07254	0
K07255	225
K07256	2
K07257	139
K07258	12
K07259	1156
K07260	239
K07261	29
K07262	3
K07263	1612
K07264	754
K07265	48
K07266	10
K07267	100
K07268	0
K07269	3
K07270	166
K07271	368
K07272	34
K07273	1117
K07274	49
K07275	1142
K07276	0
K07277	1615
K07278	1133
K07279	268
K07280	79
K07281	74
K07282	597
K07283	441
K07284	2
K07285	3
K07286	8
K07287	4
K07288	2
K07289	1255
K07290	335
K07291	0
K07292	0
K07293	0
K07294	0
K07295	0
K07296	3
K07297	0
K07298	0
K07299	0
K07300	347
K07301	826
K07302	335
K07303	338
K07304	1070
K07305	1100
K07306	0
K07307	9
K07308	3
K07309	2
K07310	0
K07311	0
K07312	0
K07313	1002
K07314	1
K07315	322
K07316	442
K07317	1224
K07318	207
K07319	129
K07320	7
K07321	14
K07322	1102
K07323	52
K07324	0
K07325	1
K07326	142
K07327	7
K07328	0
K07329	7
K07330	1
K07331	6
K07332	0
K07333	8
K07334	383
K07335	50
K07336	49
K07337	259
K07338	300
K07339	233
K07340	237
K07341	454
K07342	0
K07343	197
K07344	108
K07345	2
K07346	287
K07347	51
K07348	0
K07349	1
K07350	0
K07351	0
K07352	0
K07353	0
K07354	0
K07355	0
K07356	1
K07357	2
K07358	3
K07359	0
K07360	0
K07361	0
K07362	0
K07363	0
K07364	0
K07365	0
K07366	0
K07367	0
K07368	0
K07369	415
K07370	0
K07371	0
K07372	0
K07373	0
K07374	0
K07375	0
K07376	0
K07377	0
K07378	0
K07379	0
K07380	4
K07381	0
K07382	0
K07384	0
K07385	0
K07386	1434
K07387	624
K07388	0
K07389	1
K07390	6
K07391	1602
K07392	134
K07393	5
K07394	533
K07395	110
K07396	867
K07397	1203
K07398	0
K07399	1090
K07400	132
K07401	194
K07402	481
K07403	516
K07404	1005
K07405	595
K07406	1
K07407	903
K07408	0
K07409	0
K07410	0
K07411	0
K07412	0
K07413	0
K07414	0
K07415	0
K07416	0
K07417	0
K07418	0
K07419	0
K07420	0
K07422	0
K07423	0
K07424	1
K07425	0
K07426	0
K07427	91
K07428	0
K07429	0
K07430	0
K07431	0
K07432	2
K07433	0
K07434	0
K07435	0
K07436	0
K07437	0
K07438	0
K07439	0
K07440	0
K07441	2
K07442	1
K07443	1303
K07444	31
K07445	61
K07446	8
K07447	1613
K07448	734
K07449	29
K07450	961
K07451	490
K07452	682
K07453	148
K07454	373
K07455	118
K07456	1607
K07457	16
K07458	533
K07459	1363
K07460	1591
K07461	921
K07462	1608
K07463	4
K07464	218
K07465	26
K07466	0
K07467	7
K07468	5
K07469	1
K07470	9
K07471	0
K07472	0
K07473	47
K07474	90
K07475	5
K07476	0
K07477	0
K07478	1611
K07479	80
K07480	189
K07481	541
K07482	330
K07483	939
K07484	271
K07485	611
K07486	767
K07487	611
K07488	556
K07489	373
K07490	1
K07491	1025
K07492	388
K07493	558
K07494	179
K07495	626
K07496	168
K07497	1082
K07498	68
K07499	186
K07500	2
K07501	986
K07502	3
K07503	363
K07504	1340
K07505	336
K07506	555
K07507	952
K07508	2
K07509	27
K07511	61
K07512	26
K07513	4
K07514	2
K07515	6
K07516	1019
K07517	1
K07518	0
K07520	0
K07521	0
K07522	0
K07523	5
K07524	0
K07525	0
K07526	0
K07527	0
K07528	7
K07529	1
K07530	0
K07531	0
K07532	0
K07533	92
K07534	0
K07535	203
K07536	0
K07537	0
K07538	0
K07539	0
K07540	0
K07541	0
K07542	14
K07543	0
K07544	2
K07545	2
K07546	3
K07547	0
K07548	2
K07549	0
K07550	5
K07552	900
K07553	6
K07554	5
K07555	0
K07556	2
K07557	0
K07558	17
K07559	394
K07560	1592
K07561	0
K07562	0
K07565	0
K07566	1615
K07568	1615
K07569	0
K07570	25
K07571	17
K07572	0
K07573	0
K07574	14
K07575	0
K07576	560
K07577	621
K07578	7
K07579	24
K07580	4
K07581	0
K07583	0
K07584	0
K07585	0
K07586	0
K07587	0
K07588	1288
K07589	19
K07590	0
K07591	0
K07592	0
K07593	1
K07594	0
K07595	0
K07596	0
K07597	0
K07598	0
K07599	0
K07600	0
K07601	1
K07602	0
K07603	1
K07604	1
K07605	1
K07606	0
K07607	0
K07608	0
K07609	0
K07610	0
K07611	4
K07612	0
K07613	0
K07614	0
K07615	0
K07616	0
K07617	0
K07618	0
K07619	0
K07620	0
K07621	0
K07622	0
K07623	0
K07624	0
K07625	0
K07626	0
K07627	0
K07628	0
K07630	0
K07631	0
K07632	0
K07633	0
K07634	0
K07635	2
K07636	1607
K07637	7
K07638	8
K07639	17
K07640	7
K07641	7
K07642	2
K07643	0
K07644	783
K07645	404
K07646	889
K07647	37
K07648	921
K07649	19
K07650	1
K07651	37
K07652	1108
K07653	2
K07654	1
K07655	1
K07656	0
K07657	193
K07658	1505
K07659	33
K07660	20
K07661	4
K07662	63
K07663	10
K07664	1
K07665	761
K07666	13
K07667	108
K07668	260
K07669	357
K07670	6
K07671	1
K07672	1480
K07673	34
K07674	6
K07675	53
K07676	1
K07677	8
K07678	573
K07679	1032
K07680	74
K07681	4
K07682	44
K07683	372
K07684	264
K07685	30
K07686	307
K07687	705
K07688	452
K07689	837
K07690	12
K07691	19
K07692	306
K07693	2
K07694	42
K07695	11
K07696	1422
K07697	25
K07698	122
K07699	2
K07700	5
K07701	4
K07702	9
K07703	1
K07704	10
K07705	103
K07706	26
K07707	30
K07708	21
K07709	290
K07710	670
K07711	23
K07712	11
K07713	1507
K07714	393
K07715	1
K07716	35
K07717	3
K07718	287
K07719	0
K07720	1398
K07721	5
K07722	44
K07723	34
K07724	0
K07725	255
K07726	249
K07727	1063
K07728	54
K07729	1410
K07730	19
K07731	7
K07732	6
K07733	418
K07734	618
K07735	1278
K07736	2
K07738	51
K07739	0
K07740	4
K07741	207
K07742	9
K07743	9
K07744	26
K07745	13
K07746	421
K07747	0
K07748	11
K07749	22
K07750	0
K07751	3
K07752	466
K07753	9
K07754	0
K07755	965
K07756	0
K07757	0
K07758	0
K07759	1
K07760	0
K07761	5
K07762	753
K07763	78
K07764	0
K07765	0
K07766	10
K07767	5
K07768	12
K07769	0
K07770	179
K07771	567
K07772	6
K07773	6
K07774	62
K07775	14
K07776	17
K07777	298
K07778	8
K07779	8
K07780	0
K07781	0
K07782	28
K07783	161
K07784	3
K07785	53
K07786	400
K07787	565
K07788	3
K07789	4
K07790	91
K07791	352
K07792	68
K07793	6
K07794	22
K07795	6
K07796	1
K07797	1
K07798	735
K07799	6
K07800	0
K07801	0
K07802	0
K07803	34
K07804	73
K07805	0
K07806	0
K07807	0
K07808	8
K07809	27
K07810	20
K07811	3
K07812	3
K07813	1
K07814	51
K07816	179
K07817	0
K07818	46
K07819	0
K07820	0
K07821	3
K07822	6
K07823	421
K07824	0
K07825	0
K07826	0
K07827	0
K07828	0
K07829	0
K07830	0
K07831	0
K07832	0
K07833	0
K07834	0
K07835	0
K07836	0
K07837	0
K07838	0
K07839	0
K07840	0
K07841	0
K07842	0
K07843	0
K07844	1
K07845	0
K07846	0
K07847	0
K07848	0
K07849	0
K07850	0
K07851	0
K07852	0
K07853	0
K07854	0
K07855	0
K07856	0
K07857	0
K07858	0
K07859	0
K07860	0
K07861	0
K07862	59
K07863	1
K07864	0
K07865	0
K07866	0
K07868	0
K07869	0
K07870	0
K07871	0
K07872	0
K07873	0
K07874	2
K07875	0
K07876	1
K07877	0
K07878	0
K07879	0
K07880	0
K07881	10
K07882	0
K07883	0
K07884	0
K07885	0
K07886	0
K07887	0
K07888	0
K07889	5
K07890	0
K07891	0
K07893	1
K07894	0
K07895	0
K07896	0
K07897	0
K07898	2
K07899	0
K07900	0
K07901	1
K07902	0
K07903	0
K07904	0
K07905	0
K07906	0
K07907	0
K07908	0
K07909	0
K07910	1
K07911	0
K07912	0
K07913	0
K07914	0
K07915	0
K07916	0
K07917	2
K07918	0
K07919	0
K07920	0
K07921	0
K07922	0
K07923	0
K07924	0
K07925	0
K07928	0
K07929	0
K07930	0
K07931	0
K07933	0
K07934	0
K07935	0
K07936	0
K07937	0
K07938	0
K07939	0
K07940	0
K07941	0
K07942	0
K07943	0
K07944	2
K07945	0
K07949	0
K07950	0
K07951	0
K07952	0
K07953	1
K07955	0
K07957	0
K07958	0
K07959	0
K07960	0
K07961	0
K07962	0
K07963	0
K07964	35
K07965	0
K07966	18
K07967	7
K07968	1
K07969	0
K07970	0
K07971	0
K07972	0
K07973	0
K07975	0
K07976	43
K07978	40
K07979	714
K07980	0
K07981	0
K07982	0
K07983	0
K07984	0
K07985	0
K07986	0
K07987	0
K07988	0
K07989	0
K07990	0
K07991	11
K07992	0
K07993	2
K07994	2
K07995	12
K07996	3
K07997	0
K07998	59
K07999	2
K08000	0
K08001	0
K08002	8
K08003	5
K08004	0
K08005	0
K08006	0
K08007	0
K08008	0
K08009	0
K08010	9
K08011	0
K08012	0
K08013	0
K08014	0
K08015	0
K08016	0
K08017	0
K08018	0
K08019	0
K08020	0
K08021	0
K08022	0
K08023	0
K08024	0
K08025	0
K08026	0
K08027	0
K08028	0
K08029	0
K08030	0
K08031	0
K08032	0
K08033	0
K08034	0
K08035	0
K08036	0
K08037	0
K08038	0
K08039	0
K08040	0
K08041	1
K08042	1
K08043	1
K08044	0
K08045	0
K08046	1
K08047	0
K08048	2
K08049	4
K08050	0
K08051	0
K08052	0
K08053	0
K08054	0
K08055	0
K08056	5
K08057	0
K08058	0
K08059	1
K08060	0
K08061	0
K08062	0
K08063	0
K08064	0
K08065	0
K08066	0
K08067	0
K08068	133
K08069	0
K08070	0
K08071	4
K08073	93
K08074	0
K08075	0
K08076	296
K08077	0
K08079	0
K08080	5
K08081	79
K08082	879
K08083	26
K08084	20
K08085	10
K08086	4
K08087	15
K08088	0
K08089	0
K08090	0
K08091	0
K08092	115
K08093	116
K08094	117
K08095	0
K08096	0
K08097	321
K08098	0
K08099	46
K08100	0
K08101	0
K08102	0
K08103	0
K08104	59
K08105	16
K08106	12
K08107	0
K08108	0
K08109	0
K08110	0
K08111	0
K08112	0
K08114	0
K08115	37
K08116	0
K08117	0
K08118	0
K08119	0
K08120	1
K08121	0
K08122	0
K08123	0
K08124	0
K08125	0
K08126	0
K08127	0
K08128	0
K08129	2
K08130	0
K08131	8
K08132	4
K08133	8
K08134	0
K08135	0
K08136	0
K08137	43
K08138	606
K08139	19
K08141	0
K08142	0
K08143	0
K08144	1
K08145	0
K08146	0
K08147	0
K08148	0
K08149	2
K08150	0
K08151	582
K08152	7
K08153	1226
K08154	419
K08155	0
K08156	816
K08157	0
K08158	0
K08159	28
K08160	0
K08161	370
K08162	235
K08163	1
K08164	5
K08165	0
K08166	367
K08167	27
K08168	23
K08169	207
K08170	22
K08171	3
K08172	151
K08173	1
K08174	951
K08175	0
K08176	0
K08177	216
K08178	2
K08179	0
K08180	0
K08181	0
K08182	0
K08183	1
K08184	1
K08185	0
K08186	0
K08187	0
K08188	0
K08189	0
K08190	0
K08191	1063
K08192	1
K08193	0
K08194	529
K08195	5
K08196	37
K08197	0
K08198	0
K08199	0
K08200	0
K08202	0
K08203	0
K08204	0
K08205	0
K08206	0
K08207	0
K08208	0
K08209	0
K08210	0
K08211	0
K08212	0
K08213	0
K08214	0
K08215	0
K08216	0
K08217	634
K08218	894
K08219	4
K08220	0
K08221	325
K08222	121
K08223	705
K08224	829
K08225	785
K08226	2
K08227	0
K08228	0
K08229	0
K08230	0
K08231	0
K08232	0
K08233	0
K08234	1237
K08235	1
K08236	0
K08237	0
K08238	0
K08239	110
K08240	0
K08241	0
K08242	1
K08243	0
K08244	0
K08245	0
K08246	0
K08247	1
K08248	0
K08249	0
K08251	2
K08252	0
K08253	0
K08254	18
K08255	1
K08256	8
K08257	352
K08258	0
K08259	0
K08260	25
K08261	0
K08262	0
K08264	1114
K08265	73
K08266	7
K08267	0
K08268	0
K08269	2
K08270	0
K08271	0
K08272	0
K08273	0
K08274	0
K08275	0
K08276	217
K08277	0
K08278	0
K08279	0
K08280	197
K08281	780
K08282	112
K08283	0
K08284	0
K08285	3
K08286	34
K08287	0
K08288	0
K08289	604
K08290	0
K08291	0
K08292	0
K08293	0
K08294	0
K08295	43
K08296	1024
K08297	0
K08298	0
K08299	3
K08300	6
K08301	1613
K08302	63
K08303	879
K08304	10
K08305	15
K08306	19
K08307	1558
K08308	14
K08309	69
K08310	25
K08311	10
K08312	4
K08313	379
K08314	240
K08315	2
K08316	1500
K08317	0
K08318	0
K08319	3
K08320	460
K08321	49
K08322	14
K08323	43
K08324	691
K08325	778
K08326	0
K08327	0
K08328	0
K08329	1
K08330	9
K08331	0
K08332	0
K08333	1
K08334	0
K08335	0
K08336	0
K08337	0
K08338	0
K08339	0
K08340	0
K08341	0
K08342	0
K08343	0
K08344	381
K08348	1
K08349	1
K08350	1
K08351	1
K08352	65
K08353	1
K08354	15
K08355	1
K08356	1
K08357	3
K08358	46
K08359	2
K08360	0
K08362	0
K08363	311
K08364	1343
K08365	15
K08366	0
K08367	0
K08368	27
K08369	438
K08370	0
K08371	2
K08372	216
K08373	0
K08374	0
K08375	0
K08376	0
K08377	0
K08378	0
K08379	0
K08380	0
K08381	0
K08382	0
K08383	0
K08384	1549
K08385	0
K08386	0
K08387	0
K08388	0
K08389	0
K08390	0
K08391	0
K08392	0
K08393	0
K08394	0
K08395	0
K08396	0
K08397	0
K08398	0
K08399	18
K08400	0
K08401	0
K08402	0
K08403	0
K08404	0
K08405	0
K08406	0
K08407	0
K08408	0
K08409	0
K08410	0
K08411	0
K08412	0
K08413	0
K08414	0
K08415	0
K08416	0
K08417	0
K08418	0
K08419	0
K08420	0
K08421	0
K08422	0
K08423	0
K08424	0
K08425	0
K08426	0
K08427	0
K08428	0
K08429	0
K08430	0
K08431	0
K08432	1
K08433	0
K08434	0
K08435	0
K08436	0
K08437	0
K08438	0
K08439	0
K08440	0
K08441	0
K08442	0
K08443	0
K08444	0
K08445	0
K08446	0
K08447	0
K08448	0
K08449	0
K08450	0
K08451	0
K08452	0
K08453	0
K08454	0
K08455	0
K08456	0
K08457	0
K08458	0
K08459	0
K08460	0
K08461	0
K08462	1
K08463	0
K08464	1
K08465	0
K08466	35
K08467	0
K08468	0
K08469	0
K08470	0
K08471	0
K08472	0
K08473	0
K08474	0
K08475	7
K08476	7
K08477	0
K08478	0
K08479	38
K08480	0
K08481	148
K08482	186
K08483	85
K08484	19
K08485	4
K08486	0
K08487	0
K08488	0
K08489	0
K08490	5
K08491	1
K08492	0
K08493	0
K08494	0
K08495	0
K08496	0
K08497	0
K08498	0
K08499	0
K08500	0
K08501	0
K08502	0
K08503	0
K08504	0
K08505	0
K08506	2
K08507	0
K08508	0
K08509	1
K08510	0
K08511	0
K08512	0
K08513	0
K08514	6
K08515	0
K08516	0
K08517	0
K08518	0
K08519	0
K08520	0
K08521	0
K08522	0
K08523	0
K08524	0
K08525	0
K08526	0
K08527	0
K08528	0
K08529	0
K08530	0
K08531	0
K08532	0
K08533	0
K08534	0
K08535	0
K08536	0
K08537	0
K08538	0
K08539	0
K08540	0
K08541	0
K08542	0
K08543	0
K08544	0
K08545	0
K08546	0
K08547	0
K08548	0
K08549	0
K08550	0
K08551	0
K08552	0
K08553	0
K08554	0
K08555	0
K08556	0
K08557	0
K08558	0
K08559	0
K08560	0
K08561	0
K08562	0
K08563	0
K08564	0
K08565	0
K08566	40
K08568	0
K08569	0
K08570	0
K08571	0
K08572	0
K08573	0
K08574	0
K08575	0
K08576	3
K08577	0
K08578	0
K08579	0
K08580	0
K08581	0
K08582	3
K08583	0
K08584	0
K08585	0
K08586	26
K08587	265
K08588	0
K08589	152
K08590	0
K08591	372
K08592	0
K08593	0
K08594	0
K08595	0
K08596	0
K08597	0
K08598	0
K08599	1
K08600	0
K08601	0
K08602	319
K08603	0
K08604	15
K08605	0
K08606	10
K08607	0
K08608	0
K08609	11
K08610	1
K08611	0
K08612	0
K08613	0
K08614	51
K08615	0
K08616	0
K08617	0
K08618	0
K08619	0
K08620	0
K08621	39
K08622	0
K08623	0
K08624	0
K08625	0
K08626	0
K08627	0
K08628	0
K08629	0
K08630	0
K08631	0
K08632	1
K08633	0
K08634	0
K08635	1
K08636	0
K08637	347
K08638	1
K08639	0
K08640	266
K08641	1072
K08642	0
K08643	32
K08644	0
K08645	0
K08646	105
K08647	82
K08648	0
K08649	0
K08650	0
K08651	399
K08652	4
K08653	0
K08654	10
K08655	1
K08656	3
K08657	0
K08658	0
K08659	515
K08660	1188
K08661	0
K08662	0
K08663	0
K08664	6
K08665	0
K08666	0
K08667	0
K08668	0
K08669	33
K08670	0
K08671	1
K08672	1
K08673	0
K08674	1
K08675	6
K08676	1006
K08677	23
K08678	1155
K08679	847
K08680	45
K08681	194
K08682	1025
K08683	37
K08685	0
K08686	0
K08687	0
K08688	0
K08689	0
K08690	1
K08691	1
K08692	0
K08693	422
K08694	0
K08695	6
K08696	0
K08697	0
K08698	1
K08699	0
K08700	0
K08701	0
K08702	0
K08703	0
K08704	0
K08705	0
K08706	0
K08707	0
K08709	0
K08710	1
K08711	1
K08712	0
K08713	119
K08714	34
K08715	470
K08716	0
K08717	383
K08718	0
K08719	1
K08720	30
K08721	0
K08722	11
K08723	1419
K08724	0
K08725	0
K08726	184
K08727	0
K08728	5
K08729	0
K08730	0
K08731	0
K08732	0
K08733	0
K08734	6
K08735	13
K08736	74
K08737	119
K08738	205
K08739	18
K08740	33
K08741	26
K08742	0
K08743	83
K08744	358
K08745	0
K08746	0
K08747	0
K08748	0
K08749	1
K08750	1
K08751	1
K08752	0
K08753	0
K08754	0
K08755	0
K08756	3
K08757	24
K08758	0
K08759	0
K08760	0
K08761	0
K08762	567
K08763	0
K08764	5
K08765	0
K08766	0
K08767	0
K08768	0
K08769	0
K08770	2
K08771	0
K08772	0
K08773	0
K08774	0
K08775	0
K08776	3
K08777	0
K08778	0
K08779	3
K08780	4
K08781	69
K08782	0
K08783	1
K08784	0
K08785	0
K08786	0
K08787	1
K08788	3
K08789	0
K08790	0
K08791	0
K08793	0
K08794	4
K08795	0
K08796	0
K08797	0
K08798	0
K08799	0
K08800	0
K08801	0
K08802	0
K08803	0
K08804	0
K08805	0
K08806	1
K08807	0
K08808	0
K08809	0
K08810	2
K08811	0
K08812	0
K08813	0
K08814	0
K08815	0
K08816	4
K08817	0
K08818	0
K08819	0
K08820	0
K08821	0
K08822	0
K08823	0
K08824	0
K08825	0
K08826	0
K08827	0
K08828	0
K08829	0
K08830	0
K08831	0
K08832	0
K08833	0
K08834	0
K08835	0
K08836	0
K08837	0
K08838	0
K08840	0
K08841	0
K08842	0
K08843	18
K08844	85
K08845	0
K08846	0
K08847	0
K08848	0
K08849	0
K08850	0
K08851	4
K08852	3
K08853	0
K08854	0
K08855	1
K08856	0
K08857	0
K08858	0
K08859	0
K08860	0
K08861	0
K08862	0
K08863	0
K08864	6
K08865	0
K08866	0
K08867	0
K08868	0
K08869	720
K08870	0
K08871	0
K08872	0
K08873	0
K08874	0
K08875	0
K08876	0
K08877	0
K08878	0
K08879	0
K08880	0
K08881	0
K08882	0
K08883	0
K08884	217
K08885	0
K08886	0
K08887	0
K08888	0
K08889	0
K08890	0
K08891	0
K08892	0
K08893	0
K08894	0
K08895	0
K08896	0
K08897	3
K08898	0
K08899	0
K08900	86
K08901	0
K08902	0
K08903	0
K08904	0
K08905	0
K08906	155
K08907	0
K08908	0
K08909	0
K08910	0
K08911	0
K08912	1
K08913	0
K08914	0
K08915	0
K08916	0
K08917	0
K08918	0
K08919	0
K08920	0
K08921	0
K08922	0
K08923	0
K08924	0
K08925	0
K08926	1
K08927	1
K08928	1
K08929	1
K08930	0
K08939	0
K08940	1
K08941	1
K08942	6
K08943	1
K08944	1
K08945	1
K08946	1
K08947	1
K08948	0
K08949	1
K08950	1
K08951	1
K08952	125
K08953	1
K08954	1
K08955	1
K08956	1576
K08957	0
K08958	0
K08959	0
K08960	0
K08961	406
K08963	63
K08964	5
K08965	0
K08966	3
K08967	8
K08968	1407
K08969	987
K08970	336
K08971	0
K08972	941
K08973	982
K08974	526
K08975	4
K08976	803
K08977	269
K08978	890
K08979	0
K08980	8
K08981	572
K08982	132
K08983	28
K08984	151
K08985	184
K08986	0
K08987	550
K08988	1068
K08989	247
K08990	20
K08991	0
K08992	176
K08993	3
K08994	769
K08995	486
K08996	130
K08997	591
K08998	1159
K08999	1467
K09000	46
K09001	1057
K09002	57
K09003	425
K09004	415
K09005	301
K09006	0
K09007	8
K09008	2
K09009	0
K09010	0
K09011	703
K09012	527
K09013	1489
K09014	1492
K09015	1488
K09016	2
K09017	1159
K09018	7
K09019	8
K09020	171
K09021	157
K09022	1604
K09023	6
K09024	116
K09025	0
K09026	0
K09027	4
K09028	0
K09029	0
K09030	0
K09031	0
K09032	0
K09033	0
K09034	0
K09035	0
K09036	0
K09037	1
K09038	4
K09039	0
K09040	0
K09041	0
K09042	0
K09043	2
K09044	0
K09045	0
K09047	0
K09048	0
K09049	0
K09051	0
K09052	0
K09053	0
K09054	0
K09055	0
K09056	0
K09057	5
K09058	0
K09059	0
K09060	10
K09061	0
K09062	0
K09063	0
K09064	0
K09065	13
K09066	0
K09067	0
K09068	0
K09069	0
K09070	0
K09071	0
K09072	0
K09073	0
K09074	0
K09075	0
K09076	0
K09077	0
K09078	0
K09079	0
K09080	0
K09081	0
K09082	0
K09083	0
K09084	0
K09085	0
K09086	0
K09087	1
K09088	0
K09089	0
K09090	0
K09091	0
K09092	0
K09093	0
K09094	0
K09095	0
K09096	0
K09097	3
K09098	0
K09099	0
K09100	0
K09101	0
K09102	0
K09103	0
K09104	0
K09105	0
K09106	0
K09107	0
K09108	0
K09109	0
K09110	0
K09111	0
K09112	0
K09113	0
K09114	0
K09115	0
K09116	15
K09117	1509
K09118	10
K09119	0
K09120	4
K09121	32
K09122	41
K09123	0
K09124	136
K09125	1072
K09126	0
K09127	44
K09128	1
K09129	1
K09130	0
K09131	62
K09132	191
K09133	0
K09134	0
K09135	0
K09136	54
K09137	96
K09138	2
K09139	0
K09140	0
K09141	3
K09142	0
K09143	37
K09144	907
K09145	0
K09146	0
K09147	31
K09148	0
K09149	8
K09150	10
K09152	0
K09153	12
K09154	0
K09155	317
K09156	0
K09157	56
K09158	874
K09159	6
K09160	8
K09161	25
K09162	8
K09163	75
K09164	867
K09165	338
K09166	638
K09167	354
K09168	0
K09169	0
K09170	0
K09171	0
K09172	0
K09173	0
K09174	0
K09175	0
K09176	0
K09177	0
K09178	0
K09179	0
K09180	0
K09181	30
K09182	0
K09183	0
K09184	0
K09185	0
K09186	0
K09187	0
K09188	0
K09189	0
K09190	84
K09191	3
K09192	0
K09193	0
K09194	0
K09195	0
K09196	0
K09197	0
K09198	0
K09199	0
K09200	0
K09201	0
K09202	0
K09203	0
K09204	0
K09205	0
K09206	0
K09207	0
K09208	0
K09209	0
K09210	0
K09211	0
K09213	0
K09214	0
K09215	0
K09216	0
K09217	0
K09219	0
K09220	0
K09221	0
K09222	0
K09223	0
K09224	0
K09225	0
K09226	0
K09227	0
K09228	0
K09229	0
K09230	0
K09231	0
K09232	0
K09233	0
K09234	0
K09235	0
K09236	0
K09237	0
K09238	0
K09239	0
K09240	0
K09241	0
K09242	0
K09243	0
K09244	0
K09245	0
K09246	0
K09247	0
K09248	0
K09249	0
K09250	2
K09251	22
K09252	12
K09253	0
K09254	0
K09256	0
K09257	110
K09258	0
K09260	0
K09261	0
K09262	0
K09264	0
K09265	0
K09266	0
K09267	0
K09268	0
K09269	0
K09270	0
K09271	0
K09272	0
K09273	0
K09274	0
K09275	0
K09276	0
K09277	0
K09278	0
K09279	0
K09280	0
K09281	0
K09282	0
K09283	0
K09284	8
K09285	2
K09286	10
K09287	1
K09288	0
K09289	0
K09290	0
K09291	82
K09292	0
K09293	0
K09294	0
K09295	0
K09296	0
K09297	0
K09298	0
K09299	0
K09300	0
K09301	0
K09302	0
K09304	0
K09305	0
K09306	0
K09307	0
K09308	0
K09309	0
K09310	0
K09312	0
K09313	3
K09314	0
K09315	0
K09317	0
K09318	0
K09319	0
K09320	0
K09321	0
K09322	0
K09323	0
K09324	0
K09325	0
K09326	0
K09327	0
K09328	0
K09329	0
K09330	0
K09331	0
K09332	0
K09333	0
K09334	0
K09335	0
K09336	0
K09337	0
K09338	0
K09339	0
K09340	0
K09341	0
K09342	0
K09343	0
K09344	0
K09345	0
K09346	0
K09347	0
K09348	0
K09349	0
K09350	0
K09351	0
K09352	0
K09353	0
K09354	0
K09355	0
K09356	0
K09357	0
K09358	0
K09359	0
K09360	0
K09361	0
K09362	0
K09363	0
K09364	0
K09365	0
K09366	0
K09367	0
K09368	0
K09370	0
K09371	0
K09372	0
K09373	0
K09374	0
K09375	0
K09377	0
K09378	0
K09379	0
K09380	0
K09381	0
K09382	0
K09383	0
K09384	269
K09385	0
K09386	33
K09387	0
K09388	131
K09389	0
K09390	0
K09391	0
K09392	0
K09393	0
K09395	0
K09396	0
K09397	0
K09398	0
K09399	0
K09400	0
K09401	0
K09402	0
K09403	0
K09404	0
K09405	0
K09406	0
K09407	0
K09408	0
K09409	0
K09410	0
K09411	0
K09412	0
K09413	0
K09414	0
K09415	0
K09416	0
K09417	0
K09419	0
K09420	0
K09421	0
K09422	0
K09423	0
K09424	0
K09425	0
K09426	0
K09427	0
K09428	0
K09429	0
K09430	0
K09431	0
K09432	0
K09433	0
K09434	0
K09435	0
K09436	0
K09437	0
K09438	0
K09439	0
K09440	0
K09441	0
K09442	0
K09443	0
K09444	0
K09445	0
K09446	0
K09447	0
K09448	0
K09451	0
K09452	0
K09453	0
K09454	2
K09455	0
K09456	30
K09457	484
K09458	1615
K09459	62
K09460	0
K09461	636
K09462	0
K09463	0
K09464	0
K09465	0
K09466	0
K09467	0
K09468	0
K09469	12
K09470	83
K09471	959
K09472	2
K09473	0
K09474	317
K09475	0
K09476	32
K09477	1
K09478	9
K09479	2
K09480	0
K09481	0
K09482	2
K09483	19
K09484	0
K09485	0
K09486	0
K09487	0
K09488	0
K09489	0
K09490	8
K09491	0
K09492	0
K09493	0
K09494	0
K09495	0
K09496	0
K09497	0
K09498	0
K09499	3
K09500	0
K09501	0
K09502	0
K09503	2
K09504	3
K09505	0
K09506	1
K09507	0
K09508	0
K09509	0
K09510	12
K09511	47
K09512	7
K09513	0
K09514	0
K09515	10
K09516	623
K09517	2
K09518	6
K09519	0
K09520	1
K09521	0
K09522	0
K09523	273
K09524	3
K09525	0
K09526	0
K09527	174
K09528	0
K09529	2
K09530	4
K09531	2
K09532	0
K09533	160
K09534	2
K09535	0
K09536	0
K09537	0
K09538	1
K09539	7
K09540	0
K09541	0
K09542	1
K09543	0
K09544	0
K09545	0
K09546	0
K09547	0
K09548	0
K09549	0
K09550	0
K09551	0
K09552	1
K09553	54
K09554	0
K09555	0
K09556	0
K09557	0
K09558	0
K09559	0
K09560	5
K09561	76
K09562	0
K09563	0
K09564	0
K09565	2
K09566	0
K09567	0
K09568	1
K09569	24
K09570	5
K09571	14
K09572	21
K09573	1
K09574	22
K09575	5
K09576	0
K09577	13
K09578	1
K09579	0
K09580	4
K09581	0
K09582	1
K09583	4
K09584	32
K09585	0
K09586	0
K09587	0
K09588	0
K09589	0
K09590	0
K09591	14
K09592	0
K09593	0
K09594	0
K09595	0
K09596	0
K09597	0
K09598	0
K09599	0
K09600	0
K09601	0
K09602	0
K09603	0
K09604	0
K09605	0
K09606	5
K09607	297
K09608	12
K09609	0
K09610	0
K09611	0
K09612	2
K09613	1
K09614	0
K09615	0
K09616	0
K09617	0
K09618	0
K09619	0
K09620	0
K09621	0
K09622	0
K09623	0
K09624	0
K09625	0
K09626	0
K09627	0
K09628	0
K09629	0
K09630	0
K09631	0
K09632	0
K09633	0
K09634	1
K09635	0
K09636	0
K09637	0
K09638	0
K09639	0
K09640	4
K09641	0
K09642	0
K09643	0
K09644	0
K09645	117
K09646	1
K09647	18
K09648	0
K09649	121
K09650	12
K09651	0
K09652	0
K09653	0
K09654	0
K09655	0
K09656	9
K09657	39
K09658	0
K09659	0
K09660	0
K09661	0
K09662	39
K09663	1
K09664	0
K09665	0
K09666	177
K09667	1615
K09668	0
K09669	8
K09670	0
K09671	4
K09672	0
K09673	13
K09674	8
K09675	6
K09676	7
K09677	0
K09678	0
K09679	0
K09680	231
K09681	70
K09682	0
K09683	0
K09684	0
K09685	0
K09688	1
K09689	1
K09690	764
K09691	770
K09692	0
K09693	2
K09694	18
K09695	0
K09696	404
K09697	39
K09698	1580
K09699	4
K09700	43
K09701	56
K09702	568
K09703	4
K09704	783
K09705	262
K09706	0
K09707	7
K09708	0
K09709	4
K09710	1563
K09711	0
K09712	2
K09713	0
K09714	1
K09715	5
K09716	1
K09717	0
K09718	0
K09719	6
K09720	6
K09721	0
K09722	0
K09723	0
K09724	0
K09725	0
K09726	50
K09727	0
K09728	0
K09729	9
K09730	0
K09731	0
K09732	1
K09733	0
K09735	0
K09736	0
K09737	0
K09738	0
K09739	0
K09740	33
K09741	0
K09742	0
K09743	0
K09744	0
K09745	0
K09746	0
K09747	870
K09748	1612
K09749	7
K09750	0
K09751	0
K09752	0
K09753	63
K09754	0
K09755	0
K09756	0
K09757	1
K09758	233
K09759	11
K09760	1479
K09761	1601
K09762	1
K09763	2
K09764	2
K09765	331
K09766	9
K09767	200
K09768	8
K09769	11
K09770	0
K09771	69
K09772	0
K09773	17
K09774	1059
K09775	4
K09776	343
K09777	0
K09778	36
K09779	0
K09780	727
K09781	673
K09782	0
K09783	0
K09784	3
K09785	24
K09786	18
K09787	5
K09788	5
K09789	293
K09790	247
K09791	119
K09792	994
K09793	851
K09794	172
K09795	5
K09796	20
K09797	694
K09798	33
K09799	12
K09800	1409
K09801	4
K09802	11
K09803	36
K09804	0
K09805	91
K09806	5
K09807	1010
K09808	1615
K09809	211
K09810	1609
K09811	1606
K09812	1601
K09813	24
K09814	0
K09815	443
K09816	438
K09817	434
K09818	7
K09819	5
K09820	3
K09821	0
K09822	129
K09823	6
K09824	32
K09825	427
K09826	3
K09827	0
K09828	0
K09829	0
K09831	0
K09832	0
K09833	5
K09834	7
K09835	20
K09836	164
K09837	0
K09838	8
K09839	0
K09840	0
K09841	0
K09842	0
K09843	0
K09844	22
K09845	3
K09846	1
K09847	234
K09848	0
K09849	1
K09850	0
K09851	0
K09852	0
K09854	0
K09855	6
K09856	0
K09857	10
K09858	638
K09859	321
K09860	3
K09861	1237
K09862	6
K09863	0
K09864	0
K09865	0
K09866	0
K09867	0
K09868	0
K09869	0
K09870	0
K09871	0
K09872	0
K09873	0
K09874	68
K09875	0
K09876	0
K09877	0
K09878	0
K09879	12
K09880	5
K09881	0
K09882	87
K09883	8
K09884	1
K09885	0
K09886	0
K09887	0
K09888	1320
K09889	4
K09890	2
K09891	55
K09892	133
K09893	92
K09894	3
K09895	4
K09896	4
K09897	7
K09898	4
K09899	3
K09900	3
K09901	3
K09902	4
K09903	1610
K09904	3
K09905	2
K09906	6
K09907	405
K09908	28
K09909	3
K09910	3
K09911	2
K09912	3
K09913	127
K09914	37
K09915	153
K09916	4
K09917	2
K09918	4
K09919	363
K09920	4
K09921	3
K09922	600
K09923	19
K09924	436
K09925	39
K09926	416
K09927	245
K09928	614
K09929	67
K09930	177
K09931	349
K09932	181
K09933	584
K09934	0
K09935	375
K09936	157
K09937	5
K09938	4
K09939	844
K09940	810
K09941	29
K09942	110
K09943	17
K09944	0
K09945	4
K09946	774
K09947	2
K09948	4
K09949	2
K09950	249
K09951	668
K09952	624
K09953	445
K09954	967
K09955	841
K09956	2
K09957	214
K09958	331
K09959	617
K09960	3
K09961	7
K09962	37
K09963	0
K09964	302
K09965	8
K09966	70
K09967	96
K09968	72
K09969	6
K09970	6
K09971	6
K09972	6
K09973	688
K09974	228
K09975	135
K09976	0
K09977	224
K09978	2
K09979	22
K09980	1
K09981	60
K09982	1
K09983	4
K09984	83
K09985	2
K09986	3
K09987	2
K09988	100
K09989	24
K09990	317
K09991	2
K09992	664
K09993	0
K09994	380
K09995	0
K09996	0
K09997	3
K09998	3
K09999	3
K10000	3
K10001	3
K10002	3
K10003	3
K10004	3
K10005	0
K10006	0
K10007	0
K10008	1
K10009	1
K10010	0
K10011	13
K10012	1420
K10013	1
K10014	1
K10015	1
K10016	1
K10017	1
K10018	0
K10019	0
K10020	0
K10021	2
K10022	5
K10023	3
K10024	2
K10025	0
K10026	1471
K10027	230
K10028	0
K10029	0
K10030	0
K10031	0
K10032	0
K10033	0
K10034	0
K10035	0
K10036	33
K10037	2
K10038	0
K10039	3
K10040	0
K10041	0
K10042	0
K10043	0
K10044	0
K10045	0
K10046	60
K10047	0
K10048	0
K10049	3
K10050	0
K10051	0
K10052	0
K10053	0
K10054	0
K10055	0
K10056	0
K10057	0
K10058	0
K10059	8
K10060	138
K10061	1
K10062	9
K10063	1
K10064	1
K10065	1
K10066	1
K10067	0
K10068	2
K10069	0
K10070	0
K10071	0
K10072	0
K10073	0
K10074	0
K10075	0
K10076	0
K10077	0
K10078	0
K10079	0
K10080	32
K10081	0
K10082	131
K10083	0
K10084	10
K10085	5
K10086	2
K10087	0
K10088	0
K10089	0
K10090	0
K10091	1
K10092	0
K10093	0
K10094	363
K10095	0
K10096	0
K10097	0
K10098	0
K10099	1
K10100	6
K10101	0
K10102	1
K10103	0
K10104	1
K10105	0
K10106	456
K10107	27
K10108	2
K10109	2
K10110	2
K10111	3
K10112	26
K10117	6
K10118	0
K10119	1
K10120	0
K10121	5
K10122	0
K10123	6
K10124	0
K10125	60
K10126	4
K10127	0
K10128	0
K10129	0
K10130	15
K10131	0
K10132	0
K10133	88
K10134	0
K10135	0
K10136	0
K10137	0
K10138	0
K10139	0
K10140	1
K10141	0
K10142	1
K10143	0
K10144	44
K10145	0
K10146	0
K10147	0
K10148	0
K10149	0
K10150	0
K10151	0
K10152	0
K10153	0
K10154	0
K10155	0
K10156	1
K10157	0
K10158	0
K10159	34
K10160	95
K10161	2
K10162	0
K10163	0
K10164	0
K10165	0
K10166	0
K10167	0
K10168	3
K10169	22
K10170	0
K10171	8
K10172	0
K10173	0
K10174	0
K10175	0
K10176	0
K10177	0
K10178	0
K10179	0
K10180	0
K10181	0
K10182	0
K10183	0
K10184	0
K10185	0
K10186	0
K10187	0
K10188	0
K10189	0
K10190	0
K10191	0
K10192	0
K10193	0
K10194	0
K10195	1
K10196	0
K10197	0
K10198	0
K10199	0
K10200	0
K10201	0
K10202	0
K10203	1
K10205	0
K10206	377
K10207	0
K10208	2
K10209	3
K10210	250
K10211	524
K10212	106
K10213	30
K10214	0
K10215	38
K10216	37
K10217	145
K10218	237
K10219	0
K10220	2
K10221	7
K10222	1
K10223	1
K10224	0
K10225	0
K10226	0
K10227	2
K10228	2
K10229	2
K10231	23
K10232	0
K10233	0
K10234	0
K10235	0
K10236	117
K10237	0
K10238	0
K10240	1
K10241	1
K10242	1
K10244	0
K10245	0
K10246	0
K10247	0
K10248	0
K10249	0
K10250	0
K10251	18
K10252	3
K10253	5
K10254	212
K10255	59
K10256	0
K10257	0
K10258	0
K10259	1
K10260	14
K10261	0
K10262	0
K10263	0
K10264	0
K10265	0
K10266	0
K10267	0
K10268	264
K10269	0
K10270	75
K10271	4
K10272	0
K10273	14
K10274	0
K10275	1
K10276	0
K10277	444
K10278	39
K10279	0
K10280	13
K10281	0
K10282	2
K10283	3
K10284	0
K10285	0
K10287	0
K10288	0
K10289	0
K10290	78
K10291	0
K10292	0
K10293	0
K10294	0
K10295	2
K10296	0
K10297	23
K10298	0
K10299	0
K10300	48
K10301	397
K10302	0
K10303	0
K10304	0
K10305	0
K10306	9
K10307	0
K10308	0
K10310	0
K10311	0
K10312	0
K10313	0
K10314	0
K10315	0
K10316	0
K10317	7
K10318	0
K10319	0
K10320	0
K10321	0
K10323	0
K10324	8
K10325	35
K10326	0
K10327	0
K10328	0
K10329	0
K10330	16
K10331	1
K10332	7
K10333	0
K10334	1
K10335	0
K10336	1
K10337	0
K10338	0
K10339	0
K10340	0
K10341	1
K10342	0
K10343	0
K10344	0
K10345	0
K10347	0
K10348	20
K10349	7
K10350	4
K10351	0
K10352	11
K10353	0
K10354	0
K10355	0
K10356	0
K10357	0
K10358	0
K10359	0
K10360	0
K10361	0
K10362	0
K10363	1
K10364	0
K10365	0
K10366	0
K10367	0
K10368	0
K10369	0
K10370	0
K10371	0
K10372	0
K10373	1
K10374	1
K10375	2
K10376	8
K10377	8
K10378	0
K10379	0
K10380	29
K10381	1
K10382	7
K10383	0
K10384	0
K10385	0
K10386	0
K10387	0
K10388	0
K10389	0
K10390	0
K10391	0
K10392	0
K10393	0
K10394	0
K10395	0
K10396	5
K10397	0
K10398	62
K10399	1
K10400	65
K10401	0
K10402	6
K10403	1
K10404	0
K10405	0
K10406	0
K10407	3
K10408	7
K10409	0
K10410	4
K10411	0
K10412	0
K10413	0
K10414	0
K10415	1
K10416	0
K10417	0
K10418	0
K10419	0
K10420	0
K10421	386
K10422	0
K10423	0
K10424	0
K10425	0
K10426	0
K10427	1
K10428	0
K10429	0
K10430	0
K10431	0
K10432	0
K10433	0
K10434	0
K10435	0
K10436	0
K10437	0
K10438	0
K10439	218
K10440	104
K10441	120
K10442	28
K10443	50
K10444	8
K10445	4
K10446	1
K10447	43
K10448	2
K10449	0
K10450	225
K10451	0
K10452	0
K10453	0
K10454	159
K10455	68
K10456	0
K10457	105
K10458	11
K10459	0
K10460	0
K10461	198
K10462	0
K10463	18
K10464	21
K10465	0
K10466	0
K10467	0
K10468	0
K10469	0
K10470	0
K10471	0
K10472	0
K10473	1
K10474	4
K10475	7
K10476	0
K10477	0
K10478	0
K10479	0
K10480	0
K10481	8
K10482	0
K10483	0
K10484	0
K10485	0
K10486	0
K10487	0
K10488	0
K10489	0
K10490	0
K10491	0
K10492	0
K10493	0
K10494	0
K10495	0
K10496	0
K10497	0
K10498	0
K10499	0
K10500	0
K10501	0
K10502	0
K10503	0
K10504	0
K10505	0
K10506	0
K10507	0
K10508	0
K10509	0
K10510	0
K10511	0
K10512	0
K10513	1
K10514	0
K10515	0
K10516	0
K10517	0
K10518	0
K10519	1
K10520	0
K10521	0
K10522	0
K10523	0
K10524	48
K10525	0
K10526	1
K10527	0
K10528	0
K10529	0
K10530	5
K10531	1
K10532	911
K10533	98
K10534	5
K10535	143
K10536	1114
K10537	1
K10538	1
K10539	1
K10540	1
K10541	1
K10542	1
K10543	20
K10544	2
K10545	0
K10546	7
K10547	2
K10548	2
K10549	0
K10550	0
K10551	1
K10552	0
K10553	0
K10554	0
K10555	0
K10556	0
K10557	0
K10558	0
K10559	0
K10560	0
K10561	0
K10562	0
K10563	328
K10564	0
K10565	0
K10566	0
K10567	0
K10568	10
K10569	28
K10570	0
K10571	0
K10572	0
K10573	0
K10574	2
K10575	1
K10576	0
K10577	0
K10578	0
K10579	0
K10580	0
K10581	0
K10582	0
K10583	0
K10584	0
K10585	1
K10586	0
K10587	0
K10588	0
K10589	0
K10590	0
K10591	0
K10592	0
K10593	0
K10594	2
K10595	5
K10596	0
K10597	0
K10598	0
K10599	6
K10600	0
K10601	0
K10602	0
K10603	0
K10604	0
K10605	0
K10606	0
K10607	0
K10608	0
K10609	0
K10610	0
K10611	0
K10612	0
K10613	0
K10614	4
K10615	80
K10616	0
K10617	0
K10618	0
K10619	2
K10620	0
K10621	1
K10622	0
K10623	0
K10624	1
K10625	8
K10626	0
K10627	0
K10628	0
K10629	0
K10630	0
K10631	0
K10632	2
K10633	0
K10634	0
K10635	0
K10636	0
K10637	0
K10638	54
K10639	4
K10640	0
K10641	6
K10642	0
K10643	0
K10644	0
K10645	17
K10646	2
K10647	0
K10648	0
K10649	2
K10650	0
K10651	0
K10652	0
K10653	0
K10654	0
K10655	0
K10656	0
K10657	0
K10658	0
K10659	0
K10660	0
K10661	0
K10662	0
K10663	0
K10664	0
K10665	0
K10666	0
K10667	62
K10668	0
K10669	0
K10670	0
K10671	0
K10672	0
K10673	2
K10674	2
K10675	0
K10676	7
K10677	11
K10678	4
K10679	1019
K10680	613
K10681	13
K10682	76
K10683	0
K10684	0
K10685	0
K10686	0
K10687	0
K10688	0
K10689	0
K10691	0
K10692	0
K10693	3
K10694	0
K10695	0
K10696	4
K10697	153
K10698	0
K10699	0
K10700	0
K10701	0
K10702	0
K10703	0
K10704	0
K10705	0
K10706	17
K10707	0
K10708	1
K10709	16
K10710	3
K10711	69
K10712	1
K10713	1
K10714	0
K10715	17
K10716	1078
K10717	0
K10718	206
K10719	0
K10720	0
K10721	0
K10722	0
K10723	0
K10724	0
K10725	44
K10726	0
K10727	0
K10728	0
K10729	0
K10730	0
K10731	0
K10732	0
K10733	0
K10734	0
K10735	0
K10736	0
K10737	0
K10738	0
K10739	0
K10740	0
K10741	0
K10742	883
K10743	0
K10744	0
K10745	0
K10746	0
K10747	539
K10748	1
K10749	0
K10750	20
K10751	0
K10752	1
K10753	0
K10754	28
K10755	0
K10756	1
K10757	0
K10758	0
K10759	0
K10760	0
K10761	63
K10762	15
K10763	8
K10764	847
K10765	0
K10766	0
K10767	0
K10768	2
K10769	0
K10770	46
K10771	16
K10772	0
K10773	1612
K10774	8
K10775	0
K10776	0
K10777	7
K10778	752
K10779	0
K10780	169
K10781	82
K10782	791
K10784	1
K10785	0
K10786	0
K10787	0
K10788	2
K10789	0
K10790	0
K10791	0
K10793	0
K10794	4
K10795	0
K10796	0
K10797	20
K10798	11
K10799	0
K10800	25
K10801	0
K10802	0
K10803	0
K10804	1510
K10805	132
K10806	901
K10807	674
K10808	682
K10809	0
K10810	755
K10811	0
K10812	0
K10814	0
K10815	0
K10816	0
K10817	0
K10819	104
K10820	3
K10822	2
K10823	6
K10824	1
K10829	4
K10830	1
K10831	2
K10834	384
K10837	3
K10838	3
K10839	0
K10840	0
K10841	131
K10842	0
K10843	157
K10844	4
K10845	0
K10846	0
K10847	0
K10848	11
K10849	0
K10850	3
K10851	0
K10852	0
K10854	0
K10855	0
K10856	0
K10857	273
K10858	8
K10859	859
K10860	401
K10861	0
K10862	0
K10863	0
K10864	5
K10865	0
K10866	140
K10867	22
K10868	0
K10869	0
K10870	1
K10871	0
K10872	0
K10873	0
K10874	0
K10875	6
K10876	0
K10877	2
K10878	1
K10879	0
K10880	0
K10881	0
K10882	0
K10883	0
K10884	0
K10885	0
K10886	0
K10887	0
K10888	0
K10889	0
K10890	0
K10891	0
K10892	0
K10893	0
K10894	2
K10895	0
K10896	0
K10897	0
K10898	2
K10899	6
K10900	578
K10901	8
K10902	0
K10903	0
K10905	0
K10906	28
K10907	182
K10908	0
K10909	23
K10910	1
K10911	5
K10912	9
K10913	3
K10914	298
K10915	8
K10916	5
K10917	4
K10918	2
K10919	0
K10920	0
K10921	2
K10922	2
K10923	0
K10924	6
K10925	3
K10926	3
K10927	12
K10928	3
K10929	0
K10930	0
K10931	3
K10932	0
K10933	0
K10934	0
K10935	0
K10936	6
K10937	3
K10938	39
K10939	122
K10940	1
K10941	4
K10942	29
K10943	12
K10944	0
K10945	0
K10946	0
K10947	1426
K10948	0
K10949	0
K10950	0
K10951	74
K10952	1
K10953	2
K10954	13
K10955	15
K10956	0
K10957	0
K10958	0
K10959	0
K10960	2
K10961	0
K10962	0
K10963	0
K10964	0
K10965	0
K10966	1
K10967	2
K10968	0
K10969	1
K10970	0
K10971	0
K10972	4
K10973	0
K10974	151
K10975	0
K10976	0
K10977	0
K10978	1
K10979	484
K10980	0
K10981	0
K10982	0
K10983	0
K10984	0
K10985	0
K10986	0
K10988	0
K10989	0
K10990	0
K10991	0
K10992	0
K10993	0
K10994	0
K10995	0
K10996	0
K10997	0
K10998	0
K10999	0
K11000	0
K11001	7
K11002	0
K11003	420
K11004	379
K11005	10
K11006	0
K11007	0
K11008	0
K11009	4
K11010	0
K11011	0
K11012	0
K11013	6
K11014	28
K11015	10
K11016	0
K11017	0
K11018	39
K11019	0
K11020	0
K11021	825
K11022	1330
K11023	4
K11024	0
K11025	0
K11026	0
K11027	0
K11028	0
K11029	0
K11030	43
K11031	336
K11032	0
K11033	1
K11034	17
K11035	0
K11036	0
K11037	0
K11038	4
K11039	0
K11040	1
K11041	2
K11042	0
K11043	0
K11044	39
K11045	0
K11046	0
K11047	0
K11048	0
K11049	22
K11050	13
K11051	3
K11052	2
K11053	0
K11054	14
K11055	7
K11056	0
K11057	1
K11058	0
K11059	0
K11060	23
K11061	2
K11062	573
K11063	1
K11064	0
K11065	1116
K11066	660
K11067	0
K11068	690
K11069	208
K11070	199
K11071	196
K11072	228
K11073	4
K11074	5
K11075	4
K11076	4
K11077	1
K11078	1
K11079	1
K11080	0
K11081	0
K11082	0
K11083	0
K11084	0
K11085	1602
K11086	0
K11087	0
K11088	0
K11089	465
K11090	0
K11091	0
K11092	0
K11093	0
K11094	0
K11095	0
K11096	0
K11097	0
K11098	0
K11099	0
K11100	0
K11101	0
K11102	510
K11103	572
K11104	1
K11105	714
K11106	2
K11107	5
K11108	0
K11109	0
K11110	0
K11111	0
K11112	0
K11113	0
K11114	0
K11115	0
K11116	0
K11117	0
K11118	0
K11119	0
K11120	0
K11121	0
K11122	0
K11123	0
K11124	0
K11125	0
K11126	8
K11127	119
K11128	0
K11129	0
K11130	0
K11131	0
K11132	0
K11133	0
K11134	0
K11135	0
K11136	0
K11137	0
K11138	0
K11139	0
K11140	11
K11141	25
K11142	2
K11143	0
K11144	19
K11145	0
K11146	0
K11147	91
K11148	0
K11149	0
K11150	434
K11151	0
K11152	3
K11153	820
K11154	0
K11155	13
K11156	0
K11157	0
K11158	1
K11159	0
K11160	0
K11161	26
K11162	64
K11163	10
K11164	0
K11165	17
K11166	643
K11167	0
K11168	4
K11169	0
K11170	0
K11171	0
K11172	0
K11173	0
K11175	1490
K11176	29
K11177	261
K11178	257
K11179	5
K11180	1
K11181	1
K11182	0
K11183	3
K11184	0
K11185	0
K11186	0
K11187	0
K11188	5
K11192	1
K11194	0
K11195	0
K11196	2
K11200	1
K11201	0
K11202	1
K11203	3
K11204	0
K11205	0
K11206	75
K11207	0
K11208	5
K11209	6
K11210	67
K11211	560
K11212	3
K11213	0
K11214	14
K11215	0
K11216	42
K11217	0
K11218	0
K11219	0
K11220	0
K11221	0
K11222	0
K11223	0
K11224	0
K11225	0
K11226	0
K11227	0
K11228	0
K11229	0
K11230	1
K11231	3
K11232	1
K11233	0
K11234	0
K11235	0
K11236	0
K11237	0
K11238	3
K11239	0
K11240	0
K11241	0
K11242	0
K11243	0
K11244	8
K11245	5
K11246	0
K11247	0
K11248	0
K11249	194
K11250	11
K11251	1
K11252	0
K11253	0
K11254	0
K11255	0
K11256	0
K11257	0
K11258	8
K11259	1
K11260	9
K11261	36
K11262	2
K11263	0
K11264	2
K11265	21
K11266	2
K11267	0
K11268	0
K11269	0
K11270	0
K11271	0
K11272	0
K11273	0
K11274	20
K11275	0
K11276	0
K11277	0
K11278	0
K11279	0
K11280	0
K11281	0
K11282	0
K11283	0
K11284	0
K11285	0
K11286	0
K11287	0
K11288	0
K11289	0
K11290	0
K11291	0
K11292	0
K11293	0
K11294	5
K11295	0
K11296	0
K11297	0
K11298	0
K11299	0
K11300	0
K11301	0
K11302	0
K11303	0
K11304	0
K11305	0
K11306	0
K11307	0
K11308	0
K11309	0
K11310	0
K11311	0
K11312	32
K11313	0
K11314	0
K11315	0
K11316	0
K11317	0
K11318	0
K11319	0
K11320	0
K11321	0
K11322	0
K11323	30
K11324	0
K11325	307
K11326	0
K11327	0
K11328	0
K11329	28
K11330	0
K11331	8
K11332	0
K11333	2
K11334	2
K11335	2
K11336	1
K11337	8
K11338	0
K11339	1
K11340	0
K11341	3
K11342	0
K11343	0
K11344	0
K11345	0
K11346	0
K11347	0
K11348	0
K11349	0
K11350	0
K11351	0
K11352	2
K11353	0
K11354	895
K11355	809
K11356	123
K11357	109
K11358	0
K11359	0
K11360	0
K11361	0
K11362	0
K11363	0
K11364	0
K11365	1
K11366	0
K11367	0
K11368	1
K11369	112
K11370	0
K11371	0
K11372	4
K11373	3
K11374	0
K11375	0
K11376	0
K11377	0
K11378	0
K11379	0
K11380	0
K11381	1231
K11382	0
K11383	913
K11384	15
K11385	0
K11386	0
K11387	0
K11389	0
K11390	0
K11391	43
K11392	696
K11393	0
K11394	0
K11395	0
K11396	0
K11397	0
K11398	0
K11399	0
K11400	0
K11401	0
K11402	0
K11403	0
K11404	0
K11405	0
K11406	0
K11407	14
K11408	0
K11409	0
K11410	20
K11411	0
K11412	0
K11413	0
K11414	13
K11415	0
K11416	3
K11417	0
K11418	492
K11419	0
K11420	0
K11421	0
K11422	0
K11423	0
K11424	0
K11425	0
K11426	0
K11427	7
K11428	1
K11429	2
K11430	4
K11431	510
K11432	0
K11433	0
K11434	4
K11435	0
K11436	0
K11437	6
K11438	0
K11439	0
K11440	5
K11441	1
K11442	1
K11443	513
K11444	6
K11445	0
K11446	0
K11447	0
K11448	0
K11449	0
K11450	0
K11451	0
K11452	0
K11453	0
K11454	0
K11455	0
K11456	0
K11457	0
K11458	0
K11459	0
K11460	0
K11461	0
K11462	0
K11463	0
K11464	0
K11465	0
K11466	0
K11467	0
K11468	0
K11469	0
K11470	0
K11471	0
K11472	3
K11473	7
K11474	0
K11475	28
K11476	12
K11477	412
K11478	0
K11479	0
K11480	0
K11481	0
K11482	0
K11483	0
K11484	0
K11485	1
K11486	0
K11487	0
K11488	0
K11489	0
K11490	0
K11491	0
K11492	0
K11493	191
K11494	82
K11495	0
K11496	0
K11497	0
K11498	2
K11499	48
K11500	0
K11501	0
K11502	1
K11503	0
K11504	0
K11505	0
K11506	0
K11507	0
K11508	0
K11509	11
K11510	0
K11511	0
K11512	0
K11513	2
K11514	0
K11515	0
K11516	0
K11517	6
K11518	0
K11519	0
K11520	2
K11521	38
K11522	18
K11523	150
K11524	0
K11525	53
K11526	2
K11527	512
K11528	4
K11529	61
K11530	1184
K11531	22
K11532	2
K11533	2
K11534	1
K11535	2
K11536	1
K11537	1223
K11538	44
K11539	1
K11540	499
K11541	0
K11542	0
K11543	0
K11544	0
K11545	0
K11546	1
K11547	57
K11548	26
K11549	0
K11550	1
K11551	0
K11552	0
K11553	0
K11554	0
K11555	0
K11556	0
K11557	1
K11558	1
K11559	0
K11560	0
K11561	0
K11562	2
K11563	3
K11564	0
K11565	0
K11566	0
K11567	0
K11568	0
K11569	0
K11570	0
K11571	0
K11572	0
K11573	0
K11574	0
K11575	0
K11576	0
K11577	0
K11578	1
K11579	0
K11580	0
K11581	0
K11582	0
K11583	0
K11584	0
K11585	0
K11586	0
K11587	0
K11588	0
K11589	0
K11590	0
K11591	0
K11592	7
K11593	2
K11594	0
K11595	0
K11597	0
K11598	0
K11599	0
K11600	0
K11601	0
K11602	0
K11603	1
K11604	0
K11605	0
K11606	0
K11607	2
K11608	0
K11609	0
K11610	2
K11611	0
K11614	2
K11615	3
K11616	1
K11617	116
K11618	776
K11619	5
K11620	6
K11621	699
K11622	469
K11623	31
K11624	17
K11625	1
K11626	226
K11627	0
K11628	1
K11629	0
K11630	0
K11631	1
K11632	78
K11633	0
K11634	2
K11635	15
K11636	0
K11637	2
K11638	3
K11639	0
K11640	0
K11641	34
K11642	0
K11643	0
K11644	0
K11645	441
K11646	0
K11647	0
K11648	0
K11649	0
K11650	0
K11651	0
K11652	0
K11653	0
K11654	321
K11655	0
K11656	0
K11657	3
K11658	0
K11659	0
K11660	0
K11661	8
K11662	0
K11663	0
K11664	0
K11665	1
K11666	0
K11667	0
K11668	0
K11669	0
K11670	0
K11671	0
K11672	0
K11673	0
K11674	0
K11675	0
K11676	0
K11677	0
K11678	0
K11679	0
K11680	0
K11682	0
K11683	0
K11684	0
K11685	3
K11686	3
K11687	365
K11688	4
K11689	46
K11690	198
K11691	7
K11692	3
K11693	1
K11694	0
K11695	0
K11696	0
K11697	0
K11698	0
K11699	0
K11700	0
K11701	78
K11702	0
K11703	12
K11704	0
K11705	0
K11706	1
K11707	202
K11708	202
K11709	202
K11710	204
K11711	21
K11712	1
K11713	0
K11714	3
K11715	0
K11716	0
K11717	1535
K11718	0
K11719	1473
K11720	1613
K11721	0
K11722	0
K11723	0
K11724	0
K11725	9
K11726	0
K11727	1
K11728	1
K11729	55
K11730	60
K11731	333
K11732	0
K11733	13
K11734	243
K11735	2
K11736	0
K11737	3
K11738	0
K11739	21
K11740	2
K11741	1046
K11742	2
K11743	9
K11744	759
K11745	1
K11746	62
K11747	412
K11748	689
K11749	1615
K11750	10
K11751	1317
K11752	1610
K11753	1609
K11754	1612
K11755	1307
K11756	0
K11757	0
K11758	0
K11759	0
K11760	0
K11761	0
K11762	0
K11763	0
K11764	0
K11765	0
K11766	0
K11767	0
K11768	0
K11769	0
K11770	0
K11771	0
K11772	0
K11773	0
K11774	0
K11775	0
K11776	0
K11777	14
K11778	0
K11779	0
K11780	0
K11781	10
K11782	289
K11783	256
K11784	255
K11785	254
K11786	1
K11787	14
K11788	2
K11789	0
K11790	1
K11791	0
K11792	0
K11793	0
K11794	0
K11795	0
K11796	0
K11797	0
K11798	1
K11799	0
K11800	0
K11801	0
K11802	0
K11803	0
K11804	0
K11805	0
K11806	0
K11807	3
K11808	81
K11809	0
K11810	0
K11811	140
K11812	0
K11813	0
K11814	0
K11815	0
K11816	23
K11817	0
K11818	0
K11819	0
K11820	0
K11821	0
K11822	3
K11823	0
K11824	0
K11825	0
K11826	0
K11827	0
K11828	0
K11829	0
K11830	0
K11831	0
K11832	0
K11833	0
K11834	8
K11835	0
K11836	1
K11837	0
K11838	1
K11839	0
K11840	0
K11841	1
K11842	0
K11843	0
K11844	67
K11845	0
K11846	0
K11847	0
K11848	0
K11849	0
K11850	0
K11851	0
K11852	0
K11853	0
K11854	0
K11855	3
K11856	0
K11857	0
K11858	0
K11859	0
K11860	0
K11861	0
K11862	0
K11863	0
K11864	0
K11865	0
K11866	0
K11867	0
K11868	0
K11869	0
K11870	0
K11871	0
K11872	0
K11873	0
K11874	0
K11875	0
K11876	0
K11877	0
K11878	0
K11879	0
K11880	0
K11881	0
K11882	0
K11883	0
K11884	0
K11885	2
K11886	0
K11887	0
K11888	0
K11889	4
K11890	1
K11891	3
K11892	3
K11893	346
K11894	36
K11895	262
K11896	3
K11897	9
K11898	3
K11899	1
K11900	3
K11901	31
K11902	2
K11903	34
K11904	693
K11905	85
K11906	3
K11907	5
K11908	1
K11909	3
K11910	2
K11911	1
K11912	9
K11913	30
K11914	1
K11915	44
K11916	30
K11917	3
K11918	0
K11919	0
K11920	1
K11921	359
K11922	14
K11923	1
K11924	31
K11925	4
K11926	3
K11927	1532
K11928	174
K11929	1
K11930	3
K11931	122
K11932	65
K11933	10
K11934	551
K11935	160
K11936	1466
K11937	20
K11938	129
K11939	323
K11940	2
K11941	248
K11942	904
K11943	0
K11944	0
K11945	2
K11946	0
K11947	0
K11948	181
K11949	0
K11950	0
K11951	0
K11952	1
K11953	10
K11954	0
K11955	0
K11956	0
K11957	0
K11958	0
K11959	51
K11960	33
K11961	33
K11962	33
K11963	33
K11964	0
K11967	0
K11968	0
K11969	0
K11970	0
K11971	0
K11972	0
K11973	0
K11974	0
K11975	0
K11976	0
K11977	0
K11978	0
K11979	0
K11980	0
K11981	2
K11982	0
K11983	0
K11984	0
K11985	23
K11986	0
K11987	0
K11988	0
K11989	13
K11990	57
K11991	1608
K11992	0
K11993	10
K11994	0
K11995	305
K11996	64
K11997	584
K11998	0
K11999	0
K12000	0
K12001	0
K12002	0
K12003	0
K12004	0
K12005	0
K12006	0
K12007	0
K12008	0
K12009	1
K12010	0
K12011	0
K12012	0
K12013	6
K12014	0
K12015	0
K12016	0
K12017	0
K12018	0
K12019	0
K12020	0
K12021	4
K12022	0
K12023	0
K12024	0
K12025	0
K12026	72
K12027	0
K12028	0
K12029	0
K12030	0
K12031	0
K12032	0
K12033	0
K12034	0
K12035	527
K12036	0
K12037	0
K12038	0
K12039	0
K12040	0
K12041	0
K12042	0
K12043	0
K12044	1
K12045	0
K12046	1
K12047	1
K12048	0
K12049	89
K12050	0
K12051	0
K12052	230
K12053	1
K12054	4
K12055	0
K12056	5
K12057	4
K12058	0
K12059	1
K12060	0
K12061	0
K12062	7
K12063	1039
K12064	0
K12065	64
K12066	3
K12067	0
K12068	0
K12069	0
K12070	0
K12071	7
K12072	0
K12073	0
K12074	0
K12075	0
K12076	9
K12077	0
K12078	0
K12079	0
K12080	0
K12081	0
K12082	0
K12083	0
K12084	0
K12085	0
K12086	0
K12087	0
K12088	0
K12089	0
K12090	0
K12091	0
K12092	0
K12093	0
K12094	0
K12095	0
K12096	0
K12097	1
K12098	0
K12099	0
K12100	0
K12101	0
K12102	0
K12103	0
K12104	0
K12105	0
K12106	0
K12107	0
K12108	0
K12109	22
K12110	0
K12111	934
K12112	3
K12113	4
K12114	0
K12115	0
K12116	0
K12117	0
K12118	0
K12119	0
K12120	1
K12121	0
K12122	0
K12123	2
K12124	0
K12125	0
K12126	0
K12127	0
K12128	0
K12129	0
K12130	0
K12131	0
K12132	596
K12133	0
K12134	0
K12135	0
K12136	7
K12137	35
K12138	34
K12139	0
K12140	32
K12141	32
K12142	2
K12143	40
K12144	2
K12145	0
K12146	14
K12147	0
K12148	0
K12149	2
K12150	0
K12151	0
K12152	349
K12153	0
K12154	0
K12155	0
K12156	0
K12157	0
K12158	0
K12159	0
K12160	0
K12161	0
K12162	0
K12163	0
K12164	2
K12165	0
K12166	0
K12167	0
K12168	0
K12169	0
K12170	0
K12171	0
K12172	2
K12173	0
K12174	0
K12175	0
K12176	0
K12177	0
K12178	0
K12179	0
K12180	0
K12181	0
K12182	1
K12183	1
K12184	0
K12185	1
K12186	0
K12187	0
K12188	3
K12189	0
K12190	0
K12191	0
K12192	0
K12193	0
K12194	0
K12195	0
K12196	55
K12197	0
K12198	0
K12199	0
K12200	0
K12201	0
K12202	0
K12203	0
K12204	0
K12205	1
K12206	0
K12207	0
K12208	0
K12209	1
K12210	0
K12211	8
K12212	32
K12213	0
K12214	0
K12215	0
K12216	0
K12217	8
K12218	0
K12219	0
K12220	0
K12221	0
K12222	0
K12223	4
K12224	0
K12225	0
K12226	0
K12227	0
K12228	0
K12229	0
K12230	0
K12231	0
K12232	0
K12233	0
K12234	0
K12235	189
K12236	0
K12237	0
K12238	0
K12239	3
K12240	17
K12241	8
K12242	139
K12243	1017
K12244	6
K12245	12
K12246	0
K12247	2
K12248	23
K12249	0
K12250	2
K12251	1023
K12252	0
K12253	1
K12254	2
K12255	14
K12256	17
K12257	1610
K12258	0
K12259	54
K12260	0
K12261	0
K12262	28
K12263	802
K12264	534
K12265	2
K12266	4
K12267	799
K12268	2
K12269	1
K12270	0
K12271	0
K12272	2
K12273	0
K12274	1
K12275	0
K12276	23
K12277	2
K12278	3
K12279	3
K12280	7
K12281	4
K12282	285
K12283	73
K12284	420
K12285	11
K12286	3
K12287	113
K12288	0
K12289	5
K12290	6
K12291	1
K12292	0
K12293	0
K12294	0
K12295	4
K12296	0
K12297	20
K12298	0
K12299	0
K12300	0
K12301	0
K12302	0
K12303	0
K12304	0
K12305	0
K12306	1
K12307	1
K12308	526
K12309	589
K12310	0
K12311	1
K12312	0
K12313	0
K12314	0
K12315	0
K12316	15
K12317	0
K12318	1
K12319	238
K12320	1
K12321	0
K12322	0
K12323	11
K12324	8
K12325	6
K12326	0
K12327	0
K12328	0
K12329	2
K12330	0
K12331	0
K12332	0
K12333	0
K12334	0
K12335	0
K12336	0
K12337	0
K12338	0
K12339	681
K12340	1615
K12341	38
K12342	1
K12343	288
K12344	3
K12345	0
K12346	0
K12347	0
K12348	1
K12349	188
K12350	0
K12351	96
K12352	0
K12353	0
K12354	0
K12355	0
K12356	0
K12357	0
K12358	0
K12359	0
K12360	0
K12361	2
K12362	0
K12363	0
K12364	1
K12365	0
K12366	0
K12367	0
K12368	44
K12369	18
K12370	3
K12371	1
K12372	1
K12373	1292
K12374	0
K12375	1
K12376	0
K12377	0
K12378	2
K12379	0
K12380	0
K12381	0
K12382	0
K12383	0
K12384	0
K12385	0
K12386	0
K12387	0
K12388	238
K12389	0
K12390	0
K12391	0
K12392	0
K12393	0
K12394	0
K12395	0
K12396	0
K12397	0
K12398	3
K12399	0
K12400	0
K12401	1
K12402	0
K12403	0
K12404	0
K12405	11
K12406	0
K12407	0
K12408	0
K12409	0
K12410	1566
K12411	0
K12412	0
K12413	0
K12414	0
K12415	0
K12416	0
K12417	666
K12418	0
K12419	0
K12420	0
K12421	0
K12422	0
K12423	0
K12424	0
K12425	0
K12426	27
K12427	0
K12428	0
K12429	0
K12430	1
K12431	5
K12432	0
K12433	0
K12434	4
K12435	10
K12436	0
K12437	7
K12439	0
K12440	1
K12441	9
K12442	0
K12443	15
K12444	36
K12445	50
K12446	5
K12447	0
K12448	34
K12449	29
K12450	10
K12451	0
K12452	130
K12453	212
K12454	102
K12455	23
K12456	0
K12457	0
K12458	0
K12459	0
K12460	129
K12461	0
K12462	0
K12463	0
K12464	0
K12465	0
K12466	0
K12467	0
K12469	0
K12470	0
K12471	0
K12472	51
K12473	0
K12474	0
K12475	0
K12476	0
K12477	0
K12478	32
K12479	0
K12480	0
K12481	0
K12482	3
K12483	0
K12484	1
K12485	0
K12486	0
K12487	0
K12488	0
K12489	0
K12490	0
K12491	0
K12492	0
K12493	0
K12494	0
K12495	0
K12496	0
K12497	0
K12498	0
K12499	0
K12500	949
K12501	0
K12502	9
K12503	0
K12504	0
K12505	0
K12506	616
K12507	2
K12508	15
K12509	0
K12510	5
K12511	6
K12512	195
K12513	5
K12514	1
K12515	6
K12516	17
K12517	0
K12518	0
K12519	0
K12520	0
K12521	0
K12522	0
K12523	0
K12524	1531
K12525	4
K12526	18
K12527	0
K12528	2
K12529	0
K12530	3
K12531	3
K12532	3
K12536	3
K12537	3
K12538	1
K12541	6
K12542	18
K12543	11
K12544	0
K12545	1
K12546	0
K12547	190
K12548	143
K12549	84
K12550	0
K12551	1
K12552	2
K12553	0
K12554	0
K12555	3
K12556	0
K12557	2
K12558	0
K12559	0
K12560	0
K12561	0
K12562	0
K12563	0
K12564	0
K12565	0
K12566	0
K12567	20
K12568	0
K12569	0
K12570	0
K12571	0
K12572	0
K12573	1615
K12574	115
K12575	46
K12576	0
K12577	0
K12578	0
K12579	0
K12580	0
K12581	0
K12582	103
K12583	85
K12584	0
K12585	0
K12586	0
K12587	0
K12589	0
K12590	0
K12591	1
K12592	0
K12593	0
K12594	0
K12595	0
K12596	0
K12597	0
K12598	0
K12599	0
K12600	285
K12601	0
K12602	153
K12603	0
K12604	562
K12605	0
K12606	0
K12607	0
K12608	0
K12609	0
K12610	0
K12611	0
K12612	0
K12613	0
K12614	0
K12615	0
K12616	0
K12617	0
K12618	0
K12619	0
K12620	0
K12621	0
K12622	0
K12623	0
K12624	0
K12625	0
K12626	0
K12627	0
K12628	0
K12629	0
K12630	0
K12631	0
K12632	110
K12633	0
K12634	0
K12635	0
K12636	0
K12637	0
K12638	0
K12639	0
K12640	0
K12641	1
K12642	0
K12643	0
K12644	0
K12645	0
K12646	1
K12647	0
K12648	0
K12649	0
K12650	0
K12651	0
K12652	0
K12653	0
K12654	0
K12655	0
K12656	0
K12657	5
K12658	496
K12659	0
K12660	26
K12661	3
K12662	3
K12663	32
K12664	0
K12665	0
K12666	1
K12667	0
K12668	0
K12669	0
K12670	0
K12671	0
K12672	0
K12673	3
K12674	0
K12675	4
K12676	0
K12677	13
K12678	12
K12679	1
K12681	1
K12682	0
K12683	0
K12684	1
K12685	37
K12686	235
K12687	1
K12688	0
K12689	0
K12690	1
K12691	0
K12692	0
K12693	0
K12694	0
K12695	0
K12696	0
K12697	0
K12698	0
K12699	0
K12700	7
K12701	5
K12702	0
K12703	0
K12704	0
K12705	0
K12706	52
K12707	0
K12708	10
K12709	0
K12710	26
K12711	2
K12712	1
K12713	0
K12714	0
K12719	0
K12720	0
K12721	0
K12722	0
K12723	0
K12724	0
K12729	0
K12730	0
K12731	0
K12732	0
K12733	0
K12734	0
K12735	0
K12736	1
K12737	0
K12738	0
K12739	0
K12740	0
K12741	2
K12742	1
K12743	11
K12744	0
K12745	1
K12747	0
K12748	1
K12749	0
K12750	0
K12751	2
K12753	0
K12754	0
K12755	1
K12756	0
K12757	0
K12758	0
K12760	0
K12761	0
K12762	0
K12763	0
K12764	0
K12765	0
K12766	0
K12767	0
K12768	34
K12769	0
K12770	0
K12771	0
K12772	0
K12773	1
K12774	0
K12775	0
K12776	15
K12777	0
K12778	0
K12779	0
K12780	0
K12781	0
K12782	0
K12783	0
K12784	0
K12785	0
K12786	0
K12787	0
K12788	0
K12789	0
K12790	2
K12791	0
K12792	0
K12793	0
K12794	0
K12795	73
K12796	62
K12797	0
K12798	0
K12799	0
K12800	13
K12801	0
K12802	0
K12803	0
K12804	0
K12805	119
K12806	0
K12807	0
K12809	0
K12810	0
K12811	0
K12812	0
K12813	0
K12814	0
K12815	0
K12816	0
K12817	0
K12818	0
K12819	0
K12820	0
K12821	0
K12822	0
K12823	1
K12824	0
K12825	0
K12826	0
K12827	0
K12828	0
K12829	0
K12830	0
K12831	0
K12832	0
K12833	0
K12834	0
K12835	0
K12836	0
K12837	0
K12838	0
K12839	0
K12840	0
K12841	0
K12842	0
K12843	0
K12844	0
K12845	0
K12846	0
K12847	0
K12848	0
K12849	0
K12850	0
K12851	0
K12852	0
K12853	0
K12854	1084
K12855	70
K12856	0
K12857	0
K12858	0
K12859	0
K12860	0
K12861	0
K12862	0
K12863	0
K12864	0
K12865	0
K12866	0
K12867	0
K12868	0
K12869	0
K12870	0
K12871	0
K12872	0
K12873	0
K12874	6
K12875	0
K12876	0
K12877	0
K12878	0
K12879	0
K12880	24
K12881	0
K12882	0
K12883	0
K12884	0
K12885	71
K12886	0
K12887	0
K12888	0
K12889	0
K12890	0
K12891	8
K12892	0
K12893	0
K12894	2
K12895	0
K12896	0
K12897	7
K12898	0
K12899	0
K12900	0
K12901	0
K12902	0
K12903	0
K12904	0
K12905	0
K12906	0
K12907	0
K12908	0
K12909	0
K12910	0
K12911	0
K12912	0
K12913	0
K12914	0
K12915	0
K12917	0
K12918	0
K12919	0
K12920	0
K12921	0
K12922	0
K12923	0
K12924	0
K12925	0
K12926	1
K12927	0
K12928	0
K12929	0
K12930	0
K12931	0
K12932	0
K12933	0
K12934	0
K12935	0
K12936	0
K12937	0
K12938	0
K12939	0
K12940	2
K12941	167
K12942	422
K12943	202
K12944	239
K12945	678
K12946	0
K12947	0
K12948	0
K12949	0
K12950	29
K12951	0
K12952	0
K12953	53
K12954	2
K12955	5
K12956	0
K12957	47
K12958	0
K12959	0
K12960	968
K12961	6
K12962	95
K12963	18
K12964	0
K12965	7
K12966	0
K12967	0
K12968	0
K12969	0
K12970	0
K12971	1
K12972	216
K12973	0
K12974	3
K12975	0
K12976	1040
K12977	14
K12978	37
K12979	10
K12980	503
K12981	1
K12982	7
K12983	5
K12984	943
K12985	1
K12986	415
K12987	289
K12988	540
K12989	30
K12990	247
K12991	24
K12992	52
K12993	2
K12994	37
K12995	1
K12996	351
K12997	206
K12998	497
K12999	23
K13000	7
K13001	398
K13002	527
K13003	0
K13004	38
K13005	202
K13006	159
K13007	480
K13008	5
K13009	4
K13010	413
K13011	11
K13012	182
K13013	0
K13014	3
K13015	72
K13016	180
K13017	1088
K13018	499
K13019	150
K13020	809
K13021	33
K13022	15
K13023	244
K13024	0
K13025	0
K13026	0
K13027	0
K13028	0
K13029	0
K13030	0
K13031	0
K13032	0
K13033	1
K13034	0
K13035	2
K13037	11
K13038	1596
K13039	5
K13040	11
K13041	66
K13042	0
K13043	1233
K13044	0
K13045	0
K13046	14
K13047	28
K13048	49
K13049	272
K13050	0
K13051	712
K13052	1517
K13053	4
K13054	0
K13055	0
K13056	0
K13057	8
K13058	13
K13059	918
K13060	0
K13061	6
K13062	2
K13063	1
K13064	0
K13065	1
K13066	0
K13067	0
K13068	0
K13069	32
K13070	0
K13071	0
K13072	0
K13073	0
K13074	0
K13075	1186
K13076	0
K13077	0
K13078	0
K13079	0
K13080	0
K13081	0
K13082	4
K13083	0
K13084	0
K13085	0
K13086	20
K13087	0
K13088	1
K13089	0
K13090	0
K13091	37
K13092	0
K13093	0
K13094	0
K13095	0
K13096	0
K13097	0
K13098	0
K13099	0
K13100	0
K13101	0
K13102	0
K13103	0
K13104	0
K13105	0
K13106	0
K13107	0
K13108	0
K13109	0
K13110	0
K13111	0
K13112	0
K13113	0
K13114	0
K13115	0
K13116	0
K13117	0
K13118	0
K13119	0
K13120	0
K13121	0
K13122	29
K13123	0
K13124	0
K13125	0
K13126	4
K13127	0
K13128	0
K13129	0
K13130	0
K13131	0
K13132	0
K13133	2
K13134	0
K13135	0
K13136	0
K13137	2
K13138	0
K13139	0
K13140	0
K13141	1
K13142	0
K13143	0
K13144	0
K13145	0
K13146	0
K13147	0
K13148	0
K13149	0
K13150	0
K13151	0
K13152	0
K13153	0
K13154	0
K13155	0
K13156	0
K13157	0
K13158	0
K13159	0
K13160	0
K13161	0
K13162	0
K13163	4
K13164	0
K13165	0
K13166	0
K13167	0
K13168	0
K13169	0
K13170	0
K13171	6
K13172	3
K13173	0
K13174	0
K13175	0
K13176	0
K13177	0
K13178	0
K13179	0
K13180	0
K13181	0
K13182	0
K13183	0
K13184	0
K13185	2
K13186	55
K13187	0
K13188	0
K13189	0
K13190	0
K13191	0
K13192	0
K13193	0
K13194	0
K13195	788
K13196	0
K13197	0
K13198	0
K13199	3
K13200	0
K13201	0
K13202	0
K13203	0
K13204	0
K13205	0
K13206	0
K13207	0
K13208	22
K13209	0
K13210	0
K13211	0
K13212	0
K13213	0
K13214	0
K13215	0
K13216	0
K13217	3
K13218	0
K13219	0
K13220	0
K13221	0
K13222	0
K13223	0
K13224	0
K13225	0
K13226	0
K13227	0
K13229	0
K13230	0
K13231	0
K13232	0
K13233	0
K13234	0
K13235	0
K13236	747
K13237	2
K13238	191
K13239	2
K13240	0
K13241	4
K13242	0
K13243	11
K13244	0
K13245	0
K13246	6
K13247	1
K13248	0
K13249	2
K13250	0
K13251	0
K13252	1
K13254	3
K13255	1
K13256	7
K13257	0
K13258	0
K13259	0
K13260	0
K13261	0
K13262	0
K13263	0
K13264	0
K13265	0
K13266	7
K13267	0
K13269	0
K13270	0
K13271	0
K13272	0
K13273	0
K13274	1092
K13275	21
K13276	381
K13277	20
K13278	1532
K13279	0
K13280	170
K13281	44
K13282	563
K13283	1379
K13284	0
K13285	9
K13286	0
K13287	0
K13288	33
K13289	12
K13290	89
K13291	0
K13292	1612
K13293	0
K13294	5
K13295	0
K13296	0
K13297	1
K13298	6
K13299	0
K13300	24
K13301	0
K13302	0
K13303	1
K13304	0
K13305	0
K13306	14
K13307	44
K13308	0
K13309	0
K13310	73
K13311	24
K13312	0
K13313	1
K13315	0
K13316	0
K13317	3
K13318	2
K13319	0
K13320	0
K13322	0
K13326	1
K13327	27
K13328	0
K13329	0
K13330	0
K13332	0
K13333	6
K13334	0
K13335	0
K13336	0
K13337	0
K13338	8
K13339	5
K13340	0
K13341	0
K13342	1
K13343	0
K13344	1
K13345	0
K13346	0
K13347	0
K13348	2
K13349	0
K13350	0
K13351	0
K13352	0
K13353	0
K13354	0
K13355	4
K13356	26
K13357	11
K13358	2
K13359	0
K13360	0
K13361	0
K13362	0
K13363	0
K13364	0
K13365	9
K13366	17
K13367	0
K13368	0
K13369	2
K13370	0
K13371	0
K13372	0
K13373	0
K13374	0
K13375	0
K13376	0
K13377	0
K13378	432
K13379	0
K13380	49
K13381	2
K13382	0
K13383	0
K13384	53
K13385	0
K13386	0
K13387	0
K13389	0
K13390	0
K13391	0
K13392	0
K13393	0
K13394	0
K13395	0
K13396	4
K13397	0
K13398	0
K13400	0
K13401	0
K13402	0
K13403	4
K13404	0
K13405	0
K13406	0
K13407	0
K13408	375
K13409	59
K13411	0
K13412	15
K13413	0
K13414	1
K13415	7
K13416	0
K13417	0
K13418	5
K13419	1
K13420	436
K13421	227
K13422	0
K13423	0
K13424	0
K13425	0
K13426	0
K13427	0
K13428	0
K13429	0
K13430	0
K13431	0
K13432	1
K13433	2
K13434	0
K13435	0
K13436	0
K13437	0
K13438	0
K13439	6
K13440	0
K13441	0
K13442	0
K13443	2
K13444	1436
K13445	0
K13446	0
K13447	0
K13448	65
K13449	58
K13450	0
K13451	0
K13452	0
K13453	0
K13454	0
K13455	0
K13456	0
K13457	9
K13458	0
K13459	30
K13460	0
K13461	0
K13462	0
K13463	0
K13464	0
K13465	0
K13466	12
K13467	0
K13468	8
K13469	0
K13470	0
K13471	3
K13472	6
K13473	0
K13474	0
K13475	0
K13476	0
K13477	0
K13478	0
K13479	4
K13480	0
K13481	59
K13482	59
K13483	261
K13484	2
K13485	4
K13486	27
K13487	36
K13488	1
K13489	1
K13490	3
K13491	1
K13492	0
K13493	0
K13494	0
K13495	0
K13496	0
K13497	56
K13498	76
K13499	21
K13500	367
K13501	1
K13502	0
K13503	4
K13504	0
K13505	0
K13506	0
K13507	55
K13508	0
K13509	182
K13510	0
K13511	1
K13512	0
K13513	3
K13514	0
K13515	0
K13516	0
K13517	0
K13519	0
K13520	0
K13521	0
K13522	1163
K13523	0
K13524	0
K13525	622
K13526	0
K13527	58
K13528	0
K13529	11
K13530	707
K13531	1
K13532	1348
K13533	506
K13534	0
K13535	0
K13536	0
K13537	0
K13538	0
K13539	2
K13540	3
K13541	107
K13542	365
K13543	15
K13544	12
K13545	0
K13546	0
K13547	13
K13548	0
K13549	5
K13550	0
K13551	0
K13552	0
K13553	0
K13554	0
K13555	0
K13556	0
K13557	0
K13558	0
K13559	7
K13560	0
K13561	1
K13562	0
K13563	0
K13564	35
K13565	0
K13566	1447
K13567	0
K13568	0
K13570	0
K13571	0
K13572	995
K13573	1016
K13574	3
K13575	0
K13576	0
K13577	0
K13578	0
K13580	24
K13581	137
K13582	154
K13583	4
K13584	4
K13585	0
K13586	0
K13587	89
K13588	2
K13589	21
K13590	58
K13591	2
K13592	2
K13593	2
K13594	0
K13596	0
K13598	1261
K13599	45
K13600	0
K13601	3
K13602	2
K13603	2
K13604	1
K13605	2
K13606	0
K13607	0
K13608	0
K13609	1
K13610	0
K13611	139
K13612	15
K13613	39
K13614	27
K13615	1
K13616	45
K13617	0
K13618	0
K13619	2
K13620	0
K13621	1
K13622	29
K13623	25
K13624	23
K13625	0
K13626	0
K13627	0
K13628	1054
K13629	1
K13630	0
K13631	61
K13632	95
K13633	548
K13634	4
K13635	1
K13636	3
K13637	2
K13638	109
K13639	4
K13640	30
K13641	9
K13642	4
K13643	798
K13644	0
K13645	4
K13646	7
K13647	24
K13648	0
K13649	0
K13650	0
K13651	8
K13652	764
K13653	693
K13654	0
K13655	115
K13656	85
K13657	3
K13658	368
K13659	2
K13660	5
K13661	0
K13662	0
K13663	859
K13664	1
K13665	145
K13666	0
K13667	245
K13668	273
K13669	383
K13670	8
K13671	162
K13672	1
K13673	0
K13674	0
K13675	0
K13676	0
K13677	5
K13678	4
K13679	0
K13680	399
K13681	1
K13682	0
K13683	795
K13684	547
K13686	0
K13687	184
K13688	45
K13689	6
K13690	4
K13691	0
K13692	0
K13693	49
K13694	1209
K13695	637
K13696	0
K13697	0
K13698	1
K13699	0
K13700	0
K13701	2
K13702	2
K13703	5
K13704	3
K13705	0
K13706	1
K13707	0
K13708	0
K13709	0
K13710	0
K13711	0
K13712	0
K13713	13
K13714	0
K13715	0
K13716	0
K13717	3
K13718	0
K13719	0
K13720	2
K13721	0
K13722	0
K13723	0
K13724	1
K13725	0
K13726	0
K13727	14
K13728	0
K13729	0
K13730	824
K13731	0
K13732	0
K13733	0
K13734	0
K13735	296
K13736	0
K13737	0
K13738	0
K13739	0
K13740	0
K13741	0
K13742	0
K13743	0
K13744	0
K13745	386
K13746	557
K13747	556
K13748	36
K13749	0
K13750	0
K13751	0
K13752	0
K13753	0
K13754	0
K13755	0
K13756	0
K13757	0
K13758	0
K13759	0
K13760	0
K13761	0
K13762	1
K13763	0
K13764	0
K13765	0
K13766	1065
K13767	3
K13768	0
K13769	0
K13770	745
K13771	79
K13772	0
K13773	0
K13774	4
K13775	44
K13776	4
K13777	3
K13778	3
K13779	1
K13780	0
K13781	0
K13782	0
K13783	0
K13784	1
K13785	0
K13786	19
K13787	1436
K13788	969
K13789	144
K13790	0
K13791	1
K13792	0
K13793	0
K13794	0
K13795	4
K13796	5
K13797	8
K13798	2
K13799	1
K13800	27
K13801	0
K13802	1
K13803	0
K13804	0
K13805	0
K13806	5
K13807	1
K13808	0
K13809	0
K13810	103
K13811	0
K13812	0
K13813	0
K13814	0
K13815	10
K13816	14
K13818	17
K13819	86
K13820	0
K13821	80
K13822	1
K13823	1
K13824	0
K13825	0
K13826	0
K13827	0
K13828	0
K13829	292
K13830	1
K13831	41
K13832	63
K13833	0
K13834	14
K13835	0
K13836	0
K13837	8
K13838	0
K13839	0
K13840	0
K13841	0
K13842	0
K13843	0
K13844	0
K13845	0
K13846	0
K13847	0
K13848	0
K13849	1
K13850	0
K13851	2
K13852	0
K13853	0
K13854	0
K13855	0
K13856	0
K13857	0
K13858	0
K13859	0
K13860	0
K13861	0
K13862	0
K13863	0
K13864	0
K13865	1
K13866	2
K13867	0
K13868	4
K13869	0
K13870	0
K13871	0
K13872	0
K13873	0
K13874	38
K13875	192
K13876	25
K13877	535
K13878	0
K13879	0
K13880	0
K13881	0
K13882	0
K13883	0
K13884	24
K13885	0
K13886	0
K13887	0
K13888	200
K13889	1
K13890	0
K13891	3
K13892	384
K13893	34
K13894	34
K13895	34
K13896	32
K13897	0
K13898	0
K13899	2
K13900	0
K13901	0
K13902	0
K13903	0
K13904	0
K13905	0
K13906	0
K13907	39
K13908	0
K13909	0
K13910	0
K13911	0
K13912	0
K13913	0
K13914	1
K13915	0
K13916	0
K13917	0
K13918	1
K13919	0
K13920	0
K13921	10
K13922	0
K13923	5
K13924	447
K13925	209
K13926	198
K13927	12
K13928	1
K13929	6
K13930	13
K13931	5
K13932	5
K13933	3
K13934	5
K13935	5
K13936	24
K13937	6
K13938	3
K13939	38
K13940	9
K13941	132
K13942	0
K13943	0
K13944	0
K13945	0
K13946	0
K13947	0
K13948	2
K13949	0
K13950	25
K13951	0
K13952	0
K13953	313
K13954	41
K13955	166
K13956	109
K13957	0
K13958	0
K13959	3
K13960	0
K13961	0
K13962	0
K13963	235
K13964	0
K13965	0
K13966	1
K13967	3
K13968	0
K13969	0
K13970	0
K13971	0
K13972	0
K13973	0
K13974	0
K13975	0
K13976	0
K13977	0
K13978	0
K13979	766
K13980	0
K13981	0
K13982	1
K13983	1
K13984	9
K13985	1176
K13986	1
K13987	0
K13988	0
K13989	0
K13990	208
K13991	225
K13992	179
K13993	1180
K13994	0
K13995	13
K13996	10
K13997	0
K13998	2
K13999	0
K14000	9
K14001	0
K14002	3
K14003	4
K14004	0
K14005	0
K14006	0
K14007	0
K14008	0
K14009	1
K14010	0
K14011	0
K14012	0
K14013	0
K14014	0
K14015	0
K14016	0
K14017	0
K14018	3
K14019	0
K14020	0
K14021	0
K14022	0
K14023	2
K14024	0
K14025	0
K14026	29
K14027	0
K14028	0
K14029	0
K14030	0
K14031	0
K14032	0
K14033	0
K14034	0
K14035	0
K14036	0
K14037	0
K14038	0
K14039	0
K14040	0
K14041	0
K14042	0
K14043	0
K14044	0
K14045	0
K14046	0
K14047	0
K14048	16
K14050	1
K14051	0
K14052	4
K14053	97
K14054	993
K14055	871
K14056	350
K14057	3
K14058	308
K14059	903
K14060	610
K14061	130
K14062	11
K14063	157
K14064	1
K14065	0
K14066	0
K14067	0
K14068	0
K14069	0
K14070	0
K14071	0
K14072	0
K14073	2
K14074	0
K14075	1
K14076	0
K14077	0
K14078	0
K14079	0
K14080	27
K14081	0
K14082	98
K14083	0
K14084	35
K14085	1
K14086	0
K14087	0
K14088	0
K14089	0
K14090	5
K14091	20
K14092	0
K14093	0
K14094	0
K14095	0
K14096	0
K14097	0
K14098	0
K14099	0
K14100	0
K14101	0
K14102	0
K14103	0
K14104	0
K14105	1
K14106	1
K14107	113
K14108	49
K14109	0
K14110	0
K14111	0
K14112	0
K14113	3
K14114	0
K14115	0
K14116	0
K14117	0
K14118	0
K14119	0
K14120	15
K14121	0
K14122	0
K14123	0
K14124	0
K14125	0
K14126	0
K14127	33
K14128	0
K14129	0
K14130	0
K14131	0
K14132	0
K14133	0
K14134	0
K14135	0
K14136	467
K14137	0
K14138	0
K14139	0
K14140	0
K14141	0
K14142	0
K14143	0
K14144	0
K14145	0
K14146	0
K14147	0
K14148	0
K14149	0
K14150	0
K14151	0
K14152	29
K14153	58
K14154	7
K14155	635
K14156	0
K14157	614
K14158	0
K14159	10
K14160	175
K14161	178
K14162	622
K14163	1579
K14164	0
K14165	34
K14166	8
K14167	20
K14168	0
K14169	0
K14170	90
K14171	0
K14172	0
K14173	0
K14174	0
K14175	0
K14176	0
K14177	0
K14178	0
K14179	0
K14180	0
K14181	0
K14182	0
K14183	0
K14184	0
K14185	0
K14186	0
K14187	367
K14188	174
K14189	542
K14190	41
K14191	0
K14192	0
K14193	0
K14194	385
K14195	0
K14196	1
K14197	0
K14198	8
K14199	0
K14200	0
K14201	52
K14202	0
K14203	0
K14204	0
K14205	177
K14206	23
K14207	0
K14208	854
K14209	0
K14210	64
K14211	0
K14212	0
K14213	842
K14214	0
K14215	0
K14216	17
K14217	2
K14242	0
K14244	0
K14245	0
K14246	0
K14249	0
K14250	127
K14251	1
K14252	38
K14253	3
K14254	0
K14255	2
K14256	65
K14257	15
K14258	2
K14259	171
K14260	143
K14261	13
K14262	1
K14263	88
K14264	0
K14265	0
K14266	0
K14267	9
K14268	1
K14270	0
K14271	0
K14272	0
K14273	237
K14274	157
K14275	0
K14281	0
K14282	0
K14283	0
K14284	0
K14285	0
K14286	149
K14287	809
K14288	0
K14289	0
K14290	0
K14291	0
K14292	9
K14293	0
K14294	2
K14295	0
K14296	0
K14297	1
K14298	0
K14299	0
K14300	0
K14301	0
K14302	0
K14303	0
K14304	0
K14305	0
K14306	1
K14307	1
K14308	2
K14309	0
K14310	0
K14311	0
K14312	0
K14313	0
K14314	65
K14315	0
K14316	0
K14317	0
K14318	1
K14319	0
K14320	0
K14321	0
K14322	0
K14323	0
K14324	0
K14325	3
K14326	35
K14327	0
K14328	0
K14329	0
K14330	21
K14331	5
K14332	0
K14333	60
K14334	0
K14335	35
K14336	0
K14337	350
K14338	11
K14339	1
K14340	637
K14341	0
K14342	0
K14343	0
K14344	0
K14345	0
K14346	0
K14347	421
K14348	3
K14349	98
K14350	0
K14351	4
K14352	0
K14353	0
K14354	0
K14355	0
K14356	0
K14357	0
K14358	15
K14359	0
K14360	0
K14361	0
K14362	0
K14363	0
K14364	0
K14365	0
K14366	0
K14367	0
K14368	0
K14369	0
K14370	0
K14371	0
K14372	0
K14373	0
K14374	1
K14375	1
K14376	0
K14377	0
K14378	0
K14379	1047
K14380	0
K14381	0
K14382	1
K14383	4
K14384	0
K14385	0
K14386	261
K14387	14
K14388	344
K14389	5
K14390	0
K14391	295
K14392	186
K14393	250
K14394	84
K14395	0
K14396	0
K14397	0
K14398	0
K14399	2
K14400	0
K14401	0
K14402	0
K14403	0
K14404	0
K14405	1
K14406	0
K14407	3
K14408	0
K14409	0
K14410	0
K14411	0
K14412	0
K14413	0
K14414	1
K14415	807
K14416	0
K14417	0
K14418	0
K14419	0
K14420	0
K14421	1
K14422	88
K14423	0
K14424	2
K14425	0
K14426	0
K14427	7
K14428	0
K14429	1
K14430	13
K14431	0
K14432	0
K14433	0
K14434	41
K14435	0
K14436	0
K14437	10
K14438	0
K14439	27
K14440	339
K14441	1590
K14442	0
K14443	0
K14444	1
K14445	785
K14446	3
K14447	0
K14448	0
K14449	5
K14451	14
K14452	1
K14453	3
K14454	0
K14455	0
K14456	0
K14457	1
K14458	1
K14459	100
K14460	0
K14461	0
K14462	0
K14463	2
K14464	18
K14465	92
K14466	64
K14467	0
K14468	0
K14469	0
K14470	0
K14471	0
K14472	0
K14473	0
K14474	0
K14475	53
K14477	0
K14478	0
K14479	0
K14480	2
K14481	13
K14482	0
K14484	0
K14485	0
K14486	0
K14487	1564
K14488	0
K14489	2
K14490	0
K14491	0
K14492	2
K14493	0
K14494	7
K14495	0
K14496	0
K14497	0
K14498	0
K14499	0
K14500	2
K14501	0
K14502	0
K14503	0
K14504	0
K14505	0
K14506	326
K14507	0
K14508	0
K14509	8
K14510	0
K14512	0
K14513	0
K14514	0
K14515	0
K14516	0
K14517	2
K14518	0
K14519	1
K14520	25
K14521	0
K14522	0
K14523	0
K14524	0
K14525	0
K14526	0
K14527	0
K14528	0
K14529	0
K14530	0
K14531	0
K14532	0
K14533	0
K14534	56
K14535	0
K14536	0
K14537	0
K14538	0
K14539	0
K14540	3
K14541	0
K14543	0
K14544	0
K14545	0
K14546	2
K14547	0
K14548	6
K14549	0
K14550	0
K14551	0
K14552	5
K14553	5
K14554	11
K14555	6
K14556	100
K14557	0
K14558	1
K14559	0
K14560	0
K14561	0
K14562	0
K14563	0
K14564	0
K14565	0
K14566	0
K14567	0
K14568	0
K14569	0
K14570	0
K14571	47
K14572	4
K14573	0
K14574	0
K14575	126
K14577	0
K14578	3
K14579	0
K14580	0
K14581	6
K14582	0
K14583	0
K14584	27
K14585	0
K14586	0
K14587	0
K14588	11
K14589	0
K14590	0
K14591	0
K14592	4
K14593	0
K14594	0
K14595	0
K14596	204
K14597	268
K14598	130
K14599	0
K14600	0
K14601	0
K14602	0
K14603	0
K14604	0
K14605	1
K14606	0
K14607	0
K14608	2
K14609	0
K14610	0
K14611	0
K14612	0
K14613	0
K14614	0
K14615	0
K14616	58
K14617	0
K14618	0
K14619	0
K14620	0
K14621	0
K14622	0
K14623	522
K14624	0
K14625	0
K14626	1
K14627	0
K14628	0
K14629	14
K14630	0
K14631	5
K14632	17
K14633	5
K14634	0
K14635	0
K14636	0
K14637	121
K14638	2
K14639	0
K14640	20
K14641	0
K14642	0
K14643	0
K14644	0
K14645	432
K14647	281
K14648	3
K14649	0
K14650	0
K14651	1
K14652	1609
K14653	9
K14654	647
K14655	7
K14656	140
K14657	6
K14658	2
K14659	7
K14660	2
K14661	15
K14662	0
K14663	0
K14664	83
K14665	1
K14666	14
K14667	0
K14668	0
K14669	0
K14670	18
K14671	0
K14672	20
K14673	909
K14674	0
K14675	0
K14676	23
K14677	0
K14678	0
K14679	0
K14680	32
K14681	4
K14682	42
K14683	68
K14684	5
K14685	0
K14686	0
K14687	0
K14688	23
K14689	7
K14690	0
K14691	0
K14692	26
K14693	0
K14695	0
K14696	235
K14697	2
K14698	316
K14699	304
K14700	0
K14701	0
K14702	0
K14703	0
K14704	0
K14705	0
K14706	0
K14707	2
K14708	0
K14709	1
K14710	0
K14711	0
K14712	0
K14713	0
K14714	0
K14715	0
K14716	0
K14717	22
K14718	0
K14719	0
K14720	0
K14721	0
K14722	0
K14723	0
K14724	0
K14725	0
K14726	30
K14727	60
K14728	1
K14729	3
K14730	11
K14731	585
K14732	0
K14733	14
K14734	1
K14735	3
K14736	0
K14737	0
K14738	0
K14739	0
K14740	0
K14741	0
K14742	1611
K14743	2
K14744	2
K14745	0
K14746	0
K14747	0
K14748	0
K14749	0
K14750	1
K14751	0
K14752	0
K14753	1
K14754	0
K14755	2
K14756	0
K14757	0
K14758	0
K14759	15
K14760	0
K14761	200
K14762	2
K14763	0
K14764	0
K14765	0
K14766	0
K14767	0
K14768	0
K14769	0
K14770	0
K14771	0
K14772	0
K14773	0
K14774	0
K14775	0
K14776	0
K14777	1
K14778	1
K14779	0
K14780	0
K14781	0
K14782	0
K14783	0
K14784	0
K14785	0
K14786	0
K14787	3
K14788	0
K14789	0
K14790	0
K14791	0
K14792	229
K14793	5
K14794	0
K14795	0
K14796	0
K14797	0
K14798	0
K14799	0
K14800	0
K14801	3
K14802	0
K14803	0
K14804	0
K14805	0
K14806	0
K14807	0
K14808	0
K14809	0
K14810	0
K14811	0
K14812	0
K14813	0
K14814	0
K14815	0
K14816	0
K14817	0
K14818	0
K14819	23
K14820	0
K14821	0
K14822	0
K14823	0
K14824	0
K14825	0
K14826	28
K14827	0
K14828	0
K14829	1
K14830	1
K14831	0
K14832	0
K14833	0
K14834	0
K14835	0
K14836	0
K14837	4
K14838	0
K14839	0
K14840	0
K14841	0
K14842	0
K14843	0
K14844	0
K14845	0
K14846	0
K14847	0
K14848	0
K14849	0
K14850	0
K14851	0
K14852	0
K14853	0
K14854	0
K14855	3
K14856	0
K14857	0
K14858	0
K14859	0
K14860	0
K14861	0
K14862	0
K14863	0
K14864	0
K14937	0
K14938	0
K14939	0
K14940	452
K14941	0
K14942	0
K14943	0
K14944	0
K14945	0
K14946	0
K14947	0
K14948	0
K14949	2
K14950	0
K14951	0
K14952	542
K14953	16
K14954	0
K14955	0
K14956	0
K14957	0
K14958	0
K14959	0
K14960	0
K14961	0
K14962	3
K14963	8
K14964	0
K14965	0
K14966	0
K14967	0
K14968	0
K14969	0
K14970	0
K14971	0
K14972	0
K14973	0
K14974	8
K14975	0
K14976	0
K14977	76
K14978	8
K14979	508
K14980	34
K14981	29
K14982	195
K14983	228
K14984	0
K14985	0
K14986	235
K14987	32
K14988	6
K14989	14
K14990	0
K14991	0
K14992	0
K14993	2
K14994	0
K14995	2
K14996	0
K14997	1
K14998	8
K14999	0
K15001	10
K15003	0
K15004	0
K15005	0
K15006	0
K15007	0
K15008	0
K15009	0
K15010	54
K15011	5
K15012	59
K15013	3
K15014	1
K15015	0
K15016	37
K15017	0
K15018	0
K15019	6
K15020	3
K15022	36
K15023	0
K15024	0
K15025	0
K15026	0
K15027	0
K15028	0
K15029	0
K15030	0
K15031	0
K15032	0
K15033	0
K15034	961
K15036	0
K15037	0
K15038	1
K15039	0
K15040	0
K15041	0
K15042	416
K15043	0
K15044	0
K15045	26
K15046	103
K15047	0
K15048	10
K15049	0
K15050	0
K15051	20
K15052	0
K15053	0
K15054	238
K15055	1082
K15056	1
K15057	199
K15058	0
K15059	0
K15060	2
K15061	0
K15062	0
K15063	10
K15064	0
K15065	0
K15066	0
K15067	209
K15068	23
K15069	5
K15070	0
K15071	0
K15072	0
K15073	0
K15074	0
K15075	0
K15076	0
K15077	0
K15078	0
K15079	0
K15080	0
K15081	0
K15082	0
K15083	6
K15084	0
K15085	0
K15086	0
K15087	0
K15088	0
K15089	0
K15090	0
K15091	1
K15092	0
K15093	0
K15094	0
K15095	20
K15096	0
K15097	0
K15098	0
K15099	0
K15100	0
K15101	1
K15102	0
K15103	0
K15104	0
K15105	0
K15106	0
K15107	0
K15108	0
K15109	0
K15110	0
K15111	0
K15112	0
K15113	0
K15114	0
K15115	0
K15116	0
K15117	0
K15118	0
K15119	0
K15120	0
K15121	0
K15122	0
K15123	0
K15124	0
K15125	33
K15126	0
K15127	0
K15128	0
K15129	0
K15130	0
K15131	0
K15132	0
K15133	0
K15134	0
K15135	0
K15136	0
K15137	0
K15138	1
K15139	0
K15140	0
K15141	0
K15142	0
K15143	0
K15144	0
K15145	0
K15146	0
K15147	0
K15148	0
K15149	0
K15150	1
K15151	0
K15152	0
K15153	0
K15154	0
K15155	0
K15156	0
K15157	0
K15158	0
K15159	0
K15160	0
K15161	0
K15162	0
K15163	0
K15164	0
K15165	0
K15166	0
K15167	0
K15168	0
K15169	0
K15170	0
K15171	0
K15172	1
K15173	0
K15174	0
K15175	0
K15176	176
K15177	0
K15178	0
K15179	0
K15180	0
K15181	0
K15182	0
K15183	0
K15184	0
K15185	0
K15186	1
K15187	0
K15188	0
K15189	4
K15190	0
K15191	0
K15192	514
K15193	0
K15194	0
K15195	0
K15196	0
K15197	0
K15198	0
K15199	0
K15200	0
K15201	796
K15202	0
K15203	0
K15204	0
K15205	0
K15206	5
K15207	0
K15208	0
K15209	0
K15210	0
K15211	0
K15212	0
K15213	1
K15214	0
K15215	0
K15216	0
K15217	0
K15218	0
K15219	0
K15220	0
K15221	0
K15222	0
K15223	27
K15224	0
K15225	0
K15226	0
K15227	3
K15228	0
K15229	0
K15230	1
K15231	1
K15232	0
K15233	0
K15234	0
K15235	0
K15236	1
K15237	0
K15238	0
K15239	0
K15240	0
K15241	0
K15242	1
K15243	0
K15244	0
K15245	0
K15246	0
K15253	0
K15254	2
K15255	1301
K15256	813
K15257	163
K15258	0
K15259	0
K15260	2
K15261	26
K15262	0
K15263	0
K15264	0
K15265	0
K15266	0
K15267	0
K15268	1143
K15269	565
K15270	352
K15271	2
K15272	1
K15273	0
K15274	0
K15275	0
K15276	0
K15277	0
K15278	0
K15279	0
K15280	0
K15281	0
K15282	0
K15283	0
K15284	0
K15285	0
K15286	0
K15287	0
K15288	1
K15289	0
K15290	0
K15291	0
K15292	0
K15293	0
K15294	0
K15295	0
K15296	16
K15297	0
K15298	0
K15299	0
K15300	0
K15301	0
K15302	1
K15303	13
K15304	0
K15305	0
K15306	0
K15307	0
K15308	0
K15309	0
K15310	0
K15311	13
K15312	13
K15313	13
K15314	159
K15315	6
K15316	0
K15317	0
K15318	0
K15319	0
K15320	2
K15321	2
K15322	0
K15323	0
K15324	0
K15325	0
K15326	0
K15327	0
K15328	19
K15329	23
K15331	0
K15332	0
K15333	0
K15334	0
K15335	0
K15336	1
K15337	15
K15338	0
K15340	0
K15341	0
K15342	693
K15343	0
K15344	0
K15345	0
K15346	0
K15347	0
K15348	0
K15349	1
K15350	0
K15351	0
K15352	24
K15353	10
K15354	0
K15355	8
K15356	0
K15357	2
K15358	14
K15359	57
K15360	0
K15361	0
K15362	0
K15363	51
K15364	0
K15365	0
K15366	156
K15367	0
K15368	47
K15369	4
K15370	0
K15371	6
K15372	45
K15373	1
K15374	0
K15375	0
K15376	0
K15377	1
K15378	0
K15379	0
K15380	0
K15381	0
K15382	77
K15383	484
K15384	0
K15385	0
K15386	0
K15387	0
K15388	0
K15389	0
K15390	0
K15391	0
K15392	0
K15393	0
K15394	0
K15395	5
K15396	32
K15397	0
K15398	0
K15400	0
K15401	0
K15402	0
K15403	0
K15404	0
K15405	0
K15406	0
K15407	0
K15408	12
K15409	0
K15410	28
K15411	0
K15412	0
K15413	0
K15414	0
K15415	0
K15416	0
K15417	0
K15418	0
K15419	0
K15420	0
K15421	10
K15422	14
K15423	0
K15424	0
K15425	0
K15426	0
K15427	0
K15428	176
K15429	1
K15430	0
K15431	0
K15432	0
K15433	0
K15434	0
K15435	5
K15436	0
K15437	3
K15438	0
K15439	0
K15440	0
K15441	0
K15442	0
K15443	0
K15444	30
K15445	0
K15446	3
K15447	0
K15448	0
K15449	0
K15450	0
K15451	35
K15452	0
K15453	0
K15454	18
K15455	0
K15456	2
K15457	0
K15458	0
K15460	1552
K15461	1328
K15462	4
K15463	0
K15464	0
K15465	0
K15466	0
K15467	153
K15468	0
K15469	2
K15470	0
K15471	0
K15472	0
K15473	0
K15474	32
K15475	119
K15476	0
K15477	0
K15478	0
K15479	0
K15480	0
K15481	0
K15482	0
K15483	0
K15484	0
K15485	0
K15486	0
K15487	0
K15488	0
K15490	0
K15491	0
K15492	0
K15493	0
K15494	0
K15495	1
K15496	1
K15497	15
K15498	0
K15499	0
K15500	0
K15501	0
K15502	25
K15503	32
K15504	0
K15505	20
K15506	0
K15507	0
K15508	0
K15509	17
K15510	70
K15511	1
K15512	2
K15513	2
K15514	0
K15515	0
K15516	0
K15517	0
K15518	590
K15519	1240
K15520	200
K15521	80
K15522	0
K15523	279
K15524	6
K15525	6
K15526	0
K15527	72
K15528	0
K15529	168
K15530	713
K15531	271
K15532	856
K15533	0
K15534	12
K15535	210
K15536	3
K15537	830
K15538	356
K15539	60
K15540	2
K15541	0
K15542	0
K15543	0
K15544	0
K15545	3
K15546	47
K15547	480
K15548	5
K15549	86
K15550	1
K15551	5
K15552	4
K15553	346
K15554	107
K15555	3
K15556	0
K15557	0
K15558	0
K15559	2
K15560	0
K15561	0
K15562	0
K15563	0
K15564	0
K15565	0
K15566	0
K15567	0
K15568	0
K15569	0
K15570	0
K15571	0
K15572	0
K15573	0
K15574	0
K15575	0
K15576	95
K15577	95
K15578	60
K15579	72
K15580	73
K15581	4
K15582	4
K15583	5
K15584	0
K15585	0
K15586	0
K15587	1
K15588	1
K15589	0
K15590	0
K15591	0
K15592	0
K15593	0
K15594	0
K15595	0
K15596	0
K15598	21
K15599	5
K15600	6
K15601	3
K15602	0
K15603	0
K15604	0
K15605	0
K15606	0
K15607	0
K15608	0
K15609	0
K15610	0
K15611	0
K15612	0
K15613	0
K15614	0
K15615	0
K15616	0
K15617	0
K15618	0
K15619	0
K15620	14
K15621	0
K15622	0
K15623	0
K15624	0
K15625	0
K15626	0
K15627	0
K15628	0
K15629	22
K15630	17
K15631	12
K15632	2
K15633	1508
K15634	351
K15635	347
K15636	0
K15637	7
K15638	0
K15639	0
K15640	20
K15641	16
K15642	10
K15643	1
K15644	0
K15645	0
K15646	0
K15647	0
K15648	0
K15649	0
K15650	7
K15651	0
K15652	5
K15653	5
K15654	56
K15655	83
K15656	3
K15657	15
K15658	6
K15659	9
K15660	10
K15661	124
K15662	22
K15663	14
K15664	4
K15665	12
K15666	35
K15667	26
K15668	20
K15669	91
K15670	0
K15671	0
K15672	0
K15673	0
K15674	19
K15675	6
K15676	1
K15677	20
K15678	8
K15679	4
K15680	0
K15681	0
K15682	0
K15683	0
K15684	0
K15685	0
K15686	0
K15687	0
K15688	3
K15689	0
K15690	0
K15691	0
K15692	13
K15693	0
K15694	0
K15695	0
K15696	0
K15697	0
K15698	0
K15699	0
K15700	0
K15701	0
K15702	0
K15703	0
K15704	0
K15705	0
K15706	0
K15707	259
K15708	0
K15709	0
K15710	1
K15711	19
K15712	12
K15713	0
K15714	0
K15715	0
K15716	0
K15717	5
K15718	0
K15719	285
K15720	2
K15721	295
K15722	0
K15723	3
K15724	6
K15725	1324
K15726	1237
K15727	1384
K15728	0
K15729	0
K15730	0
K15731	4
K15732	0
K15733	0
K15734	157
K15735	25
K15736	206
K15737	0
K15738	1565
K15739	5
K15740	195
K15741	0
K15742	0
K15743	0
K15744	0
K15745	0
K15746	882
K15747	0
K15748	0
K15749	0
K15750	1
K15751	0
K15752	12
K15753	0
K15754	0
K15755	0
K15756	1
K15757	0
K15758	0
K15759	0
K15760	0
K15761	0
K15762	82
K15763	0
K15764	0
K15765	3
K15766	0
K15767	0
K15768	1
K15769	0
K15770	2
K15771	10
K15772	1
K15773	1185
K15774	0
K15775	0
K15776	0
K15777	681
K15778	27
K15779	1537
K15780	152
K15781	77
K15782	0
K15783	0
K15784	19
K15785	0
K15786	0
K15787	0
K15789	1394
K15790	0
K15791	0
K15792	3
K15793	0
K15794	0
K15795	0
K15796	0
K15797	0
K15798	0
K15799	0
K15800	0
K15801	0
K15802	0
K15803	0
K15804	0
K15805	0
K15806	0
K15807	0
K15808	0
K15809	0
K15810	0
K15811	0
K15812	0
K15813	0
K15814	0
K15815	0
K15816	0
K15817	0
K15818	0
K15819	0
K15820	0
K15821	0
K15822	0
K15823	0
K15824	0
K15825	7
K15826	0
K15827	0
K15828	0
K15829	0
K15830	32
K15831	20
K15832	22
K15833	0
K15834	2
K15835	2
K15836	368
K15837	154
K15838	0
K15839	1
K15840	0
K15842	0
K15843	0
K15844	0
K15845	0
K15846	3
K15847	0
K15848	0
K15849	14
K15850	5
K15852	0
K15853	1
K15854	1
K15855	140
K15856	149
K15857	6
K15858	2
K15859	0
K15860	0
K15861	3
K15862	995
K15863	0
K15864	1
K15865	31
K15866	435
K15867	0
K15868	3
K15869	0
K15870	0
K15871	0
K15872	28
K15873	0
K15874	0
K15876	380
K15877	0
K15878	0
K15879	0
K15884	0
K15885	0
K15886	0
K15887	0
K15888	0
K15889	33
K15890	49
K15891	42
K15892	0
K15893	0
K15894	229
K15895	0
K15896	175
K15897	146
K15898	170
K15899	117
K15901	0
K15902	0
K15903	0
K15904	0
K15907	0
K15908	0
K15909	0
K15910	60
K15911	0
K15912	10
K15913	376
K15914	324
K15915	874
K15916	39
K15918	14
K15919	3
K15920	96
K15921	935
K15922	0
K15923	1027
K15924	562
K15925	2
K15926	0
K15927	0
K15928	0
K15929	0
K15930	1
K15931	0
K15932	41
K15933	0
K15934	0
K15935	0
K15936	0
K15937	0
K15938	0
K15939	0
K15941	190
K15942	1
K15943	6
K15944	3
K15945	204
K15946	0
K15947	0
K15948	0
K15949	15
K15950	0
K15951	0
K15952	0
K15953	1
K15954	0
K15955	0
K15956	0
K15957	2
K15958	0
K15959	0
K15960	0
K15961	0
K15962	0
K15963	0
K15964	0
K15965	0
K15966	0
K15967	0
K15968	0
K15969	7
K15970	4
K15971	175
K15972	0
K15973	980
K15974	160
K15975	409
K15976	260
K15977	1464
K15978	0
K15979	0
K15980	102
K15981	0
K15982	2
K15983	19
K15984	110
K15985	0
K15986	33
K15987	1290
K15988	0
K15989	0
K15990	0
K15991	0
K15992	0
K15993	0
K15994	0
K15995	15
K15996	0
K15997	0
K15998	0
K15999	0
K16000	0
K16001	0
K16002	0
K16003	0
K16004	0
K16005	0
K16006	0
K16007	0
K16008	0
K16009	0
K16010	0
K16011	582
K16012	20
K16013	21
K16014	2
K16015	0
K16016	29
K16017	2
K16018	0
K16019	1
K16020	0
K16021	0
K16022	2
K16023	0
K16024	1
K16025	7
K16026	0
K16027	113
K16028	36
K16029	0
K16030	0
K16031	0
K16032	0
K16033	264
K16034	0
K16035	0
K16036	8
K16037	0
K16038	6
K16039	0
K16040	1
K16041	0
K16042	0
K16043	477
K16044	1161
K16045	1
K16046	1
K16047	57
K16048	53
K16049	1
K16050	19
K16051	17
K16052	556
K16053	1220
K16054	0
K16055	526
K16056	0
K16057	0
K16058	0
K16059	0
K16060	0
K16061	0
K16062	0
K16063	0
K16064	0
K16065	0
K16066	1355
K16067	0
K16068	0
K16069	0
K16070	0
K16071	0
K16072	6
K16073	0
K16074	17
K16075	2
K16076	5
K16077	1
K16078	989
K16079	582
K16080	109
K16081	2
K16082	0
K16083	0
K16084	0
K16085	0
K16086	0
K16087	1293
K16088	104
K16089	1593
K16090	1052
K16091	692
K16092	1609
K16093	35
K16094	23
K16095	88
K16096	0
K16097	10
K16098	0
K16099	0
K16100	0
K16101	0
K16102	0
K16103	0
K16104	0
K16105	8
K16106	2
K16107	0
K16108	2
K16109	0
K16110	0
K16111	0
K16112	0
K16113	0
K16114	0
K16115	0
K16116	0
K16117	0
K16118	14
K16122	6
K16123	60
K16124	244
K16125	2
K16126	0
K16127	1
K16128	0
K16129	9
K16130	11
K16131	5
K16132	17
K16133	0
K16134	0
K16135	5
K16136	2
K16137	792
K16138	36
K16139	1
K16140	0
K16141	0
K16142	0
K16143	67
K16144	0
K16145	0
K16146	89
K16147	303
K16148	193
K16149	32
K16150	1009
K16151	1
K16152	1
K16153	940
K16157	0
K16158	0
K16159	0
K16160	0
K16161	0
K16162	0
K16163	66
K16164	55
K16165	749
K16166	0
K16167	556
K16168	151
K16169	0
K16170	0
K16171	236
K16172	0
K16173	6
K16174	0
K16175	14
K16176	0
K16177	0
K16178	0
K16179	68
K16180	20
K16181	13
K16182	0
K16183	7
K16184	0
K16185	0
K16186	0
K16188	0
K16189	0
K16190	30
K16191	556
K16192	0
K16193	0
K16194	0
K16195	0
K16196	0
K16197	0
K16198	0
K16199	247
K16200	0
K16201	0
K16202	0
K16203	1
K16204	0
K16205	0
K16206	0
K16207	0
K16208	0
K16209	0
K16210	0
K16211	1087
K16212	542
K16213	499
K16214	65
K16215	0
K16216	146
K16217	0
K16218	0
K16219	1
K16220	0
K16221	0
K16222	0
K16223	0
K16224	0
K16225	0
K16226	4
K16227	0
K16228	6
K16229	3
K16230	0
K16231	0
K16232	0
K16233	5
K16234	2
K16235	0
K16236	0
K16237	0
K16238	175
K16239	20
K16240	0
K16241	0
K16242	104
K16243	2
K16244	2
K16245	2
K16246	71
K16247	223
K16248	1
K16249	2
K16250	3
K16251	0
K16252	0
K16253	0
K16254	2
K16255	6
K16256	5
K16257	29
K16258	17
K16259	0
K16260	246
K16261	0
K16262	3
K16263	18
K16264	960
K16265	0
K16266	0
K16267	979
K16268	0
K16269	0
K16270	0
K16271	0
K16272	0
K16273	0
K16274	0
K16275	0
K16276	10
K16277	0
K16278	0
K16279	0
K16280	0
K16281	0
K16282	0
K16283	0
K16284	0
K16285	0
K16286	0
K16287	0
K16288	1
K16289	1
K16290	0
K16291	81
K16292	8
K16293	27
K16294	1
K16295	0
K16296	0
K16297	0
K16298	40
K16301	14
K16302	3
K16303	0
K16304	4
K16305	0
K16306	13
K16307	4
K16308	13
K16309	0
K16310	0
K16311	0
K16312	0
K16313	0
K16314	0
K16315	0
K16316	0
K16317	4
K16318	30
K16319	0
K16320	10
K16321	0
K16322	117
K16323	0
K16324	0
K16325	0
K16326	33
K16327	514
K16328	25
K16329	15
K16330	8
K16331	51
K16332	0
K16333	0
K16334	0
K16335	0
K16336	0
K16337	0
K16338	0
K16339	152
K16340	82
K16341	0
K16342	1
K16343	3
K16344	0
K16345	257
K16346	2
K16347	2
K16348	3
K16349	0
K16350	0
K16351	7
K16352	0
K16353	100
K16354	0
K16355	0
K16356	0
K16357	0
K16358	0
K16359	0
K16360	8
K16361	0
K16362	0
K16363	1562
K16364	0
K16365	164
K16366	0
K16367	0
K16368	1
K16369	1
K16370	241
K16371	33
K16372	1
K16373	0
K16374	0
K16375	0
K16376	0
K16377	2
K16378	4
K16379	0
K16380	3
K16381	56
K16382	0
K16383	0
K16384	1
K16385	0
K16386	1
K16387	0
K16388	0
K16389	0
K16390	0
K16391	0
K16392	0
K16393	0
K16394	0
K16395	0
K16396	0
K16397	4
K16398	0
K16399	3
K16400	0
K16401	0
K16402	0
K16403	0
K16404	0
K16405	0
K16406	1
K16407	0
K16408	0
K16409	0
K16410	1
K16411	0
K16412	0
K16413	28
K16414	5
K16415	0
K16416	143
K16417	0
K16418	0
K16419	0
K16420	0
K16421	0
K16422	49
K16423	10
K16424	0
K16425	0
K16426	0
K16427	0
K16428	5
K16429	8
K16430	0
K16431	210
K16432	0
K16433	0
K16434	0
K16435	28
K16436	7
K16437	24
K16438	0
K16439	0
K16440	0
K16442	0
K16443	0
K16444	0
K16445	0
K16446	0
K16447	0
K16448	0
K16449	0
K16450	0
K16451	2
K16452	2
K16453	0
K16454	0
K16455	0
K16456	1
K16457	1
K16458	0
K16459	0
K16460	2
K16461	57
K16462	1
K16463	0
K16464	25
K16465	0
K16466	0
K16467	6
K16468	2
K16469	4
K16470	0
K16471	0
K16472	0
K16473	0
K16474	100
K16475	2
K16476	10
K16477	4
K16478	0
K16479	0
K16480	3
K16481	0
K16482	3
K16483	0
K16484	0
K16485	1
K16486	0
K16487	28
K16488	2
K16489	0
K16490	0
K16491	0
K16492	0
K16493	0
K16494	0
K16495	1
K16496	0
K16497	0
K16498	5
K16499	0
K16500	5
K16501	2
K16502	7
K16503	6
K16504	0
K16505	1
K16506	11
K16507	71
K16509	66
K16510	0
K16511	0
K16512	0
K16513	0
K16514	5
K16515	7
K16516	0
K16517	1
K16518	0
K16519	0
K16520	0
K16521	0
K16522	0
K16523	0
K16524	0
K16525	0
K16526	0
K16527	0
K16528	0
K16529	0
K16530	0
K16531	216
K16532	2
K16533	2
K16534	0
K16535	0
K16536	10
K16537	0
K16538	0
K16539	0
K16540	2
K16541	0
K16542	1
K16543	1
K16544	0
K16545	0
K16546	0
K16547	0
K16548	0
K16549	3
K16550	122
K16551	31
K16552	4
K16553	0
K16554	765
K16555	218
K16556	7
K16557	1383
K16558	92
K16559	1070
K16560	175
K16561	0
K16562	1
K16563	26
K16564	2
K16565	0
K16566	464
K16567	286
K16568	1296
K16569	0
K16570	0
K16571	0
K16572	0
K16573	0
K16574	0
K16575	0
K16576	0
K16578	1
K16579	0
K16580	0
K16581	0
K16582	0
K16583	0
K16584	0
K16585	0
K16586	0
K16587	0
K16588	0
K16589	0
K16590	0
K16591	0
K16593	73
K16594	0
K16595	0
K16596	0
K16597	0
K16598	0
K16599	0
K16600	0
K16601	0
K16602	0
K16603	0
K16604	0
K16605	3
K16606	0
K16607	0
K16608	0
K16609	0
K16610	0
K16611	0
K16612	0
K16613	0
K16614	0
K16615	0
K16616	0
K16617	0
K16618	0
K16619	1
K16620	1
K16621	1
K16622	0
K16623	3
K16624	40
K16625	0
K16626	0
K16627	0
K16628	175
K16629	2
K16630	1
K16631	0
K16632	0
K16633	0
K16634	1
K16635	1
K16636	0
K16637	1
K16638	2
K16639	152
K16640	0
K16641	0
K16642	0
K16643	0
K16644	0
K16645	0
K16646	1
K16647	3
K16648	26
K16649	184
K16650	3
K16651	10
K16652	229
K16653	253
K16654	0
K16655	0
K16656	0
K16657	0
K16658	0
K16659	0
K16660	0
K16661	0
K16662	0
K16663	0
K16664	1
K16665	0
K16666	0
K16667	28
K16668	0
K16669	144
K16670	0
K16671	0
K16672	0
K16673	0
K16674	0
K16675	0
K16676	0
K16677	0
K16678	0
K16679	0
K16680	3
K16681	7
K16682	0
K16683	0
K16684	0
K16685	0
K16686	0
K16687	0
K16688	0
K16689	0
K16690	1
K16691	0
K16692	1506
K16693	353
K16694	869
K16695	410
K16696	0
K16697	268
K16698	1450
K16699	783
K16700	2
K16701	14
K16702	204
K16703	417
K16704	151
K16705	386
K16706	10
K16707	1
K16708	31
K16709	1
K16710	397
K16711	0
K16712	1
K16713	0
K16714	0
K16715	0
K16717	0
K16718	42
K16719	0
K16720	0
K16721	0
K16722	6
K16724	0
K16725	4
K16726	4
K16727	0
K16728	4
K16729	0
K16731	17
K16732	0
K16733	0
K16734	0
K16735	0
K16737	0
K16738	0
K16739	0
K16740	0
K16741	0
K16742	0
K16743	1
K16744	0
K16745	0
K16746	0
K16747	0
K16748	0
K16749	1
K16750	0
K16751	0
K16752	0
K16753	0
K16754	0
K16755	0
K16756	0
K16757	2
K16758	0
K16759	0
K16760	1
K16761	0
K16762	0
K16763	1
K16764	0
K16765	0
K16766	0
K16767	0
K16768	0
K16769	0
K16770	3
K16771	0
K16772	0
K16773	0
K16774	0
K16775	0
K16776	0
K16777	0
K16778	0
K16779	0
K16780	0
K16781	18
K16782	0
K16783	0
K16784	10
K16785	19
K16786	11
K16787	5
K16788	2
K16789	0
K16790	0
K16791	0
K16792	1
K16793	6
K16794	1
K16795	200
K16796	0
K16797	0
K16798	0
K16799	0
K16800	0
K16801	0
K16802	0
K16803	0
K16804	0
K16805	0
K16806	0
K16807	0
K16808	63
K16809	0
K16810	0
K16811	0
K16812	0
K16813	0
K16814	0
K16815	39
K16816	0
K16817	25
K16818	19
K16819	0
K16820	0
K16821	0
K16822	0
K16823	0
K16824	0
K16825	0
K16826	0
K16827	0
K16828	0
K16829	0
K16830	0
K16831	0
K16832	0
K16833	0
K16834	0
K16835	0
K16836	0
K16837	0
K16838	0
K16839	429
K16840	29
K16841	37
K16842	194
K16843	0
K16844	0
K16845	1
K16846	1
K16847	1
K16848	0
K16849	11
K16850	13
K16851	0
K16852	0
K16853	0
K16854	0
K16855	0
K16856	2
K16857	19
K16858	0
K16859	0
K16860	1
K16861	0
K16862	225
K16865	0
K16866	180
K16867	0
K16868	1040
K16869	3
K16870	1610
K16871	0
K16872	2
K16873	3
K16874	0
K16875	0
K16876	0
K16877	0
K16878	0
K16879	0
K16880	0
K16881	50
K16882	0
K16883	0
K16884	0
K16885	0
K16886	0
K16887	115
K16888	0
K16889	0
K16890	0
K16891	0
K16892	0
K16893	0
K16894	0
K16895	0
K16896	0
K16897	0
K16898	1487
K16899	1487
K16900	0
K16901	2
K16902	6
K16903	0
K16904	1224
K16905	23
K16906	26
K16907	25
K16908	0
K16909	0
K16910	91
K16911	0
K16912	0
K16913	0
K16914	27
K16915	28
K16916	0
K16917	0
K16918	1
K16919	69
K16920	4
K16921	589
K16922	165
K16923	21
K16924	2
K16925	1
K16926	28
K16927	0
K16928	13
K16929	0
K16930	0
K16931	11
K16932	0
K16933	0
K16934	0
K16935	0
K16936	0
K16937	544
K16938	0
K16939	1
K16940	0
K16941	0
K16942	0
K16943	0
K16944	0
K16945	0
K16946	0
K16947	0
K16948	1
K16949	0
K16950	0
K16951	37
K16952	0
K16953	16
K16954	0
K16955	0
K16956	0
K16957	0
K16958	2
K16959	0
K16960	0
K16961	5
K16962	4
K16963	6
K16964	0
K16965	0
K16966	0
K16967	0
K16968	0
K16969	4
K17043	0
K17044	0
K17045	0
K17046	0
K17047	0
K17048	0
K17049	0
K17050	0
K17051	0
K17052	0
K17053	0
K17054	0
K17055	0
K17056	0
K17057	0
K17058	0
K17059	0
K17060	2
K17061	3
K17062	3
K17063	0
K17064	1
K17065	0
K17066	0
K17067	0
K17068	8
K17069	440
K17070	0
K17071	33
K17072	13
K17073	0
K17074	3
K17076	0
K17077	43
K17078	14
K17079	0
K17080	456
K17081	22
K17082	0
K17083	0
K17084	0
K17085	0
K17086	0
K17087	0
K17088	0
K17089	2
K17090	0
K17091	0
K17092	1
K17093	2
K17094	2
K17095	8
K17096	1
K17097	0
K17098	1
K17099	4
K17100	101
K17101	0
K17102	0
K17103	1606
K17104	547
K17105	1065
K17106	0
K17107	1
K17108	313
K17192	0
K17193	0
K17194	0
K17195	0
K17196	0
K17197	0
K17198	0
K17199	13
K17200	0
K17201	0
K17202	58
K17203	0
K17204	0
K17205	1
K17206	3
K17207	1
K17208	0
K17209	0
K17210	0
K17211	0
K17212	0
K17213	28
K17214	25
K17215	9
K17216	0
K17217	250
K17218	280
K17219	1
K17220	1
K17221	0
K17222	2
K17223	760
K17224	147
K17225	73
K17226	2
K17227	2
K17228	36
K17229	3
K17230	8
K17231	114
K17232	0
K17233	0
K17234	0
K17235	0
K17236	0
K17237	0
K17238	0
K17239	0
K17240	0
K17241	0
K17242	0
K17243	0
K17244	0
K17245	0
K17246	0
K17247	80
K17248	62
K17249	127
K17250	53
K17251	0
K17252	0
K17253	254
K17254	6
K17255	0
K17256	307
K17257	451
K17258	5
K17259	0
K17260	0
K17261	0
K17262	0
K17263	1
K17264	0
K17265	0
K17266	7
K17267	0
K17268	1
K17269	0
K17270	0
K17271	0
K17272	0
K17273	0
K17274	0
K17275	0
K17276	0
K17277	0
K17278	259
K17279	0
K17280	0
K17281	1
K17282	1
K17283	1
K17284	0
K17285	1
K17286	350
K17287	0
K17288	0
K17289	0
K17290	971
K17291	1
K17292	0
K17293	0
K17294	0
K17295	1
K17296	0
K17297	0
K17298	0
K17299	0
K17300	0
K17301	0
K17302	1
K17303	0
K17304	5
K17305	0
K17306	0
K17307	0
K17308	0
K17309	2
K17310	6
K17311	0
K17312	0
K17313	0
K17314	0
K17315	4
K17316	2
K17317	2
K17318	17
K17319	0
K17320	0
K17321	8
K17322	8
K17323	8
K17324	8
K17325	8
K17326	0
K17327	0
K17328	0
K17329	29
K17330	0
K17331	0
K17332	0
K17333	0
K17334	0
K17335	0
K17336	0
K17337	1
K17338	0
K17339	0
K17340	0
K17341	81
K17342	0
K17343	0
K17344	0
K17345	0
K17346	0
K17347	0
K17348	0
K17349	0
K17350	0
K17351	0
K17352	1
K17353	1
K17354	0
K17355	0
K17356	0
K17357	0
K17358	0
K17359	0
K17360	8
K17361	3
K17362	440
K17363	30
K17364	0
K17382	185
K17383	0
K17384	0
K17385	0
K17386	0
K17387	0
K17388	0
K17390	0
K17391	0
K17392	0
K17398	25
K17399	1
K17400	0
K17401	0
K17402	0
K17403	0
K17404	0
K17405	0
K17406	0
K17407	0
K17408	0
K17409	0
K17410	0
K17411	0
K17412	0
K17413	0
K17414	0
K17415	0
K17417	0
K17418	0
K17419	0
K17420	0
K17421	0
K17422	0
K17423	0
K17424	0
K17425	0
K17426	0
K17427	0
K17428	0
K17429	0
K17430	0
K17431	0
K17432	0
K17433	0
K17434	0
K17435	0
K17436	0
K17437	0
K17438	0
K17439	0
K17440	0
K17441	0
K17442	0
K17443	0
K17444	0
K17445	0
K17446	0
K17447	0
K17448	0
K17449	0
K17450	1304
K17451	0
K17452	0
K17453	0
K17454	0
K17455	4
K17456	0
K17457	1
K17458	0
K17459	0
K17460	0
K17461	0
K17462	329
K17463	0
K17464	0
K17465	1
K17466	0
K17467	1
K17468	73
K17469	0
K17470	0
K17471	1
K17472	749
K17473	0
K17474	0
K17475	0
K17476	0
K17477	0
K17478	0
K17479	5
K17480	0
K17481	0
K17482	0
K17483	0
K17484	1
K17485	0
K17486	0
K17487	7
K17488	0
K17489	0
K17490	0
K17491	0
K17492	0
K17493	0
K17494	0
K17495	16
K17496	0
K17497	9
K17498	0
K17499	0
K17500	0
K17501	5
K17502	0
K17503	0
K17504	0
K17505	0
K17506	1
K17507	0
K17508	4
K17509	8
K17510	0
K17511	0
K17512	0
K17513	4
K17514	0
K17515	0
K17516	0
K17517	1
K17518	0
K17519	0
K17520	0
K17521	0
K17522	0
K17523	58
K17524	0
K17525	0
K17526	0
K17527	29
K17528	0
K17529	1
K17530	0
K17531	6
K17532	0
K17533	0
K17534	0
K17535	0
K17536	0
K17537	0
K17538	0
K17539	1
K17540	0
K17541	0
K17542	0
K17543	0
K17544	3
K17545	0
K17546	0
K17547	0
K17548	0
K17549	0
K17550	596
K17551	1
K17552	0
K17553	0
K17554	0
K17555	0
K17556	0
K17557	0
K17558	0
K17559	0
K17560	0
K17561	0
K17562	0
K17563	0
K17564	0
K17565	0
K17566	0
K17567	0
K17568	0
K17569	0
K17570	514
K17571	0
K17572	0
K17573	0
K17574	0
K17575	0
K17576	1
K17577	0
K17578	0
K17579	2
K17580	3
K17581	0
K17582	0
K17583	0
K17584	5
K17586	0
K17587	0
K17588	0
K17589	10
K17590	0
K17591	1
K17592	77
K17593	0
K17594	0
K17595	0
K17596	0
K17597	0
K17598	0
K17599	0
K17600	0
K17601	1
K17602	0
K17603	0
K17604	0
K17605	0
K17606	0
K17607	0
K17608	0
K17609	403
K17610	0
K17611	0
K17612	0
K17613	0
K17614	0
K17615	0
K17616	11
K17617	16
K17618	1
K17619	6
K17620	0
K17621	0
K17622	0
K17623	20
K17624	51
K17625	0
K17626	0
K17630	0
K17631	0
K17632	0
K17633	0
K17634	0
K17635	0
K17636	0
K17637	1
K17638	0
K17639	0
K17640	1
K17641	262
K17642	0
K17643	0
K17644	4
K17645	0
K17646	0
K17647	0
K17648	123
K17649	0
K17650	0
K17651	0
K17652	0
K17653	0
K17654	0
K17655	3
K17656	0
K17657	0
K17658	111
K17659	0
K17660	0
K17661	0
K17662	2
K17663	0
K17664	0
K17665	0
K17666	0
K17667	0
K17668	0
K17669	0
K17670	0
K17671	0
K17672	0
K17673	0
K17674	0
K17675	6
K17676	0
K17677	193
K17678	0
K17679	0
K17680	393
K17681	1
K17682	0
K17683	0
K17685	0
K17686	909
K17687	0
K17689	0
K17690	0
K17691	0
K17692	0
K17693	0
K17694	0
K17695	0
K17696	0
K17697	0
K17698	0
K17699	0
K17700	0
K17701	0
K17702	0
K17703	0
K17704	0
K17705	1
K17706	0
K17707	0
K17708	0
K17709	0
K17710	2
K17711	0
K17712	0
K17713	892
K17714	0
K17715	0
K17716	397
K17717	57
K17718	0
K17719	0
K17720	0
K17721	0
K17722	45
K17723	76
K17724	26
K17725	3
K17726	0
K17728	0
K17729	0
K17730	0
K17731	0
K17732	214
K17733	453
K17734	1285
K17735	2
K17736	147
K17737	19
K17738	3
K17739	1
K17740	5
K17741	184
K17742	4
K17743	0
K17744	1
K17745	245
K17746	1
K17747	0
K17748	0
K17749	2
K17750	0
K17751	1
K17752	185
K17753	0
K17754	11
K17755	3
K17756	25
K17757	0
K17758	216
K17759	8
K17760	11
K17761	0
K17762	121
K17763	122
K17764	0
K17765	0
K17766	10
K17767	0
K17768	319
K17769	0
K17770	0
K17771	0
K17772	0
K17773	0
K17774	0
K17775	0
K17776	0
K17777	0
K17778	0
K17779	0
K17780	0
K17781	0
K17782	0
K17783	0
K17784	0
K17785	2
K17786	0
K17787	0
K17788	0
K17789	0
K17790	0
K17791	0
K17792	0
K17793	0
K17794	0
K17795	0
K17796	1
K17797	0
K17798	0
K17799	0
K17800	293
K17801	0
K17802	0
K17803	30
K17804	2
K17805	0
K17806	0
K17807	0
K17808	0
K17809	0
K17810	340
K17811	2
K17812	0
K17813	0
K17814	0
K17815	0
K17816	29
K17817	0
K17818	0
K17819	0
K17820	0
K17821	0
K17822	0
K17823	0
K17824	0
K17825	0
K17826	0
K17827	0
K17828	510
K17829	0
K17830	576
K17831	90
K17832	0
K17833	0
K17834	2
K17835	3
K17836	654
K17837	327
K17838	162
K17839	20
K17840	34
K17841	1
K17842	0
K17843	0
K17844	0
K17845	0
K17846	0
K17847	0
K17848	0
K17849	0
K17850	1
K17851	0
K17852	0
K17853	0
K17854	0
K17861	0
K17862	1
K17863	0
K17864	0
K17865	324
K17866	0
K17867	33
K17868	0
K17869	0
K17870	311
K17872	0
K17873	0
K17874	0
K17875	0
K17876	1
K17877	0
K17878	0
K17879	758
K17880	4
K17881	0
K17882	2
K17883	2
K17884	632
K17885	0
K17886	0
K17887	0
K17888	0
K17889	0
K17890	51
K17891	0
K17892	4
K17893	1
K17894	0
K17895	0
K17896	0
K17897	0
K17898	0
K17899	0
K17900	2
K17901	0
K17902	0
K17903	0
K17904	0
K17905	0
K17906	0
K17907	0
K17908	0
K17909	0
K17910	27
K17911	0
K17912	0
K17913	0
K17914	0
K17915	5
K17916	0
K17917	0
K17918	0
K17919	0
K17920	0
K17921	0
K17922	0
K17923	0
K17924	0
K17925	0
K17926	0
K17927	0
K17928	3
K17929	0
K17930	0
K17931	0
K17932	0
K17933	0
K17934	0
K17935	0
K17936	0
K17937	0
K17938	3
K17939	1
K17940	0
K17941	0
K17942	0
K17943	0
K17944	0
K17945	3
K17946	0
K17947	177
K17948	477
K17949	0
K17950	27
K17951	0
K17952	0
K17953	0
K17958	0
K17960	0
K17961	0
K17962	0
K17963	0
K17964	4
K17965	0
K17966	0
K17967	0
K17968	0
K17969	3
K17970	3
K17971	3
K17972	0
K17973	0
K17974	0
K17975	5
K17976	0
K17977	0
K17978	2
K17979	0
K17980	0
K17981	0
K17982	0
K17983	0
K17984	0
K17985	0
K17986	0
K17987	1
K17988	1
K17989	5
K17990	109
K17991	0
K17992	68
K17993	7
K17994	7
K17995	1
K17996	38
K17997	22
K17998	0
K17999	20
K18000	2
K18001	2
K18002	3
K18003	6
K18004	2
K18005	23
K18006	6
K18007	1
K18008	0
K18009	1033
K18010	0
K18011	57
K18012	57
K18013	101
K18014	53
K18015	0
K18016	0
K18017	0
K18018	0
K18019	0
K18020	0
K18021	0
K18022	0
K18023	13
K18024	0
K18025	0
K18026	0
K18027	0
K18028	8
K18029	52
K18030	95
K18031	2
K18032	0
K18033	0
K18034	158
K18035	0
K18036	0
K18037	0
K18038	0
K18039	0
K18040	0
K18041	0
K18042	0
K18043	0
K18044	0
K18045	186
K18046	0
K18047	0
K18048	0
K18049	0
K18050	0
K18051	0
K18052	0
K18053	29
K18054	0
K18055	139
K18056	25
K18057	0
K18058	27
K18059	173
K18060	9
K18061	0
K18062	12
K18063	0
K18064	0
K18065	0
K18066	7
K18067	37
K18068	2
K18069	0
K18070	1
K18071	3
K18072	2
K18073	1
K18074	0
K18075	0
K18076	0
K18077	0
K18078	1
K18079	0
K18080	0
K18081	0
K18082	0
K18083	0
K18084	0
K18085	0
K18086	0
K18087	0
K18088	0
K18089	0
K18090	0
K18091	2
K18092	10
K18093	112
K18094	0
K18095	0
K18096	0
K18097	1
K18098	8
K18099	1
K18100	1
K18101	15
K18102	0
K18103	0
K18104	1
K18105	4
K18106	3
K18107	0
K18108	0
K18109	114
K18110	0
K18111	2
K18112	0
K18113	0
K18114	0
K18115	175
K18116	0
K18117	0
K18118	220
K18119	56
K18120	56
K18121	17
K18122	679
K18123	2
K18124	0
K18125	3
K18126	0
K18127	0
K18128	0
K18129	3
K18130	2
K18131	4
K18132	0
K18133	0
K18134	13
K18135	43
K18136	513
K18137	2
K18138	1480
K18139	1394
K18140	49
K18141	34
K18142	3
K18143	1
K18144	0
K18145	2
K18146	0
K18147	0
K18148	9
K18149	0
K18150	0
K18151	1
K18152	0
K18153	15
K18154	0
K18155	0
K18156	0
K18157	0
K18158	0
K18159	255
K18160	0
K18161	0
K18162	4
K18163	2
K18164	41
K18165	0
K18166	1
K18167	0
K18168	0
K18169	478
K18170	0
K18171	0
K18172	0
K18173	144
K18174	0
K18175	0
K18176	0
K18177	0
K18178	0
K18179	0
K18180	4
K18181	0
K18182	0
K18183	0
K18184	0
K18185	0
K18186	0
K18187	0
K18188	0
K18189	1613
K18190	0
K18191	0
K18192	17
K18193	0
K18194	0
K18195	104
K18196	0
K18197	433
K18198	6
K18199	276
K18200	187
K18201	149
K18202	0
K18203	22
K18204	13
K18205	6
K18206	337
K18207	19
K18208	26
K18209	11
K18210	6
K18211	0
K18212	0
K18213	0
K18214	30
K18215	0
K18216	0
K18217	2
K18218	142
K18219	0
K18220	314
K18221	422
K18222	0
K18223	0
K18224	0
K18225	63
K18226	0
K18227	0
K18228	0
K18229	0
K18230	7
K18231	45
K18232	18
K18233	37
K18234	547
K18235	1138
K18236	57
K18237	5
K18239	0
K18240	219
K18241	0
K18242	0
K18243	1
K18244	1066
K18245	0
K18246	0
K18247	0
K18248	99
K18249	0
K18250	0
K18251	0
K18252	0
K18253	0
K18254	0
K18255	0
K18256	0
K18257	0
K18258	2
K18259	5
K18260	0
K18261	0
K18262	0
K18263	368
K18264	0
K18265	0
K18266	0
K18267	0
K18268	4
K18269	0
K18270	0
K18271	0
K18272	0
K18273	19
K18274	0
K18275	0
K18276	0
K18277	73
K18278	0
K18279	0
K18280	0
K18281	0
K18282	0
K18283	0
K18284	1
K18285	253
K18286	15
K18287	0
K18288	0
K18289	3
K18290	29
K18291	1
K18292	10
K18293	0
K18294	103
K18295	3
K18296	3
K18297	4
K18298	4
K18299	117
K18300	87
K18301	45
K18302	896
K18303	564
K18304	5
K18305	307
K18306	717
K18307	6
K18308	0
K18309	0
K18310	0
K18311	0
K18312	1
K18313	2
K18314	0
K18315	0
K18316	0
K18317	0
K18318	38
K18319	0
K18320	62
K18321	225
K18322	1
K18323	2
K18324	0
K18325	15
K18326	353
K18327	0
K18328	0
K18329	0
K18330	148
K18331	215
K18332	232
K18333	473
K18334	150
K18335	4
K18336	556
K18337	0
K18338	0
K18339	0
K18340	0
K18341	0
K18342	0
K18343	0
K18344	284
K18345	79
K18346	167
K18347	1
K18348	128
K18349	2
K18350	7
K18351	0
K18352	0
K18353	1552
K18354	12
K18355	0
K18356	0
K18357	0
K18358	0
K18359	0
K18360	4
K18361	0
K18362	15
K18363	0
K18364	5
K18365	6
K18366	7
K18367	350
K18368	0
K18369	366
K18370	0
K18371	0
K18372	206
K18373	0
K18374	0
K18375	0
K18376	0
K18377	1
K18378	0
K18379	0
K18380	0
K18381	0
K18382	0
K18383	11
K18384	0
K18385	0
K18386	0
K18387	41
K18388	0
K18389	0
K18390	0
K18391	0
K18392	0
K18393	0
K18394	0
K18395	0
K18396	0
K18397	0
K18398	715
K18399	73
K18400	0
K18401	0
K18402	0
K18403	0
K18404	0
K18405	0
K18406	0
K18407	0
K18408	0
K18409	0
K18410	197
K18411	0
K18412	0
K18413	0
K18414	0
K18415	0
K18416	211
K18417	1
K18418	1
K18419	0
K18420	0
K18421	0
K18422	52
K18423	0
K18424	437
K18425	345
K18426	0
K18427	5
K18428	5
K18429	150
K18430	285
K18431	406
K18433	12
K18434	264
K18435	0
K18436	0
K18437	1
K18438	23
K18439	0
K18440	0
K18441	0
K18442	0
K18443	0
K18444	1
K18445	168
K18446	51
K18447	57
K18448	0
K18449	0
K18450	0
K18451	0
K18452	0
K18453	25
K18454	5
K18455	526
K18456	7
K18457	356
K18458	18
K18459	10
K18460	0
K18461	0
K18462	0
K18463	0
K18464	0
K18465	0
K18466	0
K18467	0
K18468	0
K18469	0
K18470	0
K18471	519
K18472	0
K18473	1
K18474	1
K18475	30
K18476	11
K18477	0
K18478	156
K18479	1
K18480	37
K18481	3
K18482	0
K18483	0
K18484	0
K18485	0
K18486	0
K18487	0
K18488	0
K18489	0
K18490	0
K18491	0
K18492	0
K18493	0
K18494	0
K18495	0
K18496	0
K18497	0
K18498	0
K18499	0
K18500	1
K18501	7
K18529	0
K18530	0
K18531	0
K18532	24
K18533	137
K18534	856
K18535	0
K18536	2
K18537	1
K18538	0
K18539	0
K18540	411
K18541	0
K18542	3
K18543	1
K18544	0
K18545	39
K18546	38
K18547	3
K18548	0
K18549	1
K18550	0
K18551	14
K18552	2
K18553	0
K18554	20
K18555	1145
K18556	3
K18557	0
K18558	0
K18559	0
K18560	7
K18561	0
K18562	68
K18563	0
K18564	0
K18565	0
K18566	0
K18567	310
K18568	2
K18569	0
K18570	0
K18571	2
K18572	3
K18573	578
K18574	832
K18575	517
K18576	41
K18577	349
K18578	629
K18579	45
K18580	14
K18581	747
K18582	0
K18583	0
K18584	0
K18585	2
K18586	252
K18587	0
K18588	6
K18589	19
K18590	6
K18591	0
K18592	1
K18593	0
K18594	2
K18595	0
K18596	0
K18597	1
K18598	1
K18599	0
K18600	0
K18601	3
K18602	0
K18603	0
K18604	0
K18605	0
K18606	2
K18607	1
K18608	0
K18609	8
K18610	0
K18611	0
K18612	37
K18613	1
K18614	0
K18615	0
K18616	0
K18617	0
K18618	0
K18619	0
K18620	0
K18621	0
K18622	7
K18623	0
K18624	0
K18625	0
K18626	0
K18627	0
K18628	0
K18629	0
K18630	0
K18631	0
K18632	0
K18633	0
K18634	0
K18635	0
K18636	0
K18637	84
K18638	0
K18639	0
K18640	88
K18641	0
K18642	2
K18643	1
K18644	0
K18645	0
K18646	0
K18647	0
K18648	0
K18649	4
K18650	812
K18651	83
K18652	0
K18653	0
K18654	0
K18655	1
K18656	0
K18657	2
K18658	0
K18659	0
K18660	41
K18661	3
K18663	0
K18664	0
K18665	108
K18666	0
K18667	0
K18668	0
K18669	0
K18670	0
K18671	0
K18672	1131
K18673	57
K18674	0
K18675	66
K18676	1449
K18677	19
K18678	50
K18679	0
K18680	0
K18681	0
K18682	1567
K18683	0
K18684	0
K18685	0
K18686	0
K18687	1
K18688	0
K18689	0
K18690	0
K18691	560
K18692	5
K18693	0
K18694	8
K18695	235
K18696	4
K18697	572
K18698	43
K18699	0
K18700	204
K18701	1
K18702	157
K18703	4
K18704	196
K18705	0
K18706	32
K18707	1595
K18708	0
K18709	0
K18710	0
K18711	0
K18712	0
K18713	0
K18714	0
K18715	3
K18716	2
K18717	0
K18718	0
K18719	0
K18720	0
K18721	0
K18722	0
K18723	5
K18724	0
K18725	108
K18726	12
K18727	0
K18728	0
K18729	13
K18730	0
K18731	0
K18732	0
K18733	0
K18734	0
K18735	0
K18736	0
K18737	11
K18738	0
K18739	0
K18740	0
K18741	0
K18742	0
K18743	0
K18744	0
K18745	0
K18746	0
K18747	1
K18748	0
K18749	0
K18750	2
K18751	0
K18752	0
K18753	0
K18754	0
K18755	0
K18756	0
K18757	0
K18758	0
K18759	0
K18760	0
K18761	0
K18762	0
K18763	0
K18764	660
K18765	3
K18766	0
K18767	1
K18768	0
K18769	0
K18770	0
K18772	0
K18773	0
K18774	0
K18775	0
K18776	0
K18777	0
K18778	3
K18779	2
K18780	0
K18781	2
K18782	25
K18783	2
K18784	0
K18785	592
K18786	43
K18787	1
K18788	0
K18789	5
K18790	0
K18791	0
K18792	0
K18793	1
K18794	0
K18795	1
K18796	0
K18797	115
K18798	5
K18799	354
K18800	4
K18801	0
K18802	13
K18803	0
K18804	0
K18806	0
K18807	1
K18808	181
K18809	182
K18810	0
K18811	0
K18812	0
K18813	0
K18814	317
K18815	573
K18816	70
K18817	23
K18818	5
K18819	3
K18820	629
K18821	0
K18822	0
K18823	0
K18824	9
K18825	0
K18826	0
K18827	2
K18828	326
K18829	4
K18830	799
K18831	862
K18832	0
K18833	19
K18834	0
K18835	0
K18836	0
K18837	0
K18838	1
K18839	0
K18840	2
K18841	1
K18842	0
K18843	100
K18844	8
K18845	1
K18846	0
K18847	4
K18848	0
K18849	0
K18850	19
K18851	4
K18852	47
K18853	0
K18854	0
K18855	770
K18856	0
K18857	0
K18858	0
K18859	0
K18860	0
K18861	0
K18862	0
K18866	0
K18873	0
K18874	0
K18875	1
K18876	0
K18877	0
K18878	0
K18879	0
K18880	0
K18881	173
K18882	0
K18883	0
K18884	0
K18885	0
K18886	0
K18887	57
K18888	58
K18889	1090
K18890	1094
K18891	0
K18892	0
K18893	9
K18894	0
K18895	0
K18896	1116
K18897	400
K18898	789
K18899	0
K18900	8
K18901	56
K18902	4
K18903	51
K18904	190
K18905	37
K18906	109
K18907	10
K18908	1084
K18909	688
K18910	365
K18911	574
K18912	567
K18913	54
K18914	0
K18915	45
K18916	0
K18917	69
K18918	98
K18919	0
K18920	0
K18921	0
K18922	0
K18923	20
K18924	1
K18925	0
K18926	6
K18927	1
K18928	816
K18929	817
K18930	215
K18931	63
K18932	0
K18933	141
K18934	1
K18935	0
K18936	18
K18937	2
K18938	0
K18939	39
K18940	822
K18941	84
K18942	0
K18943	0
K18944	0
K18945	0
K18946	0
K18947	0
K18948	0
K18949	0
K18950	0
K18951	0
K18952	0
K18953	4
K18954	1504
K18955	0
K18956	0
K18957	0
K18958	0
K18959	0
K18960	3
K18961	0
K18962	125
K18963	0
K18964	0
K18966	25
K18967	51
K18968	23
K18969	0
K18970	0
K18971	0
K18972	0
K18973	0
K18974	2
K18975	0
K18976	0
K18977	1
K18978	0
K18979	1279
K18980	11
K18981	44
K18982	17
K18983	115
K18984	0
K18985	0
K18986	1
K18987	475
K18988	859
K18989	565
K18990	560
K18991	154
K18992	13
K18993	5
K18994	0
K18995	0
K18996	7
K18997	962
K18998	0
K18999	0
K19000	62
K19001	112
K19002	1017
K19003	376
K19004	4
K19005	1361
K19006	0
K19007	0
K19008	0
K19009	0
K19010	0
K19011	0
K19012	0
K19013	3
K19014	0
K19015	0
K19016	0
K19017	0
K19018	41
K19019	0
K19020	0
K19021	0
K19022	0
K19023	0
K19024	0
K19025	0
K19026	0
K19027	0
K19028	3
K19029	0
K19030	0
K19031	14
K19032	0
K19033	320
K19034	0
K19035	0
K19036	764
K19037	0
K19038	0
K19039	0
K19040	0
K19041	0
K19042	0
K19043	0
K19044	0
K19045	0
K19046	8
K19047	1
K19048	161
K19049	534
K19050	110
K19051	221
K19052	358
K19053	200
K19054	0
K19055	151
K19056	0
K19057	0
K19058	78
K19059	0
K19060	2
K19061	0
K19062	230
K19063	1
K19064	214
K19065	0
K19066	0
K19067	0
K19068	370
K19069	5
K19070	0
K19071	0
K19072	0
K19073	176
K19074	1
K19075	116
K19076	77
K19077	0
K19078	5
K19079	0
K19080	0
K19081	2
K19082	13
K19083	1
K19084	5
K19085	0
K19086	0
K19087	0
K19088	26
K19089	0
K19090	35
K19091	221
K19092	795
K19093	370
K19094	0
K19095	1
K19096	0
K19097	475
K19098	0
K19099	10
K19100	0
K19101	4
K19102	4
K19103	0
K19104	0
K19105	0
K19106	1
K19107	25
K19108	5
K19109	0
K19110	0
K19111	0
K19112	4
K19113	43
K19114	37
K19115	49
K19116	49
K19117	55
K19118	56
K19119	55
K19120	2
K19121	2
K19122	0
K19123	8
K19124	8
K19125	8
K19126	8
K19127	2
K19128	2
K19129	2
K19130	2
K19131	0
K19132	0
K19133	0
K19134	37
K19135	5
K19136	0
K19137	0
K19138	26
K19139	28
K19140	31
K19141	41
K19142	45
K19143	1
K19144	2
K19145	46
K19146	0
K19147	523
K19148	0
K19149	0
K19150	0
K19151	0
K19152	0
K19153	0
K19154	0
K19155	0
K19156	20
K19157	197
K19158	535
K19159	320
K19160	1
K19161	0
K19162	0
K19163	0
K19164	2
K19165	50
K19166	484
K19167	20
K19168	2
K19169	137
K19170	214
K19171	504
K19172	95
K19173	110
K19174	20
K19175	203
K19176	2
K19177	0
K19178	0
K19179	3
K19180	17
K19181	84
K19182	0
K19183	0
K19184	0
K19185	4
K19186	0
K19187	0
K19188	0
K19189	15
K19190	0
K19191	0
K19192	0
K19193	0
K19194	0
K19195	0
K19196	0
K19197	1
K19198	0
K19199	0
K19200	622
K19201	0
K19202	0
K19203	0
K19204	1
K19205	0
K19206	0
K19207	0
K19208	0
K19209	0
K19210	0
K19211	0
K19212	0
K19213	1
K19214	10
K19215	0
K19216	111
K19217	1
K19218	0
K19219	16
K19220	289
K19221	101
K19222	1448
K19223	1508
K19224	42
K19225	662
K19226	3
K19227	3
K19228	3
K19229	3
K19230	3
K19231	353
K19232	3
K19233	1
K19234	214
K19235	2
K19236	3
K19237	244
K19238	0
K19239	1098
K19240	0
K19241	0
K19242	1
K19243	6
K19244	68
K19245	1
K19246	3
K19247	0
K19248	0
K19249	0
K19251	0
K19252	0
K19253	0
K19254	0
K19255	0
K19256	0
K19257	0
K19258	0
K19259	0
K19260	0
K19261	0
K19262	0
K19263	0
K19264	0
K19265	793
K19266	75
K19267	914
K19268	42
K19269	65
K19270	619
K19271	888
K19272	2
K19273	163
K19274	0
K19275	0
K19276	2
K19277	0
K19278	1
K19279	11
K19280	0
K19281	0
K19282	0
K19283	0
K19284	0
K19285	251
K19286	675
K19287	0
K19288	0
K19289	0
K19290	1
K19291	8
K19292	2
K19293	4
K19294	1224
K19295	174
K19296	105
K19297	0
K19298	0
K19299	2
K19300	5
K19301	0
K19302	1609
K19303	13
K19304	1596
K19305	5
K19306	0
K19307	2
K19308	0
K19309	18
K19310	691
K19311	70
K19312	9
K19313	1
K19314	1
K19315	0
K19316	0
K19317	0
K19318	0
K19319	0
K19320	0
K19321	0
K19322	0
K19323	0
K19324	0
K19325	0
K19326	2
K19327	0
K19328	0
K19329	11
K19330	0
K19331	0
K19332	0
K19333	207
K19334	695
K19335	50
K19336	8
K19337	30
K19338	5
K19339	34
K19340	181
K19341	805
K19342	405
K19343	0
K19344	0
K19345	21
K19346	0
K19347	0
K19348	0
K19349	0
K19350	1
K19351	0
K19352	0
K19353	508
K19354	182
K19355	752
K19356	2
K19357	0
K19358	0
K19360	528
K19361	0
K19362	0
K19363	6
K19364	0
K19365	0
K19366	0
K19367	2
K19368	0
K19369	1
K19370	171
K19371	0
K19372	0
K19373	0
K19374	4
K19375	39
K19376	0
K19377	0
K19378	0
K19379	0
K19380	0
K19381	0
K19382	0
K19383	0
K19384	0
K19385	0
K19386	0
K19387	0
K19388	0
K19389	0
K19390	0
K19391	0
K19392	0
K19393	0
K19394	0
K19395	0
K19396	0
K19397	0
K19398	0
K19399	0
K19400	0
K19401	0
K19402	0
K19403	0
K19404	1
K19405	2
K19406	0
K19407	0
K19408	75
K19409	0
K19410	3
K19411	6
K19412	4
K19413	1
K19414	0
K19415	0
K19416	192
K19417	1
K19418	239
K19419	689
K19420	1
K19421	0
K19422	47
K19423	651
K19424	140
K19425	263
K19426	38
K19427	642
K19428	7
K19429	667
K19430	1056
K19431	38
K19432	0
K19433	0
K19434	0
K19435	0
K19436	0
K19437	0
K19438	0
K19439	0
K19440	0
K19441	0
K19442	0
K19443	0
K19444	0
K19445	0
K19446	0
K19447	0
K19448	0
K19449	77
K19450	0
K19451	0
K19452	0
K19453	0
K19454	0
K19455	0
K19456	0
K19457	0
K19458	0
K19459	0
K19460	0
K19461	0
K19462	0
K19463	0
K19464	0
K19465	0
K19466	0
K19467	1
K19469	0
K19470	3
K19471	0
K19472	0
K19473	0
K19474	0
K19475	0
K19476	0
K19477	5
K19478	0
K19479	1
K19480	0
K19481	0
K19482	0
K19483	1
K19484	0
K19485	0
K19486	0
K19487	0
K19488	0
K19489	0
K19490	0
K19491	0
K19492	0
K19493	0
K19494	0
K19495	0
K19496	0
K19497	0
K19498	0
K19499	0
K19500	0
K19501	0
K19502	0
K19503	0
K19504	10
K19505	1
K19506	23
K19507	23
K19508	2
K19509	0
K19510	0
K19511	22
K19512	0
K19513	0
K19514	0
K19515	0
K19516	0
K19517	5
K19518	0
K19519	1076
K19520	0
K19521	0
K19522	0
K19523	0
K19524	0
K19525	0
K19526	0
K19527	1
K19528	0
K19529	0
K19530	6
K19531	0
K19532	7
K19533	19
K19534	0
K19535	0
K19536	0
K19537	0
K19538	0
K19539	0
K19540	228
K19541	2
K19542	10
K19543	0
K19544	0
K19545	136
K19546	0
K19547	515
K19548	30
K19549	0
K19550	0
K19551	5
K19552	0
K19553	0
K19554	0
K19555	0
K19556	0
K19557	0
K19558	0
K19559	0
K19560	1
K19561	0
K19562	0
K19563	6
K19564	2
K19565	0
K19566	0
K19567	12
K19568	8
K19569	1
K19570	85
K19571	0
K19572	93
K19573	0
K19574	0
K19575	60
K19576	46
K19577	389
K19578	0
K19579	0
K19580	0
K19581	0
K19582	0
K19583	1
K19584	0
K19585	0
K19586	701
K19587	465
K19588	2
K19589	5
K19590	0
K19591	22
K19592	1
K19593	0
K19594	0
K19595	2
K19596	0
K19597	22
K19598	41
K19599	10
K19600	0
K19601	1
K19602	0
K19603	0
K19604	0
K19605	0
K19606	0
K19607	14
K19608	3
K19609	1
K19610	12
K19611	1602
K19612	4
K19613	640
K19614	0
K19615	2
K19616	179
K19617	0
K19618	0
K19619	163
K19620	74
K19621	11
K19622	180
K19623	244
K19624	0
K19625	0
K19626	8
K19627	0
K19628	0
K19629	0
K19630	0
K19631	0
K19632	0
K19633	0
K19634	0
K19635	0
K19636	138
K19637	0
K19638	0
K19639	27
K19640	2
K19641	0
K19642	0
K19643	0
K19644	0
K19645	0
K19646	0
K19647	11
K19648	64
K19649	0
K19650	0
K19651	0
K19652	0
K19653	0
K19654	0
K19655	0
K19656	1
K19657	0
K19658	7
K19659	21
K19660	0
K19661	19
K19662	0
K19663	0
K19664	2
K19665	0
K19666	14
K19667	0
K19668	223
K19669	0
K19670	1087
K19671	5
K19672	0
K19673	108
K19674	0
K19675	0
K19676	8
K19677	1
K19678	0
K19679	0
K19680	0
K19681	20
K19682	0
K19683	68
K19684	0
K19685	1
K19686	4
K19687	5
K19688	0
K19689	65
K19690	40
K19691	226
K19692	89
K19693	1460
K19694	1216
K19695	0
K19696	7
K19697	0
K19698	0
K19699	0
K19700	4
K19701	1275
K19702	132
K19703	7
K19704	0
K19705	0
K19706	362
K19707	186
K19708	0
K19709	0
K19710	283
K19711	38
K19712	0
K19713	324
K19714	193
K19715	194
K19716	0
K19717	0
K19718	0
K19719	1
K19720	0
K19721	2
K19722	2
K19723	0
K19724	0
K19725	0
K19726	0
K19727	240
K19728	0
K19729	0
K19730	0
K19731	0
K19732	0
K19733	0
K19734	2
K19735	0
K19736	170
K19737	41
K19738	0
K19739	0
K19740	0
K19741	0
K19742	86
K19743	0
K19744	1
K19745	99
K19746	9
K19747	0
K19748	0
K19749	0
K19750	0
K19751	0
K19752	0
K19753	0
K19754	0
K19755	373
K19756	0
K19757	0
K19758	4
K19759	0
K19760	19
K19761	102
K19762	0
K19763	0
K19764	0
K19765	0
K19766	0
K19767	0
K19768	0
K19769	0
K19770	0
K19771	0
K19772	4
K19773	0
K19774	0
K19775	0
K19776	6
K19777	0
K19778	2
K19779	1
K19780	0
K19781	19
K19782	0
K19783	281
K19784	923
K19785	9
K19786	0
K19787	5
K19788	1615
K19789	794
K19790	0
K19791	199
K19792	409
K19793	57
K19794	0
K19795	3
K19796	0
K19797	5
K19798	1
K19799	0
K19800	0
K19801	289
K19802	853
K19803	2
K19804	498
K19805	0
K19806	0
K19807	0
K19808	0
K19809	33
K19810	31
K19811	2
K19812	0
K19813	225
K19814	0
K19815	1
K19816	0
K19817	0
K19818	0
K19819	0
K19820	0
K19821	0
K19822	1
K19823	0
K19824	369
K19825	0
K19826	0
K19827	0
K19828	0
K19829	0
K19830	0
K19831	2
K19832	0
K19833	0
K19834	0
K19835	0
K19836	0
K19837	2
K19838	0
K19839	8
K19840	0
K19841	1
K19842	0
K19843	0
K19844	0
K19845	0
K19846	14
K19847	0
K19848	1
K19849	0
K19850	0
K19851	0
K19852	0
K19853	28
K19854	0
K19855	0
K19856	11
K19857	0
K19858	0
K19859	0
K19860	0
K19861	0
K19862	0
K19863	0
K19864	0
K19865	7
K19866	0
K19867	0
K19868	0
K19869	0
K19870	30
K19871	0
K19872	9
K19873	1
K19874	0
K19875	0
K19876	30
K19877	0
K19878	0
K19879	0
K19880	0
K19881	0
K19882	5
K19883	0
K19884	0
K19885	4
K19886	0
K19887	0
K19888	3
K19889	0
K19890	0
K19891	0
K19892	0
K19893	5
K19894	0
K19895	0
K19896	0
K19897	23
K19898	0
K19899	0
K19900	0
K19901	0
K19902	0
K19903	0
K19904	0
K19905	0
K19906	0
K19907	0
K19908	0
K19909	0
K19910	0
K19911	0
K19912	0
K19913	0
K19914	0
K19915	0
K19916	0
K19917	0
K19918	0
K19919	0
K19920	0
K19921	0
K19922	3
K19923	0
K19924	0
K19925	0
K19926	0
K19927	0
K19928	0
K19929	0
K19930	0
K19931	0
K19932	0
K19933	0
K19934	0
K19935	0
K19936	0
K19937	1
K19938	0
K19939	0
K19940	0
K19941	0
K19942	2
K19943	0
K19944	0
K19945	0
K19946	1
K19947	0
K19948	0
K19949	0
K19950	0
K19951	0
K19952	0
K19953	0
K19954	76
K19955	225
K19956	21
K19957	0
K19958	0
K19959	5
K19960	11
K19961	2
K19962	0
K19963	0
K19964	0
K19965	64
K19966	0
K19967	19
K19968	0
K19969	4
K19970	0
K19971	0
K19972	0
K19973	1
K19974	0
K19975	0
K19976	0
K19977	13
K19978	11
K19979	0
K19980	1
K19981	8
K19982	0
K19983	0
K19984	0
K19985	0
K19986	0
K19987	0
K19988	0
K19989	0
K19990	0
K19991	0
K19992	0
K19993	0
K19994	0
K19995	0
K19996	0
K19997	1116
K19998	0
K19999	0
K20000	4
K20001	0
K20002	0
K20003	0
K20004	0
K20005	0
K20006	0
K20007	0
K20008	4
K20009	0
K20010	1
K20011	0
K20012	0
K20013	0
K20014	0
K20015	0
K20016	0
K20017	0
K20018	0
K20019	0
K20020	0
K20021	0
K20022	0
K20023	3
K20024	0
K20025	0
K20026	0
K20027	0
K20028	0
K20029	0
K20030	0
K20031	0
K20032	33
K20033	3
K20034	91
K20035	575
K20036	13
K20037	58
K20038	20
K20039	0
K20040	3
K20041	0
K20042	0
K20043	0
K20044	0
K20045	17
K20046	0
K20047	0
K20048	0
K20049	0
K20050	1
K20051	63
K20052	2
K20053	3
K20054	0
K20055	0
K20056	0
K20057	2
K20058	0
K20059	0
K20060	0
K20061	0
K20062	0
K20063	0
K20064	0
K20065	0
K20066	0
K20067	0
K20068	0
K20069	0
K20070	0
K20071	0
K20072	0
K20073	12
K20074	365
K20075	0
K20076	104
K20077	0
K20078	0
K20079	61
K20080	0
K20081	5
K20082	46
K20084	0
K20085	0
K20086	0
K20087	11
K20088	0
K20089	0
K20090	0
K20091	0
K20092	244
K20093	11
K20094	0
K20095	0
K20096	5
K20097	6
K20098	0
K20099	0
K20100	0
K20101	0
K20102	0
K20103	1
K20104	0
K20105	0
K20106	0
K20108	0
K20109	29
K20110	28
K20111	5
K20112	0
K20113	0
K20114	0
K20115	0
K20118	1
K20119	0
K20120	0
K20121	0
K20122	0
K20123	0
K20124	0
K20125	0
K20126	0
K20127	0
K20128	0
K20129	0
K20130	0
K20131	0
K20132	0
K20133	0
K20134	0
K20135	2
K20136	4
K20137	0
K20138	267
K20139	0
K20140	0
K20141	8
K20142	0
K20143	0
K20144	0
K20145	0
K20146	1
K20147	0
K20148	3
K20149	0
K20150	1
K20151	132
K20152	3
K20153	0
K20154	0
K20155	0
K20156	217
K20157	108
K20158	2
K20159	0
K20160	0
K20161	0
K20162	1
K20163	0
K20164	0
K20165	0
K20166	5
K20167	0
K20168	0
K20169	0
K20170	238
K20171	0
K20172	0
K20173	1
K20174	0
K20175	6
K20176	0
K20177	0
K20178	0
K20179	1
K20180	0
K20181	0
K20182	0
K20183	1
K20184	0
K20185	0
K20186	0
K20187	0
K20188	0
K20189	0
K20190	0
K20191	0
K20192	0
K20193	0
K20194	0
K20195	0
K20196	0
K20197	0
K20198	0
K20199	15
K20200	9
K20201	68
K20202	0
K20203	182
K20204	0
K20205	2
K20206	13
K20207	5
K20208	0
K20209	0
K20210	0
K20211	0
K20212	0
K20213	0
K20214	0
K20215	0
K20216	1
K20217	0
K20218	0
K20219	0
K20220	0
K20221	0
K20222	0
K20223	0
K20224	0
K20225	0
K20226	0
K20227	0
K20228	0
K20229	0
K20230	2
K20231	0
K20232	0
K20233	0
K20234	0
K20235	3
K20236	0
K20237	134
K20238	1
K20239	0
K20240	0
K20241	1
K20242	1
K20243	0
K20244	0
K20245	4
K20246	0
K20247	0
K20248	0
K20249	4
K20250	0
K20251	52
K20252	0
K20253	0
K20254	2
K20255	0
K20256	1
K20257	104
K20258	0
K20259	0
K20260	18
K20261	0
K20262	18
K20263	205
K20264	214
K20265	224
K20266	205
K20267	1
K20268	12
K20269	427
K20270	0
K20271	0
K20272	0
K20273	3
K20274	126
K20275	101
K20276	354
K20277	0
K20278	0
K20279	0
K20280	0
K20281	5
K20282	169
K20283	254
K20284	0
K20285	216
K20286	19
K20287	0
K20288	0
K20289	0
K20290	0
K20291	0
K20292	0
K20293	0
K20294	0
K20295	0
K20296	0
K20297	0
K20298	56
K20299	0
K20300	0
K20301	0
K20302	0
K20303	0
K20304	0
K20305	0
K20306	0
K20307	0
K20308	1
K20309	12
K20310	0
K20311	0
K20312	0
K20313	0
K20314	0
K20315	0
K20316	0
K20317	1
K20318	0
K20319	0
K20320	2
K20321	0
K20322	0
K20323	0
K20324	3
K20325	2
K20326	80
K20327	52
K20328	42
K20329	3
K20330	6
K20331	360
K20332	4
K20333	485
K20334	1
K20335	0
K20336	0
K20337	0
K20338	0
K20339	0
K20340	0
K20341	4
K20342	3
K20343	19
K20344	986
K20345	486
K20346	0
K20347	6
K20348	0
K20349	0
K20350	0
K20351	0
K20352	0
K20353	0
K20354	1
K20355	0
K20356	0
K20357	1
K20358	2
K20359	0
K20360	0
K20361	95
K20362	0
K20363	0
K20364	0
K20365	0
K20366	0
K20367	0
K20368	0
K20369	2
K20370	34
K20371	0
K20372	0
K20373	35
K20374	25
K20375	6
K20376	0
K20377	0
K20378	0
K20379	8
K20380	0
K20381	0
K20382	1
K20383	0
K20384	0
K20385	54
K20386	3
K20387	0
K20388	1
K20389	0
K20390	0
K20391	219
K20392	0
K20393	0
K20394	1
K20395	0
K20396	0
K20397	0
K20398	0
K20399	0
K20400	0
K20401	0
K20402	0
K20403	0
K20404	0
K20405	0
K20406	0
K20407	0
K20408	0
K20409	0
K20410	0
K20411	0
K20412	0
K20413	1
K20414	0
K20415	0
K20416	0
K20417	4
K20418	1
K20419	2
K20420	1
K20421	19
K20422	0
K20423	0
K20424	0
K20425	0
K20426	0
K20427	0
K20428	0
K20429	501
K20430	0
K20431	12
K20432	3
K20433	2
K20434	0
K20435	24
K20436	0
K20437	91
K20438	8
K20439	0
K20440	0
K20441	0
K20442	0
K20443	0
K20444	6
K20445	0
K20446	0
K20447	0
K20448	0
K20449	2
K20450	0
K20451	3
K20452	0
K20453	1
K20454	11
K20455	3
K20456	0
K20457	0
K20458	0
K20459	786
K20460	65
K20461	286
K20462	0
K20463	0
K20464	0
K20465	0
K20466	0
K20467	0
K20468	23
K20469	87
K20470	1
K20471	0
K20472	0
K20473	0
K20474	1
K20475	0
K20476	0
K20477	0
K20478	11
K20479	0
K20480	1408
K20481	0
K20482	0
K20483	411
K20484	325
K20485	262
K20486	47
K20487	42
K20488	14
K20489	3
K20490	98
K20491	11
K20492	0
K20493	0
K20494	0
K20495	0
K20496	0
K20497	0
K20498	86
K20499	191
K20500	4
K20501	1
K20502	0
K20503	0
K20504	0
K20505	0
K20506	0
K20507	0
K20508	429
K20509	433
K20510	0
K20511	0
K20512	0
K20513	0
K20514	0
K20515	0
K20516	0
K20517	0
K20518	0
K20519	0
K20520	0
K20521	8
K20522	0
K20523	158
K20524	0
K20525	636
K20526	2
K20527	4
K20528	2
K20529	3
K20530	16
K20531	501
K20532	5
K20533	5
K20534	974
K20535	0
K20536	0
K20537	0
K20538	0
K20539	0
K20540	0
K20541	48
K20542	58
K20543	439
K20544	0
K20545	0
K20546	0
K20547	124
K20548	37
K20549	39
K20550	19
K20551	0
K20552	0
K20553	0
K20555	0
K20556	0
K20557	0
K20558	0
K20559	0
K20560	0
K20561	0
K20562	0
K20563	0
K20564	0
K20565	1
K20566	0
K20567	0
K20568	0
K20569	3
K20570	0
K20571	0
K20572	0
K20573	0
K20574	0
K20575	0
K20576	0
K20577	0
K20578	0
K20579	0
K20580	0
K20581	0
K20582	0
K20583	0
K20584	0
K20585	0
K20586	0
K20587	0
K20588	0
K20589	0
K20590	1
K20591	4
K20592	0
K20593	0
K20594	0
K20595	0
K20596	0
K20597	0
K20598	0
K20599	0
K20600	0
K20602	0
K20603	0
K20604	3
K20605	0
K20606	1
K20607	0
K20608	1044
K20609	1
K20610	90
K20611	892
K20612	0
K20613	42
K20614	14
K20615	0
K20616	15
K20617	0
K20618	0
K20619	0
K20620	0
K20621	0
K20622	0
K20623	0
K20624	0
K20625	0
K20626	0
K20627	0
K20628	44
K20629	0
K20630	0
K20631	0
K20632	0
K20633	0
K20634	0
K20635	0
K20636	1
K20637	0
K20638	0
K20639	0
K20640	0
K20641	0
K20642	0
K20643	0
K20644	0
K20645	0
K20646	0
K20647	0
K20648	0
K20649	0
K20650	0
K20651	0
K20652	0
K20653	0
K20654	0
K20655	0
K20656	0
K20657	0
K20658	0
K20659	2
K20660	0
K20661	0
K20662	0
K20663	0
K20664	0
K20665	0
K20666	0
K20667	0
K20668	1
K20669	0
K20670	0
K20671	0
K20672	0
K20673	0
K20674	0
K20675	0
K20676	0
K20677	0
K20678	0
K20679	800
K20680	677
K20681	0
K20682	0
K20683	0
K20684	0
K20685	0
K20686	0
K20687	0
K20688	0
K20689	0
K20690	0
K20691	0
K20692	122
K20693	0
K20694	0
K20695	0
K20696	0
K20697	23
K20698	0
K20699	0
K20700	1
K20701	1
K20702	0
K20703	0
K20704	0
K20705	0
K20706	0
K20707	0
K20708	0
K20709	0
K20710	0
K20711	0
K20712	19
K20713	0
K20714	0
K20715	314
K20716	1
K20717	0
K20718	7
K20719	0
K20720	0
K20721	0
K20722	0
K20723	1
K20724	0
K20725	0
K20726	0
K20727	0
K20728	271
K20729	0
K20730	0
K20731	1
K20732	9
K20733	0
K20734	0
K20735	0
K20736	0
K20737	0
K20738	0
K20739	2
K20740	0
K20741	6
K20742	1247
K20743	0
K20744	0
K20745	0
K20746	0
K20747	0
K20748	0
K20749	0
K20750	0
K20751	0
K20752	0
K20753	0
K20754	21
K20755	142
K20756	0
K20757	0
K20758	1
K20759	0
K20760	1
K20761	1
K20762	2
K20763	0
K20764	0
K20765	0
K20766	0
K20767	0
K20768	0
K20769	0
K20770	0
K20771	0
K20772	11
K20773	2
K20774	0
K20775	0
K20776	0
K20777	284
K20778	0
K20779	0
K20780	137
K20781	0
K20782	0
K20783	0
K20784	2
K20785	0
K20786	0
K20787	0
K20788	0
K20789	0
K20790	4
K20791	0
K20792	29
K20793	1
K20794	0
K20795	0
K20796	0
K20797	0
K20798	88
K20799	0
K20800	0
K20801	1
K20802	55
K20803	0
K20804	0
K20805	0
K20806	0
K20807	2
K20808	0
K20809	0
K20810	430
K20811	0
K20812	0
K20813	2
K20814	0
K20815	0
K20816	7
K20817	1
K20818	0
K20819	0
K20820	0
K20821	0
K20822	0
K20823	0
K20824	0
K20825	0
K20826	0
K20827	0
K20828	0
K20829	13
K20830	78
K20831	0
K20832	132
K20833	1
K20834	0
K20835	0
K20836	227
K20837	0
K20838	93
K20839	0
K20840	0
K20841	2
K20842	0
K20843	0
K20844	28
K20845	35
K20846	492
K20847	150
K20848	0
K20849	0
K20850	41
K20851	181
K20852	0
K20853	47
K20854	1
K20855	0
K20856	0
K20857	1
K20858	2
K20859	12
K20860	0
K20861	328
K20862	186
K20863	0
K20864	1
K20865	2
K20866	1063
K20867	0
K20868	1
K20869	0
K20870	32
K20871	0
K20872	0
K20873	0
K20875	0
K20876	0
K20877	1
K20878	0
K20879	0
K20880	0
K20881	1
K20882	3
K20883	112
K20884	3
K20885	773
K20886	0
K20887	1
K20888	0
K20889	3
K20890	2
K20891	234
K20892	0
K20893	0
K20894	0
K20895	1
K20896	0
K20897	0
K20898	0
K20899	3
K20900	0
K20901	0
K20902	0
K20903	0
K20904	0
K20906	0
K20907	0
K20908	0
K20909	0
K20910	0
K20911	0
K20912	0
K20913	0
K20914	0
K20915	0
K20916	0
K20917	0
K20918	229
K20919	2
K20920	4
K20921	0
K20922	331
K20923	0
K20924	0
K20925	0
K20926	0
K20927	3
K20928	0
K20929	0
K20930	0
K20931	3
K20932	136
K20933	35
K20934	49
K20935	0
K20936	2
K20937	1
K20938	3
K20939	8
K20940	202
K20941	1
K20942	3
K20943	0
K20944	0
K20945	0
K20946	13
K20947	17
K20948	63
K20949	0
K20950	1121
K20951	9
K20952	9
K20953	0
K20954	0
K20955	23
K20956	3
K20957	12
K20958	0
K20959	5
K20960	24
K20961	0
K20962	240
K20963	3
K20964	298
K20965	6
K20966	2
K20967	97
K20968	995
K20971	682
K20972	155
K20973	34
K20974	1204
K20975	99
K20976	574
K20977	67
K20978	20
K20979	0
K20980	0
K20981	0
K20982	0
K20983	0
K20984	0
K20985	0
K20986	8
K20987	218
K20988	98
K20989	7
K20990	0
K20991	0
K20992	22
K20993	0
K20994	0
K20995	0
K20996	0
K20997	816
K20998	1
K20999	612
K21000	511
K21001	1023
K21002	1
K21003	177
K21004	0
K21005	88
K21006	47
K21007	35
K21008	20
K21009	1
K21010	70
K21011	44
K21012	10
K21013	0
K21014	11
K21015	0
K21016	39
K21017	0
K21018	0
K21019	33
K21020	0
K21021	33
K21022	43
K21023	6
K21024	42
K21025	21
K21026	0
K21027	411
K21028	25
K21029	656
K21030	163
K21031	0
K21032	0
K21033	0
K21034	2
K21035	0
K21036	0
K21037	0
K21038	37
K21039	2
K21040	0
K21041	0
K21042	0
K21043	0
K21044	0
K21045	0
K21046	0
K21047	0
K21048	0
K21049	0
K21050	0
K21051	0
K21052	6
K21053	72
K21054	6
K21055	87
K21056	1
K21057	980
K21058	1
K21059	0
K21060	1
K21061	397
K21062	495
K21063	370
K21064	1021
K21065	420
K21066	0
K21067	0
K21068	0
K21069	0
K21070	0
K21071	387
K21072	0
K21073	0
K21074	0
K21075	0
K21076	0
K21077	0
K21078	0
K21079	0
K21080	0
K21081	0
K21082	0
K21083	0
K21084	687
K21085	6
K21086	2
K21087	10
K21088	49
K21089	846
K21090	1
K21092	0
K21093	0
K21094	0
K21095	0
K21096	0
K21097	0
K21098	0
K21099	0
K21100	0
K21101	2
K21102	0
K21103	0
K21104	58
K21105	0
K21106	2
K21107	0
K21108	0
K21109	0
K21110	0
K21111	0
K21112	0
K21113	1
K21114	0
K21115	0
K21116	0
K21117	0
K21118	0
K21119	1
K21120	0
K21121	0
K21122	0
K21123	0
K21124	38
K21126	0
K21127	0
K21128	0
K21129	0
K21130	14
K21131	5
K21132	148
K21133	1
K21134	212
K21135	7
K21136	15
K21137	17
K21138	473
K21140	141
K21141	0
K21142	362
K21143	0
K21144	0
K21145	0
K21146	0
K21147	1127
K21148	0
K21149	0
K21150	0
K21151	0
K21152	0
K21153	1
K21154	0
K21155	1
K21156	0
K21157	0
K21158	0
K21159	194
K21160	1
K21161	1
K21162	758
K21163	14
K21164	174
K21165	0
K21166	0
K21167	1
K21168	3
K21169	1
K21170	29
K21171	0
K21172	90
K21173	0
K21174	0
K21175	0
K21176	0
K21177	0
K21178	0
K21179	0
K21180	0
K21181	0
K21182	1
K21183	1
K21184	0
K21185	206
K21186	1
K21187	0
K21188	0
K21189	1
K21190	0
K21191	0
K21192	0
K21193	10
K21194	0
K21195	124
K21196	114
K21197	0
K21198	4
K21199	0
K21200	0
K21201	0
K21202	0
K21203	0
K21204	0
K21205	0
K21206	0
K21207	0
K21208	0
K21209	19
K21210	40
K21211	89
K21212	0
K21213	0
K21214	10
K21215	6
K21216	0
K21217	3
K21218	130
K21219	10
K21220	0
K21221	3
K21222	0
K21223	0
K21224	0
K21225	0
K21226	0
K21227	0
K21228	0
K21229	0
K21230	0
K21231	1
K21232	96
K21233	0
K21234	0
K21235	0
K21236	14
K21237	1
K21238	0
K21239	0
K21240	0
K21241	0
K21242	0
K21243	0
K21244	0
K21245	0
K21246	14
K21247	0
K21248	0
K21249	2
K21250	0
K21251	3
K21252	0
K21253	0
K21254	0
K21255	44
K21256	0
K21257	0
K21258	0
K21259	0
K21260	0
K21261	0
K21262	0
K21263	0
K21264	1
K21265	14
K21266	1
K21267	2
K21268	0
K21269	0
K21270	0
K21271	2
K21272	6
K21273	0
K21274	0
K21275	0
K21276	0
K21277	0
K21278	29
K21279	80
K21280	0
K21281	0
K21282	5
K21283	7
K21284	13
K21285	182
K21286	7
K21287	0
K21288	2
K21289	0
K21290	0
K21291	0
K21292	0
K21293	0
K21294	0
K21295	0
K21296	0
K21297	4
K21298	0
K21299	0
K21300	0
K21301	0
K21302	58
K21303	342
K21304	198
K21305	0
K21306	19
K21307	0
K21308	33
K21309	0
K21310	371
K21311	0
K21312	3
K21313	0
K21314	0
K21315	0
K21316	0
K21317	0
K21318	0
K21319	0
K21320	0
K21321	0
K21322	0
K21323	0
K21324	0
K21325	1
K21326	0
K21327	0
K21328	38
K21329	0
K21330	0
K21331	0
K21332	16
K21333	0
K21335	0
K21336	0
K21337	2
K21338	0
K21339	0
K21340	0
K21341	0
K21342	0
K21343	0
K21344	195
K21345	183
K21346	0
K21347	4
K21348	41
K21349	0
K21350	53
K21351	0
K21352	0
K21353	94
K21354	0
K21355	0
K21356	48
K21357	0
K21358	1
K21359	9
K21360	0
K21361	0
K21362	0
K21363	14
K21364	49
K21365	6
K21366	2
K21367	161
K21368	36
K21369	2
K21370	0
K21371	0
K21372	0
K21373	0
K21374	0
K21375	28
K21376	0
K21377	79
K21378	3
K21379	33
K21380	0
K21381	0
K21382	0
K21383	0
K21384	0
K21385	0
K21386	0
K21387	0
K21388	0
K21389	0
K21390	0
K21391	0
K21392	0
K21393	29
K21394	183
K21395	205
K21396	1
K21397	326
K21398	0
K21399	0
K21400	0
K21401	463
K21402	660
K21403	0
K21404	0
K21405	58
K21406	0
K21407	35
K21408	0
K21409	0
K21410	0
K21411	1
K21412	0
K21413	6
K21414	0
K21415	9
K21416	17
K21417	17
K21418	0
K21419	0
K21420	69
K21421	0
K21422	0
K21423	0
K21424	0
K21425	0
K21426	0
K21427	0
K21428	0
K21429	17
K21430	892
K21431	0
K21432	8
K21433	3
K21434	4
K21435	5
K21436	0
K21437	0
K21438	0
K21439	118
K21440	568
K21441	0
K21442	18
K21443	0
K21444	0
K21445	0
K21446	0
K21447	0
K21448	0
K21449	203
K21450	0
K21451	0
K21452	0
K21453	614
K21454	61
K21455	0
K21456	2
K21457	0
K21458	0
K21459	0
K21460	277
K21461	0
K21462	19
K21463	224
K21464	2
K21465	1
K21466	0
K21467	44
K21468	0
K21469	1264
K21470	828
K21471	72
K21472	1325
K21473	2
K21474	0
K21475	0
K21476	0
K21477	0
K21478	691
K21479	142
K21480	1
K21481	33
K21482	0
K21483	0
K21484	0
K21485	0
K21486	6
K21487	19
K21488	169
K21489	8
K21490	16
K21491	8
K21492	100
K21493	0
K21494	22
K21495	17
K21496	22
K21497	14
K21498	566
K21499	2
K21500	0
K21501	0
K21502	117
K21503	0
K21504	0
K21505	0
K21506	2
K21507	2
K21508	0
K21509	0
K21510	0
K21511	2
K21512	13
K21513	0
K21514	0
K21515	0
K21516	0
K21517	0
K21518	0
K21519	1
K21520	0
K21521	0
K21522	0
K21523	15
K21524	0
K21525	0
K21526	0
K21527	36
K21528	305
K21529	1
K21530	73
K21531	0
K21532	0
K21533	0
K21534	0
K21535	0
K21536	0
K21537	0
K21538	0
K21539	0
K21540	21
K21541	0
K21542	0
K21543	0
K21544	0
K21545	0
K21546	0
K21547	0
K21548	1
K21549	0
K21550	0
K21551	0
K21552	489
K21553	0
K21554	0
K21555	1
K21556	1359
K21557	729
K21558	0
K21559	177
K21560	0
K21561	87
K21562	1519
K21563	815
K21564	41
K21565	0
K21566	1
K21567	942
K21568	31
K21569	0
K21570	0
K21571	1430
K21572	1569
K21573	1604
K21574	1289
K21575	1106
K21576	0
K21577	0
K21578	0
K21579	0
K21580	0
K21581	0
K21582	0
K21583	0
K21584	0
K21585	48
K21586	7
K21587	0
K21588	0
K21589	0
K21590	0
K21591	87
K21592	0
K21593	0
K21594	0
K21595	0
K21596	0
K21597	0
K21598	0
K21599	0
K21600	53
K21601	0
K21602	1
K21603	0
K21604	0
K21605	0
K21606	240
K21607	1
K21608	1
K21609	1
K21610	0
K21611	0
K21612	5
K21613	4
K21614	202
K21615	24
K21616	0
K21617	0
K21618	0
K21619	37
K21620	2
K21621	0
K21622	0
K21623	0
K21624	0
K21625	0
K21626	0
K21627	0
K21628	0
K21629	0
K21630	0
K21631	0
K21632	0
K21633	0
K21634	0
K21635	0
K21636	739
K21637	0
K21638	0
K21639	26
K21640	0
K21641	0
K21642	0
K21643	0
K21644	6
K21645	1
K21646	0
K21647	4
K21648	0
K21649	0
K21650	0
K21651	0
K21652	0
K21653	0
K21654	0
K21655	0
K21656	0
K21657	0
K21658	0
K21659	0
K21660	0
K21661	0
K21662	0
K21663	0
K21664	0
K21665	0
K21666	0
K21667	0
K21668	0
K21669	0
K21670	0
K21671	0
K21672	8
K21673	0
K21674	0
K21675	0
K21676	0
K21677	36
K21678	2
K21679	2
K21680	0
K21681	97
K21682	0
K21683	0
K21684	1
K21685	1
K21686	505
K21687	41
K21688	0
K21689	2
K21690	0
K21691	0
K21692	0
K21693	0
K21694	0
K21695	2
K21696	88
K21697	0
K21698	4
K21699	1
K21700	120
K21701	71
K21702	1
K21703	295
K21704	0
K21705	0
K21706	0
K21707	0
K21708	0
K21709	0
K21710	0
K21711	87
K21712	39
K21713	0
K21714	0
K21715	0
K21716	0
K21717	0
K21718	0
K21719	0
K21720	0
K21721	29
K21722	0
K21723	0
K21724	0
K21725	1
K21726	0
K21727	47
K21728	0
K21729	0
K21730	2
K21731	2
K21732	0
K21733	0
K21734	0
K21735	0
K21736	0
K21737	0
K21738	0
K21739	378
K21740	0
K21741	685
K21742	0
K21743	17
K21744	92
K21745	41
K21746	16
K21747	122
K21748	0
K21749	132
K21750	69
K21751	0
K21752	0
K21753	0
K21754	0
K21755	0
K21756	0
K21757	428
K21758	0
K21759	3
K21760	5
K21761	2
K21762	0
K21763	0
K21764	2
K21765	0
K21766	0
K21767	0
K21768	2
K21769	0
K21770	0
K21771	0
K21772	14
K21773	0
K21774	0
K21775	0
K21776	0
K21777	0
K21778	0
K21779	12
K21780	1
K21781	11
K21782	8
K21783	2
K21784	11
K21785	180
K21786	11
K21787	2
K21788	0
K21789	5
K21790	16
K21791	0
K21792	6
K21793	20
K21794	0
K21795	1
K21796	0
K21797	0
K21798	0
K21799	0
K21800	0
K21801	1
K21802	4
K21803	0
K21804	4
K21805	0
K21806	0
K21807	0
K21808	0
K21809	0
K21810	0
K21811	0
K21812	0
K21813	0
K21814	39
K21815	0
K21816	1
K21817	142
K21818	0
K21819	0
K21820	0
K21821	1
K21822	0
K21823	1
K21824	0
K21825	2
K21826	105
K21827	0
K21828	8
K21829	7
K21830	64
K21831	3
K21832	10
K21833	1
K21834	1037
K21835	0
K21836	0
K21837	0
K21838	0
K21839	0
K21840	0
K21841	1
K21842	0
K21843	9
K21844	0
K21845	0
K21846	0
K21847	0
K21848	0
K21849	0
K21850	40
K21851	0
K21852	0
K21853	0
K21854	0
K21855	0
K21856	0
K21857	0
K21858	0
K21859	0
K21860	0
K21861	0
K21862	0
K21863	0
K21864	0
K21865	3
K21866	30
K21867	0
K21868	0
K21869	0
K21870	0
K21871	1
K21872	0
K21873	0
K21874	0
K21875	0
K21876	0
K21877	2
K21878	0
K21879	4
K21880	0
K21881	2
K21882	0
K21883	76
K21884	0
K21885	78
K21886	4
K21887	0
K21888	0
K21889	0
K21890	0
K21891	0
K21892	0
K21893	1
K21894	0
K21895	0
K21896	0
K21897	0
K21898	214
K21899	38
K21900	1028
K21901	0
K21902	152
K21903	368
K21904	0
K21905	0
K21906	124
K21907	0
K21908	717
K21909	0
K21910	0
K21911	0
K21912	0
K21913	0
K21914	0
K21915	0
K21916	0
K21917	0
K21918	0
K21919	93
K21920	0
K21921	0
K21922	0
K21923	0
K21924	0
K21925	0
K21926	0
K21927	2
K21928	0
K21929	255
K21930	0
K21931	0
K21932	0
K21933	0
K21934	0
K21935	33
K21936	6
K21937	0
K21938	0
K21939	0
K21940	0
K21941	0
K21942	0
K21943	0
K21944	0
K21945	0
K21946	0
K21947	2
K21948	4
K21949	81
K21950	0
K21951	0
K21952	0
K21953	0
K21954	140
K21955	0
K21956	1
K21957	0
K21958	0
K21959	100
K21960	0
K21961	28
K21962	23
K21963	13
K21964	0
K21965	2
K21966	6
K21967	0
K21968	20
K21969	0
K21970	29
K21971	0
K21972	202
K21973	209
K21974	0
K21975	0
K21976	0
K21977	2
K21978	0
K21979	0
K21980	0
K21981	0
K21982	0
K21983	0
K21984	0
K21985	0
K21986	0
K21987	0
K21988	0
K21989	0
K21990	103
K21991	36
K21992	1
K21993	169
K21994	0
K21995	0
K21996	0
K21997	0
K21998	0
K21999	0
K22000	0
K22001	0
K22002	0
K22003	3
K22004	0
K22005	0
K22006	0
K22007	0
K22008	0
K22009	3
K22010	121
K22011	0
K22012	0
K22013	0
K22014	6
K22015	2
K22017	2
K22018	0
K22019	0
K22021	0
K22022	0
K22023	97
K22024	55
K22025	11
K22026	131
K22027	254
K22028	0
K22029	0
K22030	0
K22031	0
K22032	0
K22033	0
K22034	0
K22035	0
K22036	0
K22037	0
K22038	2
K22039	0
K22040	0
K22041	451
K22042	105
K22043	358
K22044	65
K22045	0
K22046	0
K22047	0
K22048	0
K22049	0
K22050	0
K22051	3
K22052	0
K22053	0
K22054	0
K22055	0
K22056	0
K22057	0
K22058	0
K22059	0
K22060	0
K22061	0
K22062	0
K22063	1
K22064	0
K22065	0
K22066	0
K22067	3
K22068	167
K22069	0
K22070	0
K22071	473
K22072	1
K22073	0
K22074	1106
K22075	0
K22076	0
K22077	0
K22078	18
K22079	0
K22080	0
K22081	2
K22082	1
K22083	847
K22084	0
K22085	0
K22086	4
K22087	0
K22088	5
K22089	4
K22090	0
K22091	1
K22092	0
K22093	0
K22094	0
K22095	0
K22096	0
K22097	0
K22098	0
K22099	2
K22100	0
K22101	0
K22102	0
K22103	47
K22104	11
K22105	21
K22106	687
K22107	7
K22108	1067
K22109	810
K22110	94
K22111	1
K22112	0
K22113	0
K22114	5
K22115	389
K22116	1
K22117	0
K22118	4
K22119	0
K22120	0
K22121	0
K22122	0
K22123	0
K22124	590
K22125	0
K22126	0
K22127	0
K22128	0
K22129	64
K22130	4
K22131	6
K22132	1260
K22133	0
K22134	0
K22135	417
K22136	1071
K22137	0
K22138	0
K22139	0
K22140	0
K22141	0
K22142	0
K22143	0
K22144	4
K22145	0
K22146	0
K22147	2
K22148	8
K22149	1
K22150	0
K22151	0
K22152	1
K22153	791
K22154	0
K22155	0
K22156	0
K22157	0
K22158	0
K22159	0
K22160	0
K22161	0
K22162	0
K22163	0
K22164	0
K22165	0
K22166	2
K22167	0
K22168	0
K22169	0
K22170	0
K22171	0
K22172	0
K22173	0
K22174	0
K22175	0
K22176	1
K22177	0
K22178	0
K22179	0
K22180	0
K22181	0
K22182	0
K22184	0
K22185	2
K22186	2
K22187	70
K22188	0
K22189	0
K22190	2
K22191	0
K22192	0
K22193	0
K22194	0
K22195	0
K22196	0
K22197	0
K22198	0
K22199	0
K22200	0
K22201	0
K22202	0
K22203	33
K22204	0
K22205	1048
K22206	11
K22207	0
K22208	0
K22209	3
K22210	2
K22211	855
K22212	8
K22213	55
K22214	348
K22215	0
K22216	1
K22217	0
K22218	1
K22219	1
K22220	0
K22221	331
K22222	35
K22223	87
K22224	3
K22225	28
K22226	925
K22227	211
K22228	0
K22229	0
K22230	200
K22231	0
K22232	0
K22233	25
K22234	0
K22235	0
K22236	0
K22237	0
K22238	0
K22239	0
K22240	0
K22241	0
K22242	0
K22243	0
K22244	0
K22245	74
K22246	0
K22247	25
K22248	0
K22249	4
K22250	2
K22251	2
K22252	15
K22253	12
K22254	0
K22255	0
K22256	0
K22257	2
K22258	0
K22259	0
K22260	0
K22261	0
K22262	0
K22263	0
K22264	0
K22265	1
K22266	17
K22267	168
K22268	88
K22269	0
K22270	10
K22271	0
K22272	0
K22273	0
K22274	0
K22275	0
K22276	5
K22277	4
K22278	1513
K22279	0
K22280	0
K22281	0
K22282	0
K22283	0
K22284	0
K22285	0
K22286	0
K22287	0
K22288	0
K22289	0
K22290	0
K22291	4
K22292	42
K22293	9
K22294	480
K22295	2
K22296	479
K22297	0
K22298	27
K22299	950
K22300	1424
K22301	13
K22302	1
K22303	1
K22304	0
K22305	474
K22306	7
K22307	0
K22308	0
K22309	37
K22310	994
K22311	128
K22312	0
K22313	0
K22314	40
K22315	0
K22316	1
K22317	0
K22318	98
K22319	12
K22320	27
K22321	0
K22322	44
K22323	0
K22324	1
K22325	0
K22326	0
K22327	0
K22328	0
K22329	0
K22330	18
K22331	0
K22332	0
K22333	0
K22334	0
K22335	0
K22336	0
K22337	0
K22338	0
K22339	101
K22340	5
K22341	6
K22342	8
K22343	2
K22344	1
K22345	29
K22346	0
K22347	251
K22348	11
K22349	0
K22350	0
K22351	59
K22352	0
K22353	0
K22354	0
K22355	0
K22356	0
K22357	0
K22358	0
K22359	0
K22360	0
K22361	0
K22362	0
K22363	0
K22364	0
K22365	0
K22366	0
K22367	0
K22368	0
K22369	80
K22370	0
K22371	0
K22372	1
K22373	37
K22374	0
K22375	0
K22376	0
K22377	0
K22378	0
K22379	0
K22380	0
K22381	0
K22382	4
K22383	0
K22384	0
K22385	0
K22386	0
K22387	8
K22388	0
K22389	5
K22390	842
K22391	1610
K22392	0
K22393	0
K22394	0
K22395	107
K22396	5
K22397	160
K22398	0
K22399	6
K22400	0
K22401	0
K22402	0
K22403	0
K22404	0
K22405	5
K22406	0
K22407	0
K22408	7
K22409	7
K22410	0
K22411	0
K22412	0
K22413	0
K22414	0
K22415	0
K22416	0
K22417	0
K22418	6
K22419	261
K22420	0
K22421	0
K22422	0
K22423	0
K22424	2
K22425	0
K22426	0
K22427	7
K22428	0
K22429	0
K22430	4
K22431	372
K22432	136
K22433	44
K22434	0
K22435	0
K22436	0
K22437	0
K22438	306
K22439	0
K22440	0
K22441	1340
K22442	0
K22443	1
K22444	1
K22445	2
K22446	7
K22447	0
K22448	0
K22449	0
K22450	522
K22451	74
K22452	544
K22453	0
K22454	0
K22455	0
K22456	0
K22457	20
K22458	0
K22459	0
K22460	0
K22461	0
K22462	4
K22463	8
K22464	0
K22465	0
K22466	0
K22467	0
K22468	159
K22469	2
K22470	32
K22471	0
K22472	0
K22473	0
K22474	544
K22475	0
K22476	163
K22477	26
K22478	0
K22479	602
K22480	1
K22481	67
K22482	20
K22483	0
K22484	0
K22485	0
K22486	115
K22487	0
K22488	0
K22489	369
K22490	0
K22491	779
K22492	0
K22493	3
K22494	0
K22495	0
K22496	0
K22497	0
K22498	0
K22499	0
K22500	0
K22501	0
K22502	387
K22503	2
K22504	0
K22505	0
K22506	0
K22507	0
K22508	0
K22509	0
K22510	0
K22511	0
K22512	0
K22513	0
K22514	0
K22515	2
K22516	108
K22517	0
K22518	0
K22519	32
K22520	27
K22521	1
K22522	1503
K22523	5
K22524	0
K22525	0
K22526	0
K22527	0
K22528	0
K22529	0
K22530	3
K22531	1
K22532	0
K22533	0
K22534	18
K22535	1
K22536	0
K22537	0
K22538	0
K22539	0
K22540	6
K22541	0
K22542	0
K22543	0
K22544	0
K22545	16
K22546	0
K22547	5
K22548	0
K22549	67
K22550	0
K22551	0
K22552	313
K22553	2
K22554	0
K22555	0
K22556	0
K22557	0
K22558	0
K22559	0
K22560	0
K22561	0
K22562	0
K22563	0
K22564	0
K22565	0
K22566	0
K22567	0
K22568	0
K22569	0
K22570	0
K22571	0
K22572	0
K22573	0
K22574	0
K22575	4
K22576	5
K22577	0
K22578	1
K22579	108
K22580	807
K22581	0
K22582	0
K22583	11
K22584	11
K22585	735
K22586	0
K22587	0
K22588	3
K22589	61
K22590	0
K22591	0
K22592	0
K22593	0
K22594	0
K22595	0
K22596	0
K22597	8
K22598	176
K22599	0
K22600	0
K22601	0
K22602	0
K22603	0
K22604	0
K22605	0
K22606	2
K22607	2
K22608	0
K22609	0
K22610	0
K22611	8
K22612	0
K22613	0
K22614	0
K22615	40
K22616	22
K22617	43
K22618	670
K22619	0
K22620	0
K22621	0
K22622	585
K22623	0
K22624	0
K22625	0
K22626	0
K22627	0
K22628	0
K22629	0
K22630	6
K22631	0
K22632	0
K22633	0
K22634	0
K22635	0
K22636	0
K22637	0
K22638	0
K22639	0
K22640	0
K22641	0
K22642	0
K22643	0
K22644	0
K22645	0
K22646	0
K22647	0
K22648	0
K22649	0
K22650	4
K22651	0
K22652	0
K22653	0
K22654	2
K22655	0
K22656	20
K22657	6
K22658	0
K22659	1
K22660	0
K22661	0
K22662	0
K22663	0
K22664	0
K22665	0
K22666	0
K22667	0
K22668	0
K22669	0
K22670	0
K22671	0
K22672	0
K22673	0
K22674	0
K22675	0
K22676	0
K22677	0
K22678	0
K22679	0
K22680	0
K22681	0
K22682	0
K22683	0
K22684	343
K22685	265
K22686	4
K22687	0
K22688	0
K22689	0
K22690	19
K22691	0
K22692	0
K22693	2
K22694	0
K22695	0
K22696	0
K22697	6
K22698	0
K22699	162
K22700	0
K22701	0
K22702	0
K22703	0
K22704	105
K22705	12
K22706	0
K22707	0
K22708	372
K22709	0
K22710	0
K22711	0
K22712	6
K22713	0
K22714	0
K22715	0
K22716	0
K22717	0
K22718	0
K22719	1614
K22720	0
K22721	548
K22722	0
K22723	475
K22724	0
K22725	11
K22726	0
K22727	0
K22728	0
K22729	0
K22730	0
K22731	0
K22732	14
K22733	1
K22734	0
K22735	0
K22736	687
K22737	24
K22738	0
K22739	0
K22740	0
K22741	1
K22742	0
K22743	0
K22744	0
K22745	14
K22746	1
K22747	29
K22748	0
K22749	0
K22750	2
K22751	0
K22752	0
K22753	0
K22754	0
K22755	0
K22756	0
K22757	997
K22758	0
K22759	0
K22760	0
K22761	0
K22762	0
K22763	0
K22764	0
K22765	0
K22766	4
K22767	0
K22768	0
K22769	0
K22770	11
K22771	0
K22772	0
K22773	0
K22774	0
K22775	0
K22776	0
K22777	0
K22778	0
K22779	0
K22780	0
K22781	0
K22782	0
K22783	0
K22784	0
K22785	0
K22786	0
K22787	0
K22788	0
K22789	0
K22790	0
K22791	0
K22792	0
K22793	0
K22794	0
K22795	0
K22796	0
K22797	0
K22798	0
K22799	0
K22800	1
K22801	8
K22802	1
K22803	34
K22804	244
K22805	0
K22806	0
K22807	270
K22808	0
K22809	0
K22810	0
K22811	0
K22812	0
K22813	0
K22814	0
K22815	0
K22816	0
K22817	0
K22818	3
K22819	3
K22820	3
K22821	0
K22822	0
K22823	0
K22824	0
K22825	0
K22826	0
K22827	0
K22828	0
K22829	0
K22830	0
K22831	0
K22832	5
K22833	0
K22834	8
K22835	0
K22836	3
K22837	8
K22838	0
K22839	0
K22840	0
K22841	0
K22842	72
K22843	7
K22844	790
K22845	0
K22846	0
K22847	54
K22848	0
K22849	0
K22850	0
K22851	0
K22852	0
K22853	0
K22854	0
K22855	0
K22856	87
K22857	6
K22858	0
K22859	0
K22860	0
K22861	0
K22862	0
K22863	0
K22864	0
K22865	1
K22866	0
K22867	0
K22868	0
K22869	0
K22870	0
K22871	2
K22872	0
K22873	0
K22874	22
K22875	4
K22876	0
K22877	0
K22878	0
K22879	1
K22880	0
K22881	16
K22882	0
K22883	2
K22884	0
K22885	44
K22886	3
K22887	0
K22888	0
K22889	0
K22890	0
K22891	0
K22892	0
K22893	13
K22894	48
K22895	9
K22896	1
K22897	1
K22898	0
K22899	4
K22900	219
K22901	0
K22902	0
K22903	0
K22904	3
K22905	307
K22906	4
K22907	501
K22908	8
K22909	0
K22910	0
K22911	0
K22912	0
K22913	0
K22914	0
K22915	0
K22916	0
K22917	6
K22918	136
K22919	0
K22920	0
K22921	0
K22922	0
K22923	0
K22924	1
K22925	0
K22926	0
K22927	0
K22928	40
K22929	0
K22930	0
K22931	0
K22932	0
K22933	0
K22934	513
K22935	42
K22936	0
K22937	0
K22938	9
K22939	0
K22940	0
K22941	0
K22942	0
K22943	0
K22944	0
K22945	0
K22946	0
K22947	0
K22948	0
K22949	0
K22950	0
K22951	4
K22952	7
K22953	0
K22954	50
K22955	0
K22956	0
K22957	1
K22958	2
K22959	0
K22960	0
K22961	0
K22962	0
K22963	0
K22964	0
K22965	0
K22966	0
K22967	0
K22968	0
K22969	6
K22970	1
K22971	0
K22972	0
K22973	0
K22974	0
K22975	0
K22976	0
K22977	0
K22978	0
K22979	0
K22980	0
K22981	0
K22982	1
K22983	0
K22984	0
K22985	0
K22986	0
K22987	0
K22988	0
K22989	0
K22990	4
K22991	0
K22992	0
K22993	0
K22994	443
K22995	0
K22996	0
K22997	14
K22998	0
K22999	1
K23000	0
K23001	0
K23002	219
K23003	171
K23004	139
K23005	177
K23006	0
K23007	337
K23008	0
K23009	147
K23010	1296
K23011	0
K23012	15
K23013	0
K23014	3
K23015	1
K23016	0
K23017	0
K23018	0
K23019	0
K23020	0
K23021	0
K23022	0
K23023	1
K23024	0
K23025	0
K23026	0
K23027	0
K23028	0
K23029	0
K23030	0
K23031	1
K23032	0
K23033	0
K23034	0
K23035	0
K23036	4
K23037	0
K23038	0
K23039	0
K23040	1
K23041	0
K23042	0
K23043	0
K23044	7
K23045	0
K23046	0
K23047	0
K23048	0
K23049	0
K23050	30
K23051	0
K23052	0
K23053	0
K23054	423
K23055	1
K23056	1
K23057	1
K23058	1
K23059	44
K23060	7
K23061	1
K23062	0
K23063	0
K23064	0
K23065	0
K23066	0
K23067	1
K23068	0
K23069	0
K23070	0
K23071	0
K23072	132
K23073	95
K23074	0
K23075	0
K23076	0
K23077	42
K23078	1
K23079	0
K23080	0
K23081	0
K23082	0
K23083	97
K23084	51
K23085	0
K23086	3
K23087	5
K23088	0
K23089	0
K23090	0
K23091	0
K23092	0
K23093	0
K23094	0
K23095	0
K23096	0
K23097	0
K23098	0
K23099	0
K23100	0
K23101	4
K23102	5
K23103	302
K23104	35
K23105	0
K23106	0
K23107	744
K23108	0
K23109	0
K23110	0
K23111	0
K23112	0
K23113	54
K23114	16
K23115	0
K23116	1
K23117	272
K23118	14
K23119	0
K23120	0
K23121	72
K23122	0
K23123	1
K23124	51
K23125	0
K23126	0
K23127	0
K23128	0
K23129	0
K23130	0
K23131	1
K23132	38
K23133	0
K23134	0
K23135	0
K23136	0
K23137	0
K23138	62
K23139	7
K23140	0
K23141	0
K23142	0
K23143	0
K23144	1125
K23145	0
K23146	2
K23147	522
K23148	3
K23149	9
K23150	2
K23151	16
K23152	0
K23153	0
K23154	0
K23155	122
K23156	0
K23157	0
K23158	0
K23159	127
K23160	0
K23161	0
K23162	1
K23163	17
K23164	235
K23165	0
K23166	0
K23167	64
K23168	1
K23169	1
K23170	10
K23171	0
K23172	0
K23173	0
K23174	0
K23175	0
K23176	17
K23177	0
K23178	0
K23179	0
K23180	0
K23181	2
K23182	2
K23183	2
K23184	13
K23185	0
K23186	1
K23187	1
K23188	4
K23189	67
K23190	14
K23191	11
K23192	0
K23193	1
K23194	0
K23195	0
K23196	0
K23197	5
K23198	0
K23199	3
K23200	0
K23201	0
K23202	1
K23203	0
K23204	0
K23205	0
K23206	1
K23207	0
K23208	0
K23209	0
K23210	0
K23211	0
K23212	0
K23213	0
K23214	0
K23215	0
K23216	0
K23217	0
K23218	0
K23219	0
K23220	0
K23221	0
K23222	8
K23223	20
K23224	0
K23225	0
K23226	0
K23227	2
K23228	2
K23229	0
K23230	1
K23231	0
K23232	0
K23233	0
K23234	0
K23235	23
K23236	0
K23237	78
K23238	0
K23239	6
K23240	0
K23241	0
K23242	324
K23243	1
K23244	160
K23245	5
K23246	16
K23247	50
K23248	39
K23249	33
K23250	1
K23251	0
K23252	22
K23253	0
K23254	664
K23255	2
K23256	6
K23257	112
K23258	952
K23259	15
K23260	0
K23261	0
K23262	1
K23263	0
K23264	152
K23265	172
K23266	0
K23267	14
K23268	0
K23269	177
K23270	14
K23271	2
K23272	3
K23273	4
K23274	1
K23275	61
K23276	0
K23277	0
K23278	0
K23279	0
K23280	0
K23281	0
K23282	0
K23283	0
K23284	106
K23285	0
K23286	0
K23287	0
K23288	0
K23289	0
K23290	0
K23291	0
K23292	0
K23293	93
K23294	0
K23295	0
K23296	0
K23297	0
K23298	0
K23299	0
K23300	1102
K23301	1091
K23302	1070
K23303	5
K23304	0
K23305	0
K23306	0
K23307	0
K23308	0
K23309	0
K23310	0
K23311	0
K23312	0
K23313	0
K23314	0
K23315	0
K23316	0
K23317	0
K23318	0
K23319	3
K23320	0
K23321	0
K23322	0
K23323	0
K23324	0
K23325	0
K23326	0
K23327	0
K23328	0
K23329	1
K23330	87
K23331	0
K23332	0
K23333	0
K23334	0
K23335	0
K23336	0
K23337	0
K23338	0
K23339	0
K23340	0
K23341	0
K23342	0
K23343	14
K23344	1
K23345	0
K23346	0
K23347	63
K23348	13
K23349	5
K23351	1081
K23352	390
K23353	0
K23354	0
K23355	0
K23356	8
K23357	0
K23358	0
K23359	515
K23360	0
K23361	7
K23362	0
K23363	0
K23364	0
K23365	0
K23366	0
K23367	0
K23368	27
K23369	0
K23370	27
K23371	1
K23372	1
K23373	1
K23374	0
K23375	1
K23376	4
K23377	0
K23378	0
K23379	31
K23380	163
K23381	0
K23382	2
K23383	42
K23384	1
K23385	2
K23386	0
K23387	0
K23388	0
K23389	0
K23390	0
K23392	0
K23393	0
K23394	0
K23395	0
K23396	0
K23397	2
K23398	86
K23399	0
K23400	0
K23401	0
K23402	0
K23403	0
K23404	0
K23405	0
K23406	0
K23407	0
K23408	0
K23409	0
K23410	0
K23411	0
K23412	0
K23413	5
K23414	195
K23415	0
K23416	0
K23417	49
K23418	2
K23419	3
K23420	0
K23421	0
K23422	0
K23423	0
K23424	1256
K23425	1
K23426	0
K23427	0
K23428	0
K23429	0
K23430	1
K23431	0
K23432	0
K23433	0
K23434	0
K23435	8
K23436	0
K23437	31
K23438	0
K23439	63
K23440	0
K23441	0
K23442	0
K23443	0
K23444	0
K23445	0
K23446	0
K23447	6
K23448	6
K23449	0
K23450	0
K23451	0
K23452	0
K23453	0
K23454	2
K23455	0
K23456	0
K23457	0
K23458	0
K23459	0
K23460	0
K23461	0
K23462	6
K23463	4
K23464	864
K23465	110
K23466	19
K23467	1
K23468	0
K23469	0
K23470	11
K23471	0
K23472	0
K23473	0
K23474	0
K23475	3
K23476	1
K23477	7
K23478	3
K23479	0
K23480	0
K23481	0
K23482	8
K23483	55
K23484	0
K23485	0
K23486	1
K23487	0
K23488	0
K23489	7
K23490	0
K23491	0
K23492	0
K23493	0
K23494	0
K23495	0
K23496	0
K23497	0
K23498	0
K23499	112
K23500	0
K23501	0
K23502	0
K23503	0
K23504	14
K23505	0
K23506	0
K23507	0
K23508	277
K23509	3
K23510	0
K23511	0
K23512	0
K23513	4
K23514	1500
K23515	0
K23516	0
K23517	0
K23518	514
K23519	38
K23520	0
K23521	0
K23522	0
K23523	0
K23524	0
K23525	0
K23526	0
K23527	0
K23528	23
K23529	236
K23530	0
K23531	1
K23532	0
K23533	71
K23534	0
K23535	6
K23536	6
K23537	6
K23538	0
K23539	0
K23540	1
K23541	9
K23542	0
K23543	0
K23544	5
K23545	0
K23546	0
K23547	0
K23548	14
K23549	14
K23550	0
K23551	5
K23552	0
K23553	0
K23554	0
K23555	18
K23556	0
K23557	0
K23558	0
K23560	0
K23561	0
K23562	11
K23563	4
K23564	0
K23565	0
K23566	0
K23567	0
K23568	39
K23569	0
K23570	0
K23571	0
K23573	0
K23574	0
K23575	0
K23576	0
K23577	0
K23578	0
K23579	0
K23580	0
K23581	0
K23582	0
K23583	0
K23584	0
K23585	0
K23586	0
K23587	0
K23588	0
K23589	5
K23590	0
K23591	0
K23592	0
K23593	138
K23594	0
K23595	0
K23596	0
K23597	0
K23598	0
K23599	0
K23600	0
K23601	0
K23602	0
K23603	16
K23604	0
K23605	0
K23606	0
K23607	0
K23608	0
K23609	0
K23610	0
K23611	0
K23612	1
K23613	0
K23614	1
K23615	3
K23616	1
K23617	384
K23618	0
K23619	1
K23620	0
K23621	0
K23622	0
K23623	0
K23624	3
K23625	0
K23626	0
K23627	0
K23628	0
K23629	0
K23630	0
K23631	0
K23632	0
K23633	2
K23634	0
K23635	0
K23636	0
K23637	0
K23638	0
K23639	0
K23640	0
K23641	0
K23642	0
K23643	0
K23644	0
K23645	0
K23646	0
K23647	0
K23648	0
K23649	0
K23650	0
K23651	0
K23652	3
K23653	0
K23654	0
K23655	0
K23656	0
K23657	0
K23658	0
K23659	0
K23660	0
K23661	0
K23662	0
K23663	0
K23664	59
K23665	0
K23666	0
K23667	0
K23668	53
K23669	0
K23670	1
K23671	16
K23672	0
K23673	1
K23674	6
K23675	2
K23676	6
K23677	5
K23678	0
K23679	0
K23680	0
K23681	0
K23682	0
K23683	335
K23684	342
K23685	162
K23686	82
K23687	0
K23688	0
K23689	0
K23690	0
K23691	0
K23692	0
K23693	0
K23694	0
K23695	0
K23696	0
K23697	0
K23698	0
K23699	0
K23700	0
K23701	0
K23702	0
K23703	0
K23704	6
K23705	0
K23706	0
K23707	0
K23708	0
K23709	0
K23710	0
K23711	0
K23712	0
K23713	0
K23714	0
K23715	0
K23716	0
K23717	0
K23718	4
K23719	0
K23720	0
K23721	0
K23722	1
K23723	0
K23724	0
K23725	0
K23726	32
K23727	0
K23728	3
K23729	6
K23730	0
K23731	0
K23732	0
K23733	0
K23734	3
K23735	0
K23736	0
K23737	0
K23738	0
K23739	0
K23740	0
K23741	0
K23742	0
K23743	214
K23744	0
K23745	0
K23746	0
K23747	0
K23748	0
K23749	0
K23750	0
K23751	0
K23752	85
K23753	910
K23754	0
K23755	15
K23756	0
K23757	0
K23758	0
K23759	0
K23760	0
K23761	0
K23762	0
K23763	0
K23764	1
K23765	1
K23766	0
K23767	0
K23768	0
K23769	0
K23770	0
K23771	0
K23772	0
K23773	5
K23774	22
K23775	1192
K23776	172
K23777	78
K23778	24
K23779	1231
K23780	0
K23781	0
K23782	0
K23783	0
K23784	0
K23785	0
K23786	4
K23787	0
K23788	1
K23789	0
K23790	0
K23791	0
K23792	14
K23793	0
K23794	0
K23795	0
K23796	0
K23797	0
K23798	0
K23799	0
K23800	0
K23801	0
K23802	0
K23803	0
K23804	0
K23805	0
K23806	0
K23807	0
K23808	0
K23809	0
K23810	0
K23811	0
K23812	0
K23813	0
K23814	0
K23815	0
K23816	0
K23817	0
K23818	57
K23819	0
K23820	26
K23821	0
K23822	0
K23823	0
K23824	1
K23825	6
K23826	0
K23827	0
K23828	0
K23829	0
K23830	0
K23831	0
K23832	0
K23833	0
K23834	0
K23835	0
K23836	0
K23837	0
K23838	0
K23839	0
K23840	0
K23841	0
K23842	0
K23843	0
K23844	0
K23845	0
K23846	0
K23847	4
K23848	0
K23849	0
K23850	0
K23851	0
K23852	0
K23853	0
K23854	0
K23855	0
K23856	84
K23857	0
K23858	0
K23859	0
K23860	0
K23861	0
K23862	0
K23863	0
K23864	0
K23865	0
K23866	0
K23867	0
K23868	0
K23869	9
K23870	0
K23871	0
K23872	0
K23873	2
K23874	3
K23875	1
K23876	215
K23877	0
K23878	0
K23879	0
K23880	0
K23881	1
K23882	0
K23883	0
K23884	0
K23885	3
K23886	625
K23887	0
K23888	0
K23889	0
K23890	0
K23891	0
K23892	0
K23893	0
K23894	0
K23895	0
K23896	249
K23897	0
K23898	1
K23899	3
K23900	0
K23901	17
K23902	0
K23903	1
K23904	0
K23905	0
K23906	0
K23907	0
K23908	0
K23909	0
K23910	0
K23911	186
K23912	0
K23913	0
K23914	0
K23915	0
K23916	71
K23917	0
K23918	0
K23919	0
K23920	0
K23921	0
K23922	0
K23923	0
K23924	0
K23925	0
K23926	0
K23927	0
K23928	0
K23929	0
K23930	0
K23931	0
K23932	0
K23934	3
K23935	0
K23936	0
K23937	0
K23938	0
K23939	0
K23940	0
K23941	0
K23942	0
K23943	0
K23944	0
K23945	0
K23946	8
K23947	0
K23948	3
K23949	7
K23950	0
K23951	0
K23952	0
K23953	0
K23954	0
K23955	1
K23956	0
K23957	0
K23958	0
K23959	0
K23960	0
K23961	0
K23962	0
K23963	0
K23964	0
K23965	0
K23966	0
K23967	0
K23968	1
K23969	0
K23970	0
K23971	0
K23972	0
K23973	0
K23974	0
K23975	30
K23976	341
K23977	0
K23978	434
K23979	0
K23980	235
K23981	0
K23982	0
K23983	58
K23984	102
K23985	3
K23986	1
K23987	6
K23988	163
K23989	5
K23990	0
K23991	1
K23992	323
K23993	4
K23994	10
K23995	1
K23996	0
K23997	1278
K23998	41
K23999	49
K24000	0
K24001	0
K24002	1
K24003	0
K24004	0
K24005	0
K24006	3
K24007	0
K24008	0
K24009	0
K24010	0
K24011	0
K24012	362
K24013	0
K24014	0
K24015	0
K24016	0
K24017	3
K24018	46
K24019	0
K24020	1
K24021	0
K24022	0
K24023	0
K24024	0
K24025	0
K24026	0
K24027	2
K24028	256
K24029	7
K24030	0
K24031	0
K24032	0
K24033	46
K24034	0
K24035	0
K24036	0
K24037	0
K24038	0
K24039	0
K24040	3
K24041	12
K24042	7
K24043	0
K24044	0
K24045	0
K24046	0
K24047	0
K24048	0
K24049	0
K24050	4
K24051	83
K24052	0
K24053	8
K24054	0
K24055	2
K24056	0
K24057	11
K24058	0
K24059	1
K24060	3
K24061	8
K24062	0
K24063	0
K24064	0
K24065	0
K24066	1
K24067	8
K24068	0
K24069	0
K24070	0
K24071	1
K24072	9
K24073	816
K24074	1
K24075	1
K24076	62
K24077	0
K24078	7
K24079	0
K24080	0
K24081	0
K24082	4
K24083	303
K24084	23
K24085	343
K24086	0
K24087	87
K24088	20
K24089	0
K24090	4
K24091	1
K24092	0
K24093	0
K24094	0
K24095	0
K24096	0
K24097	0
K24098	0
K24099	0
K24100	38
K24101	1
K24102	0
K24103	0
K24104	0
K24105	31
K24106	0
K24107	0
K24108	136
K24109	0
K24110	8
K24111	1
K24112	0
K24113	0
K24114	0
K24115	0
K24116	49
K24117	40
K24118	5
K24119	325
K24120	612
K24121	454
K24122	17
K24123	0
K24124	0
K24125	0
K24126	164
K24127	0
K24128	0
K24129	285
K24130	214
K24131	142
K24132	0
K24133	0
K24134	0
K24135	89
K24136	2
K24137	33
K24138	3
K24139	0
K24140	0
K24141	0
K24142	93
K24143	0
K24144	0
K24145	0
K24146	0
K24147	0
K24148	0
K24149	0
K24150	0
K24151	0
K24152	0
K24153	0
K24154	0
K24155	0
K24156	0
K24157	0
K24158	729
K24159	0
K24160	108
K24161	179
K24162	172
K24163	804
K24164	0
K24165	0
K24166	0
K24167	0
K24168	0
K24169	0
K24170	0
K24171	0
K24172	0
K24173	0
K24174	2
K24175	0
K24176	0
K24177	0
K24178	9
K24179	0
K24180	686
K24181	0
K24182	0
K24183	0
K24184	0
K24185	1
K24186	0
K24187	0
K24188	0
K24189	0
K24190	0
K24191	0
K24192	0
K24193	0
K24194	0
K24195	0
K24196	0
K24197	0
K24198	0
K24199	0
K24200	162
K24201	0
K24202	0
K24203	0
K24204	765
K24205	1
K24206	7
K24207	0
K24208	0
K24209	0
K24210	0
K24211	5
K24212	0
K24213	4
K24214	1
K24215	0
K24216	0
K24217	893
K24218	0
K24219	0
K24220	1
K24221	0
K24222	0
K24223	0
K24224	0
K24225	0
K24226	19
K24227	0
K24228	0
K24229	0
K24230	0
K24231	0
K24232	0
K24233	0
K24234	0
K24235	6
K24236	23
K24237	13
K24238	0
K24239	0
K24240	0
K24241	0
K24242	0
K24243	0
K24244	0
K24245	0
K24246	3
K24247	1
K24248	0
K24249	55
K24250	0
K24251	17
K24252	76
K24253	0
K24254	31
K24255	0
K24256	10
K24257	14
K24258	365
K24259	98
K24260	0
K24261	0
K24262	0
K24263	1528
K24264	11
K24265	0
K24266	0
K24267	0
K24268	0
K24269	2
K24270	0
K24271	0
K24272	2
K24273	0
K24274	14
K24275	0
K24276	0
K24277	0
K24278	0
K24279	20
K24280	2
K24281	0
K24282	51
K24283	1
K24284	1
K24285	0
K24286	1
K24287	0
K24288	95
K24289	893
K24290	2
K24291	5
K24292	0
K24293	0
K24294	0
K24295	0
K24296	0
K24297	0
K24298	0
K24299	15
K24300	1327
K24301	178
K24302	173
K24303	205
K24304	65
K24305	192
K24306	93
K24307	130
K24308	0
K24309	0
K24310	211
K24311	0
K24312	0
K24313	3
K24314	0
K24315	0
K24316	0
K24317	0
K24318	0
K24319	0
K24320	0
K24321	0
K24322	0
K24323	0
K24324	0
K24325	0
K24326	72
K24327	207
K24328	0
K24329	0
K24330	0
K24331	0
K24332	26
K24333	0
K24334	0
K24335	0
K24336	2
K24337	0
K24338	1
K24339	0
K24340	0
K24341	5
K24342	0
K24343	3
K24344	3
K24345	0
K24346	0
K24347	0
K24348	2
K24349	0
K24350	0
K24351	0
K24352	0
K24353	0
K24354	0
K24355	1
K24356	0
K24357	33
K24358	0
K24359	6
K24360	0
K24361	2
K24362	0
K24363	3
K24364	0
K24365	0
K24366	0
K24367	0
K24368	0
K24369	0
K24370	0
K24371	0
K24372	0
K24373	0
K24374	1
K24375	0
K24376	0
K24377	0
K24378	0
K24379	0
K24380	0
K24381	0
K24382	0
K24383	0
K24384	0
K24385	0
K24386	0
K24387	0
K24388	0
K24389	0
K24390	0
K24391	2
K24392	3
K24393	0
K24394	3
K24395	0
K24396	0
K24397	0
K24398	0
K24399	0
K24400	0
K24401	0
K24402	0
K24403	114
K24404	270
K24405	1
K24406	0
K24407	0
K24408	0
K24409	5
K24410	1
K24411	39
K24412	0
K24413	0
K24414	0
K24415	0
K24416	0
K24417	0
K24418	0
K24419	1
K24420	0
K24421	0
K24422	0
K24423	0
K24424	0
K24425	0
K24426	0
K24427	21
K24428	12
K24429	0
K24430	0
K24431	0
K24432	0
K24433	0
K24434	0
K24435	0
K24436	126
K24437	0
K24438	0
K24439	0
K24440	0
K24441	0
K24442	1
K24443	2
K24444	428
K24445	0
K24446	0
K24447	313
K24448	2
K24449	0
K24450	0
K24451	128
K24452	0
K24453	2
K24454	7
K24455	0
K24456	462
K24457	19
K24458	29
K24459	796
K24460	0
K24461	1
K24462	1
K24463	0
K24464	37
K24465	0
K24466	0
K24467	0
K24468	0
K24469	352
K24470	3
K24471	0
K24472	5
K24473	593
K24474	0
K24475	0
K24476	0
K24477	14
K24478	2
K24479	0
K24480	0
K24481	0
K24482	2
K24483	10
K24484	0
K24485	213
K24486	3
K24487	45
K24488	2
K24489	0
K24490	0
K24491	0
K24492	34
K24493	0
K24494	0
K24495	10
K24496	63
K24497	0
K24498	89
K24499	1
K24500	0
K24501	0
K24502	0
K24503	0
K24504	0
K24505	0
K24506	0
K24507	6
K24508	0
K24509	0
K24510	173
K24511	72
K24512	0
K24513	33
K24514	175
K24515	15
K24516	1
K24517	0
K24518	0
K24519	0
K24520	0
K24521	0
K24522	0
K24523	0
K24524	0
K24525	0
K24526	0
K24527	0
K24528	0
K24529	0
K24530	0
K24531	0
K24532	0
K24533	0
K24534	0
K24535	0
K24536	0
K24537	1
K24538	0
K24539	0
K24540	0
K24541	0
K24542	0
K24543	0
K24544	0
K24545	0
K24546	0
K24547	0
K24548	0
K24549	0
K24550	0
K24551	0
K24552	24
K24553	0
K24554	0
K24555	0
K24556	0
K24557	0
K24558	0
K24559	0
K24560	0
K24561	0
K24562	0
K24563	0
K24564	0
K24565	0
K24566	0
K24567	0
K24568	0
K24569	0
K24570	0
K24571	0
K24572	0
K24573	0
K24574	0
K24575	0
K24576	0
K24577	0
K24578	0
K24579	0
K24580	0
K24581	0
K24582	0
K24583	0
K24584	0
K24585	0
K24586	0
K24587	0
K24588	0
K24589	0
K24590	0
K24591	0
K24592	0
K24593	4
K24594	2
K24595	0
K24596	0
K24597	0
K24598	0
K24599	0
K24600	0
K24601	0
K24602	0
K24603	0
K24604	0
K24605	0
K24606	0
K24607	0
K24608	0
K24609	8
K24610	25
K24611	0
K24612	0
K24613	0
K24614	0
K24615	0
K24616	0
K24617	0
K24618	0
K24619	26
K24620	85
K24621	0
K24622	0
K24623	0
K24624	0
K24625	0
K24626	0
K24627	0
K24628	0
K24629	0
K24630	0
K24631	17
K24632	0
K24633	0
K24634	3
K24635	0
K24636	0
K24637	0
K24638	0
K24639	0
K24640	0
K24641	0
K24642	0
K24643	0
K24644	0
K24645	0
K24646	0
K24647	0
K24648	0
K24649	0
K24650	0
K24651	0
K24652	17
K24653	0
K24654	4
K24655	17
K24656	65
K24657	0
K24658	55
K24659	0
K24660	0
K24661	0
K24662	537
K24663	0
K24664	0
K24665	0
K24666	0
K24667	3
K24668	0
K24669	0
K24670	0
K24671	38
K24672	8
K24673	30
K24674	0
K24675	0
K24676	0
K24677	0
K24678	0
K24679	0
K24680	0
K24681	0
K24682	0
K24683	0
K24684	0
K24685	0
K24686	0
K24687	0
K24688	0
K24689	0
K24690	0
K24691	0
K24692	0
K24693	0
K24694	0
K24695	0
K24696	32
K24697	0
K24698	25
K24699	5
K24700	12
K24701	0
K24702	0
K24703	0
K24704	2
K24705	0
K24706	0
K24707	54
K24708	407
K24709	0
K24710	0
K24711	0
K24712	1
K24713	0
K24714	0
K24715	0
K24716	0
K24717	0
K24718	0
K24719	9
K24720	0
K24721	0
K24722	0
K24723	0
K24724	0
K24725	4
K24726	0
K24727	144
K24728	5
K24729	2
K24730	0
K24731	0
K24732	0
K24733	1
K24734	111
K24735	2
K24736	32
K24737	0
K24738	0
K24739	0
K24740	0
K24741	0
K24742	0
K24743	1
K24744	0
K24745	12
K24746	0
K24747	0
K24748	0
K24749	0
K24750	0
K24751	0
K24752	0
K24753	0
K24754	0
K24755	0
K24756	0
K24757	2
K24758	0
K24759	0
K24760	0
K24761	0
K24762	0
K24763	0
K24764	9
K24765	0
K24766	0
K24767	0
K24768	81
K24769	0
K24770	0
K24771	0
K24772	0
K24773	0
K24774	0
K24775	0
K24776	0
K24777	0
K24778	0
K24779	0
K24780	0
K24781	13
K24782	0
K24783	0
K24784	0
K24785	0
K24786	0
K24787	0
K24788	0
K24789	0
K24790	30
K24791	0
K24792	2
K24793	0
K24794	1
K24795	0
K24796	0
K24797	0
K24798	0
K24799	0
K24800	0
K24801	0
K24802	1
K24803	1
K24804	0
K24805	0
K24806	0
K24807	0
K24808	0
K24809	0
K24810	0
K24811	0
K24812	0
K24813	2
K24814	0
K24815	0
K24816	1
K24817	0
K24818	0
K24819	2
K24820	0
K24821	20
K24822	9
K24823	0
K24824	0
K24825	0
K24826	0
K24827	0
K24828	0
K24829	0
K24830	0
K24831	61
K24832	0
K24833	0
K24834	0
K24835	26
K24836	0
K24837	1
K24838	0
K24839	7
K24840	0
K24841	0
K24842	1
K24843	3
K24844	3
K24845	3
K24846	165
K24847	642
K24848	24
K24849	0
K24850	115
K24851	0
K24852	0
K24853	0
K24854	0
K24855	0
K24856	0
K24857	0
K24858	0
K24859	0
K24860	0
K24861	0
K24862	0
K24863	0
K24864	0
K24865	0
K24866	863
K24867	9
K24868	45
K24869	0
K24870	0
K24871	0
K24872	67
K24873	0
K24874	0
K24875	0
K24876	0
K24877	0
K24878	0
K24879	0
K24880	0
K24881	0
K24882	0
K24883	0
K24884	0
K24885	0
K24886	0
K24887	0
K24888	0
K24889	0
K24890	0
K24891	0
K24892	0
K24893	0
K24894	0
K24895	0
K24896	0
K24897	0
K24898	0
K24899	0
K24900	0
K24901	0
K24902	0
K24903	0
K24904	0
K24905	0
K24906	40
K24907	0
K24908	0
K24909	0
K24910	0
K24911	0
K24912	0
K24913	0
K24914	40
K24915	494
K24916	0
K24917	0
K24918	0
K24919	0
K24920	0
K24921	0
K24922	0
K24923	0
K24924	73
K24925	39
K24926	5
K24927	11
K24928	0
K24929	372
K24930	1
K24931	1
K24932	85
K24933	2
K24934	4
K24935	20
K24936	727
K24937	291
K24938	0
K24939	1
K24940	0
K24941	7
K24942	3
K24943	50
K24944	8
K24945	1
K24946	25
K24947	4
K24948	1421
K24949	3
K24950	6
K24951	22
K24952	0
K24953	0
K24954	6
K24955	1
K24956	15
K24957	0
K24958	2
K24959	0
K24960	0
K24961	0
K24962	0
K24963	0
K24964	0
K24965	0
K24966	1
K24967	320
K24968	0
K24969	0
K24970	1
K24971	39
K24972	0
K24973	0
K24974	0
K24975	0
K24976	39
K24977	0
K24978	0
K24979	0
K24980	0
K24981	0
K24982	0
K24983	0
K24984	0
K24985	6
K24986	1
K24987	30
K24988	0
K24989	0
K24990	1
K24991	6
K24992	0
K24993	0
K24994	0
K24995	127
K24996	0
K24997	0
K24998	16
K24999	0
K25000	0
K25001	0
K25002	0
K25003	0
K25004	0
K25005	0
K25006	0
K25007	1
K25008	0
K25009	0
K25010	777
K25011	0
K25012	0
K25013	0
K25014	0
K25015	0
K25016	0
K25017	0
K25018	0
K25019	0
K25020	0
K25021	0
K25022	0
K25023	0
K25024	0
K25025	0
K25026	1206
K25027	1345
K25028	1306
K25029	0
K25030	0
K25031	212
K25032	0
K25033	4
K25034	1540
K25035	8
K25036	0
K25037	0
K25038	0
K25039	0
K25040	0
K25041	0
K25042	0
K25043	0
K25044	0
K25045	0
K25046	0
K25047	0
K25048	0
K25049	0
K25050	0
K25051	0
K25052	0
K25053	0
K25054	0
K25055	0
K25056	0
K25057	0
K25058	0
K25059	0
K25060	0
K25061	0
K25062	0
K25063	0
K25064	0
K25065	0
K25066	0
K25067	0
K25068	0
K25069	0
K25070	0
K25071	0
K25072	801
K25073	0
K25074	2
K25075	0
K25076	0
K25077	0
K25078	0
K25079	0
K25080	0
K25081	0
K25082	0
K25083	0
K25084	3
K25085	0
K25086	0
K25087	0
K25088	0
K25089	1
K25090	0
K25091	0
K25092	0
K25093	0
K25094	0
K25095	0
K25096	1
K25097	0
K25098	0
K25099	0
K25100	2
K25101	0
K25102	0
K25103	0
K25104	0
K25105	0
K25106	0
K25107	11
K25108	0
K25109	1
K25110	0
K25111	0
K25112	0
K25113	0
K25114	0
K25115	11
K25116	0
K25117	0
K25118	0
K25119	0
K25120	0
K25121	0
K25122	0
K25123	4
K25124	10
K25125	0
K25126	0
K25127	0
K25128	0
K25129	0
K25130	0
K25131	0
K25132	409
K25133	408
K25134	0
K25135	7
K25136	38
K25137	1436
K25138	9
K25139	0
K25140	3
K25141	4
K25142	669
K25143	861
K25144	463
K25145	0
K25146	0
K25147	96
K25148	176
K25149	3
K25150	0
K25151	1077
K25152	1131
K25153	971
K25154	9
K25155	4
K25156	6
K25157	0
K25158	4
K25159	198
K25160	1
K25161	0
K25162	0
K25163	0
K25164	0
K25165	0
K25166	108
K25167	1
K25168	0
K25169	19
K25170	0
K25171	0
K25172	0
K25173	0
K25174	0
K25175	0
K25176	0
K25177	0
K25178	0
K25179	0
K25180	975
K25181	818
K25182	426
K25183	625
K25184	0
K25185	0
K25186	0
K25187	4
K25188	2
K25189	1
K25190	0
K25191	0
K25192	0
K25193	144
K25194	0
K25195	4
K25196	138
K25197	530
K25198	9
K25199	27
K25200	0
K25201	0
K25202	0
K25203	0
K25204	0
K25205	30
K25206	0
K25207	5
K25208	0
K25209	0
K25210	0
K25211	0
K25212	7
K25213	352
K25214	0
K25215	0
K25216	0
K25217	0
K25218	0
K25219	0
K25220	0
K25221	0
K25222	1
K25223	4
K25224	2
K25225	0
K25226	0
K25227	72
K25228	0
K25229	0
K25230	45
K25231	0
K25232	1
K25233	0
K25234	5
K25235	0
K25236	0
K25237	0
K25238	0
K25239	0
K25240	0
K25241	0
K25242	0
K25243	0
K25244	0
K25245	0
K25246	0
K25247	0
K25248	0
K25249	0
K25250	0
K25251	0
K25252	0
K25253	0
K25254	1
K25255	7
K25256	0
K25257	0
K25258	3
K25259	0
K25260	3
K25261	0
K25262	13
K25263	0
K25264	0
K25265	3
K25266	0
K25267	0
K25268	0
K25269	3
K25270	0
K25271	0
K25272	1
K25273	0
K25274	0
K25275	0
K25276	0
K25277	0
K25278	0
K25279	0
K25280	0
K25281	0
K25282	46
K25283	43
K25284	43
K25285	42
K25286	0
K25287	0
K25288	0
K25289	0
K25290	3
K25291	0
K25292	0
K25293	0
K25294	0
K25295	0
K25296	0
K25297	0
K25298	0
K25299	0
K25300	0
K25301	0
K25302	0
K25303	0
K25304	0
K25305	0
K25306	0
K25307	1417
K25308	1
K25309	0
K25310	0
K25311	0
K25312	0
K25313	0
K25314	240
K25315	0
K25316	323
K25317	1
K25318	0
K25319	0
K25320	0
K25321	0
K25322	0
K25323	0
K25324	0
K25325	0
K25326	0
K25327	0
K25328	0
K25329	0
K25330	0
K25331	0
K25332	0
K25333	0
K25334	0
K25335	0
K25336	0
K25337	0
K25338	0
K25339	0
K25340	0
K25341	0
K25342	0
K25343	0
K25344	0
K25345	0
K25346	0
K25347	0
K25348	1
K25349	0
K25350	0
K25351	0
K25352	0
K25353	1
K25354	0
K25355	0
K25356	0
K25357	0
K25358	0
K25359	0
K25360	1
K25361	1
K25362	0
K25363	0
K25364	0
K25365	0
K25366	0
K25367	0
K25368	0
K25369	0
K25370	0
K25371	0
K25372	0
K25373	0
K25374	0
K25375	0
K25376	0
K25377	0
K25378	0
K25379	0
K25380	142
K25381	0
K25382	0
K25383	0
K25384	0
K25385	0
K25386	0
K25387	0
K25388	0
K25389	0
K25390	0
K25391	0
K25392	27
K25393	0
K25394	0
K25395	0
K25396	0
K25397	0
K25398	0
K25399	0
K25400	6
K25401	0
K25402	0
K25403	0
K25404	0
K25405	0
K25406	0
K25407	0
K25408	0
K25409	0
K25410	0
K25411	0
K25412	0
K25413	0
K25414	0
K25415	0
K25416	0
K25417	0
K25418	0
K25419	0
K25420	0
K25421	0
K25422	4
K25423	0
K25424	0
K25425	0
K25426	0
K25427	0
K25428	0
K25429	0
K25430	0
K25431	4
K25432	0
K25433	0
K25434	0
K25435	0
K25436	0
K25437	0
K25438	0
K25439	0
K25440	0
K25441	0
K25442	0
K25443	0
K25444	0
K25445	0
K25446	0
K25447	0
K25448	0
K25449	0
K25450	1
K25451	0
K25452	0
K25453	0
K25454	0
K25455	0
K25456	0
K25457	0
K25458	210
K25459	0
K25460	0
K25461	0
K25462	0
K25463	0
K25464	0
K25465	0
K25466	0
K25467	0
K25468	0
K25469	0
K25470	0
K25471	0
K25472	0
K25473	0
K25474	0
K25475	1
K25476	0
K25477	0
K25478	0
K25479	0
K25480	0
K25481	0
K25482	0
K25483	0
K25484	0
K25485	0
K25486	0
K25487	0
K25488	0
K25489	0
K25490	0
K25491	0
K25492	0
K25493	1
K25494	7
K25495	340
K25496	6
K25497	41
K25498	2
K25499	1
K25500	2
K25501	0
K25502	0
K25503	28
K25504	0
K25505	0
K25506	0
K25507	0
K25508	0
K25509	1
K25510	0
K25511	0
K25512	0
K25513	0
K25514	0
K25515	0
K25516	0
K25517	1
K25518	0
K25519	0
K25520	5
K25521	0
K25522	0
K25523	0
K25524	0
K25525	4
K25526	0
K25527	9
K25528	0
K25529	0
K25530	0
K25531	0
K25532	0
K25533	0
K25534	0
K25535	0
K25536	0
K25537	3
K25538	0
K25539	0
K25540	0
K25541	0
K25542	0
K25543	22
K25544	0
K25545	0
K25546	0
K25547	0
K25548	31
K25549	7
K25550	4
K25551	0
K25552	154
K25553	0
K25554	9
K25555	113
K25556	0
K25557	332
K25558	0
K25559	0
K25560	0
K25561	0
K25562	117
K25563	1
K25564	1
K25565	0
K25566	0
K25567	0
K25568	0
K25569	0
K25570	0
K25571	8
K25572	0
K25573	0
K25574	55
K25575	0
K25576	0
K25577	0
K25578	0
K25579	0
K25580	0
K25581	0
K25582	0
K25583	10
K25584	0
K25585	0
K25586	0
K25587	0
K25588	51
K25589	26
K25590	103
K25591	0
K25592	0
K25593	0
K25594	2
K25595	7
K25596	0
K25597	0
K25598	0
K25599	0
K25600	0
K25601	0
K25602	0
K25603	90
K25604	23
K25605	0
K25606	0
K25607	42
K25608	0
K25609	0
K25610	0
K25611	0
K25612	0
K25613	0
K25614	1
K25615	0
K25616	0
K25617	3
K25618	1
K25619	1581
K25620	35
K25621	3
K25622	1
K25623	3
K25624	0
K25625	0
K25626	182
K25627	412
K25628	0
K25629	0
K25630	0
K25631	0
K25632	1
K25633	0
K25634	95
K25635	0
K25636	0
K25637	0
K25638	0
K25639	0
K25640	0
K25641	0
K25642	0
K25643	0
K25644	0
K25645	0
K25646	0
K25647	0
K25648	0
K25649	116
K25650	2
K25651	8
K25652	685
K25653	13
K25654	0
K25655	0
K25656	511
K25657	20
K25658	20
K25659	24
K25660	1
K25661	0
K25662	0
K25663	0
K25664	0
K25665	0
K25666	0
K25667	0
K25668	0
K25669	7
K25670	0
K25671	0
K25672	0
K25673	0
K25674	0
K25675	0
K25676	0
K25677	0
K25678	0
K25679	0
K25680	0
K25681	0
K25682	0
K25683	0
K25684	0
K25685	0
K25686	0
K25687	0
K25688	0
K25689	0
K25690	0
K25691	0
K25692	0
K25693	0
K25694	0
K25695	0
K25696	0
K25697	0
K25698	0
K25699	13
K25700	0
K25701	105
K25702	0
K25703	0
K25704	0
K25705	0
K25706	1614
K25707	0
K25708	0
K25709	5
K25710	0
K25711	0
K25712	0
K25713	0
K25714	0
K25715	0
K25716	0
K25717	0
K25718	0
K25719	0
K25720	0
K25721	0
K25722	0
K25723	0
K25724	11
K25725	0
K25726	0
K25727	0
K25728	0
K25729	0
K25730	0
K25731	0
K25732	0
K25733	0
K25734	0
K25735	0
K25736	0
K25737	0
K25738	0
K25739	0
K25740	0
K25741	0
K25742	0
K25743	0
K25744	0
K25745	0
K25746	0
K25747	12
K25748	0
K25749	0
K25750	0
K25751	0
K25752	0
K25753	0
K25754	0
K25755	10
K25756	0
K25757	1
K25758	0
K25759	0
K25760	0
K25761	0
K25762	39
K25763	28
K25764	0
K25765	0
K25766	322
K25767	589
K25768	0
K25769	0
K25770	0
K25771	0
K25772	0
K25773	0
K25774	0
K25775	2
K25776	0
K25777	0
K25778	0
K25779	0
K25780	0
K25781	0
K25782	0
K25783	0
K25784	0
K25785	0
K25786	0
K25787	0
K25788	0
K25789	0
K25790	0
K25791	0
K25792	0
K25793	0
K25794	0
K25795	0
K25796	0
K25797	0
K25798	0
K25799	0
K25800	0
K25801	0
K25802	0
K25803	0
K25804	0
K25805	2
K25806	0
K25807	3
K25808	1
K25809	8
K25810	0
K25811	0
K25812	15
K25813	4
K25814	0
K25815	0
K25816	0
K25817	0
K25818	0
K25819	0
K25820	0
K25821	5
K25822	0
K25823	0
K25824	0
K25825	0
K25826	0
K25827	0
K25828	7
K25829	0
K25830	0
K25831	0
K25832	0
K25833	0
K25834	0
K25835	0
K25836	0
K25837	0
K25838	0
K25839	0
K25840	0
K25841	48
K25842	0
K25843	3
K25844	0
K25845	5
K25846	1
K25847	0
K25848	0
K25849	8
K25850	1
K25851	0
K25852	5
K25853	4
K25854	0
K25855	2
K25856	0
K25857	0
K25858	0
K25859	1
K25860	0
K25861	6
K25862	0
K25863	0
K25864	0
K25865	0
K25866	0
K25867	0
K25868	0
K25869	0
K25870	0
K25871	0
K25872	0
K25873	0
K25874	0
K25875	5
K25876	0
K25877	3
K25878	0
K25879	0
K25880	0
K25881	0
K25882	1
K25883	2
K25884	2
K25885	5
K25886	35
K25887	0
K25888	0
K25889	0
K25890	16
K25891	91
K25892	27
K25893	0
K25894	3
K25895	7
K25896	0
K25897	0
K25898	0
K25899	0
K25900	0
K25901	3
K25902	0
K25903	64
K25904	66
K25905	1
K25906	0
K25907	4
K25908	0
K25909	14
K25910	0
K25911	10
K25912	31
K25913	13
K25914	0
K25915	0
K25916	0
K25917	0
K25918	0
K25919	0
K25920	0
K25921	0
K25922	0
K25923	0
K25924	0
K25925	0
K25926	0
K25927	0
K25928	0
K25929	0
K25930	0
K25931	0
K25932	0
K25933	0
K25934	0
K25935	0
K25936	2
K25937	2
K25938	1
K25939	0
K25940	0
K25941	0
K25942	0
K25943	0
K25944	0
K25945	0
K25946	0
K25947	0
K25948	0
K25949	0
K25950	0
K25951	0
K25952	1
K25953	0
K25954	0
K25955	0
K25956	0
K25957	41
K25958	3
K25959	0
K25960	1
K25961	1
K25962	0
K25963	0
K25964	0
K25965	0
K25966	0
K25967	0
K25968	0
K25969	0
K25970	0
K25971	0
K25972	0
K25973	0
K25974	0
K25975	0
K25976	0
K25977	0
K25978	0
K25979	0
K25980	0
K25981	0
K25982	0
K25983	0
K25984	0
K25985	36
K25986	18
K25987	2
K25988	618
K25989	0
K25990	0
K25991	0
K25992	0
K25993	0
K25994	3
K25995	0
K25996	4
K25997	0
K25998	0
K25999	0
K26000	0
K26001	1
K26002	0
K26003	0
K26004	0
K26005	3
K26006	0
K26007	0
K26008	0
K26009	0
K26010	0
K26011	0
K26012	0
K26013	0
K26014	0
K26015	0
K26016	0
K26017	0
K26018	0
K26019	0
K26020	0
K26021	0
K26022	0
K26023	0
K26024	0
K26025	0
K26026	0
K26027	0
K26028	0
K26029	5
K26030	24
K26031	0
K26032	6
K26033	0
K26034	0
K26035	0
K26036	226
K26037	0
K26038	0
K26039	5
K26040	0
K26041	139
K26042	0
K26043	1
K26044	0
K26045	0
K26046	0
K26047	0
K26048	3
K26049	24
K26050	0
K26051	10
K26052	0
K26053	0
K26054	0
K26055	2
K26056	0
K26057	376
K26058	23
K26059	476
K26060	474
K26061	987
K26062	1
K26063	656
K26064	2
K26065	1
K26066	0
K26067	0
K26068	0
K26069	0
K26070	0
K26071	1
K26072	13
K26073	99
K26074	0
K26075	14
K26076	0
K26077	0
K26078	0
K26079	0
K26080	28
K26081	5
K26082	1
K26083	0
K26084	0
K26085	0
K26086	0
K26087	0
K26088	0
K26089	55
K26090	0
K26091	0
K26092	0
K26093	0
K26094	3
K26095	0
K26096	0
K26097	0
K26098	9
K26099	0
K26100	0
K26101	0
K26102	0
K26103	0
K26104	0
K26105	0
K26106	0
K26107	0
K26108	0
K26109	1
K26110	0
K26111	0
K26112	0
K26113	0
K26114	2
K26115	13
K26116	0
K26117	0
K26118	0
K26119	0
K26120	0
K26121	0
K26122	0
K26123	0
K26124	0
K26125	0
K26126	0
K26127	0
K26128	0
K26129	0
K26130	0
K26131	0
K26132	0
K26133	0
K26134	0
K26135	0
K26136	0
K26137	0
K26138	13
K26139	3
K26140	0
K26141	3
K26142	0
K26143	1
K26144	0
K26145	0
K26146	4
K26147	0
K26148	6
K26149	0
K26150	0
K26151	0
K26152	0
K26153	0
K26154	0
K26155	0
K26156	0
K26157	0
K26158	0
K26159	0
K26160	0
K26161	0
K26162	0
K26163	0
K26164	0
K26165	0
K26166	0
K26167	0
K26168	0
K26169	0
K26170	0
K26171	4
K26172	22
K26173	2
K26174	3
K26175	0
K26176	253
K26177	0
K26178	35
K26179	1
K26180	47
K26181	0
K26182	189
K26183	1
K26184	18
K26185	0
K26186	0
K26187	0
K26188	0
K26189	0
K26190	0
K26197	1
K26198	0
K26199	0
K26200	0
K26201	0
K26202	0
K26203	0
K26204	0
K26205	0
K26206	0
K26207	0
K26208	29
K26209	5
K26210	8
K26211	0
K26212	17
K26213	0
K26214	0
K26215	0
K26216	361
K26217	0
K26218	63
K26219	0
K26220	0
K26221	0
K26222	0
K26223	0
K26224	0
K26225	0
K26226	0
K26227	6
K26228	0
K26229	1
K26230	0
K26231	0
K26232	0
K26233	0
K26234	0
K26235	0
K26236	0
K26237	0
K26238	0
K26239	0
K26240	0
K26241	29
K26242	0
K26243	0
K26244	3
K26245	0
K26246	0
K26247	0
K26248	0
K26249	0
K26250	0
K26251	0
K26252	0
K26253	0
K26254	0
K26255	0
K26256	0
K26257	0
K26258	0
K26259	0
K26260	0
K26261	0
K26262	0
K26263	0
K26264	0
K26265	0
K26266	0
K26267	0
K26268	0
K26269	0
K26270	0
K26271	0
K26272	62
K26273	22
K26274	0
K26275	0
K26276	0
K26277	0
K26278	0
K26279	0
K26280	0
K26281	0
K26282	0
K26283	0
K26284	8
K26285	0
K26286	6
K26287	0
K26288	717
K26289	1
K26290	1
K26316	1
K26317	0
K26318	4
K26346	0
K26347	0
K26348	6
K26349	317
K26350	0
K26351	2
K26352	0
K26353	7
K26354	0
K26355	45
K26356	0
K26357	0
K26364	0
K26365	9
K26366	0
K26367	0
K26368	0
K26369	8
K26370	0
K26371	0
K26372	0
K26373	0
K26374	0
K26375	0
K26376	0
K26377	0
K26378	0
K26379	0
K26380	0
K26381	0
K26382	1
K26383	0
K26384	0
K26385	0
K26389	7
K26390	0
K26391	55
K26392	605
K26393	1
K26394	0
K26395	0
K26396	0
K26397	0
K26398	0
K26399	3
K26400	2
K26401	0
K26402	0
K26403	0
K26404	3
K26405	34
K26406	0
K26407	0
K26408	0
K26409	0
K26410	0
K26411	0
K26412	0
K26413	48
K26414	41
K26415	0
K26416	0
K26417	0
K26418	0
K26419	0
K26420	0
K26421	0
K26422	0
K26423	0
K26424	0
K26425	0
K26426	0
K26427	0
K26428	0
K26429	0
K26430	0
K26431	0
K26432	0
K26433	0
K26434	0
K26435	0
K26436	0
K26437	0
K26438	0
K26439	0
K26440	3
K26441	189
K26442	0
K26443	0
K26444	0
K26445	0
K26446	0
K26447	0
K26448	0
K26449	0
K26450	4
K26451	0
K26452	0
K26453	0
K26454	0
K26455	0
K26456	2
K26457	0
K26458	0
K26459	0
K26460	0
K26466	5
K26467	0
K26468	0
K26469	2
K26470	0
K26471	2
K26472	0
K26473	5
K26480	0
K26481	0
K26482	0
K26483	0
K26484	0
K26485	0
K26486	1
K26487	0
K26488	0
K26489	0
K26490	0
K26491	0
K26492	0
K26493	0
K26494	0
K26495	0
K26496	0
K26497	0
K26498	0
K26499	0
K26500	211
K26501	0
K26502	0
K26503	1
K26504	0
K26505	0
K26506	0
K26507	0
K26508	0
K26509	0
K26510	1
K26511	0
K26512	0
K26513	0
K26514	0
K26515	0
K26516	0
K26517	0
K26518	2
K26519	0
K26520	0
K26521	0
K26522	0
K26523	1
K26524	0
K26525	0
K26526	0
K26527	0
K26528	0
K26529	0
K26530	0
K26531	0
K26532	0
K26533	0
K26534	0
K26535	0
K26536	0
K26537	0
K26538	0
K26539	0
K26540	0
K26541	0
K26542	0
K26543	0
K26544	0
K26545	0
K26546	0
K26547	51
K26548	0
K26549	0
K26550	0
K26551	0
K26552	0
K26553	0
K26554	0
K26555	2
K26556	0
K26557	0
K26558	0
K26559	0
K26560	0
K26561	0
K26562	0
K26563	0
K26564	0
K26579	1
K26580	3
K26581	0
K26582	0
K26583	0
K26584	0
K26585	0
K26586	1
K26587	0
K26588	0
K26589	0
K26590	0
K26591	0
K26592	0
K26593	0
K26594	0
K26595	0
K26596	0
K26597	0
K26598	1
K26599	2
K26600	0
K26601	155
K26602	76
K26603	0
K26604	1
K26605	49
K26606	48
K26607	452
K26608	1
K26609	1
K26610	0
K26611	0
K26612	0
K26613	0
K26614	0
K26615	1
K26616	0
K26617	0
K26618	0
K26619	0
K26620	0
K26621	3
K26622	0
K26623	0
K26624	0
K26625	0
K26626	0
K26627	0
K26628	2
K26629	0
K26630	0
K26631	0
K26632	0
K26633	0
K26634	0
K26635	0
K26636	0
K26637	0
K26638	0
K26639	0
K26640	0
K26641	0
K26642	0
K26643	1
K26644	0
K26645	0
K26646	0
K26647	0
K26648	0
K26649	0
K26650	1
K26651	0
K26652	0
K26653	0
K26654	0
K26655	0
K26656	0
K26657	0
K26658	0
K26659	0
K26660	254
K26661	0
K26662	0
K26663	0
K26664	0
K26665	0
K26666	0
K26667	0
K26668	0
K26669	0
K26670	0
K26671	0
K26672	0
K26673	0
K26674	0
K26675	3
K26676	0
K26677	0
K26678	0
K26679	0
K26680	0
K26681	0
K26682	0
K26683	1
K26684	0
K26685	0
K26686	0
K26687	0
K26688	0
K26689	0
K26690	0
K26691	0
K26692	13
K26693	0
K26694	0
K26695	0
K26696	281
K26697	0
K26698	0
K26699	0
K26700	0
K26701	0
K26702	0
K26703	0
K26704	0
K26705	0
K26706	0
K26707	0
K26708	0
K26709	0
K26710	0
K26711	0
K26712	0
K26713	0
K26714	1
K26715	2
K26716	1
K26717	3
K26718	0
K26719	0
K26720	0
K26721	0
K26722	1
K26723	0
K26724	0
K26725	0
K26726	0
K26727	0
K26728	0
K26729	0
K26730	910
K26731	667
K26732	40
K26733	0
K26734	1
K26735	834
K26736	0
K26737	0
K26738	0
K26739	1
K26740	1
K26741	2
K26742	0
K26743	0
K26744	18
K26745	0
K26746	1
K26747	0
K26748	0
K26749	0
K26750	0
K26751	0
K26752	0
K26753	17
K26754	0
K26755	0
K26756	4
K26757	0
K26758	0
K26759	0
K26760	0
K26761	0
K26762	0
K26763	0
K26764	0
K26765	0
K26766	0
K26767	0
K26768	0
K26769	0
K26770	38
K26771	0
K26772	0
K26773	3
K26774	0
K26775	8
K26776	0
K26777	0
K26778	234
K26779	0
K26780	0
K26781	0
K26782	348
K26783	3
K26784	0
K26785	0
K26786	0
K26787	0
K26788	0
K26789	1
K26790	0
K26791	0
K26792	0
K26793	0
K26794	0
K26795	0
K26796	0
K26797	0
K26798	0
K26799	0
K26800	0
K26801	0
K26802	0
K26803	0
K26804	0
K26805	1
K26806	0
K26807	0
K26808	0
K26815	0
K26816	0
K26817	0
K26818	0
K26819	50
K26820	0
K26821	0
K26822	0
K26823	0
K26824	0
K26825	0
K26826	0
K26827	0
K26828	64
K26829	4
K26830	0
K26831	0
K26832	0
K26833	0
K26834	0
K26835	138
K26836	0
K26837	65
K26838	103
K26839	0
K26840	25
K26841	0
K26842	385
K26843	3
K26844	0
K26845	0
K26846	1
K26847	0
K26848	0
K26849	0
K26850	0
K26851	0
K26852	0
K26853	0
K26854	0
K26855	0
K26856	0
K26857	0
K26858	64
K26859	9
K26860	0
K26861	0
K26862	6
K26863	0
K26864	172
K26865	549
K26866	0
K26867	6
K26868	2
K26869	0
K26870	4
K26871	0
K26872	0
K26873	0
K26874	0
K26875	14
K26876	0
K26877	1
K26878	58
K26879	4
K26880	0
K26881	2
K26882	0
K26883	20
K26884	0
K26885	3
K26886	5
K26887	0
K26888	0
K26889	44
K26890	0
K26891	0
K26892	5
K26893	1
K26894	2
K26895	59
K26896	0
K26897	0
K26898	0
K26899	6
K26900	23
K26901	66
K26902	0
K26903	9
K26904	0
K26905	5
K26906	1
K26907	0
K26908	14
K26909	0
K26910	0
K26911	0
K26912	0
K26913	66
K26914	0
K26915	0
K26916	2
K26917	4
K26918	0
K26919	0
K26920	150
K26921	0
K26922	432
K26923	3
K26924	0
K26925	0
K26926	0
K26927	0
K26928	2
K26929	0
K26930	0
K26931	0
K26932	0
