KO id	KO_count
K00001	1745
K00002	123
K00003	3270
K00004	1702
K00005	189
K00006	0
K00007	2
K00008	1882
K00009	558
K00010	2133
K00011	7
K00012	2911
K00013	3142
K00014	3227
K00015	423
K00016	1237
K00018	88
K00019	787
K00020	2475
K00021	299
K00022	49
K00023	146
K00024	295
K00025	2180
K00026	3
K00027	2275
K00028	0
K00029	177
K00030	145
K00031	3119
K00032	3
K00033	3065
K00034	2613
K00035	8
K00036	3032
K00037	0
K00038	2182
K00039	39
K00040	1873
K00041	43
K00042	1292
K00043	38
K00044	13
K00045	805
K00046	715
K00048	278
K00049	25
K00051	0
K00052	2700
K00053	3202
K00054	151
K00055	1016
K00057	3236
K00058	3196
K00059	3081
K00060	1183
K00061	61
K00062	0
K00063	0
K00064	1181
K00065	873
K00066	294
K00067	1920
K00068	128
K00069	25
K00070	5
K00071	3
K00072	0
K00073	158
K00074	2598
K00075	3258
K00076	1405
K00077	2096
K00078	1580
K00079	302
K00081	0
K00082	0
K00083	2
K00084	2
K00085	0
K00086	203
K00087	831
K00088	3302
K00089	0
K00090	25
K00091	1581
K00093	0
K00094	19
K00095	2
K00096	762
K00097	77
K00098	635
K00099	3209
K00100	30
K00101	1376
K00102	175
K00103	177
K00104	2641
K00105	0
K00106	5
K00107	1
K00108	1808
K00109	106
K00111	2884
K00112	129
K00113	839
K00114	175
K00115	103
K00116	1830
K00117	7
K00118	62
K00119	941
K00120	232
K00121	1176
K00122	328
K00123	2312
K00124	997
K00125	2
K00126	101
K00127	381
K00128	385
K00129	1134
K00130	2577
K00131	4
K00132	164
K00133	3257
K00134	3303
K00135	2913
K00137	494
K00138	2414
K00139	2
K00140	2527
K00141	603
K00142	143
K00143	10
K00145	3116
K00146	1109
K00147	3188
K00148	2067
K00149	0
K00150	63
K00151	678
K00152	7
K00153	2300
K00154	404
K00155	2
K00156	2475
K00157	0
K00158	128
K00161	464
K00162	482
K00163	2956
K00164	26
K00166	2516
K00167	2522
K00169	108
K00170	106
K00171	101
K00172	118
K00174	1780
K00175	1723
K00176	150
K00177	66
K00179	124
K00180	111
K00181	0
K00182	0
K00184	64
K00185	65
K00186	6
K00187	61
K00188	4
K00189	0
K00192	0
K00193	0
K00194	0
K00195	0
K00196	111
K00197	2
K00198	0
K00200	0
K00201	0
K00202	3
K00203	0
K00204	26
K00205	23
K00206	27
K00207	0
K00208	20
K00209	108
K00211	0
K00212	0
K00213	2
K00214	0
K00215	3235
K00216	648
K00217	510
K00218	316
K00219	1477
K00220	18
K00221	414
K00222	9
K00223	0
K00224	19
K00225	0
K00226	138
K00227	43
K00228	25
K00230	1082
K00231	3062
K00232	2187
K00233	23
K00234	20
K00235	16
K00236	10
K00237	0
K00239	3104
K00240	3105
K00241	2933
K00242	2289
K00243	4
K00244	103
K00245	94
K00246	80
K00247	80
K00248	1829
K00249	1952
K00251	0
K00252	2488
K00253	161
K00254	2908
K00255	2026
K00257	423
K00258	0
K00259	2556
K00260	275
K00261	607
K00262	2020
K00263	390
K00264	210
K00265	2889
K00266	2777
K00270	0
K00271	967
K00272	0
K00273	849
K00274	1592
K00275	2405
K00276	1032
K00277	158
K00278	2559
K00279	457
K00280	43
K00281	2781
K00282	79
K00283	77
K00284	4
K00285	975
K00286	3243
K00287	2320
K00288	11
K00289	3
K00290	144
K00293	83
K00294	1577
K00295	22
K00296	0
K00297	2456
K00298	520
K00299	2320
K00300	1
K00301	1578
K00302	614
K00303	531
K00304	463
K00305	519
K00306	30
K00307	51
K00308	2
K00309	709
K00310	6
K00311	18
K00312	0
K00313	190
K00314	3
K00315	222
K00316	35
K00317	141
K00318	1662
K00319	0
K00320	2490
K00322	793
K00323	879
K00324	1069
K00325	1794
K00326	13
K00327	0
K00330	2028
K00331	2010
K00332	2003
K00333	2018
K00334	1989
K00335	2089
K00336	2166
K00337	2074
K00338	1900
K00339	2047
K00340	2022
K00341	2061
K00342	2061
K00343	2061
K00344	2920
K00345	0
K00346	3
K00347	3
K00348	3
K00349	3
K00350	3
K00351	45
K00354	357
K00355	1020
K00357	0
K00359	1474
K00360	993
K00361	13
K00362	2072
K00363	1994
K00364	35
K00365	1363
K00366	15
K00367	957
K00368	662
K00370	1258
K00371	1250
K00372	1332
K00373	1287
K00374	1265
K00375	2794
K00376	4
K00378	0
K00380	707
K00381	15
K00382	3144
K00383	67
K00384	3296
K00385	81
K00386	7
K00387	1037
K00389	1876
K00390	2282
K00392	2282
K00394	132
K00395	505
K00399	0
K00400	0
K00401	0
K00402	0
K00404	10
K00405	10
K00406	15
K00407	8
K00408	0
K00410	14
K00411	13
K00412	1
K00413	7
K00414	4
K00415	3
K00416	0
K00417	0
K00418	0
K00419	0
K00420	0
K00421	65
K00422	50
K00423	181
K00424	12
K00425	2868
K00426	2845
K00427	81
K00428	9
K00430	1
K00431	1
K00432	2211
K00433	2445
K00434	0
K00435	2832
K00436	55
K00437	69
K00440	15
K00441	172
K00442	0
K00443	6
K00444	3
K00445	0
K00446	1117
K00448	1252
K00449	1716
K00450	646
K00451	1638
K00452	243
K00453	1336
K00454	0
K00455	153
K00456	1466
K00457	1147
K00458	0
K00459	2398
K00460	0
K00461	12
K00462	77
K00463	36
K00464	773
K00465	17
K00466	3
K00467	1460
K00468	807
K00469	4
K00471	317
K00472	32
K00473	0
K00474	12
K00475	0
K00476	78
K00477	1300
K00478	0
K00479	524
K00480	497
K00481	1088
K00483	235
K00484	92
K00485	999
K00486	190
K00487	0
K00488	0
K00489	0
K00490	0
K00491	373
K00492	7
K00493	0
K00494	636
K00495	0
K00496	1011
K00497	0
K00498	0
K00499	1010
K00500	236
K00501	1
K00502	0
K00503	53
K00504	2
K00505	151
K00506	0
K00507	787
K00508	2
K00509	8
K00510	0
K00511	19
K00512	0
K00513	0
K00514	4
K00515	3
K00516	92
K00517	0
K00518	947
K00520	1234
K00521	304
K00522	3
K00523	1479
K00524	0
K00525	3160
K00526	2956
K00527	35
K00528	1992
K00529	2339
K00530	0
K00531	0
K00532	3
K00533	2
K00534	1
K00537	1717
K00540	1970
K00541	20
K00542	42
K00543	6
K00544	56
K00545	768
K00546	8
K00547	1328
K00548	2128
K00549	2776
K00550	1
K00551	0
K00552	0
K00553	44
K00554	3286
K00555	0
K00556	2583
K00557	3
K00558	1980
K00559	76
K00560	2414
K00561	904
K00562	35
K00563	1428
K00564	1879
K00565	0
K00566	3093
K00567	2995
K00568	2360
K00569	18
K00570	1449
K00571	680
K00572	0
K00573	1034
K00574	2106
K00575	230
K00577	12
K00578	0
K00579	0
K00580	0
K00581	0
K00582	0
K00583	0
K00584	0
K00586	0
K00587	526
K00588	2045
K00589	1
K00590	120
K00591	6
K00592	0
K00594	1056
K00595	1839
K00596	270
K00597	1
K00598	2297
K00599	0
K00600	3168
K00601	0
K00602	3275
K00603	6
K00604	3270
K00605	2829
K00606	2673
K00607	4
K00608	0
K00609	3264
K00610	157
K00611	3194
K00612	887
K00613	306
K00614	0
K00615	3242
K00616	311
K00617	144
K00618	0
K00619	2575
K00620	3115
K00621	20
K00622	410
K00623	0
K00624	329
K00625	23
K00626	2658
K00627	2989
K00628	0
K00629	0
K00630	0
K00631	773
K00632	2567
K00633	449
K00634	31
K00635	1659
K00637	0
K00638	78
K00639	1001
K00640	1996
K00641	2407
K00643	123
K00645	2812
K00646	50
K00647	44
K00648	1889
K00649	0
K00650	40
K00651	372
K00652	1921
K00653	0
K00654	0
K00655	3283
K00656	920
K00657	1807
K00658	273
K00659	182
K00660	1
K00661	2602
K00662	542
K00663	1059
K00664	0
K00665	1
K00666	2960
K00667	1
K00668	282
K00669	37
K00670	1
K00671	0
K00672	0
K00673	4
K00674	3013
K00675	1037
K00677	113
K00678	0
K00679	0
K00680	21
K00681	2123
K00682	1672
K00683	2
K00684	328
K00685	0
K00686	2
K00687	0
K00688	1015
K00689	123
K00690	223
K00691	3
K00692	161
K00693	0
K00694	750
K00695	2
K00696	6
K00697	2721
K00698	0
K00699	0
K00700	2984
K00701	579
K00702	131
K00703	158
K00704	0
K00705	2236
K00706	0
K00709	0
K00710	952
K00712	767
K00713	6
K00714	0
K00715	0
K00716	0
K00717	2
K00718	52
K00719	0
K00720	20
K00721	3124
K00722	1
K00725	14
K00726	4
K00727	30
K00728	3026
K00729	329
K00730	0
K00731	0
K00733	2
K00734	0
K00735	0
K00736	0
K00737	8
K00738	0
K00739	0
K00741	0
K00742	0
K00743	0
K00744	0
K00746	0
K00747	0
K00748	16
K00749	0
K00750	23
K00752	271
K00753	0
K00754	1630
K00756	66
K00757	6
K00758	2732
K00759	3133
K00760	3
K00761	3267
K00762	3241
K00763	3269
K00764	3267
K00765	3116
K00766	3049
K00767	2695
K00768	2044
K00769	14
K00770	21
K00771	15
K00772	1586
K00773	1479
K00774	0
K00775	0
K00776	8
K00777	1
K00778	0
K00779	0
K00780	0
K00781	1
K00782	1641
K00783	359
K00784	2529
K00785	0
K00786	2
K00787	0
K00788	2799
K00789	3299
K00790	3305
K00791	3292
K00793	2795
K00794	2838
K00795	25
K00796	3232
K00797	2695
K00798	1910
K00799	36
K00800	3264
K00801	19
K00802	0
K00803	1610
K00804	0
K00805	1
K00806	452
K00807	6
K00808	28
K00809	3
K00810	0
K00811	0
K00812	2175
K00813	51
K00814	0
K00815	1
K00816	0
K00817	3259
K00818	2
K00819	1711
K00820	3292
K00821	3086
K00822	116
K00823	1178
K00824	353
K00825	10
K00826	3263
K00827	3
K00830	398
K00831	3145
K00832	21
K00833	1892
K00835	18
K00836	1362
K00837	6
K00838	0
K00839	274
K00840	3
K00841	36
K00843	0
K00844	0
K00845	38
K00846	0
K00847	2499
K00848	1248
K00849	2845
K00850	355
K00851	2455
K00852	2893
K00853	683
K00854	2308
K00855	211
K00856	5
K00857	1764
K00858	3292
K00859	3274
K00860	901
K00861	4
K00862	362
K00863	230
K00864	3115
K00865	3061
K00866	0
K00867	2834
K00868	965
K00869	342
K00871	0
K00872	3214
K00873	3270
K00874	1564
K00875	10
K00876	1392
K00877	36
K00878	964
K00879	82
K00880	93
K00881	13
K00882	1916
K00883	73
K00884	29
K00885	5
K00886	3009
K00887	177
K00888	0
K00889	0
K00891	797
K00892	2
K00893	0
K00894	12
K00895	330
K00897	1411
K00898	0
K00899	192
K00900	0
K00901	1
K00902	0
K00903	111
K00904	0
K00905	0
K00906	3
K00907	0
K00908	0
K00909	0
K00910	0
K00911	0
K00912	15
K00913	0
K00914	0
K00915	10
K00916	0
K00917	1184
K00918	134
K00919	3206
K00920	0
K00921	0
K00922	0
K00923	0
K00924	0
K00925	3021
K00926	612
K00927	3303
K00928	3259
K00929	50
K00930	3115
K00931	3180
K00932	0
K00933	1
K00934	0
K00936	2939
K00937	2961
K00938	324
K00939	3291
K00940	3044
K00941	2891
K00942	3270
K00943	3272
K00944	44
K00945	3020
K00946	2944
K00947	21
K00948	3303
K00949	553
K00950	1628
K00951	6
K00952	42
K00953	0
K00954	3274
K00955	881
K00956	1758
K00957	2285
K00958	293
K00960	0
K00962	3300
K00963	1395
K00965	2462
K00966	1645
K00967	2
K00968	9
K00969	3285
K00970	3137
K00971	1313
K00972	0
K00973	3014
K00974	202
K00975	2592
K00976	0
K00977	0
K00978	725
K00979	56
K00980	836
K00981	3289
K00982	3116
K00983	9
K00984	304
K00985	0
K00986	933
K00987	0
K00988	1
K00989	3224
K00990	2038
K00991	2419
K00992	105
K00993	155
K00994	1
K00995	908
K00996	2
K00997	2962
K00998	3
K00999	14
K01000	3293
K01001	0
K01002	71
K01003	35
K01004	220
K01005	3287
K01006	1623
K01007	907
K01008	1034
K01009	745
K01011	2816
K01012	2124
K01013	82
K01014	210
K01015	0
K01016	12
K01017	7
K01019	0
K01020	91
K01021	121
K01022	53
K01023	550
K01024	46
K01025	2
K01026	106
K01027	259
K01028	1567
K01029	1624
K01031	522
K01032	522
K01034	7
K01035	6
K01039	1429
K01040	1423
K01041	997
K01042	1015
K01043	61
K01044	49
K01045	16
K01046	2631
K01047	41
K01048	1220
K01049	132
K01050	23
K01051	431
K01052	104
K01053	1359
K01054	2404
K01055	3173
K01056	3273
K01057	2938
K01058	4
K01059	0
K01060	1196
K01061	2396
K01062	182
K01063	2
K01064	0
K01065	0
K01066	179
K01067	0
K01068	103
K01069	3016
K01070	11
K01071	1
K01073	557
K01074	2
K01075	97
K01076	2
K01077	270
K01078	1
K01079	2941
K01080	0
K01081	8
K01082	1259
K01083	297
K01084	0
K01085	2
K01086	173
K01087	2264
K01089	16
K01090	0
K01091	3052
K01092	3023
K01093	4
K01094	0
K01095	8
K01096	176
K01097	0
K01098	0
K01099	0
K01100	0
K01101	1
K01102	0
K01103	0
K01104	2430
K01106	0
K01107	0
K01108	0
K01109	0
K01110	1
K01111	1
K01112	0
K01113	1629
K01114	1192
K01115	553
K01116	0
K01117	329
K01118	1234
K01119	826
K01120	2
K01121	1
K01122	3
K01123	89
K01124	6
K01125	646
K01126	3152
K01127	391
K01128	0
K01129	3253
K01130	337
K01131	1
K01132	1
K01133	1244
K01134	1300
K01135	130
K01136	0
K01137	163
K01138	297
K01139	3303
K01141	10
K01142	3281
K01143	35
K01146	2
K01147	83
K01148	0
K01149	0
K01150	570
K01151	1935
K01152	0
K01153	1596
K01154	1683
K01155	64
K01156	594
K01157	0
K01158	0
K01159	3279
K01160	338
K01161	0
K01163	23
K01164	0
K01165	7
K01166	23
K01167	1321
K01168	0
K01169	23
K01170	0
K01171	0
K01172	0
K01173	566
K01174	699
K01175	939
K01176	1059
K01177	17
K01178	311
K01179	593
K01180	388
K01181	853
K01182	2807
K01183	908
K01184	111
K01185	25
K01186	1081
K01187	40
K01188	1
K01189	0
K01190	1359
K01191	1743
K01192	808
K01193	1144
K01194	19
K01195	230
K01196	59
K01197	20
K01198	961
K01199	14
K01200	1015
K01201	557
K01202	194
K01203	0
K01204	85
K01205	289
K01206	840
K01207	2654
K01208	1569
K01209	1188
K01210	224
K01212	157
K01213	35
K01214	2719
K01215	0
K01216	96
K01217	86
K01218	1070
K01219	4
K01220	48
K01222	1095
K01223	338
K01224	428
K01225	1
K01226	120
K01227	270
K01228	226
K01229	0
K01230	2
K01231	0
K01232	56
K01233	510
K01235	222
K01236	2365
K01237	0
K01238	0
K01239	1743
K01240	89
K01241	191
K01242	0
K01243	2057
K01244	0
K01245	106
K01246	2869
K01247	387
K01250	491
K01251	2476
K01252	563
K01253	11
K01254	35
K01255	2905
K01256	3124
K01257	4
K01258	229
K01259	3090
K01260	0
K01261	14
K01262	1960
K01264	1339
K01265	3306
K01266	475
K01267	2615
K01268	2
K01269	349
K01270	67
K01271	2361
K01273	1566
K01274	162
K01275	4
K01276	188
K01277	0
K01278	1374
K01279	6
K01280	580
K01281	578
K01282	1
K01283	3
K01284	1248
K01285	74
K01286	2795
K01288	88
K01290	2
K01291	0
K01292	0
K01293	2
K01294	1
K01295	783
K01296	32
K01297	1164
K01298	16
K01299	108
K01300	2
K01301	17
K01302	12
K01303	1931
K01304	1079
K01305	133
K01306	0
K01307	0
K01308	44
K01309	0
K01310	20
K01311	2
K01312	1159
K01313	0
K01314	0
K01315	0
K01316	3
K01317	2
K01318	1355
K01319	0
K01320	0
K01321	0
K01322	1750
K01323	5
K01324	66
K01325	7
K01326	2
K01327	0
K01328	0
K01329	1
K01330	0
K01331	0
K01332	17
K01333	0
K01334	7
K01335	0
K01336	8
K01337	89
K01338	1453
K01339	0
K01340	3
K01341	1
K01342	711
K01343	0
K01344	0
K01345	0
K01346	58
K01347	14
K01348	0
K01349	0
K01350	7
K01351	0
K01352	0
K01353	0
K01354	2172
K01355	1
K01356	3238
K01357	0
K01358	3306
K01359	1
K01360	0
K01361	300
K01362	3
K01363	6
K01364	0
K01365	56
K01366	9
K01367	1
K01368	1
K01369	0
K01370	0
K01371	125
K01372	420
K01373	11
K01374	1
K01375	0
K01376	0
K01377	0
K01378	0
K01379	1
K01380	0
K01381	9
K01382	0
K01383	0
K01384	0
K01385	0
K01386	0
K01387	364
K01388	3
K01389	0
K01390	11
K01392	149
K01393	0
K01394	6
K01395	0
K01396	0
K01397	5
K01398	0
K01399	1
K01400	1308
K01401	4
K01402	0
K01403	0
K01404	21
K01405	0
K01406	148
K01407	4
K01408	0
K01409	4
K01410	0
K01411	0
K01412	32
K01413	1
K01414	14
K01415	1
K01416	748
K01417	177
K01419	22
K01420	67
K01421	2849
K01422	1
K01423	65
K01424	1826
K01425	1664
K01426	2629
K01427	40
K01428	1645
K01429	1546
K01430	1550
K01431	993
K01432	1332
K01433	2427
K01434	1179
K01435	2
K01436	1525
K01437	1
K01438	876
K01439	3038
K01440	2
K01441	0
K01442	642
K01443	2739
K01444	30
K01446	2039
K01447	1366
K01448	2124
K01449	16
K01451	1149
K01452	2
K01453	645
K01455	1375
K01456	0
K01457	965
K01458	361
K01459	16
K01460	759
K01461	29
K01462	3304
K01463	1777
K01464	1221
K01465	3270
K01466	1545
K01467	162
K01468	1853
K01469	482
K01470	1718
K01471	177
K01473	960
K01474	615
K01475	606
K01476	903
K01477	1038
K01478	1971
K01479	599
K01480	67
K01481	132
K01482	1656
K01483	52
K01484	4
K01485	1395
K01486	530
K01487	497
K01488	2829
K01489	2785
K01490	1
K01491	3282
K01492	0
K01493	277
K01494	3113
K01495	3208
K01496	3081
K01497	967
K01498	5
K01499	0
K01500	576
K01501	380
K01502	31
K01505	570
K01506	897
K01507	3110
K01509	0
K01510	0
K01511	0
K01512	2388
K01513	6
K01514	0
K01515	637
K01516	0
K01517	5
K01518	22
K01519	3266
K01520	3123
K01521	142
K01522	2
K01523	3078
K01524	3185
K01525	60
K01526	0
K01527	0
K01528	0
K01529	13
K01530	0
K01531	773
K01532	0
K01533	1481
K01534	1177
K01535	101
K01536	2
K01537	1034
K01538	0
K01539	61
K01540	0
K01542	0
K01543	0
K01544	2
K01545	683
K01546	2147
K01547	2146
K01548	2123
K01549	0
K01551	2011
K01552	2896
K01554	3032
K01555	1159
K01556	1535
K01557	25
K01558	0
K01559	62
K01560	1239
K01561	1263
K01562	4
K01563	1444
K01565	595
K01566	195
K01567	956
K01568	77
K01569	643
K01571	161
K01573	0
K01574	834
K01575	442
K01576	818
K01577	386
K01578	27
K01579	2251
K01580	1671
K01581	598
K01582	2
K01583	0
K01584	452
K01585	1100
K01586	3248
K01587	1
K01588	3186
K01589	3050
K01590	59
K01591	3240
K01592	0
K01593	833
K01595	2447
K01596	2804
K01597	326
K01598	6
K01599	2911
K01601	204
K01602	200
K01604	1188
K01607	2207
K01608	925
K01609	3072
K01610	109
K01611	279
K01612	108
K01613	1670
K01615	0
K01616	2942
K01617	383
K01618	0
K01619	2950
K01620	2206
K01621	2143
K01622	17
K01623	532
K01624	3186
K01625	1633
K01626	2411
K01627	21
K01628	1691
K01629	115
K01630	72
K01631	81
K01633	530
K01634	454
K01635	5
K01636	28
K01637	1757
K01638	2276
K01639	20
K01640	1917
K01641	340
K01643	21
K01644	2554
K01645	0
K01646	22
K01647	3182
K01648	0
K01649	3213
K01652	3193
K01653	3149
K01654	800
K01655	0
K01656	2
K01657	2722
K01658	261
K01659	1497
K01661	2369
K01662	3224
K01663	4
K01664	2697
K01665	1713
K01666	758
K01667	242
K01668	40
K01669	2270
K01670	0
K01671	167
K01672	0
K01673	2903
K01674	150
K01675	0
K01676	1198
K01677	66
K01678	64
K01679	2991
K01681	3202
K01682	4
K01683	18
K01684	773
K01685	29
K01686	129
K01687	3198
K01689	3294
K01690	233
K01691	0
K01692	1898
K01693	3137
K01694	3
K01695	3086
K01696	3123
K01697	2517
K01698	2902
K01699	181
K01702	3083
K01703	453
K01704	3065
K01705	10
K01706	732
K01707	968
K01708	13
K01709	174
K01710	2968
K01711	1050
K01712	1690
K01713	295
K01714	3236
K01715	2464
K01716	256
K01719	2259
K01720	1582
K01721	320
K01723	0
K01724	1904
K01725	864
K01726	2262
K01727	567
K01728	530
K01729	157
K01730	19
K01731	0
K01732	6
K01733	2559
K01734	53
K01735	648
K01736	3297
K01737	816
K01738	3042
K01739	279
K01740	2651
K01741	0
K01742	0
K01743	9
K01744	1504
K01745	1739
K01746	0
K01749	2937
K01750	205
K01751	270
K01752	2417
K01753	353
K01754	3084
K01755	3236
K01756	3302
K01757	0
K01758	2883
K01759	1680
K01760	147
K01761	852
K01762	3
K01763	0
K01764	0
K01765	0
K01766	31
K01767	43
K01768	2505
K01769	619
K01770	1079
K01771	483
K01772	3031
K01773	0
K01774	0
K01775	3284
K01776	3136
K01777	804
K01778	3044
K01779	359
K01780	15
K01781	39
K01782	2565
K01783	3267
K01784	3208
K01785	2843
K01787	35
K01788	777
K01790	829
K01791	889
K01792	530
K01793	83
K01794	30
K01795	455
K01796	1895
K01798	38
K01799	1175
K01800	6
K01801	11
K01802	563
K01803	3304
K01804	1215
K01805	1643
K01807	214
K01808	3112
K01809	3029
K01810	2469
K01811	1160
K01812	559
K01813	26
K01814	176
K01815	178
K01816	1305
K01817	651
K01818	366
K01819	57
K01820	1121
K01821	1115
K01822	1924
K01823	2066
K01824	131
K01825	10
K01826	385
K01827	0
K01828	0
K01829	2
K01830	1
K01831	0
K01832	4
K01833	950
K01834	3166
K01835	2611
K01836	2
K01837	0
K01838	1874
K01839	135
K01840	3094
K01841	127
K01843	531
K01844	189
K01845	2955
K01846	269
K01847	1636
K01848	1096
K01849	540
K01850	0
K01851	20
K01852	15
K01853	1
K01854	2063
K01855	0
K01856	371
K01857	1240
K01858	2409
K01859	0
K01860	0
K01861	0
K01865	264
K01866	3302
K01867	3290
K01868	3305
K01869	3306
K01870	3304
K01872	3305
K01873	3303
K01874	3302
K01875	3296
K01876	2956
K01878	177
K01879	178
K01880	3061
K01881	3250
K01883	3290
K01884	403
K01885	3182
K01886	67
K01887	3303
K01889	3304
K01890	3299
K01892	3297
K01893	277
K01894	338
K01895	2719
K01896	78
K01897	3137
K01899	25
K01900	1
K01902	2952
K01903	2938
K01904	1153
K01905	18
K01906	100
K01907	1459
K01908	1027
K01909	790
K01910	21
K01911	2413
K01912	1797
K01913	0
K01914	19
K01915	2750
K01916	1435
K01917	4
K01918	2774
K01919	1811
K01920	261
K01921	3292
K01922	0
K01923	3214
K01924	3298
K01925	3136
K01926	1427
K01928	3167
K01929	3296
K01930	0
K01931	0
K01932	199
K01933	3244
K01934	3217
K01935	1887
K01937	3056
K01938	932
K01939	3292
K01940	3253
K01941	912
K01942	12
K01945	3265
K01946	70
K01947	2
K01948	0
K01949	1666
K01950	2256
K01951	3305
K01952	402
K01953	2410
K01954	0
K01955	3245
K01956	3226
K01957	2
K01958	2130
K01959	132
K01960	2
K01961	647
K01962	43
K01963	45
K01964	1
K01965	1527
K01966	3090
K01968	403
K01969	2138
K01970	1602
K01971	2458
K01972	3301
K01973	0
K01974	3
K01975	2227
K01988	22
K01989	290
K01990	3302
K01991	18
K01992	22
K01993	23
K01994	745
K01995	2296
K01996	2288
K01997	2296
K01998	2269
K01999	2542
K02000	1264
K02001	1203
K02002	1223
K02003	3173
K02004	2277
K02005	1021
K02006	1129
K02007	1116
K02008	1061
K02009	400
K02010	802
K02011	1249
K02012	1441
K02013	3206
K02014	12
K02015	1763
K02016	1860
K02017	2284
K02018	2864
K02019	2390
K02020	2868
K02021	1528
K02022	390
K02024	3
K02025	2548
K02026	2540
K02027	2600
K02028	3183
K02029	2866
K02030	2018
K02031	2514
K02032	2511
K02033	3135
K02034	2841
K02035	2971
K02036	3191
K02037	3196
K02038	3173
K02039	3135
K02040	3173
K02041	719
K02042	725
K02043	149
K02044	821
K02045	896
K02046	897
K02047	898
K02048	2
K02049	2433
K02050	729
K02051	1598
K02052	1683
K02053	1185
K02054	1120
K02055	1243
K02056	1463
K02057	1386
K02058	1389
K02062	922
K02063	976
K02064	1008
K02065	1338
K02066	1337
K02067	1350
K02068	483
K02069	1320
K02071	2343
K02072	2280
K02073	2334
K02074	2260
K02075	2083
K02076	48
K02077	1950
K02078	3054
K02079	77
K02080	2
K02081	1563
K02082	212
K02083	283
K02084	634
K02085	0
K02086	51
K02087	0
K02088	0
K02089	6
K02090	0
K02091	20
K02092	0
K02093	0
K02094	0
K02095	0
K02096	0
K02097	0
K02098	0
K02099	1473
K02100	518
K02101	56
K02103	542
K02104	0
K02105	0
K02106	542
K02107	94
K02108	3289
K02109	3248
K02110	3170
K02111	3292
K02112	1369
K02113	3144
K02114	3283
K02115	3304
K02116	21
K02117	92
K02118	96
K02119	26
K02120	94
K02121	52
K02122	48
K02123	91
K02124	85
K02125	1
K02126	16
K02127	0
K02128	9
K02129	0
K02130	0
K02131	1
K02132	15
K02133	1944
K02134	1
K02135	0
K02136	0
K02137	7
K02138	0
K02139	0
K02140	0
K02141	0
K02142	0
K02143	0
K02144	0
K02145	0
K02146	0
K02147	0
K02148	0
K02149	1
K02150	0
K02151	0
K02152	0
K02153	0
K02154	0
K02155	0
K02156	0
K02157	0
K02158	0
K02159	0
K02160	500
K02161	0
K02162	0
K02163	0
K02164	565
K02165	0
K02166	0
K02167	2275
K02168	1279
K02169	1801
K02170	499
K02171	2090
K02172	542
K02173	1703
K02174	0
K02175	0
K02176	0
K02177	0
K02178	0
K02179	0
K02180	0
K02181	0
K02182	886
K02183	58
K02184	10
K02185	0
K02186	0
K02187	0
K02188	495
K02189	378
K02190	59
K02191	9
K02192	1127
K02193	648
K02194	142
K02195	164
K02196	14
K02197	128
K02198	135
K02199	3030
K02200	21
K02201	0
K02202	0
K02203	70
K02204	1927
K02205	12
K02206	0
K02207	0
K02208	0
K02209	0
K02210	0
K02211	0
K02212	0
K02213	13
K02214	0
K02215	0
K02216	0
K02217	457
K02218	0
K02219	0
K02220	0
K02221	3207
K02222	0
K02223	0
K02224	1859
K02225	19
K02226	1384
K02227	1808
K02228	1434
K02229	1542
K02230	1777
K02231	1887
K02232	1865
K02233	1858
K02234	1674
K02235	0
K02236	88
K02237	3234
K02238	3147
K02239	10
K02240	3
K02241	0
K02242	2356
K02243	7
K02244	2
K02245	3
K02246	4
K02247	2
K02248	2
K02249	1
K02250	1
K02251	9
K02252	0
K02253	0
K02254	0
K02255	0
K02256	2
K02257	2809
K02258	13
K02259	2786
K02260	0
K02261	3
K02262	12
K02263	0
K02264	0
K02265	0
K02266	0
K02267	0
K02268	0
K02269	0
K02270	0
K02271	0
K02272	0
K02273	0
K02274	2812
K02275	2809
K02276	2803
K02277	111
K02278	134
K02279	2763
K02280	20
K02281	10
K02282	3106
K02283	3274
K02284	0
K02285	1
K02286	0
K02287	0
K02288	42
K02289	31
K02290	0
K02291	2327
K02292	1813
K02293	55
K02294	403
K02295	6
K02296	0
K02297	13
K02298	15
K02299	16
K02300	13
K02302	2405
K02303	293
K02304	1
K02305	1
K02306	0
K02307	0
K02308	0
K02309	0
K02310	0
K02311	0
K02313	3301
K02314	3304
K02315	1489
K02316	3303
K02317	0
K02318	1
K02319	1
K02320	0
K02321	0
K02322	0
K02323	0
K02324	0
K02325	0
K02326	0
K02327	0
K02328	0
K02329	0
K02330	0
K02331	0
K02332	0
K02333	1
K02334	184
K02335	3305
K02336	2
K02337	3306
K02338	3300
K02339	16
K02340	3277
K02341	3283
K02342	3237
K02343	3286
K02344	3
K02345	3
K02346	3289
K02347	233
K02348	2358
K02349	165
K02350	1
K02351	2794
K02352	178
K02353	0
K02354	0
K02355	3305
K02356	3294
K02357	3303
K02358	3304
K02359	47
K02360	0
K02361	1359
K02362	1738
K02363	726
K02364	2299
K02365	10
K02366	1
K02367	0
K02368	0
K02369	0
K02370	0
K02371	1523
K02372	424
K02373	0
K02374	0
K02375	0
K02376	0
K02377	733
K02379	2402
K02380	58
K02381	206
K02382	0
K02383	19
K02384	0
K02385	397
K02386	176
K02387	414
K02388	417
K02389	461
K02390	369
K02391	22
K02392	70
K02393	16
K02394	16
K02395	138
K02396	417
K02397	418
K02398	7
K02399	194
K02400	422
K02401	410
K02402	3
K02403	3
K02404	24
K02405	1171
K02406	426
K02407	405
K02408	415
K02409	416
K02410	417
K02411	310
K02412	414
K02413	353
K02414	259
K02415	189
K02416	414
K02417	412
K02418	350
K02419	414
K02420	412
K02421	405
K02422	396
K02423	4
K02424	2180
K02425	2
K02426	1468
K02427	16
K02429	248
K02430	6
K02431	348
K02432	0
K02433	3290
K02434	3282
K02435	3262
K02436	1
K02437	2933
K02438	1051
K02439	1684
K02440	1956
K02441	115
K02442	2
K02443	113
K02444	347
K02445	322
K02446	2656
K02447	0
K02448	482
K02449	0
K02450	536
K02451	11
K02452	6
K02453	9
K02454	23
K02455	37
K02456	86
K02457	8
K02458	71
K02459	111
K02460	35
K02461	15
K02462	33
K02463	2
K02464	47
K02465	3
K02466	76
K02467	18
K02468	4
K02469	3306
K02470	3304
K02471	656
K02472	863
K02473	407
K02474	22
K02475	1908
K02476	1972
K02477	1066
K02478	1247
K02479	1557
K02480	3085
K02481	4
K02482	1054
K02483	2800
K02484	3228
K02485	36
K02486	17
K02488	341
K02489	0
K02490	35
K02491	330
K02492	2951
K02493	3306
K02494	7
K02495	3264
K02496	136
K02497	2832
K02498	141
K02499	728
K02500	3135
K02501	3178
K02502	163
K02503	3288
K02504	2
K02505	2
K02506	3
K02507	2
K02508	8
K02509	665
K02510	1395
K02511	3
K02512	0
K02513	0
K02514	0
K02515	1
K02516	3
K02517	33
K02518	3300
K02519	3304
K02520	3272
K02521	50
K02523	2952
K02524	0
K02525	91
K02526	177
K02527	15
K02528	3281
K02529	2810
K02530	63
K02531	0
K02532	184
K02533	14
K02535	19
K02536	104
K02537	0
K02538	1
K02539	0
K02540	0
K02541	0
K02542	0
K02543	0
K02544	0
K02545	2
K02546	0
K02547	1
K02548	2733
K02549	2475
K02550	3
K02551	2396
K02552	1324
K02553	1326
K02554	1347
K02555	0
K02556	411
K02557	463
K02558	5
K02560	3
K02561	0
K02562	9
K02563	3295
K02564	1969
K02565	2737
K02566	2370
K02567	64
K02568	36
K02569	7
K02570	56
K02571	4
K02572	18
K02573	60
K02574	173
K02575	2262
K02576	0
K02577	2
K02578	0
K02579	0
K02580	0
K02581	1
K02582	0
K02583	1
K02584	574
K02585	31
K02586	24
K02587	29
K02588	32
K02589	1
K02590	1
K02591	19
K02592	19
K02593	1
K02594	124
K02595	13
K02596	46
K02597	15
K02598	272
K02599	0
K02600	3305
K02601	3297
K02602	0
K02603	0
K02604	0
K02605	0
K02606	1
K02607	3
K02608	0
K02609	1422
K02610	1378
K02611	1415
K02612	3120
K02613	1676
K02614	2279
K02615	8
K02616	1811
K02617	352
K02618	902
K02619	2690
K02620	0
K02621	21
K02622	127
K02623	142
K02624	955
K02625	23
K02626	94
K02627	0
K02628	0
K02629	0
K02630	0
K02631	2
K02632	0
K02633	0
K02634	2
K02635	1
K02636	2297
K02637	2
K02638	667
K02639	3
K02640	0
K02641	0
K02642	0
K02643	0
K02646	0
K02647	1032
K02649	4
K02650	189
K02651	479
K02652	314
K02653	332
K02654	2896
K02655	40
K02656	233
K02657	15
K02658	336
K02659	16
K02660	36
K02661	1
K02662	294
K02663	261
K02664	255
K02665	1
K02666	1
K02667	7
K02668	78
K02669	356
K02670	2
K02671	152
K02672	90
K02673	37
K02674	1
K02675	0
K02676	1
K02677	0
K02678	0
K02679	4
K02680	12
K02681	3
K02682	2
K02683	0
K02684	0
K02685	0
K02686	7
K02687	26
K02688	47
K02689	5
K02690	4
K02691	133
K02692	0
K02693	0
K02694	0
K02695	0
K02696	0
K02697	1
K02698	0
K02699	0
K02700	0
K02701	0
K02702	0
K02703	7
K02704	2
K02705	3
K02706	3
K02707	0
K02708	0
K02709	0
K02710	0
K02711	18
K02712	0
K02713	1
K02714	0
K02715	0
K02716	1
K02717	5
K02718	0
K02719	0
K02720	0
K02721	0
K02722	0
K02723	0
K02724	0
K02725	0
K02726	0
K02727	0
K02728	0
K02729	0
K02730	0
K02731	0
K02732	0
K02733	0
K02734	0
K02735	0
K02736	0
K02737	0
K02738	0
K02739	0
K02740	0
K02741	0
K02742	1124
K02744	96
K02745	74
K02746	70
K02747	65
K02750	107
K02753	3
K02755	1
K02757	675
K02759	106
K02760	374
K02761	112
K02765	1
K02768	402
K02769	49
K02770	1725
K02771	0
K02773	153
K02774	168
K02775	102
K02777	1478
K02778	2
K02779	29
K02781	81
K02782	79
K02783	78
K02784	2336
K02786	44
K02788	43
K02791	81
K02793	82
K02794	160
K02795	99
K02796	158
K02798	486
K02800	816
K02803	1063
K02804	1297
K02805	256
K02806	15
K02810	658
K02812	0
K02813	8
K02814	36
K02815	0
K02819	30
K02821	595
K02822	387
K02823	563
K02824	209
K02825	3052
K02826	1
K02827	2
K02828	1
K02829	1
K02830	0
K02831	5
K02832	0
K02833	0
K02834	3256
K02835	3281
K02836	3300
K02837	1194
K02838	3298
K02839	75
K02840	2
K02841	68
K02842	0
K02843	337
K02844	30
K02846	17
K02847	1029
K02848	0
K02849	955
K02850	0
K02851	3084
K02852	4
K02853	5
K02854	0
K02855	3
K02856	1
K02857	0
K02858	271
K02859	3
K02860	3288
K02861	0
K02862	19
K02863	3291
K02864	3301
K02865	0
K02866	0
K02867	3298
K02868	1
K02869	1
K02870	0
K02871	3265
K02872	3
K02873	6
K02874	3304
K02875	1
K02876	3298
K02877	0
K02878	3304
K02879	3270
K02880	0
K02881	3294
K02882	1
K02883	1
K02884	3295
K02885	0
K02886	3304
K02887	3289
K02888	3294
K02889	1
K02890	3298
K02891	0
K02892	3226
K02893	1
K02894	0
K02895	3298
K02896	0
K02897	3118
K02898	0
K02899	3297
K02900	0
K02901	0
K02902	3259
K02903	1
K02904	3273
K02905	0
K02906	3302
K02907	3283
K02908	0
K02909	3288
K02910	0
K02911	3010
K02912	1
K02913	3245
K02914	2283
K02915	0
K02916	3190
K02917	0
K02918	0
K02919	2524
K02920	0
K02921	0
K02922	0
K02923	0
K02924	0
K02925	1
K02926	3301
K02927	1
K02928	0
K02929	0
K02930	0
K02931	3304
K02932	0
K02933	3303
K02934	1
K02935	3234
K02936	2
K02937	0
K02938	2
K02939	3281
K02940	0
K02941	1
K02942	0
K02943	0
K02944	0
K02945	3301
K02946	3302
K02947	0
K02948	3296
K02949	2
K02950	3305
K02951	0
K02952	3277
K02953	0
K02954	3287
K02955	0
K02956	3248
K02957	0
K02958	1
K02959	3295
K02960	0
K02961	3286
K02962	0
K02963	3251
K02964	1
K02965	3220
K02966	1
K02967	3299
K02968	3229
K02969	0
K02970	21
K02971	0
K02972	0
K02973	0
K02974	3
K02975	0
K02976	0
K02977	0
K02978	0
K02979	1
K02980	0
K02981	0
K02982	3304
K02983	0
K02984	1
K02985	1
K02986	3295
K02987	0
K02988	3300
K02989	0
K02990	3295
K02991	0
K02992	3299
K02993	0
K02994	3298
K02995	1
K02996	3292
K02997	3
K02998	0
K02999	5
K03000	24
K03001	0
K03002	0
K03003	0
K03004	0
K03005	0
K03006	31
K03007	0
K03008	0
K03009	0
K03010	0
K03011	0
K03012	0
K03013	0
K03014	0
K03015	0
K03016	0
K03017	0
K03018	4
K03019	0
K03020	0
K03021	9
K03022	0
K03023	3
K03024	0
K03025	0
K03026	0
K03027	0
K03028	0
K03029	0
K03030	1
K03031	0
K03032	0
K03033	0
K03034	0
K03035	0
K03036	0
K03037	0
K03038	0
K03039	0
K03040	3301
K03041	0
K03042	238
K03043	3288
K03044	0
K03045	0
K03046	3304
K03047	0
K03048	2
K03049	0
K03051	0
K03052	0
K03053	0
K03054	0
K03055	0
K03056	0
K03057	1
K03058	0
K03059	233
K03060	3284
K03061	1
K03062	3
K03063	4
K03064	1
K03065	1
K03066	1
K03068	40
K03069	0
K03070	3304
K03071	25
K03072	2968
K03073	3245
K03074	2961
K03075	3005
K03076	3303
K03077	1310
K03078	85
K03079	2581
K03083	0
K03084	0
K03085	0
K03086	3306
K03087	476
K03088	3280
K03089	161
K03090	2014
K03091	42
K03092	64
K03093	11
K03094	0
K03095	47
K03096	0
K03097	1
K03098	336
K03099	0
K03100	3303
K03101	3267
K03102	0
K03103	245
K03104	0
K03105	0
K03106	3291
K03107	0
K03108	2
K03109	0
K03110	3291
K03111	3305
K03112	562
K03113	4
K03114	0
K03115	0
K03116	3055
K03117	2935
K03118	3097
K03119	517
K03120	0
K03121	0
K03122	0
K03123	0
K03124	0
K03125	0
K03126	0
K03127	0
K03128	5
K03129	0
K03130	285
K03131	1
K03132	0
K03133	0
K03134	0
K03135	0
K03136	0
K03137	0
K03138	0
K03139	0
K03140	3
K03141	0
K03142	0
K03143	0
K03144	0
K03145	0
K03146	0
K03147	2193
K03148	81
K03149	2251
K03150	85
K03151	298
K03152	303
K03153	2164
K03154	2173
K03156	0
K03157	0
K03158	0
K03159	0
K03160	0
K03161	0
K03162	0
K03163	103
K03164	0
K03165	3
K03166	0
K03167	5
K03168	3292
K03169	92
K03170	3
K03171	0
K03172	0
K03173	0
K03174	2
K03175	1
K03176	0
K03177	3288
K03178	3
K03179	648
K03181	118
K03182	769
K03183	3128
K03184	14
K03185	38
K03186	927
K03187	375
K03188	1597
K03189	1630
K03190	1605
K03191	4
K03192	67
K03193	0
K03194	4
K03195	3
K03196	2
K03197	17
K03198	2
K03199	35
K03200	1
K03201	60
K03202	0
K03203	2
K03204	2
K03205	1707
K03206	270
K03207	20
K03208	1345
K03209	0
K03210	3105
K03211	0
K03212	589
K03213	0
K03214	6
K03215	3276
K03216	1922
K03217	3301
K03218	3282
K03219	1
K03220	240
K03221	3
K03222	0
K03223	18
K03224	0
K03225	1
K03226	0
K03227	0
K03228	0
K03229	1
K03230	3
K03231	2
K03232	0
K03233	0
K03234	3
K03235	1
K03236	0
K03237	0
K03238	0
K03239	0
K03240	1
K03241	4
K03242	0
K03243	1
K03245	0
K03246	0
K03247	0
K03248	0
K03249	0
K03250	0
K03251	0
K03252	0
K03253	0
K03254	2
K03255	389
K03256	0
K03257	1
K03258	0
K03259	0
K03260	0
K03261	0
K03262	0
K03263	4
K03264	0
K03265	45
K03267	0
K03268	0
K03269	38
K03270	351
K03271	1206
K03272	899
K03273	1021
K03274	31
K03275	1
K03276	65
K03277	0
K03278	0
K03279	147
K03280	0
K03281	1839
K03282	3102
K03283	21
K03284	3008
K03285	11
K03286	378
K03287	0
K03288	10
K03289	0
K03290	235
K03291	269
K03292	904
K03293	1103
K03294	3064
K03296	1274
K03297	1938
K03298	2769
K03299	2186
K03300	1036
K03301	8
K03303	1138
K03304	1336
K03305	1823
K03306	2939
K03307	1827
K03308	827
K03309	311
K03310	1112
K03311	611
K03312	410
K03313	2651
K03314	6
K03315	250
K03316	112
K03317	151
K03318	0
K03319	520
K03320	2919
K03321	2578
K03322	2700
K03323	0
K03324	75
K03325	2002
K03326	207
K03327	2966
K03328	1705
K03329	4
K03330	0
K03331	138
K03332	391
K03333	1947
K03334	227
K03335	1802
K03336	1439
K03337	1443
K03338	1447
K03339	8
K03340	259
K03341	0
K03342	140
K03343	886
K03344	0
K03345	0
K03346	3
K03347	0
K03348	0
K03349	0
K03350	287
K03351	0
K03352	25
K03353	7
K03354	4
K03355	14
K03356	0
K03357	0
K03358	0
K03359	0
K03360	0
K03361	67
K03362	6
K03363	5
K03364	1
K03365	757
K03366	2327
K03367	1099
K03368	0
K03369	0
K03370	0
K03371	0
K03372	0
K03373	0
K03374	0
K03375	0
K03376	0
K03377	1
K03378	0
K03379	955
K03380	9
K03381	546
K03382	3
K03383	34
K03385	109
K03386	129
K03387	395
K03388	56
K03389	15
K03390	8
K03391	24
K03392	1452
K03393	35
K03394	353
K03395	228
K03396	16
K03397	12
K03399	3
K03400	341
K03402	2800
K03403	6
K03404	1990
K03405	1373
K03406	296
K03407	200
K03408	180
K03409	90
K03410	6
K03411	16
K03412	526
K03413	434
K03414	14
K03415	10
K03416	97
K03417	2384
K03418	129
K03419	0
K03420	361
K03421	0
K03422	0
K03423	1
K03424	3286
K03425	5
K03426	3063
K03427	2138
K03428	18
K03429	472
K03430	95
K03431	3282
K03432	1990
K03433	2023
K03434	1
K03435	23
K03436	2600
K03437	3289
K03438	3291
K03439	2817
K03440	0
K03441	279
K03442	1204
K03443	0
K03444	0
K03445	378
K03446	2835
K03447	0
K03448	1
K03449	2308
K03451	25
K03452	0
K03453	1568
K03454	0
K03455	264
K03456	0
K03457	1978
K03458	170
K03459	0
K03460	0
K03462	141
K03463	119
K03464	727
K03465	1888
K03466	3306
K03468	628
K03469	2545
K03470	3294
K03471	4
K03472	24
K03473	10
K03474	15
K03475	381
K03476	114
K03477	2
K03478	159
K03479	1
K03480	95
K03481	91
K03482	7
K03483	73
K03484	361
K03485	2
K03486	158
K03487	5
K03488	473
K03489	12
K03490	97
K03491	423
K03492	60
K03493	0
K03494	0
K03495	19
K03496	3304
K03497	3299
K03498	1664
K03499	3176
K03500	3128
K03501	3274
K03502	550
K03503	325
K03504	0
K03505	0
K03506	0
K03507	4
K03508	0
K03509	3
K03510	0
K03511	0
K03512	0
K03513	1
K03514	0
K03515	0
K03516	5
K03517	2658
K03518	1453
K03519	1296
K03520	1010
K03521	2653
K03522	2639
K03523	2369
K03524	3229
K03525	2046
K03526	3217
K03527	3197
K03528	7
K03529	3242
K03530	2858
K03531	3303
K03532	3
K03533	59
K03534	1189
K03535	640
K03536	2379
K03537	0
K03538	0
K03539	0
K03540	0
K03541	2
K03542	0
K03543	17
K03544	3294
K03545	3304
K03546	2793
K03547	2927
K03548	511
K03549	828
K03550	3262
K03551	3304
K03552	5
K03553	3302
K03554	6
K03555	127
K03556	2636
K03557	16
K03558	1493
K03559	9
K03560	16
K03561	6
K03562	17
K03563	391
K03564	3082
K03565	3198
K03566	759
K03567	566
K03568	1488
K03569	954
K03570	853
K03571	403
K03572	174
K03573	96
K03574	3237
K03575	3188
K03576	87
K03577	1337
K03578	3021
K03579	1649
K03580	1267
K03581	2112
K03582	957
K03583	940
K03584	3267
K03585	90
K03586	813
K03587	3292
K03588	3306
K03589	3260
K03590	59
K03591	3
K03592	1443
K03593	3302
K03594	1364
K03595	3295
K03596	3301
K03597	43
K03598	122
K03599	44
K03600	4
K03601	3285
K03602	3134
K03603	29
K03604	132
K03605	1014
K03606	3
K03607	3
K03608	12
K03609	991
K03610	14
K03611	97
K03612	25
K03613	23
K03614	34
K03615	34
K03616	139
K03617	25
K03618	0
K03619	0
K03620	627
K03621	302
K03622	0
K03623	976
K03624	3268
K03625	3283
K03626	4
K03627	14
K03628	3301
K03629	3288
K03630	214
K03631	3299
K03632	97
K03633	3
K03634	583
K03635	2710
K03636	2651
K03637	2871
K03638	156
K03639	2939
K03640	61
K03641	2045
K03642	294
K03643	14
K03644	2901
K03645	8
K03646	63
K03647	2006
K03648	3115
K03649	1970
K03650	92
K03651	2716
K03652	2731
K03653	137
K03654	3135
K03655	3304
K03656	157
K03657	3306
K03658	240
K03660	12
K03661	0
K03662	0
K03663	0
K03664	3290
K03665	3285
K03666	19
K03667	19
K03668	1240
K03669	14
K03670	10
K03671	3271
K03672	2137
K03673	2068
K03674	5
K03675	64
K03676	60
K03678	0
K03679	0
K03680	0
K03681	0
K03683	102
K03684	3265
K03685	3240
K03686	3303
K03687	3264
K03688	2593
K03689	0
K03690	49
K03691	6
K03692	4
K03693	1
K03694	63
K03695	3287
K03696	3295
K03697	28
K03698	11
K03699	3304
K03700	4
K03701	3306
K03702	3305
K03703	3302
K03704	3169
K03705	3180
K03706	3
K03707	928
K03708	3
K03709	2156
K03710	2377
K03711	3083
K03712	2672
K03713	2868
K03714	29
K03715	0
K03716	529
K03717	6
K03718	2457
K03719	2643
K03720	154
K03721	5
K03722	2672
K03723	3301
K03724	3022
K03725	0
K03726	2796
K03727	3121
K03728	0
K03729	0
K03730	0
K03731	43
K03732	10
K03733	3067
K03734	1460
K03735	607
K03736	598
K03737	294
K03738	93
K03739	52
K03740	54
K03741	2277
K03742	764
K03743	2765
K03744	1716
K03745	19
K03746	4
K03747	3
K03748	1833
K03749	77
K03750	3029
K03752	2484
K03753	152
K03754	0
K03755	1
K03756	22
K03757	2
K03758	639
K03759	350
K03760	5
K03761	1240
K03762	2066
K03763	23
K03764	3
K03765	36
K03766	0
K03767	149
K03768	3257
K03769	200
K03770	131
K03771	99
K03772	2408
K03773	1081
K03774	16
K03775	209
K03776	334
K03777	76
K03778	454
K03779	15
K03780	19
K03781	2733
K03782	1737
K03783	2729
K03784	620
K03785	322
K03786	2917
K03787	404
K03788	2
K03789	3251
K03790	3056
K03791	169
K03792	0
K03793	65
K03794	13
K03795	2451
K03796	3
K03797	878
K03798	3305
K03799	2724
K03800	1440
K03801	2880
K03802	762
K03803	12
K03804	3
K03805	492
K03806	32
K03807	3
K03808	6
K03809	1755
K03810	647
K03811	1704
K03812	12
K03813	48
K03814	90
K03816	289
K03817	2835
K03818	540
K03819	74
K03820	2693
K03821	552
K03822	809
K03823	691
K03824	1388
K03825	542
K03826	524
K03827	484
K03828	1828
K03829	2077
K03830	442
K03831	2830
K03832	17
K03833	1056
K03834	69
K03835	2
K03836	0
K03837	176
K03838	0
K03839	350
K03840	3
K03841	3
K03842	0
K03843	253
K03844	21
K03845	0
K03846	0
K03847	1
K03848	0
K03849	0
K03850	0
K03851	9
K03852	54
K03853	2
K03854	0
K03855	163
K03856	296
K03857	2
K03858	0
K03859	2
K03860	0
K03861	0
K03862	612
K03863	543
K03865	0
K03867	847
K03868	0
K03869	0
K03870	0
K03871	37
K03872	0
K03873	0
K03874	0
K03875	0
K03876	0
K03877	0
K03878	7
K03879	3
K03880	1
K03881	3
K03882	6
K03883	10
K03884	6
K03885	2949
K03886	17
K03887	62
K03888	9
K03889	2794
K03890	2798
K03891	2794
K03892	3040
K03893	2157
K03894	21
K03895	1039
K03896	982
K03897	1077
K03898	0
K03899	0
K03900	0
K03901	0
K03902	0
K03903	0
K03904	0
K03905	0
K03906	0
K03907	0
K03908	0
K03909	0
K03910	0
K03911	4
K03912	0
K03913	1
K03914	0
K03915	0
K03916	1
K03917	0
K03918	646
K03919	908
K03921	1478
K03922	826
K03923	20
K03924	2895
K03925	2752
K03926	691
K03927	5
K03928	1263
K03929	2351
K03930	2374
K03931	639
K03932	1436
K03933	682
K03934	12
K03935	15
K03936	12
K03937	12
K03938	0
K03939	4
K03940	13
K03941	13
K03942	15
K03943	2
K03944	0
K03945	0
K03946	0
K03947	0
K03948	0
K03949	0
K03950	0
K03951	0
K03952	0
K03953	34
K03954	0
K03955	0
K03956	0
K03957	0
K03958	0
K03959	0
K03960	0
K03961	0
K03962	0
K03963	0
K03964	0
K03965	0
K03966	0
K03967	0
K03968	0
K03969	2774
K03970	9
K03971	2
K03972	2751
K03973	2250
K03974	7
K03975	3281
K03976	3032
K03977	3289
K03978	183
K03979	3291
K03980	3301
K03981	365
K03982	48
K03983	2
K03984	8
K03985	0
K03986	0
K03987	0
K03988	0
K03989	0
K03990	0
K03991	0
K03992	0
K03993	0
K03994	0
K03995	0
K03996	0
K03997	0
K03998	0
K03999	0
K04000	0
K04001	1
K04002	0
K04003	0
K04004	0
K04006	0
K04007	0
K04008	0
K04009	0
K04010	0
K04011	0
K04012	0
K04013	25
K04014	32
K04015	1013
K04016	1
K04017	34
K04018	66
K04019	45
K04020	79
K04021	0
K04022	6
K04023	74
K04024	50
K04025	0
K04026	15
K04027	183
K04028	180
K04029	37
K04030	406
K04031	37
K04032	23
K04033	1317
K04034	1242
K04035	2
K04036	0
K04037	2
K04038	4
K04039	5
K04040	14
K04041	146
K04042	3290
K04043	3285
K04044	1222
K04045	7
K04046	18
K04047	2499
K04048	0
K04049	0
K04050	0
K04051	0
K04052	0
K04053	0
K04054	0
K04055	0
K04056	0
K04057	0
K04058	0
K04059	0
K04060	27
K04061	14
K04062	30
K04063	2570
K04064	2
K04065	439
K04066	3294
K04067	2
K04068	604
K04069	1092
K04070	166
K04072	670
K04073	1325
K04074	3209
K04075	3210
K04076	9
K04077	3305
K04078	3297
K04079	1833
K04080	14
K04081	2
K04082	4
K04083	25
K04084	44
K04085	1056
K04086	14
K04087	681
K04088	1086
K04090	491
K04091	1513
K04092	1707
K04093	1806
K04094	172
K04095	1903
K04096	3265
K04097	6
K04098	528
K04099	80
K04100	139
K04101	192
K04102	225
K04103	78
K04104	1873
K04105	22
K04107	3
K04108	0
K04109	4
K04110	163
K04112	129
K04113	84
K04114	0
K04115	8
K04116	1324
K04117	158
K04118	1010
K04119	0
K04120	0
K04121	0
K04122	0
K04123	0
K04124	23
K04125	884
K04126	11
K04127	617
K04128	46
K04129	0
K04130	0
K04131	0
K04132	0
K04133	0
K04134	0
K04135	1
K04136	0
K04137	0
K04138	0
K04139	1
K04140	0
K04141	0
K04142	0
K04143	0
K04144	0
K04145	0
K04146	0
K04147	0
K04148	0
K04149	0
K04150	0
K04151	0
K04152	0
K04153	0
K04157	0
K04160	0
K04161	0
K04162	0
K04163	0
K04165	0
K04166	0
K04167	0
K04168	0
K04169	0
K04170	0
K04171	0
K04172	0
K04173	0
K04174	0
K04175	0
K04176	0
K04177	0
K04178	0
K04179	0
K04180	0
K04181	0
K04182	0
K04183	0
K04184	0
K04185	0
K04186	0
K04187	0
K04188	0
K04189	0
K04190	0
K04191	0
K04192	0
K04193	0
K04194	0
K04195	0
K04197	0
K04198	0
K04199	0
K04200	0
K04201	0
K04202	0
K04203	5
K04204	0
K04205	0
K04206	0
K04207	0
K04208	0
K04209	0
K04210	0
K04211	0
K04212	0
K04213	0
K04214	0
K04215	0
K04216	0
K04217	0
K04218	0
K04219	0
K04220	1
K04221	0
K04222	0
K04223	0
K04224	0
K04226	0
K04227	0
K04228	0
K04229	0
K04230	0
K04231	0
K04232	0
K04233	0
K04234	0
K04235	0
K04236	0
K04237	0
K04238	0
K04239	0
K04240	0
K04241	0
K04242	0
K04243	0
K04244	0
K04245	0
K04246	0
K04247	4
K04248	0
K04249	1
K04250	0
K04251	0
K04252	0
K04253	0
K04254	0
K04255	0
K04256	0
K04257	1
K04258	0
K04259	0
K04260	0
K04261	0
K04262	0
K04263	0
K04264	0
K04265	0
K04266	0
K04267	0
K04268	0
K04269	0
K04270	0
K04271	0
K04272	1
K04273	0
K04274	0
K04275	0
K04276	0
K04277	0
K04278	0
K04279	0
K04280	0
K04281	0
K04282	0
K04283	0
K04284	0
K04285	0
K04286	0
K04287	0
K04288	0
K04289	0
K04290	0
K04291	0
K04292	0
K04293	0
K04294	0
K04295	0
K04296	0
K04297	0
K04298	0
K04299	0
K04300	0
K04301	0
K04302	0
K04303	0
K04304	0
K04305	0
K04306	0
K04307	0
K04308	0
K04309	1
K04310	0
K04311	0
K04312	0
K04313	0
K04314	0
K04315	0
K04316	0
K04317	2
K04318	0
K04319	0
K04320	0
K04321	0
K04322	0
K04323	0
K04324	0
K04325	0
K04326	0
K04328	0
K04332	0
K04333	2
K04334	3
K04335	4
K04336	0
K04337	0
K04338	3
K04339	41
K04340	116
K04341	20
K04342	569
K04343	1436
K04344	0
K04345	0
K04346	0
K04347	0
K04348	0
K04349	0
K04350	0
K04351	0
K04352	0
K04353	0
K04354	0
K04355	0
K04356	0
K04357	0
K04358	0
K04359	0
K04360	0
K04361	0
K04362	0
K04363	0
K04364	0
K04365	0
K04366	0
K04367	0
K04368	0
K04369	0
K04370	0
K04371	0
K04372	0
K04373	0
K04374	0
K04375	0
K04376	0
K04377	0
K04378	0
K04379	0
K04380	0
K04381	2
K04382	0
K04383	0
K04384	0
K04385	0
K04386	0
K04387	0
K04388	0
K04389	0
K04390	0
K04391	0
K04392	0
K04393	0
K04394	0
K04395	0
K04396	0
K04397	0
K04398	0
K04399	0
K04400	0
K04401	0
K04402	0
K04403	0
K04404	0
K04405	0
K04406	0
K04407	1
K04408	0
K04409	0
K04410	10
K04411	0
K04412	0
K04413	0
K04414	0
K04415	0
K04416	0
K04417	0
K04418	0
K04419	0
K04420	0
K04421	0
K04422	0
K04423	0
K04424	0
K04425	0
K04426	10
K04427	0
K04428	0
K04429	0
K04430	0
K04431	0
K04432	0
K04433	0
K04434	0
K04435	0
K04436	0
K04437	9
K04438	0
K04439	0
K04440	0
K04441	0
K04442	0
K04443	0
K04444	0
K04445	0
K04446	0
K04447	0
K04448	0
K04449	0
K04450	0
K04451	0
K04452	0
K04453	0
K04454	0
K04455	2
K04456	0
K04457	0
K04458	0
K04459	2
K04460	1
K04461	0
K04462	0
K04463	0
K04464	0
K04465	0
K04466	0
K04467	0
K04468	1
K04469	0
K04477	2107
K04478	39
K04479	0
K04480	0
K04482	3
K04483	15
K04484	26
K04485	3081
K04486	311
K04487	3133
K04488	3184
K04489	0
K04490	0
K04491	0
K04492	0
K04493	0
K04494	0
K04495	0
K04496	0
K04497	0
K04498	0
K04499	1
K04500	0
K04501	0
K04502	0
K04503	0
K04504	0
K04505	0
K04506	0
K04507	0
K04508	22
K04510	0
K04511	0
K04512	2
K04513	0
K04514	0
K04515	7
K04516	4
K04517	3219
K04518	2920
K04519	0
K04520	0
K04521	0
K04522	0
K04523	0
K04524	5
K04525	73
K04526	0
K04527	0
K04528	0
K04529	0
K04530	0
K04531	0
K04532	0
K04533	0
K04534	0
K04535	0
K04536	2
K04537	1
K04538	4
K04539	0
K04540	0
K04541	0
K04542	0
K04543	0
K04544	0
K04545	0
K04546	0
K04547	0
K04548	0
K04549	0
K04550	1
K04551	10
K04552	0
K04553	0
K04554	0
K04555	0
K04556	0
K04557	0
K04558	0
K04559	2
K04560	0
K04561	403
K04562	176
K04563	1
K04564	2743
K04565	1111
K04566	667
K04567	2919
K04568	31
K04569	12
K04570	0
K04571	0
K04572	1
K04573	0
K04574	0
K04575	4
K04576	0
K04577	0
K04578	0
K04579	0
K04580	0
K04581	0
K04582	0
K04583	0
K04584	0
K04585	0
K04586	0
K04587	0
K04588	0
K04589	0
K04590	0
K04591	0
K04592	0
K04593	0
K04594	0
K04595	0
K04596	0
K04597	0
K04598	0
K04599	0
K04600	0
K04601	0
K04602	0
K04603	0
K04604	0
K04605	0
K04606	0
K04607	0
K04608	0
K04609	0
K04610	0
K04611	0
K04612	0
K04613	1
K04614	0
K04615	0
K04617	0
K04618	695
K04619	0
K04620	0
K04621	0
K04622	0
K04623	0
K04624	0
K04625	0
K04626	0
K04627	0
K04628	0
K04629	0
K04630	0
K04631	0
K04632	2
K04633	0
K04634	0
K04635	0
K04636	0
K04637	0
K04638	0
K04639	0
K04640	0
K04641	65
K04642	0
K04643	63
K04644	0
K04645	0
K04646	1
K04647	0
K04648	1
K04649	0
K04650	0
K04651	1000
K04652	996
K04653	1058
K04654	1045
K04655	1079
K04656	1078
K04657	1
K04658	0
K04659	43
K04660	0
K04661	0
K04662	0
K04663	0
K04664	0
K04665	0
K04666	0
K04667	0
K04668	0
K04669	0
K04670	0
K04671	0
K04672	0
K04673	0
K04674	0
K04675	0
K04676	0
K04677	0
K04678	0
K04679	1
K04680	0
K04681	0
K04682	0
K04683	0
K04684	0
K04685	3
K04686	0
K04687	0
K04688	0
K04690	0
K04691	56
K04692	0
K04693	0
K04694	0
K04695	0
K04696	0
K04697	0
K04698	0
K04699	0
K04701	0
K04702	1
K04703	0
K04704	0
K04705	0
K04706	0
K04707	0
K04708	190
K04709	0
K04710	0
K04711	39
K04712	0
K04713	0
K04714	1
K04715	0
K04716	0
K04717	0
K04718	14
K04719	1510
K04720	509
K04721	0
K04722	0
K04723	0
K04724	0
K04725	0
K04726	0
K04727	11
K04728	0
K04729	31
K04730	0
K04731	0
K04732	0
K04733	1
K04734	2
K04735	0
K04736	0
K04737	0
K04738	0
K04739	27
K04740	1
K04741	0
K04742	3
K04743	2
K04744	16
K04745	1
K04746	9
K04747	494
K04748	1781
K04749	2137
K04750	2590
K04751	2377
K04752	82
K04753	379
K04754	9
K04755	653
K04756	2268
K04757	2142
K04758	622
K04759	713
K04760	12
K04761	1396
K04762	2199
K04763	3115
K04764	15
K04765	2372
K04766	1
K04767	1300
K04768	1576
K04769	3
K04770	8
K04771	2593
K04772	544
K04773	956
K04774	13
K04775	657
K04778	0
K04780	1422
K04781	724
K04782	179
K04783	20
K04784	138
K04785	0
K04786	368
K04787	717
K04788	1221
K04789	918
K04790	654
K04791	687
K04792	1121
K04793	712
K04794	1035
K04795	0
K04796	0
K04797	0
K04798	0
K04799	0
K04800	11
K04801	2
K04802	0
K04803	0
K04804	0
K04805	0
K04806	0
K04807	0
K04808	0
K04809	7
K04810	0
K04811	0
K04812	0
K04813	0
K04814	0
K04815	0
K04816	0
K04817	0
K04818	0
K04819	0
K04824	0
K04825	0
K04826	0
K04827	0
K04828	0
K04829	0
K04830	0
K04831	0
K04832	0
K04833	0
K04834	0
K04835	12
K04836	0
K04837	0
K04838	0
K04839	0
K04840	0
K04841	0
K04842	0
K04843	0
K04845	0
K04846	0
K04847	0
K04848	0
K04849	0
K04850	0
K04851	0
K04852	0
K04853	0
K04854	0
K04855	0
K04856	4
K04857	0
K04858	0
K04859	1
K04860	1
K04861	0
K04862	0
K04863	0
K04864	0
K04865	0
K04866	0
K04867	0
K04868	0
K04869	0
K04870	0
K04871	0
K04872	0
K04873	0
K04874	1
K04875	3
K04876	0
K04877	0
K04878	0
K04879	3
K04880	0
K04881	0
K04882	17
K04883	30
K04884	2
K04885	0
K04886	0
K04887	0
K04888	0
K04889	0
K04890	0
K04891	2
K04892	6
K04893	0
K04894	0
K04895	0
K04896	0
K04897	0
K04898	0
K04899	0
K04900	0
K04901	0
K04902	0
K04903	0
K04904	0
K04905	0
K04906	0
K04907	0
K04908	0
K04909	0
K04910	0
K04911	0
K04912	0
K04913	0
K04914	0
K04915	0
K04916	0
K04917	0
K04918	0
K04919	0
K04920	3
K04921	0
K04922	0
K04923	0
K04924	0
K04925	0
K04926	0
K04927	1
K04928	0
K04929	0
K04930	6
K04931	0
K04932	0
K04933	0
K04934	0
K04935	0
K04936	0
K04937	0
K04938	0
K04939	0
K04940	100
K04941	0
K04942	0
K04943	0
K04944	0
K04945	0
K04946	0
K04947	0
K04948	0
K04949	0
K04950	0
K04951	0
K04952	0
K04953	21
K04954	0
K04955	2
K04956	0
K04957	0
K04958	0
K04959	0
K04960	0
K04961	5
K04962	95
K04963	0
K04964	0
K04965	0
K04966	0
K04967	0
K04968	0
K04969	0
K04970	0
K04971	0
K04972	0
K04973	0
K04974	0
K04975	0
K04976	0
K04977	23
K04978	9
K04979	0
K04980	0
K04981	0
K04982	0
K04983	0
K04984	4
K04985	206
K04986	0
K04987	14
K04988	10
K04989	0
K04990	0
K04991	0
K04992	0
K04993	0
K04994	0
K04995	0
K04996	0
K04997	0
K04998	0
K04999	0
K05000	0
K05001	0
K05002	0
K05003	0
K05004	0
K05005	0
K05006	0
K05007	0
K05008	0
K05009	0
K05010	0
K05011	0
K05012	0
K05015	0
K05016	5
K05017	0
K05018	0
K05019	0
K05020	1376
K05021	0
K05022	0
K05023	0
K05024	0
K05025	0
K05026	0
K05027	17
K05028	0
K05030	101
K05031	0
K05032	1
K05033	0
K05034	0
K05035	0
K05036	0
K05037	0
K05038	0
K05039	0
K05040	6
K05041	0
K05043	0
K05044	0
K05045	0
K05046	0
K05047	0
K05048	0
K05050	0
K05051	0
K05052	0
K05053	0
K05054	0
K05055	0
K05056	0
K05057	0
K05058	0
K05059	0
K05060	40
K05061	0
K05062	2
K05063	0
K05064	2
K05065	0
K05066	0
K05067	0
K05068	0
K05069	0
K05070	0
K05071	0
K05072	0
K05073	0
K05074	1
K05075	0
K05076	0
K05077	0
K05078	0
K05079	0
K05080	0
K05081	0
K05082	2
K05083	1
K05084	0
K05085	0
K05086	0
K05087	0
K05088	1
K05089	0
K05090	0
K05091	0
K05092	0
K05093	0
K05094	0
K05095	0
K05096	0
K05097	0
K05098	0
K05099	138
K05100	50
K05101	0
K05102	0
K05103	0
K05104	0
K05105	0
K05106	0
K05107	0
K05108	0
K05109	0
K05110	0
K05111	0
K05112	0
K05113	5
K05114	0
K05115	0
K05116	0
K05117	0
K05118	0
K05119	0
K05120	8
K05121	0
K05122	0
K05123	0
K05124	0
K05125	0
K05126	0
K05127	0
K05128	0
K05129	0
K05130	0
K05131	0
K05132	0
K05133	0
K05134	0
K05135	0
K05136	0
K05137	0
K05138	0
K05139	0
K05140	0
K05141	0
K05142	0
K05143	0
K05144	0
K05145	0
K05146	0
K05147	0
K05148	0
K05149	0
K05150	0
K05151	0
K05152	0
K05153	0
K05154	0
K05155	0
K05156	0
K05157	0
K05158	0
K05159	0
K05160	0
K05161	0
K05162	0
K05163	0
K05164	0
K05165	0
K05166	0
K05167	38
K05168	0
K05169	1
K05170	1
K05171	0
K05172	0
K05173	0
K05174	0
K05175	0
K05181	1
K05184	0
K05185	0
K05186	0
K05189	0
K05190	2
K05192	2
K05193	0
K05194	12
K05195	0
K05196	0
K05197	0
K05198	0
K05199	0
K05200	0
K05201	0
K05202	0
K05203	0
K05204	0
K05205	0
K05206	0
K05207	0
K05208	0
K05209	0
K05210	0
K05211	0
K05212	0
K05213	0
K05214	0
K05215	0
K05216	0
K05217	0
K05218	0
K05219	0
K05220	0
K05221	0
K05222	0
K05223	0
K05224	0
K05225	0
K05226	0
K05227	0
K05228	0
K05229	0
K05230	0
K05231	0
K05232	0
K05233	0
K05234	0
K05235	0
K05236	1
K05237	0
K05238	0
K05239	0
K05240	0
K05241	0
K05242	0
K05243	0
K05244	0
K05245	0
K05246	0
K05247	0
K05248	0
K05249	0
K05250	0
K05251	0
K05252	0
K05253	0
K05254	0
K05255	0
K05256	0
K05257	0
K05258	0
K05259	0
K05260	0
K05261	0
K05262	0
K05263	0
K05264	0
K05265	0
K05266	0
K05267	0
K05268	0
K05269	0
K05271	0
K05273	2
K05274	0
K05275	2568
K05277	1
K05278	10
K05279	0
K05280	0
K05281	0
K05282	2
K05283	0
K05284	6
K05285	24
K05286	2
K05287	0
K05288	91
K05289	0
K05290	0
K05291	0
K05292	0
K05293	0
K05294	6
K05295	0
K05296	31
K05297	1
K05298	14
K05299	320
K05300	24
K05301	1818
K05302	0
K05303	717
K05304	22
K05305	0
K05306	172
K05307	18
K05308	34
K05309	0
K05310	32
K05311	3
K05312	0
K05313	11
K05323	0
K05330	0
K05334	0
K05336	0
K05337	1894
K05338	0
K05339	80
K05340	111
K05341	529
K05342	1815
K05343	2352
K05345	0
K05346	1970
K05349	2208
K05350	2045
K05351	85
K05352	24
K05353	0
K05354	0
K05355	0
K05356	0
K05357	1009
K05358	6
K05359	0
K05360	0
K05361	5
K05362	264
K05363	614
K05364	3276
K05365	6
K05366	3253
K05367	19
K05368	3
K05369	0
K05370	1
K05371	0
K05372	0
K05373	125
K05374	2
K05375	1030
K05376	0
K05377	0
K05378	0
K05379	0
K05380	0
K05381	0
K05382	0
K05383	1
K05384	212
K05385	2
K05386	85
K05387	0
K05389	36
K05391	0
K05394	0
K05396	9
K05397	0
K05398	4
K05399	0
K05400	0
K05401	36
K05402	0
K05403	11
K05404	0
K05405	0
K05406	0
K05407	0
K05408	0
K05409	0
K05410	0
K05411	0
K05412	0
K05413	0
K05414	0
K05415	0
K05416	0
K05417	0
K05418	0
K05419	0
K05420	0
K05421	0
K05422	0
K05423	0
K05424	0
K05425	0
K05426	0
K05427	0
K05428	0
K05429	0
K05430	0
K05431	0
K05432	0
K05433	0
K05434	0
K05435	0
K05436	0
K05437	0
K05438	0
K05439	0
K05440	0
K05441	0
K05442	0
K05443	0
K05444	0
K05445	0
K05446	0
K05447	0
K05448	0
K05449	0
K05450	0
K05451	0
K05452	0
K05453	0
K05454	0
K05455	0
K05456	5
K05457	0
K05458	0
K05459	0
K05460	0
K05461	0
K05462	0
K05463	0
K05464	0
K05465	0
K05466	0
K05467	11
K05468	0
K05469	0
K05470	0
K05471	0
K05472	1
K05473	0
K05474	0
K05475	0
K05476	0
K05477	0
K05478	0
K05479	0
K05480	0
K05481	0
K05482	0
K05483	0
K05484	0
K05485	0
K05486	0
K05487	0
K05488	0
K05489	0
K05490	0
K05491	0
K05492	0
K05493	0
K05494	0
K05495	0
K05496	0
K05497	0
K05498	0
K05499	2687
K05500	0
K05501	177
K05502	2
K05503	0
K05504	0
K05505	0
K05506	0
K05507	0
K05508	0
K05509	0
K05510	0
K05511	0
K05512	0
K05513	0
K05514	0
K05515	1175
K05516	1834
K05517	2
K05518	793
K05519	2
K05520	2477
K05521	1804
K05522	2867
K05523	817
K05524	3144
K05525	324
K05526	3
K05527	18
K05528	17
K05529	12
K05530	0
K05531	4
K05532	0
K05533	2
K05534	0
K05535	0
K05536	0
K05537	0
K05538	0
K05539	16
K05540	3238
K05541	41
K05542	4
K05543	0
K05544	1
K05545	0
K05546	392
K05547	0
K05548	655
K05549	272
K05550	389
K05551	569
K05552	571
K05553	656
K05554	800
K05555	1919
K05556	270
K05557	1536
K05558	1658
K05559	8
K05560	7
K05561	3
K05562	53
K05563	318
K05564	2
K05565	1989
K05566	292
K05567	2092
K05568	2183
K05569	1993
K05570	1932
K05571	2012
K05572	2
K05573	3
K05574	204
K05575	3
K05576	288
K05577	144
K05578	60
K05579	2
K05580	10
K05581	2
K05582	2
K05583	0
K05584	0
K05585	0
K05586	4
K05587	68
K05588	4
K05589	1744
K05590	9
K05591	5
K05592	2893
K05593	119
K05594	35
K05595	1095
K05596	1751
K05597	23
K05599	90
K05600	4
K05601	97
K05602	2881
K05603	1137
K05604	0
K05605	2015
K05606	1933
K05607	228
K05609	0
K05610	0
K05611	0
K05612	2
K05613	11
K05614	369
K05615	1
K05616	0
K05617	3
K05618	0
K05619	1
K05620	0
K05621	0
K05622	0
K05623	0
K05624	0
K05625	0
K05626	0
K05627	0
K05628	0
K05629	1
K05630	0
K05631	0
K05632	0
K05633	0
K05634	5
K05635	24
K05636	34
K05637	65
K05638	0
K05639	0
K05640	0
K05641	0
K05642	0
K05643	1
K05644	0
K05645	0
K05646	0
K05647	0
K05648	0
K05649	0
K05650	0
K05651	0
K05652	0
K05653	0
K05654	0
K05655	4
K05656	0
K05657	6
K05658	42
K05659	0
K05660	0
K05661	0
K05662	1
K05664	0
K05665	6
K05666	0
K05667	0
K05668	0
K05669	1
K05670	1
K05671	1
K05672	0
K05673	0
K05674	0
K05675	0
K05676	0
K05677	0
K05678	1
K05679	0
K05680	0
K05681	6
K05682	0
K05683	1
K05684	1
K05685	1882
K05687	0
K05688	0
K05689	0
K05690	0
K05691	0
K05692	7
K05693	0
K05694	6
K05695	262
K05696	0
K05697	0
K05698	55
K05699	0
K05700	0
K05701	0
K05702	0
K05703	0
K05704	0
K05705	0
K05706	0
K05707	0
K05708	150
K05709	24
K05710	2363
K05711	78
K05712	2100
K05713	702
K05714	2689
K05715	84
K05716	9
K05717	1
K05718	13
K05719	3
K05720	0
K05721	0
K05722	0
K05723	0
K05724	0
K05725	0
K05726	0
K05727	0
K05728	0
K05729	0
K05730	0
K05731	0
K05732	0
K05733	0
K05734	0
K05735	0
K05736	0
K05737	0
K05738	0
K05739	0
K05740	113
K05741	0
K05742	0
K05743	0
K05744	0
K05745	0
K05746	2
K05747	1
K05748	0
K05749	0
K05750	0
K05751	0
K05752	0
K05753	0
K05754	0
K05755	0
K05756	0
K05757	0
K05758	0
K05759	10
K05760	0
K05761	0
K05762	1
K05763	0
K05764	0
K05765	26
K05766	0
K05767	1
K05768	0
K05769	0
K05770	1208
K05771	0
K05772	22
K05773	22
K05774	49
K05775	3
K05776	125
K05777	59
K05778	12
K05779	3
K05780	130
K05781	106
K05782	965
K05783	124
K05784	289
K05785	10
K05786	2306
K05787	57
K05788	24
K05789	0
K05790	3
K05791	927
K05792	835
K05793	510
K05794	2996
K05795	857
K05796	82
K05797	141
K05798	4
K05799	2943
K05800	81
K05801	145
K05802	51
K05803	83
K05804	2
K05805	12
K05806	0
K05807	31
K05808	3274
K05809	10
K05810	2770
K05811	22
K05812	9
K05813	840
K05814	792
K05815	761
K05816	34
K05817	75
K05818	48
K05819	34
K05820	324
K05821	0
K05822	185
K05823	82
K05824	0
K05825	3121
K05826	209
K05827	308
K05828	138
K05829	139
K05830	1
K05831	93
K05832	282
K05833	284
K05834	1780
K05835	1149
K05836	149
K05837	914
K05838	3086
K05839	3
K05840	0
K05841	884
K05842	0
K05843	0
K05844	1114
K05845	2812
K05846	2712
K05847	2708
K05848	0
K05849	124
K05850	4
K05851	3
K05852	0
K05853	12
K05854	0
K05855	0
K05856	0
K05857	0
K05858	0
K05859	0
K05860	0
K05861	0
K05862	0
K05863	0
K05864	5
K05865	0
K05866	0
K05867	0
K05868	0
K05869	0
K05870	0
K05871	0
K05872	6
K05873	349
K05874	224
K05875	49
K05876	3
K05877	5
K05878	1683
K05879	1672
K05880	3
K05881	1273
K05882	1490
K05884	365
K05886	257
K05887	11
K05888	1865
K05889	202
K05894	2
K05895	1730
K05896	3127
K05897	641
K05898	1365
K05901	669
K05906	2
K05907	0
K05908	50
K05909	3
K05910	16
K05913	619
K05914	0
K05915	0
K05916	1884
K05917	791
K05918	10
K05919	153
K05921	838
K05922	1
K05925	139
K05926	62
K05927	1
K05928	50
K05929	43
K05931	0
K05933	1
K05934	4
K05936	1816
K05937	568
K05939	111
K05940	0
K05941	0
K05942	9
K05946	703
K05947	9
K05948	0
K05951	0
K05952	3
K05953	31
K05954	10
K05955	0
K05956	14
K05957	26
K05960	0
K05961	0
K05964	18
K05966	4
K05967	253
K05969	0
K05970	216
K05972	556
K05973	72
K05977	138
K05978	0
K05979	959
K05982	860
K05984	41
K05985	4
K05986	49
K05988	37
K05989	1012
K05991	1052
K05992	5
K05994	245
K05995	1349
K05996	804
K05997	2
K05998	28
K05999	812
K06000	0
K06001	512
K06002	0
K06004	0
K06005	0
K06006	21
K06007	0
K06008	0
K06009	0
K06011	2
K06012	3
K06013	218
K06015	1872
K06016	1442
K06018	0
K06019	184
K06020	3292
K06023	111
K06024	3147
K06027	6
K06030	71
K06033	8
K06034	129
K06035	1213
K06037	745
K06038	0
K06039	50
K06041	154
K06042	1831
K06044	2445
K06045	927
K06046	366
K06047	0
K06048	2863
K06049	26
K06051	1
K06052	0
K06053	0
K06054	0
K06055	0
K06056	0
K06057	0
K06058	0
K06059	0
K06061	0
K06062	0
K06063	0
K06064	0
K06065	0
K06066	0
K06067	0
K06068	0
K06069	0
K06070	0
K06071	0
K06072	0
K06073	2
K06074	2
K06075	2688
K06076	6
K06077	9
K06078	31
K06079	5
K06080	3
K06081	0
K06082	0
K06083	0
K06084	0
K06085	0
K06086	0
K06087	0
K06088	0
K06089	0
K06090	0
K06091	0
K06092	0
K06093	0
K06094	0
K06095	0
K06096	0
K06097	0
K06098	0
K06099	0
K06100	0
K06101	0
K06102	0
K06103	0
K06104	0
K06105	0
K06106	0
K06107	0
K06108	0
K06109	0
K06110	0
K06111	1
K06112	5
K06113	1188
K06114	1
K06115	0
K06116	3
K06117	3106
K06118	264
K06119	10
K06120	28
K06121	5
K06122	0
K06123	599
K06124	0
K06125	33
K06126	0
K06127	14
K06128	0
K06129	13
K06130	4
K06131	2612
K06132	43
K06133	1456
K06134	4
K06135	0
K06136	268
K06137	440
K06138	511
K06139	262
K06140	8
K06141	14
K06142	6
K06143	5
K06144	2
K06145	80
K06146	2
K06147	2754
K06148	2070
K06149	2973
K06151	98
K06152	302
K06153	3222
K06154	125
K06155	153
K06156	31
K06157	17
K06158	3281
K06159	4
K06160	83
K06161	0
K06162	303
K06163	147
K06164	147
K06165	147
K06166	143
K06167	1390
K06168	3259
K06169	3
K06170	0
K06171	0
K06172	0
K06173	3234
K06174	1
K06175	4
K06176	24
K06177	2319
K06178	3284
K06179	63
K06180	3295
K06181	4
K06182	5
K06183	15
K06184	2
K06185	1
K06186	14
K06187	3254
K06188	1728
K06189	18
K06190	152
K06191	2230
K06192	7
K06193	486
K06194	1342
K06195	14
K06196	2993
K06197	910
K06198	289
K06199	3158
K06200	346
K06201	1333
K06202	5
K06203	1043
K06204	1529
K06205	258
K06206	36
K06207	3289
K06208	640
K06209	3
K06210	1
K06211	573
K06212	227
K06213	3097
K06214	3
K06215	3114
K06216	8
K06217	3288
K06218	1267
K06219	1056
K06221	3159
K06222	31
K06223	408
K06224	41
K06225	0
K06226	0
K06227	0
K06228	6
K06229	134
K06230	0
K06231	0
K06232	0
K06233	5
K06234	0
K06235	0
K06236	4
K06237	1
K06238	13
K06240	366
K06241	1
K06243	14
K06244	15
K06245	0
K06246	2
K06247	0
K06248	0
K06249	0
K06250	0
K06251	0
K06252	60
K06253	0
K06254	9
K06255	16
K06256	0
K06257	0
K06258	2
K06259	0
K06260	0
K06261	5
K06262	0
K06263	0
K06264	0
K06265	3
K06266	4
K06267	13
K06268	1
K06269	2
K06270	0
K06271	0
K06272	4
K06273	0
K06274	0
K06275	0
K06276	0
K06277	0
K06278	0
K06279	0
K06281	808
K06282	863
K06283	3
K06284	34
K06285	1
K06286	2
K06287	3248
K06288	0
K06289	3
K06290	0
K06291	0
K06292	0
K06293	0
K06294	1
K06295	3
K06296	173
K06297	3
K06298	859
K06299	1
K06300	1
K06301	2
K06302	1
K06303	1
K06304	1
K06305	1
K06306	240
K06307	0
K06308	1
K06309	0
K06310	1
K06311	3
K06312	1
K06313	2
K06314	1
K06315	0
K06316	0
K06317	3
K06318	1
K06319	0
K06320	662
K06321	0
K06322	6
K06323	69
K06324	636
K06325	1
K06326	0
K06327	0
K06328	1
K06329	3
K06330	380
K06331	3
K06332	1
K06333	3
K06334	3
K06335	0
K06336	607
K06337	0
K06338	69
K06339	0
K06340	0
K06341	0
K06342	0
K06343	1
K06345	7
K06346	3102
K06347	1
K06348	32
K06349	5
K06350	145
K06351	125
K06352	0
K06353	0
K06354	0
K06355	0
K06356	0
K06357	0
K06358	0
K06359	44
K06360	8
K06361	2
K06362	0
K06363	0
K06364	0
K06365	67
K06366	1
K06367	4
K06368	16
K06369	0
K06370	24
K06371	1
K06372	2
K06373	3
K06374	3
K06375	1
K06376	1
K06377	794
K06378	1345
K06379	9
K06380	3
K06381	446
K06382	23
K06383	3
K06384	2051
K06385	3
K06386	4
K06387	3
K06388	0
K06389	0
K06390	16
K06391	3
K06392	3
K06393	3
K06394	3
K06395	3
K06396	3
K06397	3
K06398	3
K06399	14
K06400	2171
K06401	12
K06402	2185
K06403	1
K06404	5
K06405	15
K06406	3
K06407	8
K06408	1
K06409	125
K06410	22
K06411	1
K06412	3
K06413	1757
K06414	1
K06415	13
K06416	167
K06417	4
K06418	0
K06419	0
K06420	1
K06421	3
K06422	1
K06423	3
K06424	0
K06425	1
K06426	1
K06427	0
K06428	1
K06429	1
K06430	0
K06431	0
K06432	0
K06433	1
K06434	1
K06435	0
K06436	3
K06437	0
K06438	3
K06439	2
K06440	1
K06441	5
K06442	3276
K06443	866
K06444	0
K06445	10
K06446	927
K06447	7
K06448	0
K06449	19
K06450	0
K06451	0
K06452	0
K06453	0
K06454	0
K06455	0
K06456	0
K06457	0
K06458	0
K06459	0
K06460	0
K06461	30
K06462	1
K06463	0
K06464	0
K06465	0
K06466	0
K06467	0
K06468	10
K06469	0
K06470	0
K06471	0
K06472	0
K06473	0
K06474	7
K06475	0
K06476	52
K06477	2
K06478	8
K06479	0
K06480	0
K06481	3
K06482	5
K06483	75
K06484	132
K06485	19
K06486	0
K06487	56
K06488	0
K06489	0
K06490	0
K06491	126
K06492	0
K06493	0
K06494	0
K06495	0
K06496	0
K06497	1
K06498	0
K06499	0
K06500	0
K06501	1
K06502	1
K06503	0
K06504	0
K06505	1
K06506	0
K06507	0
K06508	1
K06509	0
K06510	0
K06511	0
K06512	0
K06513	0
K06514	0
K06515	0
K06516	0
K06517	0
K06518	77
K06519	31
K06520	0
K06521	0
K06522	0
K06523	0
K06524	0
K06525	0
K06526	0
K06527	1
K06528	0
K06529	0
K06530	2
K06531	0
K06532	3
K06533	0
K06534	0
K06535	0
K06536	0
K06537	0
K06538	0
K06539	0
K06540	0
K06541	0
K06542	0
K06543	0
K06544	0
K06545	0
K06546	2
K06547	0
K06548	1
K06549	0
K06550	9
K06551	0
K06552	0
K06553	0
K06554	0
K06555	0
K06556	0
K06557	0
K06558	0
K06559	0
K06560	6
K06561	0
K06562	0
K06563	0
K06564	0
K06565	0
K06566	17
K06567	0
K06568	1
K06569	0
K06570	0
K06571	0
K06572	2
K06573	28
K06574	0
K06575	0
K06576	0
K06577	0
K06578	0
K06579	0
K06580	2
K06581	0
K06582	0
K06583	8
K06584	48
K06585	126
K06586	0
K06587	0
K06588	0
K06589	0
K06590	0
K06591	0
K06592	0
K06593	0
K06594	0
K06595	82
K06596	17
K06597	3
K06598	1
K06599	814
K06600	13
K06601	12
K06602	12
K06603	14
K06604	0
K06605	566
K06606	1119
K06607	1190
K06608	2
K06609	845
K06610	419
K06611	0
K06612	0
K06613	0
K06614	1
K06615	0
K06616	0
K06617	57
K06618	0
K06619	0
K06620	0
K06621	0
K06622	13
K06623	1
K06624	0
K06625	0
K06626	0
K06627	0
K06628	0
K06629	0
K06630	0
K06631	0
K06632	0
K06633	0
K06634	0
K06635	0
K06636	4
K06637	0
K06639	32
K06640	0
K06641	0
K06642	0
K06643	0
K06644	0
K06645	0
K06646	0
K06647	3
K06648	0
K06649	0
K06650	0
K06651	0
K06652	0
K06653	0
K06654	0
K06655	59
K06656	0
K06657	0
K06658	0
K06659	0
K06660	0
K06661	0
K06662	11
K06663	0
K06664	0
K06665	0
K06666	97
K06667	0
K06668	0
K06669	3
K06670	0
K06671	0
K06672	0
K06673	0
K06674	33
K06675	38
K06676	0
K06677	0
K06678	0
K06679	10
K06680	0
K06681	1
K06682	0
K06683	0
K06684	0
K06685	0
K06686	0
K06687	0
K06688	0
K06689	4
K06691	0
K06692	0
K06693	0
K06694	139
K06695	1
K06696	0
K06697	0
K06698	0
K06699	1
K06700	0
K06702	0
K06704	0
K06706	0
K06707	0
K06708	0
K06709	0
K06710	0
K06711	5
K06712	0
K06713	0
K06714	1
K06715	0
K06716	90
K06717	0
K06718	1159
K06719	0
K06720	1240
K06721	6
K06722	0
K06723	0
K06724	1
K06725	0
K06726	603
K06727	0
K06728	0
K06729	0
K06730	0
K06731	3
K06732	0
K06733	0
K06734	0
K06735	0
K06736	0
K06737	0
K06738	0
K06739	0
K06740	0
K06741	0
K06742	0
K06743	0
K06744	0
K06745	0
K06746	0
K06747	0
K06748	0
K06749	0
K06750	0
K06751	0
K06752	1
K06753	4
K06754	41
K06755	6
K06756	75
K06757	0
K06758	0
K06759	4
K06760	2
K06761	28
K06762	5
K06763	1
K06764	0
K06765	2
K06766	327
K06767	139
K06768	5
K06769	1
K06770	0
K06771	0
K06772	1
K06773	0
K06774	4
K06775	0
K06776	2
K06777	162
K06778	1
K06779	0
K06780	0
K06781	0
K06782	2
K06783	0
K06784	2
K06785	0
K06786	0
K06787	0
K06788	0
K06789	0
K06790	1
K06791	0
K06792	0
K06793	0
K06794	0
K06795	0
K06796	0
K06797	0
K06798	0
K06799	0
K06800	0
K06801	0
K06802	0
K06803	0
K06804	0
K06805	0
K06806	0
K06807	0
K06808	0
K06809	0
K06810	0
K06811	0
K06812	0
K06813	0
K06814	0
K06815	0
K06816	6
K06817	4
K06818	0
K06819	10
K06820	152
K06821	81
K06822	88
K06823	0
K06824	0
K06825	0
K06826	2
K06827	0
K06828	0
K06829	0
K06830	1
K06831	2
K06832	0
K06833	0
K06834	4
K06835	2
K06836	0
K06837	0
K06838	0
K06839	0
K06840	0
K06841	0
K06842	0
K06843	0
K06844	0
K06845	0
K06846	0
K06847	0
K06848	0
K06849	0
K06850	0
K06851	0
K06852	0
K06853	0
K06854	0
K06855	0
K06856	0
K06857	92
K06858	350
K06859	123
K06860	1369
K06861	23
K06862	2
K06863	0
K06864	397
K06865	0
K06866	299
K06867	1655
K06868	0
K06869	97
K06870	24
K06871	824
K06872	1753
K06873	1
K06874	0
K06875	0
K06876	714
K06877	2615
K06878	209
K06879	3
K06880	1166
K06881	1361
K06882	902
K06883	1680
K06884	25
K06885	59
K06886	2730
K06887	2
K06888	2251
K06889	3186
K06890	404
K06891	2906
K06892	2
K06893	2330
K06894	878
K06895	1899
K06896	656
K06897	79
K06898	405
K06899	137
K06900	90
K06901	2834
K06902	2780
K06903	644
K06904	495
K06905	563
K06906	2
K06907	684
K06908	6
K06909	322
K06910	2425
K06911	2447
K06912	491
K06913	120
K06914	105
K06915	2093
K06916	2291
K06917	11
K06918	20
K06919	114
K06920	283
K06921	1842
K06922	255
K06923	21
K06924	397
K06925	3142
K06926	903
K06927	16
K06928	47
K06929	1613
K06930	1320
K06931	0
K06932	62
K06933	43
K06934	199
K06935	0
K06936	24
K06937	337
K06938	18
K06939	0
K06940	39
K06941	2993
K06942	65
K06943	0
K06944	0
K06945	1648
K06946	1708
K06947	1
K06948	2
K06949	3119
K06950	1279
K06951	154
K06952	22
K06953	88
K06954	866
K06956	1251
K06957	18
K06958	3278
K06959	1879
K06960	3057
K06961	0
K06962	1427
K06963	0
K06964	0
K06965	0
K06966	231
K06967	4
K06968	44
K06969	64
K06970	2
K06971	244
K06972	162
K06973	168
K06974	0
K06975	2641
K06976	2367
K06977	169
K06978	2084
K06979	1602
K06980	2967
K06981	23
K06982	0
K06983	1
K06984	24
K06985	33
K06986	1049
K06987	163
K06988	2378
K06989	224
K06990	165
K06991	281
K06992	262
K06993	2
K06994	2900
K06995	899
K06996	2488
K06997	3285
K06998	2370
K06999	1686
K07000	17
K07001	2495
K07002	699
K07003	152
K07004	1880
K07005	2634
K07006	1953
K07007	182
K07008	1844
K07009	2511
K07010	2150
K07012	1020
K07013	18
K07014	15
K07015	163
K07016	12
K07017	346
K07018	1063
K07019	15
K07020	2149
K07022	29
K07023	389
K07024	34
K07025	1430
K07026	76
K07027	1233
K07028	2090
K07029	3259
K07030	2504
K07031	202
K07032	2289
K07033	77
K07034	480
K07035	85
K07037	17
K07038	1408
K07039	880
K07040	3189
K07041	69
K07042	3276
K07043	257
K07044	1235
K07045	2227
K07046	1142
K07047	2426
K07048	1007
K07049	0
K07050	166
K07051	691
K07052	3148
K07053	2368
K07054	2411
K07055	0
K07056	3270
K07057	188
K07058	2974
K07059	1062
K07060	10
K07061	8
K07062	1026
K07063	748
K07064	1483
K07065	547
K07066	203
K07067	2084
K07068	1539
K07069	37
K07070	14
K07071	2745
K07072	0
K07073	0
K07074	822
K07075	802
K07076	1125
K07077	2135
K07078	57
K07079	672
K07080	1293
K07081	0
K07082	3296
K07083	0
K07084	245
K07085	510
K07086	308
K07087	3
K07089	1586
K07090	3055
K07091	17
K07092	1021
K07093	1678
K07094	1
K07095	1820
K07096	1413
K07097	11
K07098	3052
K07099	72
K07100	1599
K07101	1478
K07102	141
K07103	0
K07104	1480
K07105	107
K07106	1352
K07107	2861
K07108	228
K07109	2
K07110	1383
K07111	7
K07112	445
K07113	1852
K07114	2778
K07115	15
K07116	376
K07117	91
K07118	2698
K07119	0
K07120	602
K07121	5
K07122	43
K07123	322
K07124	3073
K07125	0
K07126	869
K07127	1409
K07128	23
K07129	48
K07130	1704
K07131	1649
K07132	1
K07133	872
K07134	0
K07135	0
K07136	32
K07137	206
K07138	156
K07139	4
K07140	1571
K07141	1328
K07142	144
K07143	0
K07144	1
K07145	303
K07146	927
K07147	1957
K07148	1754
K07149	2176
K07150	220
K07151	1
K07152	712
K07153	4
K07154	1032
K07155	1655
K07156	2089
K07157	1779
K07158	25
K07159	2625
K07160	2512
K07161	1737
K07162	28
K07163	0
K07164	2992
K07165	27
K07166	1350
K07167	1381
K07168	904
K07169	4
K07171	1845
K07172	86
K07173	790
K07175	2676
K07176	14
K07177	3115
K07178	427
K07179	0
K07180	14
K07181	115
K07182	1935
K07183	1945
K07184	75
K07186	2
K07187	0
K07188	3
K07189	1
K07190	0
K07191	1
K07192	1677
K07193	0
K07194	0
K07195	0
K07196	0
K07197	0
K07198	1
K07199	7
K07200	1
K07201	0
K07202	0
K07203	0
K07204	1
K07205	0
K07206	6
K07207	0
K07208	0
K07209	0
K07210	0
K07211	0
K07213	2784
K07214	588
K07215	69
K07216	15
K07217	850
K07218	1131
K07219	59
K07220	1533
K07221	8
K07222	2379
K07223	1411
K07224	1830
K07225	128
K07226	834
K07227	3
K07228	1569
K07229	2781
K07230	214
K07231	23
K07232	13
K07233	2
K07234	54
K07235	2
K07236	2
K07237	2
K07238	1388
K07239	9
K07240	549
K07241	1068
K07242	0
K07243	1901
K07244	2
K07245	1825
K07246	1240
K07248	31
K07249	23
K07250	2259
K07251	1992
K07252	234
K07253	166
K07254	0
K07255	581
K07256	7
K07257	174
K07258	2404
K07259	2914
K07260	1618
K07261	48
K07262	6
K07263	2590
K07264	137
K07265	77
K07266	3
K07267	7
K07268	0
K07269	3
K07270	100
K07271	210
K07272	275
K07273	1928
K07274	9
K07275	8
K07276	6
K07277	17
K07278	10
K07279	195
K07280	22
K07281	350
K07282	1465
K07283	5
K07284	2450
K07285	4
K07286	10
K07287	4
K07288	16
K07289	15
K07290	10
K07291	11
K07292	0
K07293	0
K07294	0
K07295	0
K07296	1
K07297	0
K07298	0
K07299	0
K07300	1148
K07301	872
K07302	383
K07303	383
K07304	2928
K07305	2901
K07306	86
K07307	153
K07308	150
K07309	149
K07310	8
K07311	9
K07312	2
K07313	1367
K07314	12
K07315	2030
K07316	663
K07317	2165
K07318	162
K07319	775
K07320	57
K07321	783
K07322	423
K07323	9
K07324	0
K07325	0
K07326	11
K07327	3
K07328	0
K07329	5
K07330	0
K07331	0
K07332	3
K07333	11
K07334	389
K07335	2082
K07336	40
K07337	4
K07338	3
K07339	236
K07340	2421
K07341	1555
K07342	0
K07343	358
K07344	704
K07345	3
K07346	11
K07347	8
K07348	0
K07349	2
K07350	2
K07351	2
K07352	2
K07353	0
K07354	0
K07355	0
K07356	2
K07357	5
K07358	13
K07359	5
K07360	0
K07361	0
K07362	0
K07363	0
K07364	0
K07365	0
K07366	0
K07367	0
K07368	0
K07369	179
K07370	0
K07371	0
K07372	0
K07373	0
K07374	2
K07375	2
K07376	1
K07377	3
K07378	12
K07379	0
K07380	18
K07381	0
K07382	0
K07384	0
K07385	0
K07386	2297
K07387	16
K07388	0
K07389	4
K07390	23
K07391	3276
K07392	277
K07393	2282
K07394	279
K07395	36
K07396	2008
K07397	2041
K07398	0
K07399	2829
K07400	336
K07401	434
K07402	2152
K07403	458
K07404	1715
K07405	1
K07406	267
K07407	1584
K07408	1
K07409	0
K07410	0
K07411	0
K07412	0
K07413	0
K07414	0
K07415	0
K07416	1
K07417	0
K07418	0
K07419	0
K07420	0
K07422	0
K07423	0
K07424	8
K07425	0
K07426	0
K07427	64
K07428	0
K07429	0
K07430	1
K07431	0
K07432	0
K07433	0
K07434	0
K07435	2
K07436	0
K07437	1
K07438	0
K07439	18
K07440	0
K07441	6
K07442	3100
K07443	2645
K07444	6
K07445	294
K07446	113
K07447	3181
K07448	1482
K07449	433
K07450	1961
K07451	2740
K07452	859
K07453	207
K07454	1177
K07455	129
K07456	40
K07457	147
K07458	1342
K07459	2203
K07460	3259
K07461	277
K07462	218
K07463	2
K07464	133
K07465	2458
K07466	0
K07467	14
K07468	6
K07469	175
K07470	3
K07471	0
K07472	4
K07473	381
K07474	18
K07475	0
K07476	1
K07477	1
K07478	3287
K07479	12
K07480	33
K07481	213
K07482	1817
K07483	2317
K07484	396
K07485	1426
K07486	1887
K07487	791
K07488	90
K07489	45
K07490	55
K07491	465
K07492	1424
K07493	1896
K07494	991
K07495	438
K07496	1025
K07497	2682
K07498	122
K07499	809
K07500	9
K07501	7
K07502	89
K07503	3103
K07504	424
K07505	827
K07506	2445
K07507	1223
K07508	20
K07509	107
K07511	1321
K07512	415
K07513	161
K07514	43
K07515	0
K07516	51
K07517	960
K07518	230
K07520	0
K07521	0
K07522	0
K07523	14
K07524	0
K07525	0
K07526	0
K07527	0
K07528	0
K07529	0
K07530	0
K07531	0
K07532	0
K07533	562
K07534	3
K07535	2616
K07536	194
K07537	3
K07538	0
K07539	0
K07540	0
K07541	0
K07542	1523
K07543	161
K07544	634
K07545	5
K07546	962
K07547	1
K07548	10
K07549	161
K07550	1473
K07552	2284
K07553	0
K07554	0
K07555	1
K07556	12
K07557	1
K07558	43
K07559	696
K07560	2574
K07561	0
K07562	0
K07565	0
K07566	3301
K07568	753
K07569	0
K07570	23
K07571	11
K07572	1
K07573	0
K07574	230
K07575	0
K07576	262
K07577	71
K07578	0
K07579	29
K07580	1
K07581	0
K07583	0
K07584	12
K07585	0
K07586	701
K07587	0
K07588	1894
K07589	10
K07590	1
K07591	0
K07592	0
K07593	0
K07594	0
K07595	1
K07596	0
K07597	0
K07598	0
K07599	0
K07600	0
K07601	0
K07602	0
K07603	1
K07604	9
K07605	9
K07606	1
K07607	0
K07608	0
K07609	0
K07610	0
K07611	15
K07612	0
K07613	0
K07614	0
K07615	0
K07616	0
K07617	0
K07618	0
K07619	0
K07620	0
K07621	0
K07622	0
K07623	0
K07624	0
K07625	0
K07626	0
K07627	0
K07628	0
K07630	0
K07631	0
K07632	0
K07633	0
K07634	0
K07635	0
K07636	1672
K07637	18
K07638	396
K07639	33
K07640	78
K07641	72
K07642	1204
K07643	5
K07644	404
K07645	853
K07646	2452
K07647	15
K07648	126
K07649	691
K07650	3
K07651	221
K07652	324
K07653	1891
K07654	2973
K07655	841
K07656	1854
K07657	1119
K07658	3078
K07659	283
K07660	18
K07661	4
K07662	11
K07663	15
K07664	17
K07665	818
K07666	75
K07667	2390
K07668	72
K07669	2396
K07670	2972
K07671	1270
K07672	1769
K07673	684
K07674	26
K07675	2357
K07676	2
K07677	22
K07678	193
K07679	171
K07680	17
K07681	15
K07682	2203
K07683	43
K07684	3189
K07685	44
K07686	587
K07687	10
K07688	37
K07689	958
K07690	45
K07691	28
K07692	868
K07693	1921
K07694	98
K07695	2421
K07696	706
K07697	1
K07698	9
K07699	3
K07700	9
K07701	3
K07702	4
K07703	3
K07704	302
K07705	203
K07706	88
K07707	6
K07708	47
K07709	93
K07710	85
K07711	51
K07712	14
K07713	18
K07714	16
K07715	4
K07716	37
K07717	0
K07718	303
K07719	0
K07720	66
K07721	181
K07722	320
K07723	72
K07724	8
K07725	918
K07726	873
K07727	1964
K07728	31
K07729	2021
K07730	40
K07731	7
K07732	57
K07733	2141
K07734	1112
K07735	1987
K07736	3211
K07738	3248
K07739	132
K07740	2
K07741	281
K07742	1168
K07743	46
K07744	2
K07745	22
K07746	427
K07747	0
K07748	13
K07749	1553
K07750	0
K07751	15
K07752	36
K07753	13
K07754	7
K07755	1966
K07756	0
K07757	0
K07758	6
K07759	0
K07760	6
K07761	0
K07762	344
K07763	158
K07764	0
K07765	1
K07766	10
K07767	5
K07768	3057
K07769	0
K07770	1
K07771	18
K07772	5
K07773	4
K07774	161
K07775	147
K07776	3228
K07777	122
K07778	2788
K07779	18
K07780	0
K07781	2
K07782	526
K07783	60
K07784	55
K07785	597
K07786	1
K07787	10
K07788	12
K07789	13
K07790	153
K07791	236
K07792	175
K07793	1287
K07794	1219
K07795	1267
K07796	0
K07797	4
K07798	53
K07799	15
K07800	2
K07801	0
K07802	0
K07803	0
K07804	13
K07805	0
K07806	27
K07807	39
K07808	2
K07809	149
K07810	10
K07811	1
K07812	15
K07813	2
K07814	939
K07816	1545
K07817	0
K07818	15
K07819	0
K07820	0
K07821	0
K07822	0
K07823	1302
K07824	1
K07825	0
K07826	0
K07827	1
K07828	0
K07829	0
K07830	0
K07831	0
K07832	0
K07833	0
K07834	0
K07835	0
K07836	0
K07837	0
K07838	0
K07839	0
K07840	0
K07841	0
K07842	0
K07843	0
K07844	0
K07845	0
K07846	0
K07847	0
K07848	0
K07849	0
K07850	0
K07851	0
K07852	0
K07853	0
K07854	0
K07855	0
K07856	0
K07857	0
K07858	0
K07859	0
K07860	0
K07861	0
K07862	133
K07863	0
K07864	0
K07865	0
K07866	0
K07868	0
K07869	0
K07870	0
K07871	0
K07872	0
K07873	8
K07874	1
K07875	0
K07876	0
K07877	0
K07878	0
K07879	0
K07880	0
K07881	0
K07882	0
K07883	0
K07884	0
K07885	0
K07886	0
K07887	0
K07888	0
K07889	1
K07890	0
K07891	0
K07893	0
K07894	0
K07895	0
K07896	0
K07897	0
K07898	0
K07899	0
K07900	0
K07901	0
K07902	0
K07903	0
K07904	3
K07905	0
K07906	1
K07907	0
K07908	0
K07909	0
K07910	0
K07911	0
K07912	0
K07913	0
K07914	0
K07915	0
K07916	1
K07917	0
K07918	0
K07919	0
K07920	0
K07921	0
K07922	0
K07923	0
K07924	0
K07925	0
K07928	0
K07929	0
K07930	0
K07931	0
K07933	0
K07934	0
K07935	0
K07936	0
K07937	0
K07938	0
K07939	0
K07940	0
K07941	0
K07942	0
K07943	0
K07944	0
K07945	0
K07949	0
K07950	0
K07951	0
K07952	0
K07953	0
K07955	0
K07957	0
K07958	0
K07959	0
K07960	0
K07961	0
K07962	0
K07963	0
K07964	62
K07965	0
K07966	0
K07967	5
K07968	0
K07969	0
K07970	0
K07971	0
K07972	1
K07973	0
K07975	0
K07976	2
K07978	520
K07979	2222
K07980	0
K07981	0
K07982	0
K07983	0
K07984	0
K07985	0
K07986	0
K07987	0
K07988	0
K07989	0
K07990	0
K07991	2
K07992	0
K07993	1
K07994	10
K07995	7
K07996	27
K07997	12
K07998	50
K07999	91
K08000	9
K08001	0
K08002	30
K08003	11
K08004	0
K08005	3
K08006	0
K08007	0
K08008	0
K08009	0
K08010	0
K08011	0
K08012	0
K08013	0
K08014	0
K08015	0
K08016	0
K08017	0
K08018	0
K08019	0
K08020	0
K08021	0
K08022	0
K08023	0
K08024	0
K08025	0
K08026	0
K08027	0
K08028	0
K08029	0
K08030	0
K08031	0
K08032	0
K08033	0
K08034	0
K08035	0
K08036	0
K08037	0
K08038	0
K08039	0
K08040	0
K08041	5
K08042	9
K08043	18
K08044	7
K08045	0
K08046	0
K08047	0
K08048	16
K08049	114
K08050	0
K08051	0
K08052	0
K08053	0
K08054	2
K08055	0
K08056	0
K08057	0
K08058	0
K08059	1
K08060	19
K08061	0
K08062	0
K08063	0
K08064	0
K08065	0
K08066	0
K08067	0
K08068	11
K08069	0
K08070	1
K08071	0
K08073	89
K08074	0
K08075	0
K08076	166
K08077	0
K08079	0
K08080	2
K08081	5
K08082	32
K08083	922
K08084	10
K08085	3
K08086	22
K08087	2
K08088	0
K08089	0
K08090	0
K08091	0
K08092	1
K08093	382
K08094	436
K08095	1292
K08096	0
K08097	88
K08098	0
K08099	262
K08100	91
K08101	0
K08102	0
K08103	0
K08104	84
K08105	14
K08106	17
K08107	0
K08108	0
K08109	0
K08110	0
K08111	0
K08112	0
K08114	0
K08115	4
K08116	0
K08117	0
K08118	0
K08119	1
K08120	0
K08121	0
K08122	0
K08123	0
K08124	0
K08125	0
K08126	0
K08127	0
K08128	0
K08129	0
K08130	0
K08131	0
K08132	0
K08133	1
K08134	0
K08135	0
K08136	0
K08137	734
K08138	1179
K08139	354
K08141	4
K08142	0
K08143	1
K08144	0
K08145	1
K08146	0
K08147	0
K08148	0
K08149	1
K08150	131
K08151	757
K08152	291
K08153	3224
K08154	129
K08155	35
K08156	165
K08157	8
K08158	0
K08159	1578
K08160	5
K08161	852
K08162	1526
K08163	9
K08164	262
K08165	0
K08166	3105
K08167	2582
K08168	707
K08169	278
K08170	69
K08171	0
K08172	2627
K08173	397
K08174	2585
K08175	10
K08176	74
K08177	1974
K08178	409
K08179	0
K08180	0
K08181	1
K08182	0
K08183	1
K08184	4
K08185	2
K08186	3
K08187	18
K08188	8
K08189	5
K08190	11
K08191	304
K08192	6
K08193	0
K08194	2377
K08195	185
K08196	5
K08197	1
K08198	0
K08199	0
K08200	0
K08202	6
K08203	0
K08204	0
K08205	0
K08206	0
K08207	0
K08208	0
K08209	0
K08210	0
K08211	1
K08212	0
K08213	0
K08214	2
K08215	0
K08216	1
K08217	3199
K08218	88
K08219	68
K08220	7
K08221	2006
K08222	4
K08223	585
K08224	2132
K08225	2114
K08226	2
K08227	4
K08228	0
K08229	0
K08230	0
K08231	0
K08232	1
K08233	11
K08234	2768
K08235	0
K08236	0
K08237	0
K08238	17
K08239	955
K08240	0
K08241	0
K08242	0
K08243	0
K08244	0
K08245	0
K08246	17
K08247	1
K08248	25
K08249	0
K08251	2
K08252	3
K08253	0
K08254	85
K08255	17
K08256	2226
K08257	296
K08258	6
K08259	55
K08260	382
K08261	111
K08262	0
K08264	284
K08265	4
K08266	8
K08267	0
K08268	0
K08269	0
K08270	0
K08271	0
K08272	0
K08273	0
K08274	0
K08275	0
K08276	3
K08277	0
K08278	0
K08279	78
K08280	37
K08281	3007
K08282	366
K08283	0
K08284	0
K08285	0
K08286	3
K08287	0
K08288	0
K08289	1098
K08290	0
K08291	0
K08292	0
K08293	0
K08294	0
K08295	700
K08296	2454
K08297	90
K08298	90
K08299	1341
K08300	3134
K08301	18
K08302	635
K08303	379
K08304	15
K08305	1281
K08306	7
K08307	139
K08308	3
K08309	1041
K08310	235
K08311	38
K08312	3
K08313	92
K08314	87
K08315	64
K08316	3241
K08317	45
K08318	4
K08319	428
K08320	1974
K08321	52
K08322	913
K08323	707
K08324	487
K08325	3
K08326	8
K08327	0
K08328	10
K08329	3
K08330	4
K08331	0
K08332	0
K08333	3
K08334	0
K08335	0
K08336	0
K08337	1
K08338	0
K08339	0
K08340	0
K08341	0
K08342	0
K08343	0
K08344	15
K08348	1020
K08349	53
K08350	0
K08351	505
K08352	1389
K08353	32
K08354	1
K08355	124
K08356	1
K08357	31
K08358	124
K08359	0
K08360	3
K08362	0
K08363	204
K08364	323
K08365	715
K08366	0
K08367	0
K08368	492
K08369	2322
K08370	0
K08371	0
K08372	3281
K08373	0
K08374	0
K08375	0
K08376	0
K08377	0
K08378	0
K08379	0
K08380	0
K08381	4
K08382	0
K08383	0
K08384	2089
K08385	0
K08386	0
K08387	0
K08388	0
K08389	0
K08390	0
K08391	0
K08392	0
K08393	0
K08394	0
K08395	0
K08396	0
K08397	0
K08398	0
K08399	12
K08400	0
K08401	0
K08402	0
K08403	0
K08404	0
K08405	0
K08406	0
K08407	0
K08408	0
K08409	0
K08410	1
K08411	0
K08412	0
K08413	0
K08414	0
K08415	0
K08416	0
K08417	0
K08418	0
K08419	0
K08420	0
K08421	0
K08422	0
K08423	0
K08424	0
K08425	0
K08426	0
K08427	0
K08428	0
K08429	0
K08430	0
K08431	0
K08432	0
K08433	0
K08434	0
K08435	0
K08436	0
K08437	0
K08438	0
K08439	0
K08440	0
K08441	0
K08442	0
K08443	0
K08444	0
K08445	0
K08446	0
K08447	0
K08448	0
K08449	0
K08450	0
K08451	0
K08452	0
K08453	0
K08454	0
K08455	1
K08456	0
K08457	0
K08458	0
K08459	0
K08460	0
K08461	0
K08462	0
K08463	0
K08464	0
K08465	0
K08466	33
K08467	0
K08468	0
K08469	0
K08470	0
K08471	0
K08472	0
K08473	0
K08474	0
K08475	2
K08476	2
K08477	0
K08478	3
K08479	0
K08480	0
K08481	28
K08482	95
K08483	2436
K08484	709
K08485	4
K08486	0
K08487	0
K08488	0
K08489	0
K08490	0
K08491	0
K08492	0
K08493	0
K08494	0
K08495	0
K08496	0
K08497	0
K08498	0
K08499	0
K08500	0
K08501	1
K08502	0
K08503	0
K08504	0
K08505	0
K08506	0
K08507	0
K08508	0
K08509	0
K08510	0
K08511	0
K08512	0
K08513	0
K08514	0
K08515	0
K08516	0
K08517	0
K08518	0
K08519	0
K08520	0
K08521	0
K08522	0
K08523	0
K08524	0
K08525	0
K08526	0
K08527	0
K08528	0
K08529	0
K08530	0
K08531	0
K08532	0
K08533	0
K08534	0
K08535	0
K08536	0
K08537	0
K08538	0
K08539	0
K08540	0
K08541	0
K08542	0
K08543	0
K08544	0
K08545	0
K08546	0
K08547	0
K08548	0
K08549	0
K08550	0
K08551	0
K08552	0
K08553	0
K08554	0
K08555	0
K08556	0
K08557	0
K08558	0
K08559	0
K08560	0
K08561	0
K08562	0
K08563	0
K08564	0
K08565	0
K08566	3
K08568	0
K08569	3
K08570	7
K08571	0
K08572	0
K08573	0
K08574	4
K08575	0
K08576	1
K08577	8
K08578	47
K08579	0
K08580	0
K08581	8
K08582	86
K08583	1
K08584	0
K08585	50
K08586	2
K08587	17
K08588	0
K08589	1
K08590	41
K08591	218
K08592	1
K08593	0
K08594	0
K08595	0
K08596	0
K08597	0
K08598	0
K08599	1
K08600	167
K08601	0
K08602	48
K08603	0
K08604	12
K08605	0
K08606	1
K08607	0
K08608	0
K08609	0
K08610	0
K08611	0
K08612	0
K08613	0
K08614	0
K08615	0
K08616	1
K08617	0
K08618	0
K08619	0
K08620	0
K08621	1
K08622	0
K08623	0
K08624	6
K08625	0
K08626	0
K08627	0
K08628	0
K08629	0
K08630	0
K08631	0
K08632	0
K08633	0
K08634	0
K08635	0
K08636	0
K08637	15
K08638	0
K08639	0
K08640	450
K08641	1486
K08642	630
K08643	15
K08644	0
K08645	0
K08646	11
K08647	17
K08648	0
K08649	18
K08650	5
K08651	930
K08652	10
K08653	0
K08654	1
K08655	2
K08656	7
K08657	0
K08658	0
K08659	314
K08660	13
K08661	0
K08662	0
K08663	0
K08664	170
K08665	1
K08666	1
K08667	62
K08668	1
K08669	3
K08670	3
K08671	0
K08672	3
K08673	4
K08674	0
K08675	1
K08676	919
K08677	675
K08678	973
K08679	635
K08680	226
K08681	2990
K08682	3
K08683	1836
K08685	0
K08686	0
K08687	20
K08688	169
K08689	1
K08690	53
K08691	406
K08692	7
K08693	1845
K08694	0
K08695	4
K08696	11
K08697	11
K08698	0
K08699	0
K08700	0
K08701	0
K08702	0
K08703	0
K08704	0
K08705	0
K08706	0
K08707	0
K08709	0
K08710	2
K08711	0
K08712	0
K08713	273
K08714	347
K08715	5
K08716	2
K08717	255
K08718	0
K08719	0
K08720	5
K08721	0
K08722	48
K08723	581
K08724	33
K08725	0
K08726	1355
K08727	2
K08728	65
K08729	0
K08730	0
K08731	0
K08732	0
K08733	0
K08734	0
K08735	1
K08736	1
K08737	1
K08738	80
K08739	25
K08740	0
K08741	0
K08742	0
K08743	98
K08744	3280
K08745	18
K08746	3
K08747	0
K08748	0
K08749	0
K08750	0
K08751	0
K08752	11
K08753	0
K08754	0
K08755	0
K08756	0
K08757	8
K08758	1
K08759	0
K08760	1
K08761	0
K08762	32
K08763	0
K08764	1123
K08765	0
K08766	0
K08767	0
K08768	0
K08769	0
K08770	0
K08771	0
K08772	0
K08773	0
K08774	0
K08775	0
K08776	20
K08777	65
K08778	0
K08779	2
K08780	0
K08781	6
K08782	0
K08783	0
K08784	0
K08785	0
K08786	0
K08787	0
K08788	0
K08789	0
K08790	0
K08791	0
K08793	0
K08794	4
K08795	0
K08796	0
K08797	0
K08798	0
K08799	0
K08800	0
K08801	0
K08802	0
K08803	0
K08804	0
K08805	0
K08806	1
K08807	0
K08808	0
K08809	0
K08810	0
K08811	8
K08812	0
K08813	0
K08814	0
K08815	0
K08816	6
K08817	0
K08818	1
K08819	0
K08820	0
K08821	0
K08822	0
K08823	0
K08824	0
K08825	0
K08826	0
K08827	0
K08828	0
K08829	0
K08830	0
K08831	0
K08832	0
K08833	0
K08834	0
K08835	0
K08836	0
K08837	0
K08838	0
K08840	0
K08841	0
K08842	0
K08843	3
K08844	37
K08845	0
K08846	0
K08847	0
K08848	0
K08849	0
K08850	1
K08851	17
K08852	1
K08853	0
K08854	0
K08855	0
K08856	1
K08857	0
K08858	0
K08859	0
K08860	0
K08861	0
K08862	0
K08863	1
K08864	0
K08865	0
K08866	0
K08867	0
K08868	0
K08869	331
K08870	0
K08871	3
K08872	0
K08873	0
K08874	0
K08875	0
K08876	0
K08877	0
K08878	0
K08879	0
K08880	0
K08881	0
K08882	0
K08883	0
K08884	3170
K08885	0
K08886	0
K08887	0
K08888	0
K08889	0
K08890	0
K08891	0
K08892	0
K08893	0
K08894	0
K08895	0
K08896	0
K08897	0
K08898	0
K08899	0
K08900	230
K08901	0
K08902	0
K08903	0
K08904	0
K08905	0
K08906	3
K08907	3
K08908	0
K08909	1
K08910	2
K08911	0
K08912	5
K08913	0
K08914	2
K08915	0
K08916	2
K08917	0
K08918	0
K08919	0
K08920	0
K08921	0
K08922	0
K08923	0
K08924	0
K08925	0
K08926	2
K08927	2
K08928	2
K08929	2
K08930	0
K08939	0
K08940	0
K08941	0
K08942	1
K08943	0
K08944	0
K08945	0
K08946	0
K08947	0
K08948	0
K08949	0
K08950	0
K08951	0
K08952	10
K08953	1
K08954	0
K08955	16
K08956	15
K08957	0
K08958	0
K08959	0
K08960	0
K08961	6
K08963	948
K08964	325
K08965	12
K08966	7
K08967	331
K08968	310
K08969	139
K08970	408
K08971	0
K08972	2750
K08973	93
K08974	428
K08975	9
K08976	51
K08977	450
K08978	878
K08979	1
K08980	102
K08981	2998
K08982	1161
K08983	4
K08984	208
K08985	1
K08986	1130
K08987	1675
K08988	23
K08989	1009
K08990	91
K08991	0
K08992	1280
K08993	3
K08994	71
K08995	1998
K08996	214
K08997	1109
K08998	2803
K08999	2496
K09000	14
K09001	656
K09002	77
K09003	5
K09004	188
K09005	607
K09006	0
K09007	41
K09008	12
K09009	3040
K09010	0
K09011	4
K09012	2607
K09013	3292
K09014	3265
K09015	3254
K09016	2235
K09017	3164
K09018	224
K09019	1050
K09020	1456
K09021	180
K09022	3003
K09023	119
K09024	271
K09025	0
K09026	0
K09027	2
K09028	0
K09029	0
K09030	0
K09031	0
K09032	0
K09033	0
K09034	0
K09035	0
K09036	0
K09037	0
K09038	0
K09039	0
K09040	0
K09041	0
K09042	0
K09043	3
K09044	0
K09045	0
K09047	0
K09048	0
K09049	0
K09051	0
K09052	0
K09053	0
K09054	1
K09055	0
K09056	0
K09057	0
K09058	0
K09059	0
K09060	0
K09061	0
K09062	0
K09063	0
K09064	0
K09065	75
K09066	0
K09067	0
K09068	0
K09069	0
K09070	0
K09071	0
K09072	0
K09073	0
K09074	0
K09075	0
K09076	0
K09077	0
K09078	0
K09079	0
K09080	0
K09081	0
K09082	0
K09083	0
K09084	0
K09085	0
K09086	0
K09087	0
K09088	0
K09089	0
K09090	0
K09091	0
K09092	0
K09093	0
K09094	0
K09095	1
K09096	0
K09097	0
K09098	0
K09099	0
K09100	0
K09101	0
K09102	0
K09103	5
K09104	0
K09105	0
K09106	0
K09107	0
K09108	0
K09109	0
K09110	0
K09111	0
K09112	0
K09113	0
K09114	0
K09115	0
K09116	6
K09117	2095
K09118	3092
K09119	0
K09120	0
K09121	386
K09122	830
K09123	33
K09124	62
K09125	1178
K09126	0
K09127	9
K09128	75
K09129	139
K09130	0
K09131	732
K09132	18
K09133	98
K09134	2
K09135	0
K09136	735
K09137	944
K09138	454
K09139	0
K09140	0
K09141	39
K09142	0
K09143	181
K09144	675
K09145	631
K09146	1076
K09147	643
K09148	0
K09149	0
K09150	1
K09152	0
K09153	1208
K09154	8
K09155	126
K09156	0
K09157	588
K09158	4
K09159	16
K09160	24
K09161	87
K09162	9
K09163	2
K09164	1470
K09165	1155
K09166	1155
K09167	2623
K09168	0
K09169	0
K09170	0
K09171	0
K09172	0
K09173	2
K09174	0
K09175	0
K09176	0
K09177	0
K09178	0
K09179	0
K09180	0
K09181	1267
K09182	0
K09183	0
K09184	0
K09185	0
K09186	0
K09187	0
K09188	0
K09189	0
K09190	163
K09191	0
K09192	0
K09193	0
K09194	0
K09195	0
K09196	0
K09197	0
K09198	0
K09199	0
K09200	0
K09201	0
K09202	0
K09203	0
K09204	0
K09205	0
K09206	0
K09207	0
K09208	0
K09209	0
K09210	0
K09211	0
K09213	0
K09214	0
K09215	0
K09216	0
K09217	0
K09219	0
K09220	0
K09221	0
K09222	0
K09223	1
K09224	0
K09225	0
K09226	0
K09227	0
K09228	2
K09229	0
K09230	0
K09231	0
K09232	0
K09233	0
K09234	0
K09235	0
K09236	0
K09237	0
K09238	0
K09239	0
K09240	1
K09241	1
K09242	0
K09243	0
K09244	0
K09245	0
K09246	0
K09247	0
K09248	1
K09249	0
K09250	2
K09251	805
K09252	259
K09253	0
K09254	0
K09256	0
K09257	32
K09258	3
K09260	0
K09261	0
K09262	0
K09264	0
K09265	0
K09266	0
K09267	0
K09268	0
K09269	0
K09270	0
K09271	0
K09272	1
K09273	0
K09274	0
K09275	0
K09276	0
K09277	0
K09278	0
K09279	0
K09280	0
K09281	0
K09282	0
K09283	1
K09284	7
K09285	0
K09286	2
K09287	1
K09288	0
K09289	0
K09290	0
K09291	25
K09292	0
K09293	0
K09294	0
K09295	0
K09296	0
K09297	0
K09298	0
K09299	0
K09300	0
K09301	0
K09302	0
K09304	0
K09305	0
K09306	0
K09307	0
K09308	0
K09309	0
K09310	0
K09312	0
K09313	1
K09314	0
K09315	0
K09317	0
K09318	0
K09319	0
K09320	0
K09321	0
K09322	0
K09323	0
K09324	0
K09325	0
K09326	0
K09327	0
K09328	0
K09329	0
K09330	0
K09331	0
K09332	0
K09333	0
K09334	0
K09335	0
K09336	0
K09337	0
K09338	0
K09339	0
K09340	0
K09341	0
K09342	0
K09343	0
K09344	0
K09345	0
K09346	0
K09347	0
K09348	0
K09349	0
K09350	0
K09351	0
K09352	0
K09353	0
K09354	0
K09355	0
K09356	0
K09357	0
K09358	0
K09359	0
K09360	0
K09361	0
K09362	0
K09363	0
K09364	0
K09365	0
K09366	0
K09367	0
K09368	0
K09370	0
K09371	0
K09372	0
K09373	0
K09374	0
K09375	0
K09377	0
K09378	0
K09379	0
K09380	0
K09381	0
K09382	0
K09383	0
K09384	847
K09385	0
K09386	1662
K09387	0
K09388	77
K09389	0
K09390	0
K09391	0
K09392	0
K09393	0
K09395	0
K09396	0
K09397	0
K09398	0
K09399	0
K09400	0
K09401	0
K09402	0
K09403	0
K09404	0
K09405	0
K09406	0
K09407	0
K09408	0
K09409	0
K09410	0
K09411	0
K09412	0
K09413	0
K09414	0
K09415	0
K09416	0
K09417	0
K09419	0
K09420	0
K09421	0
K09422	0
K09423	0
K09424	0
K09425	1
K09426	0
K09427	0
K09428	0
K09429	0
K09430	0
K09431	0
K09432	0
K09433	0
K09434	0
K09435	0
K09436	0
K09437	0
K09438	0
K09439	0
K09440	0
K09441	0
K09442	0
K09443	0
K09444	0
K09445	0
K09446	0
K09447	0
K09448	0
K09451	0
K09452	0
K09453	0
K09454	0
K09455	0
K09456	1834
K09457	66
K09458	2186
K09459	97
K09460	0
K09461	2076
K09462	0
K09463	3
K09464	0
K09465	0
K09466	0
K09467	0
K09468	0
K09469	8
K09470	1284
K09471	2052
K09472	309
K09473	1
K09474	525
K09475	2
K09476	3
K09477	2
K09478	24
K09479	6
K09480	0
K09481	0
K09482	9
K09483	2
K09484	2
K09485	0
K09486	0
K09487	2
K09488	0
K09489	0
K09490	28
K09491	3
K09492	0
K09493	0
K09494	0
K09495	0
K09496	0
K09497	0
K09498	0
K09499	0
K09500	0
K09501	0
K09502	0
K09503	3
K09504	0
K09505	0
K09506	0
K09507	0
K09508	0
K09509	0
K09510	4
K09511	0
K09512	2
K09513	0
K09514	7
K09515	0
K09516	521
K09517	2
K09518	4
K09519	0
K09520	0
K09521	0
K09522	0
K09523	70
K09524	6
K09525	0
K09526	0
K09527	41
K09528	0
K09529	0
K09530	0
K09531	0
K09532	0
K09533	20
K09534	4
K09535	0
K09536	1
K09537	3
K09538	0
K09539	12
K09540	5
K09541	0
K09542	0
K09543	0
K09544	0
K09545	0
K09546	0
K09547	0
K09548	1
K09549	0
K09550	0
K09551	0
K09552	1
K09553	0
K09554	0
K09555	0
K09556	0
K09557	0
K09558	0
K09559	0
K09560	1
K09561	1
K09562	0
K09563	0
K09564	20
K09565	321
K09566	0
K09567	0
K09568	54
K09569	924
K09570	0
K09571	6
K09572	0
K09573	0
K09574	1
K09575	10
K09576	0
K09577	16
K09578	0
K09579	0
K09580	0
K09581	0
K09582	3
K09583	0
K09584	1
K09585	0
K09586	0
K09587	0
K09588	0
K09589	0
K09590	0
K09591	243
K09592	0
K09593	0
K09594	0
K09595	0
K09596	0
K09597	2
K09598	0
K09599	0
K09600	0
K09601	0
K09602	0
K09603	0
K09604	1
K09605	0
K09606	0
K09607	949
K09608	0
K09609	1
K09610	0
K09611	0
K09612	3
K09613	0
K09614	0
K09615	0
K09616	0
K09617	0
K09618	0
K09619	0
K09620	0
K09621	0
K09622	16
K09623	0
K09624	0
K09625	0
K09626	0
K09627	1
K09628	97
K09629	0
K09630	0
K09631	0
K09632	8
K09633	3
K09634	20
K09635	6
K09636	0
K09637	4
K09638	0
K09639	6
K09640	263
K09641	2
K09642	1
K09643	0
K09644	0
K09645	169
K09646	8
K09647	345
K09648	56
K09649	80
K09650	3
K09651	2
K09652	0
K09653	0
K09654	0
K09655	0
K09656	0
K09657	0
K09658	0
K09659	0
K09660	0
K09661	0
K09662	0
K09663	0
K09664	0
K09665	0
K09666	22
K09667	2469
K09668	0
K09669	0
K09670	0
K09671	5
K09672	0
K09673	3
K09674	0
K09675	0
K09676	1
K09677	0
K09678	0
K09679	1
K09680	0
K09681	2861
K09682	1
K09683	11
K09684	2938
K09685	5
K09688	22
K09689	4
K09690	2449
K09691	2482
K09692	1097
K09693	1094
K09694	964
K09695	636
K09696	446
K09697	154
K09698	168
K09699	2517
K09700	81
K09701	832
K09702	882
K09703	395
K09704	197
K09705	1154
K09706	2
K09707	320
K09708	1
K09709	568
K09710	3256
K09711	3
K09712	3
K09713	0
K09714	8
K09715	0
K09716	0
K09717	34
K09718	0
K09719	27
K09720	11
K09721	0
K09722	0
K09723	0
K09724	0
K09725	0
K09726	5
K09727	0
K09728	0
K09729	0
K09730	0
K09731	0
K09732	38
K09733	188
K09735	0
K09736	0
K09737	0
K09738	23
K09739	0
K09740	8
K09741	0
K09742	0
K09743	0
K09744	2
K09745	0
K09746	0
K09747	2113
K09748	2675
K09749	4
K09750	0
K09751	2
K09752	0
K09753	383
K09754	0
K09755	0
K09756	0
K09757	2
K09758	155
K09759	612
K09760	1907
K09761	3117
K09762	3279
K09763	1104
K09764	1688
K09765	156
K09766	6
K09767	2859
K09768	137
K09769	37
K09770	3
K09771	1520
K09772	3285
K09773	412
K09774	17
K09775	2
K09776	1
K09777	3
K09778	11
K09779	17
K09780	2024
K09781	1416
K09782	0
K09783	0
K09784	0
K09785	114
K09786	13
K09787	239
K09788	178
K09789	0
K09790	133
K09791	2148
K09792	102
K09793	1374
K09794	15
K09795	380
K09796	1778
K09797	10
K09798	14
K09799	1130
K09800	18
K09801	4
K09802	3
K09803	147
K09804	0
K09805	1
K09806	9
K09807	1769
K09808	2610
K09809	1303
K09810	1730
K09811	3210
K09812	3194
K09813	1678
K09814	1205
K09815	1224
K09816	1126
K09817	1103
K09818	975
K09819	973
K09820	508
K09821	0
K09822	151
K09823	20
K09824	2
K09825	434
K09826	10
K09827	0
K09828	1186
K09829	20
K09831	0
K09832	0
K09833	2
K09834	256
K09835	15
K09836	1
K09837	0
K09838	30
K09839	0
K09840	6
K09841	0
K09842	0
K09843	0
K09844	129
K09845	97
K09846	7
K09847	233
K09848	0
K09849	0
K09850	0
K09851	0
K09852	0
K09854	0
K09855	0
K09856	0
K09857	4
K09858	2317
K09859	1
K09860	0
K09861	2798
K09862	15
K09863	0
K09864	2
K09865	0
K09866	15
K09867	2
K09868	0
K09869	9
K09870	0
K09871	0
K09872	0
K09873	5
K09874	71
K09875	0
K09876	0
K09877	195
K09878	9
K09879	1070
K09880	332
K09881	0
K09882	1173
K09883	69
K09884	11
K09885	0
K09886	5
K09887	0
K09888	19
K09889	4
K09890	2
K09891	12
K09892	13
K09893	11
K09894	3
K09895	4
K09896	2
K09897	3
K09898	3
K09899	3
K09900	32
K09901	3
K09902	4
K09903	3296
K09904	2
K09905	0
K09906	3
K09907	15
K09908	3
K09909	2
K09910	3
K09911	3
K09912	3
K09913	226
K09914	33
K09915	50
K09916	3
K09917	4
K09918	2
K09919	329
K09920	4
K09921	11
K09922	42
K09923	2
K09924	12
K09925	116
K09926	10
K09927	2471
K09928	8
K09929	13
K09930	911
K09931	1357
K09932	1278
K09933	3
K09934	2
K09935	805
K09936	1033
K09937	13
K09938	5
K09939	268
K09940	1063
K09941	1
K09942	195
K09943	20
K09944	0
K09945	36
K09946	750
K09947	5
K09948	9
K09949	11
K09950	2
K09951	651
K09952	819
K09953	2
K09954	2
K09955	827
K09956	384
K09957	1313
K09958	1163
K09959	1870
K09960	1
K09961	4
K09962	195
K09963	101
K09964	305
K09965	14
K09966	805
K09967	897
K09968	166
K09969	30
K09970	17
K09971	14
K09972	14
K09973	13
K09974	114
K09975	505
K09976	2
K09977	0
K09978	4
K09979	298
K09980	0
K09981	1135
K09982	1
K09983	9
K09984	141
K09985	12
K09986	12
K09987	12
K09988	28
K09989	84
K09990	722
K09991	11
K09992	1187
K09993	0
K09994	1444
K09995	0
K09996	6
K09997	3
K09998	2
K09999	2
K10000	2
K10001	18
K10002	11
K10003	10
K10004	10
K10005	2931
K10006	2479
K10007	2520
K10008	2529
K10009	675
K10010	17
K10011	27
K10012	75
K10013	3
K10014	4
K10015	3
K10016	3
K10017	3
K10018	0
K10019	2
K10020	2
K10021	3
K10022	57
K10023	2
K10024	3
K10025	0
K10026	209
K10027	2526
K10028	0
K10029	0
K10030	0
K10031	0
K10032	0
K10033	3
K10034	0
K10035	0
K10036	1332
K10037	409
K10038	5
K10039	164
K10040	126
K10041	0
K10042	0
K10043	0
K10044	0
K10045	0
K10046	116
K10047	0
K10048	0
K10049	0
K10050	0
K10051	0
K10052	0
K10053	0
K10054	0
K10055	0
K10056	0
K10057	0
K10058	0
K10059	0
K10060	11
K10061	0
K10062	0
K10063	0
K10064	0
K10065	0
K10066	1
K10067	1
K10068	3
K10069	0
K10070	0
K10071	0
K10072	0
K10073	0
K10074	0
K10075	0
K10076	0
K10077	0
K10078	0
K10079	0
K10080	2
K10081	0
K10082	0
K10083	0
K10084	47
K10085	4
K10086	0
K10087	0
K10088	0
K10089	0
K10090	0
K10091	0
K10092	6
K10093	0
K10094	26
K10095	0
K10096	0
K10097	0
K10098	0
K10099	0
K10100	1
K10101	0
K10102	0
K10103	0
K10104	0
K10105	0
K10106	221
K10107	12
K10108	326
K10109	605
K10110	21
K10111	20
K10112	3167
K10117	1579
K10118	1548
K10119	1552
K10120	268
K10121	72
K10122	3
K10123	8
K10124	1
K10125	17
K10126	20
K10127	0
K10128	0
K10129	0
K10130	16
K10131	0
K10132	0
K10133	1997
K10134	0
K10135	1
K10136	1
K10137	0
K10138	0
K10139	0
K10140	0
K10141	0
K10142	0
K10143	0
K10144	121
K10145	0
K10146	0
K10147	0
K10148	0
K10149	0
K10150	0
K10151	0
K10152	0
K10153	0
K10154	0
K10155	0
K10156	247
K10157	0
K10158	0
K10159	31
K10160	65
K10161	0
K10162	0
K10163	0
K10164	0
K10165	94
K10166	0
K10167	0
K10168	9
K10169	1
K10170	1
K10171	0
K10172	0
K10173	0
K10174	0
K10175	0
K10176	0
K10177	0
K10178	0
K10179	0
K10180	0
K10181	0
K10182	0
K10183	0
K10184	0
K10185	0
K10186	0
K10187	693
K10188	995
K10189	204
K10190	188
K10191	4
K10192	4
K10193	0
K10194	1
K10195	1
K10196	0
K10197	0
K10198	0
K10199	0
K10200	773
K10201	765
K10202	804
K10203	0
K10205	0
K10206	34
K10207	0
K10208	25
K10209	1
K10210	395
K10211	78
K10212	22
K10213	75
K10214	1
K10215	1327
K10216	774
K10217	423
K10218	1201
K10219	66
K10220	220
K10221	250
K10222	99
K10223	5
K10224	0
K10225	0
K10226	8
K10227	906
K10228	896
K10229	951
K10231	968
K10232	1363
K10233	1221
K10234	1271
K10235	2
K10236	2157
K10237	1893
K10238	1893
K10240	1305
K10241	1260
K10242	1264
K10244	0
K10245	0
K10246	0
K10247	0
K10248	0
K10249	0
K10250	0
K10251	16
K10252	7
K10253	5
K10254	498
K10255	64
K10256	0
K10257	0
K10258	0
K10259	8
K10260	228
K10261	0
K10262	0
K10263	0
K10264	0
K10265	0
K10266	0
K10267	0
K10268	155
K10269	0
K10270	2
K10271	0
K10272	1
K10273	13
K10274	0
K10275	0
K10276	0
K10277	47
K10278	5
K10279	0
K10280	3
K10281	1
K10282	0
K10283	0
K10284	0
K10285	0
K10287	0
K10288	0
K10289	0
K10290	234
K10291	0
K10292	0
K10293	0
K10294	0
K10295	1
K10296	7
K10297	702
K10298	0
K10299	0
K10300	279
K10301	491
K10302	32
K10303	0
K10304	0
K10305	0
K10306	0
K10307	0
K10308	0
K10310	0
K10311	0
K10312	0
K10313	0
K10314	0
K10315	0
K10316	1
K10317	0
K10318	0
K10319	0
K10320	0
K10321	0
K10323	3
K10324	1
K10325	17
K10326	0
K10327	0
K10328	0
K10329	0
K10330	0
K10331	0
K10332	4
K10333	3
K10334	12
K10335	1
K10336	1
K10337	0
K10338	0
K10339	0
K10340	0
K10341	11
K10342	0
K10343	0
K10344	0
K10345	0
K10347	0
K10348	5
K10349	3
K10350	0
K10351	0
K10352	16
K10353	3
K10354	0
K10355	0
K10356	0
K10357	0
K10358	0
K10359	0
K10360	0
K10361	0
K10362	1
K10363	0
K10364	0
K10365	0
K10366	0
K10367	0
K10368	0
K10369	0
K10370	0
K10371	0
K10372	0
K10373	1
K10374	1
K10375	2
K10376	1
K10377	0
K10378	0
K10379	0
K10380	0
K10381	2
K10382	1
K10383	0
K10384	0
K10385	0
K10386	0
K10387	0
K10388	0
K10389	0
K10390	0
K10391	0
K10392	1
K10393	0
K10394	1
K10395	0
K10396	2
K10397	0
K10398	39
K10399	1
K10400	5
K10401	1
K10402	0
K10403	0
K10404	0
K10405	11
K10406	0
K10407	41
K10408	0
K10409	0
K10410	0
K10411	0
K10412	0
K10413	0
K10414	0
K10415	0
K10416	0
K10417	0
K10418	0
K10419	0
K10420	0
K10421	156
K10422	0
K10423	0
K10424	0
K10425	0
K10426	0
K10427	0
K10428	0
K10429	2
K10430	0
K10431	0
K10432	0
K10433	0
K10434	0
K10435	0
K10436	0
K10437	0
K10438	0
K10439	1918
K10440	1838
K10441	1899
K10442	51
K10443	50
K10444	1
K10445	0
K10446	20
K10447	65
K10448	8
K10449	0
K10450	35
K10451	0
K10452	0
K10453	2
K10454	41
K10455	42
K10456	13
K10457	88
K10458	4
K10459	0
K10460	0
K10461	25
K10462	6
K10463	19
K10464	1
K10465	0
K10466	0
K10467	3
K10468	0
K10469	0
K10470	0
K10471	0
K10472	0
K10473	1
K10474	0
K10475	0
K10476	0
K10477	0
K10478	0
K10479	0
K10480	0
K10481	2
K10482	0
K10483	0
K10484	0
K10485	1
K10486	0
K10487	0
K10488	0
K10489	0
K10490	0
K10491	0
K10492	0
K10493	0
K10494	0
K10495	0
K10496	0
K10497	0
K10498	0
K10499	0
K10500	0
K10501	0
K10502	0
K10503	0
K10504	0
K10505	0
K10506	0
K10507	0
K10508	0
K10509	0
K10510	0
K10511	0
K10512	0
K10513	0
K10514	0
K10515	0
K10516	0
K10517	0
K10518	0
K10519	0
K10520	0
K10521	0
K10522	0
K10523	0
K10524	47
K10525	13
K10526	22
K10527	1
K10528	0
K10529	333
K10530	10
K10531	822
K10532	23
K10533	1025
K10534	13
K10535	24
K10536	1234
K10537	90
K10538	124
K10539	47
K10540	34
K10541	37
K10542	34
K10543	1170
K10544	1140
K10545	1228
K10546	1447
K10547	1351
K10548	1348
K10549	109
K10550	0
K10551	0
K10552	465
K10553	454
K10554	519
K10555	15
K10556	19
K10557	20
K10558	16
K10559	707
K10560	650
K10561	648
K10562	659
K10563	2963
K10564	1
K10565	1
K10566	0
K10567	0
K10568	0
K10569	0
K10570	1
K10571	0
K10572	0
K10573	0
K10574	1
K10575	0
K10576	0
K10577	0
K10578	0
K10579	0
K10580	0
K10581	0
K10582	0
K10583	0
K10584	0
K10585	0
K10586	0
K10587	0
K10588	0
K10589	0
K10590	0
K10591	0
K10592	0
K10593	0
K10594	8
K10595	17
K10596	0
K10597	0
K10598	0
K10599	17
K10600	0
K10601	0
K10602	1
K10603	0
K10604	0
K10605	0
K10606	0
K10607	0
K10608	0
K10609	0
K10610	0
K10611	0
K10612	0
K10613	0
K10614	2
K10615	155
K10616	0
K10617	1
K10618	343
K10619	250
K10620	45
K10621	1260
K10622	21
K10623	0
K10624	0
K10625	0
K10626	0
K10627	0
K10628	0
K10629	1
K10630	0
K10631	0
K10632	498
K10633	0
K10634	0
K10635	0
K10636	0
K10637	0
K10638	101
K10639	0
K10640	0
K10641	10
K10642	0
K10643	1
K10644	0
K10645	1
K10646	0
K10647	0
K10648	0
K10649	0
K10650	0
K10651	0
K10652	0
K10653	0
K10654	0
K10655	0
K10656	0
K10657	0
K10658	0
K10659	0
K10660	0
K10661	0
K10662	0
K10663	0
K10664	0
K10665	0
K10666	0
K10667	21
K10668	0
K10669	0
K10670	3
K10671	3
K10672	10
K10673	233
K10674	1068
K10675	14
K10676	539
K10677	34
K10678	0
K10679	121
K10680	1906
K10681	2
K10682	1
K10683	0
K10684	0
K10685	0
K10686	0
K10687	0
K10688	0
K10689	4
K10691	0
K10692	0
K10693	1
K10694	0
K10695	0
K10696	1
K10697	230
K10698	0
K10699	0
K10700	0
K10701	2
K10702	9
K10703	0
K10704	0
K10705	0
K10706	32
K10707	0
K10708	114
K10709	736
K10710	161
K10711	37
K10712	0
K10713	63
K10714	0
K10715	15
K10716	2540
K10717	0
K10718	32
K10719	0
K10720	0
K10721	0
K10722	0
K10723	0
K10724	0
K10725	24
K10726	0
K10727	0
K10728	0
K10729	0
K10730	3
K10731	0
K10732	0
K10733	0
K10734	0
K10735	0
K10736	0
K10737	0
K10738	0
K10739	0
K10740	0
K10741	0
K10742	2401
K10743	0
K10744	0
K10745	0
K10746	0
K10747	1599
K10748	2
K10749	0
K10750	5
K10751	13
K10752	0
K10753	0
K10754	4
K10755	0
K10756	1
K10757	0
K10758	0
K10759	4
K10760	0
K10761	29
K10762	40
K10763	71
K10764	1028
K10765	0
K10766	0
K10767	0
K10768	0
K10769	0
K10770	18
K10771	1
K10772	3
K10773	2787
K10774	95
K10775	0
K10776	0
K10777	38
K10778	619
K10779	0
K10780	1156
K10781	7
K10782	60
K10784	0
K10785	1
K10786	1
K10787	0
K10788	37
K10789	6
K10790	0
K10791	0
K10793	10
K10794	37
K10795	0
K10796	0
K10797	574
K10798	27
K10799	0
K10800	6
K10801	0
K10802	0
K10803	0
K10804	3174
K10805	3035
K10806	965
K10807	729
K10808	3
K10809	1
K10810	12
K10811	1
K10812	0
K10814	0
K10815	3
K10816	1
K10817	77
K10819	15
K10820	902
K10822	63
K10823	938
K10824	4
K10829	645
K10830	0
K10831	389
K10834	1066
K10837	5
K10838	0
K10839	0
K10840	0
K10841	138
K10842	0
K10843	2667
K10844	9
K10845	0
K10846	0
K10847	0
K10848	148
K10849	0
K10850	31
K10851	35
K10852	0
K10854	12
K10855	8
K10856	87
K10857	44
K10858	5
K10859	677
K10860	974
K10861	0
K10862	0
K10863	0
K10864	0
K10865	0
K10866	32
K10867	13
K10868	0
K10869	0
K10870	0
K10871	3
K10872	0
K10873	7
K10874	0
K10875	30
K10876	0
K10877	4
K10878	0
K10879	0
K10880	0
K10881	0
K10882	0
K10883	0
K10884	2
K10885	0
K10886	0
K10887	0
K10888	0
K10889	0
K10890	0
K10891	2
K10892	0
K10893	0
K10894	1
K10895	0
K10896	0
K10897	0
K10898	0
K10899	16
K10900	15
K10901	5
K10902	0
K10903	0
K10905	0
K10906	182
K10907	806
K10908	0
K10909	2
K10910	0
K10911	4
K10912	6
K10913	4
K10914	2825
K10915	44
K10916	0
K10917	1318
K10918	5
K10919	0
K10920	0
K10921	2
K10922	0
K10923	0
K10924	11
K10925	3
K10926	4
K10927	2
K10928	2
K10929	0
K10930	0
K10931	0
K10932	0
K10933	0
K10934	0
K10935	0
K10936	0
K10937	0
K10938	2
K10939	19
K10940	0
K10941	2
K10942	9
K10943	12
K10944	3
K10945	5
K10946	6
K10947	2902
K10948	14
K10949	0
K10950	0
K10951	0
K10952	0
K10953	9
K10954	85
K10955	8
K10956	0
K10957	0
K10958	0
K10959	4
K10960	2
K10961	1
K10962	0
K10963	0
K10964	0
K10965	0
K10966	0
K10967	0
K10968	0
K10969	0
K10970	0
K10971	0
K10972	5
K10973	0
K10974	1143
K10975	7
K10976	0
K10977	6
K10978	24
K10979	2384
K10980	0
K10981	1
K10982	0
K10983	0
K10984	3
K10985	3
K10986	3
K10988	0
K10989	0
K10990	0
K10991	0
K10992	0
K10993	0
K10994	0
K10995	0
K10996	0
K10997	0
K10998	0
K10999	2
K11000	0
K11001	0
K11002	0
K11003	21
K11004	119
K11005	36
K11006	22
K11007	0
K11008	0
K11009	39
K11010	0
K11011	0
K11012	0
K11013	466
K11014	105
K11015	0
K11016	2
K11017	2
K11018	15
K11019	0
K11020	0
K11021	496
K11022	1201
K11023	71
K11024	0
K11025	0
K11026	0
K11027	0
K11028	0
K11029	0
K11030	185
K11031	35
K11032	0
K11033	4
K11034	23
K11035	0
K11036	0
K11037	0
K11038	0
K11039	0
K11040	0
K11041	72
K11042	0
K11043	0
K11044	128
K11045	53
K11046	0
K11047	0
K11048	0
K11049	22
K11050	91
K11051	83
K11052	0
K11053	9
K11054	0
K11055	36
K11056	0
K11057	0
K11058	0
K11059	0
K11060	50
K11061	0
K11062	240
K11063	96
K11064	0
K11065	1006
K11066	17
K11067	0
K11068	3139
K11069	1268
K11070	1272
K11071	1300
K11072	1179
K11073	16
K11074	21
K11075	14
K11076	32
K11077	219
K11078	76
K11079	135
K11080	5
K11081	444
K11082	422
K11083	432
K11084	451
K11085	672
K11086	0
K11087	0
K11088	0
K11089	464
K11090	0
K11091	0
K11092	0
K11093	0
K11094	0
K11095	0
K11096	0
K11097	0
K11098	0
K11099	0
K11100	0
K11101	0
K11102	72
K11103	1885
K11104	10
K11105	1564
K11106	7
K11107	17
K11108	0
K11109	0
K11110	0
K11111	0
K11112	0
K11113	0
K11114	0
K11115	0
K11116	0
K11117	0
K11118	0
K11119	0
K11120	0
K11121	5
K11122	0
K11123	0
K11124	0
K11125	0
K11126	0
K11127	751
K11128	0
K11129	0
K11130	0
K11131	0
K11132	0
K11133	0
K11134	0
K11135	0
K11136	0
K11137	0
K11138	0
K11139	0
K11140	4
K11141	0
K11142	5
K11143	0
K11144	43
K11145	4
K11146	0
K11147	135
K11148	0
K11149	0
K11150	482
K11151	0
K11152	52
K11153	2395
K11154	10
K11155	1
K11156	0
K11157	0
K11158	0
K11159	592
K11160	2
K11161	259
K11162	767
K11163	1333
K11164	0
K11165	23
K11166	139
K11167	0
K11168	363
K11169	13
K11170	22
K11171	11
K11172	6
K11173	323
K11175	3006
K11176	74
K11177	1114
K11178	1112
K11179	3
K11180	11
K11181	12
K11182	0
K11183	7
K11184	1
K11185	0
K11186	0
K11187	0
K11188	4
K11192	0
K11194	4
K11195	0
K11196	21
K11200	1
K11201	7
K11202	2
K11203	2
K11204	0
K11205	0
K11206	2603
K11207	0
K11208	15
K11209	38
K11210	5
K11211	390
K11212	2595
K11213	0
K11214	0
K11215	0
K11216	63
K11217	1
K11218	0
K11219	0
K11220	0
K11221	0
K11222	0
K11223	0
K11224	0
K11225	0
K11226	0
K11227	0
K11228	0
K11229	0
K11230	0
K11231	3
K11232	0
K11233	0
K11234	0
K11235	0
K11236	0
K11237	0
K11238	5
K11239	0
K11240	0
K11241	0
K11242	0
K11243	0
K11244	77
K11245	0
K11246	0
K11247	0
K11248	0
K11249	52
K11250	550
K11251	1
K11252	3
K11253	0
K11254	0
K11255	0
K11256	0
K11257	0
K11258	19
K11259	11
K11260	21
K11261	16
K11262	458
K11263	3084
K11264	4
K11265	638
K11266	0
K11267	1
K11268	4
K11269	8
K11270	0
K11271	0
K11272	4
K11273	0
K11274	28
K11275	0
K11276	0
K11277	0
K11278	0
K11279	0
K11280	0
K11281	0
K11282	0
K11283	0
K11284	0
K11285	0
K11286	0
K11287	1
K11288	0
K11289	0
K11290	0
K11291	0
K11292	1
K11293	2
K11294	3
K11295	1
K11296	0
K11297	0
K11298	0
K11299	0
K11300	0
K11301	0
K11302	0
K11303	0
K11304	0
K11305	0
K11306	0
K11307	0
K11308	0
K11309	0
K11310	0
K11311	121
K11312	9
K11313	0
K11314	0
K11315	0
K11316	0
K11317	0
K11318	0
K11319	0
K11320	0
K11321	0
K11322	0
K11323	4
K11324	0
K11325	908
K11326	7
K11327	1
K11328	2
K11329	16
K11330	1
K11331	0
K11332	1
K11333	2
K11334	2
K11335	2
K11336	2
K11337	380
K11338	0
K11339	0
K11340	0
K11341	0
K11342	0
K11343	0
K11344	1
K11345	0
K11346	0
K11347	0
K11348	0
K11349	0
K11350	0
K11351	0
K11352	12
K11353	0
K11354	1175
K11355	926
K11356	33
K11357	202
K11358	311
K11359	1
K11360	0
K11361	1
K11362	0
K11363	0
K11364	0
K11365	0
K11366	0
K11367	0
K11368	0
K11369	0
K11370	0
K11371	0
K11372	0
K11373	0
K11374	9
K11375	1
K11376	0
K11377	1
K11378	0
K11379	0
K11380	0
K11381	684
K11382	5
K11383	1177
K11384	14
K11385	621
K11386	802
K11387	1090
K11389	0
K11390	0
K11391	507
K11392	3
K11393	1
K11394	0
K11395	0
K11396	0
K11397	0
K11398	0
K11399	0
K11400	0
K11401	0
K11402	0
K11403	0
K11404	0
K11405	1
K11406	1
K11407	255
K11408	2
K11409	0
K11410	2264
K11411	0
K11412	0
K11413	2
K11414	2355
K11415	0
K11416	6
K11417	0
K11418	7
K11419	0
K11420	0
K11421	0
K11422	0
K11423	0
K11424	0
K11425	0
K11426	1
K11427	3
K11428	0
K11429	0
K11430	0
K11431	12
K11432	0
K11433	0
K11434	24
K11435	0
K11436	0
K11437	0
K11438	3
K11439	0
K11440	21
K11441	55
K11442	0
K11443	106
K11444	27
K11445	0
K11446	0
K11447	0
K11448	0
K11449	0
K11450	10
K11451	0
K11452	0
K11453	0
K11454	0
K11455	0
K11456	2
K11457	0
K11458	0
K11459	0
K11460	0
K11461	0
K11462	2
K11463	0
K11464	0
K11465	0
K11466	0
K11467	0
K11468	0
K11469	0
K11470	0
K11471	0
K11472	372
K11473	267
K11474	10
K11475	1513
K11476	1196
K11477	1218
K11478	0
K11479	1
K11480	0
K11481	0
K11482	0
K11483	0
K11484	0
K11485	0
K11486	0
K11487	0
K11488	0
K11489	0
K11490	0
K11491	0
K11492	0
K11493	449
K11494	91
K11495	0
K11496	0
K11497	0
K11498	0
K11499	5
K11500	0
K11501	0
K11502	0
K11503	0
K11504	0
K11505	0
K11506	0
K11507	0
K11508	0
K11509	0
K11510	0
K11511	0
K11512	0
K11513	0
K11514	0
K11515	1
K11516	0
K11517	52
K11518	0
K11519	0
K11520	6
K11521	25
K11522	0
K11523	27
K11524	0
K11525	29
K11526	0
K11527	394
K11528	13
K11529	27
K11530	2425
K11531	38
K11532	14
K11533	1829
K11534	5
K11535	33
K11536	0
K11537	49
K11538	1200
K11539	3
K11540	1
K11541	1
K11542	1
K11543	0
K11544	0
K11545	0
K11546	1
K11547	5
K11548	5
K11549	0
K11550	0
K11551	0
K11552	0
K11553	0
K11554	0
K11555	0
K11556	0
K11557	0
K11558	1
K11559	5
K11560	1
K11561	0
K11562	6
K11563	0
K11564	0
K11565	0
K11566	0
K11567	0
K11568	0
K11569	0
K11570	0
K11571	0
K11572	0
K11573	0
K11574	0
K11575	0
K11576	0
K11577	0
K11578	0
K11579	0
K11580	0
K11581	0
K11582	0
K11583	0
K11584	0
K11585	0
K11586	0
K11587	1
K11588	0
K11589	0
K11590	0
K11591	0
K11592	4
K11593	0
K11594	0
K11595	0
K11597	0
K11598	0
K11599	0
K11600	1
K11601	595
K11602	590
K11603	588
K11604	5
K11605	5
K11606	4
K11607	7
K11608	2292
K11609	1173
K11610	2641
K11611	1961
K11614	8
K11615	5
K11616	85
K11617	871
K11618	2889
K11619	8
K11620	1
K11621	1810
K11622	421
K11623	67
K11624	82
K11625	743
K11626	671
K11627	0
K11628	246
K11629	0
K11630	0
K11631	160
K11632	893
K11633	7
K11634	6
K11635	9
K11636	57
K11637	4
K11638	9
K11639	3
K11640	20
K11641	2
K11642	0
K11643	0
K11644	0
K11645	111
K11646	1
K11647	2
K11648	0
K11649	0
K11650	0
K11651	0
K11652	0
K11653	0
K11654	2061
K11655	0
K11656	0
K11657	0
K11658	0
K11659	0
K11660	0
K11661	11
K11662	0
K11663	0
K11664	0
K11665	4
K11666	0
K11667	0
K11668	0
K11669	0
K11670	0
K11671	0
K11672	1
K11673	0
K11674	0
K11675	0
K11676	0
K11677	0
K11678	0
K11679	0
K11680	0
K11682	0
K11683	0
K11684	1
K11685	3
K11686	29
K11687	1270
K11688	20
K11689	122
K11690	357
K11691	7
K11692	67
K11693	11
K11694	0
K11695	0
K11696	0
K11697	0
K11698	0
K11699	0
K11700	0
K11701	26
K11702	1
K11703	23
K11704	0
K11705	0
K11706	0
K11707	193
K11708	186
K11709	185
K11710	197
K11711	491
K11712	5
K11713	2
K11714	3
K11715	0
K11716	0
K11717	3170
K11718	0
K11719	16
K11720	55
K11721	0
K11722	0
K11723	0
K11724	0
K11725	192
K11726	0
K11727	34
K11728	0
K11729	1650
K11730	1823
K11731	371
K11732	55
K11733	380
K11734	42
K11735	1360
K11736	14
K11737	690
K11738	1687
K11739	11
K11740	12
K11741	2161
K11742	10
K11743	6
K11744	721
K11745	13
K11746	107
K11747	93
K11748	186
K11749	3101
K11750	481
K11751	500
K11752	2880
K11753	3268
K11754	3290
K11755	49
K11756	0
K11757	0
K11758	0
K11759	0
K11760	0
K11761	0
K11762	0
K11763	0
K11764	0
K11765	0
K11766	0
K11767	0
K11768	0
K11769	0
K11770	0
K11771	0
K11772	0
K11773	0
K11774	0
K11775	0
K11776	0
K11777	0
K11778	0
K11779	1857
K11780	0
K11781	0
K11782	630
K11783	619
K11784	636
K11785	638
K11786	2
K11787	1
K11788	27
K11789	0
K11790	2
K11791	0
K11792	0
K11793	0
K11794	0
K11795	0
K11796	0
K11797	0
K11798	4
K11799	0
K11800	0
K11801	1
K11802	0
K11803	0
K11804	0
K11805	0
K11806	2
K11807	0
K11808	41
K11809	1
K11810	83
K11811	6
K11812	0
K11813	0
K11814	18
K11815	18
K11816	12
K11817	0
K11818	0
K11819	0
K11820	0
K11821	0
K11822	5
K11823	0
K11824	0
K11825	0
K11826	0
K11827	0
K11828	0
K11829	0
K11830	0
K11831	0
K11832	0
K11833	0
K11834	1
K11835	0
K11836	14
K11837	0
K11838	0
K11839	0
K11840	0
K11841	0
K11842	0
K11843	0
K11844	847
K11845	1
K11846	0
K11847	0
K11848	0
K11849	0
K11850	0
K11851	0
K11852	0
K11853	0
K11854	0
K11855	0
K11856	0
K11857	0
K11858	0
K11859	3
K11860	0
K11861	0
K11862	0
K11863	0
K11864	0
K11865	0
K11866	0
K11867	0
K11868	0
K11869	0
K11870	0
K11871	0
K11872	0
K11873	1
K11874	0
K11875	0
K11876	0
K11877	0
K11878	0
K11879	0
K11880	0
K11881	0
K11882	0
K11883	0
K11884	1
K11885	0
K11886	0
K11887	1
K11888	0
K11889	35
K11890	4
K11891	22
K11892	6
K11893	5
K11894	915
K11895	5
K11896	11
K11897	4
K11898	5
K11899	0
K11900	5
K11901	5
K11902	4
K11903	63
K11904	335
K11905	3
K11906	4
K11907	8
K11908	0
K11909	5
K11910	3
K11911	3
K11912	45
K11913	827
K11914	0
K11915	40
K11916	28
K11917	0
K11918	0
K11919	0
K11920	5
K11921	1720
K11922	3
K11923	48
K11924	23
K11925	4
K11926	2
K11927	2977
K11928	876
K11929	2
K11930	15
K11931	642
K11932	28
K11933	30
K11934	3
K11935	45
K11936	2245
K11937	0
K11938	4
K11939	2262
K11940	23
K11941	116
K11942	422
K11943	74
K11944	71
K11945	220
K11946	12
K11947	245
K11948	165
K11949	32
K11950	0
K11951	0
K11952	0
K11953	1
K11954	343
K11955	33
K11956	42
K11957	0
K11958	59
K11959	822
K11960	568
K11961	580
K11962	576
K11963	385
K11964	0
K11967	0
K11968	0
K11969	0
K11970	0
K11971	0
K11972	0
K11973	0
K11974	0
K11975	0
K11976	0
K11977	0
K11978	0
K11979	0
K11980	0
K11981	0
K11982	0
K11983	0
K11984	1
K11985	4
K11986	0
K11987	39
K11988	12
K11989	82
K11990	138
K11991	3272
K11992	6
K11993	11
K11994	4
K11995	32
K11996	24
K11997	329
K11998	0
K11999	0
K12000	0
K12001	0
K12002	0
K12003	0
K12004	0
K12005	0
K12006	0
K12007	0
K12008	4
K12009	0
K12010	1
K12011	0
K12012	0
K12013	0
K12014	0
K12015	0
K12016	0
K12017	0
K12018	0
K12019	0
K12020	0
K12021	63
K12022	0
K12023	0
K12024	0
K12025	0
K12026	13
K12027	0
K12028	0
K12029	0
K12030	0
K12031	0
K12032	0
K12033	0
K12034	0
K12035	570
K12036	0
K12037	0
K12038	0
K12039	0
K12040	0
K12041	0
K12042	4
K12043	0
K12044	0
K12045	0
K12046	0
K12047	4
K12048	0
K12049	0
K12050	0
K12051	0
K12052	0
K12053	1
K12054	7
K12055	13
K12056	1
K12057	7
K12058	5
K12059	1
K12060	1
K12061	1
K12062	11
K12063	1834
K12064	1
K12065	29
K12066	1
K12067	1
K12068	1
K12069	11
K12070	1
K12071	157
K12072	1
K12073	0
K12074	0
K12075	0
K12076	0
K12077	0
K12078	0
K12079	0
K12080	0
K12081	0
K12082	0
K12083	1
K12084	0
K12085	0
K12086	0
K12087	0
K12088	0
K12089	0
K12090	0
K12091	0
K12092	0
K12093	0
K12094	0
K12095	0
K12096	0
K12097	0
K12098	0
K12099	0
K12100	0
K12101	0
K12102	0
K12103	0
K12104	0
K12105	0
K12106	0
K12107	0
K12108	0
K12109	0
K12110	9
K12111	1093
K12112	46
K12113	98
K12114	0
K12115	0
K12116	0
K12117	0
K12118	1
K12119	5
K12120	0
K12121	0
K12122	0
K12123	0
K12124	0
K12125	0
K12126	0
K12127	0
K12128	0
K12129	0
K12130	0
K12131	0
K12132	3269
K12133	0
K12134	0
K12135	0
K12136	77
K12137	464
K12138	391
K12139	37
K12140	407
K12141	411
K12142	68
K12143	92
K12144	7
K12145	2
K12146	1
K12147	2
K12148	2
K12149	2
K12150	0
K12151	3
K12152	151
K12153	0
K12154	0
K12155	0
K12156	0
K12157	0
K12158	1
K12159	6
K12160	1
K12161	0
K12162	0
K12163	0
K12164	4
K12165	0
K12166	0
K12167	0
K12168	0
K12169	0
K12170	0
K12171	0
K12172	0
K12173	0
K12174	0
K12175	0
K12176	0
K12177	0
K12178	0
K12179	0
K12180	0
K12181	0
K12182	0
K12183	2
K12184	0
K12185	0
K12186	0
K12187	0
K12188	1
K12189	0
K12190	0
K12191	0
K12192	0
K12193	0
K12194	0
K12195	0
K12196	11
K12197	0
K12198	1
K12199	0
K12200	0
K12201	0
K12202	1
K12203	2
K12204	1
K12205	1
K12206	43
K12207	0
K12208	0
K12209	4
K12210	0
K12211	11
K12212	160
K12213	2
K12214	1
K12215	0
K12216	0
K12217	50
K12218	1
K12219	0
K12220	0
K12221	0
K12222	1
K12223	0
K12224	1
K12225	0
K12226	0
K12227	0
K12228	2
K12229	0
K12230	0
K12231	22
K12232	0
K12233	0
K12234	346
K12235	3
K12236	1
K12237	1
K12238	4
K12239	151
K12240	544
K12241	247
K12242	1610
K12243	107
K12244	23
K12245	0
K12246	0
K12247	3
K12248	0
K12249	1
K12250	411
K12251	1168
K12252	58
K12253	374
K12254	87
K12255	427
K12256	1927
K12257	543
K12258	0
K12259	117
K12260	1
K12261	0
K12262	386
K12263	19
K12264	230
K12265	2
K12266	14
K12267	685
K12268	2
K12269	108
K12270	1
K12271	4
K12272	1
K12273	0
K12274	0
K12275	0
K12276	3
K12277	0
K12278	12
K12279	0
K12280	6
K12281	0
K12282	0
K12283	86
K12284	698
K12285	28
K12286	31
K12287	92
K12288	2
K12289	4
K12290	2
K12291	2
K12292	2
K12293	2
K12294	0
K12295	0
K12296	0
K12297	163
K12298	0
K12299	0
K12300	0
K12301	0
K12302	0
K12303	0
K12304	0
K12305	0
K12306	54
K12307	2
K12308	1277
K12309	967
K12310	0
K12311	0
K12312	0
K12313	0
K12314	0
K12315	0
K12316	2
K12317	19
K12318	5
K12319	120
K12320	0
K12321	0
K12322	3
K12323	0
K12324	7
K12325	0
K12326	0
K12327	2
K12328	0
K12329	0
K12330	0
K12331	0
K12332	0
K12333	0
K12334	0
K12335	0
K12336	0
K12337	0
K12338	0
K12339	22
K12340	17
K12341	4
K12342	1
K12343	381
K12344	0
K12345	0
K12346	0
K12347	0
K12348	0
K12349	667
K12350	0
K12351	298
K12352	0
K12353	0
K12354	4
K12355	2
K12356	0
K12357	0
K12358	0
K12359	0
K12360	0
K12361	1
K12362	0
K12363	0
K12364	0
K12365	0
K12366	0
K12367	0
K12368	559
K12369	999
K12370	292
K12371	14
K12372	64
K12373	1386
K12374	0
K12375	4
K12376	0
K12377	5
K12378	0
K12379	0
K12380	0
K12381	0
K12382	4
K12383	0
K12384	0
K12385	0
K12386	0
K12387	0
K12388	5
K12389	0
K12390	0
K12391	0
K12392	0
K12393	0
K12394	0
K12395	0
K12396	0
K12397	0
K12398	0
K12399	0
K12400	0
K12401	0
K12402	0
K12403	0
K12404	0
K12405	1438
K12406	2
K12407	0
K12408	0
K12409	1
K12410	2114
K12411	0
K12412	0
K12413	0
K12414	0
K12415	0
K12416	0
K12417	15
K12418	140
K12419	0
K12420	458
K12421	788
K12422	196
K12423	417
K12424	210
K12425	12
K12426	736
K12427	400
K12428	994
K12429	998
K12430	482
K12431	235
K12432	155
K12433	523
K12434	756
K12435	451
K12436	516
K12437	1035
K12439	73
K12440	241
K12441	255
K12442	200
K12443	673
K12444	769
K12445	1833
K12446	0
K12447	0
K12448	829
K12449	1
K12450	0
K12451	0
K12452	95
K12453	20
K12454	75
K12455	4
K12456	0
K12457	0
K12458	1
K12459	0
K12460	157
K12461	0
K12462	14
K12463	0
K12464	0
K12465	0
K12466	928
K12467	0
K12469	0
K12470	0
K12471	0
K12472	9
K12473	2
K12474	0
K12475	0
K12476	0
K12477	0
K12478	47
K12479	0
K12480	0
K12481	0
K12482	0
K12483	0
K12484	0
K12485	0
K12486	0
K12487	0
K12488	0
K12489	1
K12490	0
K12491	0
K12492	0
K12493	1
K12494	0
K12495	0
K12496	0
K12497	0
K12498	0
K12499	0
K12500	956
K12501	0
K12502	6
K12503	2939
K12504	0
K12505	0
K12506	2166
K12507	919
K12508	36
K12509	0
K12510	3231
K12511	2622
K12512	9
K12513	249
K12514	0
K12515	187
K12516	2
K12517	0
K12518	2
K12519	2
K12520	0
K12521	2
K12522	0
K12523	0
K12524	10
K12525	2
K12526	12
K12527	71
K12528	908
K12529	63
K12530	1
K12531	0
K12532	0
K12536	26
K12537	16
K12538	2
K12541	60
K12542	6
K12543	5
K12544	0
K12545	0
K12546	0
K12547	228
K12548	133
K12549	6
K12550	0
K12551	0
K12552	1
K12553	0
K12554	142
K12555	3
K12556	0
K12557	1
K12558	0
K12559	0
K12560	13
K12561	0
K12562	1
K12563	0
K12564	0
K12565	0
K12566	0
K12567	42
K12568	0
K12569	0
K12570	466
K12571	0
K12572	0
K12573	1662
K12574	3300
K12575	18
K12576	0
K12577	0
K12578	0
K12579	0
K12580	0
K12581	0
K12582	9
K12583	2241
K12584	0
K12585	0
K12586	0
K12587	0
K12589	0
K12590	0
K12591	0
K12592	0
K12593	0
K12594	0
K12595	0
K12596	0
K12597	0
K12598	6
K12599	12
K12600	30
K12601	5
K12602	162
K12603	0
K12604	193
K12605	0
K12606	0
K12607	1
K12608	0
K12609	0
K12610	0
K12611	0
K12612	0
K12613	1
K12614	0
K12615	0
K12616	0
K12617	0
K12618	0
K12619	0
K12620	0
K12621	0
K12622	0
K12623	0
K12624	0
K12625	0
K12626	0
K12627	0
K12628	12
K12629	152
K12630	17
K12631	3
K12632	1599
K12633	139
K12634	12
K12635	11
K12636	14
K12637	0
K12638	0
K12639	0
K12640	0
K12641	27
K12642	0
K12643	0
K12644	0
K12645	209
K12646	1
K12647	0
K12648	0
K12649	1
K12650	0
K12651	0
K12652	0
K12653	0
K12654	0
K12655	0
K12656	0
K12657	6
K12658	7
K12659	2
K12660	24
K12661	114
K12662	91
K12663	893
K12664	1
K12665	0
K12666	0
K12667	0
K12668	0
K12669	1
K12670	0
K12671	0
K12672	0
K12673	30
K12674	32
K12675	44
K12676	32
K12677	590
K12678	6
K12679	1
K12681	0
K12682	0
K12683	0
K12684	0
K12685	191
K12686	147
K12687	4
K12688	3
K12689	0
K12690	2
K12691	0
K12692	0
K12693	0
K12694	0
K12695	0
K12696	0
K12697	0
K12698	0
K12699	0
K12700	27
K12701	137
K12702	178
K12703	4
K12704	3
K12705	2
K12706	1691
K12707	11
K12708	598
K12709	107
K12710	577
K12711	329
K12712	254
K12713	25
K12714	6
K12719	43
K12720	9
K12721	21
K12722	22
K12723	134
K12724	642
K12729	0
K12730	0
K12731	0
K12732	0
K12733	0
K12734	0
K12735	0
K12736	316
K12737	0
K12738	0
K12739	0
K12740	1
K12741	0
K12742	0
K12743	46
K12744	6
K12745	6
K12747	0
K12748	0
K12749	0
K12750	0
K12751	0
K12753	0
K12754	0
K12755	1
K12756	0
K12757	0
K12758	0
K12760	0
K12761	1
K12762	0
K12763	0
K12764	0
K12765	0
K12766	0
K12767	2
K12768	0
K12769	0
K12770	0
K12771	0
K12772	0
K12773	0
K12774	0
K12775	4
K12776	1
K12777	0
K12778	0
K12779	0
K12780	0
K12781	0
K12782	0
K12783	0
K12784	0
K12785	0
K12786	0
K12787	0
K12788	0
K12789	0
K12790	1
K12791	0
K12792	0
K12793	0
K12794	0
K12795	0
K12796	22
K12797	0
K12798	0
K12799	1
K12800	9
K12801	0
K12802	0
K12803	0
K12804	0
K12805	312
K12806	0
K12807	0
K12809	0
K12810	0
K12811	1
K12812	0
K12813	0
K12814	0
K12815	0
K12816	0
K12817	0
K12818	1
K12819	0
K12820	0
K12821	0
K12822	0
K12823	5
K12824	0
K12825	0
K12826	0
K12827	0
K12828	0
K12829	0
K12830	1
K12831	0
K12832	0
K12833	0
K12834	0
K12835	0
K12836	0
K12837	0
K12838	0
K12839	2
K12840	0
K12841	0
K12842	0
K12843	0
K12844	0
K12845	0
K12846	0
K12847	1
K12848	0
K12849	0
K12850	0
K12851	0
K12852	0
K12853	1
K12854	288
K12855	143
K12856	0
K12857	8
K12858	0
K12859	0
K12860	0
K12861	0
K12862	6
K12863	0
K12864	0
K12865	0
K12866	0
K12867	0
K12868	1
K12869	0
K12870	1
K12871	0
K12872	0
K12873	0
K12874	0
K12875	0
K12876	0
K12877	0
K12878	0
K12879	0
K12880	55
K12881	0
K12882	0
K12883	0
K12884	0
K12885	0
K12886	0
K12887	0
K12888	0
K12889	0
K12890	0
K12891	0
K12892	0
K12893	0
K12894	0
K12895	0
K12896	0
K12897	1
K12898	0
K12899	0
K12900	0
K12901	2
K12902	0
K12903	1
K12904	31
K12905	17
K12906	31
K12907	11
K12908	8
K12909	31
K12910	1
K12911	1
K12912	3
K12913	1
K12914	15
K12915	4
K12917	0
K12918	0
K12919	0
K12920	0
K12921	0
K12922	0
K12923	0
K12924	0
K12925	0
K12926	0
K12927	0
K12928	0
K12929	0
K12930	0
K12931	0
K12932	0
K12933	0
K12934	0
K12935	0
K12936	0
K12937	0
K12938	0
K12939	0
K12940	52
K12941	111
K12942	537
K12943	835
K12944	499
K12945	568
K12946	0
K12947	0
K12948	0
K12949	489
K12950	636
K12951	0
K12952	2265
K12953	477
K12954	887
K12955	899
K12956	222
K12957	47
K12958	0
K12959	0
K12960	2619
K12961	12
K12962	117
K12963	3
K12964	0
K12965	0
K12966	0
K12967	0
K12968	0
K12969	0
K12970	0
K12971	0
K12972	2343
K12973	3
K12974	3
K12975	3
K12976	4
K12977	2
K12978	68
K12979	6
K12980	0
K12981	3
K12982	4
K12983	0
K12984	389
K12985	0
K12986	9
K12987	303
K12988	126
K12989	13
K12990	240
K12991	67
K12992	111
K12993	0
K12994	8
K12995	0
K12996	444
K12997	130
K12998	122
K12999	36
K13000	0
K13001	8
K13002	12
K13003	1
K13004	0
K13005	22
K13006	62
K13007	228
K13008	0
K13009	0
K13010	1582
K13011	51
K13012	70
K13013	4
K13014	3
K13015	997
K13016	0
K13017	355
K13018	1140
K13019	325
K13020	1490
K13021	801
K13022	0
K13023	36
K13024	1
K13025	1
K13026	0
K13027	0
K13028	200
K13029	0
K13030	0
K13031	0
K13032	0
K13033	2
K13034	19
K13035	17
K13037	285
K13038	3187
K13039	129
K13040	21
K13041	1
K13042	1
K13043	0
K13044	0
K13045	0
K13046	0
K13047	7
K13048	6
K13049	2399
K13050	0
K13051	162
K13052	1160
K13053	3
K13054	0
K13055	0
K13056	0
K13057	92
K13058	0
K13059	89
K13060	4
K13061	15
K13062	0
K13063	1018
K13064	0
K13065	103
K13066	0
K13067	0
K13068	0
K13069	269
K13070	0
K13071	0
K13072	0
K13073	0
K13074	362
K13075	1945
K13076	1
K13077	0
K13078	0
K13079	0
K13080	0
K13081	0
K13082	4
K13083	0
K13084	0
K13085	0
K13086	6
K13087	0
K13088	0
K13089	0
K13090	0
K13091	0
K13092	0
K13093	1
K13094	0
K13095	0
K13096	0
K13097	0
K13098	0
K13099	0
K13100	1
K13101	0
K13102	0
K13103	5
K13104	0
K13105	0
K13106	0
K13107	0
K13108	0
K13109	0
K13110	0
K13111	1
K13112	0
K13113	0
K13114	0
K13115	0
K13116	3
K13117	2
K13118	0
K13119	0
K13120	0
K13121	0
K13122	12
K13123	0
K13124	3
K13125	0
K13126	1
K13127	0
K13128	0
K13129	0
K13130	0
K13131	2
K13132	0
K13133	4
K13134	0
K13135	0
K13136	0
K13137	21
K13138	0
K13139	0
K13140	0
K13141	4
K13142	0
K13143	1
K13144	0
K13145	0
K13146	0
K13147	0
K13148	0
K13149	0
K13150	0
K13151	0
K13152	0
K13153	0
K13154	0
K13155	0
K13156	0
K13157	0
K13158	0
K13159	0
K13160	0
K13161	0
K13162	0
K13163	0
K13164	0
K13165	8
K13166	0
K13167	0
K13168	0
K13169	0
K13170	0
K13171	4
K13172	0
K13173	0
K13174	0
K13175	0
K13176	0
K13177	0
K13178	0
K13179	0
K13180	0
K13181	2
K13182	0
K13183	0
K13184	0
K13185	0
K13186	0
K13187	0
K13188	0
K13189	0
K13190	0
K13191	0
K13192	0
K13193	0
K13194	4
K13195	20
K13196	0
K13197	0
K13198	0
K13199	0
K13200	0
K13201	0
K13202	0
K13203	0
K13204	0
K13205	0
K13206	0
K13207	0
K13208	0
K13209	0
K13210	0
K13211	0
K13212	0
K13213	0
K13214	0
K13215	0
K13216	0
K13217	1
K13218	0
K13219	0
K13220	0
K13221	7
K13222	0
K13223	0
K13224	0
K13225	0
K13226	0
K13227	0
K13229	0
K13230	0
K13231	0
K13232	0
K13233	1
K13234	0
K13235	0
K13236	103
K13237	117
K13238	109
K13239	13
K13240	0
K13241	0
K13242	0
K13243	14
K13244	0
K13245	3
K13246	1
K13247	19
K13248	0
K13249	0
K13250	0
K13251	0
K13252	82
K13254	0
K13255	1365
K13256	64
K13257	0
K13258	0
K13259	0
K13260	0
K13261	0
K13262	0
K13263	0
K13264	0
K13265	0
K13266	28
K13267	0
K13269	0
K13270	0
K13271	0
K13272	0
K13273	0
K13274	29
K13275	24
K13276	451
K13277	137
K13278	54
K13279	0
K13280	958
K13281	23
K13282	700
K13283	2268
K13284	0
K13285	17
K13286	0
K13287	0
K13288	3103
K13289	1
K13290	28
K13291	0
K13292	3288
K13293	0
K13294	0
K13295	0
K13296	0
K13297	3
K13298	4
K13299	0
K13300	1
K13301	2
K13302	0
K13303	3
K13304	0
K13305	0
K13306	1
K13307	116
K13308	77
K13309	31
K13310	86
K13311	498
K13312	177
K13313	30
K13315	984
K13316	156
K13317	108
K13318	90
K13319	59
K13320	21
K13322	10
K13326	29
K13327	349
K13328	167
K13329	51
K13330	24
K13332	6
K13333	1
K13334	0
K13335	0
K13336	0
K13337	0
K13338	15
K13339	14
K13340	0
K13341	0
K13342	1
K13343	1
K13344	3
K13345	0
K13346	0
K13347	0
K13348	0
K13349	0
K13350	0
K13351	0
K13352	0
K13353	0
K13354	0
K13355	2241
K13356	242
K13357	8
K13358	7
K13359	0
K13360	0
K13361	0
K13362	0
K13363	0
K13364	0
K13365	0
K13366	18
K13367	2
K13368	20
K13369	8
K13370	31
K13371	0
K13372	0
K13373	0
K13374	0
K13375	0
K13376	0
K13377	0
K13378	3
K13379	16
K13380	0
K13381	947
K13382	0
K13383	3
K13384	6
K13385	0
K13386	0
K13387	0
K13389	0
K13390	0
K13391	0
K13392	0
K13393	0
K13394	0
K13395	0
K13396	0
K13397	0
K13398	0
K13400	0
K13401	0
K13402	0
K13403	0
K13404	0
K13405	0
K13406	0
K13407	0
K13408	23
K13409	447
K13411	4
K13412	44
K13413	0
K13414	0
K13415	0
K13416	0
K13417	0
K13418	0
K13419	1124
K13420	1
K13421	6
K13422	0
K13423	0
K13424	0
K13425	0
K13426	0
K13427	0
K13428	0
K13429	0
K13430	0
K13431	0
K13432	0
K13433	0
K13434	1
K13435	0
K13436	0
K13437	0
K13438	0
K13439	8
K13440	0
K13441	0
K13442	0
K13443	0
K13444	1672
K13445	0
K13446	0
K13447	0
K13448	548
K13449	436
K13450	0
K13451	0
K13452	0
K13453	0
K13454	0
K13455	0
K13456	0
K13457	411
K13458	0
K13459	464
K13460	178
K13461	0
K13462	0
K13463	0
K13464	0
K13465	0
K13466	0
K13467	0
K13468	0
K13469	0
K13470	0
K13471	0
K13472	124
K13473	0
K13474	0
K13475	1
K13476	0
K13477	4
K13478	0
K13479	1292
K13480	26
K13481	343
K13482	306
K13483	1097
K13484	4
K13485	57
K13486	16
K13487	366
K13488	16
K13489	2
K13490	13
K13491	3
K13492	0
K13493	0
K13494	0
K13495	0
K13496	1
K13497	10
K13498	185
K13499	0
K13500	262
K13501	1
K13502	0
K13503	84
K13504	0
K13505	0
K13506	0
K13507	21
K13508	0
K13509	5
K13510	3
K13511	2
K13512	0
K13513	2
K13514	0
K13515	0
K13516	0
K13517	0
K13519	0
K13520	0
K13521	0
K13522	1777
K13523	0
K13524	0
K13525	1197
K13526	1
K13527	2638
K13528	0
K13529	2563
K13530	23
K13531	30
K13532	2
K13533	291
K13534	0
K13535	1
K13536	0
K13537	0
K13538	0
K13539	0
K13540	1487
K13541	553
K13542	2779
K13543	15
K13544	118
K13545	32
K13546	58
K13547	124
K13548	59
K13549	8
K13550	33
K13551	0
K13552	0
K13553	0
K13554	12
K13555	4
K13556	4
K13557	4
K13558	2
K13559	121
K13560	2
K13561	5
K13562	0
K13563	6
K13564	215
K13565	0
K13566	255
K13567	0
K13568	0
K13570	1898
K13571	2636
K13572	2978
K13573	2965
K13574	44
K13575	0
K13576	0
K13577	0
K13578	0
K13580	103
K13581	227
K13582	531
K13583	51
K13584	15
K13585	1
K13586	2
K13587	146
K13588	12
K13589	26
K13590	325
K13591	8
K13592	10
K13593	62
K13594	0
K13596	0
K13598	507
K13599	17
K13600	1
K13601	0
K13602	1
K13603	0
K13604	0
K13605	0
K13606	43
K13607	4
K13608	0
K13609	18
K13610	0
K13611	298
K13612	115
K13613	209
K13614	341
K13615	59
K13616	227
K13617	10
K13618	0
K13619	5
K13620	13
K13621	0
K13622	32
K13623	68
K13624	1
K13625	1
K13626	381
K13627	0
K13628	582
K13629	26
K13630	0
K13631	228
K13632	1
K13633	2389
K13634	13
K13635	2
K13636	5
K13637	113
K13638	834
K13639	1905
K13640	3245
K13641	3006
K13642	27
K13643	1400
K13644	0
K13645	0
K13646	0
K13647	1
K13648	0
K13649	0
K13650	3
K13651	10
K13652	1326
K13653	1008
K13654	107
K13655	58
K13656	17
K13657	49
K13658	917
K13659	0
K13660	45
K13661	0
K13662	5
K13663	1724
K13664	9
K13665	165
K13666	0
K13667	3
K13668	2221
K13669	1178
K13670	22
K13671	2083
K13672	0
K13673	0
K13674	0
K13675	0
K13676	0
K13677	30
K13678	20
K13679	0
K13680	5
K13681	0
K13682	0
K13683	199
K13684	52
K13686	1028
K13687	1062
K13688	230
K13689	0
K13690	0
K13691	0
K13692	0
K13693	2112
K13694	170
K13695	268
K13696	0
K13697	0
K13698	3
K13699	0
K13700	0
K13701	1
K13702	12
K13703	3
K13704	0
K13705	2
K13706	1
K13707	0
K13708	0
K13709	0
K13710	0
K13711	1
K13712	0
K13713	0
K13714	0
K13715	0
K13716	0
K13717	1
K13718	0
K13719	0
K13720	0
K13721	0
K13722	5
K13723	0
K13724	0
K13725	0
K13726	0
K13727	240
K13728	0
K13729	0
K13730	478
K13731	3
K13732	14
K13733	1
K13734	124
K13735	151
K13736	0
K13737	0
K13738	0
K13739	0
K13740	0
K13741	0
K13742	0
K13743	0
K13744	0
K13745	1363
K13746	679
K13747	3
K13748	58
K13749	0
K13750	0
K13751	0
K13752	0
K13753	0
K13754	0
K13755	0
K13756	0
K13757	0
K13758	0
K13759	0
K13760	0
K13761	0
K13762	1
K13763	0
K13764	0
K13765	0
K13766	1699
K13767	35
K13768	0
K13769	0
K13770	843
K13771	1342
K13772	9
K13773	0
K13774	54
K13775	1263
K13776	784
K13777	58
K13778	10
K13779	13
K13780	0
K13781	0
K13782	0
K13783	0
K13784	0
K13785	0
K13786	6
K13787	3275
K13788	2872
K13789	48
K13790	0
K13791	0
K13792	0
K13793	0
K13794	1
K13795	8
K13796	320
K13797	21
K13798	0
K13799	146
K13800	9
K13801	0
K13802	0
K13803	0
K13804	0
K13805	0
K13806	4
K13807	0
K13808	0
K13809	2
K13810	3067
K13811	3
K13812	0
K13813	0
K13814	0
K13815	472
K13816	6
K13818	20
K13819	89
K13820	2
K13821	1214
K13822	9
K13823	4
K13824	0
K13825	0
K13826	0
K13827	0
K13828	0
K13829	3104
K13830	43
K13831	29
K13832	104
K13833	0
K13834	0
K13835	0
K13836	0
K13837	0
K13838	0
K13839	0
K13840	0
K13841	0
K13842	0
K13843	0
K13844	0
K13845	0
K13846	0
K13847	0
K13848	0
K13849	0
K13850	0
K13851	0
K13852	0
K13853	1
K13854	1
K13855	0
K13856	1
K13857	0
K13858	0
K13859	0
K13860	0
K13861	0
K13862	0
K13863	4
K13864	4
K13865	8
K13866	17
K13867	0
K13868	5
K13869	1
K13870	0
K13871	4
K13872	1
K13873	126
K13874	395
K13875	669
K13876	245
K13877	380
K13878	0
K13879	0
K13880	0
K13881	0
K13882	0
K13883	0
K13884	10
K13885	0
K13886	0
K13887	0
K13888	217
K13889	2391
K13890	1882
K13891	2047
K13892	2128
K13893	15
K13894	14
K13895	16
K13896	2558
K13897	0
K13898	0
K13899	7
K13900	0
K13901	0
K13902	0
K13903	0
K13904	0
K13905	0
K13906	0
K13907	5
K13908	0
K13909	0
K13910	0
K13911	0
K13912	0
K13913	0
K13914	0
K13915	4
K13916	0
K13917	0
K13918	430
K13919	197
K13920	194
K13921	37
K13922	35
K13923	0
K13924	499
K13925	315
K13926	372
K13927	17
K13928	0
K13929	57
K13930	143
K13931	50
K13932	39
K13933	16
K13934	62
K13935	50
K13936	1817
K13937	1
K13938	3
K13939	0
K13940	2682
K13941	29
K13942	0
K13943	0
K13944	0
K13945	0
K13946	0
K13947	0
K13948	236
K13949	1
K13950	1212
K13951	6
K13952	0
K13953	2269
K13954	358
K13955	1272
K13956	51
K13957	2
K13958	31
K13959	0
K13960	0
K13961	0
K13962	0
K13963	652
K13964	0
K13965	16
K13966	5
K13967	70
K13968	0
K13969	0
K13970	0
K13971	0
K13972	0
K13973	0
K13974	0
K13975	0
K13976	0
K13977	0
K13978	1
K13979	2261
K13980	0
K13981	0
K13982	0
K13983	8
K13984	1
K13985	1865
K13986	0
K13987	1
K13988	43
K13989	0
K13990	1
K13991	329
K13992	1
K13993	2493
K13994	0
K13995	613
K13996	0
K13997	8
K13998	0
K13999	3
K14000	3
K14001	0
K14002	0
K14003	7
K14004	1
K14005	1
K14006	1
K14007	0
K14008	0
K14009	1
K14010	0
K14011	0
K14012	0
K14013	0
K14014	0
K14015	0
K14016	0
K14017	0
K14018	44
K14019	0
K14020	0
K14021	0
K14022	0
K14023	0
K14024	0
K14025	0
K14026	1
K14027	0
K14028	0
K14029	0
K14030	0
K14031	0
K14032	0
K14033	0
K14034	0
K14035	0
K14036	0
K14037	0
K14038	0
K14039	0
K14040	0
K14041	0
K14042	0
K14043	0
K14044	0
K14045	0
K14046	0
K14047	0
K14048	549
K14050	0
K14051	43
K14052	1296
K14053	0
K14054	786
K14055	2462
K14056	400
K14057	238
K14058	9
K14059	2854
K14060	1593
K14061	353
K14062	0
K14063	1788
K14064	2
K14065	0
K14066	0
K14067	37
K14068	0
K14069	0
K14070	0
K14071	0
K14072	0
K14073	0
K14074	0
K14075	0
K14076	0
K14077	0
K14078	0
K14079	0
K14080	6
K14081	0
K14082	12
K14083	26
K14084	12
K14085	0
K14086	121
K14087	79
K14088	121
K14089	117
K14090	121
K14091	193
K14092	0
K14093	0
K14094	0
K14095	0
K14096	0
K14097	0
K14098	0
K14099	0
K14100	3
K14101	0
K14102	0
K14103	0
K14104	0
K14105	0
K14106	0
K14107	99
K14108	3
K14109	1
K14110	0
K14111	1
K14112	0
K14113	242
K14114	19
K14115	0
K14116	0
K14117	2
K14118	8
K14119	0
K14120	5
K14121	0
K14122	0
K14123	0
K14124	0
K14125	0
K14126	17
K14127	1
K14128	0
K14129	31
K14130	0
K14131	0
K14132	0
K14133	0
K14134	0
K14135	0
K14136	1476
K14137	0
K14138	0
K14139	0
K14140	0
K14141	0
K14142	0
K14143	0
K14144	0
K14145	0
K14146	0
K14147	0
K14148	0
K14149	0
K14150	0
K14151	0
K14152	3
K14153	72
K14154	17
K14155	1923
K14156	0
K14157	56
K14158	0
K14159	52
K14160	31
K14161	1933
K14162	2813
K14163	466
K14164	188
K14165	267
K14166	1372
K14167	67
K14168	1
K14169	0
K14170	376
K14171	0
K14172	0
K14173	0
K14174	0
K14175	0
K14176	0
K14177	0
K14178	0
K14179	0
K14180	0
K14181	0
K14182	0
K14183	0
K14184	0
K14185	0
K14186	0
K14187	18
K14188	634
K14189	1178
K14190	0
K14191	2
K14192	15
K14193	0
K14194	1405
K14195	109
K14196	7
K14197	0
K14198	0
K14199	0
K14200	0
K14201	9
K14202	0
K14203	0
K14204	0
K14205	2459
K14206	0
K14207	0
K14208	15
K14209	0
K14210	575
K14211	0
K14212	0
K14213	84
K14214	0
K14215	571
K14216	2
K14217	0
K14242	0
K14244	549
K14245	2
K14246	1
K14249	5
K14250	234
K14251	483
K14252	358
K14253	1347
K14254	3001
K14255	141
K14256	1181
K14257	196
K14258	17
K14259	359
K14260	2501
K14261	153
K14262	9
K14263	8
K14264	0
K14265	0
K14266	19
K14267	2638
K14268	1
K14270	0
K14271	7
K14272	0
K14273	945
K14274	867
K14275	7
K14281	0
K14282	0
K14283	0
K14284	0
K14285	7
K14286	636
K14287	11
K14288	0
K14289	0
K14290	0
K14291	0
K14292	785
K14293	1
K14294	0
K14295	0
K14296	3
K14297	0
K14298	0
K14299	0
K14300	0
K14301	0
K14302	0
K14303	0
K14304	0
K14305	0
K14306	0
K14307	0
K14308	0
K14309	0
K14310	0
K14311	0
K14312	1
K14313	0
K14314	34
K14315	0
K14316	0
K14317	0
K14318	0
K14319	87
K14320	3
K14321	0
K14322	0
K14323	0
K14324	0
K14325	5
K14326	31
K14327	0
K14328	0
K14329	0
K14330	163
K14331	239
K14332	0
K14333	390
K14334	0
K14335	1093
K14336	25
K14337	2043
K14338	800
K14339	1706
K14340	1575
K14341	0
K14342	5
K14343	1
K14344	0
K14345	0
K14346	3
K14347	1242
K14348	535
K14349	123
K14350	0
K14351	43
K14352	0
K14353	0
K14354	0
K14355	0
K14356	0
K14357	0
K14358	20
K14359	1
K14360	0
K14361	14
K14362	0
K14363	0
K14364	0
K14365	0
K14366	17
K14367	2
K14368	62
K14369	135
K14370	26
K14371	15
K14372	3
K14373	16
K14374	14
K14375	6
K14376	114
K14377	0
K14378	0
K14379	242
K14380	0
K14381	0
K14382	0
K14383	0
K14384	0
K14385	0
K14386	0
K14387	9
K14388	0
K14389	0
K14390	0
K14391	0
K14392	397
K14393	2075
K14394	5
K14395	0
K14396	0
K14397	0
K14398	0
K14399	0
K14400	1
K14401	0
K14402	1
K14403	0
K14404	0
K14405	0
K14406	0
K14407	0
K14408	0
K14409	0
K14410	0
K14411	0
K14412	0
K14413	0
K14414	1
K14415	1614
K14416	0
K14417	0
K14418	0
K14419	0
K14420	0
K14421	168
K14422	629
K14423	0
K14424	7
K14425	0
K14426	0
K14427	0
K14428	0
K14429	0
K14430	3
K14431	0
K14432	0
K14433	0
K14434	1
K14435	1
K14436	1
K14437	0
K14438	0
K14439	85
K14440	1244
K14441	1208
K14442	6
K14443	0
K14444	0
K14445	987
K14446	129
K14447	837
K14448	31
K14449	708
K14451	450
K14452	1
K14453	7
K14454	0
K14455	0
K14456	0
K14457	49
K14458	11
K14459	1
K14460	0
K14461	0
K14462	0
K14463	0
K14464	0
K14465	361
K14466	419
K14467	5
K14468	1
K14469	1
K14470	720
K14471	5
K14472	3
K14473	0
K14474	0
K14475	483
K14477	0
K14478	0
K14479	1
K14480	3
K14481	894
K14482	13
K14484	0
K14485	0
K14486	0
K14487	78
K14488	0
K14489	2
K14490	0
K14491	0
K14492	0
K14493	0
K14494	5
K14495	0
K14496	0
K14497	1
K14498	0
K14499	0
K14500	0
K14501	0
K14502	0
K14503	0
K14504	0
K14505	0
K14506	4
K14507	0
K14508	0
K14509	74
K14510	0
K14512	0
K14513	0
K14514	0
K14515	0
K14516	0
K14517	0
K14518	0
K14519	1078
K14520	1862
K14521	2
K14522	0
K14523	0
K14524	0
K14525	0
K14526	0
K14527	0
K14528	0
K14529	0
K14530	0
K14531	0
K14532	0
K14533	0
K14534	62
K14535	0
K14536	0
K14537	1
K14538	0
K14539	1
K14540	45
K14541	3
K14543	0
K14544	0
K14545	0
K14546	5
K14547	0
K14548	21
K14549	10
K14550	4
K14551	0
K14552	1
K14553	7
K14554	6
K14555	55
K14556	13
K14557	3
K14558	14
K14559	0
K14560	0
K14561	0
K14562	0
K14563	0
K14564	0
K14565	0
K14566	0
K14567	0
K14568	0
K14569	0
K14570	1
K14571	42
K14572	34
K14573	0
K14574	0
K14575	1402
K14577	0
K14578	27
K14579	0
K14580	0
K14581	56
K14582	0
K14583	0
K14584	370
K14585	10
K14586	18
K14587	39
K14588	140
K14589	4
K14590	0
K14591	65
K14592	2
K14593	0
K14594	0
K14595	0
K14596	1377
K14597	962
K14598	1
K14599	4
K14600	15
K14601	5
K14602	5
K14603	6
K14604	12
K14605	0
K14606	0
K14607	0
K14608	0
K14609	0
K14610	0
K14611	0
K14612	0
K14613	1
K14614	0
K14615	0
K14616	2
K14617	0
K14618	0
K14619	1
K14620	0
K14621	5
K14622	0
K14623	146
K14624	0
K14625	0
K14626	515
K14627	234
K14628	395
K14629	1947
K14630	187
K14631	716
K14632	431
K14633	167
K14634	4
K14635	0
K14636	6
K14637	3
K14638	0
K14639	0
K14640	4
K14641	0
K14642	0
K14643	0
K14644	0
K14645	840
K14647	942
K14648	0
K14649	0
K14650	0
K14651	0
K14652	2701
K14653	0
K14654	2393
K14655	10
K14656	8
K14657	965
K14658	197
K14659	256
K14660	58
K14661	107
K14662	0
K14663	0
K14664	229
K14665	6
K14666	101
K14667	493
K14668	490
K14669	471
K14670	1203
K14671	484
K14672	1021
K14673	1854
K14674	0
K14675	0
K14676	13
K14677	2
K14678	0
K14679	0
K14680	150
K14681	10
K14682	21
K14683	98
K14684	0
K14685	1
K14686	1
K14687	0
K14688	3
K14689	0
K14690	1
K14691	0
K14692	2
K14693	0
K14695	1
K14696	1974
K14697	0
K14698	1294
K14699	1306
K14700	0
K14701	0
K14702	1
K14703	2
K14704	0
K14705	0
K14706	0
K14707	2
K14708	88
K14709	1
K14710	0
K14711	0
K14712	0
K14713	0
K14714	0
K14715	0
K14716	0
K14717	2
K14718	0
K14719	0
K14720	0
K14721	0
K14722	0
K14723	0
K14724	0
K14725	0
K14726	0
K14727	1739
K14728	1335
K14729	640
K14730	318
K14731	2894
K14732	0
K14733	1163
K14734	1
K14735	162
K14736	0
K14737	0
K14738	0
K14739	1
K14740	0
K14741	0
K14742	3236
K14743	2413
K14744	13
K14745	0
K14746	6
K14747	8
K14748	2
K14749	97
K14750	7
K14751	2
K14752	0
K14753	7
K14754	0
K14755	134
K14756	2
K14757	0
K14758	0
K14759	8
K14760	5
K14761	1586
K14762	2
K14763	3
K14764	0
K14765	0
K14766	0
K14767	0
K14768	0
K14769	0
K14770	0
K14771	1
K14772	0
K14773	0
K14774	0
K14775	0
K14776	0
K14777	0
K14778	0
K14779	1
K14780	1
K14781	2
K14782	0
K14783	0
K14784	0
K14785	0
K14786	0
K14787	1
K14788	0
K14789	0
K14790	0
K14791	0
K14792	9
K14793	9
K14794	0
K14795	0
K14796	0
K14797	0
K14798	0
K14799	0
K14800	0
K14801	31
K14802	2
K14803	0
K14804	0
K14805	0
K14806	0
K14807	3
K14808	0
K14809	2
K14810	3
K14811	1
K14812	0
K14813	0
K14814	0
K14815	1
K14816	0
K14817	0
K14818	6
K14819	159
K14820	0
K14821	0
K14822	0
K14823	0
K14824	0
K14825	0
K14826	443
K14827	0
K14828	0
K14829	10
K14830	6
K14831	0
K14832	0
K14833	0
K14834	0
K14835	0
K14836	0
K14837	0
K14838	1
K14839	0
K14840	1
K14841	0
K14842	0
K14843	0
K14844	0
K14845	0
K14846	0
K14847	0
K14848	0
K14849	0
K14850	0
K14851	0
K14852	0
K14853	0
K14854	0
K14855	47
K14856	0
K14857	0
K14858	0
K14859	0
K14860	0
K14861	0
K14862	0
K14863	10
K14864	0
K14937	0
K14938	24
K14939	2
K14940	50
K14941	1984
K14942	0
K14943	0
K14944	0
K14945	0
K14946	0
K14947	0
K14948	0
K14949	1807
K14950	0
K14951	0
K14952	1122
K14953	911
K14954	1444
K14955	437
K14956	2869
K14957	0
K14958	0
K14959	0
K14960	0
K14961	4
K14962	2
K14963	129
K14964	0
K14965	0
K14966	0
K14967	0
K14968	0
K14969	0
K14970	0
K14971	0
K14972	0
K14973	0
K14974	178
K14975	1
K14976	0
K14977	414
K14978	1
K14979	11
K14980	131
K14981	16
K14982	233
K14983	26
K14984	0
K14985	3
K14986	559
K14987	147
K14988	6
K14989	4
K14990	0
K14991	0
K14992	0
K14993	0
K14994	0
K14995	0
K14996	0
K14997	1
K14998	2715
K14999	0
K15001	20
K15003	1
K15004	8
K15005	5
K15006	0
K15007	0
K15008	0
K15009	1
K15010	11
K15011	376
K15012	111
K15013	88
K15014	0
K15015	0
K15016	101
K15017	10
K15018	1
K15019	546
K15020	57
K15022	345
K15023	26
K15024	27
K15025	0
K15026	0
K15027	0
K15028	0
K15029	0
K15030	0
K15031	0
K15032	0
K15033	0
K15034	1534
K15036	1
K15037	0
K15038	0
K15039	0
K15040	0
K15041	0
K15042	366
K15043	0
K15044	0
K15045	5
K15046	118
K15047	0
K15048	3
K15049	0
K15050	0
K15051	354
K15052	9
K15053	0
K15054	142
K15055	648
K15056	28
K15057	895
K15058	9
K15059	9
K15060	158
K15061	2
K15062	30
K15063	315
K15064	4
K15065	68
K15066	173
K15067	290
K15068	0
K15069	0
K15070	0
K15071	0
K15072	3
K15073	0
K15074	0
K15075	0
K15076	3
K15077	0
K15078	1
K15079	0
K15080	0
K15081	0
K15082	0
K15083	14
K15084	0
K15085	0
K15086	0
K15087	0
K15088	0
K15089	0
K15090	0
K15091	0
K15092	0
K15093	0
K15094	0
K15095	68
K15096	0
K15097	0
K15098	0
K15099	0
K15100	0
K15101	10
K15102	0
K15103	0
K15104	1
K15105	0
K15106	0
K15107	0
K15108	0
K15109	0
K15110	1
K15111	0
K15112	0
K15113	0
K15114	0
K15115	0
K15116	0
K15117	0
K15118	0
K15119	0
K15120	0
K15121	0
K15122	0
K15123	0
K15124	0
K15125	17
K15126	0
K15127	0
K15128	0
K15129	0
K15130	0
K15131	0
K15132	0
K15133	0
K15134	0
K15135	0
K15136	0
K15137	0
K15138	0
K15139	0
K15140	0
K15141	0
K15142	0
K15143	0
K15144	0
K15145	0
K15146	0
K15147	0
K15148	0
K15149	0
K15150	0
K15151	0
K15152	0
K15153	0
K15154	0
K15155	0
K15156	0
K15157	0
K15158	0
K15159	0
K15160	0
K15161	0
K15162	0
K15163	0
K15164	0
K15165	1
K15166	0
K15167	0
K15168	1
K15169	0
K15170	0
K15171	0
K15172	0
K15173	9
K15174	1
K15175	0
K15176	8
K15177	0
K15178	0
K15179	0
K15180	0
K15181	0
K15182	0
K15183	0
K15184	0
K15185	0
K15186	4
K15187	0
K15188	0
K15189	2
K15190	1
K15191	0
K15192	398
K15193	0
K15194	5
K15195	0
K15196	0
K15197	2
K15198	0
K15199	0
K15200	1
K15201	52
K15202	0
K15203	0
K15204	0
K15205	0
K15206	0
K15207	0
K15208	0
K15209	0
K15210	0
K15211	0
K15212	0
K15213	0
K15214	0
K15215	0
K15216	0
K15217	0
K15218	57
K15219	0
K15220	0
K15221	0
K15222	0
K15223	1
K15224	0
K15225	0
K15226	0
K15227	0
K15228	32
K15229	28
K15230	0
K15231	0
K15232	1
K15233	0
K15234	319
K15235	0
K15236	153
K15237	1
K15238	1
K15239	1
K15240	0
K15241	0
K15242	0
K15243	0
K15244	0
K15245	0
K15246	0
K15253	0
K15254	9
K15255	869
K15256	1861
K15257	258
K15258	0
K15259	0
K15260	2
K15261	46
K15262	0
K15263	0
K15264	0
K15265	0
K15266	0
K15267	0
K15268	2051
K15269	1554
K15270	67
K15271	1
K15272	0
K15273	0
K15274	0
K15275	0
K15276	0
K15277	0
K15278	0
K15279	0
K15280	0
K15281	0
K15282	0
K15283	1
K15284	0
K15285	0
K15286	0
K15287	0
K15288	0
K15289	0
K15290	0
K15291	0
K15292	0
K15293	0
K15294	0
K15295	0
K15296	0
K15297	0
K15298	0
K15299	0
K15300	0
K15301	0
K15302	0
K15303	170
K15304	0
K15305	0
K15306	0
K15307	0
K15308	0
K15309	0
K15310	0
K15311	55
K15312	56
K15313	41
K15314	627
K15315	192
K15316	0
K15317	0
K15318	9
K15319	0
K15320	353
K15321	2
K15322	0
K15323	0
K15324	0
K15325	0
K15326	0
K15327	50
K15328	29
K15329	338
K15331	3
K15332	0
K15333	34
K15334	0
K15335	0
K15336	0
K15337	72
K15338	0
K15340	0
K15341	0
K15342	891
K15343	0
K15344	0
K15345	0
K15346	0
K15347	0
K15348	0
K15349	0
K15350	0
K15351	0
K15352	97
K15353	0
K15354	1
K15355	43
K15356	0
K15357	116
K15358	97
K15359	223
K15360	0
K15361	7
K15362	0
K15363	16
K15364	0
K15365	0
K15366	95
K15367	0
K15368	1
K15369	1
K15370	0
K15371	2099
K15372	1511
K15373	8
K15374	0
K15375	0
K15376	11
K15377	0
K15378	11
K15379	0
K15380	0
K15381	0
K15382	54
K15383	106
K15384	0
K15385	0
K15386	0
K15387	25
K15388	0
K15389	0
K15390	0
K15391	0
K15392	0
K15393	3
K15394	2
K15395	287
K15396	4
K15397	1
K15398	0
K15400	0
K15401	0
K15402	0
K15403	0
K15404	0
K15405	0
K15406	0
K15407	0
K15408	26
K15409	0
K15410	1
K15411	0
K15412	0
K15413	0
K15414	0
K15415	0
K15416	2
K15417	0
K15418	0
K15419	0
K15420	0
K15421	54
K15422	0
K15423	0
K15424	6
K15425	0
K15426	0
K15427	0
K15428	11
K15429	1
K15430	2
K15431	1
K15432	0
K15433	0
K15434	0
K15435	8
K15436	1
K15437	2
K15438	3
K15439	0
K15440	0
K15441	0
K15442	5
K15443	1
K15444	247
K15445	5
K15446	2
K15447	0
K15448	0
K15449	0
K15450	0
K15451	16
K15452	0
K15453	0
K15454	0
K15455	0
K15456	0
K15457	0
K15458	0
K15460	33
K15461	31
K15462	15
K15463	0
K15464	0
K15465	0
K15466	54
K15467	380
K15468	2
K15469	80
K15470	0
K15471	0
K15472	0
K15473	0
K15474	3
K15475	53
K15476	0
K15477	0
K15478	0
K15479	0
K15480	0
K15481	0
K15482	0
K15483	0
K15484	0
K15485	0
K15486	0
K15487	0
K15488	0
K15490	1
K15491	0
K15492	0
K15493	0
K15494	0
K15495	36
K15496	9
K15497	33
K15498	0
K15499	0
K15500	0
K15501	0
K15502	18
K15503	19
K15504	2
K15505	95
K15506	0
K15507	0
K15508	0
K15509	298
K15510	2005
K15511	0
K15512	114
K15513	114
K15514	0
K15515	44
K15516	0
K15517	0
K15518	2
K15519	18
K15520	2997
K15521	2669
K15522	13
K15523	1941
K15524	109
K15525	2465
K15526	2616
K15527	36
K15528	0
K15529	106
K15530	388
K15531	58
K15532	221
K15533	152
K15534	1
K15535	3
K15536	3
K15537	1205
K15538	122
K15539	864
K15540	2
K15541	0
K15542	0
K15543	0
K15544	0
K15545	967
K15546	559
K15547	81
K15548	6
K15549	7
K15550	2
K15551	471
K15552	520
K15553	2157
K15554	2387
K15555	1646
K15556	0
K15557	0
K15558	0
K15559	0
K15560	0
K15561	0
K15562	0
K15563	0
K15564	0
K15565	0
K15566	0
K15567	0
K15568	0
K15569	0
K15570	1
K15571	0
K15572	0
K15573	0
K15574	0
K15575	25
K15576	303
K15577	49
K15578	20
K15579	1
K15580	2268
K15581	417
K15582	2218
K15583	967
K15584	19
K15585	144
K15586	161
K15587	2
K15588	0
K15589	0
K15590	0
K15591	0
K15592	0
K15593	0
K15594	0
K15595	0
K15596	0
K15598	204
K15599	978
K15600	24
K15601	0
K15602	0
K15603	0
K15604	0
K15605	0
K15606	0
K15607	0
K15608	0
K15609	0
K15610	0
K15611	0
K15612	0
K15613	0
K15614	0
K15615	0
K15616	0
K15617	0
K15618	0
K15619	0
K15620	834
K15621	0
K15622	0
K15623	0
K15624	0
K15625	0
K15626	0
K15627	0
K15628	0
K15629	947
K15630	0
K15631	71
K15632	7
K15633	280
K15634	3169
K15635	18
K15636	0
K15637	549
K15638	0
K15639	0
K15640	414
K15641	216
K15642	532
K15643	131
K15644	20
K15645	55
K15646	0
K15647	0
K15648	1
K15649	1
K15650	110
K15651	0
K15652	119
K15653	482
K15654	170
K15655	420
K15656	11
K15657	15
K15658	46
K15659	72
K15660	168
K15661	127
K15662	111
K15663	12
K15664	15
K15665	21
K15666	162
K15667	137
K15668	3
K15669	35
K15670	257
K15671	172
K15672	26
K15673	108
K15674	12
K15675	69
K15676	57
K15677	202
K15678	20
K15679	28
K15680	0
K15681	4
K15682	0
K15683	0
K15684	0
K15685	0
K15686	0
K15687	0
K15688	59
K15689	0
K15690	0
K15691	0
K15692	6
K15693	0
K15694	0
K15695	0
K15696	0
K15697	0
K15698	0
K15699	0
K15700	0
K15701	0
K15702	0
K15703	0
K15704	0
K15705	0
K15706	0
K15707	126
K15708	0
K15709	0
K15710	3
K15711	210
K15712	1
K15713	0
K15714	0
K15715	0
K15716	0
K15717	23
K15718	0
K15719	930
K15720	0
K15721	0
K15722	0
K15723	3
K15724	2897
K15725	11
K15726	58
K15727	131
K15728	1
K15729	0
K15730	1
K15731	0
K15732	0
K15733	1593
K15734	1269
K15735	1380
K15736	1255
K15737	2
K15738	3285
K15739	208
K15740	446
K15741	0
K15742	0
K15743	12
K15744	2
K15745	4
K15746	2
K15747	0
K15748	0
K15749	0
K15750	56
K15751	92
K15752	3
K15753	0
K15754	36
K15755	63
K15756	15
K15757	9
K15758	9
K15759	0
K15760	94
K15761	88
K15762	518
K15763	100
K15764	102
K15765	25
K15766	0
K15767	0
K15768	3
K15769	0
K15770	1167
K15771	762
K15772	1329
K15773	2598
K15774	0
K15775	0
K15776	0
K15777	1256
K15778	75
K15779	129
K15780	3269
K15781	2412
K15782	26
K15783	213
K15784	17
K15785	12
K15786	5
K15787	0
K15789	0
K15790	1
K15791	0
K15792	14
K15793	1
K15794	0
K15795	0
K15796	0
K15797	0
K15798	0
K15799	0
K15800	0
K15801	0
K15802	0
K15803	0
K15804	0
K15805	0
K15806	0
K15807	0
K15808	0
K15809	0
K15810	0
K15811	0
K15812	0
K15813	0
K15814	0
K15815	0
K15816	0
K15817	0
K15818	0
K15819	0
K15820	0
K15821	0
K15822	0
K15823	0
K15824	0
K15825	486
K15826	0
K15827	2
K15828	2
K15829	28
K15830	353
K15831	53
K15832	301
K15833	2
K15834	62
K15835	91
K15836	7
K15837	582
K15838	0
K15839	18
K15840	0
K15842	0
K15843	0
K15844	0
K15845	0
K15846	0
K15847	0
K15848	0
K15849	0
K15850	0
K15852	0
K15853	8
K15854	1
K15855	328
K15856	451
K15857	0
K15858	0
K15859	0
K15860	0
K15861	5
K15862	1
K15863	0
K15864	1
K15865	0
K15866	2453
K15867	0
K15868	1311
K15869	0
K15870	9
K15871	0
K15872	895
K15873	2
K15874	0
K15876	55
K15877	1
K15878	49
K15879	0
K15884	101
K15885	424
K15886	48
K15887	0
K15888	0
K15889	555
K15890	47
K15891	5
K15892	0
K15893	0
K15894	191
K15895	0
K15896	100
K15897	188
K15898	180
K15899	16
K15901	0
K15902	0
K15903	0
K15904	4
K15907	157
K15908	0
K15909	0
K15910	0
K15911	12
K15912	0
K15913	38
K15914	22
K15915	568
K15916	1705
K15918	106
K15919	289
K15920	5
K15921	908
K15922	13
K15923	819
K15924	210
K15925	2
K15926	193
K15927	52
K15928	197
K15929	20
K15930	516
K15931	12
K15932	1176
K15933	3
K15934	1
K15935	10
K15936	6
K15937	2
K15938	1
K15939	0
K15941	659
K15942	272
K15943	245
K15944	291
K15945	884
K15946	7
K15947	34
K15948	19
K15949	425
K15950	25
K15951	6
K15952	12
K15953	103
K15954	8
K15955	42
K15956	85
K15957	215
K15958	4
K15959	1
K15960	26
K15961	3
K15962	20
K15963	29
K15964	1
K15965	1
K15966	7
K15967	1004
K15968	66
K15969	177
K15970	110
K15971	1040
K15972	18
K15973	3057
K15974	1824
K15975	224
K15976	23
K15977	2562
K15978	0
K15979	0
K15980	1187
K15981	1431
K15982	1155
K15983	1072
K15984	120
K15985	0
K15986	184
K15987	1106
K15988	8
K15989	10
K15990	21
K15991	24
K15992	17
K15993	28
K15994	13
K15995	72
K15996	15
K15997	13
K15998	3
K15999	352
K16000	34
K16001	11
K16002	7
K16003	7
K16004	4
K16005	31
K16006	410
K16007	34
K16008	2
K16009	3
K16010	0
K16011	224
K16012	1479
K16013	1869
K16014	1929
K16015	125
K16016	121
K16017	167
K16018	126
K16019	1779
K16020	94
K16021	108
K16022	229
K16023	60
K16024	142
K16025	274
K16026	192
K16027	538
K16028	1902
K16029	8
K16030	6
K16031	1
K16032	5
K16033	136
K16034	0
K16035	20
K16036	43
K16037	182
K16038	713
K16039	143
K16040	0
K16041	0
K16042	0
K16043	823
K16044	1489
K16045	521
K16046	975
K16047	1555
K16048	2316
K16049	1017
K16050	1072
K16051	1040
K16052	1439
K16053	6
K16054	0
K16055	49
K16056	0
K16057	0
K16058	0
K16059	0
K16060	0
K16061	0
K16062	0
K16063	0
K16064	0
K16065	0
K16066	2833
K16067	0
K16068	0
K16069	0
K16070	0
K16071	1
K16072	1
K16073	0
K16074	75
K16075	0
K16076	0
K16077	2
K16078	1
K16079	10
K16080	7
K16081	1
K16082	0
K16083	0
K16084	0
K16085	0
K16086	0
K16087	12
K16088	3
K16089	8
K16090	14
K16091	4
K16092	13
K16093	116
K16094	104
K16095	404
K16096	0
K16097	66
K16098	7
K16099	40
K16100	6
K16101	6
K16102	8
K16103	13
K16104	48
K16105	167
K16106	30
K16107	9
K16108	47
K16109	6
K16110	13
K16111	7
K16112	18
K16113	21
K16114	5
K16115	10
K16116	5
K16117	261
K16118	846
K16122	2
K16123	143
K16124	965
K16125	34
K16126	9
K16127	185
K16128	7
K16129	10
K16130	122
K16131	25
K16132	25
K16133	0
K16134	20
K16135	408
K16136	30
K16137	2803
K16138	2263
K16139	120
K16140	0
K16141	2
K16142	0
K16143	34
K16144	0
K16145	0
K16146	2404
K16147	2838
K16148	2562
K16149	913
K16150	2980
K16151	2
K16152	1
K16153	2032
K16157	0
K16158	11
K16159	11
K16160	7
K16161	46
K16162	2
K16163	2114
K16164	1781
K16165	136
K16166	0
K16167	1573
K16168	1035
K16169	9
K16170	1
K16171	625
K16172	0
K16173	116
K16174	0
K16175	6
K16176	0
K16177	0
K16178	0
K16179	29
K16180	0
K16181	2
K16182	0
K16183	36
K16184	0
K16185	0
K16186	0
K16188	1
K16189	0
K16190	0
K16191	1009
K16192	288
K16193	1043
K16194	1
K16195	1
K16196	1
K16197	0
K16198	0
K16199	20
K16200	8
K16201	18
K16202	36
K16203	711
K16204	0
K16205	0
K16206	0
K16207	0
K16208	0
K16209	136
K16210	75
K16211	515
K16212	0
K16213	88
K16214	285
K16215	44
K16216	343
K16217	454
K16218	447
K16219	0
K16220	0
K16221	0
K16222	0
K16223	0
K16224	0
K16225	0
K16226	1
K16227	911
K16228	818
K16229	628
K16230	0
K16231	3
K16232	82
K16233	165
K16234	402
K16235	245
K16236	0
K16237	927
K16238	1336
K16239	0
K16240	1
K16241	0
K16242	57
K16243	24
K16244	26
K16245	24
K16246	57
K16247	1176
K16248	47
K16249	0
K16250	30
K16251	0
K16252	0
K16253	0
K16254	3
K16255	0
K16256	0
K16257	0
K16258	0
K16259	30
K16260	1108
K16261	0
K16262	3
K16263	450
K16264	3046
K16265	0
K16266	0
K16267	327
K16268	0
K16269	0
K16270	1
K16271	0
K16272	0
K16273	0
K16274	0
K16275	0
K16276	391
K16277	0
K16278	0
K16279	0
K16280	0
K16281	0
K16282	0
K16283	0
K16284	0
K16285	0
K16286	0
K16287	0
K16288	36
K16289	4
K16290	0
K16291	1297
K16292	11
K16293	31
K16294	67
K16295	0
K16296	0
K16297	0
K16298	0
K16301	1888
K16302	1
K16303	165
K16304	19
K16305	62
K16306	139
K16307	0
K16308	19
K16309	0
K16310	2
K16311	0
K16312	0
K16313	0
K16314	0
K16315	0
K16316	0
K16317	0
K16318	307
K16319	31
K16320	718
K16321	38
K16322	9
K16323	22
K16324	3
K16325	0
K16326	7
K16327	219
K16328	79
K16329	923
K16330	1
K16331	1
K16332	0
K16333	0
K16334	0
K16335	0
K16336	0
K16337	0
K16338	0
K16339	1603
K16340	9
K16341	0
K16342	0
K16343	2
K16344	0
K16345	78
K16346	0
K16347	3
K16348	5
K16349	1
K16350	0
K16351	5
K16352	0
K16353	97
K16354	0
K16355	0
K16356	0
K16357	0
K16358	0
K16359	0
K16360	0
K16361	0
K16362	0
K16363	1
K16364	0
K16365	0
K16366	0
K16367	0
K16368	0
K16369	0
K16370	446
K16371	149
K16372	345
K16373	21
K16374	114
K16375	7
K16376	27
K16377	10
K16378	133
K16379	5
K16380	367
K16381	236
K16382	23
K16383	145
K16384	650
K16385	252
K16386	442
K16387	48
K16388	95
K16389	102
K16390	252
K16391	19
K16392	65
K16393	306
K16394	1
K16395	2
K16396	8
K16397	162
K16398	8
K16399	1
K16400	32
K16401	17
K16402	16
K16403	30
K16404	0
K16405	1
K16406	10
K16407	0
K16408	4
K16409	5
K16410	0
K16411	0
K16412	4
K16413	50
K16414	22
K16415	5
K16416	1310
K16417	32
K16418	71
K16419	92
K16420	20
K16421	251
K16422	883
K16423	296
K16424	162
K16425	146
K16426	168
K16427	164
K16428	287
K16429	383
K16430	121
K16431	258
K16432	73
K16433	140
K16434	1027
K16435	421
K16436	211
K16437	910
K16438	409
K16439	2
K16440	8
K16442	7
K16443	3
K16444	1248
K16445	66
K16446	244
K16447	8
K16448	133
K16449	0
K16450	28
K16451	2
K16452	0
K16453	0
K16454	0
K16455	0
K16456	0
K16457	0
K16458	0
K16459	0
K16460	0
K16461	29
K16462	0
K16463	0
K16464	7
K16465	33
K16466	0
K16467	0
K16468	0
K16469	1
K16470	0
K16471	0
K16472	0
K16473	0
K16474	1
K16475	0
K16476	0
K16477	9
K16478	0
K16479	1
K16480	0
K16481	1
K16482	56
K16483	0
K16484	0
K16485	0
K16486	0
K16487	17
K16488	0
K16489	1
K16490	0
K16491	0
K16492	0
K16493	0
K16494	0
K16495	0
K16496	0
K16497	0
K16498	2
K16499	0
K16500	0
K16501	0
K16502	1
K16503	0
K16504	0
K16505	0
K16506	47
K16507	7
K16509	1
K16510	1
K16511	2
K16512	0
K16513	0
K16514	312
K16515	217
K16516	37
K16517	0
K16518	0
K16519	0
K16520	0
K16521	0
K16522	0
K16523	0
K16524	0
K16525	0
K16526	0
K16527	0
K16528	0
K16529	0
K16530	0
K16531	1
K16532	0
K16533	7
K16534	0
K16535	0
K16536	5
K16537	0
K16538	0
K16539	0
K16540	0
K16541	0
K16542	0
K16543	1
K16544	0
K16545	0
K16546	0
K16547	4
K16548	0
K16549	0
K16550	0
K16551	1
K16552	6
K16553	1
K16554	466
K16555	1032
K16556	270
K16557	1183
K16558	14
K16559	1542
K16560	6
K16561	2
K16562	3
K16563	0
K16564	4
K16565	0
K16566	442
K16567	1089
K16568	3038
K16569	0
K16570	0
K16571	0
K16572	0
K16573	0
K16574	0
K16575	0
K16576	0
K16578	0
K16579	0
K16580	0
K16581	0
K16582	0
K16583	0
K16584	0
K16585	0
K16586	0
K16587	0
K16588	0
K16589	0
K16590	0
K16591	0
K16593	991
K16594	0
K16595	0
K16596	0
K16597	0
K16598	0
K16599	0
K16600	0
K16601	0
K16602	0
K16603	0
K16604	0
K16605	0
K16606	0
K16607	0
K16608	0
K16609	0
K16610	0
K16611	0
K16612	0
K16613	0
K16614	0
K16615	0
K16616	0
K16617	0
K16618	2
K16619	5
K16620	1
K16621	0
K16622	0
K16623	0
K16624	88
K16625	0
K16626	0
K16627	0
K16628	37
K16629	0
K16630	0
K16631	0
K16632	0
K16633	0
K16634	31
K16635	6
K16636	0
K16637	1
K16638	0
K16639	2410
K16640	0
K16641	0
K16642	0
K16643	13
K16644	0
K16645	1538
K16646	0
K16647	1138
K16648	1663
K16649	2007
K16650	1703
K16651	275
K16652	1571
K16653	1515
K16654	0
K16655	0
K16656	0
K16657	0
K16658	0
K16659	0
K16660	0
K16661	0
K16662	0
K16663	2
K16664	0
K16665	0
K16666	0
K16667	1
K16668	0
K16669	16
K16670	0
K16671	0
K16672	0
K16673	0
K16674	0
K16675	0
K16676	0
K16677	0
K16678	0
K16679	0
K16680	1
K16681	9
K16682	0
K16683	0
K16684	0
K16685	0
K16686	0
K16687	0
K16688	1
K16689	0
K16690	0
K16691	0
K16692	25
K16693	4
K16694	504
K16695	901
K16696	2
K16697	737
K16698	1331
K16699	358
K16700	67
K16701	3
K16702	409
K16703	536
K16704	162
K16705	188
K16706	0
K16707	2
K16708	0
K16709	0
K16710	1364
K16711	0
K16712	0
K16713	0
K16714	0
K16715	0
K16717	0
K16718	6
K16719	0
K16720	1
K16721	0
K16722	0
K16724	0
K16725	4
K16726	0
K16727	0
K16728	4
K16729	0
K16731	10
K16732	3
K16733	0
K16734	0
K16735	0
K16737	0
K16738	0
K16739	0
K16740	0
K16741	0
K16742	0
K16743	0
K16744	0
K16745	1
K16746	0
K16747	0
K16748	0
K16749	0
K16750	0
K16751	0
K16752	0
K16753	0
K16754	2
K16755	4
K16756	11
K16757	0
K16758	0
K16759	0
K16760	0
K16761	0
K16762	1
K16763	1
K16764	0
K16765	0
K16766	0
K16767	0
K16768	0
K16769	0
K16770	0
K16771	0
K16772	0
K16773	0
K16774	0
K16775	0
K16776	0
K16777	0
K16778	2
K16779	0
K16780	1
K16781	0
K16782	0
K16783	1201
K16784	1325
K16785	1659
K16786	627
K16787	208
K16788	2
K16789	13
K16790	0
K16791	0
K16792	32
K16793	197
K16794	20
K16795	33
K16796	0
K16797	0
K16798	0
K16799	0
K16800	0
K16801	0
K16802	0
K16803	0
K16804	0
K16805	0
K16806	0
K16807	0
K16808	26
K16809	0
K16810	0
K16811	0
K16812	0
K16813	0
K16814	0
K16815	6
K16816	0
K16817	10
K16818	42
K16819	0
K16820	0
K16821	0
K16822	0
K16823	0
K16824	0
K16825	0
K16826	0
K16827	0
K16828	0
K16829	0
K16830	8
K16831	0
K16832	0
K16833	0
K16834	0
K16835	0
K16836	0
K16837	0
K16838	1
K16839	1849
K16840	1665
K16841	1082
K16842	678
K16843	128
K16844	57
K16845	18
K16846	18
K16847	0
K16848	0
K16849	20
K16850	43
K16851	0
K16852	0
K16853	0
K16854	0
K16855	0
K16856	264
K16857	2
K16858	0
K16859	0
K16860	23
K16861	0
K16862	122
K16865	0
K16866	58
K16867	0
K16868	2492
K16869	365
K16870	3159
K16871	38
K16872	3
K16873	397
K16874	70
K16875	1
K16876	42
K16877	34
K16878	212
K16879	7
K16880	34
K16881	735
K16882	0
K16883	0
K16884	0
K16885	1
K16886	13
K16887	130
K16888	2
K16889	0
K16890	0
K16891	0
K16892	0
K16893	0
K16894	0
K16895	0
K16896	0
K16897	0
K16898	718
K16899	1330
K16900	0
K16901	95
K16902	49
K16903	0
K16904	1014
K16905	236
K16906	271
K16907	209
K16908	0
K16909	0
K16910	71
K16911	12
K16912	0
K16913	0
K16914	643
K16915	159
K16916	0
K16917	0
K16918	186
K16919	92
K16920	5
K16921	510
K16922	915
K16923	341
K16924	125
K16925	1409
K16926	373
K16927	982
K16928	6
K16929	2
K16930	0
K16931	0
K16932	0
K16933	0
K16934	0
K16935	0
K16936	0
K16937	1278
K16938	0
K16939	0
K16940	0
K16941	0
K16942	0
K16943	0
K16944	0
K16945	0
K16946	0
K16947	0
K16948	0
K16949	0
K16950	56
K16951	440
K16952	0
K16953	4
K16954	0
K16955	0
K16956	3
K16957	30
K16958	28
K16959	30
K16960	2
K16961	10
K16962	1
K16963	3
K16964	0
K16965	1
K16966	0
K16967	0
K16968	1
K16969	4
K17043	0
K17044	0
K17045	0
K17046	0
K17047	0
K17048	0
K17049	0
K17050	0
K17051	0
K17052	0
K17053	0
K17054	0
K17055	0
K17056	0
K17057	0
K17058	0
K17059	0
K17060	0
K17061	0
K17062	75
K17063	0
K17064	283
K17065	0
K17066	0
K17067	238
K17068	79
K17069	3
K17070	0
K17071	118
K17072	0
K17073	88
K17074	86
K17076	4
K17077	108
K17078	203
K17079	1
K17080	79
K17081	1
K17082	0
K17083	0
K17084	0
K17085	0
K17086	0
K17087	0
K17088	0
K17089	0
K17090	0
K17091	1
K17092	0
K17093	0
K17094	1
K17095	1
K17096	0
K17097	0
K17098	0
K17099	1
K17100	141
K17101	0
K17102	0
K17103	1622
K17104	16
K17105	964
K17106	0
K17107	0
K17108	105
K17192	0
K17193	0
K17194	0
K17195	45
K17196	0
K17197	0
K17198	0
K17199	5
K17200	0
K17201	0
K17202	69
K17203	65
K17204	59
K17205	1
K17206	234
K17207	1
K17208	0
K17209	3
K17210	0
K17211	0
K17212	9
K17213	161
K17214	46
K17215	8
K17216	5
K17217	83
K17218	942
K17219	0
K17220	0
K17221	0
K17222	9
K17223	20
K17224	10
K17225	114
K17226	11
K17227	9
K17228	1371
K17229	10
K17230	13
K17231	371
K17232	0
K17233	0
K17234	95
K17235	81
K17236	121
K17237	1
K17238	1
K17239	1
K17240	1
K17241	197
K17242	190
K17243	197
K17244	654
K17245	591
K17246	606
K17247	724
K17248	2
K17249	6
K17250	10
K17251	0
K17252	1
K17253	387
K17254	0
K17255	0
K17256	32
K17257	361
K17258	0
K17259	0
K17260	0
K17261	0
K17262	0
K17263	1
K17264	0
K17265	0
K17266	0
K17267	0
K17268	0
K17269	0
K17270	0
K17271	1
K17272	0
K17273	0
K17274	0
K17275	0
K17276	0
K17277	0
K17278	2
K17279	0
K17280	0
K17281	0
K17282	0
K17283	0
K17284	0
K17285	205
K17286	1531
K17287	0
K17288	0
K17289	0
K17290	161
K17291	0
K17292	0
K17293	0
K17294	0
K17295	0
K17296	0
K17297	0
K17298	0
K17299	0
K17300	0
K17301	0
K17302	0
K17303	0
K17304	5
K17305	0
K17306	0
K17307	0
K17308	0
K17309	1
K17310	0
K17311	0
K17312	0
K17313	1
K17314	1
K17315	233
K17316	199
K17317	201
K17318	743
K17319	719
K17320	658
K17321	13
K17322	14
K17323	14
K17324	33
K17325	31
K17326	603
K17327	588
K17328	575
K17329	1210
K17330	1187
K17331	1259
K17332	0
K17333	0
K17334	0
K17335	0
K17336	0
K17337	0
K17338	0
K17339	0
K17340	0
K17341	148
K17342	0
K17343	0
K17344	0
K17345	0
K17346	0
K17347	0
K17348	0
K17349	0
K17350	0
K17351	0
K17352	0
K17353	0
K17354	5
K17355	0
K17356	0
K17357	0
K17358	0
K17359	0
K17360	91
K17361	0
K17362	285
K17363	801
K17364	0
K17382	6
K17383	0
K17384	0
K17385	0
K17386	0
K17387	0
K17388	0
K17390	0
K17391	0
K17392	0
K17398	0
K17399	0
K17400	0
K17401	0
K17402	1
K17403	0
K17404	0
K17405	0
K17406	0
K17407	0
K17408	0
K17409	0
K17410	0
K17411	0
K17412	0
K17413	0
K17414	0
K17415	0
K17417	1
K17418	0
K17419	0
K17420	0
K17421	0
K17422	0
K17423	0
K17424	0
K17425	0
K17426	1
K17427	0
K17428	0
K17429	0
K17430	0
K17431	0
K17432	0
K17433	0
K17434	0
K17435	0
K17436	0
K17437	0
K17438	0
K17439	1
K17440	0
K17441	0
K17442	0
K17443	0
K17444	0
K17445	0
K17446	0
K17447	0
K17448	0
K17449	0
K17450	6
K17451	0
K17452	0
K17453	0
K17454	0
K17455	1
K17456	0
K17457	0
K17458	0
K17459	0
K17460	0
K17461	2
K17462	628
K17463	7
K17464	3
K17465	48
K17466	28
K17467	43
K17468	55
K17469	0
K17470	1
K17471	5
K17472	510
K17473	5
K17474	302
K17475	0
K17476	20
K17477	0
K17478	37
K17479	1
K17480	0
K17481	0
K17482	0
K17483	173
K17484	218
K17485	17
K17486	96
K17487	6
K17488	5
K17489	94
K17490	158
K17491	0
K17492	0
K17493	0
K17494	0
K17495	0
K17496	0
K17497	129
K17498	0
K17499	0
K17500	0
K17501	1
K17502	0
K17503	0
K17504	0
K17505	0
K17506	1
K17507	0
K17508	12
K17509	112
K17510	0
K17511	0
K17512	16
K17513	1
K17514	0
K17515	0
K17516	0
K17517	0
K17518	0
K17519	0
K17520	0
K17521	0
K17522	0
K17523	0
K17524	0
K17525	0
K17526	0
K17527	119
K17528	0
K17529	0
K17530	0
K17531	1
K17532	2
K17533	0
K17534	0
K17535	0
K17536	0
K17537	0
K17538	0
K17539	0
K17540	0
K17541	0
K17542	0
K17543	0
K17544	0
K17545	10
K17546	0
K17547	0
K17548	0
K17549	0
K17550	17
K17551	0
K17552	0
K17553	0
K17554	0
K17555	0
K17556	0
K17557	0
K17558	0
K17559	0
K17560	0
K17561	0
K17562	0
K17563	0
K17564	0
K17565	0
K17566	3
K17567	0
K17568	0
K17569	0
K17570	9
K17571	0
K17572	0
K17573	0
K17574	0
K17575	0
K17576	2
K17577	0
K17578	0
K17579	0
K17580	0
K17581	0
K17582	1
K17583	0
K17584	0
K17586	0
K17587	0
K17588	0
K17589	1
K17590	0
K17591	3
K17592	125
K17593	0
K17594	0
K17595	0
K17596	0
K17597	1
K17598	0
K17599	0
K17600	0
K17601	4
K17602	0
K17603	0
K17604	0
K17605	0
K17606	0
K17607	0
K17608	3
K17609	0
K17610	0
K17611	0
K17612	0
K17613	0
K17614	2
K17615	0
K17616	0
K17617	0
K17618	0
K17619	0
K17620	0
K17621	0
K17622	0
K17623	27
K17624	476
K17625	124
K17626	0
K17630	0
K17631	0
K17632	1
K17633	0
K17634	0
K17635	0
K17636	0
K17637	0
K17638	0
K17639	0
K17640	1038
K17641	1100
K17642	0
K17643	5
K17644	7
K17645	0
K17646	2
K17647	0
K17648	382
K17649	0
K17650	0
K17651	0
K17652	2
K17653	0
K17654	0
K17655	0
K17656	0
K17657	0
K17658	0
K17659	0
K17660	0
K17661	0
K17662	11
K17663	0
K17664	0
K17665	0
K17666	0
K17667	0
K17668	0
K17669	2
K17670	0
K17671	0
K17672	0
K17673	0
K17674	0
K17675	362
K17676	1
K17677	580
K17678	0
K17679	4
K17680	10
K17681	0
K17682	0
K17683	0
K17685	0
K17686	3160
K17687	0
K17689	0
K17690	0
K17691	0
K17692	0
K17693	0
K17694	0
K17695	0
K17696	0
K17697	0
K17698	0
K17699	0
K17700	0
K17701	0
K17702	0
K17703	0
K17704	0
K17705	0
K17706	0
K17707	0
K17708	0
K17709	0
K17710	1
K17711	0
K17712	0
K17713	2184
K17714	0
K17715	0
K17716	159
K17717	62
K17718	0
K17719	0
K17720	0
K17721	0
K17722	12
K17723	14
K17724	614
K17725	9
K17726	0
K17728	0
K17729	0
K17730	0
K17731	0
K17732	173
K17733	564
K17734	1217
K17735	339
K17736	420
K17737	1068
K17738	57
K17739	11
K17740	150
K17741	83
K17742	57
K17743	0
K17744	1
K17745	1
K17746	0
K17747	32
K17748	0
K17749	9
K17750	3
K17751	0
K17752	891
K17753	0
K17754	59
K17755	942
K17756	437
K17757	0
K17758	365
K17759	1
K17760	30
K17761	0
K17762	820
K17763	835
K17764	0
K17765	0
K17766	1
K17767	0
K17768	22
K17769	0
K17770	0
K17771	0
K17772	0
K17773	0
K17774	0
K17775	0
K17776	1
K17777	0
K17778	0
K17779	0
K17780	0
K17781	0
K17782	0
K17783	0
K17784	0
K17785	2
K17786	0
K17787	0
K17788	0
K17789	0
K17790	0
K17791	0
K17792	0
K17793	0
K17794	0
K17795	0
K17796	0
K17797	0
K17798	0
K17799	0
K17800	0
K17801	0
K17802	0
K17803	1396
K17804	10
K17805	0
K17806	0
K17807	0
K17808	0
K17809	0
K17810	1433
K17811	45
K17812	0
K17813	0
K17814	0
K17815	1
K17816	362
K17817	0
K17818	423
K17819	1
K17820	1
K17821	0
K17822	0
K17823	0
K17824	0
K17825	93
K17826	0
K17827	0
K17828	629
K17829	876
K17830	1461
K17831	74
K17832	269
K17833	0
K17834	0
K17835	207
K17836	2645
K17837	1082
K17838	20
K17839	620
K17840	1009
K17841	18
K17842	0
K17843	0
K17844	0
K17845	0
K17846	0
K17847	0
K17848	0
K17849	0
K17850	10
K17851	5
K17852	0
K17853	0
K17854	0
K17861	0
K17862	1
K17863	0
K17864	0
K17865	2698
K17866	0
K17867	125
K17868	0
K17869	110
K17870	27
K17872	3
K17873	0
K17874	0
K17875	0
K17876	1387
K17877	1
K17878	0
K17879	633
K17880	884
K17881	4
K17882	40
K17883	1512
K17884	2581
K17885	0
K17886	2
K17887	0
K17888	0
K17889	0
K17890	13
K17891	0
K17892	0
K17893	8
K17894	0
K17895	0
K17896	0
K17897	0
K17898	24
K17899	25
K17900	13
K17901	0
K17902	0
K17903	0
K17904	0
K17905	0
K17906	0
K17907	0
K17908	0
K17909	0
K17910	1367
K17911	3
K17912	0
K17913	0
K17914	0
K17915	0
K17916	0
K17917	5
K17918	0
K17919	0
K17920	0
K17921	0
K17922	0
K17923	0
K17924	0
K17925	0
K17926	0
K17927	0
K17928	0
K17929	0
K17930	0
K17931	0
K17932	0
K17933	0
K17934	0
K17935	0
K17936	0
K17937	0
K17938	5
K17939	0
K17940	8
K17941	0
K17942	1
K17943	0
K17944	0
K17945	1
K17946	0
K17947	1595
K17948	4
K17949	0
K17950	737
K17951	0
K17952	0
K17953	14
K17958	0
K17960	17
K17961	0
K17962	0
K17963	1
K17964	3
K17965	0
K17966	0
K17967	0
K17968	0
K17969	0
K17970	6
K17971	0
K17972	0
K17973	0
K17974	0
K17975	0
K17976	0
K17977	0
K17978	0
K17979	0
K17980	0
K17981	0
K17982	1
K17983	0
K17984	0
K17985	0
K17986	0
K17987	125
K17988	6
K17989	1
K17990	211
K17991	0
K17992	2
K17993	473
K17994	478
K17995	55
K17996	426
K17997	9
K17998	2
K17999	15
K18000	1
K18001	0
K18002	0
K18003	5
K18004	16
K18005	34
K18006	30
K18007	31
K18008	1
K18009	2632
K18010	0
K18011	188
K18012	193
K18013	1219
K18014	288
K18015	0
K18016	0
K18017	2
K18018	0
K18019	0
K18020	0
K18021	0
K18022	3
K18023	121
K18024	0
K18025	0
K18026	0
K18027	3
K18028	142
K18029	67
K18030	65
K18031	11
K18032	40
K18033	0
K18034	81
K18035	0
K18036	2
K18037	2
K18038	0
K18039	9
K18040	0
K18041	19
K18042	1
K18043	0
K18044	0
K18045	5
K18046	0
K18047	0
K18048	0
K18049	16
K18050	0
K18051	0
K18052	0
K18053	315
K18054	459
K18055	52
K18056	29
K18057	26
K18058	718
K18059	448
K18060	1
K18061	0
K18062	115
K18063	9
K18064	0
K18065	0
K18066	6
K18067	62
K18068	134
K18069	162
K18070	11
K18071	145
K18072	35
K18073	1
K18074	14
K18075	14
K18076	14
K18077	0
K18078	117
K18079	1
K18080	0
K18081	0
K18082	0
K18083	0
K18084	0
K18085	0
K18086	0
K18087	37
K18088	3
K18089	0
K18090	0
K18091	893
K18092	51
K18093	2
K18094	1
K18095	0
K18096	27
K18097	4
K18098	365
K18099	0
K18100	2
K18101	141
K18102	4
K18103	0
K18104	298
K18105	0
K18106	0
K18107	0
K18108	0
K18109	114
K18110	58
K18111	139
K18112	0
K18113	0
K18114	0
K18115	154
K18116	0
K18117	0
K18118	413
K18119	1
K18120	39
K18121	8
K18122	524
K18123	0
K18124	0
K18125	0
K18126	1
K18127	0
K18128	0
K18129	30
K18130	25
K18131	20
K18132	0
K18133	0
K18134	0
K18135	315
K18136	173
K18137	7
K18138	13
K18139	7
K18140	172
K18141	5
K18142	5
K18143	2
K18144	19
K18145	1
K18146	1
K18147	0
K18148	70
K18149	10
K18150	0
K18151	0
K18152	0
K18153	0
K18154	0
K18155	0
K18156	0
K18157	0
K18158	0
K18159	45
K18160	0
K18161	0
K18162	12
K18163	12
K18164	191
K18165	0
K18166	84
K18167	1
K18168	0
K18169	68
K18170	0
K18171	0
K18172	0
K18173	2
K18174	0
K18175	0
K18176	0
K18177	0
K18178	0
K18179	0
K18180	1
K18181	0
K18182	0
K18183	0
K18184	0
K18185	0
K18186	0
K18187	0
K18188	0
K18189	3276
K18190	0
K18191	0
K18192	0
K18193	0
K18194	0
K18195	120
K18196	0
K18197	387
K18198	194
K18199	1691
K18200	46
K18201	472
K18202	0
K18203	13
K18204	579
K18205	106
K18206	341
K18207	0
K18208	230
K18209	794
K18210	17
K18211	0
K18212	0
K18213	0
K18214	545
K18215	657
K18216	0
K18217	1
K18218	172
K18219	0
K18220	720
K18221	628
K18222	0
K18223	171
K18224	181
K18225	222
K18226	166
K18227	3
K18228	0
K18229	88
K18230	2263
K18231	419
K18232	1993
K18233	2306
K18234	631
K18235	2211
K18236	145
K18237	1
K18239	67
K18240	1
K18241	0
K18242	2
K18243	25
K18244	2393
K18245	0
K18246	0
K18247	0
K18248	265
K18249	65
K18250	0
K18251	304
K18252	307
K18253	94
K18254	155
K18255	274
K18256	327
K18257	50
K18258	29
K18259	0
K18260	0
K18261	0
K18262	0
K18263	249
K18264	0
K18265	0
K18266	1
K18267	0
K18268	13
K18269	0
K18270	0
K18271	0
K18272	0
K18273	12
K18274	0
K18275	94
K18276	40
K18277	176
K18278	0
K18279	0
K18280	0
K18281	0
K18282	6
K18283	40
K18284	0
K18285	639
K18286	851
K18287	677
K18288	11
K18289	1062
K18290	2135
K18291	7
K18292	238
K18293	0
K18294	1633
K18295	9
K18296	3
K18297	83
K18298	1
K18299	11
K18300	1
K18301	2391
K18302	74
K18303	13
K18304	12
K18305	948
K18306	179
K18307	11
K18308	0
K18309	3
K18310	11
K18311	1
K18312	3
K18313	1179
K18314	24
K18315	7
K18316	0
K18317	1
K18318	0
K18319	0
K18320	178
K18321	4
K18322	0
K18323	3
K18324	2
K18325	1
K18326	404
K18327	0
K18328	7
K18329	0
K18330	21
K18331	52
K18332	130
K18333	64
K18334	906
K18335	24
K18336	2823
K18337	5
K18338	0
K18339	0
K18340	0
K18341	0
K18342	2
K18343	0
K18344	1
K18345	12
K18346	1183
K18347	188
K18348	24
K18349	140
K18350	138
K18351	1430
K18352	1407
K18353	2707
K18354	718
K18355	1
K18356	0
K18357	0
K18358	0
K18359	3
K18360	13
K18361	4
K18362	24
K18363	0
K18364	156
K18365	995
K18366	28
K18367	1300
K18368	0
K18369	2339
K18370	15
K18371	57
K18372	1332
K18373	1
K18374	0
K18375	0
K18376	0
K18377	1
K18378	0
K18379	0
K18380	0
K18381	0
K18382	383
K18383	87
K18384	0
K18385	0
K18386	2
K18387	110
K18388	0
K18389	0
K18390	0
K18391	0
K18392	0
K18393	0
K18394	0
K18395	0
K18396	1
K18397	0
K18398	1132
K18399	3
K18400	0
K18401	0
K18402	0
K18403	0
K18404	0
K18405	0
K18406	0
K18407	0
K18408	0
K18409	0
K18410	33
K18411	0
K18412	0
K18413	0
K18414	0
K18415	0
K18416	236
K18417	1
K18418	0
K18419	0
K18420	26
K18421	0
K18422	123
K18423	0
K18424	546
K18425	1667
K18426	0
K18427	18
K18428	18
K18429	8
K18430	210
K18431	92
K18433	6
K18434	71
K18435	0
K18436	0
K18437	0
K18438	11
K18439	0
K18440	0
K18441	0
K18442	0
K18443	2
K18444	2
K18445	411
K18446	2209
K18447	0
K18448	0
K18449	0
K18450	0
K18451	0
K18452	0
K18453	12
K18454	258
K18455	2607
K18456	1250
K18457	615
K18458	0
K18459	47
K18460	0
K18461	0
K18462	0
K18463	0
K18464	0
K18465	0
K18466	0
K18467	0
K18468	0
K18469	0
K18470	0
K18471	514
K18472	1033
K18473	0
K18474	0
K18475	3
K18476	2964
K18477	9
K18478	1599
K18479	500
K18480	11
K18481	1382
K18482	0
K18483	0
K18484	0
K18485	0
K18486	0
K18487	0
K18488	0
K18489	0
K18490	0
K18491	155
K18492	0
K18493	0
K18494	0
K18495	0
K18496	0
K18497	0
K18498	0
K18499	0
K18500	11
K18501	11
K18529	0
K18530	0
K18531	7
K18532	22
K18533	5
K18534	1860
K18535	526
K18536	20
K18537	29
K18538	455
K18539	389
K18540	606
K18541	7
K18542	7
K18543	12
K18544	132
K18545	1240
K18546	1959
K18547	648
K18548	114
K18549	10
K18550	0
K18551	10
K18552	0
K18553	1050
K18554	1031
K18555	2021
K18556	3
K18557	2
K18558	0
K18559	0
K18560	14
K18561	0
K18562	144
K18563	1
K18564	1
K18565	9
K18566	67
K18567	1015
K18568	2582
K18569	627
K18570	1
K18571	113
K18572	1897
K18573	83
K18574	1
K18575	1457
K18576	517
K18577	99
K18578	911
K18579	392
K18580	5
K18581	290
K18582	6
K18583	10
K18584	0
K18585	44
K18586	80
K18587	14
K18588	32
K18589	7
K18590	38
K18591	1
K18592	0
K18593	1
K18594	203
K18595	4
K18596	0
K18597	7
K18598	6
K18599	1
K18600	0
K18601	3
K18602	0
K18603	0
K18604	0
K18605	1
K18606	128
K18607	64
K18608	481
K18609	90
K18610	97
K18611	39
K18612	20
K18613	39
K18614	44
K18615	0
K18616	0
K18617	0
K18618	0
K18619	1
K18620	0
K18621	0
K18622	77
K18623	0
K18624	0
K18625	0
K18626	0
K18627	0
K18628	0
K18629	0
K18630	0
K18631	0
K18632	0
K18633	0
K18634	0
K18635	0
K18636	0
K18637	55
K18638	0
K18639	0
K18640	34
K18641	0
K18642	1
K18643	13
K18644	0
K18645	0
K18646	0
K18647	0
K18648	0
K18649	30
K18650	203
K18651	30
K18652	27
K18653	23
K18654	22
K18655	0
K18656	0
K18657	2
K18658	0
K18659	0
K18660	0
K18661	605
K18663	0
K18664	2
K18665	186
K18666	0
K18667	0
K18668	3
K18669	0
K18670	0
K18671	0
K18672	5
K18673	66
K18674	5
K18675	21
K18676	1497
K18677	0
K18678	73
K18679	0
K18680	0
K18681	0
K18682	406
K18683	5
K18684	0
K18685	1
K18686	18
K18687	1311
K18688	1321
K18689	0
K18690	2
K18691	299
K18692	2
K18693	0
K18694	14
K18695	2
K18696	1
K18697	399
K18698	66
K18699	0
K18700	335
K18701	735
K18702	1955
K18703	249
K18704	230
K18705	0
K18706	756
K18707	173
K18708	0
K18709	0
K18710	0
K18711	0
K18712	0
K18713	0
K18714	0
K18715	0
K18716	0
K18717	0
K18718	0
K18719	1
K18720	0
K18721	0
K18722	0
K18723	0
K18724	0
K18725	0
K18726	1
K18727	0
K18728	0
K18729	0
K18730	0
K18731	0
K18732	7
K18733	0
K18734	0
K18735	0
K18736	0
K18737	0
K18738	0
K18739	1
K18740	0
K18741	0
K18742	0
K18743	0
K18744	0
K18745	0
K18746	0
K18747	0
K18748	0
K18749	0
K18750	1
K18751	0
K18752	0
K18753	0
K18754	2
K18755	0
K18756	2
K18757	0
K18758	0
K18759	0
K18760	0
K18761	0
K18762	0
K18763	0
K18764	144
K18765	4
K18766	1
K18767	322
K18768	657
K18769	1
K18770	2
K18772	0
K18773	0
K18774	0
K18775	243
K18776	0
K18777	0
K18778	3
K18779	72
K18780	1
K18781	0
K18782	0
K18783	1
K18784	0
K18785	22
K18786	1
K18787	11
K18788	0
K18789	2
K18790	0
K18791	0
K18792	0
K18793	0
K18794	0
K18795	0
K18796	9
K18797	0
K18798	0
K18799	142
K18800	18
K18801	0
K18802	470
K18803	0
K18804	0
K18806	0
K18807	11
K18808	57
K18809	54
K18810	0
K18811	0
K18812	0
K18813	0
K18814	620
K18815	195
K18816	413
K18817	107
K18818	0
K18819	6
K18820	20
K18821	1
K18822	0
K18823	0
K18824	25
K18825	1
K18826	0
K18827	6
K18828	1233
K18829	55
K18830	211
K18831	1149
K18832	0
K18833	411
K18834	0
K18835	0
K18836	3
K18837	0
K18838	1
K18839	2
K18840	2
K18841	3
K18842	9
K18843	360
K18844	928
K18845	22
K18846	46
K18847	59
K18848	2
K18849	0
K18850	413
K18851	1555
K18852	477
K18853	15
K18854	0
K18855	588
K18856	13
K18857	0
K18858	0
K18859	0
K18860	0
K18861	0
K18862	171
K18866	1
K18873	0
K18874	2
K18875	2
K18876	0
K18877	1
K18878	0
K18879	0
K18880	0
K18881	11
K18882	0
K18883	0
K18884	0
K18885	0
K18886	437
K18887	2833
K18888	2254
K18889	539
K18890	1324
K18891	1
K18892	7
K18893	286
K18894	862
K18895	340
K18896	1059
K18897	1014
K18898	7
K18899	0
K18900	145
K18901	282
K18902	4
K18903	2
K18904	6
K18905	444
K18906	65
K18907	52
K18908	555
K18909	403
K18910	914
K18911	1616
K18912	1637
K18913	1082
K18914	1812
K18915	210
K18916	37
K18917	2651
K18918	1183
K18919	2
K18920	2
K18921	0
K18922	0
K18923	356
K18924	1
K18925	1
K18926	1869
K18927	0
K18928	1611
K18929	1624
K18930	969
K18931	3
K18932	5
K18933	158
K18934	119
K18935	50
K18936	161
K18937	353
K18938	0
K18939	1239
K18940	66
K18941	62
K18942	1
K18943	1
K18944	1
K18945	1
K18946	1
K18947	1
K18948	1
K18949	0
K18950	1
K18951	1
K18952	0
K18953	1
K18954	1150
K18955	3117
K18956	325
K18957	474
K18958	1864
K18959	1
K18960	291
K18961	1
K18962	35
K18963	0
K18964	0
K18966	0
K18967	191
K18968	322
K18969	0
K18970	0
K18971	0
K18972	0
K18973	1
K18974	40
K18975	18
K18976	0
K18977	0
K18978	11
K18979	327
K18980	5
K18981	1167
K18982	249
K18983	1157
K18984	0
K18985	0
K18986	3
K18987	7
K18988	1696
K18989	8
K18990	33
K18991	1562
K18992	2
K18993	0
K18994	0
K18995	0
K18996	40
K18997	374
K18998	0
K18999	0
K19000	0
K19001	13
K19002	1573
K19003	1064
K19004	0
K19005	317
K19006	0
K19007	1
K19008	0
K19009	0
K19010	0
K19011	0
K19012	0
K19013	5
K19014	0
K19015	0
K19016	0
K19017	0
K19018	0
K19019	0
K19020	1
K19021	0
K19022	0
K19023	0
K19024	0
K19025	0
K19026	0
K19027	0
K19028	0
K19029	0
K19030	0
K19031	4
K19032	0
K19033	0
K19034	0
K19035	0
K19036	675
K19037	0
K19038	0
K19039	0
K19040	0
K19041	0
K19042	0
K19043	0
K19044	0
K19045	0
K19046	692
K19047	7
K19048	0
K19049	32
K19050	0
K19051	23
K19052	328
K19053	0
K19054	0
K19055	334
K19056	0
K19057	50
K19058	32
K19059	58
K19060	90
K19061	433
K19062	667
K19063	0
K19064	339
K19065	620
K19066	1
K19067	35
K19068	153
K19069	14
K19070	0
K19071	1
K19072	0
K19073	89
K19074	0
K19075	33
K19076	55
K19077	9
K19078	20
K19079	0
K19080	1
K19081	150
K19082	130
K19083	4
K19084	98
K19085	2
K19086	0
K19087	0
K19088	34
K19089	0
K19090	33
K19091	76
K19092	321
K19093	34
K19094	6
K19095	4
K19096	0
K19097	27
K19098	0
K19099	0
K19100	0
K19101	5
K19102	94
K19103	15
K19104	48
K19105	5
K19106	499
K19107	9
K19108	5
K19109	4
K19110	3
K19111	0
K19112	235
K19113	787
K19114	1
K19115	1
K19116	1
K19117	141
K19118	126
K19119	123
K19120	0
K19121	1
K19122	0
K19123	712
K19124	720
K19125	716
K19126	731
K19127	0
K19128	0
K19129	0
K19130	0
K19131	186
K19132	159
K19133	66
K19134	77
K19135	2
K19136	25
K19137	39
K19138	11
K19139	11
K19140	9
K19141	7
K19142	11
K19143	0
K19144	0
K19145	2
K19146	0
K19147	746
K19148	0
K19149	0
K19150	0
K19151	0
K19152	0
K19153	0
K19154	0
K19155	2
K19156	405
K19157	215
K19158	821
K19159	1124
K19160	0
K19161	1
K19162	2
K19163	1
K19164	130
K19165	1652
K19166	7
K19167	30
K19168	11
K19169	304
K19170	134
K19171	864
K19172	54
K19173	168
K19174	2
K19175	165
K19176	30
K19177	0
K19178	0
K19179	11
K19180	101
K19181	113
K19182	0
K19183	313
K19184	0
K19185	396
K19186	16
K19187	32
K19188	63
K19189	405
K19190	742
K19191	5
K19192	0
K19193	0
K19194	0
K19195	0
K19196	0
K19197	0
K19198	0
K19199	0
K19200	555
K19201	0
K19202	0
K19203	380
K19204	367
K19205	65
K19206	66
K19207	76
K19208	245
K19209	0
K19210	0
K19211	0
K19212	0
K19213	0
K19214	2
K19215	0
K19216	0
K19217	0
K19218	4
K19219	2
K19220	352
K19221	1845
K19222	2968
K19223	1542
K19224	166
K19225	2891
K19226	3
K19227	4
K19228	3
K19229	3
K19230	3
K19231	128
K19232	1
K19233	1
K19234	1438
K19235	120
K19236	6
K19237	0
K19238	0
K19239	1687
K19240	2
K19241	0
K19242	4
K19243	53
K19244	1123
K19245	14
K19246	24
K19247	0
K19248	0
K19249	0
K19251	3
K19252	0
K19253	0
K19254	0
K19255	0
K19256	4
K19257	0
K19258	0
K19259	0
K19260	0
K19261	0
K19262	0
K19263	0
K19264	0
K19265	1938
K19266	744
K19267	2720
K19268	271
K19269	12
K19270	2353
K19271	133
K19272	36
K19273	33
K19274	0
K19275	1
K19276	23
K19277	2
K19278	2
K19279	9
K19280	20
K19281	10
K19282	0
K19283	0
K19284	0
K19285	548
K19286	1570
K19287	1
K19288	0
K19289	3
K19290	0
K19291	52
K19292	2
K19293	0
K19294	207
K19295	184
K19296	28
K19297	0
K19298	0
K19299	11
K19300	214
K19301	3
K19302	3145
K19303	195
K19304	2782
K19305	4
K19306	0
K19307	3
K19308	0
K19309	73
K19310	1332
K19311	2161
K19312	34
K19313	0
K19314	7
K19315	0
K19316	28
K19317	1
K19318	0
K19319	0
K19320	0
K19321	0
K19322	0
K19323	0
K19324	0
K19325	0
K19326	4
K19327	0
K19328	0
K19329	81
K19330	0
K19331	0
K19332	0
K19333	2544
K19334	91
K19335	119
K19336	221
K19337	1845
K19338	799
K19339	3
K19340	9
K19341	160
K19342	99
K19343	1
K19344	1
K19345	19
K19346	0
K19347	1
K19348	0
K19349	3
K19350	4
K19351	0
K19352	0
K19353	4
K19354	163
K19355	371
K19356	0
K19357	0
K19358	0
K19360	1177
K19361	0
K19362	0
K19363	0
K19364	0
K19365	1
K19366	0
K19367	0
K19368	0
K19369	16
K19370	179
K19371	0
K19372	0
K19373	1015
K19374	0
K19375	9
K19376	0
K19377	0
K19378	0
K19379	0
K19380	0
K19381	0
K19382	0
K19383	0
K19384	0
K19385	0
K19386	5
K19387	0
K19388	0
K19389	0
K19390	0
K19391	1
K19392	0
K19393	2
K19394	0
K19395	0
K19396	1
K19397	0
K19398	0
K19399	0
K19400	0
K19401	0
K19402	0
K19403	1
K19404	0
K19405	1
K19406	0
K19407	0
K19408	20
K19409	6
K19410	0
K19411	4
K19412	0
K19413	8
K19414	0
K19415	0
K19416	39
K19417	0
K19418	35
K19419	99
K19420	116
K19421	2
K19422	15
K19423	225
K19424	195
K19425	152
K19426	29
K19427	603
K19428	54
K19429	391
K19430	245
K19431	2
K19432	1
K19433	0
K19434	0
K19435	0
K19436	0
K19437	0
K19438	0
K19439	0
K19440	0
K19441	0
K19442	0
K19443	0
K19444	0
K19445	0
K19446	0
K19447	0
K19448	0
K19449	1312
K19450	0
K19451	0
K19452	0
K19453	0
K19454	0
K19455	0
K19456	0
K19457	0
K19458	0
K19459	0
K19460	0
K19461	0
K19462	0
K19463	0
K19464	0
K19465	237
K19466	0
K19467	6
K19469	0
K19470	0
K19471	0
K19472	0
K19473	0
K19474	0
K19475	0
K19476	0
K19477	2
K19478	0
K19479	0
K19480	0
K19481	0
K19482	0
K19483	17
K19484	0
K19485	0
K19486	0
K19487	0
K19488	0
K19489	0
K19490	0
K19491	0
K19492	0
K19493	0
K19494	0
K19495	0
K19496	0
K19497	0
K19498	0
K19499	0
K19500	0
K19501	0
K19502	0
K19503	0
K19504	227
K19505	22
K19506	76
K19507	73
K19508	89
K19509	85
K19510	133
K19511	230
K19512	0
K19513	0
K19514	0
K19515	0
K19516	0
K19517	42
K19518	0
K19519	1638
K19520	0
K19521	0
K19522	0
K19523	2
K19524	0
K19525	1
K19526	0
K19527	0
K19528	0
K19529	0
K19530	0
K19531	0
K19532	303
K19533	3
K19534	0
K19535	0
K19536	0
K19537	0
K19538	0
K19539	0
K19540	213
K19541	92
K19542	1562
K19543	0
K19544	7
K19545	454
K19546	104
K19547	43
K19548	87
K19549	0
K19550	8
K19551	1
K19552	1
K19553	0
K19554	0
K19555	0
K19556	0
K19557	0
K19558	0
K19559	0
K19560	0
K19561	6
K19562	0
K19563	0
K19564	1386
K19565	0
K19566	1
K19567	72
K19568	21
K19569	108
K19570	1222
K19571	0
K19572	0
K19573	0
K19574	0
K19575	707
K19576	431
K19577	2408
K19578	11
K19579	0
K19580	419
K19581	0
K19582	0
K19583	1
K19584	0
K19585	3
K19586	12
K19587	426
K19588	76
K19589	9
K19590	2
K19591	3026
K19592	6
K19593	2
K19594	2
K19595	326
K19596	2
K19597	15
K19598	0
K19599	22
K19600	0
K19601	0
K19602	0
K19603	0
K19604	0
K19605	0
K19606	0
K19607	11
K19608	0
K19609	0
K19610	58
K19611	6
K19612	6
K19613	132
K19614	0
K19615	0
K19616	36
K19617	0
K19618	0
K19619	300
K19620	124
K19621	11
K19622	281
K19623	817
K19624	0
K19625	0
K19626	3
K19627	0
K19628	92
K19629	0
K19630	1
K19631	0
K19632	0
K19633	1
K19634	0
K19635	1
K19636	77
K19637	1
K19638	0
K19639	183
K19640	368
K19641	2
K19642	0
K19643	0
K19644	0
K19645	0
K19646	29
K19647	36
K19648	43
K19649	115
K19650	0
K19651	0
K19652	10
K19653	1
K19654	0
K19655	0
K19656	4
K19657	0
K19658	1530
K19659	2
K19660	0
K19661	35
K19662	0
K19663	0
K19664	7
K19665	28
K19666	48
K19667	0
K19668	1552
K19669	7
K19670	2116
K19671	0
K19672	0
K19673	3
K19674	0
K19675	0
K19676	1
K19677	1
K19678	2
K19679	0
K19680	0
K19681	0
K19682	0
K19683	0
K19684	0
K19685	0
K19686	359
K19687	287
K19688	0
K19689	240
K19690	130
K19691	788
K19692	91
K19693	17
K19694	1098
K19695	8
K19696	44
K19697	4
K19698	5
K19699	0
K19700	430
K19701	905
K19702	836
K19703	129
K19704	0
K19705	0
K19706	358
K19707	561
K19708	0
K19709	0
K19710	2953
K19711	5
K19712	11
K19713	1
K19714	0
K19715	22
K19716	0
K19717	2
K19718	0
K19719	0
K19720	1
K19721	1
K19722	0
K19723	82
K19724	2
K19725	5
K19726	5
K19727	1223
K19728	0
K19729	0
K19730	0
K19731	34
K19732	8
K19733	0
K19734	7
K19735	0
K19736	2732
K19737	0
K19738	0
K19739	0
K19740	0
K19741	10
K19742	15
K19743	126
K19744	5
K19745	1018
K19746	268
K19747	0
K19748	0
K19749	0
K19750	0
K19751	0
K19752	0
K19753	0
K19754	0
K19755	2
K19756	0
K19757	0
K19758	0
K19759	1
K19760	331
K19761	126
K19762	0
K19763	0
K19764	0
K19765	0
K19766	0
K19767	0
K19768	0
K19769	0
K19770	0
K19771	0
K19772	0
K19773	0
K19774	0
K19775	2
K19776	1940
K19777	570
K19778	6
K19779	16
K19780	0
K19781	35
K19782	0
K19783	359
K19784	2281
K19785	0
K19786	0
K19787	0
K19788	3242
K19789	3017
K19790	0
K19791	5
K19792	92
K19793	920
K19794	150
K19795	421
K19796	1
K19797	59
K19798	0
K19799	0
K19800	0
K19801	0
K19802	550
K19803	2
K19804	52
K19805	0
K19806	0
K19807	0
K19808	0
K19809	877
K19810	4
K19811	713
K19812	0
K19813	1000
K19814	2
K19815	0
K19816	0
K19817	4
K19818	11
K19819	80
K19820	9
K19821	0
K19822	8
K19823	72
K19824	143
K19825	1
K19826	33
K19827	0
K19828	5
K19829	0
K19830	0
K19831	0
K19832	0
K19833	0
K19834	1
K19835	7
K19836	0
K19837	252
K19838	0
K19839	1
K19840	0
K19841	1
K19842	0
K19843	0
K19844	0
K19845	0
K19846	0
K19847	0
K19848	0
K19849	1
K19850	9
K19851	0
K19852	0
K19853	35
K19854	12
K19855	1173
K19856	57
K19857	5
K19858	1
K19859	18
K19860	0
K19861	0
K19862	0
K19863	0
K19864	0
K19865	9
K19866	0
K19867	0
K19868	18
K19869	1
K19870	3
K19871	0
K19872	3
K19873	22
K19874	0
K19875	0
K19876	0
K19877	0
K19878	0
K19879	0
K19880	0
K19881	0
K19882	18
K19883	2
K19884	2
K19885	3
K19886	0
K19887	0
K19888	33
K19889	39
K19890	20
K19891	1
K19892	0
K19893	1
K19894	0
K19895	0
K19896	0
K19897	20
K19898	0
K19899	0
K19900	0
K19901	1
K19902	0
K19903	0
K19904	0
K19905	0
K19906	0
K19907	0
K19908	0
K19909	0
K19910	0
K19911	0
K19912	0
K19913	0
K19914	0
K19915	0
K19916	0
K19917	0
K19918	0
K19919	0
K19920	0
K19921	0
K19922	3
K19923	0
K19924	0
K19925	0
K19926	0
K19927	0
K19928	0
K19929	0
K19930	0
K19931	0
K19932	0
K19933	0
K19934	1
K19935	0
K19936	0
K19937	0
K19938	0
K19939	0
K19940	0
K19941	0
K19942	0
K19943	2
K19944	0
K19945	0
K19946	0
K19947	0
K19948	0
K19949	0
K19950	2
K19951	0
K19952	0
K19953	0
K19954	217
K19955	202
K19956	54
K19957	1
K19958	0
K19959	0
K19960	124
K19961	57
K19962	30
K19963	87
K19964	0
K19965	165
K19966	47
K19967	1087
K19968	0
K19969	172
K19970	1
K19971	0
K19972	0
K19973	19
K19974	54
K19975	64
K19976	20
K19977	70
K19978	542
K19979	80
K19980	3
K19981	83
K19982	363
K19983	0
K19984	0
K19985	0
K19986	0
K19987	0
K19988	0
K19989	0
K19990	0
K19991	0
K19992	0
K19993	0
K19994	0
K19995	0
K19996	0
K19997	378
K19998	0
K19999	0
K20000	2
K20001	0
K20002	0
K20003	0
K20004	0
K20005	0
K20006	0
K20007	0
K20008	0
K20009	0
K20010	0
K20011	0
K20012	0
K20013	0
K20014	0
K20015	0
K20016	0
K20017	0
K20018	0
K20019	0
K20020	1
K20021	0
K20022	2
K20023	423
K20024	0
K20025	0
K20026	0
K20027	0
K20028	0
K20029	0
K20030	0
K20031	0
K20032	49
K20033	2
K20034	1955
K20035	1860
K20036	72
K20037	49
K20038	48
K20039	123
K20040	0
K20041	0
K20042	0
K20043	0
K20044	0
K20045	2
K20046	0
K20047	1
K20048	0
K20049	0
K20050	0
K20051	189
K20052	0
K20053	7
K20054	0
K20055	0
K20056	0
K20057	0
K20058	0
K20059	0
K20060	0
K20061	1
K20062	0
K20063	0
K20064	0
K20065	0
K20066	0
K20067	0
K20068	0
K20069	0
K20070	0
K20071	0
K20072	0
K20073	8
K20074	3293
K20075	69
K20076	187
K20077	118
K20078	101
K20079	627
K20080	11
K20081	121
K20082	389
K20084	15
K20085	23
K20086	0
K20087	16
K20088	0
K20089	0
K20090	0
K20091	1
K20092	350
K20093	8
K20094	0
K20095	2
K20096	1
K20097	59
K20098	2
K20099	0
K20100	0
K20101	1
K20102	1
K20103	0
K20104	0
K20105	0
K20106	0
K20108	0
K20109	42
K20110	15
K20111	0
K20112	2
K20113	2
K20114	8
K20115	0
K20118	18
K20119	0
K20120	0
K20121	0
K20122	0
K20123	0
K20124	0
K20125	0
K20126	0
K20127	0
K20128	0
K20129	0
K20130	0
K20131	0
K20132	0
K20133	0
K20134	0
K20135	2
K20136	25
K20137	0
K20138	611
K20139	0
K20140	1
K20141	1
K20142	0
K20143	7
K20144	0
K20145	1
K20146	61
K20147	44
K20148	1
K20149	13
K20150	2
K20151	1
K20152	39
K20153	1
K20154	0
K20155	41
K20156	197
K20157	205
K20158	215
K20159	119
K20160	0
K20161	0
K20162	0
K20163	0
K20164	0
K20165	0
K20166	0
K20167	0
K20168	0
K20169	65
K20170	104
K20171	0
K20172	0
K20173	0
K20174	0
K20175	2
K20176	0
K20177	0
K20178	0
K20179	0
K20180	0
K20181	0
K20182	0
K20183	0
K20184	0
K20185	0
K20186	0
K20187	0
K20188	0
K20189	0
K20190	0
K20191	0
K20192	0
K20193	0
K20194	0
K20195	0
K20196	0
K20197	0
K20198	0
K20199	201
K20200	0
K20201	110
K20202	0
K20203	135
K20204	389
K20205	0
K20206	18
K20207	1
K20208	39
K20209	2
K20210	0
K20211	0
K20212	0
K20213	0
K20214	0
K20215	0
K20216	4
K20217	0
K20218	8
K20219	204
K20220	0
K20221	0
K20222	0
K20223	0
K20224	0
K20225	0
K20226	0
K20227	0
K20228	0
K20229	0
K20230	1
K20231	0
K20232	0
K20233	0
K20234	0
K20235	0
K20236	0
K20237	2
K20238	1
K20239	0
K20240	0
K20241	0
K20242	0
K20243	0
K20244	0
K20245	1
K20246	1
K20247	0
K20248	0
K20249	0
K20250	0
K20251	0
K20252	0
K20253	0
K20254	1
K20255	0
K20256	0
K20257	179
K20258	0
K20259	0
K20260	102
K20261	286
K20262	270
K20263	394
K20264	30
K20265	763
K20266	8
K20267	0
K20268	11
K20269	51
K20270	0
K20271	0
K20272	10
K20273	710
K20274	144
K20275	33
K20276	89
K20277	0
K20278	0
K20279	1
K20280	0
K20281	0
K20282	15
K20283	24
K20284	0
K20285	21
K20286	4
K20287	0
K20288	0
K20289	0
K20290	0
K20291	1
K20292	0
K20293	0
K20294	0
K20295	0
K20296	0
K20297	0
K20298	3
K20299	0
K20300	0
K20301	0
K20302	0
K20303	0
K20304	0
K20305	1
K20306	0
K20307	1
K20308	4
K20309	3
K20310	0
K20311	0
K20312	0
K20313	0
K20314	0
K20315	2
K20316	0
K20317	5
K20318	0
K20319	37
K20320	1
K20321	0
K20322	0
K20323	0
K20324	1
K20325	1535
K20326	1
K20327	434
K20328	131
K20329	12
K20330	8
K20331	768
K20332	93
K20333	431
K20334	3
K20335	0
K20336	0
K20337	2
K20338	0
K20339	166
K20340	23
K20341	0
K20342	18
K20343	2
K20344	53
K20345	13
K20346	0
K20347	0
K20348	0
K20349	0
K20350	0
K20351	0
K20352	0
K20353	1
K20354	0
K20355	0
K20356	0
K20357	0
K20358	0
K20359	0
K20360	0
K20361	33
K20362	0
K20363	0
K20364	0
K20365	0
K20366	0
K20367	4
K20368	0
K20369	1
K20370	67
K20371	2
K20372	0
K20373	6
K20374	7
K20375	2
K20376	0
K20377	0
K20378	0
K20379	48
K20380	0
K20381	0
K20382	69
K20383	0
K20384	2
K20385	434
K20386	9
K20387	0
K20388	33
K20389	0
K20390	0
K20391	23
K20392	1
K20393	0
K20394	6
K20395	0
K20396	0
K20397	0
K20398	0
K20399	0
K20400	0
K20401	0
K20402	0
K20403	1
K20404	2
K20405	0
K20406	0
K20407	0
K20408	3
K20409	0
K20410	0
K20411	0
K20412	0
K20413	1
K20414	0
K20415	10
K20416	0
K20417	1
K20418	121
K20419	92
K20420	1177
K20421	708
K20422	17
K20423	38
K20424	79
K20425	51
K20426	34
K20427	48
K20428	41
K20429	39
K20430	38
K20431	272
K20432	53
K20433	39
K20434	26
K20435	59
K20436	12
K20437	584
K20438	88
K20439	10
K20440	2
K20441	2
K20442	33
K20443	54
K20444	341
K20445	1
K20446	2
K20447	34
K20448	42
K20449	8
K20450	0
K20451	191
K20452	103
K20453	111
K20454	714
K20455	3
K20456	0
K20457	1
K20458	0
K20459	1184
K20460	352
K20461	1121
K20462	0
K20463	0
K20464	0
K20465	1
K20466	1052
K20467	605
K20468	1991
K20469	3256
K20470	1647
K20471	0
K20472	0
K20473	0
K20474	0
K20475	0
K20476	0
K20477	0
K20478	1
K20479	0
K20480	350
K20481	0
K20482	24
K20483	741
K20484	709
K20485	415
K20486	931
K20487	147
K20488	126
K20489	7
K20490	325
K20491	314
K20492	125
K20493	0
K20494	0
K20495	0
K20496	0
K20497	953
K20498	1
K20499	91
K20500	44
K20501	19
K20502	1
K20503	0
K20504	1
K20505	7
K20506	0
K20507	0
K20508	21
K20509	40
K20510	10
K20511	10
K20512	0
K20513	0
K20514	0
K20515	0
K20516	0
K20517	0
K20518	0
K20519	0
K20520	0
K20521	0
K20522	2
K20523	4
K20524	0
K20525	483
K20526	1
K20527	4
K20528	9
K20529	3
K20530	22
K20531	5
K20532	3
K20533	5
K20534	1059
K20535	0
K20536	0
K20537	0
K20538	0
K20539	301
K20540	0
K20541	59
K20542	177
K20543	150
K20544	0
K20545	0
K20546	0
K20547	626
K20548	0
K20549	12
K20550	256
K20551	10
K20552	0
K20553	0
K20555	0
K20556	0
K20557	0
K20558	0
K20559	0
K20560	0
K20561	0
K20562	0
K20563	0
K20564	0
K20565	29
K20566	3
K20567	4
K20568	2
K20569	198
K20570	1
K20571	2
K20572	2
K20573	0
K20574	8
K20575	2
K20576	18
K20577	2
K20578	2
K20579	15
K20580	1
K20581	1
K20582	1
K20583	6
K20584	3
K20585	2
K20586	0
K20587	0
K20588	1
K20589	0
K20590	0
K20591	0
K20592	17
K20593	0
K20594	8
K20595	0
K20596	0
K20597	0
K20598	9
K20599	3
K20600	0
K20602	0
K20603	0
K20604	5
K20605	0
K20606	1
K20607	0
K20608	357
K20609	2
K20610	24
K20611	803
K20612	9
K20613	75
K20614	11
K20615	52
K20616	76
K20617	0
K20618	0
K20619	0
K20620	0
K20621	0
K20622	0
K20623	0
K20624	0
K20625	37
K20626	0
K20627	1
K20628	501
K20629	0
K20630	0
K20631	0
K20632	0
K20633	0
K20634	0
K20635	0
K20636	0
K20637	0
K20638	0
K20639	0
K20640	0
K20641	0
K20642	1
K20643	0
K20644	0
K20645	0
K20646	0
K20647	0
K20648	0
K20649	0
K20650	0
K20651	0
K20652	0
K20653	0
K20654	0
K20655	0
K20656	2
K20657	0
K20658	0
K20659	0
K20660	0
K20661	0
K20662	0
K20663	0
K20664	1
K20665	0
K20666	0
K20667	0
K20668	2
K20669	0
K20670	1
K20671	1
K20672	0
K20673	0
K20674	0
K20675	0
K20676	0
K20677	0
K20678	0
K20679	27
K20680	0
K20681	2
K20682	2
K20683	0
K20684	0
K20685	0
K20686	0
K20687	0
K20688	0
K20689	0
K20690	0
K20691	0
K20692	66
K20693	0
K20694	0
K20695	0
K20696	0
K20697	7
K20698	0
K20699	0
K20700	0
K20701	0
K20702	0
K20703	0
K20704	0
K20705	0
K20706	0
K20707	0
K20708	21
K20709	0
K20710	0
K20711	0
K20712	3130
K20713	0
K20714	0
K20715	127
K20716	1
K20717	0
K20718	0
K20719	82
K20720	0
K20721	0
K20722	0
K20723	0
K20724	0
K20725	0
K20726	0
K20727	0
K20728	408
K20729	0
K20730	1
K20731	1
K20732	7
K20733	0
K20734	0
K20735	0
K20736	0
K20737	0
K20738	0
K20739	0
K20740	0
K20741	3
K20742	290
K20743	33
K20744	62
K20745	0
K20746	0
K20747	0
K20748	0
K20749	0
K20750	0
K20751	0
K20752	1
K20753	0
K20754	896
K20755	0
K20756	0
K20757	89
K20758	8
K20759	0
K20760	47
K20761	435
K20762	427
K20763	2
K20764	11
K20765	146
K20766	22
K20767	0
K20768	0
K20769	0
K20770	0
K20771	0
K20772	24
K20773	0
K20774	0
K20775	0
K20776	0
K20777	0
K20778	0
K20779	0
K20780	10
K20781	0
K20782	0
K20783	0
K20784	0
K20785	0
K20786	47
K20787	483
K20788	2
K20789	761
K20790	1
K20791	8
K20792	0
K20793	3
K20794	0
K20795	0
K20796	0
K20797	0
K20798	894
K20799	0
K20800	0
K20801	181
K20802	121
K20803	0
K20804	0
K20805	0
K20806	10
K20807	314
K20808	0
K20809	0
K20810	602
K20811	0
K20812	0
K20813	2
K20814	2637
K20815	0
K20816	385
K20817	2
K20818	0
K20819	0
K20820	0
K20821	0
K20822	0
K20823	0
K20824	0
K20825	0
K20826	0
K20827	0
K20828	0
K20829	467
K20830	25
K20831	0
K20832	293
K20833	0
K20834	0
K20835	0
K20836	377
K20837	0
K20838	499
K20839	0
K20840	0
K20841	0
K20842	0
K20843	0
K20844	400
K20845	28
K20846	169
K20847	510
K20848	0
K20849	0
K20850	1
K20851	15
K20852	0
K20853	0
K20854	0
K20855	0
K20856	0
K20857	0
K20858	0
K20859	47
K20860	1
K20861	825
K20862	1335
K20863	0
K20864	1
K20865	7
K20866	1510
K20867	0
K20868	2
K20869	0
K20870	0
K20871	0
K20872	0
K20873	0
K20875	0
K20876	0
K20877	6
K20878	1
K20879	0
K20880	0
K20881	2
K20882	588
K20883	12
K20884	198
K20885	445
K20886	0
K20887	1
K20888	0
K20889	0
K20890	3
K20891	28
K20892	2
K20893	0
K20894	0
K20895	66
K20896	87
K20897	0
K20898	0
K20899	1
K20900	142
K20901	98
K20902	613
K20903	6
K20904	7
K20906	17
K20907	20
K20908	0
K20909	2
K20910	0
K20911	0
K20912	0
K20913	0
K20914	0
K20915	0
K20916	0
K20917	0
K20918	280
K20919	5
K20920	12
K20921	0
K20922	329
K20923	3
K20924	0
K20925	0
K20926	118
K20927	181
K20928	18
K20929	1
K20930	12
K20931	11
K20932	464
K20933	0
K20934	0
K20935	0
K20936	5
K20937	0
K20938	1220
K20939	2
K20940	1102
K20941	79
K20942	103
K20943	51
K20944	7
K20945	1
K20946	3
K20947	3
K20948	23
K20949	0
K20950	337
K20951	0
K20952	1
K20953	0
K20954	6
K20955	50
K20956	69
K20957	0
K20958	0
K20959	1
K20960	8
K20961	0
K20962	950
K20963	168
K20964	7
K20965	47
K20966	16
K20967	16
K20968	0
K20971	101
K20972	59
K20973	23
K20974	577
K20975	49
K20976	313
K20977	250
K20978	31
K20979	0
K20980	0
K20981	1
K20982	0
K20983	1
K20984	0
K20985	1
K20986	33
K20987	1
K20988	9
K20989	121
K20990	0
K20991	0
K20992	84
K20993	0
K20994	0
K20995	1
K20996	0
K20997	2384
K20998	1
K20999	489
K21000	1635
K21001	420
K21002	2
K21003	751
K21004	8
K21005	125
K21006	26
K21007	57
K21008	3
K21009	47
K21010	48
K21011	733
K21012	53
K21013	0
K21014	552
K21015	1
K21016	165
K21017	33
K21018	2
K21019	1138
K21020	34
K21021	1511
K21022	868
K21023	1382
K21024	1835
K21025	141
K21026	0
K21027	2
K21028	5
K21029	878
K21030	94
K21031	0
K21032	0
K21033	481
K21034	119
K21035	257
K21036	464
K21037	0
K21038	1
K21039	16
K21040	0
K21041	0
K21042	0
K21043	0
K21044	0
K21045	0
K21046	0
K21047	0
K21048	0
K21049	0
K21050	0
K21051	0
K21052	2
K21053	1032
K21054	27
K21055	1
K21056	7
K21057	3
K21058	0
K21059	53
K21060	11
K21061	1386
K21062	792
K21063	0
K21064	3225
K21065	109
K21066	4
K21067	0
K21068	0
K21069	0
K21070	0
K21071	2885
K21072	0
K21073	0
K21074	0
K21075	0
K21076	0
K21077	0
K21078	0
K21079	1
K21080	0
K21081	0
K21082	0
K21083	0
K21084	1703
K21085	59
K21086	3
K21087	34
K21088	296
K21089	7
K21090	2
K21092	0
K21093	0
K21094	0
K21095	0
K21096	0
K21097	0
K21098	0
K21099	0
K21100	0
K21101	28
K21102	1
K21103	18
K21104	518
K21105	22
K21106	20
K21107	2
K21108	0
K21109	0
K21110	0
K21111	0
K21112	0
K21113	1
K21114	0
K21115	73
K21116	4
K21117	131
K21118	0
K21119	824
K21120	8
K21121	0
K21122	0
K21123	0
K21124	24
K21126	0
K21127	0
K21128	6
K21129	0
K21130	2
K21131	30
K21132	16
K21133	1
K21134	9
K21135	10
K21136	22
K21137	34
K21138	697
K21140	1509
K21141	2
K21142	64
K21143	0
K21144	0
K21145	0
K21146	66
K21147	2887
K21148	1458
K21149	0
K21150	0
K21151	0
K21152	0
K21153	4
K21154	0
K21155	0
K21156	0
K21157	0
K21158	0
K21159	1715
K21160	118
K21161	179
K21162	605
K21163	440
K21164	1100
K21165	101
K21166	130
K21167	1652
K21168	364
K21169	28
K21170	51
K21171	69
K21172	1223
K21173	30
K21174	28
K21175	51
K21176	111
K21177	474
K21178	68
K21179	14
K21180	44
K21181	45
K21182	73
K21183	211
K21184	231
K21185	1076
K21186	198
K21187	1
K21188	60
K21189	329
K21190	66
K21191	10
K21192	12
K21193	533
K21194	7
K21195	59
K21196	127
K21197	0
K21198	2
K21199	606
K21200	706
K21201	0
K21202	0
K21203	0
K21204	0
K21205	0
K21206	0
K21207	0
K21208	0
K21209	914
K21210	243
K21211	337
K21212	269
K21213	3
K21214	921
K21215	9
K21216	1475
K21217	0
K21218	14
K21219	7
K21220	0
K21221	114
K21222	24
K21223	0
K21224	53
K21225	0
K21226	2244
K21227	1
K21228	0
K21229	0
K21230	10
K21231	1
K21232	2
K21233	0
K21234	0
K21235	0
K21236	0
K21237	0
K21238	0
K21239	0
K21240	1
K21241	0
K21242	0
K21243	0
K21244	0
K21245	0
K21246	1
K21247	0
K21248	0
K21249	0
K21250	0
K21251	720
K21252	12
K21253	0
K21254	18
K21255	696
K21256	39
K21257	7
K21258	76
K21259	105
K21260	19
K21261	243
K21262	9
K21263	126
K21264	127
K21265	162
K21266	0
K21267	1021
K21268	0
K21269	0
K21270	0
K21271	13
K21272	377
K21273	2516
K21274	0
K21275	0
K21276	0
K21277	2
K21278	3
K21279	0
K21280	8
K21281	274
K21282	66
K21283	4
K21284	288
K21285	33
K21286	0
K21287	0
K21288	75
K21289	0
K21290	0
K21291	0
K21292	0
K21293	0
K21294	0
K21295	0
K21296	0
K21297	231
K21298	44
K21299	0
K21300	0
K21301	17
K21302	847
K21303	12
K21304	69
K21305	0
K21306	24
K21307	35
K21308	14
K21309	50
K21310	1276
K21311	0
K21312	25
K21313	0
K21314	6
K21315	0
K21316	0
K21317	11
K21318	0
K21319	0
K21320	0
K21321	11
K21322	0
K21323	0
K21324	0
K21325	3
K21326	2
K21327	3
K21328	14
K21329	9
K21330	26
K21331	135
K21332	238
K21333	11
K21335	74
K21336	36
K21337	19
K21338	3
K21339	0
K21340	2
K21341	70
K21342	64
K21343	0
K21344	12
K21345	49
K21346	0
K21347	2
K21348	3
K21349	23
K21350	1
K21351	0
K21352	2
K21353	214
K21354	0
K21355	0
K21356	182
K21357	0
K21358	0
K21359	0
K21360	0
K21361	0
K21362	0
K21363	5
K21364	0
K21365	0
K21366	0
K21367	19
K21368	0
K21369	0
K21370	0
K21371	0
K21372	0
K21373	0
K21374	0
K21375	92
K21376	23
K21377	365
K21378	333
K21379	5
K21380	0
K21381	3
K21382	20
K21383	0
K21384	0
K21385	0
K21386	0
K21387	0
K21388	0
K21389	0
K21390	0
K21391	0
K21392	0
K21393	656
K21394	325
K21395	391
K21396	5
K21397	3287
K21398	0
K21399	31
K21400	31
K21401	2400
K21402	960
K21403	0
K21404	0
K21405	1444
K21406	0
K21407	737
K21408	1
K21409	0
K21410	0
K21411	11
K21412	0
K21413	2
K21414	0
K21415	12
K21416	760
K21417	698
K21418	0
K21419	0
K21420	13
K21421	6
K21422	0
K21423	0
K21424	0
K21425	0
K21426	0
K21427	8
K21428	20
K21429	3
K21430	2326
K21431	512
K21432	0
K21433	6
K21434	7
K21435	3
K21436	0
K21437	0
K21438	0
K21439	17
K21440	433
K21441	4
K21442	77
K21443	0
K21444	0
K21445	0
K21446	0
K21447	0
K21448	0
K21449	11
K21450	0
K21451	0
K21452	0
K21453	25
K21454	124
K21455	0
K21456	0
K21457	159
K21458	0
K21459	51
K21460	140
K21461	0
K21462	81
K21463	174
K21464	109
K21465	5
K21466	0
K21467	755
K21468	1
K21469	2027
K21470	2053
K21471	3147
K21472	581
K21473	1825
K21474	569
K21475	0
K21476	0
K21477	0
K21478	674
K21479	0
K21480	1746
K21481	1895
K21482	0
K21483	0
K21484	0
K21485	1
K21486	1
K21487	23
K21488	30
K21489	0
K21490	2
K21491	0
K21492	236
K21493	1
K21494	0
K21495	912
K21496	32
K21497	3
K21498	706
K21499	45
K21500	1
K21501	0
K21502	7
K21503	0
K21504	0
K21505	0
K21506	1
K21507	5
K21508	2
K21509	0
K21510	0
K21511	17
K21512	25
K21513	0
K21514	309
K21515	46
K21516	0
K21517	0
K21518	0
K21519	1
K21520	0
K21521	0
K21522	0
K21523	15
K21524	0
K21525	27
K21526	0
K21527	13
K21528	961
K21529	0
K21530	0
K21531	1
K21532	0
K21533	0
K21534	0
K21535	0
K21536	0
K21537	0
K21538	0
K21539	0
K21540	49
K21541	0
K21542	0
K21543	0
K21544	0
K21545	0
K21546	0
K21547	0
K21548	0
K21549	0
K21550	0
K21551	34
K21552	245
K21553	0
K21554	0
K21555	2
K21556	0
K21557	0
K21558	15
K21559	2
K21560	0
K21561	32
K21562	135
K21563	541
K21564	823
K21565	0
K21566	0
K21567	386
K21568	6
K21569	17
K21570	10
K21571	56
K21572	0
K21573	26
K21574	199
K21575	271
K21576	1
K21577	3
K21578	1
K21579	1
K21580	0
K21581	0
K21582	0
K21583	0
K21584	0
K21585	32
K21586	3
K21587	0
K21588	0
K21589	0
K21590	0
K21591	377
K21592	61
K21593	0
K21594	1
K21595	0
K21596	2
K21597	0
K21598	0
K21599	0
K21600	3131
K21601	1
K21602	5
K21603	1
K21604	0
K21605	0
K21606	838
K21607	1516
K21608	439
K21609	206
K21610	0
K21611	0
K21612	0
K21613	757
K21614	96
K21615	92
K21616	2
K21617	16
K21618	1
K21619	8
K21620	15
K21621	6
K21622	0
K21623	0
K21624	19
K21625	1
K21626	0
K21627	0
K21628	0
K21629	0
K21630	0
K21631	0
K21632	1
K21633	0
K21634	0
K21635	3
K21636	537
K21637	0
K21638	0
K21639	42
K21640	0
K21641	0
K21642	0
K21643	0
K21644	0
K21645	20
K21646	0
K21647	0
K21648	0
K21649	0
K21650	0
K21651	0
K21652	0
K21653	0
K21654	0
K21655	0
K21656	0
K21657	0
K21658	0
K21659	0
K21660	0
K21661	0
K21662	0
K21663	0
K21664	0
K21665	0
K21666	1
K21667	0
K21668	0
K21669	0
K21670	0
K21671	0
K21672	933
K21673	0
K21674	0
K21675	1
K21676	0
K21677	1071
K21678	8
K21679	396
K21680	0
K21681	538
K21682	0
K21683	4
K21684	89
K21685	1657
K21686	2531
K21687	2307
K21688	2925
K21689	555
K21690	103
K21691	840
K21692	0
K21693	0
K21694	0
K21695	5
K21696	92
K21697	0
K21698	92
K21699	15
K21700	546
K21701	28
K21702	29
K21703	2446
K21704	0
K21705	0
K21706	0
K21707	0
K21708	0
K21709	0
K21710	0
K21711	18
K21712	728
K21713	309
K21714	0
K21715	0
K21716	0
K21717	0
K21718	2
K21719	0
K21720	0
K21721	474
K21722	101
K21723	1
K21724	30
K21725	113
K21726	19
K21727	75
K21728	0
K21729	0
K21730	25
K21731	37
K21732	4
K21733	0
K21734	1
K21735	0
K21736	0
K21737	1446
K21738	0
K21739	580
K21740	2
K21741	439
K21742	0
K21743	27
K21744	2683
K21745	1645
K21746	112
K21747	358
K21748	1
K21749	366
K21750	0
K21751	0
K21752	0
K21753	0
K21754	0
K21755	11
K21756	0
K21757	2844
K21758	0
K21759	132
K21760	23
K21761	0
K21762	0
K21763	2
K21764	2
K21765	0
K21766	0
K21767	1
K21768	0
K21769	0
K21770	0
K21771	0
K21772	0
K21773	0
K21774	0
K21775	0
K21776	0
K21777	0
K21778	13
K21779	15
K21780	55
K21781	174
K21782	223
K21783	69
K21784	161
K21785	1465
K21786	458
K21787	49
K21788	412
K21789	399
K21790	411
K21791	84
K21792	846
K21793	239
K21794	0
K21795	0
K21796	0
K21797	0
K21798	0
K21799	0
K21800	0
K21801	138
K21802	620
K21803	0
K21804	4
K21805	0
K21806	0
K21807	0
K21808	0
K21809	0
K21810	0
K21811	0
K21812	0
K21813	0
K21814	1
K21815	47
K21816	1
K21817	65
K21818	65
K21819	0
K21820	0
K21821	73
K21822	578
K21823	0
K21824	0
K21825	1
K21826	47
K21827	14
K21828	2
K21829	938
K21830	412
K21831	1
K21832	820
K21833	106
K21834	1858
K21835	1
K21836	0
K21837	0
K21838	1
K21839	4
K21840	5
K21841	0
K21842	0
K21843	1
K21844	0
K21845	0
K21846	0
K21847	0
K21848	0
K21849	0
K21850	52
K21851	0
K21852	0
K21853	0
K21854	0
K21855	0
K21856	0
K21857	0
K21858	0
K21859	0
K21860	0
K21861	0
K21862	0
K21863	0
K21864	0
K21865	15
K21866	238
K21867	0
K21868	0
K21869	1
K21870	0
K21871	0
K21872	0
K21873	0
K21874	0
K21875	0
K21876	0
K21877	0
K21878	0
K21879	0
K21880	0
K21881	0
K21882	0
K21883	860
K21884	113
K21885	2664
K21886	1274
K21887	826
K21888	0
K21889	0
K21890	0
K21891	0
K21892	0
K21893	5
K21894	0
K21895	0
K21896	0
K21897	0
K21898	85
K21899	38
K21900	191
K21901	0
K21902	874
K21903	1989
K21904	1
K21905	0
K21906	765
K21907	0
K21908	1776
K21909	18
K21910	431
K21911	68
K21912	2
K21913	0
K21914	0
K21915	0
K21916	0
K21917	0
K21918	0
K21919	267
K21920	0
K21921	0
K21922	0
K21923	1
K21924	0
K21925	0
K21926	0
K21927	24
K21928	0
K21929	2042
K21930	0
K21931	0
K21932	0
K21933	0
K21934	7
K21935	12
K21936	11
K21937	0
K21938	0
K21939	0
K21940	0
K21941	0
K21942	0
K21943	0
K21944	0
K21945	0
K21946	0
K21947	29
K21948	237
K21949	607
K21950	0
K21951	0
K21952	0
K21953	0
K21954	20
K21955	1
K21956	5
K21957	0
K21958	0
K21959	91
K21960	3
K21961	2601
K21962	2784
K21963	0
K21964	3
K21965	2
K21966	2
K21967	2
K21968	2
K21969	0
K21970	0
K21971	0
K21972	29
K21973	832
K21974	0
K21975	2
K21976	0
K21977	3
K21978	5
K21979	4
K21980	0
K21981	0
K21982	0
K21983	0
K21984	0
K21985	0
K21986	0
K21987	0
K21988	0
K21989	0
K21990	475
K21991	0
K21992	897
K21993	507
K21994	0
K21995	0
K21996	0
K21997	0
K21998	0
K21999	0
K22000	0
K22001	0
K22002	0
K22003	106
K22004	1
K22005	0
K22006	0
K22007	0
K22008	0
K22009	0
K22010	2912
K22011	0
K22012	0
K22013	2
K22014	12
K22015	77
K22017	8
K22018	0
K22019	2
K22021	0
K22022	0
K22023	29
K22024	365
K22025	108
K22026	1778
K22027	775
K22028	0
K22029	0
K22030	0
K22031	0
K22032	0
K22033	1189
K22034	0
K22035	0
K22036	0
K22037	0
K22038	3
K22039	0
K22040	0
K22041	1452
K22042	875
K22043	1099
K22044	2769
K22045	0
K22046	0
K22047	0
K22048	0
K22049	0
K22050	0
K22051	3
K22052	77
K22053	0
K22054	0
K22055	0
K22056	0
K22057	0
K22058	0
K22059	0
K22060	5
K22061	0
K22062	0
K22063	7
K22064	0
K22065	0
K22066	1
K22067	12
K22068	34
K22069	0
K22070	0
K22071	11
K22072	7
K22073	1
K22074	603
K22075	0
K22076	0
K22077	1
K22078	152
K22079	0
K22080	0
K22081	362
K22082	375
K22083	1301
K22084	4
K22085	4
K22086	50
K22087	3
K22088	0
K22089	253
K22090	0
K22091	0
K22092	0
K22093	0
K22094	0
K22095	0
K22096	0
K22097	0
K22098	0
K22099	0
K22100	0
K22101	4
K22102	0
K22103	23
K22104	545
K22105	1530
K22106	789
K22107	2206
K22108	3036
K22109	1199
K22110	0
K22111	33
K22112	325
K22113	7
K22114	79
K22115	568
K22116	192
K22117	0
K22118	13
K22119	0
K22120	0
K22121	0
K22122	0
K22123	206
K22124	1979
K22125	0
K22126	0
K22127	0
K22128	1
K22129	566
K22130	231
K22131	152
K22132	684
K22133	316
K22134	1144
K22135	862
K22136	1
K22137	0
K22138	0
K22139	0
K22140	0
K22141	0
K22142	0
K22143	0
K22144	0
K22145	0
K22146	0
K22147	0
K22148	71
K22149	8
K22150	1
K22151	0
K22152	2
K22153	904
K22154	0
K22155	0
K22156	0
K22157	0
K22158	0
K22159	0
K22160	0
K22161	0
K22162	0
K22163	0
K22164	0
K22165	0
K22166	1
K22167	5
K22168	0
K22169	6
K22170	0
K22171	0
K22172	0
K22173	0
K22174	0
K22175	0
K22176	0
K22177	0
K22178	0
K22179	0
K22180	0
K22181	0
K22182	0
K22184	0
K22185	29
K22186	38
K22187	1093
K22188	0
K22189	0
K22190	2
K22191	0
K22192	0
K22193	0
K22194	0
K22195	1
K22196	0
K22197	0
K22198	0
K22199	0
K22200	0
K22201	0
K22202	0
K22203	116
K22204	0
K22205	221
K22206	148
K22207	0
K22208	0
K22209	259
K22210	852
K22211	961
K22212	388
K22213	795
K22214	0
K22215	4
K22216	1
K22217	4
K22218	0
K22219	1207
K22220	185
K22221	1126
K22222	8
K22223	531
K22224	8
K22225	15
K22226	1019
K22227	523
K22228	0
K22229	5
K22230	241
K22231	3
K22232	0
K22233	11
K22234	0
K22235	0
K22236	0
K22237	0
K22238	0
K22239	0
K22240	0
K22241	0
K22242	0
K22243	0
K22244	1
K22245	70
K22246	0
K22247	38
K22248	0
K22249	8
K22250	260
K22251	20
K22252	3
K22253	12
K22254	0
K22255	0
K22256	0
K22257	1
K22258	0
K22259	0
K22260	0
K22261	0
K22262	0
K22263	0
K22264	0
K22265	0
K22266	107
K22267	1
K22268	4
K22269	7
K22270	873
K22271	0
K22272	0
K22273	0
K22274	0
K22275	0
K22276	17
K22277	2
K22278	2446
K22279	0
K22280	0
K22281	0
K22282	0
K22283	0
K22284	0
K22285	0
K22286	2
K22287	0
K22288	0
K22289	0
K22290	0
K22291	0
K22292	314
K22293	936
K22294	557
K22295	972
K22296	2483
K22297	2445
K22298	1885
K22299	2555
K22300	2291
K22301	53
K22302	6
K22303	1272
K22304	0
K22305	1715
K22306	2892
K22307	62
K22308	52
K22309	118
K22310	1367
K22311	2182
K22312	0
K22313	0
K22314	28
K22315	1833
K22316	2138
K22317	744
K22318	669
K22319	192
K22320	1245
K22321	0
K22322	615
K22323	0
K22324	0
K22325	0
K22326	0
K22327	0
K22328	2
K22329	0
K22330	5
K22331	0
K22332	0
K22333	0
K22334	0
K22335	0
K22336	931
K22337	0
K22338	0
K22339	89
K22340	0
K22341	69
K22342	220
K22343	266
K22344	207
K22345	34
K22346	6
K22347	919
K22348	221
K22349	54
K22350	2
K22351	0
K22352	0
K22353	13
K22354	5
K22355	13
K22356	6
K22357	7
K22358	1
K22359	7
K22360	1
K22361	2
K22362	0
K22363	6
K22364	8
K22365	0
K22366	0
K22367	0
K22368	6
K22369	2237
K22370	0
K22371	0
K22372	16
K22373	278
K22374	0
K22375	0
K22376	0
K22377	0
K22378	0
K22379	0
K22380	0
K22381	0
K22382	27
K22383	0
K22384	0
K22385	0
K22386	1
K22387	6
K22388	0
K22389	1
K22390	1443
K22391	3004
K22392	0
K22393	10
K22394	7
K22395	638
K22396	11
K22397	181
K22398	0
K22399	301
K22400	0
K22401	0
K22402	0
K22403	0
K22404	0
K22405	288
K22406	1
K22407	1
K22408	691
K22409	419
K22410	0
K22411	0
K22412	0
K22413	0
K22414	0
K22415	0
K22416	0
K22417	0
K22418	10
K22419	410
K22420	0
K22421	0
K22422	0
K22423	0
K22424	14
K22425	0
K22426	0
K22427	7
K22428	0
K22429	0
K22430	7
K22431	38
K22432	60
K22433	9
K22434	0
K22435	0
K22436	0
K22437	0
K22438	2265
K22439	0
K22440	0
K22441	2800
K22442	0
K22443	523
K22444	8
K22445	639
K22446	9
K22447	0
K22448	0
K22449	0
K22450	843
K22451	7
K22452	2774
K22453	0
K22454	0
K22455	0
K22456	0
K22457	78
K22458	0
K22459	0
K22460	4
K22461	0
K22462	1153
K22463	743
K22464	1
K22465	0
K22466	0
K22467	0
K22468	2065
K22469	25
K22470	3
K22471	0
K22472	0
K22473	0
K22474	11
K22475	26
K22476	2790
K22477	912
K22478	2
K22479	2071
K22480	11
K22481	0
K22482	0
K22483	0
K22484	0
K22485	0
K22486	104
K22487	0
K22488	0
K22489	2595
K22490	0
K22491	1164
K22492	4
K22493	0
K22494	0
K22495	0
K22496	0
K22497	0
K22498	0
K22499	0
K22500	0
K22501	0
K22502	814
K22503	0
K22504	0
K22505	0
K22506	0
K22507	0
K22508	0
K22509	0
K22510	0
K22511	0
K22512	0
K22513	0
K22514	0
K22515	88
K22516	371
K22517	2
K22518	0
K22519	679
K22520	0
K22521	1
K22522	2770
K22523	20
K22524	0
K22525	0
K22526	0
K22527	0
K22528	0
K22529	0
K22530	11
K22531	7
K22532	0
K22533	0
K22534	0
K22535	0
K22536	0
K22537	0
K22538	0
K22539	333
K22540	16
K22541	0
K22542	0
K22543	0
K22544	0
K22545	377
K22546	0
K22547	8
K22548	41
K22549	961
K22550	672
K22551	238
K22552	1559
K22553	765
K22554	0
K22555	0
K22556	0
K22557	0
K22558	0
K22559	0
K22560	0
K22561	0
K22562	0
K22563	0
K22564	0
K22565	0
K22566	0
K22567	0
K22568	0
K22569	1
K22570	20
K22571	0
K22572	0
K22573	0
K22574	3
K22575	523
K22576	1164
K22577	0
K22578	21
K22579	1255
K22580	6
K22581	0
K22582	9
K22583	23
K22584	3
K22585	694
K22586	0
K22587	0
K22588	0
K22589	837
K22590	4
K22591	0
K22592	0
K22593	0
K22594	0
K22595	0
K22596	0
K22597	7
K22598	1330
K22599	0
K22600	0
K22601	27
K22602	199
K22603	0
K22604	273
K22605	80
K22606	24
K22607	0
K22608	0
K22609	0
K22610	0
K22611	0
K22612	0
K22613	0
K22614	3
K22615	502
K22616	91
K22617	1319
K22618	369
K22619	2
K22620	0
K22621	0
K22622	7
K22623	0
K22624	0
K22625	0
K22626	1
K22627	0
K22628	0
K22629	0
K22630	5
K22631	0
K22632	3
K22633	0
K22634	0
K22635	0
K22636	0
K22637	0
K22638	0
K22639	0
K22640	0
K22641	0
K22642	0
K22643	0
K22644	0
K22645	0
K22646	0
K22647	0
K22648	0
K22649	0
K22650	3
K22651	0
K22652	0
K22653	2
K22654	2
K22655	1
K22656	18
K22657	2
K22658	0
K22659	1
K22660	0
K22661	0
K22662	0
K22663	0
K22664	0
K22665	0
K22666	1
K22667	0
K22668	0
K22669	0
K22670	0
K22671	0
K22672	0
K22673	0
K22674	0
K22675	0
K22676	1
K22677	31
K22678	0
K22679	2
K22680	0
K22681	0
K22682	0
K22683	0
K22684	403
K22685	30
K22686	0
K22687	0
K22688	0
K22689	0
K22690	3
K22691	0
K22692	1
K22693	22
K22694	126
K22695	50
K22696	2
K22697	0
K22698	0
K22699	26
K22700	0
K22701	0
K22702	0
K22703	0
K22704	83
K22705	39
K22706	0
K22707	0
K22708	1197
K22709	9
K22710	11
K22711	0
K22712	109
K22713	0
K22714	60
K22715	0
K22716	0
K22717	0
K22718	0
K22719	1546
K22720	2
K22721	162
K22722	0
K22723	899
K22724	0
K22725	47
K22726	0
K22727	0
K22728	0
K22729	0
K22730	0
K22731	0
K22732	32
K22733	909
K22734	2
K22735	0
K22736	2709
K22737	26
K22738	0
K22739	0
K22740	0
K22741	14
K22742	0
K22743	0
K22744	3
K22745	833
K22746	0
K22747	115
K22748	0
K22749	0
K22750	49
K22751	0
K22752	0
K22753	0
K22754	2
K22755	0
K22756	0
K22757	646
K22758	0
K22759	0
K22760	0
K22761	0
K22762	0
K22763	1
K22764	0
K22765	0
K22766	16
K22767	0
K22768	0
K22769	1464
K22770	1998
K22771	0
K22772	0
K22773	0
K22774	0
K22775	0
K22776	0
K22777	0
K22778	0
K22779	0
K22780	0
K22781	0
K22782	0
K22783	0
K22784	0
K22785	0
K22786	0
K22787	0
K22788	0
K22789	0
K22790	0
K22791	0
K22792	0
K22793	0
K22794	0
K22795	51
K22796	667
K22797	900
K22798	0
K22799	8
K22800	0
K22801	1289
K22802	0
K22803	5
K22804	87
K22805	0
K22806	0
K22807	0
K22808	1
K22809	0
K22810	0
K22811	0
K22812	0
K22813	0
K22814	0
K22815	0
K22816	0
K22817	1
K22818	1454
K22819	1610
K22820	1625
K22821	851
K22822	910
K22823	0
K22824	1
K22825	0
K22826	0
K22827	1
K22828	0
K22829	0
K22830	0
K22831	0
K22832	0
K22833	0
K22834	1
K22835	0
K22836	0
K22837	12
K22838	97
K22839	11
K22840	1
K22841	0
K22842	108
K22843	188
K22844	1547
K22845	0
K22846	4
K22847	1303
K22848	189
K22849	0
K22850	0
K22851	2
K22852	0
K22853	2
K22854	0
K22855	0
K22856	14
K22857	0
K22858	0
K22859	0
K22860	0
K22861	0
K22862	0
K22863	0
K22864	0
K22865	0
K22866	0
K22867	0
K22868	1
K22869	0
K22870	0
K22871	25
K22872	0
K22873	0
K22874	98
K22875	42
K22876	0
K22877	0
K22878	0
K22879	516
K22880	0
K22881	44
K22882	0
K22883	65
K22884	0
K22885	42
K22886	584
K22887	0
K22888	0
K22889	0
K22890	0
K22891	0
K22892	1
K22893	2202
K22894	2210
K22895	189
K22896	0
K22897	0
K22898	0
K22899	3
K22900	478
K22901	69
K22902	1232
K22903	0
K22904	4
K22905	1133
K22906	10
K22907	1415
K22908	32
K22909	1
K22910	0
K22911	0
K22912	0
K22913	0
K22914	0
K22915	0
K22916	0
K22917	15
K22918	7
K22919	0
K22920	0
K22921	0
K22922	0
K22923	1
K22924	0
K22925	0
K22926	1
K22927	4
K22928	17
K22929	4
K22930	12
K22931	0
K22932	0
K22933	0
K22934	2410
K22935	296
K22936	0
K22937	1
K22938	4
K22939	0
K22940	5
K22941	0
K22942	0
K22943	0
K22944	6
K22945	0
K22946	0
K22947	0
K22948	0
K22949	0
K22950	0
K22951	6
K22952	198
K22953	0
K22954	0
K22955	6
K22956	2
K22957	7
K22958	70
K22959	0
K22960	27
K22961	0
K22962	0
K22963	84
K22964	0
K22965	0
K22966	1
K22967	0
K22968	1
K22969	362
K22970	12
K22971	0
K22972	0
K22973	0
K22974	0
K22975	0
K22976	0
K22977	0
K22978	0
K22979	0
K22980	0
K22981	0
K22982	10
K22983	0
K22984	0
K22985	0
K22986	0
K22987	0
K22988	0
K22989	0
K22990	2
K22991	0
K22992	0
K22993	0
K22994	530
K22995	0
K22996	0
K22997	865
K22998	26
K22999	0
K23000	0
K23001	1
K23002	7
K23003	17
K23004	5
K23005	1
K23006	0
K23007	16
K23008	0
K23009	1
K23010	10
K23011	2
K23012	171
K23013	0
K23014	2
K23015	2
K23016	53
K23017	3
K23018	0
K23019	0
K23020	119
K23021	0
K23022	0
K23023	6
K23024	2
K23025	0
K23026	0
K23027	0
K23028	5
K23029	0
K23030	15
K23031	0
K23032	0
K23033	0
K23034	0
K23035	0
K23036	2
K23037	0
K23038	0
K23039	0
K23040	0
K23041	0
K23042	0
K23043	22
K23044	299
K23045	3
K23046	6
K23047	0
K23048	0
K23049	0
K23050	61
K23051	0
K23052	0
K23053	0
K23054	170
K23055	0
K23056	2
K23057	2
K23058	2
K23059	643
K23060	5
K23061	95
K23062	0
K23063	1
K23064	0
K23065	0
K23066	86
K23067	2
K23068	0
K23069	0
K23070	0
K23071	0
K23072	14
K23073	6
K23074	0
K23075	2
K23076	0
K23077	76
K23078	67
K23079	0
K23080	0
K23081	0
K23082	0
K23083	11
K23084	18
K23085	0
K23086	618
K23087	0
K23088	0
K23089	0
K23090	0
K23091	0
K23092	0
K23093	0
K23094	0
K23095	0
K23096	0
K23097	0
K23098	0
K23099	0
K23100	0
K23101	1
K23102	1
K23103	31
K23104	0
K23105	0
K23106	0
K23107	2505
K23108	0
K23109	7
K23110	1
K23111	2
K23112	0
K23113	138
K23114	345
K23115	0
K23116	0
K23117	992
K23118	3
K23119	0
K23120	14
K23121	17
K23122	14
K23123	2490
K23124	2524
K23125	0
K23126	0
K23127	0
K23128	2
K23129	0
K23130	0
K23131	0
K23132	3
K23133	0
K23134	0
K23135	0
K23136	0
K23137	0
K23138	1481
K23139	414
K23140	0
K23141	0
K23142	0
K23143	0
K23144	644
K23145	1
K23146	84
K23147	231
K23148	44
K23149	556
K23150	14
K23151	0
K23152	0
K23153	8
K23154	0
K23155	641
K23156	1041
K23157	0
K23158	0
K23159	3
K23160	0
K23161	0
K23162	0
K23163	915
K23164	208
K23165	0
K23166	1
K23167	594
K23168	1
K23169	151
K23170	150
K23171	0
K23172	0
K23173	0
K23174	0
K23175	0
K23176	1064
K23177	0
K23178	0
K23179	0
K23180	0
K23181	78
K23182	99
K23183	31
K23184	12
K23185	280
K23186	2240
K23187	2246
K23188	2315
K23189	0
K23190	0
K23191	0
K23192	0
K23193	0
K23194	0
K23195	1
K23196	0
K23197	4
K23198	0
K23199	0
K23200	0
K23201	0
K23202	0
K23203	0
K23204	0
K23205	2085
K23206	0
K23207	0
K23208	0
K23209	0
K23210	0
K23211	0
K23212	0
K23213	0
K23214	0
K23215	0
K23216	0
K23217	0
K23218	0
K23219	0
K23220	0
K23221	0
K23222	682
K23223	32
K23224	0
K23225	0
K23226	0
K23227	636
K23228	651
K23229	0
K23230	0
K23231	8
K23232	2
K23233	0
K23234	0
K23235	0
K23236	0
K23237	71
K23238	50
K23239	13
K23240	0
K23241	4
K23242	478
K23243	1
K23244	68
K23245	259
K23246	129
K23247	64
K23248	390
K23249	0
K23250	0
K23251	3
K23252	12
K23253	266
K23254	171
K23255	0
K23256	1179
K23257	8
K23258	3114
K23259	107
K23260	0
K23261	0
K23262	662
K23263	3
K23264	2859
K23265	2853
K23266	0
K23267	3
K23268	0
K23269	2868
K23270	13
K23271	197
K23272	20
K23273	6
K23274	7
K23275	10
K23276	0
K23277	0
K23278	0
K23279	0
K23280	0
K23281	0
K23282	1
K23283	0
K23284	1
K23285	0
K23286	0
K23287	0
K23288	0
K23289	0
K23290	0
K23291	0
K23292	0
K23293	0
K23294	0
K23295	0
K23296	0
K23297	0
K23298	0
K23299	0
K23300	2
K23301	2
K23302	1
K23303	0
K23304	0
K23305	0
K23306	0
K23307	0
K23308	0
K23309	0
K23310	0
K23311	0
K23312	0
K23313	0
K23314	2
K23315	19
K23316	0
K23317	0
K23318	0
K23319	72
K23320	0
K23321	0
K23322	0
K23323	1
K23324	0
K23325	3
K23326	0
K23327	0
K23328	0
K23329	0
K23330	7
K23331	0
K23332	0
K23333	0
K23334	0
K23335	1
K23336	1
K23337	0
K23338	0
K23339	0
K23340	0
K23341	0
K23342	0
K23343	0
K23344	3
K23345	0
K23346	0
K23347	53
K23348	4
K23349	166
K23351	1702
K23352	12
K23353	0
K23354	0
K23355	0
K23356	808
K23357	0
K23358	0
K23359	2184
K23360	0
K23361	159
K23362	1
K23363	21
K23364	100
K23365	84
K23366	140
K23367	70
K23368	5
K23369	0
K23370	31
K23371	10
K23372	475
K23373	393
K23374	26
K23375	162
K23376	90
K23377	0
K23378	0
K23379	6
K23380	7
K23381	0
K23382	1
K23383	5
K23384	6
K23385	0
K23386	0
K23387	0
K23388	1
K23389	0
K23390	0
K23392	0
K23393	2663
K23394	132
K23395	0
K23396	0
K23397	116
K23398	129
K23399	0
K23400	0
K23401	0
K23402	0
K23403	0
K23404	0
K23405	0
K23406	0
K23407	0
K23408	0
K23409	0
K23410	0
K23411	0
K23412	5
K23413	0
K23414	739
K23415	110
K23416	344
K23417	1
K23418	0
K23419	2
K23420	0
K23421	0
K23422	0
K23423	0
K23424	843
K23425	16
K23426	0
K23427	0
K23428	0
K23429	1
K23430	15
K23431	0
K23432	0
K23433	0
K23434	0
K23435	0
K23436	0
K23437	0
K23438	0
K23439	1
K23440	286
K23441	0
K23442	0
K23443	0
K23444	0
K23445	0
K23446	58
K23447	392
K23448	68
K23449	0
K23450	0
K23451	0
K23452	0
K23453	0
K23454	18
K23455	0
K23456	0
K23457	0
K23458	0
K23459	0
K23460	0
K23461	0
K23462	525
K23463	1124
K23464	2902
K23465	624
K23466	1236
K23467	878
K23468	0
K23469	0
K23470	116
K23471	0
K23472	0
K23473	0
K23474	0
K23475	0
K23476	0
K23477	0
K23478	1
K23479	0
K23480	0
K23481	0
K23482	2
K23483	6
K23484	0
K23485	0
K23486	1
K23487	2
K23488	0
K23489	21
K23490	42
K23491	0
K23492	15
K23493	0
K23494	0
K23495	1
K23496	0
K23497	0
K23498	2
K23499	5
K23500	0
K23501	0
K23502	0
K23503	0
K23504	53
K23505	0
K23506	0
K23507	0
K23508	956
K23509	914
K23510	0
K23511	2
K23512	5
K23513	1
K23514	317
K23515	0
K23516	0
K23517	21
K23518	1844
K23519	308
K23520	0
K23521	0
K23522	0
K23523	0
K23524	0
K23525	0
K23526	123
K23527	91
K23528	7
K23529	112
K23530	3
K23531	14
K23532	0
K23533	5
K23534	0
K23535	1980
K23536	1992
K23537	1970
K23538	0
K23539	0
K23540	0
K23541	1520
K23542	0
K23543	0
K23544	1
K23545	56
K23546	58
K23547	51
K23548	109
K23549	114
K23550	0
K23551	9
K23552	0
K23553	0
K23554	0
K23555	1365
K23556	8
K23557	9
K23558	0
K23560	0
K23561	0
K23562	7
K23563	0
K23564	0
K23565	0
K23566	0
K23567	0
K23568	0
K23569	0
K23570	0
K23571	0
K23573	0
K23574	1
K23575	0
K23576	0
K23577	0
K23578	0
K23579	0
K23580	1
K23581	0
K23582	0
K23583	0
K23584	0
K23585	0
K23586	0
K23587	0
K23588	0
K23589	0
K23590	0
K23591	0
K23592	0
K23593	2
K23594	0
K23595	0
K23596	0
K23597	0
K23598	0
K23599	0
K23600	0
K23601	0
K23602	0
K23603	1
K23604	0
K23605	0
K23606	0
K23607	0
K23608	0
K23609	0
K23610	0
K23611	0
K23612	5
K23613	0
K23614	0
K23615	0
K23616	0
K23617	1397
K23618	2
K23619	0
K23620	0
K23621	1
K23622	0
K23623	0
K23624	0
K23625	0
K23626	0
K23627	3
K23628	0
K23629	0
K23630	0
K23631	28
K23632	0
K23633	15
K23634	0
K23635	0
K23636	0
K23637	0
K23638	0
K23639	0
K23640	0
K23641	0
K23642	0
K23643	0
K23644	0
K23645	0
K23646	0
K23647	2
K23648	0
K23649	0
K23650	0
K23651	0
K23652	0
K23653	0
K23654	0
K23655	0
K23656	0
K23657	0
K23658	0
K23659	0
K23660	0
K23661	0
K23662	0
K23663	0
K23664	1
K23665	9
K23666	0
K23667	3
K23668	1269
K23669	80
K23670	29
K23671	4
K23672	79
K23673	80
K23674	963
K23675	311
K23676	1662
K23677	76
K23678	2
K23679	0
K23680	0
K23681	0
K23682	0
K23683	35
K23684	815
K23685	181
K23686	10
K23687	0
K23688	0
K23689	0
K23690	0
K23691	0
K23692	0
K23693	0
K23694	0
K23695	0
K23696	0
K23697	0
K23698	0
K23699	0
K23700	0
K23701	0
K23702	0
K23703	1
K23704	2
K23705	0
K23706	0
K23707	0
K23708	0
K23709	0
K23710	0
K23711	0
K23712	0
K23713	0
K23714	0
K23715	0
K23716	0
K23717	0
K23718	0
K23719	0
K23720	0
K23721	0
K23722	2
K23723	196
K23724	0
K23725	229
K23726	1532
K23727	0
K23728	0
K23729	0
K23730	0
K23731	0
K23732	0
K23733	0
K23734	11
K23735	3
K23736	0
K23737	0
K23738	73
K23739	0
K23740	0
K23741	1
K23742	0
K23743	101
K23744	13
K23745	17
K23746	39
K23747	48
K23748	14
K23749	46
K23750	0
K23751	0
K23752	59
K23753	1874
K23754	0
K23755	23
K23756	0
K23757	0
K23758	0
K23759	0
K23760	0
K23761	0
K23762	0
K23763	0
K23764	1
K23765	0
K23766	0
K23767	0
K23768	0
K23769	0
K23770	0
K23771	0
K23772	0
K23773	15
K23774	8
K23775	2742
K23776	17
K23777	2342
K23778	2692
K23779	2959
K23780	0
K23781	0
K23782	0
K23783	0
K23784	0
K23785	0
K23786	1943
K23787	6
K23788	0
K23789	0
K23790	0
K23791	0
K23792	1
K23793	0
K23794	1
K23795	0
K23796	0
K23797	0
K23798	0
K23799	0
K23800	0
K23801	0
K23802	0
K23803	0
K23804	0
K23805	0
K23806	0
K23807	0
K23808	0
K23809	0
K23810	0
K23811	375
K23812	549
K23813	0
K23814	0
K23815	0
K23816	0
K23817	0
K23818	0
K23819	0
K23820	63
K23821	0
K23822	0
K23823	0
K23824	0
K23825	2126
K23826	0
K23827	0
K23828	0
K23829	0
K23830	0
K23831	0
K23832	0
K23833	0
K23834	0
K23835	0
K23836	0
K23837	0
K23838	0
K23839	0
K23840	0
K23841	0
K23842	2686
K23843	0
K23844	0
K23845	0
K23846	0
K23847	20
K23848	0
K23849	0
K23850	0
K23851	0
K23852	0
K23853	0
K23854	0
K23855	1
K23856	7
K23857	0
K23858	0
K23859	0
K23860	0
K23861	0
K23862	0
K23863	0
K23864	0
K23865	0
K23866	7
K23867	0
K23868	0
K23869	0
K23870	0
K23871	0
K23872	0
K23873	2
K23874	146
K23875	5
K23876	447
K23877	0
K23878	0
K23879	0
K23880	0
K23881	37
K23882	24
K23883	0
K23884	0
K23885	4
K23886	1006
K23887	0
K23888	0
K23889	0
K23890	0
K23891	0
K23892	0
K23893	0
K23894	0
K23895	0
K23896	512
K23897	0
K23898	0
K23899	2
K23900	0
K23901	25
K23902	0
K23903	0
K23904	27
K23905	1
K23906	0
K23907	0
K23908	2
K23909	15
K23910	0
K23911	174
K23912	0
K23913	0
K23914	5
K23915	0
K23916	2
K23917	0
K23918	0
K23919	0
K23920	0
K23921	0
K23922	0
K23923	0
K23924	0
K23925	0
K23926	1
K23927	0
K23928	0
K23929	0
K23930	0
K23931	0
K23932	0
K23934	11
K23935	0
K23936	0
K23937	0
K23938	0
K23939	0
K23940	0
K23941	0
K23942	0
K23943	0
K23944	0
K23945	0
K23946	0
K23947	0
K23948	670
K23949	13
K23950	0
K23951	0
K23952	0
K23953	0
K23954	0
K23955	0
K23956	0
K23957	4
K23958	5
K23959	0
K23960	0
K23961	0
K23962	0
K23963	0
K23964	0
K23965	0
K23966	0
K23967	0
K23968	0
K23969	0
K23970	0
K23971	0
K23972	0
K23973	24
K23974	7
K23975	0
K23976	148
K23977	6
K23978	92
K23979	0
K23980	3048
K23981	1
K23982	4
K23983	373
K23984	4
K23985	4
K23986	0
K23987	923
K23988	848
K23989	41
K23990	0
K23991	0
K23992	1253
K23993	282
K23994	4
K23995	3
K23996	0
K23997	3256
K23998	5
K23999	17
K24000	314
K24001	26
K24002	149
K24003	1
K24004	1
K24005	0
K24006	3
K24007	0
K24008	0
K24009	0
K24010	0
K24011	0
K24012	2040
K24013	0
K24014	0
K24015	0
K24016	0
K24017	3062
K24018	17
K24019	0
K24020	0
K24021	0
K24022	0
K24023	0
K24024	0
K24025	0
K24026	0
K24027	0
K24028	164
K24029	1
K24030	0
K24031	0
K24032	0
K24033	671
K24034	4
K24035	0
K24036	0
K24037	0
K24038	0
K24039	0
K24040	2286
K24041	20
K24042	239
K24043	0
K24044	0
K24045	0
K24046	0
K24047	1
K24048	0
K24049	3
K24050	2
K24051	0
K24052	0
K24053	0
K24054	0
K24055	3
K24056	0
K24057	0
K24058	0
K24059	0
K24060	0
K24061	0
K24062	0
K24063	0
K24064	0
K24065	0
K24066	0
K24067	0
K24068	0
K24069	1
K24070	0
K24071	146
K24072	4
K24073	505
K24074	42
K24075	1
K24076	316
K24077	0
K24078	0
K24079	0
K24080	0
K24081	0
K24082	12
K24083	318
K24084	1049
K24085	370
K24086	0
K24087	61
K24088	1
K24089	1
K24090	1
K24091	0
K24092	0
K24093	0
K24094	0
K24095	0
K24096	13
K24097	2
K24098	0
K24099	0
K24100	129
K24101	342
K24102	18
K24103	0
K24104	0
K24105	0
K24106	0
K24107	0
K24108	568
K24109	0
K24110	0
K24111	35
K24112	0
K24113	0
K24114	0
K24115	0
K24116	1834
K24117	509
K24118	10
K24119	410
K24120	2398
K24121	11
K24122	249
K24123	0
K24124	0
K24125	0
K24126	1350
K24127	0
K24128	0
K24129	31
K24130	944
K24131	2121
K24132	0
K24133	0
K24134	0
K24135	214
K24136	2
K24137	3
K24138	35
K24139	0
K24140	0
K24141	0
K24142	0
K24143	0
K24144	2
K24145	0
K24146	0
K24147	12
K24148	0
K24149	1
K24150	0
K24151	0
K24152	0
K24153	71
K24154	0
K24155	1
K24156	0
K24157	0
K24158	118
K24159	1
K24160	916
K24161	0
K24162	0
K24163	2719
K24164	0
K24165	0
K24166	0
K24167	0
K24168	0
K24169	0
K24170	0
K24171	0
K24172	0
K24173	2
K24174	4
K24175	0
K24176	0
K24177	0
K24178	0
K24179	0
K24180	268
K24181	0
K24182	0
K24183	0
K24184	0
K24185	8
K24186	0
K24187	0
K24188	0
K24189	0
K24190	0
K24191	0
K24192	653
K24193	0
K24194	0
K24195	0
K24196	0
K24197	0
K24198	0
K24199	0
K24200	307
K24201	0
K24202	0
K24203	0
K24204	2230
K24205	38
K24206	1428
K24207	0
K24208	0
K24209	0
K24210	0
K24211	1
K24212	0
K24213	1
K24214	0
K24215	0
K24216	0
K24217	2402
K24218	0
K24219	0
K24220	2
K24221	0
K24222	0
K24223	4
K24224	0
K24225	0
K24226	50
K24227	0
K24228	0
K24229	0
K24230	0
K24231	0
K24232	0
K24233	0
K24234	0
K24235	0
K24236	0
K24237	1
K24238	0
K24239	0
K24240	0
K24241	813
K24242	0
K24243	1
K24244	104
K24245	20
K24246	4
K24247	0
K24248	0
K24249	1
K24250	0
K24251	4
K24252	34
K24253	0
K24254	10
K24255	0
K24256	0
K24257	4
K24258	172
K24259	1
K24260	0
K24261	0
K24262	2
K24263	1369
K24264	11
K24265	0
K24266	0
K24267	0
K24268	0
K24269	12
K24270	0
K24271	0
K24272	0
K24273	0
K24274	9
K24275	0
K24276	0
K24277	0
K24278	2
K24279	218
K24280	0
K24281	0
K24282	34
K24283	0
K24284	7
K24285	1
K24286	0
K24287	111
K24288	1391
K24289	27
K24290	165
K24291	91
K24292	15
K24293	18
K24294	0
K24295	0
K24296	0
K24297	0
K24298	0
K24299	0
K24300	630
K24301	4
K24302	15
K24303	81
K24304	0
K24305	109
K24306	0
K24307	491
K24308	0
K24309	0
K24310	70
K24311	0
K24312	3
K24313	7
K24314	0
K24315	0
K24316	0
K24317	0
K24318	0
K24319	0
K24320	0
K24321	0
K24322	0
K24323	0
K24324	0
K24325	0
K24326	45
K24327	16
K24328	0
K24329	0
K24330	0
K24331	3
K24332	0
K24333	0
K24334	0
K24335	0
K24336	0
K24337	6
K24338	0
K24339	0
K24340	0
K24341	3
K24342	3
K24343	0
K24344	0
K24345	0
K24346	0
K24347	0
K24348	0
K24349	0
K24350	0
K24351	0
K24352	0
K24353	0
K24354	0
K24355	2
K24356	0
K24357	6
K24358	1
K24359	0
K24360	0
K24361	0
K24362	0
K24363	0
K24364	0
K24365	0
K24366	0
K24367	0
K24368	0
K24369	0
K24370	0
K24371	0
K24372	0
K24373	0
K24374	0
K24375	0
K24376	0
K24377	0
K24378	0
K24379	0
K24380	0
K24381	0
K24382	0
K24383	0
K24384	0
K24385	0
K24386	0
K24387	0
K24388	0
K24389	1039
K24390	20
K24391	653
K24392	923
K24393	0
K24394	4
K24395	4
K24396	0
K24397	0
K24398	0
K24399	0
K24400	0
K24401	0
K24402	0
K24403	27
K24404	40
K24405	1
K24406	0
K24407	0
K24408	66
K24409	300
K24410	224
K24411	1316
K24412	0
K24413	0
K24414	0
K24415	0
K24416	0
K24417	0
K24418	1
K24419	120
K24420	0
K24421	0
K24422	0
K24423	0
K24424	0
K24425	0
K24426	0
K24427	0
K24428	1
K24429	0
K24430	0
K24431	0
K24432	0
K24433	0
K24434	0
K24435	0
K24436	1
K24437	19
K24438	0
K24439	0
K24440	0
K24441	0
K24442	0
K24443	2
K24444	24
K24445	2
K24446	0
K24447	0
K24448	30
K24449	165
K24450	0
K24451	109
K24452	2
K24453	0
K24454	78
K24455	0
K24456	87
K24457	28
K24458	8
K24459	539
K24460	0
K24461	0
K24462	0
K24463	0
K24464	199
K24465	0
K24466	0
K24467	0
K24468	0
K24469	261
K24470	1
K24471	0
K24472	0
K24473	1035
K24474	0
K24475	0
K24476	0
K24477	3
K24478	6
K24479	0
K24480	0
K24481	0
K24482	0
K24483	6
K24484	0
K24485	654
K24486	0
K24487	32
K24488	0
K24489	0
K24490	0
K24491	0
K24492	0
K24493	0
K24494	2
K24495	23
K24496	82
K24497	0
K24498	44
K24499	0
K24500	0
K24501	0
K24502	0
K24503	0
K24504	0
K24505	0
K24506	0
K24507	1
K24508	0
K24509	0
K24510	172
K24511	87
K24512	0
K24513	30
K24514	8
K24515	3
K24516	0
K24517	0
K24518	0
K24519	0
K24520	0
K24521	0
K24522	0
K24523	0
K24524	3
K24525	0
K24526	0
K24527	0
K24528	124
K24529	225
K24530	501
K24531	2
K24532	0
K24533	0
K24534	0
K24535	0
K24536	0
K24537	0
K24538	0
K24539	0
K24540	3
K24541	0
K24542	0
K24543	2
K24544	0
K24545	0
K24546	0
K24547	0
K24548	0
K24549	0
K24550	0
K24551	0
K24552	0
K24553	0
K24554	0
K24555	2
K24556	105
K24557	24
K24558	13
K24559	8
K24560	2
K24561	4
K24562	35
K24563	55
K24564	124
K24565	157
K24566	3
K24567	9
K24568	17
K24569	17
K24570	0
K24571	0
K24572	0
K24573	0
K24574	0
K24575	0
K24576	0
K24577	0
K24578	0
K24579	0
K24580	0
K24581	0
K24582	0
K24583	0
K24584	0
K24585	0
K24586	0
K24587	0
K24588	0
K24589	0
K24590	0
K24591	0
K24592	0
K24593	0
K24594	0
K24595	0
K24596	0
K24597	0
K24598	0
K24599	0
K24600	0
K24601	0
K24602	0
K24603	0
K24604	0
K24605	0
K24606	0
K24607	0
K24608	0
K24609	0
K24610	2
K24611	0
K24612	0
K24613	0
K24614	0
K24615	1
K24616	0
K24617	0
K24618	0
K24619	509
K24620	81
K24621	0
K24622	0
K24623	0
K24624	0
K24625	0
K24626	0
K24627	0
K24628	0
K24629	0
K24630	0
K24631	1
K24632	7
K24633	0
K24634	3
K24635	0
K24636	0
K24637	0
K24638	0
K24639	0
K24640	0
K24641	0
K24642	0
K24643	0
K24644	0
K24645	0
K24646	0
K24647	0
K24648	3
K24649	0
K24650	0
K24651	0
K24652	0
K24653	0
K24654	1
K24655	85
K24656	261
K24657	2
K24658	24
K24659	29
K24660	1
K24661	0
K24662	47
K24663	0
K24664	0
K24665	0
K24666	33
K24667	964
K24668	0
K24669	0
K24670	0
K24671	1
K24672	75
K24673	3
K24674	0
K24675	0
K24676	0
K24677	1
K24678	0
K24679	0
K24680	0
K24681	0
K24682	0
K24683	0
K24684	0
K24685	0
K24686	0
K24687	1
K24688	0
K24689	292
K24690	0
K24691	0
K24692	0
K24693	976
K24694	801
K24695	972
K24696	1112
K24697	973
K24698	1206
K24699	2731
K24700	518
K24701	0
K24702	13
K24703	10
K24704	175
K24705	36
K24706	0
K24707	891
K24708	43
K24709	6
K24710	27
K24711	25
K24712	310
K24713	0
K24714	0
K24715	0
K24716	15
K24717	15
K24718	11
K24719	57
K24720	0
K24721	0
K24722	0
K24723	0
K24724	0
K24725	48
K24726	0
K24727	81
K24728	2
K24729	0
K24730	12
K24731	0
K24732	1
K24733	0
K24734	552
K24735	15
K24736	14
K24737	0
K24738	0
K24739	0
K24740	1
K24741	0
K24742	0
K24743	0
K24744	0
K24745	292
K24746	0
K24747	0
K24748	0
K24749	3
K24750	3
K24751	0
K24752	0
K24753	0
K24754	0
K24755	1
K24756	6
K24757	2
K24758	0
K24759	0
K24760	0
K24761	0
K24762	0
K24763	0
K24764	62
K24765	1
K24766	0
K24767	0
K24768	0
K24769	0
K24770	1
K24771	0
K24772	0
K24773	0
K24774	0
K24775	0
K24776	0
K24777	0
K24778	0
K24779	0
K24780	0
K24781	1
K24782	0
K24783	0
K24784	0
K24785	0
K24786	0
K24787	0
K24788	0
K24789	0
K24790	3
K24791	0
K24792	0
K24793	0
K24794	29
K24795	0
K24796	0
K24797	0
K24798	0
K24799	0
K24800	0
K24801	0
K24802	0
K24803	2
K24804	0
K24805	0
K24806	0
K24807	0
K24808	0
K24809	0
K24810	7
K24811	0
K24812	0
K24813	1
K24814	0
K24815	0
K24816	0
K24817	0
K24818	0
K24819	11
K24820	589
K24821	25
K24822	28
K24823	0
K24824	0
K24825	0
K24826	0
K24827	0
K24828	0
K24829	0
K24830	0
K24831	0
K24832	0
K24833	0
K24834	1
K24835	398
K24836	0
K24837	1
K24838	0
K24839	0
K24840	0
K24841	0
K24842	5
K24843	32
K24844	6
K24845	6
K24846	251
K24847	1
K24848	0
K24849	1
K24850	0
K24851	0
K24852	0
K24853	0
K24854	0
K24855	301
K24856	0
K24857	0
K24858	11
K24859	0
K24860	0
K24861	0
K24862	0
K24863	0
K24864	0
K24865	0
K24866	82
K24867	2
K24868	1
K24869	0
K24870	0
K24871	11
K24872	919
K24873	54
K24874	0
K24875	0
K24876	0
K24877	0
K24878	0
K24879	0
K24880	0
K24881	0
K24882	0
K24883	0
K24884	0
K24885	0
K24886	0
K24887	1
K24888	0
K24889	0
K24890	0
K24891	0
K24892	0
K24893	0
K24894	0
K24895	0
K24896	2
K24897	0
K24898	0
K24899	0
K24900	0
K24901	0
K24902	0
K24903	0
K24904	0
K24905	0
K24906	2
K24907	0
K24908	0
K24909	0
K24910	447
K24911	453
K24912	299
K24913	401
K24914	789
K24915	1045
K24916	0
K24917	0
K24918	0
K24919	0
K24920	0
K24921	0
K24922	0
K24923	0
K24924	46
K24925	0
K24926	0
K24927	0
K24928	1
K24929	11
K24930	0
K24931	1
K24932	4
K24933	5
K24934	14
K24935	8
K24936	796
K24937	345
K24938	0
K24939	1
K24940	1
K24941	6
K24942	219
K24943	0
K24944	1
K24945	0
K24946	9
K24947	2
K24948	1110
K24949	19
K24950	179
K24951	4
K24952	0
K24953	0
K24954	29
K24955	9
K24956	194
K24957	0
K24958	0
K24959	0
K24960	0
K24961	0
K24962	1
K24963	27
K24964	0
K24965	0
K24966	0
K24967	2300
K24968	503
K24969	825
K24970	0
K24971	3
K24972	7
K24973	0
K24974	0
K24975	0
K24976	3
K24977	0
K24978	0
K24979	0
K24980	0
K24981	0
K24982	0
K24983	1
K24984	0
K24985	565
K24986	433
K24987	382
K24988	230
K24989	7
K24990	0
K24991	145
K24992	0
K24993	0
K24994	0
K24995	1503
K24996	0
K24997	0
K24998	1936
K24999	0
K25000	0
K25001	0
K25002	0
K25003	0
K25004	16
K25005	0
K25006	0
K25007	5
K25008	5
K25009	0
K25010	236
K25011	0
K25012	0
K25013	0
K25014	0
K25015	0
K25016	0
K25017	0
K25018	0
K25019	0
K25020	0
K25021	0
K25022	2
K25023	1
K25024	0
K25025	0
K25026	3035
K25027	879
K25028	758
K25029	0
K25030	19
K25031	760
K25032	0
K25033	9
K25034	1085
K25035	10
K25036	0
K25037	0
K25038	0
K25039	0
K25040	0
K25041	0
K25042	0
K25043	2
K25044	615
K25045	0
K25046	0
K25047	0
K25048	0
K25049	0
K25050	0
K25051	0
K25052	0
K25053	0
K25054	0
K25055	0
K25056	79
K25057	0
K25058	0
K25059	0
K25060	0
K25061	28
K25062	53
K25063	51
K25064	51
K25065	0
K25066	1
K25067	9
K25068	5
K25069	9
K25070	0
K25071	0
K25072	254
K25073	2
K25074	7
K25075	0
K25076	0
K25077	0
K25078	0
K25079	1
K25080	0
K25081	0
K25082	0
K25083	0
K25084	0
K25085	0
K25086	325
K25087	327
K25088	325
K25089	463
K25090	0
K25091	0
K25092	0
K25093	0
K25094	0
K25095	0
K25096	4
K25097	41
K25098	43
K25099	72
K25100	0
K25101	0
K25102	0
K25103	47
K25104	0
K25105	2
K25106	0
K25107	1
K25108	1
K25109	1578
K25110	111
K25111	90
K25112	0
K25113	20
K25114	24
K25115	5
K25116	0
K25117	0
K25118	4
K25119	7
K25120	0
K25121	0
K25122	0
K25123	0
K25124	6
K25125	0
K25126	0
K25127	0
K25128	0
K25129	1
K25130	52
K25131	0
K25132	1038
K25133	1061
K25134	4
K25135	131
K25136	0
K25137	0
K25138	1
K25139	1
K25140	1155
K25141	1584
K25142	2309
K25143	2393
K25144	471
K25145	20
K25146	0
K25147	1370
K25148	455
K25149	1954
K25150	1926
K25151	249
K25152	33
K25153	62
K25154	901
K25155	883
K25156	911
K25157	9
K25158	19
K25159	135
K25160	0
K25161	0
K25162	0
K25163	0
K25164	1
K25165	2
K25166	29
K25167	31
K25168	0
K25169	5
K25170	2
K25171	0
K25172	0
K25173	0
K25174	0
K25175	0
K25176	0
K25177	0
K25178	0
K25179	0
K25180	1406
K25181	897
K25182	147
K25183	17
K25184	0
K25185	0
K25186	0
K25187	17
K25188	13
K25189	34
K25190	0
K25191	0
K25192	0
K25193	41
K25194	2
K25195	0
K25196	485
K25197	100
K25198	1
K25199	1
K25200	0
K25201	2
K25202	0
K25203	0
K25204	0
K25205	1
K25206	0
K25207	2
K25208	0
K25209	0
K25210	2
K25211	1
K25212	2
K25213	2
K25214	0
K25215	0
K25216	0
K25217	0
K25218	0
K25219	0
K25220	2
K25221	0
K25222	116
K25223	5
K25224	4
K25225	0
K25226	0
K25227	1191
K25228	0
K25229	0
K25230	243
K25231	2
K25232	2455
K25233	3
K25234	94
K25235	0
K25236	0
K25237	0
K25238	0
K25239	0
K25240	0
K25241	0
K25242	0
K25243	0
K25244	0
K25245	0
K25246	0
K25247	0
K25248	0
K25249	0
K25250	0
K25251	0
K25252	0
K25253	0
K25254	66
K25255	2
K25256	0
K25257	0
K25258	7
K25259	0
K25260	0
K25261	4
K25262	36
K25263	0
K25264	0
K25265	0
K25266	0
K25267	8
K25268	0
K25269	0
K25270	0
K25271	19
K25272	159
K25273	0
K25274	0
K25275	0
K25276	0
K25277	0
K25278	0
K25279	0
K25280	0
K25281	1
K25282	773
K25283	774
K25284	753
K25285	774
K25286	2484
K25287	868
K25288	32
K25289	30
K25290	2
K25291	0
K25292	0
K25293	0
K25294	0
K25295	0
K25296	0
K25297	0
K25298	0
K25299	0
K25300	0
K25301	0
K25302	0
K25303	0
K25304	0
K25305	39
K25306	0
K25307	3201
K25308	38
K25309	0
K25310	0
K25311	0
K25312	0
K25313	0
K25314	0
K25315	2
K25316	438
K25317	41
K25318	0
K25319	0
K25320	0
K25321	0
K25322	0
K25323	0
K25324	6
K25325	0
K25326	0
K25327	0
K25328	0
K25329	0
K25330	0
K25331	0
K25332	0
K25333	0
K25334	0
K25335	0
K25336	0
K25337	0
K25338	0
K25339	0
K25340	0
K25341	0
K25342	0
K25343	0
K25344	0
K25345	0
K25346	0
K25347	0
K25348	0
K25349	0
K25350	0
K25351	0
K25352	0
K25353	0
K25354	0
K25355	0
K25356	0
K25357	0
K25358	0
K25359	0
K25360	0
K25361	0
K25362	0
K25363	0
K25364	0
K25365	1250
K25366	0
K25367	0
K25368	0
K25369	0
K25370	0
K25371	0
K25372	0
K25373	0
K25374	1
K25375	0
K25376	0
K25377	0
K25378	1
K25379	3
K25380	0
K25381	0
K25382	0
K25383	0
K25384	19
K25385	0
K25386	0
K25387	0
K25388	0
K25389	0
K25390	1
K25391	0
K25392	0
K25393	0
K25394	0
K25395	0
K25396	0
K25397	0
K25398	0
K25399	0
K25400	0
K25401	1
K25402	0
K25403	0
K25404	0
K25405	0
K25406	0
K25407	0
K25408	0
K25409	0
K25410	0
K25411	0
K25412	0
K25413	0
K25414	0
K25415	0
K25416	0
K25417	0
K25418	0
K25419	0
K25420	0
K25421	0
K25422	4
K25423	0
K25424	0
K25425	0
K25426	0
K25427	0
K25428	0
K25429	0
K25430	0
K25431	2
K25432	0
K25433	0
K25434	1
K25435	0
K25436	0
K25437	0
K25438	0
K25439	0
K25440	0
K25441	0
K25442	2
K25443	0
K25444	0
K25445	0
K25446	0
K25447	0
K25448	0
K25449	0
K25450	47
K25451	0
K25452	0
K25453	0
K25454	0
K25455	0
K25456	0
K25457	0
K25458	7
K25459	0
K25460	0
K25461	0
K25462	0
K25463	0
K25464	0
K25465	0
K25466	0
K25467	0
K25468	0
K25469	0
K25470	0
K25471	0
K25472	0
K25473	0
K25474	0
K25475	0
K25476	0
K25477	0
K25478	0
K25479	0
K25480	0
K25481	0
K25482	0
K25483	0
K25484	0
K25485	0
K25486	0
K25487	0
K25488	0
K25489	0
K25490	0
K25491	0
K25492	0
K25493	0
K25494	296
K25495	1301
K25496	0
K25497	14
K25498	0
K25499	54
K25500	9
K25501	0
K25502	0
K25503	227
K25504	0
K25505	0
K25506	0
K25507	0
K25508	0
K25509	23
K25510	1
K25511	0
K25512	0
K25513	0
K25514	0
K25515	0
K25516	0
K25517	76
K25518	3
K25519	0
K25520	352
K25521	0
K25522	0
K25523	0
K25524	27
K25525	1
K25526	0
K25527	0
K25528	7
K25529	0
K25530	0
K25531	0
K25532	0
K25533	0
K25534	0
K25535	0
K25536	0
K25537	0
K25538	0
K25539	0
K25540	0
K25541	0
K25542	0
K25543	68
K25544	0
K25545	0
K25546	0
K25547	0
K25548	1
K25549	0
K25550	0
K25551	0
K25552	7
K25553	0
K25554	2
K25555	100
K25556	0
K25557	259
K25558	0
K25559	0
K25560	0
K25561	0
K25562	1201
K25563	222
K25564	1472
K25565	0
K25566	0
K25567	0
K25568	0
K25569	0
K25570	1
K25571	20
K25572	0
K25573	0
K25574	15
K25575	1
K25576	0
K25577	0
K25578	8
K25579	0
K25580	0
K25581	0
K25582	0
K25583	10
K25584	0
K25585	124
K25586	0
K25587	1
K25588	2364
K25589	829
K25590	34
K25591	0
K25592	0
K25593	0
K25594	174
K25595	41
K25596	73
K25597	302
K25598	331
K25599	20
K25600	0
K25601	15
K25602	84
K25603	355
K25604	15
K25605	0
K25606	0
K25607	16
K25608	0
K25609	5
K25610	0
K25611	0
K25612	0
K25613	0
K25614	0
K25615	2
K25616	0
K25617	205
K25618	0
K25619	232
K25620	0
K25621	1341
K25622	1260
K25623	1407
K25624	0
K25625	0
K25626	66
K25627	51
K25628	0
K25629	0
K25630	0
K25631	0
K25632	1
K25633	0
K25634	1
K25635	0
K25636	0
K25637	0
K25638	0
K25639	0
K25640	0
K25641	75
K25642	0
K25643	0
K25644	0
K25645	0
K25646	0
K25647	0
K25648	0
K25649	512
K25650	10
K25651	10
K25652	198
K25653	0
K25654	7
K25655	0
K25656	15
K25657	138
K25658	148
K25659	13
K25660	0
K25661	0
K25662	0
K25663	0
K25664	1
K25665	0
K25666	0
K25667	0
K25668	0
K25669	0
K25670	194
K25671	54
K25672	101
K25673	58
K25674	62
K25675	193
K25676	659
K25677	930
K25678	635
K25679	0
K25680	0
K25681	0
K25682	0
K25683	0
K25684	0
K25685	0
K25686	0
K25687	0
K25688	0
K25689	0
K25690	0
K25691	0
K25692	0
K25693	0
K25694	0
K25695	0
K25696	0
K25697	0
K25698	0
K25699	5
K25700	0
K25701	0
K25702	0
K25703	0
K25704	0
K25705	0
K25706	3274
K25707	0
K25708	0
K25709	0
K25710	0
K25711	0
K25712	0
K25713	0
K25714	0
K25715	0
K25716	0
K25717	0
K25718	0
K25719	0
K25720	0
K25721	0
K25722	0
K25723	0
K25724	65
K25725	0
K25726	0
K25727	0
K25728	0
K25729	0
K25730	0
K25731	0
K25732	0
K25733	0
K25734	0
K25735	0
K25736	0
K25737	0
K25738	0
K25739	0
K25740	0
K25741	3
K25742	0
K25743	0
K25744	0
K25745	0
K25746	0
K25747	10
K25748	0
K25749	0
K25750	0
K25751	0
K25752	0
K25753	0
K25754	0
K25755	0
K25756	0
K25757	0
K25758	0
K25759	5
K25760	21
K25761	0
K25762	1
K25763	106
K25764	0
K25765	0
K25766	102
K25767	503
K25768	0
K25769	0
K25770	0
K25771	0
K25772	0
K25773	0
K25774	0
K25775	625
K25776	1065
K25777	0
K25778	0
K25779	1
K25780	0
K25781	0
K25782	0
K25783	0
K25784	0
K25785	0
K25786	0
K25787	1
K25788	0
K25789	0
K25790	0
K25791	0
K25792	0
K25793	0
K25794	0
K25795	0
K25796	0
K25797	1
K25798	0
K25799	0
K25800	0
K25801	0
K25802	0
K25803	0
K25804	0
K25805	0
K25806	0
K25807	0
K25808	0
K25809	0
K25810	0
K25811	0
K25812	2
K25813	1
K25814	219
K25815	0
K25816	0
K25817	0
K25818	0
K25819	0
K25820	705
K25821	705
K25822	2
K25823	2
K25824	0
K25825	0
K25826	0
K25827	0
K25828	0
K25829	0
K25830	0
K25831	0
K25832	0
K25833	0
K25834	0
K25835	0
K25836	0
K25837	0
K25838	0
K25839	0
K25840	0
K25841	2
K25842	0
K25843	10
K25844	1
K25845	57
K25846	28
K25847	0
K25848	15
K25849	29
K25850	23
K25851	23
K25852	6
K25853	18
K25854	0
K25855	38
K25856	0
K25857	0
K25858	0
K25859	3
K25860	0
K25861	28
K25862	0
K25863	0
K25864	2
K25865	0
K25866	1
K25867	0
K25868	0
K25869	0
K25870	0
K25871	0
K25872	0
K25873	5
K25874	2
K25875	6
K25876	0
K25877	24
K25878	0
K25879	1
K25880	0
K25881	0
K25882	5
K25883	10
K25884	44
K25885	8
K25886	57
K25887	0
K25888	0
K25889	12
K25890	15
K25891	57
K25892	97
K25893	0
K25894	0
K25895	2
K25896	0
K25897	0
K25898	348
K25899	0
K25900	0
K25901	619
K25902	0
K25903	312
K25904	376
K25905	82
K25906	0
K25907	7
K25908	1
K25909	2
K25910	1
K25911	41
K25912	34
K25913	75
K25914	0
K25915	0
K25916	0
K25917	0
K25918	0
K25919	1
K25920	0
K25921	0
K25922	0
K25923	0
K25924	0
K25925	0
K25926	0
K25927	0
K25928	0
K25929	0
K25930	0
K25931	0
K25932	0
K25933	44
K25934	0
K25935	0
K25936	83
K25937	102
K25938	1
K25939	8
K25940	0
K25941	0
K25942	0
K25943	0
K25944	0
K25945	0
K25946	0
K25947	0
K25948	0
K25949	0
K25950	189
K25951	0
K25952	311
K25953	0
K25954	0
K25955	0
K25956	0
K25957	4
K25958	8
K25959	0
K25960	4
K25961	0
K25962	0
K25963	0
K25964	0
K25965	0
K25966	0
K25967	0
K25968	0
K25969	3
K25970	0
K25971	0
K25972	0
K25973	0
K25974	0
K25975	0
K25976	0
K25977	0
K25978	0
K25979	0
K25980	0
K25981	0
K25982	0
K25983	0
K25984	0
K25985	84
K25986	446
K25987	295
K25988	1039
K25989	0
K25990	0
K25991	0
K25992	0
K25993	0
K25994	0
K25995	0
K25996	0
K25997	0
K25998	0
K25999	0
K26000	0
K26001	1
K26002	0
K26003	0
K26004	1
K26005	66
K26006	0
K26007	1
K26008	1
K26009	1
K26010	0
K26011	0
K26012	0
K26013	3
K26014	0
K26015	0
K26016	0
K26017	0
K26018	0
K26019	0
K26020	0
K26021	0
K26022	0
K26023	0
K26024	6
K26025	0
K26026	0
K26027	0
K26028	0
K26029	2
K26030	1
K26031	1
K26032	303
K26033	7
K26034	0
K26035	1
K26036	756
K26037	0
K26038	0
K26039	4
K26040	1
K26041	104
K26042	0
K26043	2
K26044	1
K26045	1
K26046	21
K26047	2
K26048	1
K26049	3
K26050	0
K26051	37
K26052	0
K26053	0
K26054	0
K26055	293
K26056	66
K26057	724
K26058	0
K26059	124
K26060	8
K26061	781
K26062	0
K26063	613
K26064	9
K26065	16
K26066	5
K26067	1
K26068	1
K26069	10
K26070	13
K26071	51
K26072	0
K26073	0
K26074	0
K26075	4
K26076	0
K26077	9
K26078	3
K26079	2
K26080	417
K26081	194
K26082	0
K26083	0
K26084	0
K26085	0
K26086	0
K26087	24
K26088	0
K26089	3
K26090	0
K26091	0
K26092	0
K26093	0
K26094	0
K26095	0
K26096	0
K26097	0
K26098	0
K26099	0
K26100	0
K26101	0
K26102	0
K26103	0
K26104	0
K26105	0
K26106	0
K26107	0
K26108	0
K26109	0
K26110	2512
K26111	0
K26112	0
K26113	7
K26114	14
K26115	23
K26116	0
K26117	0
K26118	3
K26119	0
K26120	0
K26121	0
K26122	0
K26123	0
K26124	0
K26125	0
K26126	0
K26127	0
K26128	0
K26129	0
K26130	0
K26131	0
K26132	0
K26133	0
K26134	0
K26135	0
K26136	0
K26137	0
K26138	302
K26139	324
K26140	0
K26141	1399
K26142	0
K26143	0
K26144	0
K26145	0
K26146	0
K26147	0
K26148	269
K26149	17
K26150	0
K26151	0
K26152	0
K26153	0
K26154	0
K26155	0
K26156	0
K26157	0
K26158	0
K26159	0
K26160	0
K26161	0
K26162	0
K26163	0
K26164	0
K26165	0
K26166	0
K26167	0
K26168	0
K26169	0
K26170	0
K26171	63
K26172	74
K26173	95
K26174	95
K26175	24
K26176	141
K26177	0
K26178	170
K26179	3
K26180	871
K26181	67
K26182	344
K26183	17
K26184	436
K26185	4
K26186	0
K26187	0
K26188	0
K26189	0
K26190	0
K26197	0
K26198	0
K26199	0
K26200	0
K26201	0
K26202	0
K26203	0
K26204	0
K26205	0
K26206	0
K26207	0
K26208	418
K26209	138
K26210	2
K26211	1
K26212	231
K26213	0
K26214	0
K26215	0
K26216	464
K26217	21
K26218	1
K26219	0
K26220	0
K26221	0
K26222	0
K26223	0
K26224	0
K26225	0
K26226	0
K26227	1
K26228	0
K26229	0
K26230	0
K26231	0
K26232	0
K26233	0
K26234	0
K26235	0
K26236	0
K26237	0
K26238	0
K26239	0
K26240	0
K26241	5
K26242	0
K26243	0
K26244	0
K26245	0
K26246	0
K26247	0
K26248	0
K26249	2765
K26250	14
K26251	0
K26252	2946
K26253	0
K26254	0
K26255	0
K26256	2
K26257	0
K26258	0
K26259	0
K26260	0
K26261	0
K26262	0
K26263	0
K26264	0
K26265	0
K26266	0
K26267	0
K26268	0
K26269	0
K26270	0
K26271	0
K26272	368
K26273	36
K26274	0
K26275	0
K26276	0
K26277	0
K26278	0
K26279	0
K26280	0
K26281	0
K26282	0
K26283	0
K26284	17
K26285	2
K26286	23
K26287	0
K26288	539
K26289	0
K26290	3
K26316	0
K26317	0
K26318	123
K26346	0
K26347	0
K26348	8
K26349	225
K26350	0
K26351	0
K26352	3
K26353	30
K26354	2
K26355	49
K26356	0
K26357	0
K26364	436
K26365	192
K26366	0
K26367	0
K26368	0
K26369	0
K26370	0
K26371	0
K26372	19
K26373	0
K26374	0
K26375	0
K26376	0
K26377	0
K26378	0
K26379	0
K26380	0
K26381	0
K26382	0
K26383	0
K26384	0
K26385	0
K26389	0
K26390	0
K26391	291
K26392	2652
K26393	41
K26394	3
K26395	0
K26396	0
K26397	7
K26398	16
K26399	138
K26400	648
K26401	0
K26402	0
K26403	0
K26404	0
K26405	0
K26406	0
K26407	0
K26408	0
K26409	0
K26410	0
K26411	0
K26412	0
K26413	0
K26414	1
K26415	0
K26416	0
K26417	0
K26418	0
K26419	0
K26420	0
K26421	0
K26422	0
K26423	0
K26424	0
K26425	0
K26426	0
K26427	0
K26428	0
K26429	0
K26430	0
K26431	0
K26432	0
K26433	0
K26434	0
K26435	0
K26436	0
K26437	0
K26438	0
K26439	0
K26440	2
K26441	309
K26442	0
K26443	0
K26444	0
K26445	0
K26446	0
K26447	0
K26448	0
K26449	0
K26450	1
K26451	0
K26452	0
K26453	0
K26454	0
K26455	0
K26456	16
K26457	0
K26458	0
K26459	0
K26460	0
K26466	0
K26467	0
K26468	0
K26469	0
K26470	0
K26471	0
K26472	0
K26473	0
K26480	0
K26481	0
K26482	0
K26483	0
K26484	0
K26485	0
K26486	0
K26487	0
K26488	0
K26489	0
K26490	0
K26491	0
K26492	0
K26493	0
K26494	0
K26495	0
K26496	0
K26497	0
K26498	0
K26499	0
K26500	49
K26501	0
K26502	0
K26503	0
K26504	0
K26505	0
K26506	0
K26507	0
K26508	0
K26509	0
K26510	0
K26511	0
K26512	0
K26513	0
K26514	0
K26515	0
K26516	0
K26517	0
K26518	31
K26519	0
K26520	0
K26521	0
K26522	0
K26523	0
K26524	0
K26525	0
K26526	0
K26527	0
K26528	1
K26529	0
K26530	1
K26531	0
K26532	0
K26533	0
K26534	0
K26535	0
K26536	0
K26537	0
K26538	0
K26539	0
K26540	0
K26541	0
K26542	0
K26543	0
K26544	0
K26545	1
K26546	1
K26547	0
K26548	0
K26549	0
K26550	0
K26551	0
K26552	0
K26553	0
K26554	0
K26555	1
K26556	2
K26557	0
K26558	0
K26559	0
K26560	0
K26561	0
K26562	0
K26563	0
K26564	0
K26579	0
K26580	274
K26581	0
K26582	0
K26583	0
K26584	0
K26585	0
K26586	0
K26587	0
K26588	0
K26589	0
K26590	361
K26591	267
K26592	445
K26593	164
K26594	361
K26595	649
K26596	280
K26597	168
K26598	6
K26599	0
K26600	0
K26601	48
K26602	177
K26603	0
K26604	19
K26605	2409
K26606	1812
K26607	118
K26608	0
K26609	1
K26610	0
K26611	0
K26612	0
K26613	0
K26614	0
K26615	0
K26616	0
K26617	0
K26618	0
K26619	0
K26620	0
K26621	0
K26622	0
K26623	1
K26624	1
K26625	0
K26626	0
K26627	0
K26628	0
K26629	0
K26630	0
K26631	6
K26632	0
K26633	0
K26634	0
K26635	0
K26636	0
K26637	0
K26638	0
K26639	0
K26640	0
K26641	0
K26642	0
K26643	0
K26644	0
K26645	0
K26646	0
K26647	0
K26648	0
K26649	0
K26650	2
K26651	0
K26652	0
K26653	25
K26654	0
K26655	0
K26656	0
K26657	0
K26658	0
K26659	0
K26660	127
K26661	0
K26662	0
K26663	0
K26664	0
K26665	0
K26666	0
K26667	0
K26668	0
K26669	0
K26670	0
K26671	0
K26672	0
K26673	0
K26674	0
K26675	0
K26676	0
K26677	0
K26678	1
K26679	0
K26680	0
K26681	0
K26682	1
K26683	0
K26684	0
K26685	0
K26686	0
K26687	0
K26688	0
K26689	0
K26690	0
K26691	0
K26692	4
K26693	0
K26694	0
K26695	0
K26696	0
K26697	0
K26698	1
K26699	0
K26700	0
K26701	0
K26702	0
K26703	0
K26704	0
K26705	0
K26706	0
K26707	0
K26708	0
K26709	0
K26710	0
K26711	0
K26712	0
K26713	0
K26714	0
K26715	0
K26716	0
K26717	0
K26718	0
K26719	5
K26720	0
K26721	0
K26722	4
K26723	0
K26724	0
K26725	0
K26726	0
K26727	1
K26728	0
K26729	0
K26730	1194
K26731	867
K26732	1539
K26733	0
K26734	1
K26735	205
K26736	0
K26737	0
K26738	0
K26739	1335
K26740	1694
K26741	674
K26742	38
K26743	0
K26744	243
K26745	20
K26746	2
K26747	0
K26748	0
K26749	127
K26750	0
K26751	0
K26752	0
K26753	30
K26754	1
K26755	0
K26756	43
K26757	0
K26758	0
K26759	0
K26760	1
K26761	1
K26762	1
K26763	1
K26764	1
K26765	1
K26766	1
K26767	1
K26768	1
K26769	0
K26770	396
K26771	1
K26772	0
K26773	1
K26774	0
K26775	2
K26776	1
K26777	3
K26778	19
K26779	1
K26780	1
K26781	1
K26782	17
K26783	10
K26784	1
K26785	1
K26786	1
K26787	0
K26788	1
K26789	0
K26790	1
K26791	0
K26792	1
K26793	1
K26794	1
K26795	1
K26796	0
K26797	0
K26798	0
K26799	0
K26800	0
K26801	0
K26802	0
K26803	0
K26804	1
K26805	14
K26806	0
K26807	0
K26808	0
K26815	1306
K26816	2
K26817	0
K26818	25
K26819	0
K26820	45
K26821	0
K26822	0
K26823	46
K26824	0
K26825	0
K26826	15
K26827	0
K26828	14
K26829	211
K26830	0
K26831	0
K26832	0
K26833	1
K26834	0
K26835	17
K26836	0
K26837	12
K26838	74
K26839	0
K26840	1
K26841	177
K26842	0
K26843	7
K26844	0
K26845	0
K26846	1
K26847	0
K26848	0
K26849	0
K26850	0
K26851	0
K26852	0
K26853	0
K26854	0
K26855	0
K26856	0
K26857	32
K26858	38
K26859	19
K26860	0
K26861	0
K26862	0
K26863	0
K26864	184
K26865	48
K26866	0
K26867	0
K26868	0
K26869	3
K26870	6
K26871	0
K26872	1
K26873	115
K26874	0
K26875	8
K26876	4
K26877	1
K26878	0
K26879	0
K26880	0
K26881	0
K26882	0
K26883	0
K26884	0
K26885	2
K26886	14
K26887	0
K26888	0
K26889	11
K26890	0
K26891	0
K26892	6
K26893	0
K26894	5
K26895	0
K26896	0
K26897	3
K26898	0
K26899	2
K26900	10
K26901	194
K26902	0
K26903	0
K26904	0
K26905	2
K26906	0
K26907	0
K26908	34
K26909	0
K26910	0
K26911	0
K26912	46
K26913	5
K26914	0
K26915	0
K26916	4
K26917	6
K26918	9
K26919	0
K26920	142
K26921	0
K26922	38
K26923	0
K26924	0
K26925	0
K26926	0
K26927	0
K26928	28
K26929	61
K26930	0
K26931	0
K26932	1
