KO id	KO_count
K00001	1889
K00002	248
K00003	7777
K00004	3117
K00005	2030
K00006	0
K00007	2
K00008	3764
K00009	2374
K00010	3956
K00011	55
K00012	5278
K00013	6304
K00014	7295
K00015	1867
K00016	5659
K00018	1284
K00019	1159
K00020	5062
K00021	309
K00022	190
K00023	383
K00024	1888
K00025	2182
K00026	3
K00027	5457
K00028	0
K00029	182
K00030	2678
K00031	3985
K00032	5
K00033	6694
K00034	5353
K00035	10
K00036	6376
K00037	0
K00038	3128
K00039	49
K00040	2590
K00041	938
K00042	1845
K00043	46
K00044	58
K00045	811
K00046	1443
K00048	985
K00049	114
K00051	0
K00052	6495
K00053	7013
K00054	2480
K00055	1482
K00057	8278
K00058	7137
K00059	8111
K00060	1693
K00061	65
K00062	0
K00063	0
K00064	1409
K00065	2436
K00066	311
K00067	4856
K00068	899
K00069	97
K00070	10
K00071	3
K00072	0
K00073	682
K00074	4927
K00075	8348
K00076	1699
K00077	5473
K00078	3081
K00079	483
K00081	0
K00082	25
K00083	3
K00084	2
K00085	0
K00086	1592
K00087	1726
K00088	8402
K00089	0
K00090	649
K00091	2393
K00093	6
K00094	222
K00095	2
K00096	1459
K00097	257
K00098	674
K00099	6130
K00100	754
K00101	2129
K00102	666
K00103	180
K00104	3940
K00105	995
K00106	5
K00107	1
K00108	2292
K00109	1089
K00111	4700
K00112	195
K00113	923
K00114	207
K00115	114
K00116	3202
K00117	7
K00118	106
K00119	943
K00120	232
K00121	1629
K00122	489
K00123	3354
K00124	1080
K00125	154
K00126	102
K00127	489
K00128	421
K00129	1157
K00130	3699
K00131	1067
K00132	980
K00133	8136
K00134	8456
K00135	4710
K00137	497
K00138	3452
K00139	2
K00140	3647
K00141	603
K00142	217
K00143	25
K00145	6222
K00146	1158
K00147	7122
K00148	3149
K00149	0
K00150	92
K00151	828
K00152	7
K00153	2303
K00154	469
K00155	4
K00156	2639
K00157	0
K00158	2241
K00161	669
K00162	764
K00163	2957
K00164	1355
K00166	4949
K00167	4963
K00169	621
K00170	382
K00171	549
K00172	660
K00174	3487
K00175	3109
K00176	894
K00177	657
K00179	746
K00180	729
K00181	0
K00182	0
K00184	108
K00185	130
K00186	33
K00187	593
K00188	34
K00189	11
K00192	4
K00193	62
K00194	298
K00195	0
K00196	1272
K00197	321
K00198	612
K00200	11
K00201	8
K00202	18
K00203	6
K00204	355
K00205	146
K00206	27
K00207	0
K00208	2138
K00209	541
K00211	0
K00212	3
K00213	5
K00214	69
K00215	7989
K00216	968
K00217	536
K00218	477
K00219	1757
K00220	23
K00221	528
K00222	18
K00223	0
K00224	35
K00225	0
K00226	1512
K00227	112
K00228	182
K00230	2221
K00231	4831
K00232	2188
K00233	39
K00234	26
K00235	18
K00236	11
K00237	0
K00239	4953
K00240	4874
K00241	4478
K00242	2315
K00243	4406
K00244	115
K00245	120
K00246	81
K00247	81
K00248	3691
K00249	2166
K00251	1
K00252	2879
K00253	229
K00254	3691
K00255	2340
K00257	424
K00258	0
K00259	5515
K00260	2025
K00261	774
K00262	5123
K00263	1604
K00264	2337
K00265	5481
K00266	4338
K00270	222
K00271	967
K00272	0
K00273	855
K00274	1922
K00275	3524
K00276	1120
K00277	158
K00278	4760
K00279	480
K00280	43
K00281	2934
K00282	2109
K00283	2108
K00284	163
K00285	1062
K00286	8080
K00287	6627
K00288	18
K00289	4
K00290	156
K00293	83
K00294	2257
K00295	22
K00296	0
K00297	4425
K00298	687
K00299	3078
K00300	7
K00301	2011
K00302	984
K00303	588
K00304	465
K00305	520
K00306	32
K00307	87
K00308	2
K00309	731
K00310	103
K00311	25
K00312	0
K00313	494
K00314	3
K00315	229
K00316	40
K00317	145
K00318	3043
K00319	0
K00320	3138
K00322	795
K00323	970
K00324	1277
K00325	2026
K00326	15
K00327	15
K00330	2578
K00331	2570
K00332	2562
K00333	2572
K00334	2061
K00335	2248
K00336	3620
K00337	2636
K00338	2543
K00339	2549
K00340	2556
K00341	2765
K00342	2616
K00343	2618
K00344	5625
K00345	138
K00346	5
K00347	39
K00348	46
K00349	40
K00350	40
K00351	690
K00354	1770
K00355	2829
K00357	0
K00359	2254
K00360	1011
K00361	15
K00362	2305
K00363	2001
K00364	2819
K00365	1363
K00366	862
K00367	1244
K00368	897
K00370	2162
K00371	2147
K00372	1775
K00373	2183
K00374	2332
K00375	6392
K00376	101
K00378	7
K00380	1544
K00381	827
K00382	7191
K00383	2354
K00384	8457
K00385	1025
K00386	28
K00387	1057
K00389	2257
K00390	4060
K00392	2583
K00394	433
K00395	829
K00399	0
K00400	2
K00401	0
K00402	0
K00404	185
K00405	39
K00406	68
K00407	13
K00408	0
K00410	18
K00411	15
K00412	16
K00413	9
K00414	29
K00415	4
K00416	0
K00417	0
K00418	0
K00419	0
K00420	0
K00421	70
K00422	52
K00423	201
K00424	13
K00425	5183
K00426	5180
K00427	826
K00428	191
K00430	5
K00431	1
K00432	5408
K00433	4591
K00434	0
K00435	3037
K00436	120
K00437	72
K00440	15
K00441	806
K00442	8
K00443	71
K00444	16
K00445	0
K00446	1363
K00448	1275
K00449	1756
K00450	856
K00451	1963
K00452	438
K00453	1900
K00454	0
K00455	307
K00456	1674
K00457	1526
K00458	0
K00459	4652
K00460	0
K00461	14
K00462	120
K00463	41
K00464	927
K00465	37
K00466	8
K00467	1677
K00468	807
K00469	9
K00471	353
K00472	410
K00473	7
K00474	12
K00475	0
K00476	94
K00477	1524
K00478	0
K00479	524
K00480	551
K00481	1152
K00483	795
K00484	104
K00485	1151
K00486	221
K00487	0
K00488	1
K00489	0
K00490	0
K00491	1613
K00492	7
K00493	0
K00494	667
K00495	0
K00496	1012
K00497	0
K00498	1
K00499	1046
K00500	505
K00501	1
K00502	0
K00503	56
K00504	2
K00505	185
K00506	0
K00507	794
K00508	31
K00509	8
K00510	7
K00511	20
K00512	0
K00513	0
K00514	151
K00515	8
K00516	106
K00517	1
K00518	1020
K00520	1747
K00521	617
K00522	7
K00523	1653
K00524	117
K00525	7500
K00526	6989
K00527	311
K00528	1996
K00529	2579
K00530	0
K00531	24
K00532	193
K00533	188
K00534	20
K00537	6085
K00540	1972
K00541	21
K00542	42
K00543	6
K00544	121
K00545	789
K00546	13
K00547	2326
K00548	4260
K00549	6126
K00550	1
K00551	0
K00552	0
K00553	44
K00554	8499
K00555	37
K00556	2808
K00557	9
K00558	5021
K00559	305
K00560	6686
K00561	1502
K00562	35
K00563	4084
K00564	5397
K00565	9
K00566	8222
K00567	6806
K00568	3591
K00569	21
K00570	1988
K00571	2259
K00572	0
K00573	1493
K00574	3363
K00575	2191
K00577	32
K00578	0
K00579	0
K00580	0
K00581	0
K00582	0
K00583	6
K00584	15
K00586	0
K00587	999
K00588	6209
K00589	1
K00590	384
K00591	83
K00592	0
K00594	1128
K00595	2862
K00596	287
K00597	5
K00598	3337
K00599	0
K00600	8114
K00601	5
K00602	8123
K00603	539
K00604	8457
K00605	5018
K00606	5004
K00607	21
K00608	0
K00609	8229
K00610	1060
K00611	7407
K00612	1102
K00613	360
K00614	10
K00615	6566
K00616	1077
K00617	1917
K00618	0
K00619	4534
K00620	6073
K00621	84
K00622	412
K00623	0
K00624	373
K00625	111
K00626	5860
K00627	6655
K00628	0
K00629	0
K00630	0
K00631	774
K00632	3855
K00633	1121
K00634	1578
K00635	1762
K00637	0
K00638	321
K00639	2574
K00640	6579
K00641	3282
K00643	168
K00645	7591
K00646	132
K00647	52
K00648	6585
K00649	0
K00650	165
K00651	3908
K00652	2798
K00653	0
K00654	0
K00655	8436
K00656	4438
K00657	3941
K00658	1659
K00659	741
K00660	1
K00661	6680
K00662	1655
K00663	2231
K00664	0
K00665	3
K00666	5136
K00667	1
K00668	283
K00669	155
K00670	14
K00671	0
K00672	6
K00673	5
K00674	3019
K00675	2183
K00677	451
K00678	35
K00679	0
K00680	472
K00681	3350
K00682	2379
K00683	9
K00684	516
K00685	0
K00686	719
K00687	1157
K00688	4340
K00689	1573
K00690	1195
K00691	1219
K00692	391
K00693	1
K00694	1325
K00695	47
K00696	144
K00697	2753
K00698	0
K00699	5
K00700	6397
K00701	1090
K00702	635
K00703	3704
K00704	0
K00705	4491
K00706	2
K00709	0
K00710	1059
K00712	2527
K00713	58
K00714	0
K00715	0
K00716	0
K00717	33
K00718	122
K00719	0
K00720	129
K00721	4227
K00722	5
K00725	20
K00726	36
K00727	172
K00728	3911
K00729	467
K00730	0
K00731	0
K00733	13
K00734	0
K00735	0
K00736	0
K00737	77
K00738	0
K00739	0
K00741	0
K00742	3
K00743	0
K00744	0
K00746	5
K00747	0
K00748	332
K00749	0
K00750	32
K00752	532
K00753	0
K00754	5700
K00756	4098
K00757	10
K00758	2740
K00759	8018
K00760	93
K00761	8425
K00762	8250
K00763	8306
K00764	8100
K00765	6319
K00766	6393
K00767	5047
K00768	3782
K00769	62
K00770	21
K00771	47
K00772	1804
K00773	6424
K00774	0
K00775	0
K00776	9
K00777	1
K00778	0
K00779	0
K00780	0
K00781	1
K00782	2935
K00783	5423
K00784	7205
K00785	109
K00786	2
K00787	0
K00788	6537
K00789	8515
K00790	8398
K00791	8404
K00793	5822
K00794	5887
K00795	3987
K00796	7063
K00797	5046
K00798	3887
K00799	185
K00800	4786
K00801	467
K00802	0
K00803	1781
K00804	1
K00805	1501
K00806	5560
K00807	34
K00808	161
K00809	35
K00810	0
K00811	0
K00812	4465
K00813	583
K00814	0
K00815	1
K00816	1
K00817	6761
K00818	21
K00819	3061
K00820	8326
K00821	6089
K00822	125
K00823	1553
K00824	2433
K00825	12
K00826	7274
K00827	135
K00830	1070
K00831	5895
K00832	372
K00833	2377
K00835	124
K00836	1858
K00837	68
K00838	0
K00839	853
K00840	4
K00841	2953
K00843	0
K00844	101
K00845	202
K00846	0
K00847	4402
K00848	2604
K00849	6381
K00850	5093
K00851	2596
K00852	6457
K00853	2245
K00854	3156
K00855	451
K00856	77
K00857	6031
K00858	8442
K00859	8422
K00860	2182
K00861	4
K00862	419
K00863	982
K00864	7578
K00865	7158
K00866	8
K00867	5180
K00868	2693
K00869	2653
K00871	0
K00872	7079
K00873	8454
K00874	3642
K00875	31
K00876	6162
K00877	40
K00878	4470
K00879	113
K00880	342
K00881	81
K00882	6175
K00883	169
K00884	72
K00885	101
K00886	3048
K00887	4430
K00888	0
K00889	0
K00891	4621
K00892	2
K00893	0
K00894	53
K00895	377
K00897	2006
K00898	0
K00899	1259
K00900	0
K00901	2
K00902	0
K00903	3743
K00904	0
K00905	0
K00906	3
K00907	0
K00908	0
K00909	0
K00910	0
K00911	0
K00912	128
K00913	0
K00914	0
K00915	10
K00916	0
K00917	3275
K00918	181
K00919	7211
K00920	0
K00921	0
K00922	0
K00923	0
K00924	9
K00925	7978
K00926	3087
K00927	8520
K00928	8132
K00929	1624
K00930	6224
K00931	7120
K00932	0
K00933	1
K00934	0
K00936	3752
K00937	5512
K00938	2627
K00939	8297
K00940	6250
K00941	7320
K00942	8484
K00943	8051
K00944	268
K00945	6590
K00946	3565
K00947	22
K00948	8518
K00949	5376
K00950	4340
K00951	156
K00952	57
K00953	9
K00954	8387
K00955	1064
K00956	1933
K00957	2644
K00958	1636
K00960	0
K00962	7861
K00963	3834
K00965	4729
K00966	1688
K00967	8
K00968	11
K00969	8472
K00970	3472
K00971	1911
K00972	42
K00973	6760
K00974	5145
K00975	6130
K00976	0
K00977	0
K00978	1533
K00979	351
K00980	2669
K00981	8425
K00982	3121
K00983	1288
K00984	876
K00985	0
K00986	3468
K00987	0
K00988	138
K00989	5211
K00990	2379
K00991	5206
K00992	125
K00993	155
K00994	1
K00995	1011
K00996	106
K00997	7268
K00998	3
K00999	17
K01000	8381
K01001	0
K01002	410
K01003	50
K01004	222
K01005	8295
K01006	4087
K01007	2525
K01008	2558
K01009	1073
K01011	4219
K01012	4611
K01013	126
K01014	233
K01015	1
K01016	60
K01017	15
K01019	22
K01020	96
K01021	287
K01022	80
K01023	1387
K01024	72
K01025	9
K01026	952
K01027	503
K01028	2180
K01029	2218
K01031	600
K01032	525
K01034	998
K01035	861
K01039	1602
K01040	1596
K01041	1047
K01042	1772
K01043	105
K01044	50
K01045	19
K01046	5603
K01047	260
K01048	2270
K01049	148
K01050	30
K01051	999
K01052	109
K01053	1551
K01054	5265
K01055	6564
K01056	8479
K01057	3153
K01058	4
K01059	0
K01060	2518
K01061	3092
K01062	520
K01063	2
K01064	0
K01065	0
K01066	252
K01067	0
K01068	117
K01069	7623
K01070	241
K01071	9
K01073	2627
K01074	4
K01075	239
K01076	41
K01077	1301
K01078	1
K01079	3975
K01080	0
K01081	15
K01082	1455
K01083	443
K01084	0
K01085	42
K01086	174
K01087	2293
K01089	19
K01090	4
K01091	7301
K01092	6789
K01093	4
K01094	0
K01095	1475
K01096	328
K01097	2
K01098	0
K01099	0
K01100	0
K01101	6
K01102	0
K01103	1
K01104	4079
K01106	0
K01107	0
K01108	0
K01109	0
K01110	1
K01111	1
K01112	0
K01113	1940
K01114	1252
K01115	558
K01116	0
K01117	538
K01118	3817
K01119	3162
K01120	4
K01121	24
K01122	3
K01123	92
K01124	6
K01125	2493
K01126	7722
K01127	436
K01128	0
K01129	4912
K01130	893
K01131	1
K01132	1
K01133	1765
K01134	1498
K01135	134
K01136	5
K01137	166
K01138	599
K01139	8457
K01141	12
K01142	7369
K01143	47
K01146	2
K01147	227
K01148	0
K01149	0
K01150	1115
K01151	5522
K01152	205
K01153	4782
K01154	4997
K01155	648
K01156	1922
K01157	3
K01158	0
K01159	4567
K01160	1770
K01161	1
K01163	2231
K01164	0
K01165	16
K01166	34
K01167	1842
K01168	0
K01169	27
K01170	0
K01171	0
K01172	0
K01173	645
K01174	2368
K01175	1206
K01176	2986
K01177	147
K01178	548
K01179	1127
K01180	514
K01181	1408
K01182	5558
K01183	1844
K01184	571
K01185	242
K01186	2280
K01187	40
K01188	2
K01189	0
K01190	3199
K01191	2526
K01192	1301
K01193	4483
K01194	47
K01195	1012
K01196	316
K01197	20
K01198	2196
K01199	16
K01200	3405
K01201	1028
K01202	343
K01203	0
K01204	99
K01205	339
K01206	2254
K01207	5064
K01208	5356
K01209	2236
K01210	572
K01212	467
K01213	168
K01214	3346
K01215	1527
K01216	394
K01217	396
K01218	1616
K01219	7
K01220	1378
K01222	2673
K01223	3620
K01224	1119
K01225	1
K01226	2682
K01227	1096
K01228	275
K01229	11
K01230	2
K01231	1
K01232	975
K01233	677
K01235	649
K01236	2454
K01237	0
K01238	2
K01239	3861
K01240	406
K01241	194
K01242	4
K01243	6782
K01244	0
K01245	145
K01246	5973
K01247	1713
K01250	1222
K01251	2583
K01252	900
K01253	11
K01254	112
K01255	4756
K01256	3894
K01257	12
K01258	4872
K01259	4368
K01260	1
K01261	3194
K01262	2011
K01264	1340
K01265	8518
K01266	1074
K01267	4024
K01268	10
K01269	3318
K01270	1298
K01271	6983
K01273	3609
K01274	4130
K01275	18
K01276	191
K01277	0
K01278	1554
K01279	6
K01280	589
K01281	2329
K01282	1
K01283	14
K01284	1253
K01285	74
K01286	4086
K01288	107
K01290	4
K01291	0
K01292	2
K01293	2
K01294	6
K01295	1310
K01296	67
K01297	4705
K01298	38
K01299	1849
K01300	27
K01301	34
K01302	17
K01303	3246
K01304	3537
K01305	979
K01306	0
K01307	0
K01308	1155
K01309	0
K01310	20
K01311	2
K01312	1163
K01313	0
K01314	0
K01315	0
K01316	3
K01317	2
K01318	2468
K01319	0
K01320	0
K01321	0
K01322	1851
K01323	5
K01324	66
K01325	7
K01326	2
K01327	0
K01328	0
K01329	1
K01330	0
K01331	0
K01332	37
K01333	0
K01334	7
K01335	15
K01336	9
K01337	93
K01338	4227
K01339	0
K01340	3
K01341	12
K01342	1534
K01343	0
K01344	0
K01345	0
K01346	61
K01347	46
K01348	0
K01349	1
K01350	7
K01351	0
K01352	0
K01353	0
K01354	2251
K01355	2
K01356	8158
K01357	0
K01358	8363
K01359	3
K01360	2
K01361	1945
K01362	12
K01363	12
K01364	23
K01365	270
K01366	25
K01367	1
K01368	1
K01369	1
K01370	0
K01371	457
K01372	2393
K01373	70
K01374	17
K01375	3
K01376	0
K01377	0
K01378	0
K01379	1
K01380	0
K01381	10
K01382	0
K01383	0
K01384	0
K01385	6
K01386	0
K01387	656
K01388	63
K01389	0
K01390	675
K01392	149
K01393	0
K01394	8
K01395	0
K01396	1
K01397	33
K01398	0
K01399	1
K01400	2186
K01401	267
K01402	4
K01403	0
K01404	25
K01405	1
K01406	287
K01407	5
K01408	1
K01409	65
K01410	0
K01411	0
K01412	64
K01413	2
K01414	160
K01415	1
K01416	1142
K01417	205
K01419	2493
K01420	756
K01421	7048
K01422	3
K01423	305
K01424	5840
K01425	3051
K01426	3732
K01427	399
K01428	2290
K01429	2492
K01430	2506
K01431	1160
K01432	2584
K01433	3346
K01434	1629
K01435	2
K01436	4106
K01437	114
K01438	2312
K01439	5272
K01440	29
K01441	0
K01442	1646
K01443	6698
K01444	526
K01446	2243
K01447	3740
K01448	6476
K01449	2113
K01451	1783
K01452	16
K01453	1037
K01455	2407
K01456	4
K01457	1143
K01458	473
K01459	18
K01460	1234
K01461	67
K01462	8498
K01463	3080
K01464	2350
K01465	8241
K01466	2371
K01467	779
K01468	3437
K01469	567
K01470	2643
K01471	180
K01473	2042
K01474	990
K01475	1690
K01476	2563
K01477	1040
K01478	4160
K01479	1800
K01480	1919
K01481	146
K01482	2047
K01483	247
K01484	5
K01485	2717
K01486	2931
K01487	1369
K01488	4287
K01489	7334
K01490	1
K01491	8476
K01492	0
K01493	4994
K01494	3739
K01495	6548
K01496	4111
K01497	1441
K01498	6
K01499	49
K01500	1932
K01501	644
K01502	31
K01505	596
K01506	916
K01507	3861
K01509	0
K01510	0
K01511	0
K01512	5734
K01513	10
K01514	0
K01515	5215
K01516	2
K01517	33
K01518	559
K01519	8104
K01520	7185
K01521	152
K01522	3
K01523	3971
K01524	5836
K01525	92
K01526	0
K01527	0
K01528	0
K01529	638
K01530	41
K01531	2561
K01532	1
K01533	3107
K01534	5304
K01535	408
K01536	33
K01537	5270
K01538	0
K01539	140
K01540	0
K01542	0
K01543	0
K01544	2
K01545	693
K01546	3601
K01547	3592
K01548	3576
K01549	0
K01551	2989
K01552	6758
K01554	3704
K01555	1220
K01556	2219
K01557	32
K01558	0
K01559	89
K01560	1814
K01561	1370
K01562	4
K01563	1648
K01565	724
K01566	919
K01567	2869
K01568	112
K01569	1532
K01571	1455
K01573	142
K01574	1230
K01575	2775
K01576	841
K01577	486
K01578	27
K01579	4435
K01580	2093
K01581	659
K01582	7
K01583	65
K01584	765
K01585	4683
K01586	7915
K01587	2
K01588	7715
K01589	6624
K01590	65
K01591	8263
K01592	0
K01593	1118
K01595	4203
K01596	2922
K01597	2633
K01598	6
K01599	5412
K01601	362
K01602	357
K01604	2508
K01607	4812
K01608	946
K01609	6596
K01610	2956
K01611	2094
K01612	287
K01613	3460
K01615	73
K01616	2943
K01617	638
K01618	0
K01619	7687
K01620	4437
K01621	3335
K01622	59
K01623	1357
K01624	6833
K01625	4306
K01626	4074
K01627	303
K01628	3628
K01629	988
K01630	160
K01631	103
K01633	3124
K01634	455
K01635	1813
K01636	28
K01637	2475
K01638	3010
K01639	1696
K01640	2746
K01641	2583
K01643	899
K01644	3846
K01645	0
K01646	898
K01647	4510
K01648	0
K01649	7023
K01652	7569
K01653	6872
K01654	832
K01655	8
K01656	2
K01657	6141
K01658	3519
K01659	3367
K01661	4130
K01662	6852
K01663	5
K01664	3231
K01665	2265
K01666	1293
K01667	470
K01668	138
K01669	3242
K01670	0
K01671	167
K01672	0
K01673	4854
K01674	902
K01675	0
K01676	1858
K01677	1350
K01678	1325
K01679	5320
K01681	5970
K01682	181
K01683	53
K01684	1387
K01685	925
K01686	1709
K01687	7054
K01689	8453
K01690	235
K01691	0
K01692	1965
K01693	6357
K01694	5
K01695	6682
K01696	6878
K01697	2603
K01698	5626
K01699	239
K01702	5786
K01703	1166
K01704	5716
K01705	16
K01706	747
K01707	1124
K01708	225
K01709	899
K01710	6183
K01711	1622
K01712	3131
K01713	442
K01714	8021
K01715	4004
K01716	267
K01719	3012
K01720	2011
K01721	438
K01723	0
K01724	2642
K01725	1044
K01726	4298
K01727	1819
K01728	932
K01729	249
K01730	104
K01731	7
K01732	181
K01733	4446
K01734	2743
K01735	5135
K01736	7915
K01737	3557
K01738	7678
K01739	399
K01740	6159
K01741	3
K01742	2
K01743	154
K01744	3158
K01745	3195
K01746	0
K01749	5728
K01750	242
K01751	1035
K01752	6679
K01753	1368
K01754	7028
K01755	7318
K01756	8311
K01757	0
K01758	5288
K01759	5421
K01760	1545
K01761	3049
K01762	14
K01763	0
K01764	0
K01765	0
K01766	108
K01767	192
K01768	2918
K01769	667
K01770	2492
K01771	747
K01772	5698
K01773	0
K01774	0
K01775	8343
K01776	8162
K01777	1424
K01778	6103
K01779	1733
K01780	390
K01781	43
K01782	2574
K01783	8479
K01784	6919
K01785	6712
K01787	159
K01788	3558
K01790	2871
K01791	4266
K01792	2842
K01793	146
K01794	30
K01795	590
K01796	2230
K01798	53
K01799	1250
K01800	15
K01801	13
K01802	569
K01803	8517
K01804	2935
K01805	2850
K01807	3397
K01808	6436
K01809	6853
K01810	7524
K01811	2866
K01812	2056
K01813	958
K01814	3393
K01815	1218
K01816	1490
K01817	4100
K01818	1020
K01819	1490
K01820	1232
K01821	4461
K01822	2265
K01823	3986
K01824	131
K01825	11
K01826	508
K01827	0
K01828	0
K01829	6
K01830	3
K01831	0
K01832	4
K01833	1028
K01834	5981
K01835	4149
K01836	2
K01837	0
K01838	3921
K01839	4361
K01840	4697
K01841	231
K01843	1440
K01844	362
K01845	5639
K01846	442
K01847	2058
K01848	1435
K01849	856
K01850	0
K01851	225
K01852	18
K01853	1
K01854	4189
K01855	1
K01856	495
K01857	1420
K01858	2463
K01859	0
K01860	0
K01861	0
K01865	271
K01866	8518
K01867	8502
K01868	8524
K01869	8517
K01870	8520
K01872	8522
K01873	8516
K01874	8514
K01875	8515
K01876	8140
K01878	3315
K01879	3353
K01880	5124
K01881	7376
K01883	8502
K01884	455
K01885	3697
K01886	1668
K01887	8517
K01889	8517
K01890	8509
K01892	8510
K01893	5002
K01894	391
K01895	4337
K01896	1431
K01897	3805
K01899	25
K01900	3
K01902	4588
K01903	4565
K01904	1272
K01905	56
K01906	439
K01907	1635
K01908	1029
K01909	791
K01910	929
K01911	3573
K01912	3309
K01913	0
K01914	2558
K01915	4707
K01916	5391
K01917	42
K01918	5031
K01919	3699
K01920	972
K01921	8296
K01922	0
K01923	8034
K01924	8386
K01925	8188
K01926	6215
K01928	6208
K01929	8379
K01930	1
K01931	0
K01932	651
K01933	8074
K01934	8293
K01935	3157
K01937	7936
K01938	5503
K01939	8296
K01940	7318
K01941	1094
K01942	12
K01945	8069
K01946	70
K01947	4
K01948	0
K01949	5517
K01950	3625
K01951	8433
K01952	2770
K01953	4942
K01954	2
K01955	8119
K01956	8029
K01957	5
K01958	4396
K01959	146
K01960	57
K01961	5123
K01962	4233
K01963	4220
K01964	1
K01965	1540
K01966	4044
K01968	1105
K01969	2146
K01970	1603
K01971	3492
K01972	8517
K01973	2
K01974	27
K01975	4117
K01988	134
K01989	3757
K01990	8130
K01991	202
K01992	74
K01993	301
K01994	1873
K01995	5147
K01996	5149
K01997	5136
K01998	5100
K01999	5479
K02000	3066
K02001	2999
K02002	2824
K02003	8194
K02004	5852
K02005	2996
K02006	2818
K02007	2530
K02008	2449
K02009	1365
K02010	1621
K02011	3295
K02012	3733
K02013	5962
K02014	73
K02015	3038
K02016	2990
K02017	3692
K02018	5276
K02019	3049
K02020	5279
K02021	1553
K02022	598
K02024	9
K02025	5669
K02026	5746
K02027	5717
K02028	8069
K02029	6686
K02030	2362
K02031	5094
K02032	4888
K02033	6664
K02034	6344
K02035	6440
K02036	8140
K02037	8140
K02038	8092
K02039	7770
K02040	8091
K02041	2508
K02042	2396
K02043	173
K02044	2639
K02045	1686
K02046	1675
K02047	1671
K02048	3
K02049	5801
K02050	1938
K02051	3946
K02052	3695
K02053	2335
K02054	2173
K02055	2116
K02056	1583
K02057	1719
K02058	2110
K02062	925
K02063	980
K02064	1012
K02065	1642
K02066	1621
K02067	1649
K02068	2703
K02069	3496
K02071	6950
K02072	6877
K02073	6942
K02074	2913
K02075	2684
K02076	2398
K02077	2626
K02078	8168
K02079	937
K02080	192
K02081	2382
K02082	1891
K02083	1406
K02084	692
K02085	0
K02086	4849
K02087	0
K02088	0
K02089	7
K02090	0
K02091	20
K02092	85
K02093	86
K02094	85
K02095	86
K02096	85
K02097	84
K02098	0
K02099	5459
K02100	857
K02101	271
K02103	2420
K02104	0
K02105	0
K02106	1765
K02107	1060
K02108	8197
K02109	8172
K02110	8038
K02111	8242
K02112	1646
K02113	8057
K02114	8216
K02115	8244
K02116	303
K02117	1586
K02118	1589
K02119	1504
K02120	1590
K02121	1553
K02122	1525
K02123	1581
K02124	1568
K02125	1
K02126	26
K02127	0
K02128	12
K02129	0
K02130	0
K02131	1
K02132	19
K02133	6889
K02134	1
K02135	0
K02136	1
K02137	9
K02138	3
K02139	0
K02140	0
K02141	0
K02142	0
K02143	0
K02144	0
K02145	1
K02146	0
K02147	3
K02148	0
K02149	1
K02150	0
K02151	0
K02152	0
K02153	0
K02154	0
K02155	0
K02156	27
K02157	0
K02158	0
K02159	0
K02160	4890
K02161	0
K02162	0
K02163	0
K02164	567
K02165	0
K02166	0
K02167	3170
K02168	1342
K02169	2894
K02170	1118
K02171	5633
K02172	1988
K02173	1824
K02174	0
K02175	0
K02176	0
K02177	0
K02178	0
K02179	0
K02180	0
K02181	0
K02182	997
K02183	65
K02184	10
K02185	0
K02186	0
K02187	0
K02188	2204
K02189	1980
K02190	1267
K02191	862
K02192	1725
K02193	872
K02194	267
K02195	314
K02196	15
K02197	209
K02198	230
K02199	6092
K02200	22
K02201	0
K02202	0
K02203	398
K02204	2996
K02205	538
K02206	4
K02207	0
K02208	0
K02209	0
K02210	0
K02211	0
K02212	0
K02213	15
K02214	5
K02215	0
K02216	0
K02217	2007
K02218	0
K02219	0
K02220	0
K02221	7096
K02222	0
K02223	0
K02224	3689
K02225	20
K02226	2979
K02227	3873
K02228	1435
K02229	1550
K02230	2046
K02231	4009
K02232	3899
K02233	3989
K02234	4244
K02235	0
K02236	4276
K02237	8181
K02238	8241
K02239	951
K02240	3701
K02241	762
K02242	7334
K02243	3233
K02244	3214
K02245	3253
K02246	3693
K02247	1283
K02248	3190
K02249	894
K02250	1437
K02251	324
K02252	0
K02253	177
K02254	390
K02255	0
K02256	6
K02257	4523
K02258	15
K02259	4471
K02260	0
K02261	10
K02262	18
K02263	1
K02264	0
K02265	0
K02266	0
K02267	0
K02268	0
K02269	0
K02270	0
K02271	0
K02272	2
K02273	0
K02274	3528
K02275	4079
K02276	2960
K02277	791
K02278	1000
K02279	3689
K02280	83
K02281	12
K02282	4049
K02283	4701
K02284	85
K02285	109
K02286	80
K02287	82
K02288	156
K02289	145
K02290	84
K02291	2523
K02292	1907
K02293	404
K02294	576
K02295	9
K02296	1
K02297	172
K02298	17
K02299	471
K02300	275
K02302	2433
K02303	1254
K02304	3
K02305	40
K02306	0
K02307	0
K02308	0
K02309	0
K02310	1
K02311	0
K02313	8508
K02314	8519
K02315	4569
K02316	8513
K02317	0
K02318	3
K02319	37
K02320	0
K02321	0
K02322	1
K02323	2
K02324	0
K02325	0
K02326	0
K02327	0
K02328	0
K02329	0
K02330	2
K02331	0
K02332	0
K02333	1
K02334	874
K02335	8441
K02336	15
K02337	8519
K02338	8511
K02339	18
K02340	8464
K02341	8472
K02342	7692
K02343	8500
K02344	3
K02345	3
K02346	8057
K02347	1665
K02348	5945
K02349	202
K02350	1
K02351	3181
K02352	400
K02353	0
K02354	0
K02355	8519
K02356	8510
K02357	8512
K02358	8499
K02359	47
K02360	0
K02361	1682
K02362	1743
K02363	1046
K02364	2521
K02365	12
K02366	8
K02367	13
K02368	0
K02369	2
K02370	0
K02371	4597
K02372	5181
K02373	0
K02374	0
K02375	0
K02376	0
K02377	1207
K02379	3900
K02380	164
K02381	730
K02382	4
K02383	1191
K02384	2
K02385	1787
K02386	242
K02387	2287
K02388	2292
K02389	2349
K02390	1106
K02391	1911
K02392	1792
K02393	76
K02394	76
K02395	2737
K02396	2296
K02397	2283
K02398	1648
K02399	1705
K02400	2311
K02401	2040
K02402	4
K02403	3
K02404	1657
K02405	3467
K02406	2371
K02407	2285
K02408	2280
K02409	2295
K02410	2294
K02411	2084
K02412	2293
K02413	2014
K02414	1991
K02415	1717
K02416	2296
K02417	2299
K02418	1907
K02419	2292
K02420	2284
K02421	2038
K02422	2275
K02423	535
K02424	6406
K02425	3
K02426	1632
K02427	18
K02429	508
K02430	103
K02431	943
K02432	0
K02433	8078
K02434	8072
K02435	8183
K02436	2
K02437	5727
K02438	1053
K02439	3245
K02440	5474
K02441	389
K02442	20
K02443	2310
K02444	1679
K02445	1233
K02446	4062
K02447	0
K02448	1920
K02449	0
K02450	1059
K02451	14
K02452	53
K02453	46
K02454	247
K02455	115
K02456	678
K02457	69
K02458	710
K02459	391
K02460	214
K02461	40
K02462	66
K02463	4
K02464	112
K02465	3
K02466	928
K02467	23
K02468	164
K02469	8525
K02470	8520
K02471	852
K02472	1714
K02473	1162
K02474	660
K02475	2498
K02476	2309
K02477	4483
K02478	1837
K02479	2931
K02480	3999
K02481	214
K02482	1402
K02483	3685
K02484	4841
K02485	204
K02486	78
K02488	563
K02489	10
K02490	1661
K02491	2049
K02492	5622
K02493	8510
K02494	12
K02495	7817
K02496	409
K02497	4493
K02498	222
K02499	3628
K02500	6372
K02501	6358
K02502	3376
K02503	8459
K02504	2
K02505	4
K02506	16
K02507	11
K02508	142
K02509	1193
K02510	1665
K02511	3
K02512	0
K02513	16
K02514	12
K02515	3
K02516	3
K02517	227
K02518	8488
K02519	8523
K02520	8488
K02521	51
K02523	3772
K02524	0
K02525	1199
K02526	1062
K02527	177
K02528	8489
K02529	6071
K02530	1687
K02531	879
K02532	725
K02533	163
K02535	349
K02536	536
K02537	0
K02538	699
K02539	0
K02540	0
K02541	0
K02542	0
K02543	0
K02544	0
K02545	92
K02546	123
K02547	563
K02548	5262
K02549	4192
K02550	6
K02551	4108
K02552	2783
K02553	1573
K02554	1355
K02555	0
K02556	2312
K02557	2484
K02558	7
K02560	3
K02561	0
K02562	25
K02563	8380
K02564	6485
K02565	5233
K02566	4939
K02567	77
K02568	51
K02569	9
K02570	87
K02571	5
K02572	97
K02573	148
K02574	1626
K02575	2953
K02576	0
K02577	5
K02578	0
K02579	0
K02580	14
K02581	1
K02582	0
K02583	2
K02584	998
K02585	926
K02586	371
K02587	590
K02588	621
K02589	218
K02590	196
K02591	378
K02592	249
K02593	40
K02594	567
K02595	63
K02596	445
K02597	59
K02598	2968
K02599	2
K02600	8522
K02601	8494
K02602	0
K02603	0
K02604	0
K02605	0
K02606	12
K02607	22
K02608	0
K02609	1728
K02610	1678
K02611	1719
K02612	6173
K02613	1798
K02614	4564
K02615	8
K02616	2146
K02617	389
K02618	984
K02619	3726
K02620	0
K02621	1538
K02622	193
K02623	143
K02624	1040
K02625	24
K02626	122
K02627	0
K02628	16
K02629	16
K02630	16
K02631	39
K02632	17
K02633	1
K02634	149
K02635	177
K02636	3945
K02637	154
K02638	1236
K02639	175
K02640	87
K02641	147
K02642	58
K02643	99
K02646	0
K02647	4714
K02649	4
K02650	1295
K02651	730
K02652	1807
K02653	2041
K02654	3583
K02655	105
K02656	1291
K02657	38
K02658	523
K02659	39
K02660	251
K02661	1
K02662	1688
K02663	1155
K02664	1557
K02665	2
K02666	244
K02667	9
K02668	109
K02669	2111
K02670	3
K02671	607
K02672	573
K02673	252
K02674	1
K02675	0
K02676	8
K02677	0
K02678	0
K02679	7
K02680	113
K02681	407
K02682	8
K02683	30
K02684	0
K02685	0
K02686	7
K02687	4958
K02688	1468
K02689	156
K02690	154
K02691	302
K02692	148
K02693	145
K02694	147
K02695	0
K02696	120
K02697	135
K02698	147
K02699	149
K02700	132
K02701	0
K02702	38
K02703	158
K02704	152
K02705	149
K02706	149
K02707	150
K02708	134
K02709	149
K02710	107
K02711	127
K02712	118
K02713	106
K02714	118
K02715	139
K02716	147
K02717	156
K02718	105
K02719	86
K02720	86
K02721	0
K02722	114
K02723	114
K02724	137
K02725	0
K02726	0
K02727	0
K02728	0
K02729	0
K02730	0
K02731	0
K02732	9
K02733	0
K02734	0
K02735	0
K02736	0
K02737	0
K02738	0
K02739	0
K02740	0
K02741	0
K02742	2056
K02744	1274
K02745	613
K02746	610
K02747	603
K02750	1021
K02753	86
K02755	78
K02757	2978
K02759	2664
K02760	2950
K02761	3018
K02765	281
K02768	1659
K02769	843
K02770	5829
K02771	122
K02773	1347
K02774	1299
K02775	1413
K02777	4329
K02778	97
K02779	393
K02781	1310
K02782	941
K02783	932
K02784	7188
K02786	1417
K02788	1362
K02791	957
K02793	1888
K02794	2591
K02795	2410
K02796	2593
K02798	2053
K02800	2764
K02803	1095
K02804	3479
K02805	633
K02806	198
K02810	4102
K02812	118
K02813	112
K02814	292
K02815	75
K02819	2254
K02821	2245
K02822	2534
K02823	4385
K02824	4837
K02825	7310
K02826	1140
K02827	1547
K02828	1482
K02829	1381
K02830	0
K02831	127
K02832	0
K02833	0
K02834	8445
K02835	8495
K02836	8398
K02837	5611
K02838	8513
K02839	158
K02840	166
K02841	214
K02842	0
K02843	512
K02844	91
K02846	83
K02847	3082
K02848	5
K02849	1120
K02850	13
K02851	6629
K02852	6
K02853	5
K02854	11
K02855	37
K02856	17
K02857	0
K02858	353
K02859	1661
K02860	8402
K02861	0
K02862	1111
K02863	8506
K02864	8515
K02865	1
K02866	1
K02867	8514
K02868	3
K02869	3
K02870	1
K02871	8424
K02872	4
K02873	7
K02874	8503
K02875	99
K02876	8502
K02877	1
K02878	8515
K02879	8468
K02880	1
K02881	8494
K02882	3
K02883	2
K02884	8475
K02885	1
K02886	8517
K02887	8461
K02888	8507
K02889	3
K02890	8472
K02891	1
K02892	8433
K02893	4
K02894	2
K02895	8449
K02896	0
K02897	5586
K02898	1
K02899	8477
K02900	1
K02901	1
K02902	8268
K02903	2
K02904	8410
K02905	0
K02906	8512
K02907	8096
K02908	360
K02909	8383
K02910	2
K02911	7963
K02912	2
K02913	7661
K02914	6362
K02915	0
K02916	8173
K02917	0
K02918	2
K02919	5979
K02920	1
K02921	0
K02922	0
K02923	0
K02924	0
K02925	2
K02926	8509
K02927	24
K02928	0
K02929	1
K02930	1
K02931	8517
K02932	0
K02933	8516
K02934	2
K02935	8383
K02936	4
K02937	0
K02938	3
K02939	8434
K02940	0
K02941	3
K02942	2
K02943	2
K02944	0
K02945	8248
K02946	8512
K02947	1
K02948	8393
K02949	2
K02950	8515
K02951	5
K02952	8457
K02953	0
K02954	8231
K02955	3
K02956	8412
K02957	0
K02958	2
K02959	8496
K02960	3
K02961	8499
K02962	1
K02963	8407
K02964	3
K02965	7867
K02966	3
K02967	8515
K02968	8403
K02969	1
K02970	4827
K02971	1
K02972	0
K02973	1
K02974	4
K02975	0
K02976	1
K02977	1
K02978	0
K02979	1
K02980	0
K02981	2
K02982	8504
K02983	0
K02984	1
K02985	3
K02986	8503
K02987	0
K02988	8504
K02989	1
K02990	8487
K02991	1
K02992	8512
K02993	2
K02994	8510
K02995	2
K02996	8499
K02997	3
K02998	1
K02999	6
K03000	50
K03001	0
K03002	0
K03003	0
K03004	0
K03005	0
K03006	40
K03007	0
K03008	0
K03009	1
K03010	0
K03011	0
K03012	0
K03013	1
K03014	0
K03015	0
K03016	0
K03017	0
K03018	8
K03019	0
K03020	0
K03021	9
K03022	0
K03023	3
K03024	0
K03025	2
K03026	0
K03027	0
K03028	0
K03029	0
K03030	15
K03031	0
K03032	0
K03033	0
K03034	0
K03035	0
K03036	0
K03037	29
K03038	0
K03039	0
K03040	8517
K03041	0
K03042	349
K03043	8488
K03044	0
K03045	0
K03046	8518
K03047	0
K03048	3640
K03049	0
K03051	0
K03052	0
K03053	0
K03054	0
K03055	0
K03056	0
K03057	30
K03058	0
K03059	555
K03060	8091
K03061	1
K03062	3
K03063	4
K03064	3
K03065	1
K03066	2
K03068	48
K03069	0
K03070	8519
K03071	354
K03072	4034
K03073	8091
K03074	4204
K03075	8036
K03076	8516
K03077	3605
K03078	795
K03079	5551
K03083	0
K03084	0
K03085	0
K03086	8524
K03087	1048
K03088	6433
K03089	263
K03090	5038
K03091	4096
K03092	2354
K03093	1033
K03094	0
K03095	3302
K03096	0
K03097	1
K03098	341
K03099	0
K03100	8419
K03101	8316
K03102	0
K03103	263
K03104	0
K03105	0
K03106	8501
K03107	0
K03108	27
K03109	0
K03110	8480
K03111	8501
K03112	626
K03113	113
K03114	0
K03115	0
K03116	5099
K03117	3024
K03118	5197
K03119	575
K03120	0
K03121	0
K03122	0
K03123	0
K03124	14
K03125	0
K03126	0
K03127	0
K03128	6
K03129	0
K03130	340
K03131	1
K03132	32
K03133	0
K03134	0
K03135	0
K03136	33
K03137	0
K03138	0
K03139	0
K03140	3
K03141	0
K03142	2
K03143	0
K03144	15
K03145	0
K03146	1
K03147	4126
K03148	2182
K03149	4320
K03150	1330
K03151	4919
K03152	3598
K03153	5117
K03154	4246
K03156	0
K03157	0
K03158	0
K03159	3
K03160	1
K03161	0
K03162	0
K03163	103
K03164	0
K03165	4
K03166	41
K03167	14
K03168	8505
K03169	3608
K03170	18
K03171	1
K03172	0
K03173	0
K03174	3
K03175	2
K03176	0
K03177	8483
K03178	3
K03179	1313
K03181	266
K03182	1199
K03183	6424
K03184	16
K03185	188
K03186	1876
K03187	1173
K03188	2530
K03189	2537
K03190	2509
K03191	222
K03192	198
K03193	2
K03194	8
K03195	75
K03196	22
K03197	231
K03198	4
K03199	83
K03200	4
K03201	384
K03202	4
K03203	3
K03204	8
K03205	4103
K03206	1801
K03207	32
K03208	2676
K03209	0
K03210	7946
K03211	0
K03212	590
K03213	0
K03214	8
K03215	8353
K03216	7102
K03217	8498
K03218	8487
K03219	1
K03220	247
K03221	11
K03222	0
K03223	125
K03224	0
K03225	8
K03226	0
K03227	1
K03228	0
K03229	1
K03230	5
K03231	8
K03232	0
K03233	2
K03234	5
K03235	2
K03236	1
K03237	0
K03238	0
K03239	10
K03240	2
K03241	5
K03242	0
K03243	20
K03245	0
K03246	0
K03247	0
K03248	0
K03249	0
K03250	0
K03251	0
K03252	0
K03253	2
K03254	2
K03255	397
K03256	0
K03257	2
K03258	0
K03259	0
K03260	0
K03261	0
K03262	0
K03263	4
K03264	0
K03265	50
K03267	0
K03268	0
K03269	156
K03270	663
K03271	1759
K03272	1060
K03273	1865
K03274	144
K03275	10
K03276	1051
K03277	0
K03278	2
K03279	1356
K03280	46
K03281	5514
K03282	7360
K03283	23
K03284	7586
K03285	14
K03286	557
K03287	169
K03288	10
K03289	0
K03290	240
K03291	817
K03292	3018
K03293	2959
K03294	7356
K03296	3495
K03297	2940
K03298	7239
K03299	4321
K03300	2219
K03301	85
K03303	2431
K03304	1461
K03305	4172
K03306	5048
K03307	3940
K03308	3929
K03309	2379
K03310	4391
K03311	4400
K03312	1684
K03313	2830
K03314	12
K03315	3042
K03316	407
K03317	923
K03318	0
K03319	1965
K03320	6039
K03321	4996
K03322	6097
K03323	1
K03324	3560
K03325	3380
K03326	1800
K03327	6946
K03328	5899
K03329	4
K03330	10
K03331	147
K03332	996
K03333	1993
K03334	706
K03335	3207
K03336	2272
K03337	2352
K03338	2310
K03339	1703
K03340	1310
K03341	0
K03342	1538
K03343	913
K03344	0
K03345	0
K03346	3750
K03347	0
K03348	0
K03349	1
K03350	365
K03351	0
K03352	44
K03353	118
K03354	151
K03355	87
K03356	0
K03357	0
K03358	0
K03359	0
K03360	2
K03361	79
K03362	25
K03363	5
K03364	1
K03365	794
K03366	4908
K03367	4070
K03368	0
K03369	0
K03370	0
K03371	0
K03372	0
K03373	0
K03374	0
K03375	0
K03376	0
K03377	1
K03378	0
K03379	1059
K03380	10
K03381	608
K03382	39
K03383	68
K03385	212
K03386	1380
K03387	2285
K03388	691
K03389	308
K03390	247
K03391	24
K03392	1889
K03393	35
K03394	1915
K03395	369
K03396	293
K03397	14
K03399	665
K03400	625
K03402	7146
K03403	190
K03404	2324
K03405	1615
K03406	2190
K03407	2160
K03408	1981
K03409	900
K03410	1731
K03411	1742
K03412	2176
K03413	2401
K03414	14
K03415	1108
K03416	97
K03417	3030
K03418	159
K03419	0
K03420	641
K03421	0
K03422	0
K03423	1
K03424	8499
K03425	5
K03426	4062
K03427	6287
K03428	238
K03429	2433
K03430	999
K03431	8363
K03432	1993
K03433	2035
K03434	1
K03435	50
K03436	7002
K03437	8478
K03438	8508
K03439	7820
K03440	0
K03441	295
K03442	2615
K03443	0
K03444	0
K03445	386
K03446	4580
K03447	0
K03448	1
K03449	4732
K03451	882
K03452	0
K03453	3265
K03454	0
K03455	280
K03456	58
K03457	3020
K03458	383
K03459	0
K03460	0
K03462	313
K03463	119
K03464	743
K03465	2906
K03466	8315
K03468	2737
K03469	4543
K03470	8450
K03471	2688
K03472	34
K03473	11
K03474	163
K03475	2565
K03476	1188
K03477	28
K03478	1474
K03479	1
K03480	1887
K03481	1659
K03482	167
K03483	2844
K03484	3966
K03485	4
K03486	2947
K03487	7
K03488	2496
K03489	819
K03490	1149
K03491	3851
K03492	1496
K03493	427
K03494	0
K03495	5134
K03496	7406
K03497	8331
K03498	6543
K03499	8225
K03500	8235
K03501	8466
K03502	4072
K03503	446
K03504	0
K03505	0
K03506	0
K03507	7
K03508	0
K03509	3
K03510	0
K03511	7
K03512	1
K03513	1
K03514	2
K03515	4
K03516	5
K03517	4879
K03518	2670
K03519	1366
K03520	1081
K03521	3903
K03522	4284
K03523	7078
K03524	8103
K03525	4924
K03526	6164
K03527	5378
K03528	30
K03529	8442
K03530	7969
K03531	8517
K03532	10
K03533	70
K03534	1917
K03535	1600
K03536	7439
K03537	0
K03538	0
K03539	0
K03540	0
K03541	8
K03542	149
K03543	1043
K03544	8277
K03545	8517
K03546	6994
K03547	6966
K03548	5527
K03549	1672
K03550	8413
K03551	8514
K03552	83
K03553	8517
K03554	79
K03555	5221
K03556	3708
K03557	46
K03558	5068
K03559	257
K03560	24
K03561	286
K03562	19
K03563	1985
K03564	5475
K03565	8033
K03566	763
K03567	568
K03568	2214
K03569	4350
K03570	5774
K03571	4843
K03572	5193
K03573	543
K03574	7472
K03575	7162
K03576	90
K03577	1879
K03578	3023
K03579	1940
K03580	2445
K03581	6941
K03582	1021
K03583	1004
K03584	8072
K03585	684
K03586	5241
K03587	3546
K03588	8384
K03589	8288
K03590	4281
K03591	125
K03592	2162
K03593	6846
K03594	2455
K03595	8496
K03596	8516
K03597	200
K03598	205
K03599	149
K03600	4
K03601	8317
K03602	8004
K03603	101
K03604	3253
K03605	1365
K03606	271
K03607	4
K03608	1106
K03609	3852
K03610	2482
K03611	1230
K03612	1250
K03613	1268
K03614	1379
K03615	1540
K03616	1538
K03617	1272
K03618	50
K03619	15
K03620	804
K03621	5436
K03622	0
K03623	1640
K03624	8321
K03625	8410
K03626	20
K03627	74
K03628	6376
K03629	8379
K03630	5157
K03631	8399
K03632	125
K03633	3
K03634	915
K03635	2981
K03636	3110
K03637	5403
K03638	1639
K03639	5530
K03640	97
K03641	3517
K03642	411
K03643	16
K03644	4714
K03645	8
K03646	181
K03647	4837
K03648	7615
K03649	3059
K03650	5213
K03651	5056
K03652	5089
K03653	160
K03654	6608
K03655	8394
K03656	489
K03657	8523
K03658	631
K03660	950
K03661	0
K03662	0
K03663	0
K03664	8479
K03665	8164
K03666	2191
K03667	2499
K03668	1295
K03669	14
K03670	10
K03671	8447
K03672	3585
K03673	3133
K03674	525
K03675	114
K03676	498
K03678	0
K03679	0
K03680	0
K03681	0
K03683	109
K03684	3439
K03685	8440
K03686	8506
K03687	8459
K03688	4546
K03689	54
K03690	49
K03691	36
K03692	28
K03693	2371
K03694	294
K03695	6471
K03696	8263
K03697	2509
K03698	4367
K03699	8408
K03700	4024
K03701	8522
K03702	8522
K03703	8514
K03704	7205
K03705	8325
K03706	3626
K03707	3362
K03708	3886
K03709	4916
K03710	4128
K03711	6421
K03712	5576
K03713	6024
K03714	129
K03715	8
K03716	1948
K03717	7
K03718	3571
K03719	5287
K03720	2794
K03721	217
K03722	6638
K03723	8400
K03724	3565
K03725	5
K03726	3297
K03727	3309
K03728	0
K03729	0
K03730	0
K03731	303
K03732	12
K03733	6633
K03734	5019
K03735	1318
K03736	1303
K03737	2115
K03738	421
K03739	2512
K03740	2560
K03741	4635
K03742	5052
K03743	3397
K03744	4799
K03745	47
K03746	6
K03747	31
K03748	5631
K03749	569
K03750	5566
K03752	4432
K03753	1861
K03754	0
K03755	1
K03756	129
K03757	2
K03758	1928
K03759	454
K03760	6
K03761	1522
K03762	2627
K03763	5064
K03764	3
K03765	36
K03766	0
K03767	167
K03768	7467
K03769	812
K03770	220
K03771	388
K03772	2516
K03773	1085
K03774	17
K03775	430
K03776	971
K03777	159
K03778	1958
K03779	302
K03780	321
K03781	4617
K03782	2012
K03783	6037
K03784	4695
K03785	3348
K03786	4772
K03787	1207
K03788	135
K03789	8347
K03790	5928
K03791	269
K03792	0
K03793	94
K03794	146
K03795	3982
K03796	248
K03797	4759
K03798	8521
K03799	5137
K03800	5119
K03801	3366
K03802	1486
K03803	521
K03804	3
K03805	525
K03806	58
K03807	3
K03808	13
K03809	3061
K03810	1984
K03811	3560
K03812	12
K03813	111
K03814	96
K03816	4773
K03817	7431
K03818	701
K03819	145
K03820	2933
K03821	891
K03822	811
K03823	1924
K03824	3402
K03825	4152
K03826	2375
K03827	2161
K03828	4025
K03829	2939
K03830	1759
K03831	4163
K03832	247
K03833	1821
K03834	163
K03835	2
K03836	0
K03837	335
K03838	0
K03839	4618
K03840	3
K03841	88
K03842	0
K03843	263
K03844	32
K03845	1
K03846	0
K03847	1
K03848	0
K03849	0
K03850	2
K03851	667
K03852	131
K03853	2
K03854	0
K03855	446
K03856	2308
K03857	3
K03858	0
K03859	5
K03860	0
K03861	0
K03862	612
K03863	551
K03865	0
K03867	1020
K03868	0
K03869	0
K03870	0
K03871	43
K03872	0
K03873	0
K03874	0
K03875	6
K03876	0
K03877	1
K03878	14
K03879	5
K03880	4
K03881	6
K03882	10
K03883	15
K03884	9
K03885	5657
K03886	1127
K03887	1176
K03888	1126
K03889	2816
K03890	2800
K03891	2795
K03892	6957
K03893	4736
K03894	21
K03895	1196
K03896	1146
K03897	1420
K03898	1
K03899	2
K03900	0
K03901	0
K03902	1
K03903	0
K03904	0
K03905	0
K03906	0
K03907	0
K03908	0
K03909	0
K03910	0
K03911	6
K03912	0
K03913	1
K03914	0
K03915	0
K03916	1
K03917	0
K03918	652
K03919	912
K03921	1641
K03922	828
K03923	271
K03924	5113
K03925	6359
K03926	835
K03927	5
K03928	3412
K03929	3360
K03930	5155
K03931	1073
K03932	2238
K03933	692
K03934	14
K03935	17
K03936	14
K03937	14
K03938	0
K03939	5
K03940	15
K03941	17
K03942	17
K03943	6
K03944	0
K03945	0
K03946	0
K03947	0
K03948	0
K03949	0
K03950	0
K03951	0
K03952	0
K03953	99
K03954	8
K03955	7
K03956	5
K03957	0
K03958	0
K03959	0
K03960	0
K03961	0
K03962	0
K03963	0
K03964	0
K03965	0
K03966	0
K03967	0
K03968	0
K03969	3881
K03970	17
K03971	2
K03972	7485
K03973	5636
K03974	8
K03975	6585
K03976	7427
K03977	8501
K03978	5211
K03979	8504
K03980	4366
K03981	466
K03982	50
K03983	2
K03984	11
K03985	0
K03986	13
K03987	6
K03988	3
K03989	2
K03990	1
K03991	1
K03992	1
K03993	0
K03994	1
K03995	0
K03996	0
K03997	0
K03998	0
K03999	0
K04000	0
K04001	1
K04002	0
K04003	0
K04004	0
K04006	0
K04007	0
K04008	0
K04009	0
K04010	1
K04011	0
K04012	0
K04013	51
K04014	66
K04015	1049
K04016	5
K04017	79
K04018	83
K04019	752
K04020	113
K04021	14
K04022	7
K04023	1017
K04024	696
K04025	141
K04026	941
K04027	1429
K04028	1414
K04029	1063
K04030	1232
K04031	1060
K04032	684
K04033	1414
K04034	3472
K04035	146
K04036	1
K04037	153
K04038	156
K04039	173
K04040	162
K04041	2391
K04042	7912
K04043	8502
K04044	1308
K04045	505
K04046	133
K04047	5883
K04048	0
K04049	0
K04050	0
K04051	0
K04052	0
K04053	0
K04054	0
K04055	0
K04056	0
K04057	0
K04058	0
K04059	0
K04060	53
K04061	1469
K04062	89
K04063	4523
K04064	13
K04065	597
K04066	8395
K04067	2
K04068	4608
K04069	4890
K04070	1102
K04072	4337
K04073	1488
K04074	7672
K04075	6148
K04076	1379
K04077	8426
K04078	8392
K04079	4132
K04080	17
K04081	2
K04082	25
K04083	5092
K04084	57
K04085	3746
K04086	1473
K04087	1895
K04088	2969
K04090	493
K04091	2001
K04092	1740
K04093	1815
K04094	3746
K04095	4655
K04096	8356
K04097	9
K04098	530
K04099	80
K04100	139
K04101	193
K04102	253
K04103	218
K04104	2215
K04105	35
K04107	3
K04108	0
K04109	12
K04110	205
K04112	867
K04113	375
K04114	54
K04115	19
K04116	1377
K04117	194
K04118	1017
K04119	0
K04120	0
K04121	1
K04122	0
K04123	0
K04124	24
K04125	914
K04126	11
K04127	654
K04128	47
K04129	6
K04130	1
K04131	0
K04132	0
K04133	0
K04134	0
K04135	1
K04136	0
K04137	0
K04138	2
K04139	1
K04140	0
K04141	0
K04142	0
K04143	0
K04144	0
K04145	0
K04146	0
K04147	0
K04148	0
K04149	0
K04150	0
K04151	0
K04152	0
K04153	0
K04157	0
K04160	1
K04161	0
K04162	0
K04163	0
K04165	0
K04166	0
K04167	0
K04168	0
K04169	0
K04170	0
K04171	0
K04172	0
K04173	0
K04174	0
K04175	0
K04176	0
K04177	0
K04178	0
K04179	0
K04180	0
K04181	0
K04182	0
K04183	0
K04184	0
K04185	0
K04186	0
K04187	0
K04188	0
K04189	0
K04190	0
K04191	0
K04192	0
K04193	0
K04194	1
K04195	0
K04197	0
K04198	0
K04199	8
K04200	0
K04201	0
K04202	2
K04203	5
K04204	0
K04205	0
K04206	0
K04207	0
K04208	0
K04209	0
K04210	0
K04211	0
K04212	0
K04213	0
K04214	0
K04215	0
K04216	0
K04217	1
K04218	1
K04219	1
K04220	1
K04221	0
K04222	0
K04223	3
K04224	0
K04226	0
K04227	0
K04228	0
K04229	0
K04230	0
K04231	2
K04232	0
K04233	0
K04234	0
K04235	0
K04236	0
K04237	0
K04238	0
K04239	0
K04240	0
K04241	0
K04242	0
K04243	0
K04244	0
K04245	0
K04246	0
K04247	160
K04248	10
K04249	15
K04250	0
K04251	0
K04252	0
K04253	0
K04254	0
K04255	0
K04256	0
K04257	1
K04258	0
K04259	0
K04260	0
K04261	0
K04262	0
K04263	0
K04264	0
K04265	0
K04266	0
K04267	0
K04268	1
K04269	0
K04270	0
K04271	0
K04272	1
K04273	0
K04274	0
K04275	0
K04276	0
K04277	0
K04278	0
K04279	0
K04280	0
K04281	0
K04282	0
K04283	0
K04284	0
K04285	0
K04286	0
K04287	0
K04288	0
K04289	0
K04290	0
K04291	0
K04292	0
K04293	0
K04294	0
K04295	1
K04296	0
K04297	0
K04298	0
K04299	0
K04300	1
K04301	0
K04302	0
K04303	0
K04304	0
K04305	0
K04306	24
K04307	53
K04308	13
K04309	3
K04310	0
K04311	0
K04312	2
K04313	0
K04314	0
K04315	0
K04316	0
K04317	2
K04318	0
K04319	0
K04320	0
K04321	0
K04322	0
K04323	2
K04324	0
K04325	0
K04326	0
K04328	0
K04332	0
K04333	15
K04334	4
K04335	11
K04336	0
K04337	0
K04338	9
K04339	41
K04340	214
K04341	25
K04342	571
K04343	1577
K04344	0
K04345	0
K04346	0
K04347	0
K04348	0
K04349	0
K04350	0
K04351	1
K04352	0
K04353	0
K04354	0
K04355	0
K04356	0
K04357	0
K04358	0
K04359	0
K04360	0
K04361	0
K04362	0
K04363	0
K04364	0
K04365	0
K04366	0
K04367	11
K04368	2
K04369	0
K04370	0
K04371	1
K04372	0
K04373	1
K04374	0
K04375	0
K04376	0
K04377	0
K04378	0
K04379	0
K04380	0
K04381	3
K04382	0
K04383	0
K04384	0
K04385	0
K04386	0
K04387	0
K04388	0
K04389	1
K04390	0
K04391	0
K04392	0
K04393	0
K04394	0
K04395	0
K04396	0
K04397	3
K04398	0
K04399	0
K04400	0
K04401	0
K04402	0
K04403	0
K04404	0
K04405	0
K04406	0
K04407	2
K04408	0
K04409	0
K04410	11
K04411	0
K04412	0
K04413	0
K04414	0
K04415	0
K04416	0
K04417	0
K04418	0
K04419	0
K04420	6
K04421	0
K04422	0
K04423	0
K04424	0
K04425	0
K04426	17
K04427	2
K04428	0
K04429	0
K04430	0
K04431	0
K04432	0
K04433	0
K04434	0
K04435	0
K04436	0
K04437	76
K04438	0
K04439	0
K04440	0
K04441	1
K04442	0
K04443	0
K04444	0
K04445	6
K04446	0
K04447	1
K04448	0
K04449	0
K04450	1
K04451	0
K04452	1
K04453	7
K04454	0
K04455	2
K04456	0
K04457	0
K04458	0
K04459	23
K04460	7
K04461	0
K04462	0
K04463	0
K04464	0
K04465	0
K04466	0
K04467	0
K04468	1
K04469	0
K04477	3293
K04478	668
K04479	19
K04480	50
K04482	110
K04483	56
K04484	33
K04485	8066
K04486	3443
K04487	8077
K04488	7739
K04489	0
K04490	0
K04491	0
K04492	0
K04493	0
K04494	0
K04495	0
K04496	0
K04497	0
K04498	0
K04499	1
K04500	0
K04501	0
K04502	0
K04503	0
K04504	0
K04505	0
K04506	5
K04507	0
K04508	41
K04510	1
K04511	1
K04512	6
K04513	1
K04514	2
K04515	14
K04516	1351
K04517	7203
K04518	5838
K04519	0
K04520	0
K04521	0
K04522	0
K04523	0
K04524	27
K04525	92
K04526	0
K04527	4
K04528	0
K04529	0
K04530	0
K04531	0
K04532	0
K04533	0
K04534	0
K04535	0
K04536	6
K04537	1
K04538	4
K04539	0
K04540	0
K04541	0
K04542	0
K04543	0
K04544	0
K04545	0
K04546	0
K04547	0
K04548	0
K04549	0
K04550	12
K04551	22
K04552	0
K04553	0
K04554	0
K04555	0
K04556	0
K04557	0
K04558	0
K04559	45
K04560	0
K04561	641
K04562	1718
K04563	1
K04564	6360
K04565	2203
K04566	844
K04567	8095
K04568	38
K04569	14
K04570	0
K04571	0
K04572	1
K04573	0
K04574	0
K04575	139
K04576	0
K04577	1
K04578	0
K04579	0
K04580	0
K04581	0
K04582	0
K04583	0
K04584	0
K04585	0
K04586	0
K04587	0
K04588	0
K04589	0
K04590	0
K04591	0
K04592	0
K04593	0
K04594	0
K04595	0
K04596	0
K04597	0
K04598	0
K04599	0
K04600	2
K04601	0
K04602	0
K04603	0
K04604	0
K04605	0
K04606	0
K04607	0
K04608	0
K04609	0
K04610	0
K04611	0
K04612	0
K04613	1
K04614	0
K04615	0
K04617	0
K04618	875
K04619	0
K04620	0
K04621	0
K04622	0
K04623	0
K04624	0
K04625	0
K04626	0
K04627	6
K04628	4
K04629	8
K04630	0
K04631	0
K04632	2
K04633	0
K04634	1
K04635	0
K04636	0
K04637	0
K04638	0
K04639	0
K04640	0
K04641	95
K04642	0
K04643	114
K04644	0
K04645	0
K04646	1
K04647	0
K04648	3
K04649	0
K04650	0
K04651	1799
K04652	1826
K04653	1709
K04654	1708
K04655	2212
K04656	1841
K04657	43
K04658	0
K04659	84
K04660	0
K04661	0
K04662	2
K04663	1
K04664	0
K04665	0
K04666	0
K04667	0
K04668	0
K04669	3
K04670	0
K04671	0
K04672	0
K04673	0
K04674	0
K04675	0
K04676	0
K04677	0
K04678	0
K04679	1
K04680	0
K04681	0
K04682	0
K04683	0
K04684	0
K04685	4
K04686	0
K04687	0
K04688	0
K04690	0
K04691	147
K04692	0
K04693	0
K04694	0
K04695	0
K04696	0
K04697	0
K04698	0
K04699	0
K04701	0
K04702	1
K04703	0
K04704	0
K04705	0
K04706	0
K04707	0
K04708	353
K04709	0
K04710	0
K04711	44
K04712	2
K04713	0
K04714	1
K04715	0
K04716	2
K04717	72
K04718	27
K04719	2316
K04720	2672
K04721	0
K04722	0
K04723	0
K04724	0
K04725	0
K04726	0
K04727	13
K04728	0
K04729	41
K04730	5
K04731	0
K04732	0
K04733	1
K04734	4
K04735	0
K04736	0
K04737	0
K04738	3
K04739	42
K04740	1
K04741	0
K04742	4
K04743	2
K04744	325
K04745	1
K04746	9
K04747	496
K04748	3773
K04749	3410
K04750	4859
K04751	4364
K04752	92
K04753	486
K04754	10
K04755	1450
K04756	3262
K04757	4063
K04758	3634
K04759	3819
K04760	23
K04761	1409
K04762	6928
K04763	8179
K04764	51
K04765	2906
K04766	1386
K04767	5820
K04768	2953
K04769	2049
K04770	498
K04771	4532
K04772	2516
K04773	2506
K04774	27
K04775	734
K04778	0
K04780	1907
K04781	763
K04782	303
K04783	160
K04784	293
K04785	0
K04786	437
K04787	718
K04788	1227
K04789	955
K04790	656
K04791	688
K04792	1128
K04793	713
K04794	1126
K04795	0
K04796	4
K04797	0
K04798	0
K04799	0
K04800	32
K04801	3
K04802	0
K04803	0
K04804	0
K04805	0
K04806	0
K04807	0
K04808	2
K04809	7
K04810	0
K04811	0
K04812	0
K04813	0
K04814	0
K04815	0
K04816	0
K04817	0
K04818	0
K04819	0
K04824	0
K04825	0
K04826	0
K04827	0
K04828	0
K04829	0
K04830	0
K04831	0
K04832	0
K04833	0
K04834	3
K04835	166
K04836	0
K04837	0
K04838	0
K04839	0
K04840	0
K04841	0
K04842	0
K04843	0
K04845	0
K04846	0
K04847	0
K04848	0
K04849	0
K04850	0
K04851	0
K04852	0
K04853	0
K04854	1
K04855	0
K04856	4
K04857	0
K04858	7
K04859	1
K04860	11
K04861	0
K04862	0
K04863	0
K04864	0
K04865	0
K04866	0
K04867	0
K04868	0
K04869	0
K04870	0
K04871	0
K04872	0
K04873	0
K04874	1
K04875	37
K04876	0
K04877	0
K04878	0
K04879	3
K04880	2
K04881	1
K04882	17
K04883	39
K04884	5
K04885	6
K04886	1
K04887	0
K04888	0
K04889	0
K04890	2
K04891	7
K04892	41
K04893	0
K04894	0
K04895	0
K04896	0
K04897	0
K04898	0
K04899	0
K04900	0
K04901	0
K04902	0
K04903	0
K04904	0
K04905	0
K04906	0
K04907	0
K04908	0
K04909	0
K04910	0
K04911	0
K04912	1
K04913	1
K04914	0
K04915	0
K04916	0
K04917	0
K04918	0
K04919	0
K04920	3
K04921	0
K04922	0
K04923	0
K04924	0
K04925	0
K04926	0
K04927	1
K04928	0
K04929	0
K04930	38
K04931	0
K04932	0
K04933	0
K04934	0
K04935	0
K04936	3
K04937	0
K04938	0
K04939	0
K04940	771
K04941	0
K04942	0
K04943	1
K04944	2
K04945	1
K04946	4
K04947	0
K04948	0
K04949	0
K04950	5
K04951	0
K04952	0
K04953	31
K04954	0
K04955	3
K04956	0
K04957	0
K04958	0
K04959	0
K04960	0
K04961	6
K04962	143
K04963	6
K04964	1
K04965	2
K04966	2
K04967	0
K04968	0
K04969	0
K04970	0
K04971	0
K04972	0
K04973	0
K04974	0
K04975	0
K04976	0
K04977	39
K04978	13
K04979	0
K04980	0
K04981	0
K04982	0
K04983	0
K04984	110
K04985	449
K04986	0
K04987	33
K04988	16
K04989	0
K04990	1
K04991	0
K04992	0
K04993	0
K04994	0
K04995	0
K04996	0
K04997	0
K04998	0
K04999	0
K05000	0
K05001	4
K05002	0
K05003	1
K05004	0
K05005	0
K05006	0
K05007	0
K05008	0
K05009	0
K05010	0
K05011	0
K05012	0
K05015	0
K05016	6
K05017	0
K05018	0
K05019	0
K05020	3031
K05021	0
K05022	0
K05023	1
K05024	0
K05025	0
K05026	0
K05027	168
K05028	12
K05030	364
K05031	0
K05032	5
K05033	2
K05034	0
K05035	0
K05036	0
K05037	0
K05038	3
K05039	0
K05040	6
K05041	0
K05043	0
K05044	0
K05045	0
K05046	0
K05047	0
K05048	0
K05050	0
K05051	0
K05052	0
K05053	1
K05054	0
K05055	0
K05056	0
K05057	1
K05058	1
K05059	0
K05060	90
K05061	0
K05062	3
K05063	9
K05064	3
K05065	0
K05066	0
K05067	3
K05068	0
K05069	3
K05070	0
K05071	3
K05072	0
K05073	0
K05074	1
K05075	0
K05076	10
K05077	0
K05078	0
K05079	1
K05080	4
K05081	1
K05082	4
K05083	1
K05084	0
K05085	0
K05086	13
K05087	16
K05088	9
K05089	0
K05090	1
K05091	0
K05092	0
K05093	0
K05094	0
K05095	0
K05096	6
K05097	0
K05098	0
K05099	230
K05100	91
K05101	0
K05102	0
K05103	1
K05104	1
K05105	7
K05106	0
K05107	0
K05108	8
K05109	0
K05110	1
K05111	11
K05112	0
K05113	9
K05114	0
K05115	0
K05116	1
K05117	0
K05118	0
K05119	15
K05120	39
K05121	16
K05122	0
K05123	0
K05124	0
K05125	5
K05126	0
K05127	1
K05128	0
K05129	0
K05130	0
K05131	0
K05132	0
K05133	4
K05134	0
K05135	0
K05136	0
K05137	0
K05138	0
K05139	0
K05140	0
K05141	4
K05142	0
K05143	0
K05144	0
K05145	0
K05146	0
K05147	0
K05148	0
K05149	0
K05150	0
K05151	1
K05152	0
K05153	1
K05154	0
K05155	0
K05156	0
K05157	0
K05158	0
K05159	0
K05160	0
K05161	0
K05162	0
K05163	0
K05164	5
K05165	0
K05166	0
K05167	47
K05168	0
K05169	3
K05170	2
K05171	0
K05172	0
K05173	0
K05174	0
K05175	0
K05181	2
K05184	0
K05185	0
K05186	0
K05189	0
K05190	2
K05192	3
K05193	0
K05194	17
K05195	0
K05196	0
K05197	0
K05198	0
K05199	0
K05200	0
K05201	0
K05202	0
K05203	0
K05204	0
K05205	0
K05206	0
K05207	0
K05208	0
K05209	0
K05210	0
K05211	0
K05212	0
K05213	0
K05214	0
K05215	0
K05216	0
K05217	0
K05218	0
K05219	0
K05220	0
K05221	0
K05222	0
K05223	0
K05224	0
K05225	0
K05226	0
K05227	0
K05228	0
K05229	0
K05230	0
K05231	0
K05232	0
K05233	0
K05234	0
K05235	0
K05236	1
K05237	0
K05238	0
K05239	0
K05240	0
K05241	0
K05242	0
K05243	0
K05244	0
K05245	31
K05246	0
K05247	0
K05248	0
K05249	0
K05250	0
K05251	0
K05252	0
K05253	0
K05254	0
K05255	0
K05256	0
K05257	0
K05258	0
K05259	0
K05260	0
K05261	0
K05262	0
K05263	0
K05264	0
K05265	0
K05266	0
K05267	0
K05268	0
K05269	0
K05271	1
K05273	7
K05274	0
K05275	3769
K05277	1
K05278	10
K05279	0
K05280	0
K05281	0
K05282	2
K05283	0
K05284	7
K05285	41
K05286	29
K05287	1
K05288	237
K05289	0
K05290	0
K05291	0
K05292	0
K05293	0
K05294	20
K05295	0
K05296	158
K05297	2
K05298	180
K05299	508
K05300	55
K05301	1953
K05302	0
K05303	904
K05304	44
K05305	0
K05306	900
K05307	18
K05308	92
K05309	11
K05310	92
K05311	2745
K05312	0
K05313	23
K05323	4
K05330	0
K05334	0
K05336	1
K05337	4861
K05338	845
K05339	3698
K05340	1798
K05341	818
K05342	2314
K05343	2553
K05345	0
K05346	3956
K05349	3974
K05350	2949
K05351	90
K05352	1107
K05353	1
K05354	0
K05355	6
K05356	150
K05357	1108
K05358	7
K05359	0
K05360	0
K05361	16
K05362	2579
K05363	1848
K05364	4321
K05365	6
K05366	7996
K05367	53
K05368	19
K05369	103
K05370	91
K05371	150
K05372	17
K05373	135
K05374	2
K05375	1314
K05376	38
K05377	88
K05378	71
K05379	17
K05380	20
K05381	28
K05382	149
K05383	98
K05384	898
K05385	40
K05386	212
K05387	0
K05389	390
K05391	0
K05394	1
K05396	227
K05397	0
K05398	15
K05399	0
K05400	0
K05401	134
K05402	0
K05403	30
K05404	0
K05405	0
K05406	0
K05407	0
K05408	0
K05409	1
K05410	0
K05411	0
K05412	0
K05413	11
K05414	0
K05415	0
K05416	0
K05417	0
K05418	0
K05419	0
K05420	0
K05421	0
K05422	0
K05423	0
K05424	0
K05425	0
K05426	0
K05427	0
K05428	0
K05429	0
K05430	0
K05431	0
K05432	0
K05433	0
K05434	1
K05435	0
K05436	0
K05437	0
K05438	0
K05439	0
K05440	0
K05441	0
K05442	0
K05443	0
K05444	0
K05445	0
K05446	0
K05447	0
K05448	0
K05449	0
K05450	0
K05451	0
K05452	0
K05453	1
K05454	0
K05455	0
K05456	5
K05457	0
K05458	0
K05459	0
K05460	0
K05461	0
K05462	0
K05463	0
K05464	0
K05465	0
K05466	2
K05467	11
K05468	0
K05469	0
K05470	0
K05471	0
K05472	1
K05473	0
K05474	0
K05475	0
K05476	3
K05477	0
K05478	0
K05479	0
K05480	1
K05481	0
K05482	0
K05483	0
K05484	0
K05485	0
K05486	0
K05487	0
K05488	0
K05489	0
K05490	0
K05491	0
K05492	0
K05493	0
K05494	0
K05495	0
K05496	0
K05497	104
K05498	0
K05499	6038
K05500	0
K05501	224
K05502	2
K05503	1
K05504	0
K05505	0
K05506	0
K05507	0
K05508	0
K05509	0
K05510	0
K05511	0
K05512	0
K05513	0
K05514	0
K05515	3057
K05516	2894
K05517	2
K05518	1428
K05519	401
K05520	4537
K05521	3187
K05522	2929
K05523	922
K05524	4557
K05525	325
K05526	4
K05527	121
K05528	47
K05529	13
K05530	0
K05531	4
K05532	0
K05533	6
K05534	0
K05535	3
K05536	0
K05537	0
K05538	3
K05539	172
K05540	8348
K05541	280
K05542	4
K05543	0
K05544	1
K05545	0
K05546	770
K05547	0
K05548	927
K05549	275
K05550	394
K05551	586
K05552	582
K05553	666
K05554	824
K05555	2957
K05556	281
K05557	1563
K05558	1689
K05559	273
K05560	10
K05561	6
K05562	79
K05563	554
K05564	3
K05565	3217
K05566	1502
K05567	3599
K05568	3701
K05569	3491
K05570	3296
K05571	3517
K05572	148
K05573	150
K05574	354
K05575	155
K05576	450
K05577	690
K05578	267
K05579	152
K05580	156
K05581	151
K05582	151
K05583	132
K05584	149
K05585	142
K05586	144
K05587	150
K05588	139
K05589	1845
K05590	9
K05591	75
K05592	7598
K05593	2077
K05594	55
K05595	1364
K05596	1753
K05597	355
K05599	90
K05600	4
K05601	1867
K05602	2885
K05603	1138
K05604	0
K05605	2277
K05606	3232
K05607	885
K05609	0
K05610	0
K05611	0
K05612	13
K05613	43
K05614	892
K05615	87
K05616	6
K05617	14
K05618	0
K05619	20
K05620	0
K05621	8
K05622	0
K05623	0
K05624	0
K05625	0
K05626	0
K05627	0
K05628	0
K05629	1
K05630	0
K05631	0
K05632	0
K05633	0
K05634	5
K05635	115
K05636	595
K05637	227
K05638	0
K05639	0
K05640	1
K05641	0
K05642	0
K05643	44
K05644	0
K05645	0
K05646	0
K05647	0
K05648	0
K05649	0
K05650	3
K05651	0
K05652	0
K05653	0
K05654	0
K05655	5
K05656	13
K05657	13
K05658	79
K05659	1
K05660	0
K05661	0
K05662	5
K05664	0
K05665	13
K05666	1
K05667	0
K05668	1
K05669	1
K05670	1
K05671	1
K05672	6
K05673	0
K05674	4
K05675	0
K05676	0
K05677	1
K05678	4
K05679	2
K05680	0
K05681	6
K05682	0
K05683	23
K05684	2
K05685	3776
K05687	0
K05688	0
K05689	11
K05690	0
K05691	1
K05692	12
K05693	0
K05694	35
K05695	381
K05696	0
K05697	0
K05698	175
K05699	0
K05700	7
K05701	0
K05702	0
K05703	0
K05704	0
K05705	0
K05706	1
K05707	0
K05708	151
K05709	24
K05710	2582
K05711	104
K05712	2317
K05713	708
K05714	5467
K05715	113
K05716	38
K05717	1
K05718	13
K05719	9
K05720	0
K05721	0
K05722	0
K05723	0
K05724	0
K05725	0
K05726	0
K05727	0
K05728	0
K05729	0
K05730	0
K05731	0
K05732	0
K05733	0
K05734	0
K05735	0
K05736	0
K05737	0
K05738	0
K05739	715
K05740	120
K05741	0
K05742	0
K05743	0
K05744	0
K05745	0
K05746	3
K05747	1
K05748	0
K05749	0
K05750	0
K05751	0
K05752	0
K05753	0
K05754	0
K05755	0
K05756	0
K05757	0
K05758	0
K05759	12
K05760	1
K05761	0
K05762	1
K05763	0
K05764	4
K05765	27
K05766	5
K05767	1
K05768	0
K05769	0
K05770	2837
K05771	0
K05772	299
K05773	290
K05774	51
K05775	3
K05776	464
K05777	433
K05778	38
K05779	8
K05780	343
K05781	319
K05782	1215
K05783	124
K05784	310
K05785	25
K05786	4098
K05787	152
K05788	64
K05789	6
K05790	3
K05791	1103
K05792	1156
K05793	673
K05794	5290
K05795	1620
K05796	137
K05797	152
K05798	6
K05799	5762
K05800	115
K05801	515
K05802	404
K05803	291
K05804	119
K05805	13
K05806	0
K05807	271
K05808	8311
K05809	17
K05810	5767
K05811	33
K05812	46
K05813	2665
K05814	1959
K05815	1779
K05816	36
K05817	173
K05818	53
K05819	39
K05820	1837
K05821	0
K05822	3492
K05823	2859
K05824	2
K05825	5519
K05826	377
K05827	435
K05828	150
K05829	151
K05830	14
K05831	117
K05832	3675
K05833	3684
K05834	2519
K05835	1509
K05836	173
K05837	5938
K05838	3200
K05839	3
K05840	0
K05841	1004
K05842	0
K05843	0
K05844	1915
K05845	4896
K05846	6387
K05847	6425
K05848	0
K05849	365
K05850	8
K05851	3
K05852	0
K05853	13
K05854	0
K05855	0
K05856	0
K05857	0
K05858	0
K05859	0
K05860	0
K05861	0
K05862	0
K05863	1
K05864	22
K05865	1
K05866	0
K05867	0
K05868	0
K05869	0
K05870	0
K05871	0
K05872	11
K05873	1317
K05874	887
K05875	117
K05876	13
K05877	24
K05878	3914
K05879	3857
K05880	24
K05881	3143
K05882	1507
K05884	944
K05886	276
K05887	1027
K05888	2135
K05889	241
K05894	2
K05895	3175
K05896	8312
K05897	1366
K05898	1711
K05901	1411
K05906	44
K05907	14
K05908	52
K05909	4
K05910	1868
K05913	779
K05914	2
K05915	0
K05916	3445
K05917	792
K05918	20
K05919	1333
K05921	1015
K05922	1
K05925	501
K05926	62
K05927	1
K05928	138
K05929	335
K05931	0
K05933	1
K05934	1030
K05936	3528
K05937	2105
K05939	186
K05940	0
K05941	1
K05942	363
K05946	3569
K05947	15
K05948	0
K05951	0
K05952	3
K05953	46
K05954	10
K05955	0
K05956	26
K05957	26
K05960	0
K05961	0
K05964	685
K05966	23
K05967	1950
K05969	0
K05970	931
K05972	564
K05973	74
K05977	147
K05978	82
K05979	1906
K05982	1199
K05984	191
K05985	4365
K05986	57
K05988	239
K05989	2036
K05991	1543
K05992	15
K05994	269
K05995	3030
K05996	974
K05997	7
K05998	33
K05999	941
K06000	0
K06001	942
K06002	0
K06004	0
K06005	0
K06006	229
K06007	0
K06008	0
K06009	0
K06011	37
K06012	2067
K06013	932
K06015	2404
K06016	2359
K06018	0
K06019	2115
K06020	3509
K06023	4937
K06024	8319
K06027	8
K06030	358
K06033	10
K06034	140
K06035	1361
K06037	3521
K06038	0
K06039	328
K06041	769
K06042	3529
K06044	2493
K06045	1569
K06046	669
K06047	5
K06048	3078
K06049	41
K06051	1
K06052	0
K06053	0
K06054	0
K06055	0
K06056	0
K06057	0
K06058	0
K06059	0
K06061	0
K06062	0
K06063	0
K06064	0
K06065	0
K06066	0
K06067	0
K06068	1
K06069	1
K06070	0
K06071	0
K06072	207
K06073	3
K06074	5
K06075	4988
K06076	45
K06077	31
K06078	296
K06079	30
K06080	8
K06081	0
K06082	2
K06083	0
K06084	0
K06085	3
K06086	0
K06087	2
K06088	3
K06089	0
K06090	0
K06091	0
K06092	0
K06093	0
K06094	0
K06095	1
K06096	0
K06097	2
K06098	0
K06099	0
K06100	0
K06101	0
K06102	7
K06103	0
K06104	0
K06105	0
K06106	0
K06107	0
K06108	0
K06109	0
K06110	0
K06111	1
K06112	15
K06113	2161
K06114	1
K06115	0
K06116	3
K06117	4384
K06118	524
K06119	177
K06120	405
K06121	69
K06122	51
K06123	938
K06124	0
K06125	35
K06126	0
K06127	16
K06128	1
K06129	74
K06130	9
K06131	7502
K06132	542
K06133	3232
K06134	6
K06135	2
K06136	337
K06137	565
K06138	1129
K06139	298
K06140	41
K06141	125
K06142	183
K06143	7
K06144	2
K06145	96
K06146	2
K06147	3502
K06148	4359
K06149	6661
K06151	391
K06152	639
K06153	7876
K06154	127
K06155	1196
K06156	264
K06157	329
K06158	8412
K06159	4
K06160	238
K06161	1
K06162	554
K06163	361
K06164	361
K06165	361
K06166	358
K06167	6164
K06168	6223
K06169	140
K06170	0
K06171	0
K06172	1
K06173	8373
K06174	1
K06175	7
K06176	57
K06177	2380
K06178	7945
K06179	1330
K06180	8512
K06181	150
K06182	1575
K06183	4452
K06184	7
K06185	1
K06186	53
K06187	8458
K06188	3018
K06189	61
K06190	200
K06191	5595
K06192	7
K06193	2925
K06194	3190
K06195	18
K06196	5900
K06197	1026
K06198	3509
K06199	6382
K06200	2331
K06201	4395
K06202	5
K06203	1082
K06204	2974
K06205	307
K06206	1507
K06207	8382
K06208	1991
K06209	2317
K06210	1
K06211	1703
K06212	298
K06213	6179
K06214	35
K06215	5981
K06216	494
K06217	8132
K06218	2449
K06219	1509
K06221	6934
K06222	200
K06223	1893
K06224	134
K06225	0
K06226	0
K06227	2
K06228	10
K06229	474
K06230	0
K06231	0
K06232	0
K06233	15
K06234	10
K06235	0
K06236	17
K06237	40
K06238	96
K06240	714
K06241	1
K06243	66
K06244	27
K06245	21
K06246	9
K06247	0
K06248	10
K06249	1
K06250	0
K06251	1
K06252	251
K06253	0
K06254	9
K06255	29
K06256	0
K06257	0
K06258	2
K06259	0
K06260	0
K06261	7
K06262	0
K06263	0
K06264	0
K06265	20
K06266	5
K06267	87
K06268	1
K06269	36
K06270	0
K06271	0
K06272	4
K06273	0
K06274	0
K06275	0
K06276	0
K06277	0
K06278	0
K06279	0
K06281	1094
K06282	1148
K06283	1964
K06284	2071
K06285	960
K06286	3326
K06287	6270
K06288	513
K06289	1003
K06290	220
K06291	103
K06292	257
K06293	176
K06294	977
K06295	1498
K06296	1888
K06297	1420
K06298	3026
K06299	606
K06300	582
K06301	663
K06302	590
K06303	604
K06304	594
K06305	1008
K06306	2179
K06307	514
K06308	1029
K06309	184
K06310	842
K06311	1255
K06312	657
K06313	1312
K06314	980
K06315	405
K06316	0
K06317	1667
K06318	829
K06319	103
K06320	1882
K06321	57
K06322	182
K06323	837
K06324	1241
K06325	394
K06326	11
K06327	608
K06328	1031
K06329	1312
K06330	1639
K06331	1352
K06332	919
K06333	1799
K06334	1823
K06335	438
K06336	1412
K06337	342
K06338	607
K06339	28
K06340	86
K06341	302
K06342	323
K06343	524
K06345	1463
K06346	7469
K06347	1008
K06348	1438
K06349	1342
K06350	1858
K06351	1836
K06352	41
K06353	44
K06354	35
K06355	45
K06356	46
K06357	13
K06358	54
K06359	146
K06360	87
K06361	162
K06362	89
K06363	45
K06364	151
K06365	185
K06366	94
K06367	127
K06368	160
K06369	74
K06370	1303
K06371	714
K06372	453
K06373	1896
K06374	1927
K06375	1291
K06376	1305
K06377	1841
K06378	3800
K06379	2088
K06380	1218
K06381	2841
K06382	2183
K06383	2038
K06384	4129
K06385	2062
K06386	1245
K06387	1902
K06388	313
K06389	147
K06390	2043
K06391	1918
K06392	1956
K06393	1943
K06394	2018
K06395	1823
K06396	2010
K06397	2055
K06398	2075
K06399	2219
K06400	5595
K06401	1191
K06402	4594
K06403	1264
K06404	1260
K06405	2095
K06406	2074
K06407	2069
K06408	1459
K06409	4969
K06410	1548
K06411	1502
K06412	2722
K06413	3799
K06414	102
K06415	1186
K06416	1811
K06417	948
K06418	482
K06419	411
K06420	776
K06421	1350
K06422	657
K06423	1580
K06424	31
K06425	967
K06426	1029
K06427	71
K06428	454
K06429	357
K06430	291
K06431	471
K06432	424
K06433	696
K06434	878
K06435	0
K06436	1270
K06437	96
K06438	2079
K06439	892
K06440	544
K06441	40
K06442	8081
K06443	956
K06444	2
K06445	23
K06446	1131
K06447	8
K06448	0
K06449	27
K06450	0
K06451	0
K06452	0
K06453	0
K06454	1
K06455	0
K06456	1
K06457	0
K06458	0
K06459	0
K06460	0
K06461	31
K06462	1
K06463	0
K06464	0
K06465	0
K06466	0
K06467	0
K06468	102
K06469	0
K06470	0
K06471	11
K06472	1
K06473	0
K06474	7
K06475	0
K06476	65
K06477	7
K06478	13
K06479	0
K06480	0
K06481	5
K06482	7
K06483	88
K06484	146
K06485	22
K06486	0
K06487	68
K06488	0
K06489	4
K06490	0
K06491	256
K06492	4
K06493	0
K06494	0
K06495	0
K06496	0
K06497	11
K06498	0
K06499	0
K06500	0
K06501	12
K06502	1
K06503	40
K06504	12
K06505	2
K06506	0
K06507	0
K06508	1
K06509	2
K06510	0
K06511	2
K06512	0
K06513	0
K06514	0
K06515	3
K06516	0
K06517	1
K06518	3331
K06519	41
K06520	0
K06521	0
K06522	0
K06523	0
K06524	0
K06525	0
K06526	0
K06527	1
K06528	0
K06529	0
K06530	5
K06531	0
K06532	27
K06533	1
K06534	1
K06535	0
K06536	0
K06537	18
K06538	0
K06539	0
K06540	0
K06541	0
K06542	0
K06543	0
K06544	0
K06545	0
K06546	2
K06547	0
K06548	4
K06549	0
K06550	9
K06551	0
K06552	0
K06553	0
K06554	2
K06555	0
K06556	0
K06557	0
K06558	3
K06559	1
K06560	41
K06561	3
K06562	0
K06563	14
K06564	0
K06565	1
K06566	17
K06567	2
K06568	21
K06569	0
K06570	0
K06571	0
K06572	4
K06573	28
K06574	0
K06575	0
K06576	0
K06577	0
K06578	0
K06579	0
K06580	13
K06581	0
K06582	0
K06583	13
K06584	66
K06585	133
K06586	0
K06587	0
K06588	0
K06589	0
K06590	0
K06591	0
K06592	0
K06593	0
K06594	0
K06595	1722
K06596	41
K06597	3
K06598	1
K06599	1075
K06600	357
K06601	14
K06602	14
K06603	1449
K06604	36
K06605	839
K06606	1894
K06607	3062
K06608	585
K06609	1393
K06610	814
K06611	0
K06612	0
K06613	0
K06614	1
K06615	0
K06616	0
K06617	107
K06618	0
K06619	0
K06620	0
K06621	0
K06622	17
K06623	1
K06624	0
K06625	0
K06626	0
K06627	0
K06628	0
K06629	0
K06630	2
K06631	0
K06632	0
K06633	0
K06634	0
K06635	0
K06636	66
K06637	0
K06639	33
K06640	2
K06641	39
K06642	0
K06643	2
K06644	0
K06645	0
K06646	0
K06647	3
K06648	3
K06649	0
K06650	0
K06651	0
K06652	0
K06653	0
K06654	0
K06655	59
K06656	0
K06657	0
K06658	0
K06659	0
K06660	0
K06661	0
K06662	17
K06663	0
K06664	0
K06665	10
K06666	127
K06667	2
K06668	0
K06669	12
K06670	0
K06671	0
K06672	1
K06673	0
K06674	177
K06675	299
K06676	0
K06677	0
K06678	7
K06679	49
K06680	0
K06681	1
K06682	0
K06683	0
K06684	0
K06685	0
K06686	0
K06687	0
K06688	0
K06689	4
K06691	0
K06692	0
K06693	0
K06694	413
K06695	6
K06696	0
K06697	0
K06698	0
K06699	1
K06700	0
K06702	0
K06704	0
K06706	0
K06707	9
K06708	0
K06709	0
K06710	0
K06711	6
K06712	0
K06713	0
K06714	1051
K06715	0
K06716	101
K06717	0
K06718	1447
K06719	0
K06720	1422
K06721	82
K06722	0
K06723	1
K06724	3
K06725	0
K06726	2696
K06727	6
K06728	0
K06729	0
K06730	0
K06731	3
K06732	0
K06733	0
K06734	0
K06735	0
K06736	0
K06737	0
K06738	0
K06739	0
K06740	0
K06741	0
K06742	0
K06743	0
K06744	1
K06745	0
K06746	0
K06747	0
K06748	0
K06749	0
K06750	0
K06751	0
K06752	1
K06753	11
K06754	72
K06755	9
K06756	109
K06757	0
K06758	0
K06759	5
K06760	4
K06761	57
K06762	15
K06763	1
K06764	1
K06765	4
K06766	513
K06767	199
K06768	10
K06769	2
K06770	2
K06771	0
K06772	1
K06773	0
K06774	4
K06775	0
K06776	13
K06777	300
K06778	4
K06779	0
K06780	0
K06781	0
K06782	2
K06783	0
K06784	2
K06785	0
K06786	0
K06787	0
K06788	2
K06789	2
K06790	1
K06791	0
K06792	0
K06793	0
K06794	0
K06795	0
K06796	0
K06797	0
K06798	0
K06799	2
K06800	0
K06801	0
K06802	0
K06803	0
K06804	0
K06805	0
K06806	0
K06807	0
K06808	0
K06809	1
K06810	0
K06811	2
K06812	0
K06813	19
K06814	0
K06815	0
K06816	6
K06817	8
K06818	0
K06819	16
K06820	223
K06821	112
K06822	106
K06823	7
K06824	0
K06825	0
K06826	3
K06827	0
K06828	0
K06829	0
K06830	2
K06831	3
K06832	0
K06833	0
K06834	7
K06835	3
K06836	0
K06837	0
K06838	6
K06839	6
K06840	0
K06841	0
K06842	0
K06843	0
K06844	0
K06845	0
K06846	0
K06847	0
K06848	0
K06849	0
K06850	0
K06851	0
K06852	0
K06853	0
K06854	0
K06855	0
K06856	3
K06857	513
K06858	350
K06859	312
K06860	1388
K06861	343
K06862	2
K06863	4
K06864	1914
K06865	2328
K06866	309
K06867	2797
K06868	1
K06869	97
K06870	25
K06871	2907
K06872	4253
K06873	2902
K06874	0
K06875	0
K06876	912
K06877	3637
K06878	3954
K06879	3
K06880	1889
K06881	6491
K06882	2398
K06883	3054
K06884	160
K06885	3901
K06886	4224
K06887	53
K06888	3179
K06889	7542
K06890	3253
K06891	3220
K06892	3
K06893	3742
K06894	1029
K06895	3401
K06896	3161
K06897	916
K06898	1915
K06899	429
K06900	297
K06901	7656
K06902	4288
K06903	1144
K06904	1656
K06905	1219
K06906	138
K06907	1044
K06908	215
K06909	2381
K06910	2686
K06911	3578
K06912	506
K06913	153
K06914	184
K06915	3274
K06916	2294
K06917	753
K06918	26
K06919	454
K06920	2936
K06921	3050
K06922	387
K06923	1102
K06924	1217
K06925	8325
K06926	2100
K06927	583
K06928	329
K06929	4251
K06930	1394
K06931	143
K06932	93
K06933	944
K06934	1031
K06935	46
K06936	381
K06937	516
K06938	19
K06939	155
K06940	1974
K06941	7399
K06942	68
K06943	0
K06944	7
K06945	1674
K06946	2267
K06947	6
K06948	3608
K06949	8309
K06950	6069
K06951	1198
K06952	251
K06953	155
K06954	915
K06956	3381
K06957	20
K06958	8156
K06959	6604
K06960	7427
K06961	1
K06962	4608
K06963	0
K06964	75
K06965	0
K06966	245
K06967	4975
K06968	296
K06969	3911
K06970	3
K06971	603
K06972	1271
K06973	3345
K06974	2
K06975	4682
K06976	3757
K06977	626
K06978	2920
K06979	2018
K06980	3123
K06981	33
K06982	0
K06983	2
K06984	31
K06985	252
K06986	1460
K06987	825
K06988	2948
K06989	466
K06990	656
K06991	413
K06992	1427
K06993	973
K06994	4469
K06995	1084
K06996	2989
K06997	7791
K06998	4057
K06999	3930
K07000	169
K07001	5674
K07002	1343
K07003	1277
K07004	3063
K07005	4444
K07006	2769
K07007	4556
K07008	1927
K07009	5419
K07010	5327
K07012	2687
K07013	1051
K07014	45
K07015	4577
K07016	323
K07017	3205
K07018	1580
K07019	155
K07020	2289
K07022	212
K07023	1520
K07024	177
K07025	3044
K07026	155
K07027	3216
K07028	3223
K07029	8183
K07030	7404
K07031	403
K07032	4126
K07033	854
K07034	1078
K07035	2722
K07037	2048
K07038	3655
K07039	2690
K07040	8062
K07041	468
K07042	8481
K07043	895
K07044	1239
K07045	3551
K07046	1348
K07047	4174
K07048	1362
K07049	0
K07050	1694
K07051	756
K07052	8103
K07053	4352
K07054	3201
K07055	0
K07056	8455
K07057	411
K07058	7412
K07059	1773
K07060	359
K07061	150
K07062	1116
K07063	1098
K07064	1714
K07065	798
K07066	481
K07067	3227
K07068	1727
K07069	807
K07070	44
K07071	4384
K07072	6
K07073	5
K07074	1967
K07075	1516
K07076	2955
K07077	2364
K07078	2015
K07079	2099
K07080	2097
K07081	0
K07082	7724
K07083	0
K07084	1381
K07085	879
K07086	533
K07087	607
K07089	4644
K07090	7030
K07091	27
K07092	2731
K07093	2059
K07094	1545
K07095	6537
K07096	2949
K07097	716
K07098	5937
K07099	1608
K07100	1784
K07101	1633
K07102	173
K07103	0
K07104	4060
K07105	3494
K07106	3675
K07107	5529
K07108	268
K07109	3
K07110	1662
K07111	75
K07112	1689
K07113	2935
K07114	5066
K07115	17
K07116	409
K07117	602
K07118	5153
K07119	25
K07120	1879
K07121	43
K07122	44
K07123	417
K07124	7324
K07125	0
K07126	1789
K07127	1712
K07128	38
K07129	196
K07130	3237
K07131	1680
K07132	49
K07133	2192
K07134	2
K07135	138
K07136	60
K07137	2217
K07138	1223
K07139	3723
K07140	1868
K07141	2793
K07142	397
K07143	23
K07144	10
K07145	1789
K07146	3558
K07147	2478
K07148	2993
K07149	6859
K07150	2797
K07151	9
K07152	1834
K07153	4
K07154	1504
K07155	2577
K07156	2512
K07157	1939
K07158	635
K07159	2633
K07160	4250
K07161	1993
K07162	433
K07163	1
K07164	3253
K07165	105
K07166	4183
K07167	1910
K07168	2195
K07169	4
K07171	5748
K07172	1413
K07173	4680
K07175	3997
K07176	763
K07177	6065
K07178	428
K07179	0
K07180	1188
K07181	872
K07182	2914
K07183	2242
K07184	821
K07186	2
K07187	0
K07188	6
K07189	24
K07190	97
K07191	1
K07192	3474
K07193	0
K07194	0
K07195	0
K07196	0
K07197	0
K07198	1
K07199	107
K07200	1
K07201	0
K07202	0
K07203	0
K07204	3
K07205	0
K07206	14
K07207	0
K07208	0
K07209	0
K07210	0
K07211	0
K07213	6291
K07214	1184
K07215	148
K07216	1294
K07217	2078
K07218	2300
K07219	1051
K07220	3506
K07221	13
K07222	3435
K07223	1760
K07224	2821
K07225	129
K07226	1075
K07227	42
K07228	3216
K07229	2790
K07230	284
K07231	30
K07232	30
K07233	8
K07234	58
K07235	2
K07236	14
K07237	16
K07238	4534
K07239	10
K07240	3322
K07241	1434
K07242	99
K07243	3132
K07244	4
K07245	2155
K07246	1788
K07248	469
K07249	610
K07250	3005
K07251	5299
K07252	248
K07253	625
K07254	0
K07255	779
K07256	9
K07257	617
K07258	7247
K07259	3464
K07260	5459
K07261	59
K07262	11
K07263	6870
K07264	545
K07265	171
K07266	35
K07267	76
K07268	1
K07269	4
K07270	150
K07271	1670
K07272	786
K07273	5178
K07274	11
K07275	29
K07276	23
K07277	329
K07278	19
K07279	402
K07280	52
K07281	363
K07282	4864
K07283	10
K07284	6538
K07285	6
K07286	25
K07287	5
K07288	27
K07289	159
K07290	44
K07291	11
K07292	0
K07293	0
K07294	0
K07295	0
K07296	19
K07297	0
K07298	0
K07299	2
K07300	2172
K07301	2116
K07302	390
K07303	385
K07304	5184
K07305	3061
K07306	164
K07307	302
K07308	196
K07309	203
K07310	8
K07311	11
K07312	2
K07313	4603
K07314	18
K07315	3876
K07316	1866
K07317	5313
K07318	448
K07319	1187
K07320	71
K07321	1270
K07322	1585
K07323	9
K07324	0
K07325	2
K07326	164
K07327	28
K07328	0
K07329	31
K07330	2
K07331	4
K07332	9
K07333	230
K07334	775
K07335	6097
K07336	144
K07337	60
K07338	15
K07339	1240
K07340	3980
K07341	3047
K07342	0
K07343	1490
K07344	1616
K07345	4
K07346	112
K07347	44
K07348	0
K07349	2
K07350	2
K07351	2
K07352	2
K07353	0
K07354	0
K07355	0
K07356	2
K07357	38
K07358	48
K07359	5
K07360	0
K07361	0
K07362	0
K07363	0
K07364	1
K07365	2
K07366	0
K07367	1
K07368	0
K07369	353
K07370	0
K07371	0
K07372	0
K07373	0
K07374	2
K07375	2
K07376	1
K07377	6
K07378	12
K07379	0
K07380	22
K07381	0
K07382	0
K07384	0
K07385	0
K07386	4295
K07387	47
K07388	0
K07389	16
K07390	172
K07391	5184
K07392	534
K07393	2911
K07394	360
K07395	78
K07396	4355
K07397	3993
K07398	0
K07399	4160
K07400	434
K07401	475
K07402	3535
K07403	2555
K07404	5302
K07405	5
K07406	999
K07407	3834
K07408	1
K07409	0
K07410	0
K07411	0
K07412	0
K07413	0
K07414	0
K07415	1
K07416	1
K07417	0
K07418	0
K07419	0
K07420	0
K07422	0
K07423	0
K07424	10
K07425	0
K07426	0
K07427	74
K07428	0
K07429	0
K07430	1
K07431	0
K07432	0
K07433	0
K07434	0
K07435	2
K07436	0
K07437	1
K07438	0
K07439	19
K07440	0
K07441	16
K07442	3200
K07443	4284
K07444	4601
K07445	530
K07446	782
K07447	8393
K07448	2923
K07449	1279
K07450	3102
K07451	5774
K07452	2682
K07453	497
K07454	1642
K07455	1157
K07456	5146
K07457	1016
K07458	1898
K07459	5291
K07460	5000
K07461	4397
K07462	5257
K07463	7
K07464	1444
K07465	3518
K07466	0
K07467	1619
K07468	11
K07469	798
K07470	361
K07471	4
K07472	9
K07473	2328
K07474	1548
K07475	36
K07476	1269
K07477	12
K07478	8406
K07479	375
K07480	265
K07481	1086
K07482	4163
K07483	5997
K07484	1390
K07485	3913
K07486	4427
K07487	3587
K07488	586
K07489	114
K07490	135
K07491	3137
K07492	2066
K07493	3768
K07494	1656
K07495	2067
K07496	2890
K07497	6714
K07498	922
K07499	1795
K07500	20
K07501	11
K07502	1570
K07503	3434
K07504	915
K07505	1752
K07506	3387
K07507	4606
K07508	216
K07509	109
K07511	1547
K07512	597
K07513	220
K07514	44
K07515	0
K07516	1317
K07517	961
K07518	316
K07520	0
K07521	0
K07522	0
K07523	21
K07524	0
K07525	0
K07526	0
K07527	0
K07528	0
K07529	0
K07530	0
K07531	0
K07532	0
K07533	5329
K07534	3
K07535	3237
K07536	206
K07537	9
K07538	1
K07539	0
K07540	0
K07541	0
K07542	1715
K07543	163
K07544	637
K07545	9
K07546	975
K07547	1
K07548	19
K07549	165
K07550	1583
K07552	4001
K07553	3
K07554	0
K07555	1
K07556	14
K07557	22
K07558	126
K07559	1366
K07560	7484
K07561	0
K07562	3
K07565	0
K07566	8483
K07568	5527
K07569	0
K07570	3080
K07571	3118
K07572	1
K07573	0
K07574	4885
K07575	0
K07576	1143
K07577	196
K07578	63
K07579	164
K07580	66
K07581	0
K07583	6
K07584	4522
K07585	7
K07586	3953
K07587	0
K07588	2565
K07589	11
K07590	3903
K07591	0
K07592	54
K07593	0
K07594	0
K07595	3
K07596	0
K07597	0
K07598	0
K07599	0
K07600	0
K07601	1
K07602	0
K07603	2
K07604	9
K07605	9
K07606	8
K07607	0
K07608	3
K07609	0
K07610	4
K07611	67
K07612	0
K07613	3
K07614	0
K07615	0
K07616	0
K07617	0
K07618	0
K07619	0
K07620	0
K07621	0
K07622	0
K07623	0
K07624	1
K07625	0
K07626	0
K07627	0
K07628	1
K07630	0
K07631	0
K07632	0
K07633	0
K07634	1
K07635	0
K07636	5104
K07637	24
K07638	411
K07639	55
K07640	725
K07641	103
K07642	2147
K07643	6
K07644	760
K07645	858
K07646	4536
K07647	34
K07648	436
K07649	719
K07650	1043
K07651	2815
K07652	4709
K07653	1921
K07654	3314
K07655	842
K07656	1856
K07657	1537
K07658	7898
K07659	314
K07660	183
K07661	7
K07662	140
K07663	46
K07664	38
K07665	1040
K07666	200
K07667	3792
K07668	4404
K07669	3550
K07670	3013
K07671	1275
K07672	1799
K07673	1340
K07674	289
K07675	2716
K07676	2
K07677	35
K07678	603
K07679	910
K07680	569
K07681	677
K07682	2557
K07683	975
K07684	3877
K07685	265
K07686	642
K07687	55
K07688	114
K07689	1055
K07690	46
K07691	424
K07692	2727
K07693	4093
K07694	869
K07695	2539
K07696	1821
K07697	897
K07698	684
K07699	2282
K07700	18
K07701	14
K07702	4
K07703	51
K07704	2088
K07705	3674
K07706	3246
K07707	2311
K07708	80
K07709	523
K07710	919
K07711	125
K07712	22
K07713	207
K07714	809
K07715	4
K07716	87
K07717	857
K07718	3474
K07719	948
K07720	4181
K07721	574
K07722	691
K07723	2299
K07724	19
K07725	2254
K07726	1622
K07727	5652
K07728	206
K07729	6812
K07730	105
K07731	10
K07732	104
K07733	2712
K07734	1824
K07735	1992
K07736	4712
K07738	8040
K07739	491
K07740	4
K07741	2029
K07742	6287
K07743	94
K07744	24
K07745	72
K07746	494
K07747	0
K07748	54
K07749	1723
K07750	0
K07751	15
K07752	97
K07753	16
K07754	7
K07755	4368
K07756	0
K07757	83
K07758	6
K07759	0
K07760	14
K07761	2
K07762	522
K07763	1136
K07764	0
K07765	1
K07766	121
K07767	16
K07768	3336
K07769	150
K07770	698
K07771	46
K07772	8
K07773	11
K07774	622
K07775	3987
K07776	3907
K07777	1771
K07778	5045
K07779	28
K07780	0
K07781	7
K07782	697
K07783	104
K07784	256
K07785	613
K07786	3
K07787	22
K07788	18
K07789	27
K07790	214
K07791	581
K07792	270
K07793	2180
K07794	2015
K07795	2285
K07796	0
K07797	4
K07798	91
K07799	107
K07800	921
K07801	0
K07802	0
K07803	60
K07804	44
K07805	0
K07806	51
K07807	46
K07808	3
K07809	172
K07810	11
K07811	1
K07812	29
K07813	1535
K07814	2788
K07816	6018
K07817	0
K07818	20
K07819	0
K07820	0
K07821	0
K07822	10
K07823	1632
K07824	1
K07825	0
K07826	0
K07827	1
K07828	0
K07829	0
K07830	0
K07831	0
K07832	0
K07833	0
K07834	0
K07835	0
K07836	0
K07837	0
K07838	0
K07839	0
K07840	0
K07841	0
K07842	0
K07843	0
K07844	0
K07845	0
K07846	0
K07847	0
K07848	0
K07849	0
K07850	1
K07851	0
K07852	0
K07853	0
K07854	0
K07855	0
K07856	0
K07857	0
K07858	0
K07859	0
K07860	0
K07861	0
K07862	1855
K07863	0
K07864	0
K07865	0
K07866	0
K07868	0
K07869	0
K07870	1
K07871	0
K07872	0
K07873	8
K07874	2
K07875	0
K07876	0
K07877	0
K07878	0
K07879	0
K07880	0
K07881	6
K07882	0
K07883	0
K07884	0
K07885	0
K07886	0
K07887	0
K07888	0
K07889	7
K07890	0
K07891	0
K07893	0
K07894	0
K07895	0
K07896	0
K07897	0
K07898	2
K07899	0
K07900	0
K07901	0
K07902	0
K07903	0
K07904	3
K07905	0
K07906	1
K07907	0
K07908	0
K07909	0
K07910	0
K07911	0
K07912	1
K07913	0
K07914	0
K07915	0
K07916	1
K07917	0
K07918	1
K07919	0
K07920	0
K07921	0
K07922	0
K07923	0
K07924	0
K07925	0
K07928	0
K07929	0
K07930	0
K07931	0
K07933	0
K07934	0
K07935	4
K07936	0
K07937	2
K07938	0
K07939	0
K07940	0
K07941	0
K07942	0
K07943	0
K07944	0
K07945	0
K07949	0
K07950	0
K07951	0
K07952	0
K07953	0
K07955	0
K07957	0
K07958	0
K07959	0
K07960	0
K07961	0
K07962	0
K07963	0
K07964	99
K07965	0
K07966	4
K07967	7
K07968	0
K07969	7
K07970	0
K07971	0
K07972	1
K07973	0
K07975	0
K07976	19
K07978	881
K07979	6564
K07980	0
K07981	0
K07982	0
K07983	0
K07984	0
K07985	0
K07986	0
K07987	0
K07988	0
K07989	0
K07990	0
K07991	36
K07992	0
K07993	3
K07994	31
K07995	113
K07996	40
K07997	34
K07998	171
K07999	132
K08000	12
K08001	0
K08002	289
K08003	47
K08004	0
K08005	5
K08006	0
K08007	0
K08008	0
K08009	0
K08010	12
K08011	0
K08012	0
K08013	0
K08014	0
K08015	0
K08016	0
K08017	0
K08018	0
K08019	0
K08020	0
K08021	0
K08022	0
K08023	0
K08024	0
K08025	0
K08026	0
K08027	0
K08028	0
K08029	0
K08030	0
K08031	0
K08032	0
K08033	0
K08034	0
K08035	0
K08036	1
K08037	0
K08038	0
K08039	0
K08040	0
K08041	6
K08042	9
K08043	18
K08044	7
K08045	10
K08046	0
K08047	0
K08048	16
K08049	118
K08050	0
K08051	5
K08052	0
K08053	0
K08054	2
K08055	3
K08056	5
K08057	0
K08058	0
K08059	1
K08060	19
K08061	0
K08062	0
K08063	0
K08064	0
K08065	0
K08066	0
K08067	0
K08068	56
K08069	0
K08070	1
K08071	4
K08073	207
K08074	0
K08075	0
K08076	185
K08077	0
K08079	7
K08080	30
K08081	16
K08082	39
K08083	1203
K08084	178
K08085	146
K08086	26
K08087	4
K08088	0
K08089	0
K08090	0
K08091	0
K08092	132
K08093	1576
K08094	1794
K08095	1293
K08096	10
K08097	480
K08098	1
K08099	372
K08100	93
K08101	0
K08102	0
K08103	1
K08104	132
K08105	32
K08106	31
K08107	0
K08108	0
K08109	0
K08110	0
K08111	0
K08112	0
K08114	0
K08115	10
K08116	0
K08117	0
K08118	0
K08119	2
K08120	2
K08121	0
K08122	0
K08123	0
K08124	0
K08125	0
K08126	0
K08127	0
K08128	0
K08129	3
K08130	2
K08131	11
K08132	0
K08133	2
K08134	0
K08135	2
K08136	0
K08137	1263
K08138	1388
K08139	477
K08141	4
K08142	0
K08143	4
K08144	0
K08145	1
K08146	0
K08147	0
K08148	0
K08149	1
K08150	132
K08151	1558
K08152	1740
K08153	7195
K08154	144
K08155	37
K08156	173
K08157	8
K08158	0
K08159	1763
K08160	5
K08161	4122
K08162	3026
K08163	9
K08164	1031
K08165	2
K08166	5191
K08167	2775
K08168	1558
K08169	1255
K08170	566
K08171	0
K08172	2996
K08173	415
K08174	4383
K08175	21
K08176	82
K08177	4482
K08178	428
K08179	0
K08180	3
K08181	1
K08182	0
K08183	16
K08184	4
K08185	2
K08186	8
K08187	21
K08188	8
K08189	8
K08190	20
K08191	591
K08192	11
K08193	4
K08194	3564
K08195	207
K08196	19
K08197	1
K08198	0
K08199	0
K08200	0
K08202	6
K08203	0
K08204	0
K08205	0
K08206	0
K08207	0
K08208	0
K08209	0
K08210	0
K08211	1
K08212	4
K08213	0
K08214	2
K08215	0
K08216	1
K08217	7196
K08218	173
K08219	539
K08220	12
K08221	4771
K08222	896
K08223	1693
K08224	3504
K08225	2221
K08226	86
K08227	68
K08228	0
K08229	0
K08230	0
K08231	0
K08232	1
K08233	11
K08234	6844
K08235	0
K08236	0
K08237	0
K08238	18
K08239	1419
K08240	2
K08241	0
K08242	0
K08243	0
K08244	0
K08245	0
K08246	19
K08247	1
K08248	25
K08249	0
K08251	8
K08252	3
K08253	0
K08254	85
K08255	607
K08256	2248
K08257	451
K08258	158
K08259	325
K08260	900
K08261	122
K08262	0
K08264	388
K08265	79
K08266	10
K08267	0
K08268	3
K08269	5
K08270	0
K08271	0
K08272	0
K08273	0
K08274	0
K08275	0
K08276	8
K08277	0
K08278	0
K08279	82
K08280	154
K08281	5217
K08282	1090
K08283	0
K08284	0
K08285	3
K08286	39
K08287	0
K08288	0
K08289	1574
K08290	0
K08291	0
K08292	3
K08293	0
K08294	0
K08295	702
K08296	2728
K08297	113
K08298	139
K08299	1354
K08300	3205
K08301	2072
K08302	1896
K08303	4490
K08304	104
K08305	1508
K08306	127
K08307	456
K08308	83
K08309	3191
K08310	623
K08311	139
K08312	3
K08313	845
K08314	1218
K08315	197
K08316	8425
K08317	943
K08318	6
K08319	433
K08320	3907
K08321	307
K08322	1566
K08323	981
K08324	646
K08325	250
K08326	758
K08327	0
K08328	10
K08329	3
K08330	17
K08331	0
K08332	5
K08333	6
K08334	1
K08335	0
K08336	0
K08337	1
K08338	0
K08339	0
K08340	4
K08341	0
K08342	0
K08343	0
K08344	20
K08348	1100
K08349	114
K08350	28
K08351	509
K08352	2221
K08353	45
K08354	1
K08355	269
K08356	1
K08357	79
K08358	252
K08359	11
K08360	3
K08362	0
K08363	246
K08364	2408
K08365	1074
K08366	0
K08367	0
K08368	890
K08369	4090
K08370	0
K08371	26
K08372	6707
K08373	0
K08374	0
K08375	0
K08376	0
K08377	0
K08378	0
K08379	0
K08380	0
K08381	4
K08382	0
K08383	0
K08384	4654
K08385	0
K08386	0
K08387	0
K08388	0
K08389	0
K08390	0
K08391	0
K08392	0
K08393	0
K08394	0
K08395	0
K08396	0
K08397	0
K08398	0
K08399	36
K08400	0
K08401	0
K08402	0
K08403	0
K08404	0
K08405	0
K08406	0
K08407	0
K08408	0
K08409	2
K08410	1
K08411	0
K08412	1
K08413	0
K08414	0
K08415	0
K08416	0
K08417	0
K08418	0
K08419	0
K08420	0
K08421	5
K08422	0
K08423	0
K08424	0
K08425	0
K08426	4
K08427	0
K08428	0
K08429	0
K08430	0
K08431	0
K08432	0
K08433	0
K08434	0
K08435	0
K08436	0
K08437	0
K08438	0
K08439	0
K08440	0
K08441	0
K08442	0
K08443	0
K08444	1
K08445	0
K08446	0
K08447	0
K08448	0
K08449	0
K08450	0
K08451	0
K08452	0
K08453	0
K08454	0
K08455	1
K08456	0
K08457	0
K08458	0
K08459	0
K08460	0
K08461	0
K08462	9
K08463	0
K08464	0
K08465	0
K08466	34
K08467	0
K08468	2
K08469	1
K08470	0
K08471	1
K08472	0
K08473	4
K08474	1
K08475	15
K08476	32
K08477	0
K08478	3
K08479	153
K08480	84
K08481	175
K08482	316
K08483	7250
K08484	855
K08485	17
K08486	2
K08487	0
K08488	0
K08489	0
K08490	0
K08491	4
K08492	0
K08493	0
K08494	3
K08495	0
K08496	0
K08497	1
K08498	0
K08499	1
K08500	8
K08501	1
K08502	0
K08503	1
K08504	0
K08505	0
K08506	1
K08507	0
K08508	0
K08509	0
K08510	0
K08511	0
K08512	0
K08513	0
K08514	6
K08515	0
K08516	0
K08517	0
K08518	2
K08519	0
K08520	4
K08521	0
K08522	0
K08523	0
K08524	0
K08525	0
K08526	0
K08527	0
K08528	0
K08529	0
K08530	1
K08531	0
K08532	0
K08533	0
K08534	0
K08535	0
K08536	0
K08537	0
K08538	0
K08539	0
K08540	0
K08541	0
K08542	0
K08543	0
K08544	0
K08545	0
K08546	0
K08547	0
K08548	0
K08549	0
K08550	0
K08551	0
K08552	0
K08553	0
K08554	0
K08555	0
K08556	0
K08557	0
K08558	0
K08559	0
K08560	0
K08561	0
K08562	0
K08563	0
K08564	0
K08565	0
K08566	7
K08568	1
K08569	3
K08570	9
K08571	0
K08572	0
K08573	0
K08574	4
K08575	0
K08576	3
K08577	8
K08578	49
K08579	0
K08580	0
K08581	8
K08582	108
K08583	1
K08584	0
K08585	66
K08586	2
K08587	285
K08588	0
K08589	7
K08590	41
K08591	5237
K08592	1
K08593	0
K08594	0
K08595	0
K08596	0
K08597	0
K08598	0
K08599	1
K08600	1959
K08601	0
K08602	4528
K08603	1
K08604	14
K08605	5
K08606	1
K08607	0
K08608	0
K08609	0
K08610	0
K08611	0
K08612	0
K08613	0
K08614	0
K08615	0
K08616	1
K08617	0
K08618	0
K08619	0
K08620	0
K08621	7
K08622	0
K08623	0
K08624	6
K08625	0
K08626	0
K08627	0
K08628	0
K08629	0
K08630	0
K08631	0
K08632	0
K08633	0
K08634	0
K08635	0
K08636	0
K08637	64
K08638	0
K08639	1
K08640	633
K08641	2565
K08642	675
K08643	855
K08644	2
K08645	22
K08646	14
K08647	25
K08648	0
K08649	18
K08650	5
K08651	2042
K08652	92
K08653	3
K08654	1
K08655	2
K08656	7
K08657	0
K08658	2
K08659	1605
K08660	289
K08661	0
K08662	0
K08663	0
K08664	175
K08665	1
K08666	1
K08667	62
K08668	1
K08669	1024
K08670	3
K08671	0
K08672	3
K08673	4
K08674	0
K08675	7
K08676	1206
K08677	776
K08678	1745
K08679	1885
K08680	1900
K08681	5692
K08682	22
K08683	2111
K08685	14
K08686	0
K08687	25
K08688	170
K08689	5
K08690	106
K08691	406
K08692	7
K08693	3478
K08694	0
K08695	12
K08696	212
K08697	118
K08698	82
K08699	82
K08700	100
K08701	0
K08702	0
K08703	0
K08704	0
K08705	0
K08706	0
K08707	0
K08709	0
K08710	4
K08711	0
K08712	2
K08713	970
K08714	464
K08715	110
K08716	3
K08717	566
K08718	0
K08719	12
K08720	51
K08721	0
K08722	1817
K08723	3154
K08724	1977
K08725	0
K08726	1413
K08727	2
K08728	1114
K08729	0
K08730	2
K08731	0
K08732	0
K08733	0
K08734	5
K08735	22
K08736	10
K08737	29
K08738	137
K08739	58
K08740	48
K08741	16
K08742	0
K08743	164
K08744	8244
K08745	19
K08746	3
K08747	0
K08748	0
K08749	0
K08750	1
K08751	0
K08752	11
K08753	1
K08754	0
K08755	0
K08756	0
K08757	76
K08758	29
K08759	1
K08760	5
K08761	0
K08762	33
K08763	0
K08764	1162
K08765	0
K08766	5
K08767	0
K08768	0
K08769	0
K08770	3
K08771	0
K08772	0
K08773	0
K08774	0
K08775	0
K08776	1455
K08777	258
K08778	0
K08779	60
K08780	5
K08781	8
K08782	0
K08783	18
K08784	0
K08785	8
K08786	1
K08787	0
K08788	4
K08789	0
K08790	0
K08791	0
K08793	0
K08794	18
K08795	0
K08796	0
K08797	0
K08798	0
K08799	0
K08800	0
K08801	0
K08802	3
K08803	0
K08804	0
K08805	0
K08806	1
K08807	0
K08808	0
K08809	0
K08810	0
K08811	9
K08812	0
K08813	2
K08814	0
K08815	0
K08816	73
K08817	0
K08818	1
K08819	0
K08820	0
K08821	0
K08822	0
K08823	1
K08824	0
K08825	0
K08826	0
K08827	0
K08828	0
K08829	0
K08830	0
K08831	0
K08832	0
K08833	0
K08834	0
K08835	0
K08836	0
K08837	0
K08838	0
K08840	0
K08841	0
K08842	0
K08843	4
K08844	79
K08845	0
K08846	0
K08847	1
K08848	0
K08849	0
K08850	1
K08851	26
K08852	6
K08853	0
K08854	0
K08855	0
K08856	5
K08857	5
K08858	0
K08859	0
K08860	0
K08861	0
K08862	0
K08863	1
K08864	0
K08865	0
K08866	0
K08867	0
K08868	0
K08869	335
K08870	0
K08871	25
K08872	0
K08873	0
K08874	0
K08875	0
K08876	0
K08877	2
K08878	0
K08879	7
K08880	0
K08881	0
K08882	0
K08883	1
K08884	6110
K08885	0
K08886	0
K08887	0
K08888	0
K08889	0
K08890	0
K08891	0
K08892	0
K08893	0
K08894	0
K08895	0
K08896	0
K08897	0
K08898	0
K08899	0
K08900	373
K08901	10
K08902	148
K08903	145
K08904	52
K08905	0
K08906	137
K08907	66
K08908	0
K08909	19
K08910	28
K08911	0
K08912	13
K08913	0
K08914	4
K08915	1
K08916	4
K08917	2
K08918	61
K08919	10
K08920	12
K08921	97
K08922	10
K08923	11
K08924	0
K08925	11
K08926	2
K08927	2
K08928	2
K08929	2
K08930	0
K08939	0
K08940	1
K08941	0
K08942	1
K08943	0
K08944	0
K08945	0
K08946	0
K08947	0
K08948	0
K08949	0
K08950	0
K08951	0
K08952	73
K08953	1
K08954	2
K08955	36
K08956	19
K08957	0
K08958	0
K08959	0
K08960	0
K08961	26
K08963	2464
K08964	1161
K08965	887
K08966	1009
K08967	1183
K08968	3849
K08969	2192
K08970	648
K08971	2
K08972	4991
K08973	404
K08974	2754
K08975	16
K08976	1586
K08977	826
K08978	2618
K08979	8
K08980	166
K08981	5112
K08982	1652
K08983	95
K08984	821
K08985	43
K08986	3995
K08987	3726
K08988	26
K08989	2157
K08990	124
K08991	26
K08992	3187
K08993	3
K08994	185
K08995	2091
K08996	880
K08997	2357
K08998	6551
K08999	2642
K09000	224
K09001	1383
K09002	515
K09003	21
K09004	659
K09005	948
K09006	0
K09007	793
K09008	15
K09009	3071
K09010	6
K09011	25
K09012	3658
K09013	7838
K09014	7292
K09015	6771
K09016	2240
K09017	6288
K09018	242
K09019	1060
K09020	3626
K09021	225
K09022	7405
K09023	191
K09024	519
K09025	0
K09026	0
K09027	198
K09028	0
K09029	0
K09030	0
K09031	0
K09032	0
K09033	0
K09034	4
K09035	0
K09036	0
K09037	0
K09038	0
K09039	2
K09040	0
K09041	0
K09042	0
K09043	7
K09044	0
K09045	0
K09047	0
K09048	4
K09049	90
K09051	0
K09052	0
K09053	0
K09054	64
K09055	0
K09056	0
K09057	3
K09058	3
K09059	0
K09060	15
K09061	0
K09062	0
K09063	0
K09064	0
K09065	526
K09066	0
K09067	0
K09068	0
K09069	0
K09070	0
K09071	0
K09072	0
K09073	0
K09074	0
K09075	0
K09076	0
K09077	0
K09078	0
K09079	0
K09080	0
K09081	0
K09082	0
K09083	0
K09084	0
K09085	0
K09086	0
K09087	0
K09088	0
K09089	0
K09090	0
K09091	0
K09092	0
K09093	0
K09094	0
K09095	11
K09096	0
K09097	1
K09098	0
K09099	0
K09100	0
K09101	0
K09102	0
K09103	11
K09104	0
K09105	0
K09106	0
K09107	0
K09108	0
K09109	0
K09110	0
K09111	0
K09112	0
K09113	0
K09114	0
K09115	0
K09116	291
K09117	5195
K09118	3522
K09119	0
K09120	14
K09121	1927
K09122	903
K09123	58
K09124	529
K09125	2402
K09126	105
K09127	210
K09128	202
K09129	153
K09130	4
K09131	821
K09132	212
K09133	235
K09134	2
K09135	0
K09136	1416
K09137	1039
K09138	665
K09139	23
K09140	0
K09141	65
K09142	0
K09143	336
K09144	1763
K09145	1757
K09146	1096
K09147	771
K09148	0
K09149	0
K09150	42
K09152	0
K09153	1593
K09154	19
K09155	2376
K09156	0
K09157	3467
K09158	5
K09159	18
K09160	26
K09161	177
K09162	14
K09163	443
K09164	1492
K09165	1233
K09166	1507
K09167	4513
K09168	0
K09169	0
K09170	0
K09171	0
K09172	0
K09173	4
K09174	2
K09175	0
K09176	0
K09177	0
K09178	0
K09179	0
K09180	0
K09181	1358
K09182	0
K09183	0
K09184	0
K09185	0
K09186	0
K09187	0
K09188	0
K09189	0
K09190	771
K09191	8
K09192	0
K09193	0
K09194	0
K09195	0
K09196	0
K09197	0
K09198	0
K09199	0
K09200	0
K09201	0
K09202	0
K09203	0
K09204	0
K09205	0
K09206	0
K09207	0
K09208	0
K09209	0
K09210	0
K09211	0
K09213	0
K09214	0
K09215	0
K09216	0
K09217	0
K09219	0
K09220	0
K09221	2
K09222	0
K09223	1
K09224	0
K09225	0
K09226	0
K09227	0
K09228	4
K09229	2
K09230	4
K09231	0
K09232	0
K09233	0
K09234	0
K09235	0
K09236	0
K09237	2
K09238	0
K09239	0
K09240	1
K09241	1
K09242	0
K09243	0
K09244	0
K09245	0
K09246	0
K09247	0
K09248	1
K09249	0
K09250	2
K09251	1154
K09252	276
K09253	0
K09254	0
K09256	0
K09257	72
K09258	4
K09260	0
K09261	0
K09262	0
K09264	0
K09265	0
K09266	0
K09267	0
K09268	0
K09269	0
K09270	0
K09271	0
K09272	1
K09273	0
K09274	0
K09275	0
K09276	1
K09277	0
K09278	0
K09279	0
K09280	0
K09281	0
K09282	0
K09283	5
K09284	69
K09285	2
K09286	11
K09287	4
K09288	1
K09289	0
K09290	4
K09291	169
K09292	0
K09293	0
K09294	0
K09295	0
K09296	0
K09297	0
K09298	0
K09299	0
K09300	0
K09301	0
K09302	0
K09304	0
K09305	0
K09306	0
K09307	0
K09308	0
K09309	0
K09310	0
K09312	0
K09313	5
K09314	0
K09315	0
K09317	0
K09318	0
K09319	0
K09320	0
K09321	0
K09322	0
K09323	0
K09324	0
K09325	0
K09326	0
K09327	0
K09328	0
K09329	0
K09330	0
K09331	0
K09332	0
K09333	0
K09334	0
K09335	0
K09336	0
K09337	0
K09338	0
K09339	0
K09340	0
K09341	0
K09342	0
K09343	0
K09344	0
K09345	0
K09346	0
K09347	0
K09348	0
K09349	0
K09350	0
K09351	0
K09352	0
K09353	0
K09354	0
K09355	0
K09356	0
K09357	0
K09358	0
K09359	0
K09360	0
K09361	0
K09362	0
K09363	0
K09364	0
K09365	0
K09366	0
K09367	0
K09368	0
K09370	1
K09371	0
K09372	0
K09373	0
K09374	0
K09375	0
K09377	0
K09378	0
K09379	0
K09380	0
K09381	0
K09382	0
K09383	0
K09384	2444
K09385	0
K09386	1936
K09387	0
K09388	799
K09389	0
K09390	0
K09391	0
K09392	0
K09393	0
K09395	0
K09396	0
K09397	0
K09398	0
K09399	0
K09400	0
K09401	0
K09402	0
K09403	0
K09404	0
K09405	0
K09406	0
K09407	0
K09408	0
K09409	0
K09410	0
K09411	0
K09412	0
K09413	0
K09414	0
K09415	0
K09416	0
K09417	0
K09419	3
K09420	13
K09421	0
K09422	1
K09423	0
K09424	0
K09425	2
K09426	0
K09427	0
K09428	0
K09429	0
K09430	0
K09431	0
K09432	0
K09433	0
K09434	0
K09435	0
K09436	0
K09437	0
K09438	0
K09439	0
K09440	0
K09441	0
K09442	0
K09443	0
K09444	0
K09445	0
K09446	0
K09447	0
K09448	0
K09451	0
K09452	0
K09453	2
K09454	0
K09455	0
K09456	2082
K09457	2570
K09458	6974
K09459	315
K09460	1
K09461	2485
K09462	0
K09463	3
K09464	0
K09465	0
K09466	0
K09467	0
K09468	0
K09469	49
K09470	1464
K09471	3745
K09472	318
K09473	1
K09474	762
K09475	3
K09476	10
K09477	5
K09478	32
K09479	14
K09480	0
K09481	0
K09482	179
K09483	5
K09484	5
K09485	0
K09486	0
K09487	4
K09488	35
K09489	2
K09490	37
K09491	3
K09492	0
K09493	0
K09494	0
K09495	0
K09496	0
K09497	0
K09498	0
K09499	0
K09500	0
K09501	0
K09502	22
K09503	20
K09504	13
K09505	0
K09506	4
K09507	4
K09508	1
K09509	0
K09510	39
K09511	2
K09512	32
K09513	0
K09514	13
K09515	52
K09516	900
K09517	19
K09518	5
K09519	0
K09520	1
K09521	0
K09522	0
K09523	119
K09524	85
K09525	3
K09526	0
K09527	199
K09528	0
K09529	3
K09530	5
K09531	8
K09532	1
K09533	57
K09534	11
K09535	0
K09536	22
K09537	6
K09538	0
K09539	92
K09540	15
K09541	0
K09542	2
K09543	0
K09544	0
K09545	0
K09546	0
K09547	0
K09548	1
K09549	5
K09550	0
K09551	0
K09552	2
K09553	51
K09554	0
K09555	0
K09556	0
K09557	0
K09558	0
K09559	0
K09560	13
K09561	39
K09562	0
K09563	0
K09564	20
K09565	326
K09566	3
K09567	0
K09568	67
K09569	926
K09570	1
K09571	19
K09572	11
K09573	0
K09574	4
K09575	10
K09576	0
K09577	16
K09578	0
K09579	0
K09580	16
K09581	5
K09582	7
K09583	37
K09584	116
K09585	0
K09586	0
K09587	0
K09588	0
K09589	0
K09590	0
K09591	439
K09592	0
K09593	0
K09594	0
K09595	0
K09596	0
K09597	2
K09598	0
K09599	2
K09600	0
K09601	0
K09602	0
K09603	0
K09604	1
K09605	0
K09606	0
K09607	1697
K09608	0
K09609	1
K09610	0
K09611	0
K09612	81
K09613	0
K09614	0
K09615	0
K09616	0
K09617	0
K09618	0
K09619	0
K09620	0
K09621	0
K09622	16
K09623	0
K09624	0
K09625	0
K09626	0
K09627	1
K09628	98
K09629	0
K09630	0
K09631	0
K09632	8
K09633	3
K09634	20
K09635	6
K09636	0
K09637	4
K09638	0
K09639	6
K09640	264
K09641	3
K09642	1
K09643	0
K09644	1
K09645	175
K09646	8
K09647	368
K09648	64
K09649	80
K09650	3
K09651	2
K09652	5
K09653	0
K09654	0
K09655	2
K09656	2
K09657	14
K09658	0
K09659	0
K09660	0
K09661	0
K09662	1
K09663	5
K09664	0
K09665	0
K09666	33
K09667	7166
K09668	0
K09669	0
K09670	0
K09671	6
K09672	5
K09673	118
K09674	0
K09675	7
K09676	35
K09677	0
K09678	1
K09679	1
K09680	723
K09681	7356
K09682	861
K09683	483
K09684	4788
K09685	3987
K09688	37
K09689	10
K09690	3850
K09691	4231
K09692	2906
K09693	2465
K09694	1794
K09695	811
K09696	2675
K09697	940
K09698	5187
K09699	3336
K09700	332
K09701	837
K09702	1845
K09703	991
K09704	1584
K09705	2229
K09706	550
K09707	831
K09708	4
K09709	577
K09710	8137
K09711	98
K09712	4
K09713	0
K09714	27
K09715	0
K09716	53
K09717	38
K09718	0
K09719	37
K09720	103
K09721	0
K09722	0
K09723	0
K09724	0
K09725	0
K09726	7
K09727	0
K09728	0
K09729	341
K09730	0
K09731	0
K09732	38
K09733	194
K09735	0
K09736	0
K09737	0
K09738	23
K09739	0
K09740	100
K09741	0
K09742	0
K09743	0
K09744	70
K09745	0
K09746	1
K09747	7132
K09748	7786
K09749	1111
K09750	0
K09751	2
K09752	0
K09753	459
K09754	0
K09755	0
K09756	0
K09757	2
K09758	551
K09759	1241
K09760	3316
K09761	8003
K09762	8329
K09763	2572
K09764	3005
K09765	2190
K09766	1025
K09767	4146
K09768	2604
K09769	2602
K09770	1635
K09771	2318
K09772	8301
K09773	3353
K09774	272
K09775	1893
K09776	652
K09777	1922
K09778	106
K09779	1927
K09780	3030
K09781	1419
K09782	0
K09783	3
K09784	2
K09785	137
K09786	1183
K09787	5242
K09788	198
K09789	0
K09790	2142
K09791	2182
K09792	429
K09793	2910
K09794	17
K09795	408
K09796	1784
K09797	120
K09798	623
K09799	1180
K09800	321
K09801	4
K09802	4
K09803	285
K09804	5
K09805	32
K09806	18
K09807	3112
K09808	5873
K09809	2937
K09810	2042
K09811	7179
K09812	7125
K09813	4512
K09814	2779
K09815	5295
K09816	5235
K09817	5209
K09818	1135
K09819	1074
K09820	643
K09821	0
K09822	589
K09823	25
K09824	96
K09825	4634
K09826	16
K09827	0
K09828	1191
K09829	20
K09831	0
K09832	0
K09833	70
K09834	734
K09835	282
K09836	36
K09837	0
K09838	33
K09839	0
K09840	8
K09841	4
K09842	0
K09843	0
K09844	161
K09845	97
K09846	7
K09847	233
K09848	0
K09849	9
K09850	0
K09851	0
K09852	0
K09854	0
K09855	17
K09856	1
K09857	4
K09858	2331
K09859	25
K09860	41
K09861	5216
K09862	28
K09863	0
K09864	2
K09865	0
K09866	15
K09867	2
K09868	0
K09869	9
K09870	0
K09871	0
K09872	2
K09873	5
K09874	121
K09875	0
K09876	0
K09877	235
K09878	9
K09879	1129
K09880	355
K09881	0
K09882	1729
K09883	484
K09884	11
K09885	0
K09886	5
K09887	7
K09888	3554
K09889	4
K09890	11
K09891	23
K09892	55
K09893	134
K09894	3
K09895	4
K09896	2
K09897	3
K09898	3
K09899	3
K09900	64
K09901	3
K09902	4
K09903	8514
K09904	2
K09905	3
K09906	9
K09907	353
K09908	19
K09909	2
K09910	3
K09911	4
K09912	3
K09913	606
K09914	39
K09915	51
K09916	3
K09917	4
K09918	2
K09919	559
K09920	9
K09921	11
K09922	57
K09923	12
K09924	20
K09925	494
K09926	17
K09927	2783
K09928	533
K09929	14
K09930	987
K09931	1742
K09932	1506
K09933	34
K09934	2
K09935	1393
K09936	3224
K09937	13
K09938	19
K09939	587
K09940	2678
K09941	1
K09942	848
K09943	70
K09944	0
K09945	39
K09946	899
K09947	6
K09948	11
K09949	168
K09950	51
K09951	2890
K09952	2290
K09953	3
K09954	5
K09955	1304
K09956	387
K09957	1544
K09958	1290
K09959	2318
K09960	104
K09961	116
K09962	2007
K09963	2190
K09964	332
K09965	118
K09966	939
K09967	1225
K09968	368
K09969	149
K09970	134
K09971	132
K09972	39
K09973	436
K09974	310
K09975	971
K09976	3589
K09977	10
K09978	5
K09979	461
K09980	1
K09981	1271
K09982	2
K09983	24
K09984	344
K09985	14
K09986	24
K09987	16
K09988	461
K09989	230
K09990	878
K09991	13
K09992	2220
K09993	0
K09994	3273
K09995	0
K09996	10
K09997	8
K09998	2
K09999	2
K10000	2
K10001	70
K10002	11
K10003	10
K10004	15
K10005	3447
K10006	2486
K10007	2528
K10008	2770
K10009	3497
K10010	134
K10011	74
K10012	253
K10013	4
K10014	4
K10015	3
K10016	3
K10017	3
K10018	7
K10019	4
K10020	4
K10021	4
K10022	59
K10023	4
K10024	3
K10025	0
K10026	2703
K10027	3065
K10028	0
K10029	0
K10030	0
K10031	0
K10032	0
K10033	3
K10034	0
K10035	0
K10036	2232
K10037	2662
K10038	6
K10039	2464
K10040	2219
K10041	1365
K10042	0
K10043	2
K10044	0
K10045	0
K10046	123
K10047	2
K10048	0
K10049	0
K10050	0
K10051	0
K10052	0
K10053	0
K10054	0
K10055	0
K10056	0
K10057	3
K10058	0
K10059	16
K10060	108
K10061	5
K10062	11
K10063	20
K10064	8
K10065	2
K10066	4
K10067	1
K10068	11
K10069	0
K10070	0
K10071	0
K10072	0
K10073	0
K10074	0
K10075	0
K10076	0
K10077	1
K10078	0
K10079	0
K10080	26
K10081	0
K10082	11
K10083	0
K10084	47
K10085	4
K10086	0
K10087	0
K10088	0
K10089	0
K10090	0
K10091	0
K10092	6
K10093	1
K10094	174
K10095	0
K10096	0
K10097	0
K10098	0
K10099	0
K10100	1
K10101	0
K10102	0
K10103	0
K10104	0
K10105	0
K10106	240
K10107	17
K10108	339
K10109	607
K10110	32
K10111	25
K10112	7578
K10117	3802
K10118	3487
K10119	3455
K10120	765
K10121	457
K10122	373
K10123	31
K10124	1
K10125	179
K10126	28
K10127	0
K10128	0
K10129	0
K10130	37
K10131	0
K10132	0
K10133	2307
K10134	0
K10135	1
K10136	1
K10137	0
K10138	0
K10139	0
K10140	0
K10141	1
K10142	0
K10143	0
K10144	507
K10145	0
K10146	0
K10147	0
K10148	0
K10149	0
K10150	0
K10151	0
K10152	0
K10153	0
K10154	0
K10155	0
K10156	247
K10157	0
K10158	0
K10159	82
K10160	200
K10161	0
K10162	0
K10163	0
K10164	0
K10165	95
K10166	0
K10167	0
K10168	14
K10169	12
K10170	1
K10171	3
K10172	0
K10173	0
K10174	0
K10175	0
K10176	0
K10177	0
K10178	0
K10179	0
K10180	0
K10181	0
K10182	0
K10183	0
K10184	0
K10185	0
K10186	0
K10187	701
K10188	1870
K10189	954
K10190	941
K10191	6
K10192	205
K10193	206
K10194	196
K10195	8
K10196	0
K10197	0
K10198	1
K10199	0
K10200	1301
K10201	1252
K10202	1388
K10203	0
K10205	0
K10206	1064
K10207	0
K10208	753
K10209	752
K10210	994
K10211	898
K10212	448
K10213	531
K10214	1
K10215	1333
K10216	1452
K10217	650
K10218	1938
K10219	68
K10220	221
K10221	309
K10222	99
K10223	5
K10224	0
K10225	0
K10226	10
K10227	958
K10228	924
K10229	996
K10231	1452
K10232	1432
K10233	1289
K10234	1339
K10235	10
K10236	2640
K10237	2272
K10238	2215
K10240	2182
K10241	2101
K10242	2086
K10244	1
K10245	0
K10246	0
K10247	0
K10248	0
K10249	0
K10250	0
K10251	34
K10252	9
K10253	35
K10254	2239
K10255	1291
K10256	59
K10257	47
K10258	0
K10259	9
K10260	296
K10261	1
K10262	0
K10263	0
K10264	0
K10265	0
K10266	0
K10267	0
K10268	522
K10269	0
K10270	12
K10271	0
K10272	17
K10273	31
K10274	0
K10275	1
K10276	1
K10277	63
K10278	5
K10279	0
K10280	19
K10281	2
K10282	0
K10283	0
K10284	0
K10285	0
K10287	0
K10288	0
K10289	0
K10290	348
K10291	0
K10292	0
K10293	0
K10294	0
K10295	1
K10296	10
K10297	902
K10298	0
K10299	0
K10300	341
K10301	553
K10302	109
K10303	0
K10304	0
K10305	0
K10306	5
K10307	0
K10308	0
K10310	0
K10311	0
K10312	0
K10313	2
K10314	0
K10315	0
K10316	3
K10317	0
K10318	0
K10319	0
K10320	0
K10321	0
K10323	3
K10324	5
K10325	41
K10326	0
K10327	1
K10328	0
K10329	1
K10330	21
K10331	3
K10332	5
K10333	3
K10334	12
K10335	2
K10336	1
K10337	0
K10338	0
K10339	0
K10340	0
K10341	12
K10342	0
K10343	0
K10344	0
K10345	0
K10347	0
K10348	12
K10349	12
K10350	11
K10351	0
K10352	105
K10353	359
K10354	0
K10355	1
K10356	0
K10357	0
K10358	2
K10359	0
K10360	0
K10361	0
K10362	2
K10363	2
K10364	0
K10365	0
K10366	6
K10367	0
K10368	0
K10369	0
K10370	0
K10371	0
K10372	0
K10373	6
K10374	5
K10375	4
K10376	1
K10377	1
K10378	0
K10379	0
K10380	6
K10381	3
K10382	3
K10383	3
K10384	0
K10385	0
K10386	1
K10387	0
K10388	0
K10389	0
K10390	0
K10391	0
K10392	4
K10393	0
K10394	4
K10395	9
K10396	10
K10397	0
K10398	362
K10399	1
K10400	53
K10401	3
K10402	57
K10403	0
K10404	0
K10405	28
K10406	0
K10407	78
K10408	17
K10409	0
K10410	1
K10411	0
K10412	0
K10413	0
K10414	0
K10415	2
K10416	0
K10417	0
K10418	0
K10419	0
K10420	0
K10421	1473
K10422	0
K10423	0
K10424	0
K10425	0
K10426	0
K10427	0
K10428	0
K10429	2
K10430	0
K10431	0
K10432	0
K10433	0
K10434	0
K10435	0
K10436	0
K10437	0
K10438	0
K10439	4873
K10440	4110
K10441	4248
K10442	73
K10443	57
K10444	2
K10445	4
K10446	21
K10447	95
K10448	9
K10449	1
K10450	54
K10451	0
K10452	0
K10453	2
K10454	46
K10455	66
K10456	19
K10457	114
K10458	13
K10459	0
K10460	0
K10461	70
K10462	10
K10463	21
K10464	5
K10465	0
K10466	0
K10467	3
K10468	0
K10469	0
K10470	1
K10471	0
K10472	0
K10473	1
K10474	0
K10475	0
K10476	0
K10477	0
K10478	1
K10479	0
K10480	0
K10481	30
K10482	0
K10483	0
K10484	0
K10485	1
K10486	0
K10487	0
K10488	0
K10489	0
K10490	0
K10491	0
K10492	0
K10493	0
K10494	0
K10495	0
K10496	0
K10497	0
K10498	0
K10499	0
K10500	2
K10501	0
K10502	0
K10503	1
K10504	0
K10505	0
K10506	0
K10507	0
K10508	0
K10509	0
K10510	0
K10511	0
K10512	0
K10513	4
K10514	0
K10515	0
K10516	0
K10517	0
K10518	0
K10519	0
K10520	0
K10521	0
K10522	0
K10523	0
K10524	311
K10525	13
K10526	29
K10527	1
K10528	0
K10529	338
K10530	1170
K10531	847
K10532	147
K10533	1094
K10534	13
K10535	58
K10536	2548
K10537	147
K10538	208
K10539	143
K10540	912
K10541	830
K10542	825
K10543	1733
K10544	1351
K10545	1267
K10546	2208
K10547	2106
K10548	2125
K10549	165
K10550	27
K10551	30
K10552	466
K10553	455
K10554	520
K10555	177
K10556	178
K10557	180
K10558	174
K10559	989
K10560	854
K10561	846
K10562	828
K10563	7084
K10564	2
K10565	9
K10566	0
K10567	0
K10568	3
K10569	0
K10570	1
K10571	0
K10572	0
K10573	0
K10574	16
K10575	0
K10576	0
K10577	0
K10578	3
K10579	0
K10580	0
K10581	0
K10582	0
K10583	0
K10584	0
K10585	0
K10586	0
K10587	0
K10588	0
K10589	0
K10590	0
K10591	0
K10592	0
K10593	0
K10594	19
K10595	36
K10596	0
K10597	0
K10598	1
K10599	25
K10600	0
K10601	0
K10602	1
K10603	0
K10604	0
K10605	0
K10606	0
K10607	0
K10608	1
K10609	0
K10610	0
K10611	0
K10612	0
K10613	0
K10614	9
K10615	299
K10616	0
K10617	1
K10618	346
K10619	272
K10620	59
K10621	1429
K10622	21
K10623	0
K10624	3
K10625	1
K10626	0
K10627	0
K10628	0
K10629	1
K10630	0
K10631	1
K10632	516
K10633	0
K10634	0
K10635	0
K10636	0
K10637	0
K10638	103
K10639	5
K10640	0
K10641	11
K10642	0
K10643	1
K10644	3
K10645	47
K10646	5
K10647	0
K10648	0
K10649	0
K10650	0
K10651	0
K10652	2
K10653	0
K10654	0
K10655	0
K10656	0
K10657	0
K10658	0
K10659	0
K10660	0
K10661	0
K10662	0
K10663	0
K10664	0
K10665	0
K10666	0
K10667	562
K10668	6
K10669	0
K10670	390
K10671	361
K10672	628
K10673	234
K10674	1190
K10675	14
K10676	540
K10677	43
K10678	76
K10679	1494
K10680	2409
K10681	980
K10682	833
K10683	0
K10684	0
K10685	0
K10686	2
K10687	0
K10688	0
K10689	5
K10691	0
K10692	0
K10693	4
K10694	0
K10695	0
K10696	7
K10697	558
K10698	0
K10699	0
K10700	0
K10701	2
K10702	9
K10703	0
K10704	0
K10705	0
K10706	92
K10707	0
K10708	595
K10709	1459
K10710	668
K10711	716
K10712	1
K10713	65
K10714	0
K10715	30
K10716	5007
K10717	0
K10718	517
K10719	0
K10720	0
K10721	0
K10722	0
K10723	0
K10724	0
K10725	186
K10726	12
K10727	0
K10728	0
K10729	0
K10730	3
K10731	0
K10732	0
K10733	0
K10734	0
K10735	0
K10736	0
K10737	1
K10738	0
K10739	6
K10740	0
K10741	0
K10742	3583
K10743	0
K10744	0
K10745	0
K10746	0
K10747	1663
K10748	2
K10749	1
K10750	17
K10751	13
K10752	2
K10753	0
K10754	66
K10755	12
K10756	15
K10757	0
K10758	0
K10759	4
K10760	7
K10761	146
K10762	53
K10763	84
K10764	1135
K10765	0
K10766	0
K10767	0
K10768	0
K10769	0
K10770	20
K10771	129
K10772	3
K10773	7658
K10774	95
K10775	9
K10776	0
K10777	75
K10778	1141
K10779	1
K10780	1731
K10781	896
K10782	2086
K10784	0
K10785	4
K10786	1
K10787	0
K10788	38
K10789	6
K10790	0
K10791	0
K10793	309
K10794	397
K10795	269
K10796	277
K10797	1720
K10798	58
K10799	0
K10800	9
K10801	0
K10802	0
K10803	0
K10804	7455
K10805	3079
K10806	1235
K10807	735
K10808	4
K10809	1
K10810	1617
K10811	43
K10812	0
K10814	0
K10815	32
K10816	1
K10817	78
K10819	1487
K10820	1305
K10822	65
K10823	5346
K10824	699
K10829	647
K10830	888
K10831	588
K10834	1079
K10837	25
K10838	0
K10839	0
K10840	0
K10841	531
K10842	0
K10843	3188
K10844	1618
K10845	0
K10846	0
K10847	2
K10848	151
K10849	0
K10850	814
K10851	772
K10852	0
K10854	44
K10855	41
K10856	122
K10857	95
K10858	6
K10859	708
K10860	984
K10861	0
K10862	0
K10863	0
K10864	1
K10865	0
K10866	424
K10867	112
K10868	0
K10869	1
K10870	0
K10871	3
K10872	0
K10873	8
K10874	0
K10875	153
K10876	0
K10877	399
K10878	9
K10879	0
K10880	0
K10881	0
K10882	0
K10883	0
K10884	29
K10885	0
K10886	0
K10887	0
K10888	0
K10889	0
K10890	0
K10891	2
K10892	0
K10893	0
K10894	3
K10895	0
K10896	0
K10897	0
K10898	9
K10899	16
K10900	763
K10901	12
K10902	0
K10903	0
K10905	0
K10906	183
K10907	3298
K10908	3
K10909	27
K10910	0
K10911	19
K10912	7
K10913	6
K10914	4020
K10915	44
K10916	16
K10917	1374
K10918	7
K10919	0
K10920	0
K10921	2
K10922	0
K10923	0
K10924	47
K10925	10
K10926	23
K10927	84
K10928	3
K10929	0
K10930	1
K10931	0
K10932	0
K10933	9
K10934	0
K10935	0
K10936	0
K10937	31
K10938	59
K10939	94
K10940	1
K10941	4
K10942	85
K10943	23
K10944	3
K10945	5
K10946	6
K10947	7419
K10948	14
K10949	0
K10950	0
K10951	20
K10952	2
K10953	10
K10954	298
K10955	79
K10956	0
K10957	1
K10958	0
K10959	4
K10960	152
K10961	3
K10962	0
K10963	0
K10964	4
K10965	1
K10966	3
K10967	2
K10968	0
K10969	0
K10970	0
K10971	0
K10972	5
K10973	0
K10974	2383
K10975	260
K10976	1
K10977	33
K10978	35
K10979	3456
K10980	0
K10981	1
K10982	0
K10983	0
K10984	149
K10985	142
K10986	142
K10988	0
K10989	1
K10990	0
K10991	0
K10992	0
K10993	0
K10994	0
K10995	2
K10996	0
K10997	0
K10998	1
K10999	2
K11000	0
K11001	0
K11002	0
K11003	199
K11004	403
K11005	118
K11006	23
K11007	0
K11008	0
K11009	39
K11010	0
K11011	0
K11012	0
K11013	483
K11014	116
K11015	0
K11016	7
K11017	3
K11018	16
K11019	0
K11020	0
K11021	940
K11022	3725
K11023	79
K11024	0
K11025	0
K11026	0
K11027	0
K11028	0
K11029	7
K11030	384
K11031	547
K11032	118
K11033	128
K11034	162
K11035	93
K11036	91
K11037	117
K11038	52
K11039	41
K11040	43
K11041	1514
K11042	39
K11043	2
K11044	425
K11045	158
K11046	75
K11047	16
K11048	19
K11049	69
K11050	1407
K11051	1268
K11052	28
K11053	28
K11054	20
K11055	110
K11056	17
K11057	19
K11058	0
K11059	136
K11060	787
K11061	7
K11062	2305
K11063	1113
K11064	0
K11065	4366
K11066	37
K11067	0
K11068	7548
K11069	5454
K11070	5354
K11071	5540
K11072	5310
K11073	17
K11074	22
K11075	15
K11076	33
K11077	234
K11078	80
K11079	151
K11080	5
K11081	446
K11082	422
K11083	433
K11084	451
K11085	3263
K11086	0
K11087	0
K11088	0
K11089	624
K11090	0
K11091	0
K11092	0
K11093	1
K11094	0
K11095	0
K11096	0
K11097	0
K11098	0
K11099	0
K11100	0
K11101	0
K11102	1469
K11103	2425
K11104	435
K11105	3821
K11106	48
K11107	21
K11108	0
K11109	0
K11110	0
K11111	1
K11112	0
K11113	0
K11114	0
K11115	0
K11116	0
K11117	2
K11118	1
K11119	0
K11120	0
K11121	5
K11122	0
K11123	0
K11124	0
K11125	0
K11126	3
K11127	917
K11128	0
K11129	0
K11130	2
K11131	0
K11132	0
K11133	0
K11134	0
K11135	0
K11136	0
K11137	0
K11138	0
K11139	0
K11140	6
K11141	3
K11142	7
K11143	0
K11144	3683
K11145	4986
K11146	0
K11147	135
K11148	0
K11149	0
K11150	1117
K11151	0
K11152	81
K11153	3447
K11154	12
K11155	2
K11156	0
K11157	0
K11158	0
K11159	593
K11160	3
K11161	329
K11162	1039
K11163	1747
K11164	0
K11165	45
K11166	174
K11167	0
K11168	374
K11169	18
K11170	25
K11171	11
K11172	8
K11173	325
K11175	7824
K11176	778
K11177	1135
K11178	1152
K11179	3
K11180	57
K11181	58
K11182	0
K11183	8
K11184	1753
K11185	0
K11186	0
K11187	0
K11188	8
K11192	12
K11194	135
K11195	115
K11196	159
K11200	110
K11201	114
K11202	131
K11203	224
K11204	0
K11205	0
K11206	3089
K11207	0
K11208	115
K11209	608
K11210	1650
K11211	423
K11212	6553
K11213	0
K11214	113
K11215	0
K11216	309
K11217	1
K11218	2
K11219	0
K11220	0
K11221	0
K11222	0
K11223	0
K11224	0
K11225	0
K11226	0
K11227	0
K11228	0
K11229	0
K11230	8
K11231	10
K11232	0
K11233	0
K11234	0
K11235	0
K11236	0
K11237	0
K11238	8
K11239	0
K11240	0
K11241	0
K11242	0
K11243	0
K11244	189
K11245	42
K11246	0
K11247	2
K11248	0
K11249	942
K11250	560
K11251	1
K11252	4
K11253	2
K11254	0
K11255	0
K11256	0
K11257	0
K11258	89
K11259	12
K11260	50
K11261	308
K11262	458
K11263	3089
K11264	20
K11265	721
K11266	1
K11267	3
K11268	4
K11269	11
K11270	0
K11271	0
K11272	4
K11273	11
K11274	55
K11275	0
K11276	1
K11277	0
K11278	0
K11279	0
K11280	0
K11281	0
K11282	0
K11283	0
K11284	0
K11285	0
K11286	0
K11287	1
K11288	0
K11289	0
K11290	0
K11291	2
K11292	2
K11293	4
K11294	51
K11295	1
K11296	0
K11297	0
K11298	0
K11299	0
K11300	0
K11301	0
K11302	0
K11303	1
K11304	0
K11305	0
K11306	5
K11307	0
K11308	0
K11309	0
K11310	0
K11311	122
K11312	149
K11313	0
K11314	0
K11315	0
K11316	0
K11317	0
K11318	0
K11319	0
K11320	0
K11321	0
K11322	0
K11323	24
K11324	0
K11325	1095
K11326	51
K11327	22
K11328	61
K11329	219
K11330	59
K11331	67
K11332	79
K11333	3
K11334	3
K11335	8
K11336	2
K11337	442
K11338	0
K11339	1
K11340	0
K11341	1
K11342	0
K11343	0
K11344	1
K11345	0
K11346	0
K11347	0
K11348	0
K11349	0
K11350	0
K11351	0
K11352	14
K11353	0
K11354	1396
K11355	1014
K11356	445
K11357	232
K11358	1261
K11359	1
K11360	0
K11361	1
K11362	0
K11363	0
K11364	0
K11365	0
K11366	0
K11367	1
K11368	1
K11369	0
K11370	0
K11371	0
K11372	10
K11373	1
K11374	9
K11375	1
K11376	0
K11377	1
K11378	0
K11379	0
K11380	0
K11381	852
K11382	79
K11383	1521
K11384	19
K11385	624
K11386	803
K11387	1091
K11389	0
K11390	14
K11391	507
K11392	2756
K11393	1
K11394	0
K11395	0
K11396	0
K11397	0
K11398	0
K11399	0
K11400	0
K11401	0
K11402	0
K11403	1
K11404	0
K11405	1
K11406	2
K11407	420
K11408	2
K11409	0
K11410	2275
K11411	0
K11412	0
K11413	2
K11414	2358
K11415	1
K11416	10
K11417	0
K11418	41
K11419	0
K11420	0
K11421	0
K11422	1
K11423	0
K11424	0
K11425	0
K11426	1
K11427	3
K11428	0
K11429	0
K11430	0
K11431	40
K11432	0
K11433	0
K11434	31
K11435	0
K11436	0
K11437	0
K11438	3
K11439	0
K11440	237
K11441	779
K11442	478
K11443	299
K11444	352
K11445	0
K11446	0
K11447	2
K11448	0
K11449	0
K11450	11
K11451	0
K11452	0
K11453	0
K11454	0
K11455	0
K11456	2
K11457	0
K11458	0
K11459	0
K11460	0
K11461	0
K11462	2
K11463	0
K11464	0
K11465	0
K11466	0
K11467	0
K11468	0
K11469	0
K11470	0
K11471	0
K11472	637
K11473	1245
K11474	13
K11475	2431
K11476	2473
K11477	2120
K11478	0
K11479	1
K11480	0
K11481	0
K11482	0
K11483	0
K11484	1
K11485	0
K11486	0
K11487	0
K11488	0
K11489	0
K11490	0
K11491	2
K11492	0
K11493	1026
K11494	283
K11495	0
K11496	0
K11497	0
K11498	0
K11499	127
K11500	0
K11501	0
K11502	4
K11503	0
K11504	0
K11505	0
K11506	0
K11507	0
K11508	0
K11509	4
K11510	0
K11511	0
K11512	0
K11513	0
K11514	0
K11515	1
K11516	0
K11517	111
K11518	0
K11519	0
K11520	88
K11521	631
K11522	81
K11523	127
K11524	83
K11525	219
K11526	83
K11527	1187
K11528	64
K11529	219
K11530	4397
K11531	240
K11532	163
K11533	1830
K11534	108
K11535	1373
K11536	24
K11537	113
K11538	1202
K11539	3
K11540	4
K11541	1
K11542	1
K11543	1
K11544	0
K11545	0
K11546	2
K11547	134
K11548	37
K11549	4
K11550	0
K11551	0
K11552	2
K11553	1
K11554	0
K11555	0
K11556	0
K11557	2
K11558	42
K11559	5
K11560	1
K11561	0
K11562	44
K11563	0
K11564	0
K11565	0
K11566	0
K11567	0
K11568	0
K11569	1
K11570	0
K11571	0
K11572	0
K11573	0
K11574	0
K11575	0
K11576	0
K11577	0
K11578	1
K11579	0
K11580	0
K11581	0
K11582	0
K11583	0
K11584	0
K11585	0
K11586	0
K11587	1
K11588	0
K11589	0
K11590	0
K11591	0
K11592	11
K11593	7
K11594	0
K11595	0
K11597	0
K11598	0
K11599	0
K11600	1
K11601	680
K11602	675
K11603	627
K11604	6
K11605	6
K11606	6
K11607	39
K11608	2293
K11609	1177
K11610	2644
K11611	1962
K11614	1143
K11615	909
K11616	1126
K11617	3693
K11618	6145
K11619	1057
K11620	1083
K11621	5414
K11622	3844
K11623	432
K11624	445
K11625	1249
K11626	2273
K11627	38
K11628	248
K11629	554
K11630	559
K11631	2611
K11632	3500
K11633	1026
K11634	1026
K11635	1189
K11636	1459
K11637	589
K11638	444
K11639	244
K11640	334
K11641	333
K11642	0
K11643	3
K11644	0
K11645	214
K11646	39
K11647	2
K11648	0
K11649	0
K11650	0
K11651	0
K11652	0
K11653	0
K11654	3803
K11655	0
K11656	0
K11657	1
K11658	0
K11659	0
K11660	0
K11661	19
K11662	0
K11663	0
K11664	0
K11665	7
K11666	0
K11667	0
K11668	1
K11669	0
K11670	2
K11671	0
K11672	1
K11673	0
K11674	0
K11675	0
K11676	0
K11677	0
K11678	0
K11679	0
K11680	0
K11682	0
K11683	0
K11684	1
K11685	6
K11686	672
K11687	2113
K11688	438
K11689	794
K11690	1633
K11691	604
K11692	543
K11693	538
K11694	356
K11695	358
K11696	2
K11697	0
K11698	0
K11699	98
K11700	0
K11701	62
K11702	1
K11703	221
K11704	96
K11705	896
K11706	91
K11707	967
K11708	965
K11709	964
K11710	1032
K11711	596
K11712	6
K11713	4
K11714	6
K11715	0
K11716	0
K11717	8104
K11718	0
K11719	274
K11720	382
K11721	0
K11722	0
K11723	0
K11724	5
K11725	199
K11726	0
K11727	57
K11728	0
K11729	1944
K11730	2116
K11731	384
K11732	73
K11733	2072
K11734	118
K11735	1679
K11736	530
K11737	2877
K11738	1688
K11739	45
K11740	42
K11741	3217
K11742	29
K11743	45
K11744	1261
K11745	13
K11746	166
K11747	111
K11748	1423
K11749	8229
K11750	652
K11751	3775
K11752	6178
K11753	8480
K11754	8380
K11755	2342
K11756	0
K11757	0
K11758	0
K11759	0
K11760	0
K11761	0
K11762	0
K11763	0
K11764	0
K11765	0
K11766	0
K11767	0
K11768	0
K11769	0
K11770	0
K11771	1
K11772	0
K11773	0
K11774	0
K11775	1
K11776	0
K11777	154
K11778	7
K11779	1861
K11780	84
K11781	84
K11782	1009
K11783	993
K11784	1089
K11785	1009
K11786	2
K11787	11
K11788	28
K11789	0
K11790	3
K11791	0
K11792	0
K11793	1
K11794	0
K11795	0
K11796	0
K11797	0
K11798	4
K11799	0
K11800	0
K11801	2
K11802	0
K11803	0
K11804	0
K11805	0
K11806	2
K11807	0
K11808	351
K11809	2
K11810	98
K11811	53
K11812	0
K11813	0
K11814	406
K11815	469
K11816	17
K11817	0
K11818	0
K11819	0
K11820	0
K11821	0
K11822	5
K11823	0
K11824	0
K11825	0
K11826	0
K11827	0
K11828	0
K11829	0
K11830	0
K11831	0
K11832	0
K11833	0
K11834	1
K11835	0
K11836	14
K11837	0
K11838	1
K11839	0
K11840	0
K11841	0
K11842	0
K11843	0
K11844	853
K11845	1
K11846	0
K11847	0
K11848	0
K11849	0
K11850	0
K11851	0
K11852	0
K11853	0
K11854	0
K11855	0
K11856	0
K11857	0
K11858	0
K11859	3
K11860	0
K11861	0
K11862	0
K11863	0
K11864	0
K11865	1
K11866	0
K11867	0
K11868	0
K11869	0
K11870	0
K11871	0
K11872	0
K11873	1
K11874	0
K11875	0
K11876	0
K11877	0
K11878	0
K11879	0
K11880	0
K11881	0
K11882	0
K11883	1
K11884	1
K11885	0
K11886	0
K11887	1
K11888	0
K11889	37
K11890	5
K11891	82
K11892	8
K11893	8
K11894	1167
K11895	8
K11896	13
K11897	6
K11898	8
K11899	2
K11900	7
K11901	8
K11902	6
K11903	84
K11904	670
K11905	12
K11906	4
K11907	23
K11908	2
K11909	7
K11910	3
K11911	4
K11912	158
K11913	1002
K11914	3
K11915	155
K11916	75
K11917	17
K11918	0
K11919	0
K11920	5
K11921	3805
K11922	489
K11923	831
K11924	2164
K11925	795
K11926	2
K11927	3628
K11928	2826
K11929	5
K11930	22
K11931	1250
K11932	267
K11933	51
K11934	62
K11935	154
K11936	4867
K11937	73
K11938	5
K11939	2274
K11940	25
K11941	270
K11942	916
K11943	158
K11944	137
K11945	223
K11946	13
K11947	400
K11948	185
K11949	34
K11950	71
K11951	69
K11952	76
K11953	91
K11954	418
K11955	98
K11956	118
K11957	64
K11958	124
K11959	1208
K11960	908
K11961	918
K11962	914
K11963	738
K11964	0
K11967	1
K11968	0
K11969	0
K11970	0
K11971	1
K11972	0
K11973	0
K11974	2
K11975	0
K11976	0
K11977	0
K11978	0
K11979	0
K11980	0
K11981	0
K11982	1
K11983	0
K11984	1
K11985	48
K11986	0
K11987	49
K11988	13
K11989	135
K11990	140
K11991	8391
K11992	6
K11993	27
K11994	4
K11995	52
K11996	273
K11997	732
K11998	0
K11999	0
K12000	0
K12001	0
K12002	0
K12003	0
K12004	0
K12005	1
K12006	0
K12007	0
K12008	4
K12009	0
K12010	1
K12011	0
K12012	0
K12013	0
K12014	0
K12015	0
K12016	0
K12017	0
K12018	0
K12019	0
K12020	0
K12021	70
K12022	0
K12023	2
K12024	0
K12025	0
K12026	86
K12027	0
K12028	0
K12029	0
K12030	0
K12031	1
K12032	0
K12033	0
K12034	0
K12035	1087
K12036	0
K12037	0
K12038	0
K12039	0
K12040	0
K12041	0
K12042	6
K12043	0
K12044	0
K12045	0
K12046	0
K12047	16
K12048	0
K12049	1
K12050	0
K12051	0
K12052	2
K12053	240
K12054	22
K12055	13
K12056	12
K12057	155
K12058	5
K12059	1
K12060	1
K12061	1
K12062	34
K12063	4647
K12064	1
K12065	252
K12066	1
K12067	2
K12068	10
K12069	18
K12070	1
K12071	290
K12072	1
K12073	140
K12074	0
K12075	0
K12076	0
K12077	0
K12078	0
K12079	0
K12080	0
K12081	0
K12082	0
K12083	1
K12084	0
K12085	0
K12086	0
K12087	0
K12088	0
K12089	0
K12090	0
K12091	0
K12092	0
K12093	0
K12094	0
K12095	0
K12096	0
K12097	0
K12098	1
K12099	0
K12100	11
K12101	0
K12102	0
K12103	0
K12104	0
K12105	0
K12106	0
K12107	0
K12108	0
K12109	0
K12110	9
K12111	2799
K12112	46
K12113	2596
K12114	0
K12115	0
K12116	0
K12117	0
K12118	11
K12119	37
K12120	0
K12121	1
K12122	0
K12123	1
K12124	0
K12125	0
K12126	0
K12127	0
K12128	0
K12129	0
K12130	0
K12131	0
K12132	7289
K12133	0
K12134	0
K12135	0
K12136	96
K12137	699
K12138	465
K12139	48
K12140	491
K12141	496
K12142	93
K12143	436
K12144	12
K12145	2
K12146	27
K12147	2
K12148	2
K12149	2
K12150	2
K12151	3
K12152	2263
K12153	0
K12154	0
K12155	0
K12156	0
K12157	0
K12158	1
K12159	6
K12160	1
K12161	0
K12162	0
K12163	0
K12164	9
K12165	0
K12166	0
K12167	0
K12168	0
K12169	21
K12170	1
K12171	0
K12172	1
K12173	0
K12174	2
K12175	0
K12176	0
K12177	0
K12178	0
K12179	0
K12180	0
K12181	0
K12182	0
K12183	9
K12184	0
K12185	0
K12186	0
K12187	0
K12188	8
K12189	0
K12190	0
K12191	0
K12192	9
K12193	22
K12194	0
K12195	0
K12196	47
K12197	0
K12198	1
K12199	0
K12200	0
K12201	0
K12202	1
K12203	3
K12204	1
K12205	15
K12206	43
K12207	0
K12208	0
K12209	10
K12210	0
K12211	22
K12212	227
K12213	2
K12214	1
K12215	0
K12216	0
K12217	96
K12218	1
K12219	0
K12220	0
K12221	0
K12222	1
K12223	0
K12224	1
K12225	0
K12226	0
K12227	0
K12228	22
K12229	0
K12230	0
K12231	39
K12232	0
K12233	0
K12234	1005
K12235	6
K12236	1
K12237	2
K12238	5
K12239	167
K12240	804
K12241	366
K12242	2316
K12243	1232
K12244	27
K12245	6
K12246	0
K12247	4
K12248	2
K12249	1
K12250	411
K12251	2659
K12252	59
K12253	378
K12254	89
K12255	642
K12256	2535
K12257	2528
K12258	1
K12259	118
K12260	64
K12261	0
K12262	410
K12263	1059
K12264	1510
K12265	2
K12266	15
K12267	4890
K12268	1025
K12269	1273
K12270	988
K12271	4
K12272	2
K12273	0
K12274	1
K12275	0
K12276	87
K12277	0
K12278	198
K12279	1
K12280	46
K12281	33
K12282	4
K12283	192
K12284	1248
K12285	302
K12286	158
K12287	101
K12288	2
K12289	94
K12290	8
K12291	3
K12292	873
K12293	744
K12294	643
K12295	651
K12296	1030
K12297	164
K12298	0
K12299	2
K12300	0
K12301	2
K12302	0
K12303	0
K12304	0
K12305	0
K12306	74
K12307	6
K12308	2672
K12309	2206
K12310	0
K12311	0
K12312	0
K12313	0
K12314	0
K12315	0
K12316	205
K12317	19
K12318	5
K12319	173
K12320	0
K12321	0
K12322	6
K12323	3
K12324	7
K12325	0
K12326	0
K12327	3
K12328	0
K12329	0
K12330	0
K12331	0
K12332	0
K12333	0
K12334	0
K12335	0
K12336	0
K12337	0
K12338	1
K12339	70
K12340	536
K12341	85
K12342	34
K12343	422
K12344	6
K12345	0
K12346	23
K12347	0
K12348	0
K12349	955
K12350	0
K12351	365
K12352	0
K12353	0
K12354	4
K12355	2
K12356	0
K12357	0
K12358	0
K12359	0
K12360	0
K12361	1
K12362	0
K12363	0
K12364	0
K12365	1
K12366	0
K12367	0
K12368	1310
K12369	1755
K12370	320
K12371	18
K12372	67
K12373	2906
K12374	0
K12375	4
K12376	0
K12377	6
K12378	0
K12379	0
K12380	0
K12381	0
K12382	4
K12383	0
K12384	0
K12385	1
K12386	0
K12387	0
K12388	120
K12389	0
K12390	0
K12391	0
K12392	0
K12393	0
K12394	0
K12395	0
K12396	0
K12397	0
K12398	0
K12399	0
K12400	0
K12401	2
K12402	0
K12403	0
K12404	0
K12405	1537
K12406	7
K12407	0
K12408	2
K12409	1
K12410	5907
K12411	0
K12412	0
K12413	0
K12414	0
K12415	481
K12416	0
K12417	25
K12418	142
K12419	0
K12420	463
K12421	789
K12422	196
K12423	417
K12424	211
K12425	12
K12426	776
K12427	400
K12428	997
K12429	999
K12430	492
K12431	237
K12432	155
K12433	526
K12434	765
K12435	477
K12436	516
K12437	1039
K12439	74
K12440	242
K12441	265
K12442	201
K12443	709
K12444	890
K12445	1897
K12446	179
K12447	0
K12448	3891
K12449	1
K12450	1
K12451	0
K12452	443
K12453	299
K12454	124
K12455	68
K12456	0
K12457	0
K12458	1
K12459	0
K12460	494
K12461	0
K12462	14
K12463	0
K12464	0
K12465	0
K12466	929
K12467	0
K12469	2
K12470	0
K12471	0
K12472	136
K12473	2
K12474	0
K12475	0
K12476	0
K12477	0
K12478	193
K12479	0
K12480	1
K12481	0
K12482	2
K12483	0
K12484	0
K12485	1
K12486	0
K12487	0
K12488	0
K12489	1
K12490	0
K12491	0
K12492	0
K12493	1
K12494	0
K12495	0
K12496	0
K12497	0
K12498	0
K12499	0
K12500	1234
K12501	0
K12502	13
K12503	2940
K12504	0
K12505	0
K12506	3754
K12507	997
K12508	36
K12509	0
K12510	4351
K12511	3926
K12512	79
K12513	545
K12514	17
K12515	362
K12516	47
K12517	0
K12518	2
K12519	2
K12520	0
K12521	2
K12522	0
K12523	0
K12524	30
K12525	2
K12526	12
K12527	525
K12528	1554
K12529	708
K12530	1
K12531	0
K12532	0
K12536	31
K12537	20
K12538	6
K12541	83
K12542	15
K12543	6
K12544	4
K12545	0
K12546	1
K12547	477
K12548	171
K12549	36
K12550	0
K12551	253
K12552	385
K12553	359
K12554	1195
K12555	2910
K12556	1162
K12557	1
K12558	0
K12559	0
K12560	13
K12561	0
K12562	1
K12563	0
K12564	0
K12565	0
K12566	0
K12567	52
K12568	0
K12569	0
K12570	617
K12571	0
K12572	0
K12573	6756
K12574	8511
K12575	213
K12576	0
K12577	0
K12578	0
K12579	0
K12580	0
K12581	0
K12582	58
K12583	2796
K12584	0
K12585	0
K12586	0
K12587	0
K12589	0
K12590	0
K12591	0
K12592	0
K12593	0
K12594	0
K12595	0
K12596	0
K12597	0
K12598	22
K12599	32
K12600	203
K12601	6
K12602	199
K12603	0
K12604	347
K12605	0
K12606	0
K12607	2
K12608	0
K12609	0
K12610	0
K12611	0
K12612	0
K12613	1
K12614	0
K12615	1
K12616	0
K12617	0
K12618	0
K12619	0
K12620	0
K12621	0
K12622	0
K12623	0
K12624	0
K12625	0
K12626	1
K12627	1
K12628	12
K12629	159
K12630	18
K12631	14
K12632	1653
K12633	139
K12634	12
K12635	11
K12636	14
K12637	0
K12638	0
K12639	0
K12640	0
K12641	42
K12642	0
K12643	0
K12644	0
K12645	209
K12646	8
K12647	3
K12648	0
K12649	2
K12650	0
K12651	0
K12652	1
K12653	0
K12654	0
K12655	0
K12656	0
K12657	9
K12658	11
K12659	3
K12660	68
K12661	158
K12662	125
K12663	894
K12664	1
K12665	0
K12666	1
K12667	0
K12668	0
K12669	1
K12670	7
K12671	0
K12672	0
K12673	31
K12674	33
K12675	45
K12676	33
K12677	645
K12678	85
K12679	1
K12681	43
K12682	1
K12683	0
K12684	71
K12685	421
K12686	181
K12687	11
K12688	6
K12689	0
K12690	44
K12691	0
K12692	0
K12693	0
K12694	0
K12695	0
K12696	0
K12697	0
K12698	0
K12699	0
K12700	979
K12701	137
K12702	178
K12703	4
K12704	3
K12705	2
K12706	1692
K12707	11
K12708	682
K12709	107
K12710	755
K12711	333
K12712	378
K12713	28
K12714	6
K12719	43
K12720	9
K12721	21
K12722	47
K12723	134
K12724	642
K12729	0
K12730	0
K12731	0
K12732	1
K12733	17
K12734	1
K12735	0
K12736	1899
K12737	7
K12738	0
K12739	0
K12740	1
K12741	0
K12742	0
K12743	61
K12744	6
K12745	6
K12747	0
K12748	0
K12749	0
K12750	0
K12751	1
K12753	0
K12754	0
K12755	2
K12756	0
K12757	0
K12758	0
K12760	0
K12761	2
K12762	2
K12763	0
K12764	0
K12765	1
K12766	0
K12767	2
K12768	3
K12769	0
K12770	0
K12771	0
K12772	0
K12773	2
K12774	0
K12775	6
K12776	16
K12777	0
K12778	0
K12779	0
K12780	0
K12781	0
K12782	0
K12783	0
K12784	0
K12785	0
K12786	0
K12787	0
K12788	0
K12789	0
K12790	2
K12791	0
K12792	0
K12793	0
K12794	0
K12795	57
K12796	27
K12797	0
K12798	0
K12799	1
K12800	13
K12801	0
K12802	0
K12803	0
K12804	0
K12805	546
K12806	0
K12807	1
K12809	0
K12810	0
K12811	2
K12812	0
K12813	0
K12814	0
K12815	0
K12816	0
K12817	0
K12818	7
K12819	0
K12820	0
K12821	0
K12822	0
K12823	5
K12824	1
K12825	0
K12826	0
K12827	0
K12828	0
K12829	0
K12830	1
K12831	0
K12832	0
K12833	0
K12834	0
K12835	0
K12836	0
K12837	0
K12838	0
K12839	25
K12840	0
K12841	0
K12842	0
K12843	0
K12844	0
K12845	0
K12846	1
K12847	1
K12848	0
K12849	1
K12850	0
K12851	0
K12852	0
K12853	1
K12854	293
K12855	366
K12856	0
K12857	10
K12858	1
K12859	0
K12860	0
K12861	0
K12862	10
K12863	0
K12864	0
K12865	0
K12866	0
K12867	0
K12868	1
K12869	0
K12870	1
K12871	0
K12872	0
K12873	0
K12874	15
K12875	4
K12876	0
K12877	0
K12878	0
K12879	0
K12880	70
K12881	0
K12882	0
K12883	0
K12884	0
K12885	86
K12886	1
K12887	0
K12888	0
K12889	0
K12890	0
K12891	6
K12892	0
K12893	0
K12894	0
K12895	0
K12896	0
K12897	15
K12898	0
K12899	0
K12900	0
K12901	2
K12902	0
K12903	1
K12904	31
K12905	17
K12906	31
K12907	11
K12908	59
K12909	31
K12910	1
K12911	1
K12912	3
K12913	1
K12914	25
K12915	4
K12917	0
K12918	0
K12919	0
K12920	0
K12921	0
K12922	0
K12923	0
K12924	0
K12925	0
K12926	0
K12927	0
K12928	0
K12929	0
K12930	0
K12931	0
K12932	0
K12933	0
K12934	0
K12935	0
K12936	0
K12937	0
K12938	0
K12939	0
K12940	531
K12941	811
K12942	1709
K12943	3041
K12944	2541
K12945	601
K12946	0
K12947	0
K12948	0
K12949	490
K12950	2071
K12951	0
K12952	4280
K12953	1148
K12954	890
K12955	909
K12956	227
K12957	76
K12958	0
K12959	0
K12960	5907
K12961	14
K12962	933
K12963	36
K12964	0
K12965	32
K12966	0
K12967	0
K12968	7
K12969	0
K12970	0
K12971	0
K12972	3737
K12973	3
K12974	3
K12975	4
K12976	32
K12977	2
K12978	358
K12979	7
K12980	9
K12981	8
K12982	4
K12983	1
K12984	2079
K12985	0
K12986	210
K12987	466
K12988	565
K12989	16
K12990	668
K12991	191
K12992	639
K12993	4
K12994	271
K12995	11
K12996	1341
K12997	1302
K12998	665
K12999	2176
K13000	0
K13001	62
K13002	135
K13003	1
K13004	313
K13005	197
K13006	391
K13007	256
K13008	0
K13009	1
K13010	2685
K13011	89
K13012	987
K13013	4
K13014	13
K13015	1960
K13016	1
K13017	1165
K13018	1739
K13019	599
K13020	3137
K13021	1112
K13022	0
K13023	330
K13024	1
K13025	1
K13026	0
K13027	0
K13028	202
K13029	0
K13030	0
K13031	0
K13032	0
K13033	6
K13034	19
K13035	19
K13037	444
K13038	8141
K13039	140
K13040	40
K13041	76
K13042	4
K13043	2
K13044	0
K13045	0
K13046	0
K13047	7
K13048	44
K13049	2570
K13050	0
K13051	265
K13052	5905
K13053	3
K13054	0
K13055	0
K13056	0
K13057	104
K13058	1
K13059	549
K13060	4
K13061	26
K13062	0
K13063	1018
K13064	0
K13065	118
K13066	1
K13067	0
K13068	0
K13069	637
K13070	0
K13071	63
K13072	0
K13073	0
K13074	362
K13075	3967
K13076	1
K13077	0
K13078	0
K13079	0
K13080	0
K13081	0
K13082	4
K13083	0
K13084	6
K13085	0
K13086	8
K13087	0
K13088	9
K13089	0
K13090	1
K13091	1
K13092	3
K13093	1
K13094	5
K13095	0
K13096	1
K13097	0
K13098	0
K13099	0
K13100	5
K13101	0
K13102	0
K13103	6
K13104	0
K13105	0
K13106	0
K13107	0
K13108	0
K13109	0
K13110	0
K13111	1
K13112	1
K13113	0
K13114	4
K13115	0
K13116	3
K13117	2
K13118	0
K13119	0
K13120	0
K13121	0
K13122	50
K13123	0
K13124	3
K13125	0
K13126	1
K13127	0
K13128	0
K13129	0
K13130	0
K13131	2
K13132	0
K13133	4
K13134	0
K13135	0
K13136	0
K13137	48
K13138	1
K13139	0
K13140	0
K13141	15
K13142	0
K13143	1
K13144	0
K13145	0
K13146	0
K13147	0
K13148	6
K13149	0
K13150	0
K13151	0
K13152	0
K13153	0
K13154	0
K13155	0
K13156	0
K13157	0
K13158	0
K13159	0
K13160	0
K13161	1
K13162	0
K13163	3
K13164	0
K13165	8
K13166	0
K13167	0
K13168	0
K13169	0
K13170	2
K13171	4
K13172	0
K13173	0
K13174	0
K13175	0
K13176	5
K13177	13
K13178	0
K13179	0
K13180	0
K13181	3
K13182	0
K13183	0
K13184	0
K13185	0
K13186	5
K13187	0
K13188	0
K13189	0
K13190	0
K13191	0
K13192	1
K13193	0
K13194	4
K13195	205
K13196	0
K13197	0
K13198	0
K13199	0
K13200	0
K13201	0
K13202	0
K13203	0
K13204	0
K13205	3
K13206	0
K13207	0
K13208	1
K13209	0
K13210	0
K13211	0
K13212	2
K13213	0
K13214	0
K13215	0
K13216	20
K13217	1
K13218	0
K13219	0
K13220	0
K13221	8
K13222	1
K13223	0
K13224	0
K13225	0
K13226	0
K13227	0
K13229	0
K13230	0
K13231	0
K13232	0
K13233	1
K13234	0
K13235	0
K13236	225
K13237	760
K13238	109
K13239	13
K13240	16
K13241	0
K13242	0
K13243	29
K13244	0
K13245	5
K13246	94
K13247	19
K13248	0
K13249	0
K13250	0
K13251	0
K13252	373
K13254	2
K13255	1981
K13256	1038
K13257	0
K13258	0
K13259	0
K13260	0
K13261	0
K13262	0
K13263	0
K13264	0
K13265	1
K13266	28
K13267	0
K13269	0
K13270	0
K13271	0
K13272	0
K13273	9
K13274	718
K13275	795
K13276	1063
K13277	646
K13278	128
K13279	4
K13280	2197
K13281	1144
K13282	1314
K13283	6941
K13284	0
K13285	60
K13286	0
K13287	0
K13288	3104
K13289	1
K13290	962
K13291	0
K13292	8365
K13293	1
K13294	35
K13295	0
K13296	0
K13297	10
K13298	117
K13299	0
K13300	1029
K13301	2
K13302	0
K13303	3
K13304	0
K13305	0
K13306	12
K13307	480
K13308	130
K13309	32
K13310	103
K13311	639
K13312	177
K13313	37
K13315	1252
K13316	156
K13317	110
K13318	98
K13319	59
K13320	22
K13322	11
K13326	34
K13327	453
K13328	167
K13329	52
K13330	24
K13332	6
K13333	1
K13334	0
K13335	0
K13336	0
K13337	0
K13338	73
K13339	54
K13340	0
K13341	0
K13342	21
K13343	18
K13344	3
K13345	0
K13346	0
K13347	0
K13348	0
K13349	0
K13350	0
K13351	0
K13352	0
K13353	0
K13354	0
K13355	2275
K13356	361
K13357	8
K13358	26
K13359	0
K13360	0
K13361	0
K13362	0
K13363	0
K13364	0
K13365	0
K13366	21
K13367	2
K13368	55
K13369	9
K13370	38
K13371	0
K13372	0
K13373	0
K13374	0
K13375	0
K13376	0
K13377	0
K13378	10
K13379	16
K13380	1
K13381	1106
K13382	0
K13383	3
K13384	21
K13385	0
K13386	0
K13387	0
K13389	0
K13390	0
K13391	0
K13392	0
K13393	0
K13394	0
K13395	0
K13396	7
K13397	0
K13398	0
K13400	0
K13401	0
K13402	0
K13403	0
K13404	0
K13405	0
K13406	0
K13407	0
K13408	28
K13409	773
K13411	5
K13412	76
K13413	1
K13414	0
K13415	0
K13416	0
K13417	0
K13418	5
K13419	1129
K13420	102
K13421	71
K13422	0
K13423	0
K13424	0
K13425	0
K13426	0
K13427	0
K13428	0
K13429	0
K13430	1
K13431	4
K13432	1
K13433	0
K13434	1
K13435	0
K13436	0
K13437	0
K13438	0
K13439	21
K13440	0
K13441	0
K13442	0
K13443	0
K13444	2332
K13445	0
K13446	0
K13447	0
K13448	579
K13449	1109
K13450	0
K13451	0
K13452	0
K13453	0
K13454	0
K13455	0
K13456	0
K13457	474
K13458	0
K13459	508
K13460	180
K13461	0
K13462	0
K13463	0
K13464	1
K13465	0
K13466	8
K13467	0
K13468	1
K13469	0
K13470	0
K13471	0
K13472	151
K13473	0
K13474	0
K13475	1
K13476	0
K13477	16
K13478	0
K13479	2164
K13480	328
K13481	353
K13482	315
K13483	1128
K13484	4
K13485	362
K13486	56
K13487	679
K13488	39
K13489	15
K13490	32
K13491	17
K13492	0
K13493	0
K13494	0
K13495	0
K13496	2
K13497	165
K13498	255
K13499	14
K13500	423
K13501	3
K13502	3
K13503	140
K13504	0
K13505	4
K13506	0
K13507	23
K13508	0
K13509	7
K13510	3
K13511	2
K13512	0
K13513	2
K13514	0
K13515	0
K13516	0
K13517	0
K13519	0
K13520	0
K13521	0
K13522	3633
K13523	0
K13524	0
K13525	1538
K13526	7
K13527	2652
K13528	0
K13529	2686
K13530	1085
K13531	1260
K13532	568
K13533	1532
K13534	0
K13535	32
K13536	0
K13537	0
K13538	0
K13539	0
K13540	1511
K13541	922
K13542	5595
K13543	48
K13544	128
K13545	47
K13546	91
K13547	138
K13548	59
K13549	68
K13550	137
K13551	5
K13552	5
K13553	6
K13554	17
K13555	9
K13556	4
K13557	4
K13558	38
K13559	276
K13560	24
K13561	17
K13562	24
K13563	55
K13564	846
K13565	0
K13566	2605
K13567	0
K13568	0
K13570	1899
K13571	2639
K13572	4031
K13573	5774
K13574	47
K13575	0
K13576	0
K13577	0
K13578	0
K13580	126
K13581	506
K13582	1142
K13583	111
K13584	34
K13585	1
K13586	2
K13587	519
K13588	14
K13589	45
K13590	1109
K13591	83
K13592	12
K13593	97
K13594	0
K13596	0
K13598	576
K13599	74
K13600	3
K13601	11
K13602	26
K13603	0
K13604	0
K13605	0
K13606	69
K13607	77
K13608	0
K13609	19
K13610	0
K13611	562
K13612	223
K13613	491
K13614	518
K13615	121
K13616	356
K13617	15
K13618	1
K13619	13
K13620	13
K13621	0
K13622	58
K13623	108
K13624	1
K13625	2
K13626	1969
K13627	0
K13628	2465
K13629	47
K13630	0
K13631	282
K13632	40
K13633	2561
K13634	39
K13635	3
K13636	6
K13637	229
K13638	1986
K13639	1933
K13640	3297
K13641	3054
K13642	34
K13643	3211
K13644	0
K13645	0
K13646	12
K13647	4
K13648	0
K13649	0
K13650	3
K13651	77
K13652	2726
K13653	3949
K13654	125
K13655	603
K13656	98
K13657	56
K13658	1037
K13659	1
K13660	45
K13661	0
K13662	7
K13663	4433
K13664	104
K13665	252
K13666	0
K13667	6
K13668	2453
K13669	1218
K13670	26
K13671	2121
K13672	0
K13673	0
K13674	0
K13675	0
K13676	0
K13677	899
K13678	1354
K13679	0
K13680	9
K13681	3
K13682	0
K13683	337
K13684	453
K13686	1029
K13687	1085
K13688	696
K13689	2
K13690	2
K13691	0
K13692	0
K13693	2779
K13694	1615
K13695	536
K13696	0
K13697	6
K13698	27
K13699	0
K13700	4
K13701	3
K13702	14
K13703	4
K13704	4
K13705	2
K13706	26
K13707	1
K13708	0
K13709	0
K13710	0
K13711	1
K13712	0
K13713	0
K13714	506
K13715	49
K13716	0
K13717	1
K13718	4
K13719	0
K13720	0
K13721	2
K13722	7
K13723	0
K13724	0
K13725	20
K13726	0
K13727	756
K13728	0
K13729	0
K13730	2113
K13731	878
K13732	1597
K13733	741
K13734	405
K13735	644
K13736	0
K13737	0
K13738	3
K13739	0
K13740	0
K13741	0
K13742	0
K13743	0
K13744	0
K13745	1835
K13746	2028
K13747	1306
K13748	248
K13749	0
K13750	0
K13751	0
K13752	1
K13753	0
K13754	0
K13755	0
K13756	0
K13757	0
K13758	0
K13759	0
K13760	0
K13761	0
K13762	11
K13763	17
K13764	0
K13765	0
K13766	1716
K13767	750
K13768	0
K13769	0
K13770	3353
K13771	2314
K13772	385
K13773	0
K13774	58
K13775	1268
K13776	785
K13777	60
K13778	10
K13779	13
K13780	0
K13781	0
K13782	6
K13783	0
K13784	1
K13785	1
K13786	249
K13787	3293
K13788	7057
K13789	1345
K13790	0
K13791	0
K13792	0
K13793	0
K13794	5
K13795	15
K13796	568
K13797	44
K13798	0
K13799	1850
K13800	21
K13801	0
K13802	0
K13803	0
K13804	0
K13805	1
K13806	6
K13807	0
K13808	0
K13809	6
K13810	3146
K13811	3
K13812	0
K13813	0
K13814	0
K13815	726
K13816	6
K13818	297
K13819	229
K13820	254
K13821	2245
K13822	12
K13823	8
K13824	0
K13825	0
K13826	0
K13827	0
K13828	0
K13829	4108
K13830	51
K13831	97
K13832	132
K13833	0
K13834	5
K13835	0
K13836	0
K13837	0
K13838	0
K13839	0
K13840	0
K13841	0
K13842	0
K13843	0
K13844	0
K13845	0
K13846	0
K13847	0
K13848	0
K13849	1
K13850	0
K13851	1
K13852	0
K13853	1472
K13854	1
K13855	0
K13856	1
K13857	0
K13858	0
K13859	0
K13860	0
K13861	0
K13862	0
K13863	5
K13864	7
K13865	8
K13866	26
K13867	2
K13868	39
K13869	27
K13870	0
K13871	4
K13872	1
K13873	136
K13874	566
K13875	712
K13876	261
K13877	384
K13878	0
K13879	0
K13880	0
K13881	0
K13882	0
K13883	0
K13884	87
K13885	0
K13886	1
K13887	0
K13888	387
K13889	2801
K13890	1944
K13891	2238
K13892	2342
K13893	16
K13894	16
K13895	17
K13896	3142
K13897	0
K13898	0
K13899	7
K13900	0
K13901	0
K13902	0
K13903	0
K13904	0
K13905	0
K13906	0
K13907	16
K13908	1
K13909	0
K13910	0
K13911	0
K13912	0
K13913	0
K13914	0
K13915	14
K13916	0
K13917	0
K13918	703
K13919	588
K13920	574
K13921	970
K13922	583
K13923	173
K13924	781
K13925	1210
K13926	389
K13927	852
K13928	0
K13929	227
K13930	273
K13931	211
K13932	190
K13933	103
K13934	227
K13935	206
K13936	2762
K13937	1
K13938	7
K13939	18
K13940	3815
K13941	41
K13942	0
K13943	0
K13944	0
K13945	0
K13946	0
K13947	0
K13948	236
K13949	1
K13950	1295
K13951	6
K13952	0
K13953	3842
K13954	1537
K13955	1887
K13956	66
K13957	2
K13958	31
K13959	3
K13960	0
K13961	0
K13962	0
K13963	1161
K13964	0
K13965	29
K13966	9
K13967	72
K13968	0
K13969	0
K13970	0
K13971	0
K13972	0
K13973	0
K13974	0
K13975	0
K13976	0
K13977	0
K13978	1
K13979	2736
K13980	0
K13981	1
K13982	4
K13983	11
K13984	144
K13985	3637
K13986	0
K13987	41
K13988	43
K13989	1
K13990	1
K13991	429
K13992	1
K13993	5450
K13994	0
K13995	1037
K13996	7
K13997	9
K13998	42
K13999	13
K14000	3
K14001	1
K14002	16
K14003	82
K14004	2
K14005	4
K14006	1
K14007	0
K14008	0
K14009	10
K14010	1
K14011	0
K14012	0
K14013	0
K14014	0
K14015	5
K14016	0
K14017	0
K14018	66
K14019	0
K14020	0
K14021	0
K14022	0
K14023	3
K14024	0
K14025	1
K14026	58
K14027	0
K14028	0
K14029	0
K14030	0
K14031	0
K14032	0
K14033	0
K14034	0
K14035	0
K14036	0
K14037	0
K14038	0
K14039	0
K14040	0
K14041	0
K14042	0
K14043	0
K14044	0
K14045	0
K14046	0
K14047	0
K14048	572
K14050	12
K14051	58
K14052	1817
K14053	0
K14054	1182
K14055	2782
K14056	1972
K14057	346
K14058	1457
K14059	7399
K14060	4111
K14061	1115
K14062	1
K14063	2016
K14064	2
K14065	0
K14066	0
K14067	41
K14068	0
K14069	0
K14070	0
K14071	0
K14072	0
K14073	9
K14074	1
K14075	0
K14076	0
K14077	0
K14078	0
K14079	0
K14080	482
K14081	5
K14082	326
K14083	33
K14084	226
K14085	0
K14086	288
K14087	243
K14088	285
K14089	304
K14090	294
K14091	465
K14092	0
K14093	0
K14094	0
K14095	0
K14096	0
K14097	0
K14098	0
K14099	0
K14100	29
K14101	0
K14102	2
K14103	5
K14104	0
K14105	0
K14106	0
K14107	414
K14108	146
K14109	31
K14110	1
K14111	1
K14112	0
K14113	435
K14114	31
K14115	0
K14116	1
K14117	13
K14118	31
K14119	0
K14120	86
K14121	1
K14122	27
K14123	0
K14124	0
K14125	0
K14126	34
K14127	155
K14128	17
K14129	31
K14130	0
K14131	0
K14132	0
K14133	0
K14134	0
K14135	0
K14136	1841
K14137	0
K14138	297
K14139	0
K14140	0
K14141	0
K14142	0
K14143	0
K14144	0
K14145	0
K14146	0
K14147	0
K14148	0
K14149	0
K14150	0
K14151	0
K14152	17
K14153	713
K14154	112
K14155	5847
K14156	31
K14157	56
K14158	0
K14159	59
K14160	33
K14161	1950
K14162	2889
K14163	2360
K14164	211
K14165	377
K14166	2214
K14167	118
K14168	21
K14169	1
K14170	1539
K14171	0
K14172	0
K14173	0
K14174	0
K14175	0
K14176	0
K14177	0
K14178	0
K14179	0
K14180	0
K14181	0
K14182	0
K14183	0
K14184	0
K14185	0
K14186	0
K14187	71
K14188	3682
K14189	1651
K14190	0
K14191	4
K14192	835
K14193	88
K14194	4095
K14195	1314
K14196	607
K14197	82
K14198	44
K14199	81
K14200	44
K14201	82
K14202	4
K14203	19
K14204	28
K14205	4418
K14206	1
K14207	0
K14208	961
K14209	5
K14210	587
K14211	0
K14212	0
K14213	278
K14214	0
K14215	572
K14216	3
K14217	0
K14242	0
K14244	1987
K14245	2
K14246	1
K14249	5
K14250	403
K14251	485
K14252	460
K14253	1693
K14254	3002
K14255	146
K14256	1391
K14257	216
K14258	20
K14259	533
K14260	3872
K14261	753
K14262	54
K14263	28
K14264	0
K14265	0
K14266	26
K14267	2645
K14268	1
K14270	0
K14271	7
K14272	0
K14273	1522
K14274	1287
K14275	10
K14281	0
K14282	0
K14283	0
K14284	0
K14285	7
K14286	655
K14287	80
K14288	0
K14289	0
K14290	0
K14291	0
K14292	790
K14293	1
K14294	0
K14295	0
K14296	10
K14297	0
K14298	0
K14299	1
K14300	0
K14301	0
K14302	0
K14303	0
K14304	0
K14305	0
K14306	0
K14307	2
K14308	0
K14309	0
K14310	0
K14311	0
K14312	1
K14313	0
K14314	315
K14315	2
K14316	0
K14317	2
K14318	6
K14319	88
K14320	6
K14321	0
K14322	0
K14323	0
K14324	0
K14325	14
K14326	59
K14327	1
K14328	0
K14329	0
K14330	426
K14331	382
K14332	3
K14333	567
K14334	0
K14335	1094
K14336	25
K14337	2462
K14338	1223
K14339	1717
K14340	2147
K14341	0
K14342	5
K14343	1
K14344	0
K14345	0
K14346	3
K14347	1245
K14348	548
K14349	204
K14350	0
K14351	62
K14352	0
K14353	0
K14354	0
K14355	0
K14356	0
K14357	0
K14358	51
K14359	1
K14360	0
K14361	14
K14362	0
K14363	6
K14364	0
K14365	0
K14366	17
K14367	2
K14368	62
K14369	136
K14370	26
K14371	15
K14372	3
K14373	16
K14374	14
K14375	6
K14376	116
K14377	0
K14378	0
K14379	320
K14380	0
K14381	0
K14382	0
K14383	0
K14384	0
K14385	0
K14386	37
K14387	64
K14388	30
K14389	0
K14390	0
K14391	0
K14392	1312
K14393	3010
K14394	1109
K14395	0
K14396	0
K14397	0
K14398	0
K14399	0
K14400	1
K14401	0
K14402	3
K14403	47
K14404	0
K14405	0
K14406	0
K14407	27
K14408	0
K14409	0
K14410	0
K14411	0
K14412	0
K14413	0
K14414	5
K14415	2712
K14416	0
K14417	0
K14418	0
K14419	0
K14420	0
K14421	169
K14422	1261
K14423	0
K14424	10
K14425	0
K14426	0
K14427	0
K14428	6
K14429	0
K14430	5
K14431	0
K14432	0
K14433	0
K14434	19
K14435	1
K14436	7
K14437	0
K14438	0
K14439	223
K14440	2728
K14441	2876
K14442	6
K14443	0
K14444	0
K14445	2392
K14446	141
K14447	837
K14448	31
K14449	714
K14451	475
K14452	1
K14453	68
K14454	0
K14455	0
K14456	5
K14457	54
K14458	31
K14459	42
K14460	0
K14461	0
K14462	1
K14463	0
K14464	0
K14465	362
K14466	426
K14467	5
K14468	1
K14469	13
K14470	721
K14471	5
K14472	3
K14473	0
K14474	0
K14475	655
K14477	0
K14478	0
K14479	1
K14480	8
K14481	953
K14482	13
K14484	0
K14485	0
K14486	0
K14487	272
K14488	0
K14489	3
K14490	0
K14491	0
K14492	0
K14493	0
K14494	7
K14495	0
K14496	0
K14497	1
K14498	0
K14499	0
K14500	0
K14501	0
K14502	0
K14503	0
K14504	0
K14505	0
K14506	19
K14507	0
K14508	0
K14509	85
K14510	0
K14512	0
K14513	0
K14514	0
K14515	0
K14516	0
K14517	0
K14518	146
K14519	1078
K14520	1876
K14521	2
K14522	0
K14523	0
K14524	0
K14525	0
K14526	0
K14527	0
K14528	0
K14529	0
K14530	0
K14531	1
K14532	0
K14533	0
K14534	328
K14535	0
K14536	0
K14537	1
K14538	0
K14539	1
K14540	5242
K14541	3
K14543	0
K14544	0
K14545	0
K14546	7
K14547	0
K14548	38
K14549	11
K14550	4
K14551	1
K14552	1
K14553	28
K14554	6
K14555	78
K14556	18
K14557	3
K14558	18
K14559	0
K14560	0
K14561	0
K14562	0
K14563	0
K14564	0
K14565	0
K14566	0
K14567	0
K14568	0
K14569	1
K14570	1
K14571	74
K14572	94
K14573	15
K14574	0
K14575	1924
K14577	0
K14578	35
K14579	0
K14580	0
K14581	92
K14582	0
K14583	0
K14584	874
K14585	10
K14586	18
K14587	92
K14588	610
K14589	4
K14590	0
K14591	396
K14592	2
K14593	0
K14594	0
K14595	0
K14596	1761
K14597	1463
K14598	296
K14599	7
K14600	19
K14601	5
K14602	5
K14603	6
K14604	12
K14605	72
K14606	97
K14607	1
K14608	0
K14609	0
K14610	0
K14611	6
K14612	0
K14613	3
K14614	0
K14615	0
K14616	3
K14617	2
K14618	0
K14619	85
K14620	0
K14621	5
K14622	0
K14623	495
K14624	0
K14625	0
K14626	516
K14627	235
K14628	395
K14629	2211
K14630	187
K14631	827
K14632	444
K14633	466
K14634	9
K14635	0
K14636	7
K14637	3
K14638	0
K14639	0
K14640	10
K14641	0
K14642	0
K14643	0
K14644	0
K14645	1092
K14647	2532
K14648	28
K14649	0
K14650	0
K14651	0
K14652	5807
K14653	0
K14654	4440
K14655	10
K14656	674
K14657	983
K14658	217
K14659	270
K14660	63
K14661	144
K14662	0
K14663	0
K14664	884
K14665	733
K14666	105
K14667	514
K14668	496
K14669	473
K14670	1292
K14671	484
K14672	1173
K14673	4099
K14674	0
K14675	0
K14676	14
K14677	6
K14678	0
K14679	0
K14680	270
K14681	12
K14682	34
K14683	104
K14684	1
K14685	1
K14686	1
K14687	0
K14688	6
K14689	1
K14690	2
K14691	0
K14692	6
K14693	0
K14695	1
K14696	2810
K14697	1
K14698	2535
K14699	2553
K14700	0
K14701	0
K14702	1
K14703	5
K14704	0
K14705	1
K14706	0
K14707	3
K14708	92
K14709	8
K14710	0
K14711	0
K14712	0
K14713	0
K14714	0
K14715	0
K14716	0
K14717	161
K14718	1
K14719	15
K14720	0
K14721	0
K14722	0
K14723	0
K14724	0
K14725	0
K14726	0
K14727	1816
K14728	1338
K14729	656
K14730	323
K14731	5672
K14732	22
K14733	1268
K14734	1
K14735	162
K14736	1
K14737	0
K14738	0
K14739	1
K14740	0
K14741	0
K14742	8430
K14743	2415
K14744	21
K14745	40
K14746	6
K14747	10
K14748	2
K14749	122
K14750	12
K14751	2
K14752	0
K14753	13
K14754	0
K14755	155
K14756	2
K14757	0
K14758	1
K14759	11
K14760	5
K14761	6492
K14762	2
K14763	20
K14764	0
K14765	0
K14766	0
K14767	0
K14768	0
K14769	0
K14770	5
K14771	1
K14772	0
K14773	0
K14774	0
K14775	0
K14776	0
K14777	0
K14778	4
K14779	1
K14780	1
K14781	2
K14782	0
K14783	0
K14784	0
K14785	0
K14786	0
K14787	2
K14788	0
K14789	0
K14790	0
K14791	0
K14792	40
K14793	9
K14794	0
K14795	3
K14796	0
K14797	0
K14798	0
K14799	0
K14800	0
K14801	81
K14802	3
K14803	1
K14804	0
K14805	0
K14806	0
K14807	3
K14808	0
K14809	4
K14810	3
K14811	1
K14812	0
K14813	0
K14814	0
K14815	1
K14816	0
K14817	0
K14818	6
K14819	318
K14820	0
K14821	0
K14822	0
K14823	0
K14824	0
K14825	0
K14826	496
K14827	0
K14828	0
K14829	13
K14830	6
K14831	0
K14832	0
K14833	0
K14834	0
K14835	0
K14836	0
K14837	0
K14838	1
K14839	0
K14840	1
K14841	2
K14842	0
K14843	0
K14844	0
K14845	0
K14846	1
K14847	0
K14848	0
K14849	0
K14850	5
K14851	0
K14852	0
K14853	0
K14854	0
K14855	67
K14856	0
K14857	0
K14858	0
K14859	0
K14860	0
K14861	0
K14862	0
K14863	18
K14864	0
K14937	2
K14938	27
K14939	3
K14940	372
K14941	1994
K14942	0
K14943	0
K14944	0
K14945	0
K14946	0
K14947	0
K14948	0
K14949	1818
K14950	0
K14951	0
K14952	1941
K14953	1239
K14954	1720
K14955	558
K14956	4133
K14957	0
K14958	0
K14959	0
K14960	1
K14961	4
K14962	4
K14963	189
K14964	0
K14965	0
K14966	0
K14967	0
K14968	0
K14969	0
K14970	0
K14971	0
K14972	1
K14973	0
K14974	202
K14975	1
K14976	0
K14977	867
K14978	6
K14979	53
K14980	270
K14981	51
K14982	3246
K14983	2234
K14984	0
K14985	3
K14986	627
K14987	163
K14988	403
K14989	433
K14990	0
K14991	0
K14992	0
K14993	0
K14994	1
K14995	0
K14996	21
K14997	1
K14998	2719
K14999	0
K15001	31
K15003	3
K15004	8
K15005	5
K15006	0
K15007	4
K15008	0
K15009	1
K15010	64
K15011	395
K15012	162
K15013	90
K15014	1
K15015	2
K15016	218
K15017	12
K15018	1
K15019	935
K15020	61
K15022	1110
K15023	355
K15024	1509
K15025	0
K15026	7
K15027	1
K15028	0
K15029	0
K15030	0
K15031	0
K15032	0
K15033	0
K15034	1631
K15036	1
K15037	127
K15038	1
K15039	0
K15040	0
K15041	0
K15042	630
K15043	0
K15044	0
K15045	16
K15046	185
K15047	0
K15048	3
K15049	0
K15050	0
K15051	2894
K15052	10
K15053	0
K15054	261
K15055	3017
K15056	28
K15057	1350
K15058	9
K15059	9
K15060	161
K15061	2
K15062	31
K15063	420
K15064	4
K15065	75
K15066	181
K15067	375
K15068	1
K15069	7
K15070	0
K15071	0
K15072	11
K15073	0
K15074	0
K15075	0
K15076	3
K15077	0
K15078	1
K15079	0
K15080	0
K15081	0
K15082	0
K15083	319
K15084	0
K15085	0
K15086	0
K15087	0
K15088	0
K15089	0
K15090	0
K15091	0
K15092	0
K15093	0
K15094	0
K15095	79
K15096	0
K15097	0
K15098	0
K15099	0
K15100	0
K15101	10
K15102	0
K15103	0
K15104	1
K15105	0
K15106	0
K15107	0
K15108	0
K15109	0
K15110	1
K15111	0
K15112	0
K15113	0
K15114	0
K15115	0
K15116	0
K15117	0
K15118	0
K15119	0
K15120	0
K15121	0
K15122	0
K15123	0
K15124	0
K15125	113
K15126	0
K15127	0
K15128	0
K15129	0
K15130	0
K15131	0
K15132	0
K15133	0
K15134	0
K15135	0
K15136	0
K15137	0
K15138	0
K15139	0
K15140	0
K15141	0
K15142	0
K15143	0
K15144	0
K15145	0
K15146	0
K15147	0
K15148	0
K15149	0
K15150	0
K15151	0
K15152	0
K15153	0
K15154	0
K15155	0
K15156	3
K15157	0
K15158	0
K15159	0
K15160	0
K15161	0
K15162	0
K15163	0
K15164	0
K15165	1
K15166	0
K15167	0
K15168	1
K15169	0
K15170	0
K15171	0
K15172	1
K15173	20
K15174	1
K15175	0
K15176	179
K15177	0
K15178	0
K15179	0
K15180	0
K15181	0
K15182	0
K15183	0
K15184	0
K15185	0
K15186	6
K15187	0
K15188	0
K15189	30
K15190	1
K15191	0
K15192	2466
K15193	0
K15194	7
K15195	0
K15196	6
K15197	3
K15198	0
K15199	1
K15200	1
K15201	527
K15202	0
K15203	0
K15204	0
K15205	0
K15206	61
K15207	0
K15208	0
K15209	0
K15210	0
K15211	0
K15212	1
K15213	0
K15214	0
K15215	0
K15216	2
K15217	0
K15218	60
K15219	0
K15220	0
K15221	0
K15222	0
K15223	2
K15224	0
K15225	3
K15226	144
K15227	0
K15228	33
K15229	30
K15230	0
K15231	0
K15232	20
K15233	0
K15234	369
K15235	0
K15236	157
K15237	1
K15238	1
K15239	2
K15240	0
K15241	1
K15242	0
K15243	0
K15244	0
K15245	0
K15246	0
K15253	1
K15254	19
K15255	928
K15256	3814
K15257	503
K15258	0
K15259	1
K15260	43
K15261	104
K15262	0
K15263	0
K15264	3
K15265	0
K15266	0
K15267	0
K15268	4745
K15269	2375
K15270	1309
K15271	4
K15272	2
K15273	0
K15274	0
K15275	0
K15276	0
K15277	0
K15278	0
K15279	0
K15280	0
K15281	0
K15282	0
K15283	3
K15284	0
K15285	0
K15286	1
K15287	0
K15288	1
K15289	4
K15290	7
K15291	0
K15292	0
K15293	0
K15294	5
K15295	0
K15296	0
K15297	0
K15298	0
K15299	0
K15300	0
K15301	0
K15302	1
K15303	183
K15304	0
K15305	1
K15306	0
K15307	0
K15308	0
K15309	0
K15310	0
K15311	141
K15312	143
K15313	124
K15314	703
K15315	204
K15316	3
K15317	0
K15318	9
K15319	0
K15320	358
K15321	7
K15322	0
K15323	0
K15324	0
K15325	0
K15326	0
K15327	93
K15328	148
K15329	491
K15331	3
K15332	2
K15333	36
K15334	0
K15335	0
K15336	7
K15337	159
K15338	0
K15340	3
K15341	0
K15342	3370
K15343	0
K15344	0
K15345	0
K15346	1
K15347	0
K15348	0
K15349	0
K15350	10
K15351	0
K15352	263
K15353	3
K15354	1
K15355	63
K15356	0
K15357	132
K15358	139
K15359	232
K15360	0
K15361	11
K15362	6
K15363	34
K15364	0
K15365	1
K15366	135
K15367	4
K15368	11
K15369	11
K15370	0
K15371	2102
K15372	1548
K15373	8
K15374	0
K15375	0
K15376	19
K15377	0
K15378	11
K15379	0
K15380	6
K15381	3
K15382	1104
K15383	571
K15384	0
K15385	0
K15386	0
K15387	25
K15388	0
K15389	0
K15390	0
K15391	0
K15392	0
K15393	3
K15394	3
K15395	350
K15396	4
K15397	1
K15398	0
K15400	0
K15401	0
K15402	0
K15403	0
K15404	0
K15405	0
K15406	0
K15407	0
K15408	40
K15409	0
K15410	6
K15411	1
K15412	0
K15413	0
K15414	0
K15415	0
K15416	4
K15417	0
K15418	0
K15419	0
K15420	0
K15421	69
K15422	26
K15423	0
K15424	6
K15425	0
K15426	0
K15427	0
K15428	19
K15429	7
K15430	2
K15431	4
K15432	0
K15433	0
K15434	0
K15435	19
K15436	1
K15437	59
K15438	3
K15439	0
K15440	0
K15441	3
K15442	5
K15443	1
K15444	293
K15445	5
K15446	9
K15447	0
K15448	1
K15449	0
K15450	0
K15451	101
K15452	0
K15453	0
K15454	1
K15455	0
K15456	0
K15457	0
K15458	0
K15460	4833
K15461	179
K15462	64
K15463	0
K15464	0
K15465	0
K15466	54
K15467	588
K15468	199
K15469	98
K15470	0
K15471	5
K15472	0
K15473	0
K15474	46
K15475	297
K15476	0
K15477	0
K15478	0
K15479	2
K15480	0
K15481	0
K15482	0
K15483	0
K15484	0
K15485	0
K15486	1
K15487	0
K15488	0
K15490	1
K15491	0
K15492	0
K15493	0
K15494	0
K15495	80
K15496	32
K15497	202
K15498	0
K15499	0
K15500	0
K15501	0
K15502	35
K15503	26
K15504	2
K15505	138
K15506	0
K15507	0
K15508	0
K15509	512
K15510	2083
K15511	17
K15512	115
K15513	116
K15514	0
K15515	114
K15516	11
K15517	1
K15518	1227
K15519	1421
K15520	4927
K15521	2814
K15522	13
K15523	3032
K15524	1762
K15525	2500
K15526	2617
K15527	37
K15528	8
K15529	420
K15530	906
K15531	451
K15532	1043
K15533	664
K15534	148
K15535	27
K15536	9
K15537	1218
K15538	152
K15539	4691
K15540	2
K15541	0
K15542	2
K15543	0
K15544	0
K15545	1129
K15546	984
K15547	165
K15548	7
K15549	10
K15550	8
K15551	688
K15552	818
K15553	3917
K15554	4771
K15555	2199
K15556	0
K15557	0
K15558	0
K15559	2
K15560	0
K15561	2
K15562	0
K15563	0
K15564	0
K15565	0
K15566	0
K15567	0
K15568	0
K15569	0
K15570	1
K15571	0
K15572	0
K15573	0
K15574	0
K15575	25
K15576	383
K15577	135
K15578	47
K15579	6
K15580	6170
K15581	3102
K15582	5815
K15583	5332
K15584	849
K15585	1272
K15586	1049
K15587	466
K15588	1
K15589	0
K15590	0
K15591	0
K15592	0
K15593	0
K15594	0
K15595	1
K15596	0
K15598	723
K15599	2506
K15600	257
K15601	0
K15602	0
K15603	0
K15604	0
K15605	0
K15606	0
K15607	0
K15608	0
K15609	0
K15610	0
K15611	0
K15612	0
K15613	0
K15614	0
K15615	0
K15616	0
K15617	0
K15618	0
K15619	0
K15620	891
K15621	0
K15622	0
K15623	0
K15624	0
K15625	0
K15626	0
K15627	0
K15628	0
K15629	1755
K15630	0
K15631	71
K15632	160
K15633	3665
K15634	6605
K15635	434
K15636	0
K15637	552
K15638	0
K15639	0
K15640	1198
K15641	272
K15642	605
K15643	143
K15644	20
K15645	56
K15646	0
K15647	0
K15648	1
K15649	1
K15650	122
K15651	1
K15652	429
K15653	491
K15654	572
K15655	769
K15656	106
K15657	168
K15658	52
K15659	76
K15660	184
K15661	338
K15662	297
K15663	161
K15664	129
K15665	162
K15666	439
K15667	260
K15668	139
K15669	158
K15670	257
K15671	172
K15672	26
K15673	108
K15674	25
K15675	105
K15676	91
K15677	286
K15678	88
K15679	31
K15680	0
K15681	5
K15682	0
K15683	0
K15684	0
K15685	0
K15686	0
K15687	0
K15688	77
K15689	0
K15690	0
K15691	0
K15692	6
K15693	51
K15694	0
K15695	0
K15696	0
K15697	0
K15698	0
K15699	1
K15700	0
K15701	0
K15702	0
K15703	0
K15704	0
K15705	0
K15706	0
K15707	634
K15708	0
K15709	0
K15710	4
K15711	335
K15712	16
K15713	0
K15714	0
K15715	0
K15716	0
K15717	26
K15718	0
K15719	1564
K15720	4
K15721	18
K15722	0
K15723	99
K15724	3421
K15725	111
K15726	74
K15727	245
K15728	1
K15729	4
K15730	1
K15731	0
K15732	0
K15733	1595
K15734	1355
K15735	1676
K15736	1657
K15737	110
K15738	7747
K15739	296
K15740	1107
K15741	6
K15742	0
K15743	12
K15744	151
K15745	6
K15746	3
K15747	0
K15748	2
K15749	0
K15750	58
K15751	92
K15752	16
K15753	0
K15754	49
K15755	65
K15756	16
K15757	10
K15758	10
K15759	0
K15760	96
K15761	90
K15762	569
K15763	102
K15764	104
K15765	37
K15766	0
K15767	0
K15768	3
K15769	0
K15770	4046
K15771	3475
K15772	4000
K15773	4523
K15774	0
K15775	0
K15776	0
K15777	1905
K15778	781
K15779	3764
K15780	8325
K15781	2859
K15782	27
K15783	385
K15784	37
K15785	12
K15786	5
K15787	0
K15789	1161
K15790	1
K15791	0
K15792	30
K15793	1
K15794	1
K15795	0
K15796	0
K15797	0
K15798	0
K15799	0
K15800	0
K15801	0
K15802	0
K15803	0
K15804	0
K15805	0
K15806	0
K15807	0
K15808	0
K15809	0
K15810	24
K15811	0
K15812	0
K15813	4
K15814	0
K15815	0
K15816	0
K15817	0
K15818	0
K15819	0
K15820	0
K15821	0
K15822	0
K15823	0
K15824	0
K15825	495
K15826	0
K15827	2
K15828	2
K15829	72
K15830	415
K15831	169
K15832	357
K15833	2
K15834	73
K15835	1014
K15836	405
K15837	647
K15838	0
K15839	24
K15840	0
K15842	0
K15843	0
K15844	0
K15845	0
K15846	0
K15847	0
K15848	0
K15849	2
K15850	8
K15852	4
K15853	9
K15854	1
K15855	329
K15856	1018
K15857	5
K15858	0
K15859	9
K15860	57
K15861	10
K15862	50
K15863	3
K15864	3
K15865	0
K15866	3428
K15867	0
K15868	1360
K15869	12
K15870	142
K15871	12
K15872	1050
K15873	50
K15874	16
K15876	163
K15877	1
K15878	49
K15879	0
K15884	101
K15885	439
K15886	48
K15887	0
K15888	7
K15889	669
K15890	79
K15891	8
K15892	1
K15893	0
K15894	1108
K15895	17
K15896	577
K15897	777
K15898	614
K15899	95
K15901	0
K15902	0
K15903	0
K15904	59
K15907	157
K15908	0
K15909	0
K15910	0
K15911	12
K15912	9
K15913	433
K15914	135
K15915	3328
K15916	1763
K15918	293
K15919	290
K15920	232
K15921	1647
K15922	103
K15923	1911
K15924	477
K15925	2
K15926	193
K15927	52
K15928	197
K15929	20
K15930	753
K15931	12
K15932	1237
K15933	3
K15934	1
K15935	10
K15936	6
K15937	2
K15938	1
K15939	0
K15941	923
K15942	324
K15943	287
K15944	297
K15945	1232
K15946	7
K15947	34
K15948	19
K15949	433
K15950	25
K15951	6
K15952	12
K15953	103
K15954	8
K15955	42
K15956	85
K15957	233
K15958	4
K15959	1
K15960	26
K15961	3
K15962	20
K15963	29
K15964	1
K15965	1
K15966	7
K15967	1136
K15968	66
K15969	207
K15970	112
K15971	1542
K15972	18
K15973	7089
K15974	4324
K15975	2186
K15976	2791
K15977	4030
K15978	0
K15979	1
K15980	1448
K15981	1434
K15982	1179
K15983	1305
K15984	1658
K15985	0
K15986	4787
K15987	1882
K15988	8
K15989	10
K15990	21
K15991	24
K15992	17
K15993	28
K15994	13
K15995	75
K15996	15
K15997	13
K15998	3
K15999	354
K16000	34
K16001	11
K16002	7
K16003	8
K16004	4
K16005	31
K16006	410
K16007	34
K16008	2
K16009	3
K16010	0
K16011	1132
K16012	3368
K16013	3848
K16014	2291
K16015	141
K16016	166
K16017	217
K16018	126
K16019	1780
K16020	94
K16021	108
K16022	239
K16023	60
K16024	142
K16025	439
K16026	192
K16027	875
K16028	1986
K16029	8
K16030	6
K16031	1
K16032	5
K16033	138
K16034	0
K16035	20
K16036	44
K16037	183
K16038	872
K16039	143
K16040	0
K16041	0
K16042	2
K16043	1958
K16044	3135
K16045	526
K16046	976
K16047	1642
K16048	2622
K16049	1018
K16050	1476
K16051	1333
K16052	2210
K16053	144
K16054	0
K16055	68
K16056	0
K16057	0
K16058	0
K16059	1
K16060	0
K16061	0
K16062	0
K16063	0
K16064	0
K16065	0
K16066	5142
K16067	0
K16068	0
K16069	0
K16070	0
K16071	1
K16072	3
K16073	2
K16074	92
K16075	40
K16076	8
K16077	5
K16078	24
K16079	26
K16080	18
K16081	21
K16082	0
K16083	0
K16084	0
K16085	0
K16086	0
K16087	83
K16088	6
K16089	114
K16090	101
K16091	6
K16092	183
K16093	365
K16094	220
K16095	649
K16096	4
K16097	138
K16098	7
K16099	43
K16100	6
K16101	6
K16102	8
K16103	13
K16104	48
K16105	180
K16106	37
K16107	9
K16108	51
K16109	6
K16110	13
K16111	7
K16112	36
K16113	29
K16114	5
K16115	10
K16116	5
K16117	262
K16118	868
K16122	45
K16123	480
K16124	1741
K16125	42
K16126	9
K16127	271
K16128	17
K16129	33
K16130	172
K16131	70
K16132	90
K16133	43
K16134	26
K16135	411
K16136	30
K16137	3876
K16138	2862
K16139	151
K16140	0
K16141	3
K16142	0
K16143	66
K16144	0
K16145	3
K16146	2433
K16147	3110
K16148	2699
K16149	1400
K16150	4223
K16151	3
K16152	2
K16153	2307
K16157	0
K16158	11
K16159	11
K16160	7
K16161	50
K16162	2
K16163	2307
K16164	2715
K16165	558
K16166	0
K16167	2234
K16168	2093
K16169	2921
K16170	206
K16171	914
K16172	0
K16173	550
K16174	0
K16175	13
K16176	25
K16177	6
K16178	13
K16179	522
K16180	66
K16181	58
K16182	38
K16183	804
K16184	0
K16185	0
K16186	0
K16188	912
K16189	0
K16190	0
K16191	1042
K16192	290
K16193	1232
K16194	1
K16195	3
K16196	4
K16197	0
K16198	0
K16199	805
K16200	1623
K16201	911
K16202	372
K16203	1426
K16204	0
K16205	0
K16206	0
K16207	0
K16208	0
K16209	628
K16210	341
K16211	1196
K16212	306
K16213	477
K16214	940
K16215	50
K16216	996
K16217	466
K16218	447
K16219	0
K16220	5
K16221	0
K16222	1
K16223	0
K16224	0
K16225	0
K16226	6
K16227	968
K16228	837
K16229	630
K16230	0
K16231	3
K16232	82
K16233	169
K16234	452
K16235	863
K16236	131
K16237	1075
K16238	1549
K16239	219
K16240	1
K16241	0
K16242	61
K16243	28
K16244	28
K16245	25
K16246	189
K16247	1452
K16248	217
K16249	0
K16250	33
K16251	0
K16252	0
K16253	0
K16254	3
K16255	0
K16256	1
K16257	1
K16258	0
K16259	30
K16260	1227
K16261	2
K16262	4
K16263	826
K16264	5994
K16265	0
K16266	0
K16267	427
K16268	0
K16269	0
K16270	1
K16271	0
K16272	0
K16273	0
K16274	0
K16275	0
K16276	422
K16277	0
K16278	0
K16279	0
K16280	0
K16281	0
K16282	0
K16283	0
K16284	0
K16285	0
K16286	0
K16287	0
K16288	303
K16289	6
K16290	0
K16291	3408
K16292	20
K16293	33
K16294	104
K16295	0
K16296	0
K16297	0
K16298	0
K16301	2828
K16302	2
K16303	184
K16304	19
K16305	62
K16306	313
K16307	3
K16308	113
K16309	0
K16310	5
K16311	0
K16312	0
K16313	0
K16314	0
K16315	0
K16316	2
K16317	0
K16318	534
K16319	34
K16320	724
K16321	150
K16322	15
K16323	984
K16324	3
K16325	0
K16326	1549
K16327	618
K16328	1295
K16329	1659
K16330	124
K16331	325
K16332	0
K16333	0
K16334	0
K16335	0
K16336	0
K16337	0
K16338	1
K16339	2046
K16340	17
K16341	0
K16342	0
K16343	18
K16344	0
K16345	1335
K16346	1
K16347	4
K16348	7
K16349	1
K16350	1
K16351	60
K16352	0
K16353	173
K16354	0
K16355	0
K16356	0
K16357	0
K16358	5
K16359	0
K16360	21
K16361	3
K16362	2
K16363	19
K16364	2
K16365	72
K16366	0
K16367	0
K16368	4
K16369	0
K16370	485
K16371	455
K16372	364
K16373	21
K16374	114
K16375	7
K16376	27
K16377	10
K16378	135
K16379	5
K16380	367
K16381	286
K16382	23
K16383	145
K16384	652
K16385	255
K16386	443
K16387	48
K16388	95
K16389	102
K16390	252
K16391	19
K16392	65
K16393	306
K16394	1
K16395	87
K16396	8
K16397	176
K16398	16
K16399	1
K16400	32
K16401	17
K16402	16
K16403	33
K16404	0
K16405	1
K16406	18
K16407	0
K16408	6
K16409	9
K16410	4
K16411	0
K16412	6
K16413	97
K16414	25
K16415	5
K16416	1897
K16417	52
K16418	71
K16419	92
K16420	20
K16421	253
K16422	2548
K16423	300
K16424	162
K16425	146
K16426	168
K16427	164
K16428	295
K16429	401
K16430	121
K16431	274
K16432	74
K16433	140
K16434	1028
K16435	471
K16436	234
K16437	1051
K16438	409
K16439	2
K16440	8
K16442	7
K16443	3
K16444	1275
K16445	66
K16446	244
K16447	8
K16448	135
K16449	0
K16450	28
K16451	6
K16452	8
K16453	0
K16454	0
K16455	0
K16456	0
K16457	0
K16458	2
K16459	2
K16460	6
K16461	101
K16462	19
K16463	1
K16464	186
K16465	36
K16466	0
K16467	4
K16468	3
K16469	26
K16470	0
K16471	0
K16472	0
K16473	1
K16474	34
K16475	9
K16476	6
K16477	54
K16478	0
K16479	5
K16480	0
K16481	5
K16482	112
K16483	0
K16484	0
K16485	0
K16486	0
K16487	88
K16488	6
K16489	1
K16490	3
K16491	0
K16492	1
K16493	0
K16494	0
K16495	0
K16496	3
K16497	0
K16498	5
K16499	0
K16500	4
K16501	0
K16502	2
K16503	15
K16504	4
K16505	1
K16506	62
K16507	44
K16509	3274
K16510	18
K16511	3983
K16512	0
K16513	0
K16514	327
K16515	289
K16516	41
K16517	0
K16518	6
K16519	0
K16520	0
K16521	0
K16522	1
K16523	0
K16524	0
K16525	0
K16526	0
K16527	0
K16528	0
K16529	0
K16530	0
K16531	206
K16532	4
K16533	32
K16534	2
K16535	0
K16536	71
K16537	0
K16538	3
K16539	0
K16540	0
K16541	0
K16542	2
K16543	7
K16544	0
K16545	0
K16546	0
K16547	7
K16548	0
K16549	4
K16550	3
K16551	19
K16552	7
K16553	2
K16554	788
K16555	1241
K16556	284
K16557	1371
K16558	160
K16559	2115
K16560	83
K16561	2
K16562	5
K16563	13
K16564	7
K16565	1
K16566	1852
K16567	2031
K16568	6620
K16569	0
K16570	0
K16571	0
K16572	0
K16573	0
K16574	0
K16575	0
K16576	0
K16578	0
K16579	0
K16580	0
K16581	0
K16582	7
K16583	0
K16584	0
K16585	0
K16586	0
K16587	0
K16588	0
K16589	0
K16590	0
K16591	0
K16593	1305
K16594	28
K16595	0
K16596	0
K16597	0
K16598	0
K16599	0
K16600	0
K16601	24
K16602	2
K16603	7
K16604	0
K16605	6
K16606	0
K16607	0
K16608	0
K16609	0
K16610	0
K16611	0
K16612	0
K16613	0
K16614	0
K16615	0
K16616	0
K16617	1
K16618	3
K16619	385
K16620	3
K16621	34
K16622	0
K16623	46
K16624	222
K16625	26
K16626	27
K16627	0
K16628	218
K16629	6
K16630	2
K16631	0
K16632	0
K16633	0
K16634	31
K16635	6
K16636	0
K16637	2
K16638	0
K16639	3924
K16640	0
K16641	0
K16642	0
K16643	15
K16644	25
K16645	1548
K16646	0
K16647	1152
K16648	1913
K16649	2353
K16650	1785
K16651	859
K16652	1596
K16653	1891
K16654	116
K16655	0
K16656	0
K16657	0
K16658	0
K16659	3
K16660	0
K16661	0
K16662	0
K16663	4
K16664	2
K16665	0
K16666	0
K16667	9
K16668	0
K16669	79
K16670	0
K16671	1
K16672	0
K16673	0
K16674	0
K16675	0
K16676	0
K16677	0
K16678	8
K16679	0
K16680	4
K16681	10
K16682	0
K16683	0
K16684	1
K16685	0
K16686	0
K16687	0
K16688	1
K16689	0
K16690	0
K16691	0
K16692	69
K16693	12
K16694	1172
K16695	1433
K16696	3
K16697	1440
K16698	3720
K16699	1114
K16700	93
K16701	5
K16702	1223
K16703	958
K16704	946
K16705	1215
K16706	136
K16707	2
K16708	0
K16709	2
K16710	3070
K16711	0
K16712	1
K16713	0
K16714	0
K16715	0
K16717	1
K16718	44
K16719	0
K16720	1
K16721	0
K16722	0
K16724	1
K16725	4
K16726	6
K16727	1
K16728	21
K16729	0
K16731	70
K16732	5
K16733	0
K16734	0
K16735	0
K16737	0
K16738	0
K16739	0
K16740	1
K16741	0
K16742	0
K16743	0
K16744	0
K16745	1
K16746	0
K16747	0
K16748	0
K16749	0
K16750	0
K16751	0
K16752	0
K16753	0
K16754	13
K16755	24
K16756	14
K16757	0
K16758	2
K16759	3
K16760	7
K16761	0
K16762	5
K16763	15
K16764	0
K16765	0
K16766	0
K16767	1
K16768	0
K16769	0
K16770	30
K16771	0
K16772	0
K16773	0
K16774	0
K16775	8
K16776	0
K16777	0
K16778	2
K16779	0
K16780	7
K16781	9
K16782	0
K16783	1282
K16784	1353
K16785	6807
K16786	5723
K16787	5260
K16788	1428
K16789	3476
K16790	0
K16791	0
K16792	200
K16793	459
K16794	39
K16795	61
K16796	0
K16797	0
K16798	0
K16799	0
K16800	0
K16801	0
K16802	2
K16803	0
K16804	0
K16805	0
K16806	1
K16807	0
K16808	223
K16809	4
K16810	0
K16811	0
K16812	0
K16813	0
K16814	0
K16815	10
K16816	0
K16817	191
K16818	199
K16819	0
K16820	0
K16821	0
K16822	0
K16823	0
K16824	0
K16825	0
K16826	0
K16827	0
K16828	0
K16829	0
K16830	8
K16831	0
K16832	0
K16833	0
K16834	0
K16835	0
K16836	0
K16837	0
K16838	190
K16839	2403
K16840	1666
K16841	1475
K16842	748
K16843	177
K16844	71
K16845	69
K16846	72
K16847	0
K16848	2
K16849	435
K16850	487
K16851	0
K16852	0
K16853	1
K16854	2
K16855	1
K16856	268
K16857	3
K16858	0
K16859	0
K16860	23
K16861	0
K16862	429
K16865	0
K16866	291
K16867	0
K16868	5199
K16869	1164
K16870	4671
K16871	39
K16872	3
K16873	398
K16874	237
K16875	2
K16876	82
K16877	76
K16878	219
K16879	10
K16880	72
K16881	1557
K16882	1
K16883	0
K16884	0
K16885	35
K16886	44
K16887	273
K16888	2
K16889	0
K16890	1
K16891	0
K16892	0
K16893	0
K16894	0
K16895	0
K16896	0
K16897	0
K16898	5662
K16899	6305
K16900	0
K16901	311
K16902	861
K16903	0
K16904	3338
K16905	720
K16906	786
K16907	1081
K16908	5
K16909	0
K16910	116
K16911	13
K16912	0
K16913	0
K16914	652
K16915	260
K16916	122
K16917	121
K16918	1432
K16919	2671
K16920	281
K16921	4566
K16922	1370
K16923	1526
K16924	2197
K16925	3382
K16926	2038
K16927	2861
K16928	61
K16929	34
K16930	0
K16931	0
K16932	4
K16933	1
K16934	0
K16935	0
K16936	0
K16937	3102
K16938	0
K16939	0
K16940	0
K16941	0
K16942	0
K16943	0
K16944	0
K16945	0
K16946	0
K16947	1
K16948	0
K16949	1
K16950	593
K16951	1104
K16952	0
K16953	13
K16954	1
K16955	0
K16956	294
K16957	1066
K16958	1162
K16959	1210
K16960	826
K16961	533
K16962	404
K16963	185
K16964	0
K16965	1
K16966	0
K16967	0
K16968	1
K16969	4
K17043	0
K17044	0
K17045	0
K17046	0
K17047	0
K17048	0
K17049	0
K17050	0
K17051	0
K17052	0
K17053	0
K17054	0
K17055	0
K17056	0
K17057	0
K17058	0
K17059	0
K17060	8
K17061	1
K17062	290
K17063	39
K17064	1079
K17065	3
K17066	13
K17067	238
K17068	80
K17069	98
K17070	0
K17071	126
K17072	37
K17073	2069
K17074	613
K17076	1779
K17077	3057
K17078	237
K17079	1
K17080	518
K17081	184
K17082	0
K17083	0
K17084	0
K17085	0
K17086	0
K17087	0
K17088	0
K17089	0
K17090	0
K17091	1
K17092	0
K17093	0
K17094	1
K17095	1
K17096	0
K17097	0
K17098	0
K17099	1
K17100	2510
K17101	0
K17102	0
K17103	3435
K17104	16
K17105	1094
K17106	0
K17107	0
K17108	270
K17192	0
K17193	0
K17194	0
K17195	377
K17196	0
K17197	0
K17198	0
K17199	26
K17200	0
K17201	0
K17202	117
K17203	114
K17204	113
K17205	3
K17206	329
K17207	5
K17208	1
K17209	4
K17210	2
K17211	0
K17212	9
K17213	574
K17214	233
K17215	193
K17216	1326
K17217	2126
K17218	1053
K17219	5
K17220	3
K17221	0
K17222	9
K17223	25
K17224	90
K17225	119
K17226	12
K17227	9
K17228	1621
K17229	10
K17230	14
K17231	448
K17232	0
K17233	0
K17234	493
K17235	474
K17236	513
K17237	39
K17238	39
K17239	41
K17240	7
K17241	309
K17242	284
K17243	290
K17244	1040
K17245	829
K17246	853
K17247	1221
K17248	58
K17249	101
K17250	48
K17251	0
K17252	2
K17253	655
K17254	1
K17255	0
K17256	434
K17257	540
K17258	0
K17259	0
K17260	1
K17261	0
K17262	0
K17263	4
K17264	0
K17265	0
K17266	3
K17267	0
K17268	17
K17269	0
K17270	0
K17271	1
K17272	0
K17273	0
K17274	0
K17275	0
K17276	0
K17277	0
K17278	483
K17279	0
K17280	0
K17281	1
K17282	0
K17283	0
K17284	0
K17285	217
K17286	1855
K17287	0
K17288	0
K17289	0
K17290	902
K17291	0
K17292	0
K17293	0
K17294	0
K17295	10
K17296	0
K17297	3
K17298	0
K17299	1
K17300	0
K17301	0
K17302	0
K17303	0
K17304	5
K17305	1
K17306	0
K17307	0
K17308	0
K17309	14
K17310	0
K17311	32
K17312	26
K17313	27
K17314	1
K17315	398
K17316	345
K17317	364
K17318	3181
K17319	2582
K17320	2425
K17321	14
K17322	16
K17323	15
K17324	36
K17325	33
K17326	1064
K17327	596
K17328	583
K17329	1251
K17330	1187
K17331	1327
K17332	0
K17333	0
K17334	0
K17335	0
K17336	0
K17337	0
K17338	0
K17339	0
K17340	0
K17341	166
K17342	0
K17343	5
K17344	0
K17345	0
K17346	0
K17347	0
K17348	0
K17349	2
K17350	0
K17351	0
K17352	1
K17353	0
K17354	5
K17355	0
K17356	0
K17357	0
K17358	0
K17359	0
K17360	185
K17361	3
K17362	773
K17363	2304
K17364	0
K17382	59
K17383	0
K17384	0
K17385	0
K17386	0
K17387	0
K17388	1
K17390	0
K17391	0
K17392	0
K17398	42
K17399	22
K17400	0
K17401	0
K17402	1
K17403	0
K17404	0
K17405	1
K17406	0
K17407	0
K17408	0
K17409	0
K17410	0
K17411	0
K17412	0
K17413	0
K17414	0
K17415	0
K17417	1
K17418	0
K17419	0
K17420	0
K17421	0
K17422	0
K17423	0
K17424	0
K17425	0
K17426	29
K17427	0
K17428	0
K17429	0
K17430	0
K17431	0
K17432	0
K17433	0
K17434	2
K17435	0
K17436	0
K17437	0
K17438	0
K17439	1
K17440	0
K17441	0
K17442	0
K17443	0
K17444	0
K17445	0
K17446	0
K17447	0
K17448	0
K17449	0
K17450	9
K17451	0
K17452	0
K17453	0
K17454	0
K17455	15
K17456	3
K17457	0
K17458	0
K17459	14
K17460	0
K17461	2
K17462	2265
K17463	766
K17464	117
K17465	995
K17466	453
K17467	805
K17468	773
K17469	0
K17470	1
K17471	5
K17472	3374
K17473	142
K17474	366
K17475	0
K17476	20
K17477	0
K17478	40
K17479	9
K17480	0
K17481	2
K17482	0
K17483	174
K17484	219
K17485	66
K17486	97
K17487	71
K17488	10
K17489	94
K17490	177
K17491	0
K17492	0
K17493	5
K17494	0
K17495	0
K17496	0
K17497	134
K17498	0
K17499	0
K17500	0
K17501	7
K17502	0
K17503	0
K17504	0
K17505	2
K17506	3
K17507	0
K17508	16
K17509	159
K17510	0
K17511	0
K17512	16
K17513	14
K17514	0
K17515	0
K17516	0
K17517	0
K17518	0
K17519	0
K17520	0
K17521	0
K17522	0
K17523	1
K17524	0
K17525	0
K17526	0
K17527	119
K17528	0
K17529	0
K17530	0
K17531	1
K17532	2
K17533	0
K17534	0
K17535	3
K17536	0
K17537	0
K17538	0
K17539	11
K17540	0
K17541	0
K17542	0
K17543	0
K17544	3
K17545	12
K17546	5
K17547	0
K17548	0
K17549	0
K17550	228
K17551	1
K17552	0
K17553	0
K17554	5
K17555	0
K17556	0
K17557	0
K17558	0
K17559	0
K17560	2
K17561	0
K17562	0
K17563	0
K17564	0
K17565	0
K17566	10
K17567	0
K17568	0
K17569	0
K17570	11
K17571	0
K17572	0
K17573	20
K17574	0
K17575	0
K17576	3
K17577	0
K17578	0
K17579	0
K17580	7
K17581	0
K17582	1
K17583	1
K17584	0
K17586	0
K17587	0
K17588	2
K17589	23
K17590	0
K17591	13
K17592	300
K17593	1
K17594	0
K17595	0
K17596	0
K17597	1
K17598	0
K17599	0
K17600	0
K17601	4
K17602	0
K17603	0
K17604	2
K17605	0
K17606	0
K17607	0
K17608	4
K17609	22
K17610	0
K17611	0
K17612	0
K17613	0
K17614	3
K17615	0
K17616	0
K17617	2
K17618	0
K17619	0
K17620	0
K17621	0
K17622	0
K17623	346
K17624	1165
K17625	125
K17626	0
K17630	0
K17631	0
K17632	1
K17633	0
K17634	0
K17635	0
K17636	0
K17637	0
K17638	0
K17639	0
K17640	1039
K17641	1379
K17642	0
K17643	5
K17644	94
K17645	0
K17646	2
K17647	0
K17648	646
K17649	0
K17650	0
K17651	0
K17652	2
K17653	0
K17654	0
K17655	5
K17656	0
K17657	0
K17658	8
K17659	0
K17660	0
K17661	0
K17662	13
K17663	1
K17664	0
K17665	0
K17666	0
K17667	0
K17668	0
K17669	2
K17670	0
K17671	0
K17672	0
K17673	0
K17674	0
K17675	774
K17676	1
K17677	2492
K17678	0
K17679	6
K17680	343
K17681	1
K17682	0
K17683	0
K17685	0
K17686	7995
K17687	0
K17689	0
K17690	0
K17691	0
K17692	0
K17693	0
K17694	0
K17695	0
K17696	0
K17697	0
K17698	0
K17699	0
K17700	0
K17701	8
K17702	0
K17703	0
K17704	0
K17705	5
K17706	0
K17707	0
K17708	0
K17709	0
K17710	8
K17711	0
K17712	0
K17713	2946
K17714	0
K17715	0
K17716	794
K17717	75
K17718	0
K17719	0
K17720	0
K17721	0
K17722	601
K17723	879
K17724	974
K17725	83
K17726	0
K17728	0
K17729	0
K17730	0
K17731	0
K17732	622
K17733	1673
K17734	2763
K17735	578
K17736	459
K17737	1981
K17738	69
K17739	16
K17740	155
K17741	336
K17742	358
K17743	1
K17744	3
K17745	5
K17746	0
K17747	32
K17748	17
K17749	28
K17750	20
K17751	3
K17752	1976
K17753	0
K17754	239
K17755	942
K17756	456
K17757	0
K17758	2808
K17759	3
K17760	56
K17761	1
K17762	1416
K17763	1438
K17764	2
K17765	0
K17766	7
K17767	0
K17768	195
K17769	0
K17770	0
K17771	0
K17772	0
K17773	0
K17774	0
K17775	0
K17776	4
K17777	0
K17778	7
K17779	0
K17780	0
K17781	0
K17782	0
K17783	5
K17784	0
K17785	6
K17786	0
K17787	0
K17788	0
K17789	0
K17790	0
K17791	0
K17792	0
K17793	0
K17794	0
K17795	0
K17796	0
K17797	10
K17798	9
K17799	0
K17800	0
K17801	0
K17802	0
K17803	1747
K17804	15
K17805	0
K17806	0
K17807	0
K17808	0
K17809	0
K17810	3342
K17811	46
K17812	0
K17813	0
K17814	2
K17815	1
K17816	1339
K17817	16
K17818	512
K17819	1
K17820	1
K17821	0
K17822	0
K17823	0
K17824	0
K17825	95
K17826	0
K17827	0
K17828	4854
K17829	876
K17830	2543
K17831	82
K17832	269
K17833	0
K17834	4
K17835	248
K17836	5530
K17837	1557
K17838	340
K17839	641
K17840	1353
K17841	18
K17842	2
K17843	0
K17844	0
K17845	0
K17846	0
K17847	0
K17848	0
K17849	0
K17850	11
K17851	5
K17852	0
K17853	0
K17854	0
K17861	0
K17862	1
K17863	0
K17864	0
K17865	4281
K17866	0
K17867	158
K17868	0
K17869	1354
K17870	458
K17872	153
K17873	0
K17874	0
K17875	0
K17876	1389
K17877	46
K17878	0
K17879	1885
K17880	1779
K17881	9
K17882	286
K17883	1590
K17884	2905
K17885	0
K17886	2
K17887	0
K17888	0
K17889	33
K17890	47
K17891	1
K17892	148
K17893	77
K17894	0
K17895	0
K17896	0
K17897	0
K17898	181
K17899	182
K17900	204
K17901	0
K17902	3
K17903	0
K17904	0
K17905	0
K17906	0
K17907	1
K17908	0
K17909	0
K17910	2292
K17911	10
K17912	0
K17913	0
K17914	1
K17915	4
K17916	3
K17917	8
K17918	0
K17919	1
K17920	0
K17921	0
K17922	0
K17923	0
K17924	0
K17925	0
K17926	0
K17927	0
K17928	6
K17929	0
K17930	0
K17931	0
K17932	1
K17933	0
K17934	0
K17935	0
K17936	0
K17937	0
K17938	6
K17939	2
K17940	8
K17941	0
K17942	1
K17943	0
K17944	0
K17945	22
K17946	0
K17947	1632
K17948	59
K17949	0
K17950	1096
K17951	0
K17952	0
K17953	14
K17958	0
K17960	17
K17961	0
K17962	0
K17963	1
K17964	6
K17965	0
K17966	0
K17967	0
K17968	0
K17969	3
K17970	12
K17971	0
K17972	3
K17973	7
K17974	0
K17975	11
K17976	0
K17977	0
K17978	1
K17979	0
K17980	0
K17981	0
K17982	1
K17983	0
K17984	0
K17985	0
K17986	0
K17987	162
K17988	9
K17989	1
K17990	230
K17991	0
K17992	404
K17993	476
K17994	481
K17995	56
K17996	579
K17997	492
K17998	8
K17999	522
K18000	1
K18001	0
K18002	0
K18003	5
K18004	17
K18005	35
K18006	31
K18007	95
K18008	2
K18009	5648
K18010	0
K18011	364
K18012	372
K18013	1747
K18014	537
K18015	0
K18016	27
K18017	3
K18018	2
K18019	0
K18020	0
K18021	0
K18022	4
K18023	182
K18024	0
K18025	0
K18026	0
K18027	3
K18028	246
K18029	67
K18030	68
K18031	21
K18032	41
K18033	8
K18034	264
K18035	0
K18036	3
K18037	2
K18038	0
K18039	9
K18040	0
K18041	19
K18042	1
K18043	0
K18044	0
K18045	9
K18046	0
K18047	6
K18048	0
K18049	16
K18050	2
K18051	0
K18052	0
K18053	342
K18054	460
K18055	56
K18056	32
K18057	26
K18058	772
K18059	548
K18060	1
K18061	0
K18062	245
K18063	9
K18064	1
K18065	0
K18066	6
K18067	68
K18068	166
K18069	162
K18070	11
K18071	149
K18072	40
K18073	10
K18074	14
K18075	14
K18076	14
K18077	0
K18078	117
K18079	7
K18080	0
K18081	0
K18082	0
K18083	0
K18084	0
K18085	0
K18086	0
K18087	39
K18088	3
K18089	0
K18090	0
K18091	894
K18092	257
K18093	2
K18094	1
K18095	4
K18096	33
K18097	9
K18098	470
K18099	0
K18100	2
K18101	219
K18102	4
K18103	0
K18104	2180
K18105	1
K18106	2
K18107	4
K18108	0
K18109	151
K18110	58
K18111	139
K18112	0
K18113	0
K18114	0
K18115	924
K18116	0
K18117	0
K18118	1007
K18119	165
K18120	331
K18121	19
K18122	1207
K18123	40
K18124	0
K18125	0
K18126	1
K18127	0
K18128	0
K18129	45
K18130	31
K18131	57
K18132	0
K18133	1
K18134	0
K18135	1353
K18136	1548
K18137	16
K18138	222
K18139	39
K18140	554
K18141	72
K18142	6
K18143	61
K18144	21
K18145	2
K18146	2
K18147	0
K18148	142
K18149	363
K18150	0
K18151	26
K18152	0
K18153	95
K18154	0
K18155	0
K18156	2
K18157	0
K18158	0
K18159	182
K18160	0
K18161	0
K18162	153
K18163	14
K18164	816
K18165	0
K18166	148
K18167	1
K18168	0
K18169	92
K18170	0
K18171	0
K18172	0
K18173	3
K18174	0
K18175	0
K18176	0
K18177	0
K18178	0
K18179	0
K18180	1
K18181	0
K18182	0
K18183	0
K18184	0
K18185	0
K18186	0
K18187	0
K18188	0
K18189	8425
K18190	0
K18191	0
K18192	0
K18193	0
K18194	0
K18195	196
K18196	0
K18197	717
K18198	433
K18199	2384
K18200	113
K18201	484
K18202	0
K18203	31
K18204	582
K18205	693
K18206	1024
K18207	17
K18208	501
K18209	1240
K18210	504
K18211	3
K18212	0
K18213	0
K18214	964
K18215	658
K18216	304
K18217	369
K18218	1662
K18219	2
K18220	3028
K18221	829
K18222	0
K18223	172
K18224	184
K18225	499
K18226	167
K18227	3
K18228	0
K18229	94
K18230	2280
K18231	2712
K18232	2206
K18233	3347
K18234	1919
K18235	2845
K18236	558
K18237	46
K18239	67
K18240	9
K18241	0
K18242	2
K18243	25
K18244	4316
K18245	0
K18246	0
K18247	0
K18248	271
K18249	65
K18250	1
K18251	305
K18252	308
K18253	95
K18254	156
K18255	275
K18256	330
K18257	54
K18258	61
K18259	0
K18260	0
K18261	0
K18262	0
K18263	474
K18264	0
K18265	0
K18266	1
K18267	0
K18268	13
K18269	0
K18270	0
K18271	1
K18272	0
K18273	13
K18274	0
K18275	95
K18276	40
K18277	191
K18278	0
K18279	0
K18280	0
K18281	0
K18282	65
K18283	73
K18284	10
K18285	1092
K18286	912
K18287	677
K18288	29
K18289	1104
K18290	2188
K18291	11
K18292	414
K18293	45
K18294	1840
K18295	10
K18296	3
K18297	86
K18298	2
K18299	16
K18300	15
K18301	3228
K18302	542
K18303	280
K18304	26
K18305	975
K18306	264
K18307	11
K18308	2
K18309	13
K18310	11
K18311	1
K18312	3
K18313	1365
K18314	25
K18315	7
K18316	2
K18317	3
K18318	0
K18319	5
K18320	780
K18321	6
K18322	0
K18323	4
K18324	2
K18325	57
K18326	499
K18327	0
K18328	7
K18329	0
K18330	419
K18331	530
K18332	1576
K18333	81
K18334	910
K18335	29
K18336	4359
K18337	7
K18338	0
K18339	0
K18340	0
K18341	1
K18342	2
K18343	0
K18344	674
K18345	2533
K18346	3213
K18347	387
K18348	827
K18349	3074
K18350	3276
K18351	1436
K18352	1408
K18353	3099
K18354	743
K18355	24
K18356	25
K18357	7
K18358	6
K18359	114
K18360	15
K18361	4
K18362	32
K18363	0
K18364	419
K18365	1270
K18366	279
K18367	4039
K18368	0
K18369	4113
K18370	16
K18371	63
K18372	1656
K18373	1
K18374	0
K18375	0
K18376	0
K18377	3
K18378	0
K18379	0
K18380	1
K18381	0
K18382	384
K18383	88
K18384	0
K18385	0
K18386	2
K18387	220
K18388	0
K18389	0
K18390	0
K18391	0
K18392	0
K18393	0
K18394	0
K18395	0
K18396	1
K18397	0
K18398	1772
K18399	77
K18400	0
K18401	0
K18402	7
K18403	0
K18404	0
K18405	0
K18406	0
K18407	0
K18408	0
K18409	0
K18410	159
K18411	0
K18412	0
K18413	0
K18414	0
K18415	0
K18416	463
K18417	1
K18418	1
K18419	0
K18420	28
K18421	5
K18422	195
K18423	0
K18424	1028
K18425	2179
K18426	0
K18427	117
K18428	117
K18429	158
K18430	688
K18431	656
K18433	277
K18434	1428
K18435	1
K18436	0
K18437	1
K18438	69
K18439	0
K18440	0
K18441	0
K18442	0
K18443	3
K18444	95
K18445	1193
K18446	4991
K18447	3
K18448	0
K18449	1
K18450	0
K18451	0
K18452	0
K18453	69
K18454	479
K18455	2785
K18456	1453
K18457	1455
K18458	1
K18459	330
K18460	0
K18461	0
K18462	0
K18463	0
K18464	0
K18465	0
K18466	0
K18467	0
K18468	0
K18469	0
K18470	0
K18471	974
K18472	1034
K18473	0
K18474	994
K18475	734
K18476	4339
K18477	9
K18478	2231
K18479	623
K18480	13
K18481	1490
K18482	1
K18483	0
K18484	0
K18485	0
K18486	0
K18487	0
K18488	0
K18489	0
K18490	0
K18491	157
K18492	0
K18493	0
K18494	0
K18495	0
K18496	0
K18497	0
K18498	0
K18499	1
K18500	35
K18501	58
K18529	1
K18530	44
K18531	72
K18532	155
K18533	120
K18534	3769
K18535	538
K18536	20
K18537	40
K18538	457
K18539	391
K18540	1033
K18541	7
K18542	9
K18543	13
K18544	132
K18545	1331
K18546	2083
K18547	699
K18548	119
K18549	15
K18550	0
K18551	13
K18552	3
K18553	1142
K18554	1949
K18555	4322
K18556	23
K18557	17
K18558	0
K18559	0
K18560	27
K18561	16
K18562	185
K18563	1
K18564	1
K18565	9
K18566	69
K18567	2212
K18568	2583
K18569	636
K18570	1
K18571	116
K18572	2354
K18573	540
K18574	4
K18575	2040
K18576	585
K18577	134
K18578	1515
K18579	538
K18580	7
K18581	1115
K18582	6
K18583	10
K18584	0
K18585	62
K18586	141
K18587	21
K18588	35
K18589	34
K18590	174
K18591	273
K18592	0
K18593	1
K18594	203
K18595	4
K18596	0
K18597	10
K18598	7
K18599	7
K18600	2
K18601	3
K18602	0
K18603	0
K18604	2
K18605	13
K18606	131
K18607	64
K18608	540
K18609	93
K18610	99
K18611	44
K18612	24
K18613	48
K18614	47
K18615	0
K18616	1
K18617	0
K18618	0
K18619	1
K18620	4
K18621	0
K18622	78
K18623	0
K18624	1
K18625	0
K18626	3
K18627	0
K18628	0
K18629	0
K18630	2
K18631	0
K18632	0
K18633	0
K18634	0
K18635	0
K18636	0
K18637	116
K18638	0
K18639	0
K18640	1488
K18641	0
K18642	1
K18643	16
K18644	0
K18645	0
K18646	1
K18647	0
K18648	0
K18649	47
K18650	705
K18651	60
K18652	132
K18653	128
K18654	328
K18655	0
K18656	0
K18657	2
K18658	0
K18659	0
K18660	9
K18661	607
K18663	3
K18664	2
K18665	345
K18666	0
K18667	0
K18668	3
K18669	0
K18670	0
K18671	0
K18672	5170
K18673	2558
K18674	5
K18675	292
K18676	2676
K18677	36
K18678	374
K18679	0
K18680	0
K18681	2
K18682	5408
K18683	8
K18684	0
K18685	1
K18686	18
K18687	1323
K18688	1326
K18689	0
K18690	16
K18691	395
K18692	3309
K18693	5
K18694	41
K18695	5
K18696	8
K18697	924
K18698	126
K18699	0
K18700	1532
K18701	737
K18702	2390
K18703	496
K18704	1104
K18705	0
K18706	768
K18707	2963
K18708	0
K18709	1
K18710	0
K18711	0
K18712	0
K18713	0
K18714	0
K18715	0
K18716	3
K18717	0
K18718	0
K18719	11
K18720	0
K18721	0
K18722	0
K18723	5
K18724	0
K18725	0
K18726	1
K18727	0
K18728	0
K18729	7
K18730	0
K18731	0
K18732	61
K18733	0
K18734	0
K18735	0
K18736	0
K18737	16
K18738	0
K18739	1
K18740	0
K18741	0
K18742	0
K18743	0
K18744	0
K18745	0
K18746	0
K18747	0
K18748	0
K18749	0
K18750	1
K18751	0
K18752	0
K18753	0
K18754	2
K18755	0
K18756	2
K18757	0
K18758	0
K18759	0
K18760	0
K18761	0
K18762	0
K18763	0
K18764	261
K18765	6
K18766	258
K18767	423
K18768	842
K18769	1
K18770	671
K18772	0
K18773	0
K18774	0
K18775	444
K18776	0
K18777	0
K18778	3
K18779	103
K18780	1
K18781	5
K18782	3
K18783	81
K18784	5
K18785	425
K18786	56
K18787	51
K18788	3
K18789	2
K18790	0
K18791	5
K18792	0
K18793	0
K18794	0
K18795	0
K18796	13
K18797	0
K18798	0
K18799	345
K18800	18
K18801	6
K18802	524
K18803	0
K18804	0
K18806	1
K18807	15
K18808	256
K18809	296
K18810	0
K18811	0
K18812	0
K18813	0
K18814	1865
K18815	2551
K18816	1590
K18817	285
K18818	0
K18819	7
K18820	184
K18821	1392
K18822	0
K18823	0
K18824	26
K18825	1
K18826	0
K18827	32
K18828	1516
K18829	162
K18830	2556
K18831	3207
K18832	0
K18833	422
K18834	0
K18835	0
K18836	3
K18837	0
K18838	1
K18839	2
K18840	2
K18841	763
K18842	229
K18843	2273
K18844	1281
K18845	38
K18846	50
K18847	90
K18848	2
K18849	0
K18850	431
K18851	1583
K18852	787
K18853	68
K18854	0
K18855	825
K18856	390
K18857	2
K18858	0
K18859	0
K18860	0
K18861	0
K18862	171
K18866	381
K18873	0
K18874	2
K18875	4
K18876	22
K18877	1
K18878	0
K18879	0
K18880	0
K18881	126
K18882	2
K18883	0
K18884	1
K18885	0
K18886	441
K18887	7208
K18888	6633
K18889	4298
K18890	5114
K18891	1314
K18892	1320
K18893	303
K18894	862
K18895	340
K18896	5382
K18897	2371
K18898	24
K18899	0
K18900	176
K18901	331
K18902	6
K18903	11
K18904	24
K18905	721
K18906	806
K18907	1309
K18908	4270
K18909	4439
K18910	1453
K18911	1760
K18912	1797
K18913	1083
K18914	1821
K18915	883
K18916	49
K18917	2988
K18918	2349
K18919	2
K18920	7
K18921	0
K18922	0
K18923	769
K18924	1353
K18925	1371
K18926	4403
K18927	0
K18928	2800
K18929	2899
K18930	1038
K18931	3
K18932	5
K18933	194
K18934	1230
K18935	481
K18936	1463
K18937	353
K18938	448
K18939	1747
K18940	3925
K18941	3703
K18942	1
K18943	2
K18944	2
K18945	2
K18946	2
K18947	1
K18948	4
K18949	1
K18950	1
K18951	83
K18952	0
K18953	11
K18954	2327
K18955	3118
K18956	325
K18957	475
K18958	1865
K18959	3
K18960	293
K18961	1
K18962	70
K18963	0
K18964	0
K18966	1
K18967	2970
K18968	868
K18969	35
K18970	0
K18971	0
K18972	0
K18973	1
K18974	41
K18975	23
K18976	0
K18977	1
K18978	11
K18979	3476
K18980	30
K18981	1416
K18982	408
K18983	1490
K18984	1
K18985	0
K18986	1069
K18987	266
K18988	2846
K18989	11
K18990	91
K18991	1882
K18992	489
K18993	5
K18994	0
K18995	0
K18996	52
K18997	407
K18998	0
K18999	0
K19000	9
K19001	62
K19002	4826
K19003	2391
K19004	31
K19005	4301
K19006	0
K19007	1
K19008	0
K19009	0
K19010	0
K19011	0
K19012	1
K19013	5
K19014	1
K19015	0
K19016	0
K19017	0
K19018	1
K19019	0
K19020	1
K19021	0
K19022	0
K19023	0
K19024	0
K19025	0
K19026	0
K19027	0
K19028	0
K19029	0
K19030	0
K19031	6
K19032	143
K19033	1
K19034	0
K19035	0
K19036	1352
K19037	0
K19038	0
K19039	0
K19040	0
K19041	0
K19042	1
K19043	0
K19044	2
K19045	0
K19046	942
K19047	8
K19048	120
K19049	65
K19050	0
K19051	124
K19052	897
K19053	11
K19054	0
K19055	2131
K19056	26
K19057	54
K19058	60
K19059	110
K19060	99
K19061	434
K19062	1028
K19063	0
K19064	985
K19065	620
K19066	1
K19067	36
K19068	746
K19069	16
K19070	13
K19071	14
K19072	13
K19073	122
K19074	1
K19075	454
K19076	413
K19077	518
K19078	429
K19079	275
K19080	277
K19081	3073
K19082	3041
K19083	2081
K19084	2285
K19085	19
K19086	0
K19087	0
K19088	373
K19089	0
K19090	437
K19091	1043
K19092	1860
K19093	70
K19094	6
K19095	4
K19096	0
K19097	30
K19098	1
K19099	5
K19100	0
K19101	5
K19102	120
K19103	16
K19104	49
K19105	5
K19106	499
K19107	9
K19108	72
K19109	4
K19110	3
K19111	3
K19112	243
K19113	1202
K19114	261
K19115	327
K19116	329
K19117	857
K19118	846
K19119	840
K19120	78
K19121	80
K19122	82
K19123	970
K19124	975
K19125	968
K19126	991
K19127	18
K19128	18
K19129	18
K19130	18
K19131	194
K19132	167
K19133	66
K19134	271
K19135	8
K19136	30
K19137	642
K19138	260
K19139	289
K19140	262
K19141	128
K19142	236
K19143	20
K19144	41
K19145	114
K19146	0
K19147	1819
K19148	0
K19149	0
K19150	0
K19151	0
K19152	0
K19153	0
K19154	0
K19155	35
K19156	1412
K19157	1207
K19158	2010
K19159	2418
K19160	0
K19161	3
K19162	2
K19163	2
K19164	183
K19165	2731
K19166	61
K19167	529
K19168	12
K19169	835
K19170	652
K19171	2349
K19172	237
K19173	680
K19174	178
K19175	874
K19176	68
K19177	0
K19178	1
K19179	33
K19180	191
K19181	136
K19182	0
K19183	436
K19184	0
K19185	454
K19186	16
K19187	39
K19188	112
K19189	433
K19190	744
K19191	5
K19192	0
K19193	0
K19194	0
K19195	0
K19196	0
K19197	0
K19198	0
K19199	0
K19200	1950
K19201	0
K19202	0
K19203	380
K19204	371
K19205	65
K19206	66
K19207	76
K19208	245
K19209	0
K19210	0
K19211	0
K19212	0
K19213	0
K19214	2
K19215	0
K19216	3
K19217	0
K19218	4
K19219	2
K19220	2696
K19221	3305
K19222	4461
K19223	5010
K19224	2035
K19225	7156
K19226	8
K19227	9
K19228	3
K19229	11
K19230	14
K19231	390
K19232	97
K19233	114
K19234	2295
K19235	519
K19236	15
K19237	1
K19238	0
K19239	5398
K19240	7
K19241	0
K19242	517
K19243	447
K19244	2426
K19245	14
K19246	54
K19247	0
K19248	0
K19249	0
K19251	3
K19252	5
K19253	0
K19254	0
K19255	0
K19256	4
K19257	0
K19258	0
K19259	0
K19260	0
K19261	0
K19262	1
K19263	1
K19264	0
K19265	3126
K19266	1456
K19267	5088
K19268	435
K19269	191
K19270	2449
K19271	1272
K19272	41
K19273	919
K19274	0
K19275	1
K19276	23
K19277	2
K19278	11
K19279	242
K19280	20
K19281	10
K19282	0
K19283	0
K19284	0
K19285	3665
K19286	4406
K19287	1
K19288	0
K19289	3
K19290	0
K19291	141
K19292	5
K19293	3
K19294	1752
K19295	1379
K19296	308
K19297	0
K19298	0
K19299	111
K19300	359
K19301	7
K19302	7972
K19303	1286
K19304	5505
K19305	5
K19306	0
K19307	3
K19308	0
K19309	2928
K19310	4103
K19311	2697
K19312	37
K19313	3
K19314	7
K19315	0
K19316	162
K19317	1
K19318	0
K19319	0
K19320	0
K19321	0
K19322	0
K19323	0
K19324	0
K19325	0
K19326	21
K19327	0
K19328	0
K19329	94
K19330	0
K19331	0
K19332	0
K19333	4526
K19334	1725
K19335	121
K19336	226
K19337	6276
K19338	864
K19339	59
K19340	68
K19341	926
K19342	566
K19343	1
K19344	1
K19345	63
K19346	2
K19347	4
K19348	0
K19349	436
K19350	1509
K19351	25
K19352	0
K19353	128
K19354	759
K19355	582
K19356	0
K19357	0
K19358	0
K19360	1700
K19361	0
K19362	0
K19363	3
K19364	2
K19365	1
K19366	0
K19367	2
K19368	0
K19369	28
K19370	707
K19371	4
K19372	0
K19373	1760
K19374	25
K19375	10
K19376	0
K19377	0
K19378	0
K19379	0
K19380	0
K19381	0
K19382	0
K19383	0
K19384	0
K19385	0
K19386	9
K19387	0
K19388	0
K19389	0
K19390	0
K19391	2
K19392	0
K19393	2
K19394	0
K19395	0
K19396	2
K19397	0
K19398	0
K19399	0
K19400	1
K19401	0
K19402	0
K19403	1
K19404	0
K19405	2235
K19406	0
K19407	0
K19408	25
K19409	11
K19410	0
K19411	2262
K19412	1
K19413	8
K19414	0
K19415	0
K19416	198
K19417	88
K19418	224
K19419	966
K19420	3655
K19421	491
K19422	928
K19423	991
K19424	1477
K19425	944
K19426	356
K19427	2749
K19428	344
K19429	1089
K19430	1400
K19431	165
K19432	218
K19433	142
K19434	0
K19435	0
K19436	0
K19437	0
K19438	5
K19439	0
K19440	0
K19441	0
K19442	0
K19443	0
K19444	0
K19445	0
K19446	0
K19447	0
K19448	0
K19449	3123
K19450	0
K19451	0
K19452	0
K19453	0
K19454	0
K19455	0
K19456	0
K19457	0
K19458	0
K19459	0
K19460	0
K19461	0
K19462	0
K19463	0
K19464	0
K19465	264
K19466	1
K19467	8
K19469	0
K19470	1
K19471	0
K19472	0
K19473	0
K19474	0
K19475	0
K19476	0
K19477	18
K19478	0
K19479	10
K19480	0
K19481	0
K19482	0
K19483	19
K19484	0
K19485	0
K19486	0
K19487	0
K19488	0
K19489	0
K19490	0
K19491	1
K19492	0
K19493	0
K19494	0
K19495	0
K19496	0
K19497	0
K19498	0
K19499	0
K19500	0
K19501	0
K19502	0
K19503	0
K19504	725
K19505	1380
K19506	746
K19507	741
K19508	795
K19509	812
K19510	624
K19511	243
K19512	0
K19513	0
K19514	0
K19515	2
K19516	2
K19517	48
K19518	0
K19519	1787
K19520	0
K19521	0
K19522	0
K19523	2
K19524	0
K19525	2
K19526	1
K19527	0
K19528	0
K19529	0
K19530	5
K19531	0
K19532	402
K19533	53
K19534	0
K19535	0
K19536	0
K19537	0
K19538	0
K19539	0
K19540	403
K19541	92
K19542	1588
K19543	1
K19544	8
K19545	844
K19546	369
K19547	267
K19548	259
K19549	51
K19550	63
K19551	172
K19552	41
K19553	0
K19554	0
K19555	0
K19556	0
K19557	0
K19558	0
K19559	0
K19560	78
K19561	11
K19562	8
K19563	612
K19564	1477
K19565	0
K19566	1
K19567	86
K19568	29
K19569	109
K19570	1361
K19571	0
K19572	1
K19573	0
K19574	0
K19575	3029
K19576	1252
K19577	4056
K19578	668
K19579	0
K19580	419
K19581	0
K19582	0
K19583	11
K19584	0
K19585	3
K19586	17
K19587	3658
K19588	81
K19589	26
K19590	2
K19591	4216
K19592	10
K19593	2
K19594	3
K19595	344
K19596	2
K19597	89
K19598	4
K19599	36
K19600	0
K19601	0
K19602	0
K19603	0
K19604	6
K19605	0
K19606	0
K19607	58
K19608	0
K19609	0
K19610	73
K19611	47
K19612	31
K19613	358
K19614	1
K19615	1
K19616	302
K19617	0
K19618	0
K19619	543
K19620	144
K19621	24
K19622	334
K19623	954
K19624	0
K19625	0
K19626	7
K19627	0
K19628	92
K19629	0
K19630	1
K19631	0
K19632	0
K19633	1
K19634	0
K19635	1
K19636	208
K19637	1
K19638	0
K19639	282
K19640	378
K19641	20
K19642	0
K19643	0
K19644	0
K19645	0
K19646	65
K19647	139
K19648	630
K19649	141
K19650	0
K19651	0
K19652	10
K19653	1
K19654	0
K19655	0
K19656	4
K19657	0
K19658	1573
K19659	3
K19660	0
K19661	113
K19662	0
K19663	0
K19664	108
K19665	30
K19666	67
K19667	0
K19668	1761
K19669	8
K19670	2677
K19671	5
K19672	0
K19673	13
K19674	0
K19675	0
K19676	6
K19677	7
K19678	2
K19679	5
K19680	0
K19681	26
K19682	0
K19683	17
K19684	0
K19685	4
K19686	400
K19687	298
K19688	0
K19689	4447
K19690	544
K19691	1066
K19692	106
K19693	299
K19694	2138
K19695	8
K19696	307
K19697	37
K19698	5
K19699	0
K19700	483
K19701	2135
K19702	851
K19703	391
K19704	1
K19705	1
K19706	375
K19707	872
K19708	0
K19709	40
K19710	4879
K19711	5
K19712	116
K19713	97
K19714	1
K19715	36
K19716	0
K19717	2
K19718	0
K19719	1
K19720	1
K19721	11
K19722	0
K19723	82
K19724	2
K19725	5
K19726	5
K19727	1227
K19728	0
K19729	0
K19730	0
K19731	48
K19732	9
K19733	3
K19734	23
K19735	0
K19736	3495
K19737	17
K19738	0
K19739	0
K19740	0
K19741	10
K19742	16
K19743	129
K19744	5
K19745	2643
K19746	302
K19747	0
K19748	0
K19749	0
K19750	0
K19751	0
K19752	0
K19753	0
K19754	0
K19755	288
K19756	0
K19757	0
K19758	7
K19759	7
K19760	404
K19761	283
K19762	0
K19763	0
K19764	0
K19765	0
K19766	0
K19767	16
K19768	0
K19769	0
K19770	0
K19771	0
K19772	0
K19773	0
K19774	0
K19775	89
K19776	1994
K19777	570
K19778	19
K19779	147
K19780	0
K19781	76
K19782	0
K19783	900
K19784	5006
K19785	1
K19786	0
K19787	1
K19788	8455
K19789	4524
K19790	0
K19791	26
K19792	95
K19793	954
K19794	150
K19795	441
K19796	1
K19797	147
K19798	0
K19799	0
K19800	0
K19801	0
K19802	1878
K19803	15
K19804	274
K19805	0
K19806	0
K19807	0
K19808	0
K19809	964
K19810	4
K19811	714
K19812	0
K19813	1244
K19814	165
K19815	1
K19816	0
K19817	6
K19818	11
K19819	80
K19820	9
K19821	0
K19822	20
K19823	72
K19824	1321
K19825	1
K19826	33
K19827	1
K19828	5
K19829	0
K19830	0
K19831	0
K19832	0
K19833	1
K19834	1
K19835	7
K19836	0
K19837	306
K19838	0
K19839	19
K19840	6
K19841	8
K19842	0
K19843	0
K19844	0
K19845	0
K19846	3
K19847	0
K19848	0
K19849	2
K19850	10
K19851	1
K19852	0
K19853	35
K19854	12
K19855	1174
K19856	79
K19857	5
K19858	1
K19859	18
K19860	0
K19861	0
K19862	0
K19863	0
K19864	0
K19865	10
K19866	0
K19867	0
K19868	18
K19869	2
K19870	48
K19871	0
K19872	80
K19873	23
K19874	0
K19875	0
K19876	1
K19877	2
K19878	3
K19879	0
K19880	1
K19881	0
K19882	137
K19883	69
K19884	2
K19885	3
K19886	0
K19887	0
K19888	33
K19889	39
K19890	24
K19891	1
K19892	0
K19893	1
K19894	0
K19895	0
K19896	5
K19897	20
K19898	0
K19899	0
K19900	1
K19901	1
K19902	3
K19903	0
K19904	0
K19905	0
K19906	0
K19907	0
K19908	0
K19909	0
K19910	0
K19911	0
K19912	0
K19913	0
K19914	0
K19915	0
K19916	0
K19917	0
K19918	0
K19919	0
K19920	0
K19921	1
K19922	6
K19923	0
K19924	0
K19925	0
K19926	0
K19927	0
K19928	0
K19929	0
K19930	0
K19931	0
K19932	0
K19933	0
K19934	4
K19935	0
K19936	0
K19937	0
K19938	0
K19939	0
K19940	12
K19941	0
K19942	9
K19943	3
K19944	0
K19945	0
K19946	2
K19947	0
K19948	0
K19949	0
K19950	2
K19951	1
K19952	0
K19953	0
K19954	899
K19955	2156
K19956	348
K19957	4
K19958	0
K19959	0
K19960	124
K19961	57
K19962	32
K19963	355
K19964	0
K19965	397
K19966	53
K19967	1166
K19968	0
K19969	176
K19970	4
K19971	844
K19972	9
K19973	1009
K19974	101
K19975	1134
K19976	1078
K19977	72
K19978	611
K19979	80
K19980	3
K19981	104
K19982	405
K19983	0
K19984	0
K19985	2
K19986	4
K19987	0
K19988	0
K19989	0
K19990	0
K19991	0
K19992	0
K19993	0
K19994	0
K19995	0
K19996	0
K19997	1383
K19998	0
K19999	2
K20000	4
K20001	0
K20002	0
K20003	0
K20004	0
K20005	0
K20006	0
K20007	1
K20008	0
K20009	0
K20010	0
K20011	6
K20012	0
K20013	0
K20014	0
K20015	0
K20016	0
K20017	0
K20018	0
K20019	0
K20020	1
K20021	0
K20022	31
K20023	436
K20024	132
K20025	160
K20026	168
K20027	1
K20028	1
K20029	0
K20030	0
K20031	0
K20032	79
K20033	2
K20034	2526
K20035	1882
K20036	72
K20037	822
K20038	1027
K20039	146
K20040	14
K20041	0
K20042	0
K20043	0
K20044	0
K20045	22
K20046	0
K20047	1
K20048	0
K20049	0
K20050	0
K20051	220
K20052	4
K20053	7
K20054	0
K20055	0
K20056	0
K20057	0
K20058	0
K20059	0
K20060	0
K20061	1
K20062	0
K20063	0
K20064	0
K20065	0
K20066	0
K20067	0
K20068	0
K20069	0
K20070	0
K20071	0
K20072	0
K20073	1259
K20074	8395
K20075	74
K20076	198
K20077	122
K20078	105
K20079	640
K20080	11
K20081	125
K20082	564
K20084	23
K20085	23
K20086	0
K20087	18
K20088	2
K20089	1
K20090	1
K20091	2
K20092	505
K20093	109
K20094	0
K20095	2
K20096	1
K20097	62
K20098	6
K20099	0
K20100	0
K20101	1
K20102	1
K20103	0
K20104	0
K20105	0
K20106	0
K20108	1779
K20109	506
K20110	55
K20111	0
K20112	968
K20113	883
K20114	929
K20115	0
K20118	2065
K20119	0
K20120	0
K20121	0
K20122	0
K20123	0
K20124	0
K20125	2
K20126	0
K20127	0
K20128	0
K20129	4
K20130	0
K20131	0
K20132	0
K20133	0
K20134	0
K20135	2
K20136	33
K20137	0
K20138	955
K20139	0
K20140	1
K20141	1
K20142	0
K20143	93
K20144	0
K20145	53
K20146	61
K20147	45
K20148	1
K20149	34
K20150	2
K20151	80
K20152	46
K20153	1
K20154	0
K20155	41
K20156	1354
K20157	219
K20158	230
K20159	123
K20160	0
K20161	0
K20162	2
K20163	1
K20164	0
K20165	0
K20166	0
K20167	0
K20168	0
K20169	65
K20170	538
K20171	0
K20172	0
K20173	1
K20174	0
K20175	15
K20176	0
K20177	0
K20178	0
K20179	0
K20180	0
K20181	0
K20182	0
K20183	0
K20184	0
K20185	0
K20186	2
K20187	0
K20188	0
K20189	0
K20190	0
K20191	0
K20192	0
K20193	0
K20194	0
K20195	0
K20196	0
K20197	0
K20198	1
K20199	583
K20200	4
K20201	2234
K20202	9
K20203	1446
K20204	392
K20205	0
K20206	104
K20207	8
K20208	47
K20209	6
K20210	1
K20211	0
K20212	0
K20213	0
K20214	0
K20215	0
K20216	8
K20217	0
K20218	8
K20219	204
K20220	0
K20221	0
K20222	0
K20223	0
K20224	0
K20225	0
K20226	0
K20227	1
K20228	0
K20229	0
K20230	7
K20231	0
K20232	0
K20233	0
K20234	2
K20235	3
K20236	0
K20237	50
K20238	2
K20239	0
K20240	0
K20241	1
K20242	0
K20243	0
K20244	0
K20245	13
K20246	3
K20247	0
K20248	1
K20249	2
K20250	0
K20251	0
K20252	1
K20253	0
K20254	44
K20255	0
K20256	0
K20257	1238
K20258	0
K20259	0
K20260	114
K20261	288
K20262	325
K20263	574
K20264	95
K20265	2506
K20266	32
K20267	1
K20268	21
K20269	230
K20270	0
K20271	3
K20272	11
K20273	714
K20274	312
K20275	35
K20276	553
K20277	1
K20278	0
K20279	1
K20280	0
K20281	0
K20282	304
K20283	684
K20284	0
K20285	44
K20286	23
K20287	0
K20288	0
K20289	0
K20290	0
K20291	5
K20292	0
K20293	0
K20294	1
K20295	0
K20296	0
K20297	0
K20298	3
K20299	0
K20300	0
K20301	1
K20302	0
K20303	0
K20304	0
K20305	3
K20306	1
K20307	2
K20308	19
K20309	8
K20310	5
K20311	0
K20312	0
K20313	0
K20314	0
K20315	2
K20316	0
K20317	6
K20318	0
K20319	38
K20320	1
K20321	178
K20322	81
K20323	163
K20324	164
K20325	1554
K20326	1
K20327	508
K20328	189
K20329	12
K20330	9
K20331	2206
K20332	120
K20333	714
K20334	8
K20335	0
K20336	4
K20337	261
K20338	327
K20339	708
K20340	323
K20341	412
K20342	744
K20343	266
K20344	1090
K20345	417
K20346	0
K20347	5
K20348	0
K20349	0
K20350	0
K20351	0
K20352	1
K20353	1
K20354	0
K20355	1
K20356	0
K20357	0
K20358	8
K20359	2
K20360	0
K20361	505
K20362	0
K20363	0
K20364	0
K20365	0
K20366	0
K20367	4
K20368	0
K20369	5
K20370	67
K20371	2
K20372	0
K20373	1414
K20374	1019
K20375	1235
K20376	0
K20377	5
K20378	0
K20379	1158
K20380	3
K20381	48
K20382	577
K20383	32
K20384	74
K20385	939
K20386	56
K20387	3
K20388	62
K20389	32
K20390	118
K20391	1963
K20392	1
K20393	0
K20394	6
K20395	0
K20396	0
K20397	0
K20398	0
K20399	0
K20400	0
K20401	0
K20402	7
K20403	1
K20404	3
K20405	0
K20406	0
K20407	1
K20408	7
K20409	0
K20410	0
K20411	0
K20412	73
K20413	5
K20414	0
K20415	22
K20416	0
K20417	3
K20418	217
K20419	95
K20420	1182
K20421	736
K20422	17
K20423	38
K20424	79
K20425	51
K20426	34
K20427	48
K20428	41
K20429	383
K20430	38
K20431	333
K20432	53
K20433	41
K20434	26
K20435	185
K20436	12
K20437	681
K20438	126
K20439	10
K20440	2
K20441	2
K20442	33
K20443	54
K20444	1145
K20445	101
K20446	147
K20447	124
K20448	108
K20449	40
K20450	25
K20451	534
K20452	1142
K20453	1151
K20454	909
K20455	3
K20456	0
K20457	2
K20458	1
K20459	4078
K20460	1920
K20461	3163
K20462	0
K20463	0
K20464	0
K20465	1
K20466	1053
K20467	606
K20468	2007
K20469	5133
K20470	1659
K20471	0
K20472	0
K20473	0
K20474	2
K20475	0
K20476	0
K20477	0
K20478	13
K20479	0
K20480	2550
K20481	74
K20482	169
K20483	1120
K20484	1183
K20485	1283
K20486	1279
K20487	2832
K20488	1836
K20489	370
K20490	1616
K20491	1364
K20492	1113
K20493	0
K20494	21
K20495	0
K20496	0
K20497	954
K20498	1
K20499	974
K20500	44
K20501	48
K20502	2
K20503	0
K20504	1
K20505	7
K20506	0
K20507	0
K20508	274
K20509	1273
K20510	24
K20511	22
K20512	0
K20513	0
K20514	0
K20515	0
K20516	0
K20517	0
K20518	0
K20519	0
K20520	0
K20521	0
K20522	2
K20523	37
K20524	0
K20525	1007
K20526	1
K20527	51
K20528	35
K20529	21
K20530	58
K20531	25
K20532	22
K20533	33
K20534	3389
K20535	0
K20536	0
K20537	0
K20538	0
K20539	361
K20540	0
K20541	603
K20542	849
K20543	594
K20544	0
K20545	0
K20546	0
K20547	697
K20548	0
K20549	51
K20550	256
K20551	11
K20552	0
K20553	0
K20555	1
K20556	0
K20557	0
K20558	0
K20559	0
K20560	0
K20561	0
K20562	0
K20563	0
K20564	0
K20565	31
K20566	3
K20567	4
K20568	2
K20569	358
K20570	214
K20571	2
K20572	2
K20573	0
K20574	28
K20575	2
K20576	18
K20577	2
K20578	2
K20579	15
K20580	1
K20581	1
K20582	1
K20583	6
K20584	3
K20585	5
K20586	0
K20587	1
K20588	1
K20589	0
K20590	0
K20591	0
K20592	17
K20593	0
K20594	8
K20595	0
K20596	2
K20597	0
K20598	9
K20599	3
K20600	0
K20602	0
K20603	0
K20604	35
K20605	0
K20606	1
K20607	0
K20608	1410
K20609	70
K20610	196
K20611	805
K20612	9
K20613	108
K20614	11
K20615	56
K20616	76
K20617	0
K20618	0
K20619	0
K20620	0
K20621	0
K20622	0
K20623	0
K20624	0
K20625	50
K20626	60
K20627	63
K20628	713
K20629	0
K20630	0
K20631	0
K20632	0
K20633	0
K20634	0
K20635	0
K20636	0
K20637	0
K20638	0
K20639	0
K20640	1
K20641	0
K20642	1
K20643	0
K20644	0
K20645	0
K20646	0
K20647	0
K20648	0
K20649	0
K20650	1
K20651	0
K20652	0
K20653	0
K20654	0
K20655	0
K20656	2
K20657	0
K20658	1
K20659	6
K20660	1
K20661	0
K20662	0
K20663	0
K20664	1
K20665	0
K20666	0
K20667	0
K20668	2
K20669	0
K20670	1
K20671	1
K20672	0
K20673	0
K20674	0
K20675	0
K20676	0
K20677	0
K20678	0
K20679	172
K20680	34
K20681	9
K20682	2
K20683	0
K20684	0
K20685	0
K20686	0
K20687	0
K20688	1
K20689	0
K20690	0
K20691	0
K20692	214
K20693	0
K20694	0
K20695	0
K20696	0
K20697	52
K20698	0
K20699	0
K20700	0
K20701	0
K20702	0
K20703	0
K20704	0
K20705	4
K20706	0
K20707	75
K20708	513
K20709	0
K20710	0
K20711	1
K20712	3649
K20713	1
K20714	0
K20715	430
K20716	1
K20717	0
K20718	5
K20719	83
K20720	0
K20721	0
K20722	0
K20723	0
K20724	0
K20725	0
K20726	0
K20727	0
K20728	1018
K20729	0
K20730	18
K20731	1
K20732	7
K20733	0
K20734	0
K20735	0
K20736	0
K20737	0
K20738	0
K20739	0
K20740	0
K20741	9
K20742	1929
K20743	65
K20744	65
K20745	0
K20746	0
K20747	0
K20748	0
K20749	0
K20750	0
K20751	0
K20752	1
K20753	0
K20754	907
K20755	1
K20756	0
K20757	89
K20758	17
K20759	0
K20760	47
K20761	436
K20762	485
K20763	4
K20764	11
K20765	194
K20766	22
K20767	0
K20768	0
K20769	0
K20770	0
K20771	0
K20772	24
K20773	1
K20774	0
K20775	0
K20776	0
K20777	0
K20778	0
K20779	0
K20780	19
K20781	0
K20782	0
K20783	0
K20784	43
K20785	0
K20786	47
K20787	484
K20788	3
K20789	762
K20790	1
K20791	10
K20792	16
K20793	68
K20794	39
K20795	0
K20796	7
K20797	0
K20798	1198
K20799	0
K20800	0
K20801	187
K20802	186
K20803	0
K20804	0
K20805	0
K20806	10
K20807	330
K20808	0
K20809	0
K20810	683
K20811	148
K20812	0
K20813	180
K20814	2640
K20815	0
K20816	1186
K20817	4
K20818	0
K20819	4
K20820	0
K20821	0
K20822	0
K20823	0
K20824	0
K20825	0
K20826	0
K20827	0
K20828	0
K20829	675
K20830	46
K20831	132
K20832	294
K20833	0
K20834	2
K20835	0
K20836	565
K20837	0
K20838	798
K20839	0
K20840	1
K20841	1
K20842	0
K20843	0
K20844	419
K20845	35
K20846	1705
K20847	653
K20848	0
K20849	0
K20850	3
K20851	20
K20852	0
K20853	1
K20854	0
K20855	0
K20856	0
K20857	0
K20858	0
K20859	455
K20860	3
K20861	3789
K20862	1548
K20863	0
K20864	1
K20865	9
K20866	2626
K20867	0
K20868	5
K20869	0
K20870	3
K20871	0
K20872	1
K20873	1
K20875	3
K20876	0
K20877	14
K20878	4
K20879	0
K20880	0
K20881	25
K20882	824
K20883	71
K20884	235
K20885	946
K20886	0
K20887	1
K20888	0
K20889	1
K20890	3
K20891	220
K20892	8
K20893	0
K20894	0
K20895	663
K20896	93
K20897	0
K20898	0
K20899	5
K20900	143
K20901	98
K20902	624
K20903	108
K20904	106
K20906	17
K20907	20
K20908	0
K20909	2
K20910	0
K20911	0
K20912	1
K20913	0
K20914	0
K20915	1
K20916	0
K20917	0
K20918	641
K20919	40
K20920	22
K20921	0
K20922	598
K20923	3
K20924	1
K20925	0
K20926	142
K20927	188
K20928	18
K20929	2
K20930	12
K20931	12
K20932	866
K20933	1
K20934	1
K20935	0
K20936	5
K20937	0
K20938	1397
K20939	2
K20940	1173
K20941	109
K20942	113
K20943	51
K20944	7
K20945	2
K20946	45
K20947	3
K20948	24
K20949	0
K20950	2455
K20951	2
K20952	1
K20953	0
K20954	16
K20955	93
K20956	224
K20957	74
K20958	55
K20959	16
K20960	157
K20961	0
K20962	1172
K20963	724
K20964	245
K20965	486
K20966	73
K20967	17
K20968	188
K20971	281
K20972	342
K20973	61
K20974	1907
K20975	60
K20976	989
K20977	819
K20978	114
K20979	0
K20980	0
K20981	1
K20982	0
K20983	1
K20984	0
K20985	1
K20986	57
K20987	49
K20988	12
K20989	225
K20990	0
K20991	0
K20992	86
K20993	10
K20994	0
K20995	1
K20996	0
K20997	4410
K20998	1
K20999	707
K21000	2136
K21001	776
K21002	4
K21003	892
K21004	8
K21005	553
K21006	261
K21007	83
K21008	5
K21009	448
K21010	302
K21011	1106
K21012	415
K21013	0
K21014	600
K21015	1
K21016	442
K21017	33
K21018	2
K21019	2143
K21020	195
K21021	3027
K21022	1920
K21023	2435
K21024	4085
K21025	336
K21026	0
K21027	27
K21028	276
K21029	1952
K21030	1662
K21031	0
K21032	0
K21033	483
K21034	120
K21035	258
K21036	464
K21037	1
K21038	33
K21039	19
K21040	0
K21041	0
K21042	0
K21043	0
K21044	0
K21045	0
K21046	0
K21047	0
K21048	0
K21049	0
K21050	0
K21051	0
K21052	4
K21053	1199
K21054	43
K21055	1
K21056	12
K21057	43
K21058	2
K21059	53
K21060	17
K21061	1828
K21062	879
K21063	8
K21064	8341
K21065	143
K21066	5
K21067	0
K21068	0
K21069	0
K21070	0
K21071	4175
K21072	0
K21073	0
K21074	0
K21075	1
K21076	0
K21077	0
K21078	0
K21079	2
K21080	0
K21081	0
K21082	0
K21083	0
K21084	3320
K21085	328
K21086	15
K21087	1290
K21088	1708
K21089	434
K21090	22
K21092	0
K21093	0
K21094	0
K21095	0
K21096	0
K21097	0
K21098	0
K21099	0
K21100	0
K21101	113
K21102	1
K21103	19
K21104	527
K21105	26
K21106	21
K21107	29
K21108	0
K21109	0
K21110	0
K21111	0
K21112	0
K21113	262
K21114	32
K21115	73
K21116	4
K21117	131
K21118	0
K21119	825
K21120	8
K21121	3
K21122	0
K21123	0
K21124	69
K21126	13
K21127	1
K21128	7
K21129	1
K21130	15
K21131	48
K21132	28
K21133	2
K21134	198
K21135	13
K21136	31
K21137	68
K21138	1748
K21140	2227
K21141	2
K21142	1576
K21143	0
K21144	0
K21145	0
K21146	66
K21147	3123
K21148	1459
K21149	0
K21150	0
K21151	0
K21152	0
K21153	6
K21154	0
K21155	3
K21156	0
K21157	1
K21158	0
K21159	1914
K21160	118
K21161	207
K21162	765
K21163	566
K21164	1213
K21165	101
K21166	130
K21167	1663
K21168	438
K21169	28
K21170	51
K21171	79
K21172	1308
K21173	30
K21174	28
K21175	51
K21176	122
K21177	474
K21178	68
K21179	14
K21180	44
K21181	47
K21182	74
K21183	217
K21184	290
K21185	1596
K21186	208
K21187	1
K21188	60
K21189	333
K21190	68
K21191	10
K21192	12
K21193	839
K21194	7
K21195	83
K21196	155
K21197	0
K21198	3
K21199	608
K21200	707
K21201	0
K21202	0
K21203	0
K21204	0
K21205	0
K21206	0
K21207	0
K21208	0
K21209	1029
K21210	288
K21211	702
K21212	269
K21213	3
K21214	980
K21215	9
K21216	1492
K21217	0
K21218	16
K21219	26
K21220	0
K21221	187
K21222	24
K21223	0
K21224	53
K21225	0
K21226	2270
K21227	1
K21228	0
K21229	0
K21230	10
K21231	85
K21232	358
K21233	0
K21234	0
K21235	0
K21236	0
K21237	4
K21238	3
K21239	1
K21240	2
K21241	0
K21242	1
K21243	0
K21244	0
K21245	0
K21246	49
K21247	0
K21248	3
K21249	9
K21250	0
K21251	726
K21252	181
K21253	0
K21254	18
K21255	741
K21256	40
K21257	7
K21258	77
K21259	105
K21260	19
K21261	243
K21262	9
K21263	126
K21264	138
K21265	235
K21266	0
K21267	1033
K21268	0
K21269	0
K21270	0
K21271	15
K21272	381
K21273	2516
K21274	47
K21275	40
K21276	0
K21277	2
K21278	23
K21279	0
K21280	8
K21281	283
K21282	144
K21283	67
K21284	341
K21285	1148
K21286	0
K21287	0
K21288	132
K21289	0
K21290	0
K21291	0
K21292	0
K21293	0
K21294	0
K21295	0
K21296	0
K21297	404
K21298	520
K21299	59
K21300	0
K21301	17
K21302	1002
K21303	503
K21304	568
K21305	1
K21306	365
K21307	35
K21308	17
K21309	59
K21310	1653
K21311	0
K21312	77
K21313	2
K21314	7
K21315	0
K21316	0
K21317	11
K21318	0
K21319	0
K21320	0
K21321	11
K21322	0
K21323	0
K21324	0
K21325	7
K21326	2
K21327	3
K21328	27
K21329	9
K21330	26
K21331	136
K21332	442
K21333	11
K21335	85
K21336	37
K21337	23
K21338	3
K21339	0
K21340	2
K21341	76
K21342	93
K21343	0
K21344	154
K21345	126
K21346	0
K21347	10
K21348	46
K21349	55
K21350	147
K21351	0
K21352	3
K21353	291
K21354	0
K21355	16
K21356	1787
K21357	0
K21358	1
K21359	5
K21360	1
K21361	0
K21362	0
K21363	12
K21364	0
K21365	0
K21366	109
K21367	130
K21368	11
K21369	0
K21370	0
K21371	0
K21372	0
K21373	0
K21374	0
K21375	155
K21376	23
K21377	440
K21378	335
K21379	105
K21380	0
K21381	3
K21382	20
K21383	0
K21384	0
K21385	0
K21386	0
K21387	0
K21388	0
K21389	0
K21390	0
K21391	0
K21392	0
K21393	1717
K21394	1407
K21395	1652
K21396	5
K21397	4578
K21398	8
K21399	203
K21400	195
K21401	2541
K21402	1411
K21403	0
K21404	0
K21405	3130
K21406	0
K21407	785
K21408	1
K21409	0
K21410	0
K21411	15
K21412	0
K21413	4
K21414	0
K21415	24
K21416	2549
K21417	2362
K21418	147
K21419	1
K21420	16
K21421	6
K21422	0
K21423	0
K21424	3
K21425	0
K21426	0
K21427	8
K21428	21
K21429	99
K21430	3163
K21431	980
K21432	0
K21433	6
K21434	7
K21435	5
K21436	0
K21437	0
K21438	0
K21439	92
K21440	1006
K21441	4
K21442	106
K21443	0
K21444	0
K21445	0
K21446	0
K21447	0
K21448	0
K21449	108
K21450	0
K21451	0
K21452	4
K21453	2107
K21454	2459
K21455	0
K21456	0
K21457	167
K21458	0
K21459	53
K21460	142
K21461	152
K21462	1041
K21463	2758
K21464	1182
K21465	1768
K21466	106
K21467	1962
K21468	795
K21469	4958
K21470	3393
K21471	6099
K21472	2188
K21473	1974
K21474	570
K21475	0
K21476	0
K21477	0
K21478	2742
K21479	462
K21480	1812
K21481	2864
K21482	0
K21483	0
K21484	0
K21485	1
K21486	5
K21487	321
K21488	584
K21489	93
K21490	88
K21491	297
K21492	447
K21493	658
K21494	250
K21495	1143
K21496	611
K21497	308
K21498	1321
K21499	74
K21500	1
K21501	1
K21502	74
K21503	31
K21504	0
K21505	0
K21506	1
K21507	28
K21508	7
K21509	0
K21510	0
K21511	22
K21512	235
K21513	0
K21514	335
K21515	108
K21516	0
K21517	0
K21518	0
K21519	6
K21520	0
K21521	1
K21522	0
K21523	195
K21524	1
K21525	54
K21526	2
K21527	98
K21528	2116
K21529	0
K21530	4
K21531	3
K21532	0
K21533	0
K21534	0
K21535	0
K21536	0
K21537	3
K21538	0
K21539	0
K21540	61
K21541	0
K21542	0
K21543	0
K21544	0
K21545	0
K21546	0
K21547	0
K21548	16
K21549	0
K21550	0
K21551	37
K21552	313
K21553	0
K21554	0
K21555	53
K21556	74
K21557	2
K21558	29
K21559	63
K21560	233
K21561	872
K21562	2453
K21563	2183
K21564	1415
K21565	8
K21566	91
K21567	3866
K21568	6
K21569	17
K21570	10
K21571	244
K21572	5
K21573	54
K21574	265
K21575	280
K21576	383
K21577	390
K21578	145
K21579	144
K21580	1
K21581	0
K21582	0
K21583	90
K21584	96
K21585	54
K21586	8
K21587	0
K21588	0
K21589	0
K21590	0
K21591	1146
K21592	411
K21593	1
K21594	16
K21595	0
K21596	2
K21597	0
K21598	0
K21599	0
K21600	6981
K21601	156
K21602	32
K21603	4
K21604	1
K21605	0
K21606	1232
K21607	1517
K21608	440
K21609	206
K21610	0
K21611	0
K21612	8
K21613	2140
K21614	100
K21615	112
K21616	10
K21617	16
K21618	1
K21619	155
K21620	30
K21621	52
K21622	1
K21623	0
K21624	19
K21625	16
K21626	0
K21627	1
K21628	0
K21629	0
K21630	0
K21631	0
K21632	1
K21633	0
K21634	0
K21635	3
K21636	3179
K21637	0
K21638	0
K21639	57
K21640	0
K21641	0
K21642	0
K21643	0
K21644	0
K21645	21
K21646	0
K21647	32
K21648	0
K21649	0
K21650	0
K21651	0
K21652	0
K21653	0
K21654	0
K21655	0
K21656	0
K21657	0
K21658	0
K21659	0
K21660	0
K21661	0
K21662	0
K21663	0
K21664	0
K21665	0
K21666	1
K21667	0
K21668	0
K21669	0
K21670	0
K21671	0
K21672	1173
K21673	0
K21674	0
K21675	1
K21676	0
K21677	1181
K21678	8
K21679	405
K21680	37
K21681	557
K21682	6
K21683	4
K21684	89
K21685	1668
K21686	3644
K21687	2541
K21688	6003
K21689	561
K21690	103
K21691	872
K21692	0
K21693	0
K21694	0
K21695	6
K21696	120
K21697	0
K21698	95
K21699	15
K21700	584
K21701	1062
K21702	30
K21703	3578
K21704	0
K21705	0
K21706	0
K21707	0
K21708	2
K21709	0
K21710	0
K21711	310
K21712	1138
K21713	709
K21714	0
K21715	0
K21716	0
K21717	0
K21718	2
K21719	0
K21720	0
K21721	757
K21722	341
K21723	1
K21724	32
K21725	121
K21726	20
K21727	285
K21728	0
K21729	0
K21730	25
K21731	42
K21732	4
K21733	0
K21734	1
K21735	0
K21736	0
K21737	1455
K21738	3
K21739	2425
K21740	2
K21741	456
K21742	0
K21743	1797
K21744	6165
K21745	4675
K21746	135
K21747	378
K21748	2
K21749	391
K21750	1
K21751	0
K21752	0
K21753	0
K21754	0
K21755	1285
K21756	0
K21757	4417
K21758	0
K21759	410
K21760	25
K21761	0
K21762	0
K21763	2
K21764	3
K21765	0
K21766	2
K21767	5
K21768	5
K21769	0
K21770	0
K21771	0
K21772	0
K21773	0
K21774	0
K21775	0
K21776	0
K21777	0
K21778	14
K21779	16
K21780	57
K21781	183
K21782	243
K21783	73
K21784	206
K21785	1548
K21786	692
K21787	56
K21788	412
K21789	401
K21790	419
K21791	94
K21792	912
K21793	293
K21794	0
K21795	0
K21796	1
K21797	0
K21798	0
K21799	0
K21800	0
K21801	149
K21802	795
K21803	2
K21804	4
K21805	0
K21806	0
K21807	0
K21808	0
K21809	0
K21810	3
K21811	0
K21812	0
K21813	0
K21814	1
K21815	47
K21816	20
K21817	65
K21818	65
K21819	0
K21820	0
K21821	75
K21822	580
K21823	0
K21824	0
K21825	3
K21826	114
K21827	23
K21828	1052
K21829	2108
K21830	682
K21831	95
K21832	928
K21833	113
K21834	2836
K21835	1
K21836	0
K21837	0
K21838	1
K21839	4
K21840	5
K21841	0
K21842	0
K21843	8
K21844	0
K21845	0
K21846	11
K21847	0
K21848	3
K21849	0
K21850	70
K21851	0
K21852	0
K21853	0
K21854	0
K21855	0
K21856	0
K21857	0
K21858	0
K21859	0
K21860	0
K21861	0
K21862	0
K21863	0
K21864	0
K21865	20
K21866	250
K21867	0
K21868	0
K21869	2
K21870	0
K21871	0
K21872	0
K21873	0
K21874	0
K21875	0
K21876	1
K21877	13
K21878	1
K21879	5
K21880	0
K21881	0
K21882	2
K21883	1083
K21884	115
K21885	2962
K21886	1403
K21887	831
K21888	74
K21889	0
K21890	0
K21891	0
K21892	0
K21893	5
K21894	2
K21895	0
K21896	0
K21897	0
K21898	815
K21899	38
K21900	4108
K21901	0
K21902	1654
K21903	5830
K21904	62
K21905	0
K21906	1070
K21907	0
K21908	3895
K21909	65
K21910	651
K21911	97
K21912	2
K21913	0
K21914	0
K21915	0
K21916	0
K21917	0
K21918	0
K21919	922
K21920	0
K21921	0
K21922	0
K21923	1
K21924	0
K21925	0
K21926	0
K21927	24
K21928	0
K21929	3884
K21930	3
K21931	0
K21932	0
K21933	0
K21934	8
K21935	552
K21936	153
K21937	0
K21938	0
K21939	0
K21940	0
K21941	5
K21942	5
K21943	0
K21944	0
K21945	0
K21946	39
K21947	94
K21948	330
K21949	891
K21950	0
K21951	0
K21952	1
K21953	0
K21954	189
K21955	1
K21956	6
K21957	0
K21958	0
K21959	1107
K21960	414
K21961	6197
K21962	3327
K21963	0
K21964	10
K21965	2
K21966	3
K21967	2
K21968	7
K21969	0
K21970	0
K21971	0
K21972	75
K21973	962
K21974	0
K21975	2
K21976	1
K21977	1379
K21978	5
K21979	4
K21980	0
K21981	0
K21982	0
K21983	0
K21984	0
K21985	0
K21986	0
K21987	0
K21988	0
K21989	0
K21990	492
K21991	6
K21992	898
K21993	2011
K21994	0
K21995	0
K21996	0
K21997	0
K21998	0
K21999	0
K22000	0
K22001	0
K22002	0
K22003	106
K22004	3
K22005	0
K22006	0
K22007	1
K22008	0
K22009	0
K22010	4513
K22011	0
K22012	1
K22013	350
K22014	38
K22015	230
K22017	58
K22018	40
K22019	8
K22021	0
K22022	1
K22023	159
K22024	1145
K22025	111
K22026	1892
K22027	908
K22028	0
K22029	0
K22030	0
K22031	0
K22032	0
K22033	1345
K22034	0
K22035	0
K22036	0
K22037	0
K22038	4
K22039	0
K22040	0
K22041	2149
K22042	1217
K22043	3757
K22044	6634
K22045	0
K22046	0
K22047	0
K22048	1
K22049	1
K22050	0
K22051	15
K22052	77
K22053	0
K22054	0
K22055	0
K22056	0
K22057	0
K22058	0
K22059	0
K22060	5
K22061	0
K22062	1
K22063	9
K22064	0
K22065	0
K22066	45
K22067	18
K22068	1046
K22069	0
K22070	1
K22071	13
K22072	9
K22073	1
K22074	2707
K22075	1
K22076	1
K22077	4
K22078	164
K22079	0
K22080	0
K22081	536
K22082	603
K22083	3770
K22084	4
K22085	4
K22086	68
K22087	3
K22088	0
K22089	269
K22090	0
K22091	0
K22092	0
K22093	2
K22094	0
K22095	0
K22096	0
K22097	0
K22098	0
K22099	2
K22100	0
K22101	6
K22102	5
K22103	1583
K22104	587
K22105	1894
K22106	5098
K22107	2492
K22108	5541
K22109	2094
K22110	3
K22111	38
K22112	591
K22113	55
K22114	79
K22115	2167
K22116	643
K22117	0
K22118	29
K22119	0
K22120	9
K22121	0
K22122	0
K22123	208
K22124	2557
K22125	0
K22126	0
K22127	0
K22128	2
K22129	1681
K22130	294
K22131	178
K22132	3420
K22133	414
K22134	1171
K22135	2504
K22136	1468
K22137	0
K22138	0
K22139	0
K22140	0
K22141	0
K22142	0
K22143	0
K22144	1
K22145	0
K22146	0
K22147	0
K22148	109
K22149	11
K22150	1
K22151	0
K22152	10
K22153	1901
K22154	0
K22155	0
K22156	0
K22157	0
K22158	0
K22159	1
K22160	2
K22161	0
K22162	0
K22163	0
K22164	20
K22165	0
K22166	1
K22167	5
K22168	0
K22169	7
K22170	0
K22171	0
K22172	0
K22173	0
K22174	1
K22175	0
K22176	8
K22177	0
K22178	0
K22179	0
K22180	0
K22181	0
K22182	0
K22184	0
K22185	36
K22186	41
K22187	1708
K22188	0
K22189	0
K22190	2
K22191	0
K22192	0
K22193	0
K22194	3
K22195	3
K22196	0
K22197	0
K22198	0
K22199	2
K22200	139
K22201	0
K22202	0
K22203	299
K22204	0
K22205	1501
K22206	208
K22207	0
K22208	0
K22209	285
K22210	1609
K22211	2096
K22212	1878
K22213	1101
K22214	0
K22215	13
K22216	1
K22217	6
K22218	2
K22219	1274
K22220	191
K22221	2624
K22222	341
K22223	979
K22224	21
K22225	195
K22226	3888
K22227	1414
K22228	9
K22229	5
K22230	3683
K22231	27
K22232	48
K22233	129
K22234	0
K22235	0
K22236	0
K22237	0
K22238	0
K22239	0
K22240	0
K22241	0
K22242	1
K22243	0
K22244	13
K22245	137
K22246	0
K22247	109
K22248	0
K22249	10
K22250	267
K22251	164
K22252	18
K22253	45
K22254	0
K22255	0
K22256	0
K22257	2
K22258	0
K22259	0
K22260	0
K22261	0
K22262	0
K22263	1
K22264	0
K22265	0
K22266	157
K22267	7
K22268	214
K22269	7
K22270	957
K22271	0
K22272	0
K22273	0
K22274	0
K22275	0
K22276	19
K22277	7
K22278	6407
K22279	2
K22280	0
K22281	0
K22282	0
K22283	0
K22284	0
K22285	0
K22286	2
K22287	0
K22288	0
K22289	1
K22290	0
K22291	0
K22292	633
K22293	2045
K22294	826
K22295	1004
K22296	3135
K22297	2447
K22298	2442
K22299	6322
K22300	6948
K22301	311
K22302	7
K22303	1373
K22304	0
K22305	5901
K22306	3265
K22307	115
K22308	166
K22309	339
K22310	1434
K22311	2220
K22312	0
K22313	2
K22314	42
K22315	1838
K22316	3735
K22317	744
K22318	781
K22319	204
K22320	1773
K22321	0
K22322	694
K22323	0
K22324	0
K22325	0
K22326	0
K22327	0
K22328	2
K22329	0
K22330	217
K22331	0
K22332	0
K22333	0
K22334	0
K22335	0
K22336	934
K22337	0
K22338	47
K22339	1346
K22340	506
K22341	358
K22342	312
K22343	338
K22344	287
K22345	51
K22346	40
K22347	945
K22348	428
K22349	143
K22350	2
K22351	0
K22352	0
K22353	13
K22354	5
K22355	13
K22356	6
K22357	7
K22358	1
K22359	7
K22360	1
K22361	2
K22362	0
K22363	7
K22364	9
K22365	0
K22366	0
K22367	0
K22368	7
K22369	2539
K22370	0
K22371	0
K22372	27
K22373	1339
K22374	3
K22375	0
K22376	2
K22377	1
K22378	0
K22379	0
K22380	2
K22381	0
K22382	37
K22383	0
K22384	5
K22385	0
K22386	1
K22387	48
K22388	0
K22389	38
K22390	2556
K22391	7855
K22392	1
K22393	1409
K22394	1268
K22395	1102
K22396	179
K22397	596
K22398	0
K22399	304
K22400	0
K22401	0
K22402	1
K22403	0
K22404	0
K22405	971
K22406	1
K22407	2
K22408	739
K22409	2148
K22410	0
K22411	0
K22412	0
K22413	0
K22414	0
K22415	0
K22416	0
K22417	0
K22418	11
K22419	514
K22420	0
K22421	0
K22422	0
K22423	0
K22424	65
K22425	0
K22426	0
K22427	10
K22428	0
K22429	0
K22430	76
K22431	1016
K22432	977
K22433	65
K22434	0
K22435	0
K22436	0
K22437	0
K22438	3255
K22439	0
K22440	0
K22441	7312
K22442	0
K22443	623
K22444	15
K22445	811
K22446	33
K22447	152
K22448	0
K22449	1
K22450	3712
K22451	113
K22452	5107
K22453	0
K22454	0
K22455	0
K22456	0
K22457	1803
K22458	0
K22459	1
K22460	5
K22461	0
K22462	1239
K22463	746
K22464	1
K22465	61
K22466	0
K22467	0
K22468	2105
K22469	25
K22470	340
K22471	0
K22472	0
K22473	0
K22474	15
K22475	27
K22476	3559
K22477	1718
K22478	2
K22479	3957
K22480	62
K22481	0
K22482	42
K22483	0
K22484	0
K22485	0
K22486	129
K22487	0
K22488	0
K22489	4812
K22490	0
K22491	1978
K22492	4
K22493	4
K22494	0
K22495	0
K22496	0
K22497	0
K22498	0
K22499	0
K22500	0
K22501	0
K22502	825
K22503	2
K22504	0
K22505	0
K22506	0
K22507	0
K22508	0
K22509	0
K22510	0
K22511	0
K22512	0
K22513	3
K22514	0
K22515	91
K22516	805
K22517	2
K22518	0
K22519	1119
K22520	6
K22521	2
K22522	5149
K22523	49
K22524	0
K22525	16
K22526	0
K22527	0
K22528	0
K22529	0
K22530	17
K22531	9
K22532	0
K22533	0
K22534	3
K22535	0
K22536	0
K22537	0
K22538	0
K22539	333
K22540	64
K22541	0
K22542	0
K22543	0
K22544	0
K22545	408
K22546	0
K22547	27
K22548	47
K22549	2277
K22550	1171
K22551	239
K22552	1958
K22553	767
K22554	0
K22555	0
K22556	0
K22557	0
K22558	0
K22559	0
K22560	0
K22561	0
K22562	0
K22563	0
K22564	0
K22565	0
K22566	0
K22567	7
K22568	0
K22569	1
K22570	26
K22571	0
K22572	0
K22573	0
K22574	3
K22575	919
K22576	1215
K22577	1
K22578	57
K22579	2328
K22580	1615
K22581	0
K22582	9
K22583	58
K22584	3
K22585	1791
K22586	0
K22587	0
K22588	0
K22589	981
K22590	5
K22591	0
K22592	0
K22593	0
K22594	0
K22595	1
K22596	0
K22597	364
K22598	1572
K22599	0
K22600	2
K22601	31
K22602	511
K22603	0
K22604	319
K22605	298
K22606	172
K22607	38
K22608	0
K22609	0
K22610	0
K22611	0
K22612	0
K22613	0
K22614	3
K22615	582
K22616	127
K22617	1323
K22618	401
K22619	2
K22620	0
K22621	0
K22622	10
K22623	0
K22624	0
K22625	0
K22626	1
K22627	0
K22628	0
K22629	0
K22630	17
K22631	0
K22632	9
K22633	0
K22634	0
K22635	0
K22636	0
K22637	0
K22638	0
K22639	0
K22640	0
K22641	0
K22642	0
K22643	0
K22644	4
K22645	0
K22646	0
K22647	0
K22648	0
K22649	0
K22650	12
K22651	0
K22652	0
K22653	2
K22654	2
K22655	1
K22656	59
K22657	8
K22658	0
K22659	7
K22660	0
K22661	0
K22662	0
K22663	0
K22664	0
K22665	0
K22666	1
K22667	0
K22668	0
K22669	0
K22670	3
K22671	0
K22672	3
K22673	0
K22674	0
K22675	0
K22676	1
K22677	31
K22678	0
K22679	35
K22680	0
K22681	0
K22682	0
K22683	0
K22684	649
K22685	221
K22686	1
K22687	1
K22688	0
K22689	0
K22690	9
K22691	0
K22692	1
K22693	22
K22694	132
K22695	50
K22696	2
K22697	0
K22698	1
K22699	101
K22700	0
K22701	0
K22702	0
K22703	0
K22704	298
K22705	138
K22706	0
K22707	0
K22708	2753
K22709	57
K22710	277
K22711	0
K22712	112
K22713	0
K22714	69
K22715	0
K22716	0
K22717	0
K22718	0
K22719	4715
K22720	2
K22721	896
K22722	0
K22723	1043
K22724	0
K22725	61
K22726	0
K22727	0
K22728	0
K22729	0
K22730	0
K22731	0
K22732	35
K22733	914
K22734	182
K22735	0
K22736	4083
K22737	208
K22738	0
K22739	0
K22740	0
K22741	18
K22742	0
K22743	0
K22744	3
K22745	969
K22746	0
K22747	147
K22748	0
K22749	0
K22750	395
K22751	0
K22752	0
K22753	0
K22754	46
K22755	0
K22756	0
K22757	712
K22758	0
K22759	0
K22760	0
K22761	0
K22762	4
K22763	2
K22764	0
K22765	0
K22766	21
K22767	18
K22768	0
K22769	1465
K22770	2219
K22771	0
K22772	0
K22773	0
K22774	0
K22775	0
K22776	0
K22777	0
K22778	0
K22779	0
K22780	0
K22781	0
K22782	0
K22783	0
K22784	0
K22785	0
K22786	0
K22787	0
K22788	0
K22789	0
K22790	2
K22791	0
K22792	0
K22793	0
K22794	0
K22795	51
K22796	668
K22797	901
K22798	0
K22799	8
K22800	0
K22801	1571
K22802	0
K22803	75
K22804	629
K22805	0
K22806	0
K22807	0
K22808	2
K22809	0
K22810	0
K22811	0
K22812	0
K22813	0
K22814	0
K22815	0
K22816	0
K22817	1
K22818	1522
K22819	1655
K22820	1639
K22821	852
K22822	911
K22823	0
K22824	23
K22825	0
K22826	0
K22827	1
K22828	0
K22829	0
K22830	0
K22831	0
K22832	0
K22833	0
K22834	1
K22835	0
K22836	0
K22837	53
K22838	132
K22839	21
K22840	7
K22841	0
K22842	335
K22843	194
K22844	2192
K22845	0
K22846	6
K22847	1688
K22848	224
K22849	13
K22850	0
K22851	2
K22852	0
K22853	2
K22854	0
K22855	4
K22856	66
K22857	0
K22858	1
K22859	0
K22860	0
K22861	0
K22862	0
K22863	0
K22864	0
K22865	0
K22866	0
K22867	0
K22868	1
K22869	0
K22870	0
K22871	62
K22872	0
K22873	5
K22874	122
K22875	118
K22876	0
K22877	0
K22878	0
K22879	800
K22880	0
K22881	328
K22882	17
K22883	105
K22884	0
K22885	114
K22886	606
K22887	0
K22888	23
K22889	0
K22890	0
K22891	0
K22892	1
K22893	2305
K22894	3139
K22895	335
K22896	32
K22897	28
K22898	5
K22899	124
K22900	1505
K22901	79
K22902	1232
K22903	5
K22904	11
K22905	1225
K22906	106
K22907	2417
K22908	58
K22909	1
K22910	0
K22911	0
K22912	1
K22913	0
K22914	0
K22915	0
K22916	0
K22917	15
K22918	34
K22919	0
K22920	0
K22921	0
K22922	0
K22923	1
K22924	0
K22925	1
K22926	1
K22927	4868
K22928	45
K22929	4
K22930	12
K22931	2
K22932	0
K22933	168
K22934	2466
K22935	462
K22936	0
K22937	1
K22938	4
K22939	0
K22940	11
K22941	0
K22942	0
K22943	0
K22944	32
K22945	0
K22946	0
K22947	0
K22948	0
K22949	0
K22950	0
K22951	8
K22952	199
K22953	0
K22954	0
K22955	7
K22956	2
K22957	59
K22958	420
K22959	208
K22960	615
K22961	0
K22962	0
K22963	84
K22964	0
K22965	0
K22966	1
K22967	0
K22968	1
K22969	396
K22970	18
K22971	7
K22972	0
K22973	0
K22974	0
K22975	0
K22976	69
K22977	359
K22978	0
K22979	0
K22980	1426
K22981	59
K22982	19
K22983	1
K22984	0
K22985	0
K22986	1
K22987	0
K22988	0
K22989	0
K22990	2
K22991	0
K22992	0
K22993	1
K22994	1078
K22995	0
K22996	4
K22997	938
K22998	26
K22999	1
K23000	0
K23001	10
K23002	71
K23003	150
K23004	43
K23005	89
K23006	0
K23007	305
K23008	0
K23009	12
K23010	33
K23011	2
K23012	231
K23013	0
K23014	2
K23015	2
K23016	114
K23017	3
K23018	0
K23019	0
K23020	121
K23021	0
K23022	0
K23023	6
K23024	2
K23025	1
K23026	0
K23027	2
K23028	10
K23029	0
K23030	15
K23031	0
K23032	0
K23033	0
K23034	0
K23035	0
K23036	48
K23037	0
K23038	0
K23039	0
K23040	1
K23041	0
K23042	0
K23043	22
K23044	299
K23045	3
K23046	6
K23047	0
K23048	0
K23049	0
K23050	62
K23051	26
K23052	13
K23053	0
K23054	315
K23055	8
K23056	4
K23057	2
K23058	2
K23059	4670
K23060	210
K23061	147
K23062	1
K23063	2
K23064	3
K23065	0
K23066	86
K23067	2
K23068	0
K23069	0
K23070	0
K23071	0
K23072	1098
K23073	82
K23074	0
K23075	5
K23076	0
K23077	125
K23078	157
K23079	1
K23080	0
K23081	0
K23082	0
K23083	24
K23084	21
K23085	0
K23086	653
K23087	0
K23088	0
K23089	0
K23090	0
K23091	0
K23092	0
K23093	0
K23094	146
K23095	146
K23096	0
K23097	0
K23098	0
K23099	0
K23100	0
K23101	5
K23102	2
K23103	459
K23104	4
K23105	0
K23106	0
K23107	4855
K23108	0
K23109	55
K23110	37
K23111	110
K23112	0
K23113	220
K23114	365
K23115	0
K23116	0
K23117	995
K23118	10
K23119	0
K23120	359
K23121	471
K23122	300
K23123	2511
K23124	2627
K23125	0
K23126	0
K23127	0
K23128	2
K23129	0
K23130	0
K23131	0
K23132	35
K23133	5
K23134	0
K23135	0
K23136	1
K23137	0
K23138	1794
K23139	507
K23140	0
K23141	0
K23142	0
K23143	0
K23144	1417
K23145	1
K23146	84
K23147	260
K23148	129
K23149	918
K23150	59
K23151	4
K23152	0
K23153	8
K23154	0
K23155	652
K23156	1041
K23157	0
K23158	0
K23159	21
K23160	0
K23161	0
K23162	0
K23163	1705
K23164	761
K23165	0
K23166	2
K23167	629
K23168	8
K23169	210
K23170	211
K23171	0
K23172	0
K23173	0
K23174	0
K23175	0
K23176	1065
K23177	0
K23178	0
K23179	0
K23180	0
K23181	623
K23182	617
K23183	539
K23184	42
K23185	280
K23186	2557
K23187	2559
K23188	4596
K23189	93
K23190	9
K23191	0
K23192	0
K23193	0
K23194	0
K23195	1
K23196	2
K23197	4
K23198	0
K23199	1
K23200	0
K23201	0
K23202	0
K23203	0
K23204	0
K23205	2085
K23206	0
K23207	0
K23208	0
K23209	0
K23210	0
K23211	0
K23212	0
K23213	0
K23214	14
K23215	0
K23216	0
K23217	0
K23218	0
K23219	0
K23220	0
K23221	0
K23222	723
K23223	104
K23224	0
K23225	0
K23226	0
K23227	946
K23228	961
K23229	0
K23230	2
K23231	35
K23232	4
K23233	1
K23234	0
K23235	5
K23236	0
K23237	213
K23238	131
K23239	13
K23240	1
K23241	4
K23242	2759
K23243	2
K23244	226
K23245	309
K23246	141
K23247	122
K23248	1029
K23249	34
K23250	0
K23251	3
K23252	75
K23253	1611
K23254	197
K23255	4
K23256	1196
K23257	1272
K23258	3545
K23259	380
K23260	0
K23261	0
K23262	820
K23263	9
K23264	5276
K23265	5292
K23266	11
K23267	6
K23268	0
K23269	5321
K23270	35
K23271	445
K23272	21
K23273	8
K23274	7
K23275	11
K23276	0
K23277	0
K23278	3
K23279	0
K23280	0
K23281	0
K23282	1
K23283	0
K23284	166
K23285	8
K23286	0
K23287	0
K23288	0
K23289	0
K23290	0
K23291	0
K23292	2
K23293	3
K23294	0
K23295	0
K23296	0
K23297	0
K23298	0
K23299	0
K23300	8
K23301	8
K23302	6
K23303	42
K23304	194
K23305	0
K23306	0
K23307	0
K23308	0
K23309	0
K23310	0
K23311	0
K23312	0
K23313	1
K23314	3
K23315	20
K23316	0
K23317	0
K23318	0
K23319	78
K23320	0
K23321	0
K23322	0
K23323	1
K23324	0
K23325	5
K23326	0
K23327	0
K23328	0
K23329	2
K23330	8
K23331	0
K23332	4
K23333	0
K23334	14
K23335	1
K23336	1
K23337	0
K23338	0
K23339	0
K23340	0
K23341	6
K23342	0
K23343	3
K23344	18
K23345	0
K23346	0
K23347	124
K23348	4
K23349	370
K23351	3879
K23352	1005
K23353	1
K23354	0
K23355	0
K23356	1824
K23357	0
K23358	0
K23359	4937
K23360	46
K23361	360
K23362	1
K23363	21
K23364	100
K23365	84
K23366	141
K23367	72
K23368	72
K23369	0
K23370	113
K23371	194
K23372	648
K23373	860
K23374	206
K23375	306
K23376	299
K23377	0
K23378	0
K23379	35
K23380	38
K23381	0
K23382	1
K23383	30
K23384	25
K23385	4
K23386	0
K23387	0
K23388	1
K23389	0
K23390	0
K23392	0
K23393	5612
K23394	134
K23395	0
K23396	49
K23397	116
K23398	388
K23399	0
K23400	2
K23401	0
K23402	0
K23403	0
K23404	0
K23405	0
K23406	0
K23407	10
K23408	0
K23409	1
K23410	0
K23411	1
K23412	7
K23413	7
K23414	1437
K23415	110
K23416	345
K23417	1
K23418	0
K23419	2
K23420	0
K23421	0
K23422	0
K23423	0
K23424	1701
K23425	25
K23426	0
K23427	1
K23428	0
K23429	1
K23430	16
K23431	2
K23432	0
K23433	0
K23434	0
K23435	1
K23436	0
K23437	0
K23438	0
K23439	3
K23440	286
K23441	0
K23442	0
K23443	0
K23444	0
K23445	0
K23446	387
K23447	709
K23448	554
K23449	1
K23450	0
K23451	6
K23452	0
K23453	0
K23454	20
K23455	0
K23456	0
K23457	0
K23458	4
K23459	0
K23460	0
K23461	0
K23462	735
K23463	1201
K23464	5471
K23465	925
K23466	2491
K23467	965
K23468	0
K23469	0
K23470	158
K23471	0
K23472	0
K23473	0
K23474	0
K23475	2
K23476	0
K23477	0
K23478	2
K23479	0
K23480	0
K23481	0
K23482	6
K23483	32
K23484	0
K23485	0
K23486	16
K23487	2
K23488	0
K23489	21
K23490	42
K23491	0
K23492	15
K23493	0
K23494	0
K23495	12
K23496	4
K23497	0
K23498	2
K23499	113
K23500	0
K23501	0
K23502	0
K23503	0
K23504	100
K23505	0
K23506	0
K23507	0
K23508	1532
K23509	1321
K23510	0
K23511	2
K23512	5
K23513	25
K23514	2434
K23515	0
K23516	0
K23517	21
K23518	4041
K23519	331
K23520	0
K23521	0
K23522	0
K23523	0
K23524	0
K23525	0
K23526	123
K23527	104
K23528	21
K23529	207
K23530	3
K23531	14
K23532	0
K23533	123
K23534	0
K23535	5798
K23536	5823
K23537	5790
K23538	0
K23539	0
K23540	10
K23541	1886
K23542	0
K23543	0
K23544	1
K23545	92
K23546	82
K23547	75
K23548	157
K23549	164
K23550	1
K23551	26
K23552	0
K23553	0
K23554	1
K23555	1365
K23556	8
K23557	9
K23558	0
K23560	0
K23561	0
K23562	9
K23563	3
K23564	0
K23565	0
K23566	0
K23567	0
K23568	10
K23569	0
K23570	0
K23571	0
K23573	0
K23574	1
K23575	0
K23576	0
K23577	0
K23578	0
K23579	0
K23580	1
K23581	0
K23582	0
K23583	0
K23584	0
K23585	0
K23586	20
K23587	74
K23588	0
K23589	1
K23590	0
K23591	2
K23592	0
K23593	8
K23594	0
K23595	0
K23596	0
K23597	59
K23598	289
K23599	0
K23600	0
K23601	0
K23602	0
K23603	1
K23604	0
K23605	0
K23606	0
K23607	0
K23608	0
K23609	0
K23610	0
K23611	0
K23612	11
K23613	0
K23614	0
K23615	0
K23616	0
K23617	1968
K23618	2
K23619	5
K23620	1
K23621	1
K23622	0
K23623	0
K23624	0
K23625	0
K23626	0
K23627	3
K23628	1
K23629	0
K23630	0
K23631	30
K23632	0
K23633	28
K23634	0
K23635	0
K23636	0
K23637	0
K23638	0
K23639	0
K23640	0
K23641	0
K23642	0
K23643	0
K23644	0
K23645	0
K23646	0
K23647	2
K23648	0
K23649	0
K23650	1
K23651	0
K23652	0
K23653	0
K23654	0
K23655	0
K23656	0
K23657	1
K23658	1
K23659	0
K23660	0
K23661	0
K23662	0
K23663	0
K23664	1
K23665	18
K23666	0
K23667	3
K23668	1318
K23669	91
K23670	40
K23671	5
K23672	103
K23673	91
K23674	1421
K23675	4942
K23676	1996
K23677	82
K23678	2
K23679	0
K23680	0
K23681	0
K23682	0
K23683	281
K23684	1423
K23685	397
K23686	74
K23687	0
K23688	0
K23689	0
K23690	0
K23691	0
K23692	0
K23693	0
K23694	0
K23695	0
K23696	0
K23697	0
K23698	0
K23699	0
K23700	0
K23701	0
K23702	0
K23703	1
K23704	31
K23705	0
K23706	0
K23707	0
K23708	0
K23709	0
K23710	0
K23711	0
K23712	0
K23713	0
K23714	0
K23715	2
K23716	0
K23717	0
K23718	9
K23719	0
K23720	0
K23721	0
K23722	5
K23723	210
K23724	0
K23725	229
K23726	1574
K23727	0
K23728	9
K23729	7
K23730	2
K23731	0
K23732	2
K23733	0
K23734	1487
K23735	3
K23736	0
K23737	0
K23738	73
K23739	0
K23740	0
K23741	1
K23742	2
K23743	185
K23744	13
K23745	17
K23746	40
K23747	48
K23748	14
K23749	46
K23750	0
K23751	0
K23752	71
K23753	3320
K23754	0
K23755	24
K23756	0
K23757	0
K23758	0
K23759	0
K23760	0
K23761	0
K23762	0
K23763	0
K23764	1
K23765	0
K23766	0
K23767	0
K23768	0
K23769	0
K23770	0
K23771	0
K23772	0
K23773	278
K23774	2462
K23775	6133
K23776	1181
K23777	2974
K23778	2974
K23779	6558
K23780	0
K23781	0
K23782	0
K23783	0
K23784	0
K23785	0
K23786	3629
K23787	8
K23788	0
K23789	0
K23790	0
K23791	0
K23792	13
K23793	0
K23794	3
K23795	0
K23796	0
K23797	1
K23798	0
K23799	0
K23800	0
K23801	0
K23802	0
K23803	0
K23804	0
K23805	0
K23806	0
K23807	0
K23808	0
K23809	0
K23810	0
K23811	375
K23812	550
K23813	0
K23814	0
K23815	0
K23816	0
K23817	0
K23818	10
K23819	0
K23820	82
K23821	0
K23822	0
K23823	0
K23824	0
K23825	2140
K23826	0
K23827	1
K23828	0
K23829	6
K23830	0
K23831	0
K23832	0
K23833	0
K23834	0
K23835	0
K23836	0
K23837	0
K23838	0
K23839	0
K23840	0
K23841	0
K23842	2691
K23843	0
K23844	0
K23845	0
K23846	0
K23847	21
K23848	0
K23849	0
K23850	0
K23851	0
K23852	1
K23853	0
K23854	0
K23855	1
K23856	192
K23857	0
K23858	0
K23859	0
K23860	1
K23861	0
K23862	0
K23863	0
K23864	13
K23865	0
K23866	240
K23867	0
K23868	0
K23869	4
K23870	0
K23871	0
K23872	0
K23873	2
K23874	174
K23875	5
K23876	2393
K23877	0
K23878	0
K23879	0
K23880	0
K23881	37
K23882	24
K23883	0
K23884	0
K23885	22
K23886	1462
K23887	0
K23888	0
K23889	0
K23890	0
K23891	0
K23892	0
K23893	0
K23894	1
K23895	0
K23896	553
K23897	0
K23898	0
K23899	2
K23900	1
K23901	31
K23902	0
K23903	0
K23904	27
K23905	1
K23906	0
K23907	0
K23908	2
K23909	15
K23910	0
K23911	199
K23912	0
K23913	0
K23914	5
K23915	3
K23916	116
K23917	0
K23918	0
K23919	0
K23920	0
K23921	0
K23922	0
K23923	0
K23924	0
K23925	0
K23926	2
K23927	0
K23928	0
K23929	0
K23930	0
K23931	0
K23932	0
K23934	29
K23935	0
K23936	0
K23937	0
K23938	0
K23939	1
K23940	0
K23941	0
K23942	22
K23943	0
K23944	0
K23945	0
K23946	6
K23947	0
K23948	1158
K23949	24
K23950	0
K23951	0
K23952	0
K23953	0
K23954	0
K23955	0
K23956	0
K23957	10
K23958	5
K23959	0
K23960	10
K23961	0
K23962	0
K23963	0
K23964	0
K23965	0
K23966	0
K23967	0
K23968	0
K23969	0
K23970	0
K23971	0
K23972	0
K23973	24
K23974	152
K23975	147
K23976	1033
K23977	9
K23978	770
K23979	0
K23980	4527
K23981	53
K23982	328
K23983	1089
K23984	761
K23985	14
K23986	2
K23987	1619
K23988	1028
K23989	2144
K23990	0
K23991	0
K23992	1341
K23993	323
K23994	706
K23995	3
K23996	0
K23997	5569
K23998	7
K23999	141
K24000	314
K24001	28
K24002	162
K24003	2
K24004	6
K24005	0
K24006	9
K24007	0
K24008	0
K24009	2
K24010	3
K24011	0
K24012	2391
K24013	0
K24014	0
K24015	0
K24016	38
K24017	3065
K24018	3194
K24019	0
K24020	5
K24021	0
K24022	0
K24023	0
K24024	0
K24025	0
K24026	0
K24027	3
K24028	167
K24029	1
K24030	0
K24031	0
K24032	5
K24033	1389
K24034	567
K24035	0
K24036	0
K24037	0
K24038	0
K24039	0
K24040	2972
K24041	1118
K24042	2487
K24043	0
K24044	0
K24045	2
K24046	0
K24047	4
K24048	0
K24049	3
K24050	10
K24051	72
K24052	0
K24053	22
K24054	0
K24055	3
K24056	0
K24057	3
K24058	0
K24059	9
K24060	19
K24061	5
K24062	0
K24063	0
K24064	0
K24065	0
K24066	0
K24067	0
K24068	0
K24069	11
K24070	1
K24071	149
K24072	529
K24073	1253
K24074	43
K24075	1
K24076	465
K24077	0
K24078	1
K24079	0
K24080	3
K24081	0
K24082	14
K24083	428
K24084	1102
K24085	1021
K24086	0
K24087	489
K24088	170
K24089	12
K24090	15
K24091	1
K24092	0
K24093	0
K24094	0
K24095	0
K24096	13
K24097	3
K24098	0
K24099	1
K24100	250
K24101	358
K24102	72
K24103	1
K24104	0
K24105	1
K24106	2
K24107	0
K24108	946
K24109	220
K24110	235
K24111	283
K24112	233
K24113	0
K24114	0
K24115	0
K24116	2772
K24117	1139
K24118	22
K24119	2492
K24120	2740
K24121	29
K24122	249
K24123	0
K24124	0
K24125	0
K24126	1352
K24127	0
K24128	1
K24129	169
K24130	1420
K24131	4398
K24132	0
K24133	0
K24134	0
K24135	316
K24136	50
K24137	7
K24138	38
K24139	6
K24140	1
K24141	0
K24142	0
K24143	0
K24144	2
K24145	0
K24146	0
K24147	12
K24148	0
K24149	2
K24150	4
K24151	0
K24152	1
K24153	82
K24154	0
K24155	1
K24156	0
K24157	44
K24158	214
K24159	2
K24160	959
K24161	0
K24162	132
K24163	5039
K24164	0
K24165	0
K24166	0
K24167	0
K24168	0
K24169	1
K24170	0
K24171	0
K24172	0
K24173	2
K24174	9
K24175	0
K24176	0
K24177	0
K24178	2
K24179	0
K24180	4094
K24181	0
K24182	0
K24183	0
K24184	0
K24185	8
K24186	3
K24187	0
K24188	0
K24189	0
K24190	3
K24191	0
K24192	654
K24193	0
K24194	0
K24195	0
K24196	0
K24197	0
K24198	0
K24199	0
K24200	1088
K24201	0
K24202	0
K24203	0
K24204	5480
K24205	50
K24206	2524
K24207	1
K24208	0
K24209	0
K24210	0
K24211	44
K24212	4
K24213	84
K24214	3
K24215	0
K24216	0
K24217	4973
K24218	7
K24219	0
K24220	4
K24221	0
K24222	0
K24223	7
K24224	2
K24225	0
K24226	50
K24227	0
K24228	0
K24229	0
K24230	0
K24231	0
K24232	0
K24233	0
K24234	0
K24235	1
K24236	17
K24237	4
K24238	0
K24239	0
K24240	0
K24241	816
K24242	1
K24243	3
K24244	105
K24245	21
K24246	35
K24247	16
K24248	3
K24249	90
K24250	99
K24251	46
K24252	429
K24253	0
K24254	17
K24255	0
K24256	3
K24257	48
K24258	1052
K24259	46
K24260	0
K24261	0
K24262	2
K24263	1900
K24264	33
K24265	0
K24266	0
K24267	0
K24268	0
K24269	29
K24270	0
K24271	1
K24272	0
K24273	0
K24274	15
K24275	0
K24276	0
K24277	0
K24278	2
K24279	603
K24280	0
K24281	9
K24282	168
K24283	1
K24284	100
K24285	2
K24286	0
K24287	116
K24288	1646
K24289	81
K24290	178
K24291	95
K24292	15
K24293	18
K24294	0
K24295	0
K24296	0
K24297	0
K24298	2
K24299	1
K24300	3038
K24301	35
K24302	111
K24303	391
K24304	78
K24305	437
K24306	78
K24307	531
K24308	0
K24309	1
K24310	584
K24311	352
K24312	3
K24313	8
K24314	0
K24315	0
K24316	0
K24317	0
K24318	0
K24319	0
K24320	0
K24321	0
K24322	0
K24323	0
K24324	0
K24325	0
K24326	136
K24327	104
K24328	0
K24329	0
K24330	0
K24331	3
K24332	0
K24333	0
K24334	0
K24335	0
K24336	2
K24337	6
K24338	1
K24339	1
K24340	1
K24341	6
K24342	3
K24343	2
K24344	0
K24345	0
K24346	0
K24347	0
K24348	2
K24349	0
K24350	0
K24351	0
K24352	0
K24353	11
K24354	0
K24355	2
K24356	3
K24357	12
K24358	5
K24359	0
K24360	0
K24361	0
K24362	0
K24363	0
K24364	0
K24365	0
K24366	1
K24367	0
K24368	0
K24369	1
K24370	0
K24371	0
K24372	0
K24373	0
K24374	0
K24375	0
K24376	0
K24377	0
K24378	1
K24379	0
K24380	0
K24381	0
K24382	0
K24383	0
K24384	0
K24385	1
K24386	0
K24387	0
K24388	0
K24389	1105
K24390	20
K24391	654
K24392	984
K24393	0
K24394	13
K24395	5
K24396	1
K24397	0
K24398	0
K24399	1
K24400	0
K24401	0
K24402	0
K24403	48
K24404	151
K24405	1
K24406	0
K24407	0
K24408	66
K24409	329
K24410	233
K24411	1571
K24412	0
K24413	0
K24414	0
K24415	0
K24416	0
K24417	0
K24418	2
K24419	123
K24420	0
K24421	0
K24422	0
K24423	0
K24424	0
K24425	2
K24426	0
K24427	1
K24428	1
K24429	0
K24430	0
K24431	0
K24432	0
K24433	0
K24434	3
K24435	0
K24436	5
K24437	19
K24438	0
K24439	0
K24440	0
K24441	0
K24442	0
K24443	11
K24444	27
K24445	6
K24446	25
K24447	1
K24448	31
K24449	248
K24450	2
K24451	514
K24452	2
K24453	0
K24454	172
K24455	0
K24456	1543
K24457	71
K24458	31
K24459	1646
K24460	0
K24461	0
K24462	0
K24463	0
K24464	269
K24465	0
K24466	0
K24467	0
K24468	0
K24469	440
K24470	1
K24471	0
K24472	1
K24473	2077
K24474	0
K24475	0
K24476	0
K24477	7
K24478	18
K24479	0
K24480	0
K24481	0
K24482	1
K24483	20
K24484	0
K24485	803
K24486	0
K24487	92
K24488	1
K24489	1
K24490	0
K24491	0
K24492	70
K24493	0
K24494	2
K24495	30
K24496	225
K24497	0
K24498	119
K24499	0
K24500	1
K24501	0
K24502	0
K24503	0
K24504	0
K24505	0
K24506	0
K24507	2
K24508	0
K24509	0
K24510	269
K24511	125
K24512	0
K24513	95
K24514	87
K24515	7
K24516	2
K24517	0
K24518	0
K24519	0
K24520	0
K24521	0
K24522	0
K24523	10
K24524	4
K24525	0
K24526	1
K24527	0
K24528	124
K24529	225
K24530	509
K24531	2
K24532	0
K24533	0
K24534	0
K24535	0
K24536	0
K24537	0
K24538	0
K24539	0
K24540	4
K24541	0
K24542	0
K24543	2
K24544	0
K24545	0
K24546	0
K24547	0
K24548	0
K24549	1
K24550	0
K24551	0
K24552	1
K24553	0
K24554	0
K24555	2
K24556	105
K24557	24
K24558	13
K24559	8
K24560	2
K24561	4
K24562	35
K24563	55
K24564	126
K24565	157
K24566	3
K24567	9
K24568	17
K24569	17
K24570	0
K24571	0
K24572	0
K24573	0
K24574	0
K24575	0
K24576	0
K24577	0
K24578	0
K24579	3
K24580	0
K24581	1
K24582	0
K24583	0
K24584	0
K24585	0
K24586	0
K24587	0
K24588	0
K24589	0
K24590	0
K24591	0
K24592	0
K24593	5
K24594	0
K24595	0
K24596	0
K24597	0
K24598	0
K24599	0
K24600	0
K24601	0
K24602	0
K24603	0
K24604	0
K24605	0
K24606	0
K24607	0
K24608	0
K24609	4
K24610	18
K24611	0
K24612	0
K24613	0
K24614	0
K24615	1
K24616	0
K24617	0
K24618	0
K24619	731
K24620	511
K24621	0
K24622	0
K24623	0
K24624	0
K24625	0
K24626	0
K24627	0
K24628	0
K24629	0
K24630	0
K24631	26
K24632	18
K24633	0
K24634	7
K24635	0
K24636	0
K24637	0
K24638	0
K24639	0
K24640	0
K24641	0
K24642	0
K24643	2
K24644	0
K24645	0
K24646	0
K24647	0
K24648	1375
K24649	0
K24650	1
K24651	5
K24652	6
K24653	0
K24654	6
K24655	117
K24656	278
K24657	5
K24658	194
K24659	113
K24660	2
K24661	0
K24662	85
K24663	0
K24664	7
K24665	0
K24666	34
K24667	969
K24668	0
K24669	0
K24670	2
K24671	18
K24672	242
K24673	23
K24674	0
K24675	11
K24676	0
K24677	5
K24678	0
K24679	0
K24680	0
K24681	0
K24682	0
K24683	0
K24684	0
K24685	0
K24686	0
K24687	1
K24688	0
K24689	422
K24690	0
K24691	0
K24692	0
K24693	982
K24694	802
K24695	973
K24696	1377
K24697	975
K24698	1222
K24699	3077
K24700	684
K24701	0
K24702	13
K24703	10
K24704	180
K24705	36
K24706	0
K24707	2751
K24708	1912
K24709	7
K24710	28
K24711	26
K24712	440
K24713	0
K24714	2
K24715	1
K24716	16
K24717	15
K24718	19
K24719	81
K24720	0
K24721	0
K24722	0
K24723	1
K24724	0
K24725	62
K24726	0
K24727	172
K24728	2
K24729	6
K24730	14
K24731	0
K24732	1
K24733	1
K24734	917
K24735	26
K24736	30
K24737	0
K24738	0
K24739	0
K24740	4
K24741	0
K24742	1
K24743	0
K24744	1
K24745	351
K24746	0
K24747	0
K24748	1
K24749	3
K24750	3
K24751	0
K24752	0
K24753	0
K24754	0
K24755	1
K24756	12
K24757	5
K24758	0
K24759	0
K24760	0
K24761	0
K24762	0
K24763	0
K24764	83
K24765	1
K24766	0
K24767	0
K24768	10
K24769	0
K24770	1
K24771	0
K24772	0
K24773	0
K24774	0
K24775	0
K24776	0
K24777	0
K24778	0
K24779	0
K24780	1
K24781	8
K24782	0
K24783	0
K24784	0
K24785	0
K24786	0
K24787	0
K24788	0
K24789	0
K24790	3
K24791	0
K24792	0
K24793	0
K24794	29
K24795	0
K24796	0
K24797	0
K24798	0
K24799	0
K24800	0
K24801	0
K24802	2
K24803	2
K24804	0
K24805	0
K24806	0
K24807	0
K24808	0
K24809	0
K24810	21
K24811	0
K24812	0
K24813	3
K24814	0
K24815	0
K24816	1
K24817	0
K24818	0
K24819	13
K24820	590
K24821	38
K24822	53
K24823	0
K24824	0
K24825	0
K24826	0
K24827	0
K24828	0
K24829	0
K24830	0
K24831	0
K24832	0
K24833	0
K24834	4
K24835	1531
K24836	0
K24837	1
K24838	0
K24839	2
K24840	0
K24841	0
K24842	54
K24843	35
K24844	7
K24845	7
K24846	461
K24847	19
K24848	5
K24849	8
K24850	19
K24851	0
K24852	0
K24853	0
K24854	0
K24855	301
K24856	2
K24857	0
K24858	11
K24859	0
K24860	0
K24861	0
K24862	0
K24863	0
K24864	1
K24865	0
K24866	2631
K24867	10
K24868	19
K24869	0
K24870	0
K24871	16
K24872	2480
K24873	2215
K24874	0
K24875	0
K24876	0
K24877	0
K24878	0
K24879	0
K24880	0
K24881	0
K24882	0
K24883	0
K24884	0
K24885	1
K24886	0
K24887	2
K24888	0
K24889	0
K24890	0
K24891	0
K24892	0
K24893	1
K24894	0
K24895	0
K24896	2
K24897	2
K24898	0
K24899	0
K24900	0
K24901	0
K24902	0
K24903	0
K24904	0
K24905	0
K24906	21
K24907	0
K24908	0
K24909	0
K24910	447
K24911	453
K24912	299
K24913	406
K24914	1153
K24915	2114
K24916	0
K24917	0
K24918	0
K24919	0
K24920	0
K24921	0
K24922	0
K24923	0
K24924	90
K24925	4
K24926	7
K24927	13
K24928	4
K24929	105
K24930	3
K24931	4
K24932	53
K24933	10
K24934	16
K24935	19
K24936	1067
K24937	434
K24938	0
K24939	9
K24940	1
K24941	16
K24942	235
K24943	0
K24944	15
K24945	0
K24946	26
K24947	6
K24948	4585
K24949	431
K24950	2704
K24951	725
K24952	0
K24953	0
K24954	252
K24955	56
K24956	211
K24957	0
K24958	1
K24959	0
K24960	0
K24961	0
K24962	1
K24963	27
K24964	0
K24965	0
K24966	287
K24967	6344
K24968	503
K24969	828
K24970	0
K24971	4732
K24972	12
K24973	0
K24974	0
K24975	0
K24976	5
K24977	0
K24978	0
K24979	0
K24980	0
K24981	0
K24982	1
K24983	2
K24984	0
K24985	662
K24986	466
K24987	2077
K24988	797
K24989	469
K24990	1
K24991	239
K24992	0
K24993	0
K24994	0
K24995	2058
K24996	0
K24997	23
K24998	2446
K24999	0
K25000	0
K25001	0
K25002	2
K25003	0
K25004	16
K25005	0
K25006	0
K25007	130
K25008	201
K25009	0
K25010	504
K25011	0
K25012	0
K25013	1
K25014	1
K25015	0
K25016	0
K25017	0
K25018	1
K25019	0
K25020	0
K25021	0
K25022	4
K25023	1
K25024	0
K25025	0
K25026	7865
K25027	3336
K25028	2543
K25029	1
K25030	74
K25031	3141
K25032	0
K25033	1424
K25034	4010
K25035	76
K25036	0
K25037	0
K25038	179
K25039	0
K25040	0
K25041	0
K25042	0
K25043	8
K25044	616
K25045	0
K25046	0
K25047	0
K25048	0
K25049	0
K25050	1
K25051	0
K25052	0
K25053	0
K25054	0
K25055	0
K25056	94
K25057	0
K25058	0
K25059	0
K25060	0
K25061	32
K25062	289
K25063	264
K25064	269
K25065	0
K25066	11
K25067	221
K25068	191
K25069	208
K25070	0
K25071	0
K25072	2455
K25073	2
K25074	7
K25075	0
K25076	1
K25077	1
K25078	0
K25079	1
K25080	0
K25081	0
K25082	0
K25083	0
K25084	0
K25085	0
K25086	1723
K25087	1707
K25088	1712
K25089	2465
K25090	0
K25091	0
K25092	1
K25093	0
K25094	0
K25095	0
K25096	18
K25097	102
K25098	122
K25099	78
K25100	10
K25101	1
K25102	0
K25103	308
K25104	0
K25105	7
K25106	5
K25107	95
K25108	2
K25109	2616
K25110	1018
K25111	1008
K25112	0
K25113	1135
K25114	1083
K25115	621
K25116	25
K25117	748
K25118	679
K25119	240
K25120	170
K25121	313
K25122	0
K25123	161
K25124	174
K25125	0
K25126	0
K25127	0
K25128	0
K25129	1
K25130	64
K25131	0
K25132	1040
K25133	1080
K25134	4
K25135	1673
K25136	0
K25137	118
K25138	8
K25139	1
K25140	1558
K25141	2511
K25142	5697
K25143	5663
K25144	2984
K25145	20
K25146	0
K25147	4173
K25148	2654
K25149	2731
K25150	2658
K25151	1529
K25152	1578
K25153	1218
K25154	2958
K25155	2946
K25156	3006
K25157	3434
K25158	3670
K25159	1371
K25160	0
K25161	0
K25162	0
K25163	0
K25164	6
K25165	15
K25166	43
K25167	149
K25168	7
K25169	159
K25170	153
K25171	121
K25172	78
K25173	0
K25174	0
K25175	0
K25176	0
K25177	0
K25178	0
K25179	0
K25180	2145
K25181	1410
K25182	1748
K25183	260
K25184	0
K25185	1
K25186	0
K25187	65
K25188	120
K25189	86
K25190	32
K25191	0
K25192	0
K25193	73
K25194	3
K25195	9
K25196	788
K25197	402
K25198	14
K25199	7
K25200	1
K25201	2
K25202	0
K25203	0
K25204	0
K25205	17
K25206	0
K25207	34
K25208	0
K25209	0
K25210	2
K25211	85
K25212	357
K25213	2067
K25214	0
K25215	0
K25216	3
K25217	0
K25218	0
K25219	0
K25220	115
K25221	29
K25222	1178
K25223	87
K25224	97
K25225	0
K25226	0
K25227	1479
K25228	0
K25229	0
K25230	1094
K25231	2
K25232	7352
K25233	3
K25234	96
K25235	0
K25236	0
K25237	0
K25238	0
K25239	0
K25240	0
K25241	0
K25242	0
K25243	0
K25244	0
K25245	0
K25246	0
K25247	0
K25248	0
K25249	0
K25250	0
K25251	0
K25252	0
K25253	0
K25254	66
K25255	304
K25256	0
K25257	0
K25258	8
K25259	0
K25260	7
K25261	44
K25262	461
K25263	41
K25264	0
K25265	45
K25266	0
K25267	83
K25268	0
K25269	0
K25270	0
K25271	25
K25272	284
K25273	0
K25274	0
K25275	0
K25276	0
K25277	0
K25278	0
K25279	0
K25280	5
K25281	2
K25282	2949
K25283	2926
K25284	2916
K25285	2929
K25286	2858
K25287	868
K25288	2236
K25289	2236
K25290	1009
K25291	0
K25292	0
K25293	0
K25294	0
K25295	0
K25296	0
K25297	0
K25298	0
K25299	0
K25300	0
K25301	0
K25302	0
K25303	0
K25304	1
K25305	47
K25306	0
K25307	5752
K25308	2263
K25309	0
K25310	0
K25311	0
K25312	0
K25313	0
K25314	54
K25315	2
K25316	1373
K25317	47
K25318	0
K25319	0
K25320	0
K25321	0
K25322	0
K25323	0
K25324	40
K25325	0
K25326	0
K25327	0
K25328	2
K25329	1
K25330	0
K25331	5
K25332	0
K25333	0
K25334	3
K25335	0
K25336	0
K25337	0
K25338	0
K25339	0
K25340	0
K25341	0
K25342	0
K25343	0
K25344	0
K25345	0
K25346	0
K25347	0
K25348	0
K25349	0
K25350	0
K25351	0
K25352	0
K25353	0
K25354	0
K25355	0
K25356	0
K25357	0
K25358	0
K25359	0
K25360	0
K25361	0
K25362	0
K25363	0
K25364	0
K25365	1408
K25366	0
K25367	0
K25368	0
K25369	0
K25370	0
K25371	0
K25372	0
K25373	0
K25374	1
K25375	0
K25376	0
K25377	0
K25378	1
K25379	3
K25380	84
K25381	0
K25382	0
K25383	0
K25384	19
K25385	0
K25386	0
K25387	0
K25388	0
K25389	4
K25390	1
K25391	0
K25392	27
K25393	0
K25394	0
K25395	0
K25396	0
K25397	0
K25398	5
K25399	0
K25400	4
K25401	5
K25402	0
K25403	0
K25404	0
K25405	0
K25406	0
K25407	0
K25408	0
K25409	0
K25410	0
K25411	0
K25412	0
K25413	0
K25414	0
K25415	0
K25416	0
K25417	0
K25418	0
K25419	0
K25420	0
K25421	0
K25422	4
K25423	0
K25424	0
K25425	0
K25426	1
K25427	0
K25428	3
K25429	0
K25430	0
K25431	2
K25432	0
K25433	0
K25434	2357
K25435	0
K25436	0
K25437	0
K25438	0
K25439	3
K25440	1
K25441	0
K25442	20
K25443	3
K25444	0
K25445	0
K25446	0
K25447	0
K25448	0
K25449	0
K25450	50
K25451	1
K25452	2
K25453	0
K25454	0
K25455	0
K25456	0
K25457	0
K25458	996
K25459	0
K25460	0
K25461	0
K25462	0
K25463	0
K25464	0
K25465	0
K25466	0
K25467	0
K25468	0
K25469	0
K25470	0
K25471	0
K25472	0
K25473	2
K25474	0
K25475	0
K25476	0
K25477	0
K25478	0
K25479	0
K25480	0
K25481	0
K25482	0
K25483	0
K25484	0
K25485	0
K25486	0
K25487	0
K25488	0
K25489	0
K25490	0
K25491	0
K25492	0
K25493	0
K25494	476
K25495	1314
K25496	67
K25497	389
K25498	43
K25499	135
K25500	11
K25501	0
K25502	0
K25503	1053
K25504	0
K25505	0
K25506	0
K25507	0
K25508	0
K25509	26
K25510	74
K25511	0
K25512	0
K25513	1
K25514	0
K25515	0
K25516	0
K25517	205
K25518	3
K25519	85
K25520	390
K25521	0
K25522	0
K25523	0
K25524	48
K25525	1
K25526	1
K25527	0
K25528	702
K25529	0
K25530	0
K25531	0
K25532	0
K25533	0
K25534	0
K25535	0
K25536	0
K25537	0
K25538	0
K25539	0
K25540	0
K25541	0
K25542	0
K25543	360
K25544	0
K25545	0
K25546	0
K25547	0
K25548	1
K25549	9
K25550	55
K25551	0
K25552	10
K25553	0
K25554	12
K25555	235
K25556	0
K25557	576
K25558	1
K25559	0
K25560	0
K25561	0
K25562	1583
K25563	222
K25564	1517
K25565	0
K25566	1
K25567	0
K25568	0
K25569	0
K25570	64
K25571	141
K25572	0
K25573	0
K25574	231
K25575	397
K25576	0
K25577	0
K25578	869
K25579	0
K25580	0
K25581	0
K25582	0
K25583	15
K25584	0
K25585	125
K25586	0
K25587	22
K25588	2841
K25589	955
K25590	154
K25591	0
K25592	0
K25593	0
K25594	182
K25595	44
K25596	138
K25597	302
K25598	663
K25599	371
K25600	14
K25601	15
K25602	617
K25603	560
K25604	15
K25605	0
K25606	0
K25607	16
K25608	0
K25609	5
K25610	0
K25611	0
K25612	0
K25613	0
K25614	2
K25615	2
K25616	0
K25617	899
K25618	47
K25619	3285
K25620	454
K25621	1377
K25622	1265
K25623	1486
K25624	4
K25625	0
K25626	1152
K25627	928
K25628	0
K25629	0
K25630	0
K25631	1
K25632	35
K25633	0
K25634	362
K25635	0
K25636	0
K25637	0
K25638	1
K25639	0
K25640	0
K25641	1345
K25642	0
K25643	0
K25644	0
K25645	0
K25646	0
K25647	0
K25648	1
K25649	755
K25650	197
K25651	686
K25652	2170
K25653	284
K25654	257
K25655	0
K25656	150
K25657	1127
K25658	1117
K25659	342
K25660	725
K25661	0
K25662	0
K25663	0
K25664	1
K25665	0
K25666	1
K25667	0
K25668	0
K25669	47
K25670	1230
K25671	730
K25672	950
K25673	484
K25674	547
K25675	717
K25676	1107
K25677	1652
K25678	1068
K25679	0
K25680	0
K25681	0
K25682	0
K25683	0
K25684	0
K25685	0
K25686	0
K25687	0
K25688	0
K25689	5
K25690	0
K25691	0
K25692	0
K25693	0
K25694	0
K25695	0
K25696	0
K25697	0
K25698	0
K25699	6
K25700	0
K25701	196
K25702	0
K25703	0
K25704	0
K25705	1
K25706	8482
K25707	3
K25708	0
K25709	1
K25710	0
K25711	0
K25712	0
K25713	0
K25714	0
K25715	0
K25716	0
K25717	0
K25718	0
K25719	0
K25720	0
K25721	0
K25722	0
K25723	0
K25724	86
K25725	0
K25726	0
K25727	2
K25728	0
K25729	6
K25730	0
K25731	0
K25732	0
K25733	0
K25734	0
K25735	0
K25736	0
K25737	0
K25738	0
K25739	0
K25740	0
K25741	443
K25742	0
K25743	0
K25744	0
K25745	2
K25746	0
K25747	30
K25748	1
K25749	0
K25750	0
K25751	0
K25752	0
K25753	0
K25754	0
K25755	0
K25756	0
K25757	0
K25758	0
K25759	5
K25760	21
K25761	0
K25762	66
K25763	236
K25764	74
K25765	0
K25766	108
K25767	1676
K25768	0
K25769	0
K25770	0
K25771	0
K25772	0
K25773	0
K25774	0
K25775	663
K25776	1066
K25777	0
K25778	1
K25779	1
K25780	0
K25781	0
K25782	0
K25783	0
K25784	0
K25785	0
K25786	4
K25787	1
K25788	0
K25789	0
K25790	0
K25791	0
K25792	0
K25793	0
K25794	0
K25795	0
K25796	0
K25797	2
K25798	0
K25799	0
K25800	0
K25801	0
K25802	1
K25803	0
K25804	0
K25805	0
K25806	0
K25807	0
K25808	0
K25809	0
K25810	0
K25811	0
K25812	2
K25813	2
K25814	922
K25815	7
K25816	0
K25817	0
K25818	0
K25819	0
K25820	706
K25821	750
K25822	4
K25823	4
K25824	0
K25825	0
K25826	5
K25827	3
K25828	3
K25829	0
K25830	0
K25831	0
K25832	0
K25833	0
K25834	1
K25835	0
K25836	0
K25837	0
K25838	0
K25839	0
K25840	0
K25841	13
K25842	36
K25843	32
K25844	8
K25845	92
K25846	40
K25847	10
K25848	29
K25849	63
K25850	72
K25851	35
K25852	26
K25853	58
K25854	6
K25855	72
K25856	0
K25857	0
K25858	0
K25859	3
K25860	0
K25861	76
K25862	0
K25863	2
K25864	2
K25865	0
K25866	1
K25867	0
K25868	0
K25869	0
K25870	0
K25871	0
K25872	0
K25873	7
K25874	2
K25875	12
K25876	3
K25877	224
K25878	0
K25879	1
K25880	0
K25881	3
K25882	7
K25883	11
K25884	47
K25885	12
K25886	139
K25887	0
K25888	0
K25889	17
K25890	23
K25891	114
K25892	104
K25893	0
K25894	1
K25895	4
K25896	0
K25897	0
K25898	351
K25899	0
K25900	0
K25901	625
K25902	1
K25903	742
K25904	825
K25905	95
K25906	0
K25907	45
K25908	1
K25909	2
K25910	3
K25911	69
K25912	36
K25913	85
K25914	0
K25915	13
K25916	121
K25917	0
K25918	0
K25919	2
K25920	0
K25921	1
K25922	0
K25923	0
K25924	0
K25925	0
K25926	0
K25927	0
K25928	0
K25929	0
K25930	0
K25931	0
K25932	0
K25933	45
K25934	0
K25935	0
K25936	84
K25937	108
K25938	9
K25939	9
K25940	0
K25941	0
K25942	0
K25943	0
K25944	0
K25945	0
K25946	0
K25947	0
K25948	0
K25949	0
K25950	451
K25951	0
K25952	362
K25953	0
K25954	0
K25955	0
K25956	0
K25957	25
K25958	9
K25959	0
K25960	4
K25961	0
K25962	0
K25963	0
K25964	0
K25965	0
K25966	32
K25967	8
K25968	0
K25969	4
K25970	2
K25971	0
K25972	0
K25973	0
K25974	0
K25975	0
K25976	0
K25977	0
K25978	0
K25979	0
K25980	0
K25981	0
K25982	0
K25983	0
K25984	2
K25985	441
K25986	447
K25987	297
K25988	1051
K25989	0
K25990	0
K25991	0
K25992	0
K25993	0
K25994	0
K25995	13
K25996	13
K25997	0
K25998	0
K25999	0
K26000	0
K26001	4
K26002	0
K26003	0
K26004	2
K26005	159
K26006	43
K26007	3
K26008	1
K26009	2
K26010	0
K26011	0
K26012	0
K26013	7
K26014	0
K26015	0
K26016	0
K26017	0
K26018	0
K26019	0
K26020	0
K26021	0
K26022	0
K26023	0
K26024	6
K26025	0
K26026	0
K26027	0
K26028	0
K26029	5
K26030	101
K26031	3
K26032	3115
K26033	27
K26034	0
K26035	1
K26036	1872
K26037	0
K26038	0
K26039	17
K26040	1
K26041	1131
K26042	0
K26043	13
K26044	1
K26045	1
K26046	36
K26047	2
K26048	2
K26049	9
K26050	0
K26051	51
K26052	0
K26053	0
K26054	0
K26055	295
K26056	66
K26057	3626
K26058	3
K26059	197
K26060	11
K26061	789
K26062	0
K26063	621
K26064	11
K26065	17
K26066	23
K26067	1
K26068	3
K26069	29
K26070	13
K26071	230
K26072	2
K26073	24
K26074	0
K26075	15
K26076	0
K26077	23
K26078	3
K26079	2
K26080	477
K26081	235
K26082	4
K26083	8
K26084	0
K26085	0
K26086	0
K26087	24
K26088	0
K26089	10
K26090	0
K26091	0
K26092	0
K26093	0
K26094	2
K26095	0
K26096	0
K26097	0
K26098	30
K26099	7
K26100	0
K26101	0
K26102	0
K26103	0
K26104	0
K26105	0
K26106	0
K26107	1
K26108	0
K26109	0
K26110	2514
K26111	0
K26112	0
K26113	623
K26114	427
K26115	712
K26116	0
K26117	0
K26118	3
K26119	0
K26120	0
K26121	0
K26122	0
K26123	0
K26124	0
K26125	0
K26126	1
K26127	0
K26128	0
K26129	0
K26130	0
K26131	0
K26132	0
K26133	0
K26134	0
K26135	0
K26136	0
K26137	0
K26138	1269
K26139	1748
K26140	0
K26141	3309
K26142	0
K26143	0
K26144	0
K26145	0
K26146	1
K26147	0
K26148	1089
K26149	184
K26150	0
K26151	1
K26152	0
K26153	0
K26154	0
K26155	0
K26156	0
K26157	0
K26158	1
K26159	0
K26160	0
K26161	0
K26162	0
K26163	0
K26164	0
K26165	0
K26166	3
K26167	0
K26168	0
K26169	0
K26170	0
K26171	63
K26172	1248
K26173	211
K26174	209
K26175	30
K26176	1093
K26177	72
K26178	854
K26179	4
K26180	929
K26181	69
K26182	347
K26183	17
K26184	661
K26185	4
K26186	591
K26187	0
K26188	0
K26189	0
K26190	0
K26197	0
K26198	0
K26199	0
K26200	0
K26201	0
K26202	0
K26203	0
K26204	0
K26205	0
K26206	0
K26207	0
K26208	487
K26209	143
K26210	116
K26211	2
K26212	1532
K26213	0
K26214	0
K26215	0
K26216	765
K26217	25
K26218	36
K26219	0
K26220	0
K26221	0
K26222	0
K26223	0
K26224	0
K26225	0
K26226	0
K26227	2
K26228	0
K26229	0
K26230	0
K26231	0
K26232	0
K26233	0
K26234	0
K26235	0
K26236	0
K26237	0
K26238	0
K26239	0
K26240	0
K26241	20
K26242	0
K26243	0
K26244	0
K26245	0
K26246	0
K26247	0
K26248	224
K26249	2766
K26250	14
K26251	0
K26252	2959
K26253	0
K26254	0
K26255	0
K26256	2
K26257	0
K26258	0
K26259	0
K26260	0
K26261	0
K26262	0
K26263	0
K26264	0
K26265	0
K26266	0
K26267	0
K26268	0
K26269	0
K26270	0
K26271	0
K26272	556
K26273	51
K26274	0
K26275	0
K26276	0
K26277	0
K26278	0
K26279	0
K26280	0
K26281	0
K26282	0
K26283	0
K26284	28
K26285	164
K26286	63
K26287	6
K26288	549
K26289	32
K26290	3
K26316	0
K26317	0
K26318	1265
K26346	0
K26347	0
K26348	15
K26349	233
K26350	0
K26351	0
K26352	3
K26353	32
K26354	2
K26355	1947
K26356	0
K26357	0
K26364	436
K26365	415
K26366	0
K26367	0
K26368	6
K26369	0
K26370	1
K26371	0
K26372	36
K26373	0
K26374	0
K26375	0
K26376	0
K26377	0
K26378	0
K26379	0
K26380	1
K26381	0
K26382	0
K26383	2
K26384	0
K26385	0
K26389	11
K26390	0
K26391	656
K26392	4296
K26393	41
K26394	5
K26395	0
K26396	0
K26397	7
K26398	16
K26399	174
K26400	650
K26401	0
K26402	0
K26403	0
K26404	3
K26405	399
K26406	0
K26407	2
K26408	0
K26409	0
K26410	16
K26411	0
K26412	0
K26413	75
K26414	86
K26415	1
K26416	0
K26417	0
K26418	0
K26419	0
K26420	0
K26421	0
K26422	0
K26423	0
K26424	0
K26425	0
K26426	0
K26427	0
K26428	0
K26429	0
K26430	0
K26431	0
K26432	0
K26433	0
K26434	1
K26435	1
K26436	1
K26437	0
K26438	0
K26439	0
K26440	9
K26441	500
K26442	0
K26443	0
K26444	0
K26445	0
K26446	1
K26447	0
K26448	0
K26449	0
K26450	4
K26451	0
K26452	0
K26453	0
K26454	0
K26455	0
K26456	18
K26457	0
K26458	0
K26459	0
K26460	1
K26466	0
K26467	0
K26468	0
K26469	7
K26470	0
K26471	11
K26472	3
K26473	0
K26480	0
K26481	0
K26482	0
K26483	0
K26484	0
K26485	0
K26486	0
K26487	0
K26488	0
K26489	0
K26490	0
K26491	0
K26492	1
K26493	0
K26494	0
K26495	0
K26496	1
K26497	0
K26498	0
K26499	0
K26500	142
K26501	0
K26502	0
K26503	0
K26504	0
K26505	0
K26506	0
K26507	0
K26508	0
K26509	0
K26510	21
K26511	0
K26512	0
K26513	0
K26514	0
K26515	0
K26516	0
K26517	0
K26518	326
K26519	6
K26520	0
K26521	0
K26522	0
K26523	0
K26524	0
K26525	0
K26526	0
K26527	3
K26528	1
K26529	0
K26530	2
K26531	0
K26532	1
K26533	0
K26534	0
K26535	0
K26536	0
K26537	0
K26538	1
K26539	4
K26540	14
K26541	0
K26542	0
K26543	0
K26544	0
K26545	3
K26546	8
K26547	1
K26548	0
K26549	0
K26550	0
K26551	0
K26552	1
K26553	0
K26554	0
K26555	1
K26556	10
K26557	0
K26558	3
K26559	0
K26560	0
K26561	0
K26562	0
K26563	1
K26564	0
K26579	84
K26580	281
K26581	0
K26582	0
K26583	0
K26584	0
K26585	0
K26586	2
K26587	3
K26588	0
K26589	0
K26590	361
K26591	267
K26592	446
K26593	164
K26594	362
K26595	650
K26596	280
K26597	168
K26598	8
K26599	1
K26600	0
K26601	84
K26602	631
K26603	0
K26604	63
K26605	6575
K26606	5878
K26607	1168
K26608	0
K26609	426
K26610	0
K26611	0
K26612	0
K26613	0
K26614	0
K26615	1
K26616	0
K26617	0
K26618	0
K26619	0
K26620	0
K26621	0
K26622	0
K26623	1
K26624	2
K26625	0
K26626	0
K26627	1
K26628	7
K26629	0
K26630	0
K26631	8
K26632	0
K26633	0
K26634	0
K26635	0
K26636	0
K26637	0
K26638	0
K26639	0
K26640	0
K26641	0
K26642	0
K26643	0
K26644	0
K26645	2
K26646	0
K26647	1
K26648	0
K26649	0
K26650	17
K26651	0
K26652	0
K26653	44
K26654	1
K26655	0
K26656	0
K26657	1
K26658	0
K26659	0
K26660	197
K26661	2
K26662	0
K26663	0
K26664	0
K26665	0
K26666	0
K26667	0
K26668	0
K26669	0
K26670	0
K26671	0
K26672	0
K26673	0
K26674	0
K26675	6
K26676	0
K26677	0
K26678	1
K26679	0
K26680	0
K26681	0
K26682	1
K26683	0
K26684	0
K26685	0
K26686	0
K26687	0
K26688	0
K26689	0
K26690	0
K26691	0
K26692	66
K26693	0
K26694	0
K26695	0
K26696	1
K26697	0
K26698	1
K26699	0
K26700	0
K26701	0
K26702	0
K26703	0
K26704	0
K26705	0
K26706	0
K26707	0
K26708	0
K26709	0
K26710	0
K26711	0
K26712	0
K26713	0
K26714	0
K26715	0
K26716	1
K26717	0
K26718	0
K26719	7
K26720	0
K26721	0
K26722	158
K26723	6
K26724	0
K26725	0
K26726	0
K26727	2
K26728	0
K26729	0
K26730	4043
K26731	981
K26732	2220
K26733	59
K26734	4
K26735	288
K26736	0
K26737	0
K26738	0
K26739	2919
K26740	1836
K26741	1556
K26742	325
K26743	58
K26744	243
K26745	858
K26746	12
K26747	0
K26748	0
K26749	127
K26750	0
K26751	1
K26752	0
K26753	692
K26754	1
K26755	0
K26756	46
K26757	0
K26758	0
K26759	0
K26760	1
K26761	8
K26762	3
K26763	1
K26764	1
K26765	2
K26766	2
K26767	2
K26768	2
K26769	0
K26770	1271
K26771	2
K26772	0
K26773	1
K26774	1
K26775	7
K26776	1
K26777	3
K26778	72
K26779	1
K26780	69
K26781	1
K26782	106
K26783	17
K26784	1
K26785	2
K26786	2
K26787	0
K26788	1
K26789	11
K26790	2
K26791	0
K26792	1
K26793	1
K26794	1
K26795	1
K26796	0
K26797	0
K26798	0
K26799	0
K26800	0
K26801	0
K26802	0
K26803	0
K26804	1
K26805	20
K26806	0
K26807	0
K26808	1
K26815	1315
K26816	68
K26817	899
K26818	59
K26819	1
K26820	45
K26821	0
K26822	0
K26823	56
K26824	0
K26825	0
K26826	19
K26827	24
K26828	2482
K26829	302
K26830	0
K26831	0
K26832	3
K26833	1
K26834	0
K26835	43
K26836	0
K26837	45
K26838	150
K26839	0
K26840	329
K26841	196
K26842	5
K26843	51
K26844	0
K26845	1
K26846	17
K26847	14
K26848	0
K26849	0
K26850	0
K26851	0
K26852	0
K26853	0
K26854	0
K26855	0
K26856	3
K26857	39
K26858	178
K26859	31
K26860	6
K26861	8
K26862	0
K26863	4
K26864	917
K26865	1295
K26866	0
K26867	0
K26868	0
K26869	5
K26870	39
K26871	0
K26872	4
K26873	193
K26874	0
K26875	34
K26876	9
K26877	33
K26878	0
K26879	6
K26880	18
K26881	0
K26882	1
K26883	1
K26884	0
K26885	9
K26886	27
K26887	0
K26888	0
K26889	191
K26890	6
K26891	1
K26892	10
K26893	0
K26894	6
K26895	14
K26896	0
K26897	5
K26898	0
K26899	39
K26900	15
K26901	691
K26902	0
K26903	0
K26904	0
K26905	8
K26906	0
K26907	2
K26908	47
K26909	0
K26910	0
K26911	20
K26912	46
K26913	53
K26914	0
K26915	1
K26916	19
K26917	60
K26918	9
K26919	0
K26920	605
K26921	0
K26922	98
K26923	0
K26924	0
K26925	0
K26926	0
K26927	0
K26928	30
K26929	528
K26930	55
K26931	81
K26932	485
