KO id	KO_count
K00001	1500
K00002	275
K00003	5896
K00004	2147
K00005	1831
K00006	0
K00007	1047
K00008	1807
K00009	1863
K00010	5106
K00011	19
K00012	7702
K00013	8357
K00014	8620
K00015	2735
K00016	816
K00018	3795
K00019	3321
K00020	5605
K00021	504
K00022	20
K00023	4424
K00024	2387
K00025	2723
K00026	2264
K00027	8170
K00028	0
K00029	3276
K00030	5433
K00031	6215
K00032	1755
K00033	5989
K00034	6487
K00035	1771
K00036	7506
K00037	0
K00038	2629
K00039	1052
K00040	3398
K00041	1676
K00042	5968
K00043	2308
K00044	11
K00045	2162
K00046	2904
K00048	515
K00049	2
K00051	3
K00052	8409
K00053	8470
K00054	765
K00055	884
K00057	8645
K00058	8230
K00059	8692
K00060	3829
K00061	9
K00062	0
K00063	0
K00064	2705
K00065	4255
K00066	1319
K00067	6768
K00068	884
K00069	18
K00070	1
K00071	2
K00072	0
K00073	821
K00074	5036
K00075	8667
K00076	1226
K00077	6387
K00078	818
K00079	84
K00081	0
K00082	5
K00083	9
K00084	1
K00085	0
K00086	1256
K00087	2229
K00088	8671
K00089	0
K00090	2722
K00091	3257
K00093	15
K00094	306
K00095	0
K00096	135
K00097	8171
K00098	1793
K00099	8138
K00100	16
K00101	5999
K00102	3109
K00103	457
K00104	5005
K00105	9
K00106	28
K00107	0
K00108	6453
K00109	2354
K00111	3946
K00112	1506
K00113	2166
K00114	1655
K00115	61
K00116	3883
K00117	587
K00118	965
K00119	52
K00120	4
K00121	7827
K00122	452
K00123	5755
K00124	2042
K00125	7
K00126	2668
K00127	3623
K00128	553
K00129	102
K00130	6056
K00131	1232
K00132	288
K00133	8693
K00134	8616
K00135	7625
K00137	2311
K00138	5984
K00139	38
K00140	6705
K00141	970
K00142	58
K00143	6
K00145	7926
K00146	2854
K00147	8473
K00148	3945
K00149	516
K00150	70
K00151	2343
K00152	112
K00153	215
K00154	4531
K00155	57
K00156	4094
K00157	1
K00158	27
K00161	2370
K00162	2374
K00163	7305
K00164	8612
K00166	3762
K00167	3760
K00169	76
K00170	77
K00171	379
K00172	79
K00174	669
K00175	662
K00176	518
K00177	48
K00179	973
K00180	972
K00181	0
K00182	0
K00184	42
K00185	428
K00186	0
K00187	5
K00188	68
K00189	0
K00192	86
K00193	11
K00194	0
K00195	0
K00196	662
K00197	3
K00198	28
K00200	426
K00201	406
K00202	406
K00203	1
K00204	102
K00205	12
K00206	756
K00207	0
K00208	6396
K00209	2928
K00211	1
K00212	0
K00213	71
K00214	4
K00215	8669
K00216	1885
K00217	1401
K00218	119
K00219	5466
K00220	2195
K00221	214
K00222	26
K00223	5
K00224	3
K00225	0
K00226	380
K00227	1213
K00228	8148
K00230	2463
K00231	1240
K00232	150
K00233	138
K00234	8286
K00235	8238
K00236	2473
K00237	0
K00239	351
K00240	187
K00241	5856
K00242	8276
K00243	2199
K00244	2246
K00245	2248
K00246	2239
K00247	2189
K00248	3744
K00249	3876
K00251	0
K00252	5207
K00253	5715
K00254	8505
K00255	2705
K00257	12
K00258	9
K00259	3468
K00260	2213
K00261	570
K00262	4105
K00263	2644
K00264	652
K00265	7836
K00266	7627
K00270	31
K00271	9
K00272	4
K00273	404
K00274	3668
K00275	8325
K00276	944
K00277	6
K00278	6992
K00279	178
K00280	2
K00281	6831
K00282	997
K00283	993
K00284	10
K00285	6603
K00286	8620
K00287	8019
K00288	13
K00289	35
K00290	359
K00293	98
K00294	121
K00295	1
K00296	15
K00297	8286
K00298	76
K00299	4343
K00300	127
K00301	1854
K00302	3332
K00303	3060
K00304	3039
K00305	3038
K00306	36
K00307	9
K00308	1
K00309	540
K00310	2333
K00311	6748
K00312	0
K00313	991
K00314	45
K00315	1005
K00316	768
K00317	448
K00318	315
K00319	0
K00320	2790
K00322	4417
K00323	3838
K00324	4782
K00325	7869
K00326	13
K00327	2
K00330	7132
K00331	3444
K00332	2105
K00333	2332
K00334	6997
K00335	6628
K00336	5605
K00337	7473
K00338	3323
K00339	7440
K00340	7443
K00341	7481
K00342	7491
K00343	7454
K00344	8040
K00345	0
K00346	2710
K00347	2709
K00348	2768
K00349	2710
K00350	2710
K00351	2820
K00354	966
K00355	4811
K00357	0
K00359	1913
K00360	41
K00361	793
K00362	3684
K00363	3413
K00364	2074
K00365	127
K00366	345
K00367	394
K00368	1710
K00370	2780
K00371	2770
K00372	5011
K00373	1716
K00374	2795
K00375	6997
K00376	1278
K00378	185
K00380	5765
K00381	7706
K00382	8694
K00383	7461
K00384	3396
K00385	246
K00386	1169
K00387	866
K00389	1657
K00390	6490
K00392	74
K00394	812
K00395	1128
K00399	0
K00400	3
K00401	0
K00402	0
K00404	4855
K00405	4903
K00406	6036
K00407	4619
K00408	0
K00410	2322
K00411	6706
K00412	4401
K00413	6422
K00414	0
K00415	2
K00416	5
K00417	0
K00418	0
K00419	0
K00420	0
K00421	32
K00422	211
K00423	674
K00424	4553
K00425	7737
K00426	7723
K00427	1646
K00428	5804
K00430	1
K00431	1
K00432	6408
K00433	6168
K00434	0
K00435	17
K00436	150
K00437	13
K00440	0
K00441	378
K00442	0
K00443	1
K00444	1
K00445	0
K00446	1742
K00448	3547
K00449	4197
K00450	1996
K00451	4669
K00452	1181
K00453	3004
K00454	0
K00455	1780
K00456	108
K00457	5206
K00458	0
K00459	5998
K00460	0
K00461	34
K00462	66
K00463	27
K00464	879
K00465	32
K00466	444
K00467	164
K00468	1021
K00469	20
K00471	1690
K00472	1388
K00473	0
K00474	42
K00475	0
K00476	176
K00477	3896
K00478	0
K00479	2086
K00480	645
K00481	3718
K00483	432
K00484	1422
K00485	999
K00486	551
K00487	0
K00488	0
K00489	0
K00490	0
K00491	13
K00492	2
K00493	0
K00494	95
K00495	0
K00496	1688
K00497	0
K00498	0
K00499	2628
K00500	3902
K00501	1
K00502	0
K00503	1
K00504	0
K00505	737
K00506	0
K00507	1762
K00508	397
K00509	14
K00510	1
K00511	12
K00512	0
K00513	0
K00514	109
K00515	20
K00516	7
K00517	0
K00518	82
K00520	2535
K00521	368
K00522	10
K00523	4213
K00524	7
K00525	5512
K00526	7609
K00527	74
K00528	7173
K00529	3637
K00530	0
K00531	70
K00532	3
K00533	57
K00534	57
K00537	8451
K00540	71
K00541	5
K00542	25
K00543	7
K00544	50
K00545	725
K00546	27
K00547	2988
K00548	7721
K00549	7019
K00550	23
K00551	2
K00552	0
K00553	5
K00554	8691
K00555	0
K00556	2076
K00557	4206
K00558	5139
K00559	47
K00560	8031
K00561	259
K00562	1
K00563	3858
K00564	5919
K00565	0
K00566	8688
K00567	7513
K00568	8475
K00569	2804
K00570	3364
K00571	2650
K00572	0
K00573	7866
K00574	7560
K00575	6754
K00577	3
K00578	0
K00579	0
K00580	0
K00581	0
K00582	1
K00583	0
K00584	4
K00586	0
K00587	2554
K00588	2490
K00589	0
K00590	480
K00591	300
K00592	0
K00594	38
K00595	3567
K00596	654
K00597	0
K00598	5239
K00599	0
K00600	8684
K00601	0
K00602	8650
K00603	14
K00604	8681
K00605	7837
K00606	7980
K00607	19
K00608	0
K00609	8393
K00610	2029
K00611	8162
K00612	2380
K00613	309
K00614	1
K00615	8363
K00616	6249
K00617	963
K00618	0
K00619	4610
K00620	5781
K00621	170
K00622	3
K00623	0
K00624	68
K00625	2195
K00626	7293
K00627	8662
K00628	0
K00629	762
K00630	0
K00631	4725
K00632	7478
K00633	687
K00634	749
K00635	1131
K00637	3
K00638	1980
K00639	4124
K00640	8097
K00641	5687
K00643	2375
K00645	8690
K00646	118
K00647	3966
K00648	7906
K00649	0
K00650	49
K00651	3348
K00652	7243
K00653	0
K00654	0
K00655	8341
K00656	2435
K00657	4628
K00658	8611
K00659	519
K00660	0
K00661	4832
K00662	371
K00663	1282
K00664	0
K00665	19
K00666	7871
K00667	0
K00668	23
K00669	352
K00670	2
K00671	0
K00672	406
K00673	4375
K00674	8191
K00675	3092
K00677	8247
K00678	122
K00679	1
K00680	161
K00681	7640
K00682	674
K00683	14
K00684	8191
K00685	0
K00686	173
K00687	0
K00688	5267
K00689	4
K00690	194
K00691	149
K00692	720
K00693	0
K00694	3892
K00695	71
K00696	454
K00697	3893
K00698	27
K00699	2
K00700	6134
K00701	502
K00702	100
K00703	5767
K00704	0
K00705	5313
K00706	0
K00709	0
K00710	522
K00712	311
K00713	185
K00714	0
K00715	23
K00716	5
K00717	15
K00718	157
K00719	0
K00720	1330
K00721	3186
K00722	6
K00725	16
K00726	34
K00727	554
K00728	540
K00729	55
K00730	0
K00731	0
K00733	30
K00734	1
K00735	0
K00736	0
K00737	248
K00738	0
K00739	0
K00741	0
K00742	7
K00743	0
K00744	0
K00746	1
K00747	0
K00748	8203
K00749	0
K00750	381
K00752	22
K00753	0
K00754	7425
K00756	52
K00757	27
K00758	3598
K00759	7726
K00760	3531
K00761	7676
K00762	8638
K00763	7215
K00764	8643
K00765	8354
K00766	7971
K00767	7614
K00768	5976
K00769	3882
K00770	0
K00771	50
K00772	1476
K00773	8671
K00774	0
K00775	0
K00776	0
K00777	0
K00778	2
K00779	0
K00780	14
K00781	1
K00782	2684
K00783	8592
K00784	4053
K00785	291
K00786	15
K00787	0
K00788	5894
K00789	8687
K00790	8679
K00791	8671
K00793	8579
K00794	8647
K00795	8624
K00796	8323
K00797	6726
K00798	6098
K00799	7942
K00800	4681
K00801	510
K00802	2
K00803	1028
K00804	25
K00805	3
K00806	8608
K00807	398
K00808	1420
K00809	283
K00810	0
K00811	0
K00812	4645
K00813	4513
K00814	1
K00815	0
K00816	0
K00817	8489
K00818	2
K00819	650
K00820	8659
K00821	5680
K00822	4717
K00823	2249
K00824	3345
K00825	2
K00826	8449
K00827	87
K00830	3472
K00831	8631
K00832	4844
K00833	7242
K00835	2120
K00836	3716
K00837	50
K00838	0
K00839	1245
K00840	4391
K00841	8
K00843	0
K00844	4
K00845	6475
K00846	95
K00847	4956
K00848	1192
K00849	2240
K00850	2150
K00851	5874
K00852	6160
K00853	1320
K00854	4629
K00855	3295
K00856	996
K00857	4256
K00858	8686
K00859	8661
K00860	3455
K00861	0
K00862	668
K00863	1873
K00864	7786
K00865	4662
K00866	2
K00867	3287
K00868	5098
K00869	184
K00871	5
K00872	2706
K00873	8114
K00874	5131
K00875	1885
K00876	2774
K00877	109
K00878	2757
K00879	1437
K00880	1414
K00881	345
K00882	3935
K00883	4219
K00884	12
K00885	1005
K00886	697
K00887	7032
K00888	0
K00889	0
K00891	2475
K00892	1897
K00893	0
K00894	20
K00895	301
K00897	561
K00898	1
K00899	1813
K00900	1
K00901	3
K00902	0
K00903	1933
K00904	0
K00905	0
K00906	4128
K00907	0
K00908	0
K00909	2
K00910	6
K00911	0
K00912	8245
K00913	3
K00914	0
K00915	1
K00916	0
K00917	50
K00918	38
K00919	8493
K00920	0
K00921	9
K00922	0
K00923	0
K00924	10
K00925	6154
K00926	2933
K00927	8671
K00928	8187
K00929	39
K00930	7965
K00931	8476
K00932	602
K00933	3
K00934	1
K00936	2636
K00937	8061
K00938	25
K00939	5196
K00940	8658
K00941	7847
K00942	8680
K00943	8631
K00944	3545
K00945	8361
K00946	7504
K00947	139
K00948	8693
K00949	1235
K00950	8407
K00951	141
K00952	17
K00953	241
K00954	8653
K00955	3282
K00956	4445
K00957	7256
K00958	715
K00960	0
K00962	8700
K00963	2529
K00965	2220
K00966	267
K00967	24
K00968	0
K00969	7925
K00970	8415
K00971	322
K00972	0
K00973	7788
K00974	6633
K00975	3962
K00976	0
K00977	0
K00978	2029
K00979	8402
K00980	681
K00981	8679
K00982	8465
K00983	258
K00984	905
K00985	0
K00986	4311
K00987	0
K00988	287
K00989	8489
K00990	8453
K00991	6292
K00992	6343
K00993	8
K00994	0
K00995	45
K00996	570
K00997	5879
K00998	3082
K00999	5
K01000	8680
K01001	0
K01002	2073
K01003	1443
K01004	2239
K01005	37
K01006	2351
K01007	6238
K01008	4821
K01009	602
K01011	7495
K01012	7750
K01013	867
K01014	542
K01015	3
K01016	123
K01017	175
K01019	36
K01020	99
K01021	1493
K01022	156
K01023	1144
K01024	214
K01025	10
K01026	1608
K01027	78
K01028	5134
K01029	5154
K01031	2455
K01032	2458
K01034	776
K01035	658
K01039	2227
K01040	2215
K01041	4661
K01042	3415
K01043	204
K01044	32
K01045	134
K01046	5818
K01047	182
K01048	5333
K01049	44
K01050	45
K01051	1225
K01052	461
K01053	3782
K01054	4713
K01055	7527
K01056	8610
K01057	5816
K01058	3961
K01059	1
K01060	264
K01061	7145
K01062	258
K01063	1
K01064	0
K01065	0
K01066	654
K01067	0
K01068	69
K01069	8620
K01070	7652
K01071	0
K01073	2747
K01074	0
K01075	2001
K01076	27
K01077	2143
K01078	2
K01079	8010
K01080	18
K01081	352
K01082	6744
K01083	1320
K01084	8
K01085	1322
K01086	4686
K01087	3798
K01089	2737
K01090	0
K01091	8552
K01092	8685
K01093	1076
K01094	0
K01095	6047
K01096	2223
K01097	101
K01098	0
K01099	19
K01100	0
K01101	3
K01102	3
K01103	0
K01104	2094
K01106	0
K01107	0
K01108	0
K01109	0
K01110	4
K01111	0
K01112	0
K01113	4350
K01114	2848
K01115	1699
K01116	0
K01117	389
K01118	6613
K01119	3748
K01120	493
K01121	11
K01122	0
K01123	6
K01124	10
K01125	174
K01126	8083
K01127	138
K01128	133
K01129	8041
K01130	1867
K01131	5
K01132	5
K01133	3354
K01134	2978
K01135	139
K01136	123
K01137	26
K01138	1190
K01139	8663
K01141	4822
K01142	8678
K01143	772
K01146	2122
K01147	3394
K01148	0
K01149	0
K01150	3675
K01151	1971
K01152	235
K01153	5044
K01154	4956
K01155	478
K01156	2635
K01157	49
K01158	47
K01159	8620
K01160	1500
K01161	205
K01163	74
K01164	0
K01165	117
K01166	2751
K01167	1942
K01168	0
K01169	1777
K01170	0
K01171	0
K01172	0
K01173	3086
K01174	4668
K01175	3937
K01176	2019
K01177	26
K01178	983
K01179	1026
K01180	47
K01181	999
K01182	2501
K01183	2053
K01184	1043
K01185	4005
K01186	2113
K01187	4
K01188	0
K01189	2
K01190	1148
K01191	260
K01192	1934
K01193	2099
K01194	2108
K01195	319
K01196	324
K01197	6
K01198	1545
K01199	1448
K01200	924
K01201	318
K01202	30
K01203	0
K01204	20
K01205	159
K01206	628
K01207	8230
K01208	1792
K01209	1167
K01210	236
K01212	141
K01213	108
K01214	3912
K01215	65
K01216	76
K01217	186
K01218	775
K01219	28
K01220	1
K01222	1424
K01223	1612
K01224	790
K01225	0
K01226	1923
K01227	30
K01228	621
K01229	0
K01230	8
K01231	0
K01232	759
K01233	130
K01235	484
K01236	3635
K01237	0
K01238	0
K01239	1206
K01240	1353
K01241	5586
K01242	5
K01243	6027
K01244	15
K01245	12
K01246	7755
K01247	4672
K01250	3332
K01251	6356
K01252	1954
K01253	13
K01254	924
K01255	8662
K01256	8161
K01257	1
K01258	2903
K01259	6009
K01260	0
K01261	60
K01262	788
K01264	192
K01265	8696
K01266	2331
K01267	1538
K01268	9
K01269	1392
K01270	2662
K01271	3923
K01273	4916
K01274	1216
K01275	6
K01276	1
K01277	366
K01278	2159
K01279	0
K01280	9
K01281	228
K01282	1
K01283	911
K01284	3720
K01285	4
K01286	4567
K01288	1445
K01290	1
K01291	11
K01292	0
K01293	0
K01294	39
K01295	2990
K01296	51
K01297	4367
K01298	164
K01299	2778
K01300	5
K01301	79
K01302	1099
K01303	2500
K01304	2179
K01305	649
K01306	0
K01307	0
K01308	7
K01309	0
K01310	45
K01311	3
K01312	927
K01313	2
K01314	0
K01315	0
K01316	6
K01317	1
K01318	1282
K01319	0
K01320	0
K01321	1
K01322	3038
K01323	248
K01324	138
K01325	0
K01326	6
K01327	0
K01328	0
K01329	0
K01330	0
K01331	0
K01332	7
K01333	0
K01334	0
K01335	15
K01336	2
K01337	456
K01338	8688
K01339	0
K01340	5
K01341	230
K01342	1233
K01343	0
K01344	1
K01345	1
K01346	157
K01347	403
K01348	1
K01349	26
K01350	1
K01351	0
K01352	0
K01353	1
K01354	5252
K01355	243
K01356	8354
K01357	0
K01358	8701
K01359	35
K01360	47
K01361	295
K01362	2
K01363	5
K01364	4
K01365	27
K01366	37
K01367	0
K01368	0
K01369	852
K01370	0
K01371	229
K01372	70
K01373	0
K01374	4
K01375	3
K01376	0
K01377	0
K01378	0
K01379	3
K01380	0
K01381	105
K01382	4
K01383	0
K01384	0
K01385	0
K01386	0
K01387	551
K01388	4
K01389	0
K01390	109
K01392	819
K01393	0
K01394	4
K01395	1
K01396	1
K01397	38
K01398	2
K01399	103
K01400	1536
K01401	28
K01402	0
K01403	1
K01404	93
K01405	20
K01406	3900
K01407	2194
K01408	1630
K01409	5
K01410	35
K01411	38
K01412	65
K01413	56
K01414	6482
K01415	1
K01416	12
K01417	124
K01419	7987
K01420	7884
K01421	63
K01422	1
K01423	7916
K01424	4215
K01425	5251
K01426	4837
K01427	688
K01428	4441
K01429	4871
K01430	4928
K01431	117
K01432	3889
K01433	7269
K01434	3715
K01435	0
K01436	1128
K01437	226
K01438	6616
K01439	8547
K01440	8
K01441	0
K01442	1750
K01443	5498
K01444	1041
K01446	62
K01447	1416
K01448	8251
K01449	3221
K01451	5265
K01452	0
K01453	3519
K01455	2539
K01456	0
K01457	3072
K01458	5243
K01459	750
K01460	3317
K01461	201
K01462	8694
K01463	2729
K01464	3891
K01465	8423
K01466	983
K01467	1543
K01468	6084
K01469	1732
K01470	3883
K01471	143
K01473	2539
K01474	2277
K01475	1285
K01476	2795
K01477	1781
K01478	3105
K01479	2238
K01480	4450
K01481	14
K01482	1038
K01483	3878
K01484	4160
K01485	5353
K01486	2671
K01487	5278
K01488	3565
K01489	4765
K01490	2
K01491	8567
K01492	0
K01493	968
K01494	8317
K01495	7659
K01496	5277
K01497	6485
K01498	7
K01499	406
K01500	254
K01501	2446
K01502	23
K01505	2321
K01506	1350
K01507	7906
K01509	0
K01510	129
K01511	0
K01512	4846
K01513	763
K01514	0
K01515	6963
K01516	0
K01517	325
K01518	247
K01519	8618
K01520	8051
K01521	1838
K01522	166
K01523	5216
K01524	8516
K01525	6385
K01526	0
K01527	1
K01528	0
K01529	1901
K01530	1
K01531	3378
K01532	3
K01533	5324
K01534	5664
K01535	265
K01536	1
K01537	1041
K01538	0
K01539	53
K01540	0
K01542	0
K01543	0
K01544	0
K01545	2966
K01546	5671
K01547	5672
K01548	5663
K01549	0
K01551	987
K01552	843
K01554	928
K01555	3094
K01556	3443
K01557	3247
K01558	0
K01559	584
K01560	3725
K01561	3643
K01562	27
K01563	2601
K01565	184
K01566	163
K01567	655
K01568	462
K01569	1067
K01571	1317
K01573	1176
K01574	1408
K01575	1070
K01576	1780
K01577	750
K01578	1600
K01579	4483
K01580	740
K01581	3838
K01582	1314
K01583	32
K01584	4660
K01585	4434
K01586	8175
K01587	1
K01588	8577
K01589	8475
K01590	58
K01591	8647
K01592	0
K01593	1984
K01595	7260
K01596	1746
K01597	194
K01598	19
K01599	8562
K01601	980
K01602	932
K01604	1024
K01607	5800
K01608	2618
K01609	6253
K01610	5639
K01611	3691
K01612	578
K01613	8399
K01615	8
K01616	14
K01617	771
K01618	0
K01619	4606
K01620	6521
K01621	2043
K01622	76
K01623	2608
K01624	7188
K01625	7514
K01626	8573
K01627	8347
K01628	3181
K01629	927
K01630	1278
K01631	4004
K01633	8472
K01634	144
K01635	197
K01636	7
K01637	6722
K01638	7327
K01639	983
K01640	5306
K01641	115
K01643	1205
K01644	3976
K01645	0
K01646	1135
K01647	8458
K01648	4
K01649	8421
K01652	8553
K01653	7971
K01654	118
K01655	2
K01656	0
K01657	7604
K01658	7477
K01659	4971
K01661	2181
K01662	8516
K01663	26
K01664	654
K01665	4730
K01666	579
K01667	955
K01668	321
K01669	7441
K01670	3
K01671	574
K01672	0
K01673	8450
K01674	2166
K01675	697
K01676	6783
K01677	190
K01678	111
K01679	8221
K01681	7278
K01682	5871
K01683	163
K01684	3820
K01685	1482
K01686	3009
K01687	8448
K01689	8669
K01690	6512
K01691	0
K01692	1064
K01693	5624
K01694	5
K01695	8554
K01696	8561
K01697	2392
K01698	8557
K01699	360
K01702	8369
K01703	672
K01704	7201
K01705	8
K01706	842
K01707	2789
K01708	3055
K01709	1661
K01710	7700
K01711	4082
K01712	6042
K01713	3255
K01714	8676
K01715	5719
K01716	6027
K01719	2593
K01720	2951
K01721	1462
K01723	3
K01724	6004
K01725	2388
K01726	7832
K01727	109
K01728	850
K01729	1578
K01730	832
K01731	264
K01732	271
K01733	4255
K01734	4284
K01735	7586
K01736	8627
K01737	7305
K01738	7555
K01739	173
K01740	5370
K01741	0
K01742	0
K01743	1264
K01744	4910
K01745	6322
K01746	0
K01749	8568
K01750	2267
K01751	1838
K01752	7371
K01753	3626
K01754	8380
K01755	6386
K01756	8672
K01757	0
K01758	4668
K01759	8482
K01760	5665
K01761	3227
K01762	2
K01763	0
K01764	0
K01765	0
K01766	2661
K01767	223
K01768	3657
K01769	529
K01770	3776
K01771	864
K01772	8620
K01773	0
K01774	281
K01775	8617
K01776	7869
K01777	1010
K01778	8325
K01779	1995
K01780	2
K01781	346
K01782	5617
K01783	8660
K01784	8106
K01785	6220
K01787	101
K01788	1250
K01790	6525
K01791	4226
K01792	5953
K01793	102
K01794	0
K01795	1277
K01796	3305
K01798	13
K01799	2470
K01800	1818
K01801	5668
K01802	5
K01803	8670
K01804	1355
K01805	3395
K01807	8306
K01808	2756
K01809	2284
K01810	8093
K01811	2304
K01812	2515
K01813	972
K01814	8354
K01815	2374
K01816	2092
K01817	6231
K01818	684
K01819	1
K01820	790
K01821	5112
K01822	5121
K01823	2098
K01824	0
K01825	3842
K01826	4004
K01827	0
K01828	1
K01829	177
K01830	5
K01831	0
K01832	0
K01833	3320
K01834	4993
K01835	5450
K01836	1
K01837	0
K01838	1300
K01839	3658
K01840	6871
K01841	676
K01843	1857
K01844	3
K01845	7373
K01846	355
K01847	2596
K01848	72
K01849	116
K01850	0
K01851	210
K01852	11
K01853	0
K01854	1575
K01855	0
K01856	2850
K01857	4126
K01858	644
K01859	0
K01860	24
K01861	0
K01865	128
K01866	8685
K01867	8692
K01868	8692
K01869	8700
K01870	8698
K01872	8698
K01873	8697
K01874	8690
K01875	8696
K01876	8694
K01878	8636
K01879	8646
K01880	89
K01881	8395
K01883	8696
K01884	553
K01885	8668
K01886	6545
K01887	8686
K01889	8693
K01890	8699
K01892	8696
K01893	2834
K01894	8007
K01895	8036
K01896	486
K01897	5825
K01899	1279
K01900	62
K01902	7334
K01903	8358
K01904	214
K01905	4
K01906	1
K01907	2970
K01908	3975
K01909	4
K01910	1156
K01911	3168
K01912	4606
K01913	26
K01914	1607
K01915	1210
K01916	3917
K01917	11
K01918	8140
K01919	7878
K01920	8376
K01921	8663
K01922	0
K01923	8606
K01924	8681
K01925	8270
K01926	15
K01928	5527
K01929	8153
K01930	0
K01931	0
K01932	113
K01933	7786
K01934	8623
K01935	7258
K01937	8688
K01938	2326
K01939	8673
K01940	8580
K01941	2932
K01942	239
K01945	8514
K01946	0
K01947	390
K01948	0
K01949	1380
K01950	5574
K01951	8674
K01952	6281
K01953	5787
K01954	0
K01955	8493
K01956	8469
K01957	3
K01958	1970
K01959	1449
K01960	1458
K01961	8630
K01962	8513
K01963	8514
K01964	7
K01965	2241
K01966	2266
K01968	5529
K01969	5652
K01970	10
K01971	4145
K01972	8695
K01973	0
K01974	883
K01975	5821
K01988	458
K01989	3212
K01990	7661
K01991	6686
K01992	108
K01993	5409
K01994	419
K01995	5734
K01996	5744
K01997	5729
K01998	5713
K01999	6262
K02000	5143
K02001	5152
K02002	5402
K02003	6711
K02004	3897
K02005	4866
K02006	981
K02007	1574
K02008	947
K02009	542
K02010	5674
K02011	6588
K02012	7108
K02013	6590
K02014	6298
K02015	5969
K02016	4946
K02017	7467
K02018	7664
K02019	5974
K02020	7694
K02021	980
K02022	202
K02024	2594
K02025	3498
K02026	3429
K02027	3446
K02028	6794
K02029	6238
K02030	5787
K02031	5417
K02032	5240
K02033	6523
K02034	6393
K02035	6603
K02036	8122
K02037	8125
K02038	8103
K02039	7974
K02040	5961
K02041	4625
K02042	4626
K02043	3702
K02044	5987
K02045	6224
K02046	6237
K02047	6220
K02048	4289
K02049	6125
K02050	3577
K02051	4658
K02052	6271
K02053	4709
K02054	4994
K02055	5239
K02056	2440
K02057	2389
K02058	2533
K02062	3030
K02063	3246
K02064	3214
K02065	8388
K02066	8386
K02067	8381
K02068	2195
K02069	2489
K02071	6804
K02072	6790
K02073	6803
K02074	3956
K02075	4204
K02076	7
K02077	2995
K02078	8669
K02079	758
K02080	204
K02081	2391
K02082	1342
K02083	2298
K02084	154
K02085	0
K02086	619
K02087	2
K02088	0
K02089	6
K02090	0
K02091	0
K02092	0
K02093	0
K02094	0
K02095	0
K02096	0
K02097	0
K02098	0
K02099	5968
K02100	400
K02101	202
K02103	109
K02104	0
K02105	0
K02106	3230
K02107	54
K02108	7248
K02109	8624
K02110	7743
K02111	6657
K02112	550
K02113	7777
K02114	8675
K02115	8691
K02116	1933
K02117	134
K02118	135
K02119	34
K02120	135
K02121	139
K02122	34
K02123	141
K02124	134
K02125	0
K02126	1547
K02127	0
K02128	968
K02129	0
K02130	0
K02131	0
K02132	2232
K02133	8670
K02134	0
K02135	0
K02136	0
K02137	914
K02138	0
K02139	0
K02140	0
K02141	0
K02142	0
K02143	0
K02144	0
K02145	0
K02146	0
K02147	1
K02148	0
K02149	0
K02150	0
K02151	0
K02152	0
K02153	0
K02154	0
K02155	0
K02156	8
K02157	0
K02158	0
K02159	0
K02160	8623
K02161	0
K02162	0
K02163	0
K02164	997
K02165	0
K02166	0
K02167	5115
K02168	4513
K02169	7597
K02170	6051
K02171	1375
K02172	1311
K02173	1533
K02174	0
K02175	0
K02176	0
K02177	0
K02178	1
K02179	0
K02180	0
K02181	0
K02182	1597
K02183	120
K02184	6
K02185	0
K02186	1
K02187	2
K02188	2466
K02189	3787
K02190	516
K02191	581
K02192	5982
K02193	6802
K02194	6611
K02195	6673
K02196	5674
K02197	6621
K02198	6672
K02199	8282
K02200	2752
K02201	0
K02202	1
K02203	1283
K02204	7826
K02205	475
K02206	6
K02207	0
K02208	0
K02209	0
K02210	0
K02211	0
K02212	0
K02213	160
K02214	2
K02215	1
K02216	1
K02217	2161
K02218	0
K02219	0
K02220	0
K02221	8015
K02222	0
K02223	0
K02224	4602
K02225	3966
K02226	5820
K02227	5807
K02228	2446
K02229	3022
K02230	3914
K02231	5798
K02232	5650
K02233	5863
K02234	7641
K02235	0
K02236	96
K02237	6385
K02238	8605
K02239	12
K02240	4
K02241	697
K02242	8518
K02243	29
K02244	3
K02245	14
K02246	37
K02247	3
K02248	11
K02249	2
K02250	2
K02251	1
K02252	0
K02253	0
K02254	0
K02255	620
K02256	123
K02257	7788
K02258	5341
K02259	5822
K02260	0
K02261	172
K02262	4014
K02263	0
K02264	0
K02265	0
K02266	0
K02267	0
K02268	0
K02269	0
K02270	0
K02271	0
K02272	0
K02273	0
K02274	5765
K02275	5577
K02276	2860
K02277	1274
K02278	4403
K02279	4593
K02280	4696
K02281	1940
K02282	4523
K02283	4660
K02284	0
K02285	0
K02286	2
K02287	0
K02288	29
K02289	30
K02290	1
K02291	2710
K02292	1359
K02293	303
K02294	3708
K02295	1
K02296	1
K02297	6151
K02298	6151
K02299	6153
K02300	5840
K02302	6677
K02303	4597
K02304	0
K02305	1693
K02306	0
K02307	0
K02308	0
K02309	0
K02310	0
K02311	9
K02313	8688
K02314	8690
K02315	3412
K02316	8693
K02317	1059
K02318	1
K02319	4
K02320	1
K02321	0
K02322	0
K02323	0
K02324	0
K02325	0
K02326	0
K02327	0
K02328	0
K02329	0
K02330	6
K02331	0
K02332	0
K02333	0
K02334	166
K02335	8693
K02336	3895
K02337	8696
K02338	8685
K02339	8463
K02340	8677
K02341	8682
K02342	5709
K02343	8690
K02344	2227
K02345	1619
K02346	8259
K02347	577
K02348	6428
K02349	44
K02350	0
K02351	1915
K02352	158
K02353	1
K02354	0
K02355	8699
K02356	8676
K02357	8693
K02358	8694
K02359	1
K02360	0
K02361	1887
K02362	3502
K02363	2131
K02364	4002
K02365	17
K02366	10
K02367	0
K02368	0
K02369	0
K02370	2
K02371	1705
K02372	8660
K02373	0
K02374	0
K02375	0
K02376	0
K02377	2628
K02379	2567
K02380	3619
K02381	756
K02382	4
K02383	1668
K02384	2
K02385	21
K02386	7099
K02387	7118
K02388	7114
K02389	6778
K02390	7069
K02391	7118
K02392	7131
K02393	7129
K02394	7137
K02395	7083
K02396	7115
K02397	7109
K02398	5445
K02399	5125
K02400	7132
K02401	7125
K02402	2677
K02403	2590
K02404	4153
K02405	5551
K02406	7109
K02407	5621
K02408	7124
K02409	7122
K02410	7153
K02411	6198
K02412	7127
K02413	5871
K02414	6255
K02415	7053
K02416	7160
K02417	7115
K02418	6385
K02419	7131
K02420	7072
K02421	7117
K02422	5593
K02423	3871
K02424	5662
K02425	1161
K02426	5170
K02427	8655
K02429	3083
K02430	884
K02431	2010
K02432	0
K02433	6531
K02434	6027
K02435	6032
K02436	303
K02437	8224
K02438	3041
K02439	7058
K02440	3533
K02441	3997
K02442	2199
K02443	385
K02444	6560
K02445	2996
K02446	1956
K02447	0
K02448	1650
K02449	0
K02450	2854
K02451	1217
K02452	4786
K02453	5629
K02454	5847
K02455	5478
K02456	5501
K02457	5009
K02458	5064
K02459	5179
K02460	5156
K02461	5139
K02462	4848
K02463	2835
K02464	2489
K02465	1277
K02466	986
K02467	842
K02468	2552
K02469	8696
K02470	8697
K02471	4176
K02472	2426
K02473	2148
K02474	2333
K02475	656
K02476	512
K02477	3407
K02478	1704
K02479	2498
K02480	3391
K02481	2432
K02482	4140
K02483	4761
K02484	6065
K02485	3262
K02486	116
K02488	2473
K02489	6
K02490	1127
K02491	2631
K02492	6428
K02493	8687
K02494	6335
K02495	8656
K02496	4752
K02497	6240
K02498	7785
K02499	741
K02500	8356
K02501	8335
K02502	5626
K02503	8672
K02504	1545
K02505	1562
K02506	854
K02507	1575
K02508	1148
K02509	2511
K02510	3931
K02511	812
K02512	0
K02513	70
K02514	117
K02515	0
K02516	2
K02517	6935
K02518	8545
K02519	8700
K02520	8658
K02521	2551
K02523	8684
K02524	0
K02525	2328
K02526	1549
K02527	8215
K02528	8661
K02529	6141
K02530	9
K02531	0
K02532	1178
K02533	4885
K02535	8241
K02536	8239
K02537	0
K02538	5
K02539	0
K02540	0
K02541	0
K02542	0
K02543	0
K02544	0
K02545	0
K02546	0
K02547	8
K02548	2519
K02549	2257
K02550	1195
K02551	2151
K02552	2018
K02553	4972
K02554	3363
K02555	0
K02556	7103
K02557	7458
K02558	6348
K02560	2131
K02561	0
K02562	1713
K02563	8672
K02564	2567
K02565	4278
K02566	1740
K02567	2356
K02568	2354
K02569	2431
K02570	2348
K02571	1296
K02572	1720
K02573	1007
K02574	5990
K02575	5429
K02576	0
K02577	21
K02578	0
K02579	1
K02580	70
K02581	12
K02582	0
K02583	0
K02584	2282
K02585	849
K02586	836
K02587	839
K02588	570
K02589	2
K02590	1
K02591	840
K02592	834
K02593	806
K02594	737
K02595	873
K02596	884
K02597	778
K02598	905
K02599	0
K02600	8699
K02601	8691
K02602	0
K02603	0
K02604	0
K02605	0
K02606	9
K02607	36
K02608	0
K02609	2880
K02610	2831
K02611	2846
K02612	5327
K02613	3087
K02614	6613
K02615	729
K02616	2495
K02617	1811
K02618	2307
K02619	5294
K02620	0
K02621	8535
K02622	8535
K02623	3838
K02624	4283
K02625	3039
K02626	22
K02627	0
K02628	0
K02629	0
K02630	0
K02631	13
K02632	0
K02633	0
K02634	3
K02635	9
K02636	419
K02637	4
K02638	3956
K02639	423
K02640	0
K02641	36
K02642	0
K02643	0
K02646	0
K02647	2874
K02649	8
K02650	4102
K02651	4186
K02652	4066
K02653	4591
K02654	4323
K02655	4358
K02656	6388
K02657	2713
K02658	3341
K02659	2821
K02660	3075
K02661	451
K02662	4457
K02663	4123
K02664	3819
K02665	3760
K02666	4556
K02667	2550
K02668	2605
K02669	5410
K02670	3366
K02671	4105
K02672	4166
K02673	3911
K02674	2911
K02675	36
K02676	2835
K02677	0
K02678	0
K02679	1483
K02680	2102
K02681	1541
K02682	1991
K02683	0
K02684	0
K02685	0
K02686	3033
K02687	8602
K02688	1944
K02689	1
K02690	1
K02691	23
K02692	1
K02693	2
K02694	1
K02695	1
K02696	0
K02697	0
K02698	1
K02699	1
K02700	0
K02701	1
K02702	0
K02703	6
K02704	3
K02705	3
K02706	3
K02707	2
K02708	0
K02709	1
K02710	1
K02711	2
K02712	0
K02713	0
K02714	0
K02715	0
K02716	2
K02717	5
K02718	0
K02719	4
K02720	0
K02721	1
K02722	0
K02723	0
K02724	0
K02725	0
K02726	0
K02727	0
K02728	0
K02729	0
K02730	0
K02731	0
K02732	1
K02733	0
K02734	0
K02735	0
K02736	0
K02737	1
K02738	0
K02739	0
K02740	0
K02741	0
K02742	4809
K02744	1067
K02745	849
K02746	849
K02747	848
K02750	761
K02753	947
K02755	73
K02757	1083
K02759	1419
K02760	1429
K02761	1918
K02765	1
K02768	584
K02769	2082
K02770	3813
K02771	11
K02773	551
K02774	584
K02775	625
K02777	2229
K02778	464
K02779	1872
K02781	1013
K02782	1016
K02783	1000
K02784	5433
K02786	1
K02788	2
K02791	1337
K02793	4560
K02794	1399
K02795	188
K02796	1398
K02798	41
K02800	1550
K02803	528
K02804	3164
K02805	2013
K02806	7699
K02810	1498
K02812	255
K02813	255
K02814	1382
K02815	255
K02819	1926
K02821	1606
K02822	1519
K02823	582
K02824	3855
K02825	2704
K02826	93
K02827	4
K02828	3
K02829	7
K02830	0
K02831	25
K02832	0
K02833	0
K02834	8610
K02835	8696
K02836	8696
K02837	8285
K02838	8691
K02839	854
K02840	388
K02841	4610
K02842	0
K02843	5306
K02844	3317
K02846	1065
K02847	7113
K02848	1608
K02849	3933
K02850	271
K02851	3536
K02852	1356
K02853	1326
K02854	880
K02855	985
K02856	998
K02857	5
K02858	3379
K02859	5
K02860	8682
K02861	1
K02862	22
K02863	8687
K02864	8684
K02865	2
K02866	3
K02867	8669
K02868	3
K02869	0
K02870	2
K02871	8693
K02872	7
K02873	4
K02874	8662
K02875	4
K02876	8634
K02877	0
K02878	8621
K02879	8646
K02880	0
K02881	8482
K02882	3
K02883	1
K02884	8667
K02885	3
K02886	8694
K02887	8688
K02888	8592
K02889	1
K02890	8647
K02891	0
K02892	8593
K02893	19
K02894	2
K02895	8660
K02896	0
K02897	8656
K02898	2
K02899	8689
K02900	3
K02901	4
K02902	8657
K02903	5
K02904	8607
K02905	2
K02906	8648
K02907	8368
K02908	3
K02909	8648
K02910	7
K02911	8601
K02912	4
K02913	8422
K02914	5752
K02915	0
K02916	8553
K02917	0
K02918	3
K02919	6647
K02920	1
K02921	3
K02922	0
K02923	0
K02924	0
K02925	4
K02926	8694
K02927	43
K02928	0
K02929	0
K02930	0
K02931	8694
K02932	0
K02933	8670
K02934	1
K02935	8669
K02936	2
K02937	1
K02938	4
K02939	8577
K02940	0
K02941	3
K02942	7
K02943	2
K02944	0
K02945	8699
K02946	8675
K02947	0
K02948	8069
K02949	6
K02950	8690
K02951	4
K02952	8655
K02953	2
K02954	8595
K02955	1
K02956	8680
K02957	1
K02958	3
K02959	8627
K02960	4
K02961	8658
K02962	4
K02963	8635
K02964	5
K02965	8604
K02966	5
K02967	8694
K02968	8404
K02969	1
K02970	8595
K02971	1
K02972	662
K02973	1
K02974	3
K02975	1
K02976	0
K02977	3
K02978	0
K02979	1
K02980	1
K02981	2
K02982	8696
K02983	2
K02984	1
K02985	6
K02986	8687
K02987	2
K02988	8649
K02989	1
K02990	8673
K02991	3
K02992	8688
K02993	1
K02994	8683
K02995	3
K02996	8681
K02997	5
K02998	3
K02999	0
K03000	0
K03001	0
K03002	0
K03003	0
K03004	0
K03005	0
K03006	0
K03007	0
K03008	0
K03009	4
K03010	0
K03011	0
K03012	0
K03013	0
K03014	0
K03015	0
K03016	0
K03017	22
K03018	0
K03019	0
K03020	0
K03021	0
K03022	0
K03023	0
K03024	0
K03025	2
K03026	0
K03027	0
K03028	0
K03029	0
K03030	7
K03031	0
K03032	0
K03033	0
K03034	0
K03035	0
K03036	0
K03037	0
K03038	0
K03039	1
K03040	8692
K03041	1
K03042	1
K03043	82
K03044	0
K03045	0
K03046	8659
K03047	0
K03048	4
K03049	6
K03051	0
K03052	0
K03053	0
K03054	0
K03055	0
K03056	0
K03057	6
K03058	0
K03059	152
K03060	8640
K03061	6
K03062	4
K03063	2
K03064	5
K03065	0
K03066	3
K03068	42
K03069	0
K03070	8698
K03071	8650
K03072	7197
K03073	8410
K03074	7901
K03075	7691
K03076	8695
K03077	2029
K03078	979
K03079	4679
K03083	0
K03084	0
K03085	0
K03086	8700
K03087	4636
K03088	8413
K03089	8668
K03090	94
K03091	143
K03092	7855
K03093	2
K03094	1
K03095	5
K03096	0
K03097	3
K03098	5222
K03099	41
K03100	8691
K03101	8665
K03102	0
K03103	462
K03104	0
K03105	0
K03106	8692
K03107	0
K03108	69
K03109	0
K03110	8688
K03111	8679
K03112	3999
K03113	4143
K03114	0
K03115	2
K03116	4034
K03117	8558
K03118	8612
K03119	3908
K03120	0
K03121	0
K03122	0
K03123	0
K03124	1
K03125	0
K03126	0
K03127	0
K03128	3
K03129	0
K03130	94
K03131	0
K03132	0
K03133	0
K03134	0
K03135	0
K03136	1
K03137	0
K03138	0
K03139	0
K03140	2
K03141	0
K03142	0
K03143	0
K03144	0
K03145	0
K03146	0
K03147	7525
K03148	2077
K03149	7776
K03150	1867
K03151	3701
K03152	2837
K03153	5029
K03154	7603
K03156	0
K03157	0
K03158	0
K03159	0
K03160	0
K03161	0
K03162	0
K03163	43
K03164	0
K03165	2
K03166	59
K03167	20
K03168	7426
K03169	5060
K03170	23
K03171	0
K03172	0
K03173	0
K03174	0
K03175	0
K03176	0
K03177	8676
K03178	35
K03179	7218
K03181	5611
K03182	5768
K03183	8199
K03184	2360
K03185	8323
K03186	5819
K03187	4991
K03188	5000
K03189	5018
K03190	5032
K03191	2
K03192	4036
K03193	1
K03194	3376
K03195	2212
K03196	2182
K03197	1954
K03198	1789
K03199	2181
K03200	1910
K03201	2249
K03202	323
K03203	2104
K03204	2387
K03205	3823
K03206	804
K03207	1144
K03208	3181
K03209	0
K03210	8653
K03211	0
K03212	1678
K03213	0
K03214	1936
K03215	8463
K03216	7891
K03217	8696
K03218	8644
K03219	1838
K03220	1956
K03221	834
K03222	1840
K03223	2026
K03224	1843
K03225	2014
K03226	1828
K03227	1789
K03228	1822
K03229	1833
K03230	2037
K03231	9
K03232	0
K03233	151
K03234	2
K03235	4
K03236	0
K03237	0
K03238	0
K03239	0
K03240	221
K03241	15
K03242	0
K03243	13
K03245	0
K03246	2
K03247	0
K03248	3
K03249	0
K03250	0
K03251	0
K03252	0
K03253	0
K03254	0
K03255	68
K03256	0
K03257	0
K03258	0
K03259	0
K03260	0
K03261	0
K03262	0
K03263	1
K03264	0
K03265	0
K03267	0
K03268	8
K03269	7874
K03270	6130
K03271	4073
K03272	4677
K03273	6088
K03274	4345
K03275	155
K03276	949
K03277	327
K03278	174
K03279	611
K03280	88
K03281	6394
K03282	7183
K03283	21
K03284	7081
K03285	1929
K03286	8415
K03287	7
K03288	2530
K03289	576
K03290	669
K03291	2092
K03292	2903
K03293	2823
K03294	5221
K03296	5717
K03297	5987
K03298	8412
K03299	4734
K03300	2706
K03301	1282
K03303	3346
K03304	3243
K03305	4052
K03306	5044
K03307	6500
K03308	2988
K03309	3090
K03310	5190
K03311	3843
K03312	3548
K03313	5196
K03314	2624
K03315	2155
K03316	3862
K03317	3366
K03318	114
K03319	3746
K03320	7890
K03321	8011
K03322	5980
K03323	0
K03324	4822
K03325	4241
K03326	1848
K03327	8206
K03328	5722
K03329	304
K03330	0
K03331	1073
K03332	494
K03333	1012
K03334	278
K03335	3745
K03336	3074
K03337	2954
K03338	3086
K03339	112
K03340	326
K03341	0
K03342	2662
K03343	134
K03344	0
K03345	0
K03346	5
K03347	0
K03348	0
K03349	1
K03350	44
K03351	6
K03352	51
K03353	70
K03354	985
K03355	5
K03356	0
K03357	0
K03358	0
K03359	0
K03360	1
K03361	25
K03362	6
K03363	4
K03364	0
K03365	1039
K03366	5534
K03367	1531
K03368	2
K03369	0
K03370	0
K03371	0
K03372	1
K03373	0
K03374	0
K03375	0
K03376	0
K03377	0
K03378	0
K03379	593
K03380	118
K03381	2549
K03382	163
K03383	357
K03385	1144
K03386	3901
K03387	5049
K03388	1057
K03389	108
K03390	93
K03391	1
K03392	1332
K03393	0
K03394	1467
K03395	586
K03396	3511
K03397	72
K03399	573
K03400	820
K03402	2425
K03403	365
K03404	1182
K03405	1585
K03406	4571
K03407	6778
K03408	6644
K03409	1062
K03410	1664
K03411	3298
K03412	6812
K03413	7088
K03414	5470
K03415	3866
K03416	4
K03417	6095
K03418	530
K03419	0
K03420	823
K03421	0
K03422	0
K03423	23
K03424	8687
K03425	4676
K03426	7427
K03427	5603
K03428	478
K03429	348
K03430	2549
K03431	8641
K03432	8
K03433	43
K03434	0
K03435	3983
K03436	4336
K03437	4731
K03438	8675
K03439	8626
K03440	0
K03441	226
K03442	7296
K03443	0
K03444	1
K03445	3670
K03446	7338
K03447	0
K03448	0
K03449	4215
K03451	1944
K03452	0
K03453	4459
K03454	0
K03455	3251
K03456	30
K03457	3906
K03458	0
K03459	5
K03460	0
K03462	1310
K03463	0
K03464	2539
K03465	784
K03466	8686
K03468	6141
K03469	6048
K03470	8673
K03471	2
K03472	3932
K03473	3976
K03474	8302
K03475	1596
K03476	834
K03477	952
K03478	3266
K03479	0
K03480	10
K03481	344
K03482	639
K03483	1212
K03484	1232
K03485	1406
K03486	573
K03487	1212
K03488	847
K03489	7
K03490	1647
K03491	1306
K03492	431
K03493	0
K03494	2
K03495	8682
K03496	8375
K03497	8252
K03498	5990
K03499	6133
K03500	8634
K03501	8636
K03502	3601
K03503	4095
K03504	0
K03505	0
K03506	0
K03507	0
K03508	0
K03509	0
K03510	0
K03511	3
K03512	0
K03513	0
K03514	0
K03515	0
K03516	1284
K03517	7101
K03518	2969
K03519	1814
K03520	1825
K03521	7120
K03522	7128
K03523	1879
K03524	8332
K03525	5110
K03526	8499
K03527	8496
K03528	5746
K03529	6834
K03530	8114
K03531	8692
K03532	1271
K03533	887
K03534	2680
K03535	3322
K03536	8128
K03537	0
K03538	0
K03539	0
K03540	0
K03541	2
K03542	3
K03543	6938
K03544	8699
K03545	8690
K03546	6673
K03547	6058
K03548	8420
K03549	6029
K03550	8635
K03551	8676
K03552	51
K03553	8684
K03554	5720
K03555	8623
K03556	5375
K03557	6949
K03558	8559
K03559	6809
K03560	8574
K03561	5614
K03562	8637
K03563	4794
K03564	8596
K03565	7303
K03566	7793
K03567	4289
K03568	7907
K03569	7517
K03570	7494
K03571	7289
K03572	8622
K03573	2447
K03574	7123
K03575	8572
K03576	6383
K03577	4478
K03578	6272
K03579	6022
K03580	5592
K03581	7072
K03582	5609
K03583	5607
K03584	8623
K03585	5642
K03586	8355
K03587	8662
K03588	8663
K03589	8674
K03590	8676
K03591	4949
K03592	7903
K03593	8680
K03594	7728
K03595	8653
K03596	8698
K03597	5873
K03598	4873
K03599	8407
K03600	6377
K03601	8553
K03602	8354
K03603	2263
K03604	2463
K03605	1710
K03606	2612
K03607	4199
K03608	7106
K03609	7221
K03610	7193
K03611	8530
K03612	3720
K03613	3574
K03614	3592
K03615	3027
K03616	6567
K03617	3584
K03618	656
K03619	711
K03620	5040
K03621	7816
K03622	0
K03623	3089
K03624	8683
K03625	8636
K03626	0
K03627	15
K03628	8684
K03629	7156
K03630	8490
K03631	8610
K03632	2034
K03633	1992
K03634	8613
K03635	7796
K03636	6767
K03637	7998
K03638	5389
K03639	7949
K03640	8530
K03641	8469
K03642	8098
K03643	8465
K03644	8672
K03645	2265
K03646	5201
K03647	1667
K03648	7088
K03649	3493
K03650	8677
K03651	7909
K03652	3248
K03653	228
K03654	7956
K03655	8676
K03656	6424
K03657	8654
K03658	3506
K03660	7
K03661	0
K03662	0
K03663	2
K03664	8677
K03665	8572
K03666	8551
K03667	7985
K03668	5838
K03669	4486
K03670	4398
K03671	8567
K03672	5849
K03673	8536
K03674	2402
K03675	2605
K03676	7484
K03678	0
K03679	0
K03680	0
K03681	0
K03683	5369
K03684	7069
K03685	8668
K03686	8696
K03687	8658
K03688	8525
K03689	0
K03690	6123
K03691	8
K03692	324
K03693	2
K03694	8336
K03695	8674
K03696	1465
K03697	301
K03698	134
K03699	8684
K03700	10
K03701	8689
K03702	8679
K03703	8677
K03704	8611
K03705	4210
K03706	5
K03707	2326
K03708	5
K03709	64
K03710	4564
K03711	8301
K03712	5491
K03713	31
K03714	387
K03715	6
K03716	259
K03717	4167
K03718	4971
K03719	8250
K03720	2669
K03721	3561
K03722	6694
K03723	8663
K03724	4738
K03725	4
K03726	1294
K03727	15
K03728	0
K03729	0
K03730	0
K03731	42
K03732	4645
K03733	8552
K03734	6214
K03735	3762
K03736	3707
K03737	1487
K03738	624
K03739	406
K03740	365
K03741	2314
K03742	5668
K03743	7973
K03744	5518
K03745	6806
K03746	3598
K03747	3298
K03748	4585
K03749	7680
K03750	7946
K03752	7331
K03753	3305
K03754	0
K03755	213
K03756	1456
K03757	626
K03758	3356
K03759	1101
K03760	4000
K03761	2623
K03762	6127
K03763	13
K03764	2300
K03765	2501
K03766	0
K03767	5533
K03768	6232
K03769	7751
K03770	8676
K03771	8322
K03772	3465
K03773	5431
K03774	5150
K03775	6477
K03776	5967
K03777	2785
K03778	4402
K03779	599
K03780	678
K03781	6946
K03782	5771
K03783	1816
K03784	3060
K03785	777
K03786	8234
K03787	8055
K03788	1222
K03789	8631
K03790	5699
K03791	3254
K03792	2
K03793	3831
K03794	55
K03795	1740
K03796	1741
K03797	8615
K03798	8694
K03799	7865
K03800	1865
K03801	8638
K03802	2739
K03803	2926
K03804	2237
K03805	2665
K03806	5707
K03807	3255
K03808	5955
K03809	6446
K03810	1745
K03811	4790
K03812	2472
K03813	671
K03814	7509
K03816	1456
K03817	6412
K03818	1555
K03819	1115
K03820	8310
K03821	5562
K03822	3
K03823	597
K03824	5560
K03825	4586
K03826	3168
K03827	3699
K03828	5754
K03829	3987
K03830	4730
K03831	3522
K03832	8254
K03833	3391
K03834	2225
K03835	2062
K03836	161
K03837	3221
K03838	603
K03839	2946
K03840	2037
K03841	2237
K03842	0
K03843	126
K03844	5
K03845	0
K03846	0
K03847	0
K03848	0
K03849	0
K03850	29
K03851	518
K03852	986
K03853	0
K03854	0
K03855	979
K03856	370
K03857	0
K03858	0
K03859	3
K03860	0
K03861	0
K03862	2092
K03863	3145
K03865	0
K03867	1603
K03868	0
K03869	0
K03870	0
K03871	85
K03872	0
K03873	0
K03874	0
K03875	8
K03876	0
K03877	4
K03878	22
K03879	16
K03880	390
K03881	10
K03882	3
K03883	20
K03884	97
K03885	7122
K03886	3
K03887	12
K03888	22
K03889	668
K03890	13
K03891	12
K03892	7621
K03893	5384
K03894	442
K03895	1080
K03896	2434
K03897	1633
K03898	2
K03899	0
K03900	2
K03901	0
K03902	7
K03903	2
K03904	1
K03905	1
K03906	0
K03907	0
K03908	0
K03909	1
K03910	0
K03911	1
K03912	0
K03913	0
K03914	0
K03915	0
K03916	0
K03917	0
K03918	6
K03919	4445
K03921	351
K03922	1138
K03923	3071
K03924	7283
K03925	7287
K03926	3887
K03927	3
K03928	3631
K03929	2305
K03930	1517
K03931	1423
K03932	3692
K03933	814
K03934	2195
K03935	2232
K03936	2467
K03937	2178
K03938	0
K03939	1589
K03940	4307
K03941	4408
K03942	2190
K03943	669
K03944	0
K03945	0
K03946	0
K03947	0
K03948	0
K03949	0
K03950	0
K03951	0
K03952	0
K03953	3626
K03954	1
K03955	72
K03956	5
K03957	0
K03958	0
K03959	0
K03960	0
K03961	0
K03962	0
K03963	0
K03964	0
K03965	0
K03966	0
K03967	0
K03968	0
K03969	4382
K03970	2433
K03971	1148
K03972	7166
K03973	3385
K03974	2482
K03975	8448
K03976	7458
K03977	8688
K03978	8651
K03979	8668
K03980	8673
K03981	7818
K03982	1
K03983	0
K03984	3
K03985	0
K03986	4
K03987	0
K03988	14
K03989	1
K03990	2
K03991	10
K03992	1
K03993	0
K03994	0
K03995	3
K03996	0
K03997	0
K03998	0
K03999	0
K04000	0
K04001	0
K04002	0
K04003	0
K04004	1
K04006	0
K04007	0
K04008	0
K04009	0
K04010	0
K04011	0
K04012	0
K04013	1249
K04014	1038
K04015	1021
K04016	781
K04017	4012
K04018	5935
K04019	407
K04020	453
K04021	338
K04022	311
K04023	566
K04024	395
K04025	297
K04026	520
K04027	842
K04028	658
K04029	437
K04030	1408
K04031	438
K04032	303
K04033	3799
K04034	5514
K04035	366
K04036	251
K04037	437
K04038	436
K04039	443
K04040	437
K04041	9
K04042	8641
K04043	8688
K04044	5371
K04045	1311
K04046	6307
K04047	7056
K04048	0
K04049	147
K04050	142
K04051	149
K04052	117
K04053	612
K04054	802
K04055	25
K04056	775
K04057	169
K04058	837
K04059	248
K04060	658
K04061	3283
K04062	4193
K04063	7009
K04064	2064
K04065	7151
K04066	8691
K04067	2124
K04068	2543
K04069	3465
K04070	22
K04072	2145
K04073	1183
K04074	21
K04075	8659
K04076	1559
K04077	8698
K04078	8692
K04079	7248
K04080	5661
K04081	993
K04082	5266
K04083	8501
K04084	6535
K04085	7725
K04086	2
K04087	7963
K04088	7881
K04090	3252
K04091	4363
K04092	1829
K04093	1989
K04094	1981
K04095	5916
K04096	8636
K04097	1891
K04098	1315
K04099	997
K04100	514
K04101	450
K04102	960
K04103	1424
K04104	119
K04105	589
K04107	32
K04108	27
K04109	27
K04110	827
K04112	365
K04113	92
K04114	32
K04115	33
K04116	584
K04117	355
K04118	2342
K04119	0
K04120	3
K04121	2
K04122	0
K04123	1
K04124	75
K04125	3817
K04126	15
K04127	1649
K04128	147
K04129	0
K04130	0
K04131	0
K04132	0
K04133	3
K04134	0
K04135	0
K04136	0
K04137	0
K04138	0
K04139	0
K04140	0
K04141	0
K04142	0
K04143	29
K04144	0
K04145	0
K04146	0
K04147	0
K04148	0
K04149	0
K04150	0
K04151	0
K04152	0
K04153	0
K04157	0
K04160	0
K04161	0
K04162	0
K04163	0
K04165	0
K04166	0
K04167	0
K04168	0
K04169	0
K04170	0
K04171	1
K04172	0
K04173	0
K04174	0
K04175	0
K04176	0
K04177	0
K04178	0
K04179	0
K04180	0
K04181	0
K04182	0
K04183	0
K04184	0
K04185	0
K04186	0
K04187	0
K04188	0
K04189	0
K04190	0
K04191	0
K04192	0
K04193	0
K04194	0
K04195	16
K04197	0
K04198	0
K04199	0
K04200	0
K04201	0
K04202	4
K04203	0
K04204	0
K04205	0
K04206	0
K04207	0
K04208	0
K04209	0
K04210	0
K04211	0
K04212	0
K04213	0
K04214	0
K04215	0
K04216	0
K04217	0
K04218	0
K04219	0
K04220	0
K04221	0
K04222	0
K04223	7
K04224	0
K04226	0
K04227	0
K04228	0
K04229	0
K04230	0
K04231	0
K04232	0
K04233	0
K04234	0
K04235	0
K04236	0
K04237	6
K04238	0
K04239	0
K04240	0
K04241	0
K04242	0
K04243	0
K04244	0
K04245	0
K04246	1
K04247	1
K04248	3
K04249	0
K04250	0
K04251	0
K04252	0
K04253	0
K04254	0
K04255	0
K04256	0
K04257	0
K04258	0
K04259	0
K04260	0
K04261	0
K04262	0
K04263	0
K04264	0
K04265	0
K04266	0
K04267	0
K04268	0
K04269	0
K04270	0
K04271	0
K04272	0
K04273	0
K04274	0
K04275	4
K04276	0
K04277	0
K04278	0
K04279	0
K04280	0
K04281	1
K04282	0
K04283	10
K04284	0
K04285	0
K04286	0
K04287	0
K04288	0
K04289	1
K04290	0
K04291	0
K04292	0
K04293	0
K04294	0
K04295	0
K04296	0
K04297	1
K04298	0
K04299	0
K04300	0
K04301	0
K04302	0
K04303	0
K04304	0
K04305	0
K04306	0
K04307	29
K04308	0
K04309	2
K04310	0
K04311	0
K04312	0
K04313	0
K04314	0
K04315	0
K04316	0
K04317	0
K04318	0
K04319	0
K04320	0
K04321	0
K04322	0
K04323	0
K04324	0
K04325	0
K04326	0
K04328	0
K04332	0
K04333	1096
K04334	1238
K04335	1660
K04336	633
K04337	1373
K04338	1514
K04339	1
K04340	71
K04341	1
K04342	1054
K04343	1881
K04344	0
K04345	11
K04346	0
K04347	0
K04348	0
K04349	1
K04350	0
K04351	1
K04352	0
K04353	0
K04354	0
K04355	0
K04356	0
K04357	0
K04358	0
K04359	0
K04360	0
K04361	2
K04362	4
K04363	0
K04364	0
K04365	0
K04366	0
K04367	20
K04368	3
K04369	0
K04370	0
K04371	1
K04372	0
K04373	0
K04374	0
K04375	0
K04376	0
K04377	0
K04378	0
K04379	0
K04380	0
K04381	6
K04382	0
K04383	0
K04384	1
K04385	0
K04386	0
K04387	0
K04388	0
K04389	0
K04390	0
K04391	1
K04392	0
K04393	0
K04394	1
K04395	0
K04396	0
K04397	5
K04398	0
K04399	0
K04400	0
K04401	0
K04402	0
K04403	0
K04404	5
K04405	0
K04406	0
K04407	0
K04408	0
K04409	0
K04410	1
K04411	0
K04412	0
K04413	0
K04414	0
K04415	0
K04416	0
K04417	0
K04418	0
K04419	0
K04420	0
K04421	0
K04422	0
K04423	0
K04424	4
K04425	0
K04426	60
K04427	60
K04428	0
K04429	0
K04430	0
K04431	0
K04432	0
K04433	0
K04434	0
K04435	0
K04436	1
K04437	11
K04438	4
K04439	0
K04440	0
K04441	0
K04442	2
K04443	1
K04444	0
K04445	5
K04446	0
K04447	5
K04448	0
K04449	0
K04450	0
K04451	1
K04452	1
K04453	0
K04454	0
K04455	1
K04456	0
K04457	0
K04458	0
K04459	19
K04460	1
K04461	2
K04462	0
K04463	0
K04464	0
K04465	0
K04466	0
K04467	0
K04468	0
K04469	0
K04477	1792
K04478	41
K04479	8
K04480	0
K04482	4
K04483	315
K04484	7
K04485	8669
K04486	104
K04487	8301
K04488	2747
K04489	0
K04490	0
K04491	0
K04492	0
K04493	0
K04494	0
K04495	0
K04496	0
K04497	0
K04498	0
K04499	14
K04500	0
K04501	0
K04502	0
K04503	0
K04504	0
K04505	0
K04506	0
K04507	0
K04508	11
K04510	0
K04511	0
K04512	1
K04513	1
K04514	6
K04515	36
K04516	4
K04517	1298
K04518	2471
K04519	0
K04520	0
K04521	5
K04522	0
K04523	0
K04524	147
K04525	3
K04526	1
K04527	0
K04528	0
K04529	0
K04530	0
K04531	0
K04532	0
K04533	0
K04534	0
K04535	0
K04536	0
K04537	0
K04538	0
K04539	0
K04540	0
K04541	0
K04542	0
K04543	0
K04544	0
K04545	0
K04546	0
K04547	0
K04548	0
K04549	0
K04550	0
K04551	37
K04552	0
K04553	0
K04554	0
K04555	0
K04556	0
K04557	0
K04558	26
K04559	21
K04560	0
K04561	2212
K04562	3809
K04563	1
K04564	8650
K04565	4922
K04566	2041
K04567	6688
K04568	4729
K04569	5
K04570	0
K04571	0
K04572	2
K04573	0
K04574	0
K04575	489
K04576	0
K04577	0
K04578	0
K04579	0
K04580	0
K04581	0
K04582	0
K04583	0
K04584	0
K04585	0
K04586	0
K04587	0
K04588	0
K04589	0
K04590	0
K04591	0
K04592	0
K04593	0
K04594	0
K04595	0
K04596	0
K04597	0
K04598	0
K04599	0
K04600	21
K04601	0
K04602	0
K04603	0
K04604	0
K04605	0
K04606	0
K04607	0
K04608	0
K04609	0
K04610	0
K04611	0
K04612	0
K04613	0
K04614	0
K04615	2
K04617	0
K04618	366
K04619	0
K04620	0
K04621	0
K04622	0
K04623	0
K04624	0
K04625	0
K04626	0
K04627	0
K04628	5
K04629	0
K04630	0
K04631	0
K04632	1
K04633	0
K04634	0
K04635	0
K04636	4
K04637	5
K04638	0
K04639	0
K04640	0
K04641	157
K04642	0
K04643	76
K04644	0
K04645	0
K04646	0
K04647	0
K04648	13
K04649	0
K04650	1
K04651	2230
K04652	2153
K04653	2214
K04654	2194
K04655	2210
K04656	2235
K04657	249
K04658	0
K04659	158
K04660	1
K04661	0
K04662	0
K04663	0
K04664	0
K04665	0
K04666	0
K04667	0
K04668	0
K04669	0
K04670	0
K04671	0
K04672	0
K04673	0
K04674	0
K04675	0
K04676	0
K04677	0
K04678	0
K04679	1
K04680	0
K04681	0
K04682	0
K04683	0
K04684	0
K04685	5
K04686	0
K04687	0
K04688	0
K04690	0
K04691	4258
K04692	0
K04693	0
K04694	0
K04695	0
K04696	0
K04697	0
K04698	0
K04699	0
K04701	0
K04702	0
K04703	0
K04704	0
K04705	0
K04706	0
K04707	0
K04708	401
K04709	0
K04710	0
K04711	471
K04712	51
K04713	6
K04714	21
K04715	0
K04716	0
K04717	15
K04718	6
K04719	4922
K04720	736
K04721	0
K04722	1
K04723	0
K04724	0
K04725	0
K04726	0
K04727	0
K04728	2
K04729	11
K04730	0
K04731	0
K04732	0
K04733	1
K04734	27
K04735	0
K04736	0
K04737	0
K04738	6
K04739	35
K04740	4
K04741	0
K04742	3
K04743	1
K04744	8631
K04745	0
K04746	14
K04747	815
K04748	4648
K04749	3063
K04750	5516
K04751	6852
K04752	6209
K04753	1627
K04754	7169
K04755	7042
K04756	6307
K04757	1350
K04758	4451
K04759	4596
K04760	7575
K04761	8389
K04762	8225
K04763	8672
K04764	8617
K04765	6397
K04766	4
K04767	3864
K04768	4123
K04769	9
K04770	4297
K04771	3351
K04772	8627
K04773	8394
K04774	4444
K04775	2551
K04778	26
K04780	1807
K04781	97
K04782	2092
K04783	167
K04784	250
K04785	161
K04786	431
K04787	53
K04788	364
K04789	65
K04790	1
K04791	16
K04792	125
K04793	31
K04794	39
K04795	0
K04796	0
K04797	0
K04798	2
K04799	0
K04800	72
K04801	29
K04802	0
K04803	0
K04804	0
K04805	0
K04806	0
K04807	0
K04808	14
K04809	1
K04810	0
K04811	0
K04812	0
K04813	0
K04814	9
K04815	0
K04816	0
K04817	0
K04818	0
K04819	0
K04824	0
K04825	0
K04826	0
K04827	0
K04828	0
K04829	0
K04830	0
K04831	0
K04832	0
K04833	0
K04834	16
K04835	420
K04836	0
K04837	0
K04838	0
K04839	0
K04840	0
K04841	0
K04842	0
K04843	0
K04845	0
K04846	0
K04847	0
K04848	0
K04849	0
K04850	0
K04851	0
K04852	0
K04853	0
K04854	0
K04855	0
K04856	0
K04857	0
K04858	24
K04859	0
K04860	4
K04861	3
K04862	0
K04863	0
K04864	0
K04865	0
K04866	0
K04867	0
K04868	0
K04869	0
K04870	0
K04871	0
K04872	0
K04873	0
K04874	0
K04875	999
K04876	1
K04877	0
K04878	0
K04879	1
K04880	0
K04881	0
K04882	16
K04883	651
K04884	184
K04885	2
K04886	0
K04887	36
K04888	0
K04889	0
K04890	2
K04891	31
K04892	1123
K04893	0
K04894	0
K04895	0
K04896	0
K04897	0
K04898	0
K04899	0
K04900	0
K04901	0
K04902	0
K04903	0
K04904	0
K04905	0
K04906	0
K04907	2
K04908	0
K04909	0
K04910	0
K04911	0
K04912	0
K04913	2
K04914	0
K04915	0
K04916	0
K04917	0
K04918	0
K04919	0
K04920	3
K04921	0
K04922	1
K04923	0
K04924	0
K04925	0
K04926	0
K04927	0
K04928	0
K04929	0
K04930	60
K04931	0
K04932	0
K04933	0
K04934	2
K04935	0
K04936	7
K04937	0
K04938	0
K04939	0
K04940	1122
K04941	0
K04942	0
K04943	0
K04944	2
K04945	1
K04946	0
K04947	0
K04948	0
K04949	0
K04950	2
K04951	0
K04952	0
K04953	37
K04954	0
K04955	4
K04956	2
K04957	0
K04958	0
K04959	0
K04960	0
K04961	2
K04962	97
K04963	2
K04964	0
K04965	0
K04966	0
K04967	0
K04968	0
K04969	0
K04970	0
K04971	0
K04972	0
K04973	0
K04974	2
K04975	1
K04976	0
K04977	14
K04978	0
K04979	0
K04980	1
K04981	0
K04982	0
K04983	0
K04984	696
K04985	212
K04986	0
K04987	18
K04988	13
K04989	0
K04990	1
K04991	0
K04992	0
K04993	0
K04994	0
K04995	0
K04996	0
K04997	0
K04998	0
K04999	0
K05000	0
K05001	0
K05002	0
K05003	0
K05004	0
K05005	0
K05006	0
K05007	0
K05008	0
K05009	0
K05010	0
K05011	0
K05012	1
K05015	0
K05016	3
K05017	0
K05018	0
K05019	0
K05020	1599
K05021	0
K05022	0
K05023	0
K05024	0
K05025	0
K05026	0
K05027	16
K05028	0
K05030	271
K05031	0
K05032	1
K05033	3
K05034	0
K05035	0
K05036	0
K05037	0
K05038	0
K05039	0
K05040	0
K05041	0
K05043	0
K05044	1
K05045	5
K05046	0
K05047	0
K05048	0
K05050	0
K05051	0
K05052	0
K05053	0
K05054	0
K05055	0
K05056	0
K05057	0
K05058	2
K05059	0
K05060	24
K05061	0
K05062	0
K05063	1
K05064	0
K05065	0
K05066	1
K05067	0
K05068	0
K05069	0
K05070	0
K05071	0
K05072	0
K05073	0
K05074	1
K05075	0
K05076	0
K05077	0
K05078	0
K05079	0
K05080	0
K05081	0
K05082	0
K05083	0
K05084	0
K05085	0
K05086	1
K05087	0
K05088	8
K05089	0
K05090	0
K05091	0
K05092	0
K05093	1
K05094	3
K05095	2
K05096	0
K05097	1
K05098	0
K05099	116
K05100	48
K05101	0
K05102	0
K05103	4
K05104	0
K05105	0
K05106	0
K05107	0
K05108	0
K05109	3
K05110	0
K05111	0
K05112	0
K05113	1
K05114	0
K05115	0
K05116	1
K05117	0
K05118	0
K05119	9
K05120	2
K05121	0
K05122	0
K05123	1
K05124	0
K05125	36
K05126	0
K05127	1
K05128	1
K05129	0
K05130	1
K05131	0
K05132	0
K05133	0
K05134	0
K05135	2
K05136	0
K05137	0
K05138	0
K05139	0
K05140	0
K05141	0
K05142	0
K05143	0
K05144	0
K05145	0
K05146	0
K05147	0
K05148	1
K05149	0
K05150	0
K05151	0
K05152	0
K05153	0
K05154	0
K05155	0
K05156	0
K05157	0
K05158	0
K05159	0
K05160	0
K05161	0
K05162	0
K05163	0
K05164	3
K05165	0
K05166	0
K05167	15
K05168	0
K05169	2
K05170	0
K05171	0
K05172	0
K05173	0
K05174	0
K05175	0
K05181	27
K05184	0
K05185	0
K05186	0
K05189	0
K05190	9
K05192	50
K05193	3
K05194	75
K05195	7
K05196	0
K05197	0
K05198	10
K05199	0
K05200	0
K05201	0
K05202	0
K05203	0
K05204	0
K05205	0
K05206	2
K05207	2
K05208	0
K05209	0
K05210	0
K05211	0
K05212	0
K05213	2
K05214	0
K05215	0
K05216	0
K05217	0
K05218	0
K05219	0
K05220	0
K05221	0
K05222	0
K05223	0
K05224	0
K05225	0
K05226	0
K05227	0
K05228	0
K05229	0
K05230	0
K05231	0
K05232	0
K05233	0
K05234	0
K05235	0
K05236	0
K05237	0
K05238	0
K05239	0
K05240	0
K05241	0
K05242	0
K05243	0
K05244	0
K05245	324
K05246	0
K05247	0
K05248	0
K05249	0
K05250	0
K05251	0
K05252	0
K05253	0
K05254	0
K05255	0
K05256	0
K05257	0
K05258	0
K05259	0
K05260	0
K05261	0
K05262	0
K05263	0
K05264	0
K05265	0
K05266	0
K05267	0
K05268	0
K05269	0
K05271	10
K05273	7
K05274	0
K05275	5755
K05277	1
K05278	6
K05279	0
K05280	0
K05281	0
K05282	7
K05283	0
K05284	1
K05285	17
K05286	119
K05287	0
K05288	1048
K05289	0
K05290	0
K05291	0
K05292	0
K05293	0
K05294	52
K05295	0
K05296	1224
K05297	2039
K05298	6
K05299	149
K05300	72
K05301	1394
K05302	0
K05303	1007
K05304	77
K05305	0
K05306	2356
K05307	0
K05308	239
K05309	244
K05310	269
K05311	5
K05312	0
K05313	173
K05323	0
K05330	0
K05334	0
K05336	0
K05337	780
K05338	1
K05339	6105
K05340	281
K05341	786
K05342	190
K05343	2867
K05345	0
K05346	3156
K05349	4216
K05350	2566
K05351	996
K05352	5
K05353	0
K05354	0
K05355	0
K05356	0
K05357	9
K05358	4355
K05359	0
K05360	35
K05361	3
K05362	4
K05363	1275
K05364	81
K05365	4582
K05366	8605
K05367	5145
K05368	2030
K05369	1
K05370	0
K05371	4
K05372	338
K05373	1112
K05374	166
K05375	2547
K05376	0
K05377	0
K05378	0
K05379	2
K05380	0
K05381	0
K05382	0
K05383	135
K05384	312
K05385	1
K05386	78
K05387	16
K05389	259
K05391	0
K05394	2
K05396	99
K05397	1
K05398	8
K05399	1
K05400	0
K05401	92
K05402	0
K05403	56
K05404	0
K05405	2
K05406	0
K05407	2
K05408	0
K05409	0
K05410	1
K05411	0
K05412	0
K05413	0
K05414	1
K05415	0
K05416	0
K05417	4
K05418	0
K05419	0
K05420	0
K05421	0
K05422	0
K05423	0
K05424	2
K05425	0
K05426	0
K05427	0
K05428	0
K05429	0
K05430	0
K05431	0
K05432	0
K05433	0
K05434	0
K05435	0
K05436	0
K05437	0
K05438	0
K05439	0
K05440	0
K05441	0
K05442	0
K05443	0
K05444	0
K05445	0
K05446	0
K05447	0
K05448	0
K05449	0
K05450	0
K05451	0
K05452	0
K05453	0
K05454	0
K05455	0
K05456	0
K05457	0
K05458	0
K05459	0
K05460	0
K05461	0
K05462	0
K05463	0
K05464	0
K05465	0
K05466	0
K05467	1
K05468	0
K05469	0
K05470	0
K05471	0
K05472	0
K05473	0
K05474	0
K05475	0
K05476	10
K05477	0
K05478	0
K05479	0
K05480	0
K05481	0
K05482	0
K05483	0
K05484	0
K05485	0
K05486	0
K05487	0
K05488	0
K05489	0
K05490	0
K05491	0
K05492	0
K05493	0
K05494	0
K05495	0
K05496	0
K05497	1
K05498	0
K05499	5881
K05500	0
K05501	3932
K05502	2
K05503	0
K05504	0
K05505	0
K05506	0
K05507	0
K05508	0
K05509	0
K05510	0
K05511	0
K05512	0
K05513	0
K05514	0
K05515	7501
K05516	6080
K05517	3189
K05518	1075
K05519	5
K05520	5796
K05521	2335
K05522	1447
K05523	1470
K05524	6403
K05525	527
K05526	4060
K05527	8619
K05528	157
K05529	115
K05530	0
K05531	30
K05532	0
K05533	3
K05534	5
K05535	28
K05536	0
K05537	0
K05538	0
K05539	7922
K05540	8553
K05541	4681
K05542	0
K05543	0
K05544	0
K05545	0
K05546	91
K05547	0
K05548	1689
K05549	2177
K05550	2427
K05551	7
K05552	19
K05553	40
K05554	130
K05555	4998
K05556	41
K05557	56
K05558	73
K05559	3772
K05560	3720
K05561	3707
K05562	3737
K05563	3717
K05564	3686
K05565	843
K05566	985
K05567	1154
K05568	1286
K05569	1162
K05570	1159
K05571	1230
K05572	3
K05573	25
K05574	71
K05575	4
K05576	91
K05577	783
K05578	26
K05579	4
K05580	3
K05581	2
K05582	2
K05583	5
K05584	0
K05585	2
K05586	45
K05587	56
K05588	175
K05589	7785
K05590	3564
K05591	4959
K05592	6562
K05593	217
K05594	5997
K05595	7503
K05596	5385
K05597	3022
K05599	1205
K05600	582
K05601	1857
K05602	263
K05603	4143
K05604	0
K05605	5968
K05606	3103
K05607	9
K05609	0
K05610	0
K05611	0
K05612	3
K05613	11
K05614	174
K05615	1
K05616	7
K05617	5
K05618	0
K05619	0
K05620	0
K05621	0
K05622	0
K05623	1
K05624	0
K05625	0
K05626	0
K05627	0
K05628	0
K05629	0
K05630	0
K05631	20
K05632	0
K05633	0
K05634	0
K05635	105
K05636	444
K05637	214
K05638	0
K05639	0
K05640	1
K05641	0
K05642	0
K05643	0
K05644	0
K05645	0
K05646	10
K05647	0
K05648	5
K05649	0
K05650	0
K05651	0
K05652	0
K05653	1
K05654	0
K05655	0
K05656	0
K05657	77
K05658	21
K05659	0
K05660	0
K05661	0
K05662	48
K05664	0
K05665	14
K05666	0
K05667	0
K05668	0
K05669	0
K05670	0
K05671	0
K05672	3
K05673	3
K05674	61
K05675	0
K05676	0
K05677	6
K05678	0
K05679	0
K05680	1
K05681	4
K05682	0
K05683	0
K05684	0
K05685	6835
K05687	5
K05688	0
K05689	4
K05690	0
K05691	0
K05692	9
K05693	0
K05694	32
K05695	46
K05696	0
K05697	0
K05698	24
K05699	0
K05700	1
K05701	0
K05702	0
K05703	0
K05704	0
K05705	0
K05706	0
K05707	0
K05708	437
K05709	340
K05710	3300
K05711	338
K05712	3364
K05713	747
K05714	5772
K05715	34
K05716	6
K05717	4
K05718	2
K05719	23
K05720	0
K05721	0
K05722	0
K05723	1
K05724	0
K05725	0
K05726	0
K05727	0
K05728	3
K05729	0
K05730	2
K05731	0
K05732	5
K05733	0
K05734	0
K05735	0
K05736	0
K05737	0
K05738	0
K05739	1
K05740	50
K05741	6
K05742	0
K05743	0
K05744	0
K05745	1
K05746	2
K05747	3
K05748	2
K05749	0
K05750	0
K05751	0
K05752	0
K05753	0
K05754	0
K05755	0
K05756	0
K05757	0
K05758	0
K05759	6
K05760	0
K05761	0
K05762	1
K05763	0
K05764	5
K05765	1
K05766	0
K05767	0
K05768	0
K05769	0
K05770	2280
K05771	0
K05772	1571
K05773	1509
K05774	4019
K05775	1831
K05776	1892
K05777	1605
K05778	1572
K05779	1551
K05780	3010
K05781	3007
K05782	5347
K05783	1911
K05784	2000
K05785	3052
K05786	6898
K05787	3873
K05788	8558
K05789	2021
K05790	1389
K05791	955
K05792	867
K05793	1134
K05794	5748
K05795	1016
K05796	1133
K05797	632
K05798	2015
K05799	6859
K05800	5924
K05801	6537
K05802	5308
K05803	3013
K05804	1303
K05805	5701
K05806	3
K05807	8674
K05808	8145
K05809	2484
K05810	8625
K05811	1483
K05812	4136
K05813	4029
K05814	3916
K05815	3913
K05816	92
K05817	789
K05818	1333
K05819	1836
K05820	6337
K05821	0
K05822	29
K05823	9
K05824	72
K05825	6378
K05826	207
K05827	55
K05828	4
K05829	9
K05830	5
K05831	7
K05832	1798
K05833	1793
K05834	7440
K05835	6413
K05836	5769
K05837	7504
K05838	7172
K05839	1279
K05840	0
K05841	696
K05842	2
K05843	1
K05844	5319
K05845	4141
K05846	3996
K05847	4171
K05848	0
K05849	354
K05850	0
K05851	3330
K05852	0
K05853	2
K05854	0
K05855	0
K05856	0
K05857	0
K05858	1
K05859	0
K05860	0
K05861	0
K05862	0
K05863	0
K05864	51
K05865	2
K05866	0
K05867	0
K05868	0
K05869	0
K05870	0
K05871	0
K05872	6
K05873	1652
K05874	5529
K05875	2868
K05876	930
K05877	1166
K05878	1967
K05879	1959
K05880	711
K05881	575
K05882	2706
K05884	1138
K05886	684
K05887	251
K05888	1424
K05889	403
K05894	0
K05895	3962
K05896	6485
K05897	1307
K05898	1850
K05901	593
K05906	69
K05907	1439
K05908	71
K05909	14
K05910	4
K05913	2741
K05914	1
K05915	0
K05916	6115
K05917	28
K05918	21
K05919	43
K05921	1983
K05922	151
K05925	641
K05926	0
K05927	143
K05928	71
K05929	200
K05931	0
K05933	3
K05934	350
K05936	4152
K05937	225
K05939	6559
K05940	0
K05941	3
K05942	2
K05946	2070
K05947	0
K05948	0
K05951	216
K05952	2644
K05953	20
K05954	9
K05955	0
K05956	58
K05957	9
K05960	0
K05961	34
K05964	1058
K05966	746
K05967	1665
K05969	0
K05970	794
K05972	857
K05973	3600
K05977	392
K05978	39
K05979	288
K05982	2120
K05984	2046
K05985	4
K05986	1442
K05988	27
K05989	2131
K05991	1619
K05992	4
K05994	1082
K05995	1775
K05996	471
K05997	1557
K05998	359
K05999	371
K06000	0
K06001	200
K06002	1
K06004	0
K06005	1
K06006	5797
K06007	0
K06008	0
K06009	0
K06011	3
K06012	2
K06013	1580
K06015	3455
K06016	4521
K06018	0
K06019	69
K06020	8611
K06023	4219
K06024	6494
K06027	44
K06030	43
K06033	117
K06034	755
K06035	1644
K06037	5162
K06038	3
K06039	1679
K06041	8323
K06042	4194
K06044	3428
K06045	1478
K06046	782
K06047	83
K06048	3522
K06049	441
K06051	0
K06052	0
K06053	0
K06054	0
K06055	0
K06056	0
K06057	0
K06058	1
K06059	11
K06061	0
K06062	0
K06063	0
K06064	0
K06065	0
K06066	0
K06067	1
K06068	0
K06069	1
K06070	0
K06071	0
K06072	14
K06073	1681
K06074	1686
K06075	7103
K06076	6893
K06077	5850
K06078	2454
K06079	2329
K06080	1758
K06081	0
K06082	0
K06083	9
K06084	0
K06085	1
K06086	0
K06087	0
K06088	0
K06089	0
K06090	0
K06091	0
K06092	0
K06093	0
K06094	0
K06095	211
K06096	0
K06097	0
K06098	0
K06099	63
K06100	1
K06101	0
K06102	3
K06103	0
K06104	1
K06105	0
K06106	0
K06107	0
K06108	0
K06109	3
K06110	0
K06111	0
K06112	3
K06113	1371
K06114	0
K06115	0
K06116	2
K06117	1597
K06118	500
K06119	4
K06120	136
K06121	121
K06122	121
K06123	2876
K06124	0
K06125	1330
K06126	3
K06127	2307
K06128	1009
K06129	32
K06130	1507
K06131	7498
K06132	4667
K06133	4732
K06134	4282
K06135	450
K06136	3325
K06137	4536
K06138	3399
K06139	3340
K06140	5014
K06141	1346
K06142	7056
K06143	2787
K06144	1592
K06145	5436
K06146	534
K06147	3855
K06148	2672
K06149	7585
K06151	2264
K06152	2456
K06153	8069
K06154	23
K06155	1056
K06156	1251
K06157	198
K06158	8586
K06159	1346
K06160	1960
K06161	104
K06162	3447
K06163	3012
K06164	3021
K06165	3099
K06166	2510
K06167	6174
K06168	8453
K06169	3629
K06170	0
K06171	0
K06172	0
K06173	8660
K06174	0
K06175	3374
K06176	4435
K06177	6350
K06178	8648
K06179	8670
K06180	8682
K06181	6493
K06182	5065
K06183	5950
K06184	3
K06185	2
K06186	8400
K06187	8621
K06188	5026
K06189	8415
K06190	7797
K06191	2618
K06192	5836
K06193	7292
K06194	8116
K06195	6976
K06196	3905
K06197	1100
K06198	1082
K06199	8084
K06200	1584
K06201	3416
K06202	4772
K06203	6058
K06204	8640
K06205	3703
K06206	4609
K06207	8682
K06208	47
K06209	33
K06210	8
K06211	3420
K06212	2338
K06213	6755
K06214	1586
K06215	142
K06216	8
K06217	8585
K06218	3061
K06219	3483
K06221	2934
K06222	4401
K06223	4376
K06224	48
K06225	1
K06226	0
K06227	0
K06228	15
K06229	368
K06230	1
K06231	4
K06232	0
K06233	2
K06234	113
K06235	0
K06236	2
K06237	24
K06238	31
K06240	439
K06241	4
K06243	90
K06244	8
K06245	17
K06246	12
K06247	0
K06248	1
K06249	1
K06250	1
K06251	1
K06252	29
K06253	0
K06254	0
K06255	20
K06256	0
K06257	0
K06258	1
K06259	0
K06260	1
K06261	7
K06262	0
K06263	0
K06264	0
K06265	232
K06266	0
K06267	175
K06268	22
K06269	1
K06270	1
K06271	0
K06272	3
K06273	0
K06274	0
K06275	0
K06276	1
K06277	0
K06278	0
K06279	0
K06281	1288
K06282	1297
K06283	22
K06284	15
K06285	2
K06286	6
K06287	8414
K06288	0
K06289	1
K06290	1
K06291	0
K06292	3
K06293	0
K06294	3
K06295	3
K06296	48
K06297	3
K06298	10
K06299	1
K06300	2
K06301	33
K06302	2
K06303	2
K06304	2
K06305	2
K06306	539
K06307	0
K06308	2
K06309	0
K06310	1
K06311	1
K06312	1
K06313	2
K06314	2
K06315	1
K06316	0
K06317	9
K06318	2
K06319	0
K06320	2488
K06321	0
K06322	5
K06323	105
K06324	798
K06325	0
K06326	0
K06327	1
K06328	2
K06329	2
K06330	157
K06331	1
K06332	2
K06333	2
K06334	2
K06335	0
K06336	3
K06337	0
K06338	60
K06339	1
K06340	0
K06341	1
K06342	1
K06343	1
K06345	40
K06346	19
K06347	3
K06348	25
K06349	3
K06350	629
K06351	2208
K06352	0
K06353	0
K06354	0
K06355	0
K06356	1
K06357	0
K06358	0
K06359	4
K06360	68
K06361	18
K06362	1
K06363	5
K06364	15
K06365	44
K06366	5
K06367	20
K06368	77
K06369	0
K06370	649
K06371	2
K06372	2
K06373	2178
K06374	3116
K06375	2
K06376	2
K06377	556
K06378	1068
K06379	17
K06380	4
K06381	540
K06382	97
K06383	11
K06384	1530
K06385	2
K06386	2
K06387	2
K06388	0
K06389	0
K06390	11
K06391	3
K06392	2
K06393	2
K06394	3
K06395	3
K06396	2
K06397	3
K06398	2
K06399	14
K06400	3615
K06401	9
K06402	3334
K06403	5
K06404	2
K06405	2
K06406	2
K06407	2
K06408	2
K06409	313
K06410	43
K06411	2
K06412	6
K06413	832
K06414	1
K06415	5306
K06416	2
K06417	101
K06418	1
K06419	1
K06420	2
K06421	4
K06422	1
K06423	2
K06424	0
K06425	2
K06426	2
K06427	0
K06428	1
K06429	1
K06430	1
K06431	0
K06432	0
K06433	2
K06434	2
K06435	0
K06436	2
K06437	3
K06438	2
K06439	1
K06440	0
K06441	72
K06442	2333
K06443	981
K06444	0
K06445	5183
K06446	1454
K06447	4323
K06448	0
K06449	1
K06450	0
K06451	0
K06452	0
K06453	0
K06454	0
K06455	0
K06456	0
K06457	0
K06458	0
K06459	0
K06460	1
K06461	20
K06462	1
K06463	0
K06464	0
K06465	0
K06466	0
K06467	17
K06468	79
K06469	0
K06470	0
K06471	0
K06472	0
K06473	0
K06474	0
K06475	0
K06476	17
K06477	0
K06478	1
K06479	0
K06480	0
K06481	17
K06482	10
K06483	41
K06484	42
K06485	20
K06486	0
K06487	38
K06488	0
K06489	0
K06490	0
K06491	52
K06492	0
K06493	1
K06494	0
K06495	0
K06496	0
K06497	0
K06498	0
K06499	0
K06500	2
K06501	1
K06502	0
K06503	0
K06504	5
K06505	5
K06506	0
K06507	0
K06508	0
K06509	0
K06510	0
K06511	0
K06512	0
K06513	0
K06514	0
K06515	0
K06516	0
K06517	0
K06518	6079
K06519	1
K06520	0
K06521	0
K06522	0
K06523	0
K06524	1
K06525	0
K06526	0
K06527	15
K06528	0
K06529	0
K06530	1
K06531	0
K06532	8
K06533	8
K06534	0
K06535	0
K06536	0
K06537	5
K06538	0
K06539	0
K06540	0
K06541	0
K06542	0
K06543	0
K06544	0
K06545	0
K06546	0
K06547	0
K06548	1
K06549	0
K06550	0
K06551	2
K06552	0
K06553	1
K06554	5
K06555	0
K06556	0
K06557	0
K06558	2
K06559	0
K06560	35
K06561	3
K06562	0
K06563	13
K06564	0
K06565	1
K06566	118
K06567	0
K06568	2
K06569	1
K06570	0
K06571	0
K06572	1
K06573	0
K06574	0
K06575	0
K06576	0
K06577	0
K06578	0
K06579	0
K06580	56
K06581	0
K06582	0
K06583	34
K06584	48
K06585	40
K06586	0
K06587	6
K06588	0
K06589	0
K06590	0
K06591	0
K06592	0
K06593	0
K06594	0
K06595	2808
K06596	2951
K06597	828
K06598	1890
K06599	2987
K06600	637
K06601	1599
K06602	1692
K06603	3220
K06604	338
K06605	943
K06606	2619
K06607	775
K06608	1
K06609	599
K06610	131
K06611	0
K06612	6
K06613	0
K06614	54
K06615	0
K06616	2
K06617	3
K06618	0
K06619	0
K06620	0
K06621	2
K06622	20
K06623	3
K06624	0
K06625	0
K06626	0
K06627	0
K06628	0
K06629	0
K06630	0
K06631	0
K06632	0
K06633	9
K06634	0
K06635	0
K06636	37
K06637	0
K06639	20
K06640	0
K06641	2
K06642	0
K06643	3
K06644	1
K06645	0
K06646	0
K06647	8
K06648	5
K06649	1
K06650	0
K06651	0
K06652	0
K06653	4
K06654	12
K06655	1
K06656	0
K06657	0
K06658	0
K06659	0
K06660	0
K06661	0
K06662	8
K06663	0
K06664	0
K06665	14
K06666	43
K06667	2
K06668	0
K06669	27
K06670	0
K06671	0
K06672	1
K06673	0
K06674	175
K06675	335
K06676	0
K06677	0
K06678	0
K06679	59
K06680	0
K06681	0
K06682	0
K06683	0
K06684	0
K06685	0
K06686	0
K06687	0
K06688	0
K06689	14
K06691	0
K06692	0
K06693	291
K06694	1139
K06695	7
K06696	0
K06697	0
K06698	0
K06699	0
K06700	0
K06702	2
K06704	6
K06706	0
K06707	0
K06708	0
K06709	0
K06710	0
K06711	30
K06712	0
K06713	0
K06714	215
K06715	0
K06716	66
K06717	0
K06718	1091
K06719	0
K06720	1461
K06721	16
K06722	0
K06723	0
K06724	0
K06725	0
K06726	3158
K06727	17
K06728	0
K06729	0
K06730	0
K06731	4
K06732	0
K06733	0
K06734	1
K06735	0
K06736	0
K06737	0
K06738	0
K06739	0
K06740	1
K06741	0
K06742	0
K06743	0
K06744	0
K06745	0
K06746	0
K06747	0
K06748	0
K06749	0
K06750	0
K06751	2
K06752	0
K06753	4
K06754	17
K06755	2
K06756	6
K06757	0
K06758	1
K06759	3
K06760	4
K06761	5
K06762	2
K06763	0
K06764	0
K06765	0
K06766	41
K06767	26
K06768	1
K06769	0
K06770	0
K06771	1
K06772	0
K06773	0
K06774	0
K06775	0
K06776	4
K06777	70
K06778	6
K06779	0
K06780	0
K06781	0
K06782	1
K06783	0
K06784	0
K06785	0
K06786	0
K06787	1
K06788	1
K06789	0
K06790	0
K06791	0
K06792	0
K06793	0
K06794	0
K06795	0
K06796	0
K06797	0
K06798	0
K06799	4
K06800	0
K06801	0
K06802	0
K06803	1
K06804	0
K06805	0
K06806	0
K06807	0
K06808	0
K06809	0
K06810	2
K06811	18
K06812	0
K06813	208
K06814	2
K06815	0
K06816	641
K06817	21
K06818	0
K06819	1
K06820	98
K06821	31
K06822	39
K06823	5
K06824	0
K06825	0
K06826	5
K06827	0
K06828	0
K06829	0
K06830	4
K06831	1
K06832	0
K06833	0
K06834	77
K06835	7
K06836	0
K06837	0
K06838	1
K06839	0
K06840	0
K06841	0
K06842	0
K06843	0
K06844	0
K06845	0
K06846	0
K06847	0
K06848	0
K06849	0
K06850	0
K06851	0
K06852	0
K06853	0
K06854	0
K06855	0
K06856	2
K06857	1407
K06858	4277
K06859	521
K06860	314
K06861	8627
K06862	0
K06863	0
K06864	308
K06865	4
K06866	1962
K06867	4873
K06868	0
K06869	0
K06870	0
K06871	2778
K06872	4304
K06873	3
K06874	0
K06875	0
K06876	2965
K06877	1501
K06878	3043
K06879	5791
K06880	1132
K06881	52
K06882	1152
K06883	1441
K06884	2180
K06885	261
K06886	4634
K06887	734
K06888	1042
K06889	7990
K06890	3794
K06891	8295
K06892	4
K06893	6088
K06894	5665
K06895	6150
K06896	1850
K06897	1063
K06898	191
K06899	3785
K06900	927
K06901	6574
K06902	2142
K06903	3296
K06904	2820
K06905	3400
K06906	2769
K06907	3407
K06908	2753
K06909	2573
K06910	3612
K06911	8022
K06912	914
K06913	483
K06914	358
K06915	6261
K06916	8127
K06917	3964
K06918	3952
K06919	1463
K06920	7966
K06921	2874
K06922	380
K06923	5451
K06924	340
K06925	7462
K06926	2013
K06927	845
K06928	19
K06929	3558
K06930	1362
K06931	64
K06932	75
K06933	549
K06934	1816
K06935	5
K06936	38
K06937	225
K06938	6707
K06939	16
K06940	5723
K06941	8637
K06942	9
K06943	0
K06944	13
K06945	1018
K06946	2367
K06947	34
K06948	14
K06949	7061
K06950	3077
K06951	13
K06952	2377
K06953	3474
K06954	4698
K06956	4075
K06957	2507
K06958	7247
K06959	7545
K06960	17
K06961	0
K06962	12
K06963	0
K06964	0
K06965	12
K06966	4311
K06967	1258
K06968	4318
K06969	6370
K06970	3242
K06971	603
K06972	639
K06973	304
K06974	10
K06975	4913
K06976	1183
K06977	792
K06978	2659
K06979	200
K06980	8261
K06981	15
K06982	0
K06983	409
K06984	433
K06985	4336
K06986	1182
K06987	4647
K06988	2637
K06989	2000
K06990	376
K06991	2911
K06992	2645
K06993	35
K06994	74
K06995	4118
K06996	5128
K06997	8619
K06998	7022
K06999	5082
K07000	5254
K07001	8107
K07002	4854
K07003	5196
K07004	3375
K07005	1721
K07006	4351
K07007	7863
K07008	3108
K07009	13
K07010	4523
K07012	2152
K07013	1922
K07014	2745
K07015	52
K07016	73
K07017	2428
K07018	6070
K07019	5762
K07020	2980
K07022	362
K07023	2154
K07024	479
K07025	3586
K07026	1220
K07027	2679
K07028	4644
K07029	6176
K07030	33
K07031	504
K07032	5800
K07033	23
K07034	2124
K07035	188
K07037	26
K07038	4537
K07039	4913
K07040	8417
K07041	137
K07042	8684
K07043	4794
K07044	1668
K07045	2972
K07046	3199
K07047	5548
K07048	875
K07049	0
K07050	3306
K07051	265
K07052	5391
K07053	6229
K07054	6000
K07055	4
K07056	8660
K07057	69
K07058	8520
K07059	3434
K07060	7
K07061	104
K07062	2960
K07063	2625
K07064	2474
K07065	406
K07066	342
K07067	11
K07068	1601
K07069	42
K07070	3777
K07071	5590
K07072	407
K07073	677
K07074	1515
K07075	1685
K07076	2538
K07077	901
K07078	1244
K07079	2239
K07080	3946
K07081	0
K07082	8602
K07083	0
K07084	2770
K07085	3685
K07086	911
K07087	8
K07089	3037
K07090	8609
K07091	8629
K07092	1054
K07093	5160
K07094	10
K07095	3966
K07096	2714
K07097	1057
K07098	3500
K07099	351
K07100	1797
K07101	2111
K07102	6350
K07103	0
K07104	2060
K07105	35
K07106	3080
K07107	8572
K07108	53
K07109	1837
K07110	2417
K07111	177
K07112	6038
K07113	5651
K07114	6295
K07115	8078
K07116	1800
K07117	2598
K07118	5018
K07119	7
K07120	4155
K07121	5320
K07122	6341
K07123	667
K07124	7185
K07125	1190
K07126	7584
K07127	5317
K07128	152
K07129	48
K07130	2625
K07131	1063
K07132	503
K07133	1150
K07134	6
K07135	0
K07136	3578
K07137	3058
K07138	29
K07139	1723
K07140	5772
K07141	5675
K07142	424
K07143	7
K07144	569
K07145	1923
K07146	6967
K07147	6587
K07148	3546
K07149	2291
K07150	968
K07151	3
K07152	6285
K07153	4538
K07154	5323
K07155	2624
K07156	3714
K07157	5653
K07158	11
K07159	9
K07160	5845
K07161	1919
K07162	119
K07163	5
K07164	303
K07165	5019
K07166	1198
K07167	3659
K07168	5053
K07169	809
K07171	1713
K07172	2036
K07173	2481
K07175	4174
K07176	373
K07177	363
K07178	2602
K07179	1
K07180	5306
K07181	3875
K07182	6165
K07183	5463
K07184	6110
K07186	3473
K07187	0
K07188	10
K07189	21
K07190	80
K07191	0
K07192	1425
K07193	0
K07194	0
K07195	0
K07196	0
K07197	0
K07198	5
K07199	48
K07200	0
K07201	0
K07202	0
K07203	0
K07204	0
K07205	0
K07206	2
K07207	0
K07208	0
K07209	0
K07210	3
K07211	1
K07213	4870
K07214	2004
K07215	3235
K07216	1554
K07217	1975
K07218	3210
K07219	1901
K07220	3839
K07221	2473
K07222	4191
K07223	4938
K07224	2526
K07225	3303
K07226	3824
K07227	1458
K07228	2787
K07229	5431
K07230	1799
K07231	2938
K07232	4839
K07233	3161
K07234	3756
K07235	4181
K07236	4056
K07237	3998
K07238	4178
K07239	414
K07240	5800
K07241	1915
K07242	0
K07243	4684
K07244	0
K07245	4239
K07246	3487
K07248	1834
K07249	335
K07250	2476
K07251	3635
K07252	58
K07253	114
K07254	0
K07255	1475
K07256	973
K07257	359
K07258	8627
K07259	5967
K07260	2379
K07261	3456
K07262	4724
K07263	7573
K07264	5153
K07265	2500
K07266	1975
K07267	3551
K07268	236
K07269	1701
K07270	3094
K07271	389
K07272	1191
K07273	1819
K07274	5316
K07275	6975
K07276	1565
K07277	8677
K07278	8165
K07279	272
K07280	2335
K07281	653
K07282	1463
K07283	4387
K07284	727
K07285	2505
K07286	3720
K07287	6223
K07288	396
K07289	7495
K07290	4807
K07291	19
K07292	0
K07293	1
K07294	0
K07295	0
K07296	5
K07297	0
K07298	1
K07299	1
K07300	3831
K07301	5344
K07302	4068
K07303	4070
K07304	7913
K07305	7763
K07306	449
K07307	835
K07308	1214
K07309	1319
K07310	139
K07311	1056
K07312	659
K07313	5273
K07314	796
K07315	3731
K07316	2194
K07317	3983
K07318	670
K07319	1583
K07320	6675
K07321	586
K07322	2553
K07323	7165
K07324	0
K07325	0
K07326	5000
K07327	20
K07328	0
K07329	1
K07330	0
K07331	4
K07332	6
K07333	10
K07334	2645
K07335	3493
K07336	4481
K07337	3451
K07338	2876
K07339	1593
K07340	6876
K07341	2209
K07342	0
K07343	5475
K07344	2181
K07345	3211
K07346	3709
K07347	4620
K07348	945
K07349	1405
K07350	823
K07351	1739
K07352	1632
K07353	936
K07354	867
K07355	59
K07356	1027
K07357	524
K07358	249
K07359	1
K07360	0
K07361	0
K07362	0
K07363	0
K07364	0
K07365	0
K07366	0
K07367	0
K07368	0
K07369	1403
K07370	0
K07371	0
K07372	0
K07373	0
K07374	1
K07375	0
K07376	1
K07377	0
K07378	4
K07379	0
K07380	0
K07381	0
K07382	0
K07384	0
K07385	0
K07386	1846
K07387	2149
K07388	0
K07389	944
K07390	8583
K07391	8605
K07392	485
K07393	4873
K07394	4189
K07395	3365
K07396	6200
K07397	7443
K07398	0
K07399	1537
K07400	4534
K07401	3294
K07402	6109
K07403	2523
K07404	5503
K07405	34
K07406	1079
K07407	1668
K07408	0
K07409	1
K07410	0
K07411	0
K07412	0
K07413	0
K07414	1
K07415	1
K07416	0
K07417	0
K07418	1
K07419	0
K07420	0
K07422	2
K07423	0
K07424	58
K07425	0
K07426	1
K07427	110
K07428	0
K07429	0
K07430	0
K07431	0
K07432	39
K07433	0
K07434	0
K07435	0
K07436	0
K07437	0
K07438	0
K07439	0
K07440	0
K07441	32
K07442	19
K07443	4034
K07444	526
K07445	546
K07446	72
K07447	8634
K07448	3850
K07449	424
K07450	780
K07451	5463
K07452	1695
K07453	975
K07454	2820
K07455	570
K07456	5581
K07457	157
K07458	1979
K07459	7140
K07460	8411
K07461	6040
K07462	8640
K07463	170
K07464	667
K07465	346
K07466	0
K07467	548
K07468	73
K07469	613
K07470	936
K07471	146
K07472	0
K07473	2375
K07474	1674
K07475	1
K07476	5
K07477	0
K07478	8606
K07479	3739
K07480	1009
K07481	3577
K07482	2888
K07483	7156
K07484	3417
K07485	3462
K07486	5261
K07487	3247
K07488	1682
K07489	454
K07490	1149
K07491	5133
K07492	3815
K07493	2937
K07494	2678
K07495	2203
K07496	1221
K07497	7596
K07498	1134
K07499	2275
K07500	1
K07501	1830
K07502	620
K07503	1117
K07504	1361
K07505	1745
K07506	6913
K07507	5900
K07508	618
K07509	1237
K07511	3831
K07512	1420
K07513	2169
K07514	3201
K07515	6
K07516	2342
K07517	312
K07518	802
K07520	0
K07521	0
K07522	0
K07523	2
K07524	0
K07525	0
K07526	0
K07527	0
K07528	1
K07529	11
K07530	0
K07531	0
K07532	0
K07533	288
K07534	1177
K07535	5206
K07536	422
K07537	22
K07538	18
K07539	18
K07540	3
K07541	0
K07542	309
K07543	86
K07544	314
K07545	210
K07546	993
K07547	3
K07548	41
K07549	49
K07550	1353
K07552	8438
K07553	4
K07554	4
K07555	0
K07556	2216
K07557	5
K07558	77
K07559	1226
K07560	6488
K07561	0
K07562	0
K07565	0
K07566	8676
K07568	8549
K07569	0
K07570	101
K07571	63
K07572	0
K07573	0
K07574	6351
K07575	0
K07576	2885
K07577	3653
K07578	15
K07579	143
K07580	84
K07581	0
K07583	0
K07584	5
K07585	0
K07586	8
K07587	0
K07588	1624
K07589	2060
K07590	4
K07591	0
K07592	599
K07593	0
K07594	0
K07595	0
K07596	0
K07597	0
K07598	0
K07599	0
K07600	0
K07601	0
K07602	0
K07603	1
K07604	4
K07605	4
K07606	10
K07607	0
K07608	0
K07609	0
K07610	2
K07611	9
K07612	0
K07613	0
K07614	0
K07615	0
K07616	0
K07617	0
K07618	0
K07619	0
K07620	0
K07621	0
K07622	0
K07623	0
K07624	0
K07625	0
K07626	0
K07627	0
K07628	0
K07630	0
K07631	0
K07632	0
K07633	6
K07634	1
K07635	0
K07636	8091
K07637	5826
K07638	7664
K07639	4268
K07640	4567
K07641	3311
K07642	2771
K07643	1094
K07644	5942
K07645	6308
K07646	6063
K07647	1404
K07648	4763
K07649	4945
K07650	38
K07651	368
K07652	2297
K07653	171
K07654	269
K07655	129
K07656	10
K07657	8057
K07658	4091
K07659	7737
K07660	5759
K07661	3989
K07662	4371
K07663	2910
K07664	2751
K07665	6350
K07666	6241
K07667	6385
K07668	804
K07669	2204
K07670	271
K07671	299
K07672	556
K07673	3626
K07674	1466
K07675	3840
K07676	1265
K07677	2667
K07678	4858
K07679	5289
K07680	32
K07681	3
K07682	456
K07683	33
K07684	7599
K07685	1970
K07686	1822
K07687	3122
K07688	1363
K07689	6590
K07690	1743
K07691	39
K07692	666
K07693	800
K07694	222
K07695	600
K07696	1274
K07697	19
K07698	549
K07699	3
K07700	1289
K07701	940
K07702	1116
K07703	930
K07704	1940
K07705	1281
K07706	43
K07707	4
K07708	7629
K07709	3401
K07710	1996
K07711	2270
K07712	7649
K07713	5475
K07714	2946
K07715	2286
K07716	1825
K07717	5
K07718	3647
K07719	0
K07720	2163
K07721	82
K07722	2332
K07723	431
K07724	1903
K07725	2041
K07726	5038
K07727	2966
K07728	74
K07729	3088
K07730	26
K07731	8
K07732	33
K07733	6480
K07734	4643
K07735	8526
K07736	2261
K07738	8533
K07739	0
K07740	3231
K07741	1789
K07742	2220
K07743	257
K07744	18
K07745	7
K07746	3170
K07747	0
K07748	11
K07749	3146
K07750	2
K07751	2275
K07752	190
K07753	43
K07754	12
K07755	3760
K07756	0
K07757	814
K07758	50
K07759	2
K07760	9
K07761	0
K07762	228
K07763	308
K07764	0
K07765	2
K07766	1562
K07767	22
K07768	445
K07769	1
K07770	17
K07771	1217
K07772	1704
K07773	2275
K07774	5372
K07775	87
K07776	1306
K07777	98
K07778	833
K07779	563
K07780	6
K07781	1206
K07782	2623
K07783	1629
K07784	927
K07785	1012
K07786	110
K07787	3769
K07788	4909
K07789	5346
K07790	1703
K07791	1854
K07792	1921
K07793	4732
K07794	4625
K07795	4874
K07796	760
K07797	1443
K07798	3900
K07799	5294
K07800	1
K07801	1
K07802	0
K07803	655
K07804	511
K07805	20
K07806	1544
K07807	1125
K07808	20
K07809	317
K07810	3512
K07811	747
K07812	1477
K07813	1
K07814	4161
K07816	1432
K07817	1
K07818	24
K07819	0
K07820	0
K07821	447
K07822	0
K07823	4739
K07824	0
K07825	0
K07826	0
K07827	0
K07828	0
K07829	0
K07830	0
K07831	0
K07832	0
K07833	0
K07834	0
K07835	0
K07836	0
K07837	0
K07838	0
K07839	0
K07840	0
K07841	2
K07842	0
K07843	0
K07844	2
K07845	0
K07846	0
K07847	1
K07848	0
K07849	0
K07850	0
K07851	0
K07852	0
K07853	0
K07854	0
K07855	0
K07856	0
K07857	0
K07858	0
K07859	0
K07860	5
K07861	0
K07862	3867
K07863	0
K07864	0
K07865	0
K07866	2
K07868	0
K07869	0
K07870	6
K07871	0
K07872	0
K07873	0
K07874	49
K07875	0
K07876	2
K07877	8
K07878	0
K07879	0
K07880	1
K07881	0
K07882	0
K07883	4
K07884	0
K07885	0
K07886	0
K07887	0
K07888	7
K07889	40
K07890	0
K07891	1
K07893	22
K07894	0
K07895	0
K07896	0
K07897	5
K07898	3
K07899	0
K07900	0
K07901	3
K07902	3
K07903	0
K07904	8
K07905	0
K07906	0
K07907	0
K07908	0
K07909	0
K07910	1
K07911	0
K07912	15
K07913	0
K07914	0
K07915	0
K07916	0
K07917	6
K07918	14
K07919	0
K07920	0
K07921	0
K07922	0
K07923	0
K07924	0
K07925	5
K07928	0
K07929	0
K07930	0
K07931	0
K07933	0
K07934	0
K07935	0
K07936	0
K07937	0
K07938	0
K07939	0
K07940	0
K07941	1
K07942	4
K07943	0
K07944	3
K07945	0
K07949	0
K07950	0
K07951	0
K07952	0
K07953	0
K07955	0
K07957	0
K07958	0
K07959	0
K07960	0
K07961	0
K07962	0
K07963	0
K07964	234
K07965	0
K07966	6
K07967	24
K07968	3
K07969	0
K07970	0
K07971	0
K07972	2
K07973	0
K07975	3
K07976	123
K07978	132
K07979	1199
K07980	0
K07981	0
K07982	0
K07983	1
K07984	0
K07985	0
K07986	0
K07987	0
K07988	0
K07989	0
K07990	0
K07991	1
K07992	0
K07993	2
K07994	164
K07995	17
K07996	21
K07997	3
K07998	80
K07999	181
K08000	22
K08001	2
K08002	27
K08003	15
K08004	3
K08005	0
K08006	1
K08007	0
K08008	0
K08009	0
K08010	4
K08011	5
K08012	0
K08013	0
K08014	0
K08015	0
K08016	0
K08017	0
K08018	0
K08019	0
K08020	0
K08021	0
K08022	14
K08023	0
K08024	0
K08025	0
K08026	0
K08027	0
K08028	0
K08029	0
K08030	0
K08031	0
K08032	0
K08033	0
K08034	0
K08035	0
K08036	0
K08037	0
K08038	0
K08039	0
K08040	0
K08041	22
K08042	0
K08043	2
K08044	1
K08045	10
K08046	0
K08047	0
K08048	14
K08049	32
K08050	0
K08051	0
K08052	5
K08053	0
K08054	0
K08055	10
K08056	1
K08057	0
K08058	0
K08059	0
K08060	3
K08061	4
K08062	2
K08063	0
K08064	0
K08065	0
K08066	0
K08067	0
K08068	118
K08069	0
K08070	0
K08071	5
K08073	230
K08074	0
K08075	0
K08076	327
K08077	1
K08079	0
K08080	4
K08081	397
K08082	2201
K08083	3370
K08084	4491
K08085	881
K08086	4379
K08087	387
K08088	338
K08089	0
K08090	0
K08091	0
K08092	646
K08093	148
K08094	478
K08095	60
K08096	0
K08097	80
K08098	0
K08099	108
K08100	28
K08101	0
K08102	0
K08103	2
K08104	192
K08105	344
K08106	123
K08107	0
K08108	0
K08109	0
K08110	0
K08111	0
K08112	0
K08114	0
K08115	143
K08116	0
K08117	0
K08118	0
K08119	0
K08120	0
K08121	5
K08122	0
K08123	0
K08124	0
K08125	0
K08126	0
K08127	0
K08128	0
K08129	1
K08130	2
K08131	82
K08132	0
K08133	0
K08134	1
K08135	1
K08136	4
K08137	1723
K08138	1460
K08139	20
K08141	0
K08142	6
K08143	0
K08144	0
K08145	3
K08146	0
K08147	0
K08148	0
K08149	0
K08150	100
K08151	3597
K08152	1301
K08153	7868
K08154	2470
K08155	3
K08156	615
K08157	0
K08158	0
K08159	3749
K08160	1994
K08161	2886
K08162	2607
K08163	772
K08164	891
K08165	0
K08166	5182
K08167	2279
K08168	105
K08169	3633
K08170	230
K08171	0
K08172	5436
K08173	1106
K08174	5124
K08175	19
K08176	11
K08177	6982
K08178	1233
K08179	0
K08180	7
K08181	2
K08182	2
K08183	5
K08184	8
K08185	58
K08186	54
K08187	61
K08188	66
K08189	31
K08190	32
K08191	4130
K08192	4
K08193	4
K08194	5033
K08195	3070
K08196	462
K08197	0
K08198	0
K08199	1
K08200	0
K08202	0
K08203	0
K08204	0
K08205	0
K08206	0
K08207	0
K08208	0
K08209	0
K08210	0
K08211	0
K08212	0
K08213	0
K08214	1
K08215	0
K08216	0
K08217	5631
K08218	7245
K08219	5676
K08220	4
K08221	2267
K08222	14
K08223	5132
K08224	6447
K08225	5323
K08226	443
K08227	2625
K08228	0
K08229	0
K08230	0
K08231	0
K08232	0
K08233	16
K08234	7849
K08235	1
K08236	0
K08237	0
K08238	3
K08239	649
K08240	1
K08241	0
K08242	0
K08243	0
K08244	0
K08245	0
K08246	9
K08247	11
K08248	0
K08249	0
K08251	163
K08252	3
K08253	7
K08254	67
K08255	24
K08256	216
K08257	48
K08258	2
K08259	3
K08260	249
K08261	686
K08262	0
K08264	134
K08265	34
K08266	9
K08267	0
K08268	0
K08269	0
K08270	0
K08271	0
K08272	0
K08273	0
K08274	0
K08275	0
K08276	2112
K08277	333
K08278	0
K08279	296
K08280	175
K08281	6709
K08282	2726
K08283	0
K08284	0
K08285	1
K08286	57
K08287	4
K08288	0
K08289	5321
K08290	0
K08291	0
K08292	3
K08293	0
K08294	0
K08295	1645
K08296	7899
K08297	372
K08298	331
K08299	1860
K08300	8685
K08301	7342
K08302	1217
K08303	4538
K08304	6862
K08305	8513
K08306	2545
K08307	6758
K08308	1357
K08309	8594
K08310	3346
K08311	8623
K08312	4121
K08313	1256
K08314	688
K08315	1190
K08316	8667
K08317	743
K08318	601
K08319	2348
K08320	8241
K08321	731
K08322	1406
K08323	2005
K08324	3095
K08325	2459
K08326	195
K08327	0
K08328	5
K08329	0
K08330	46
K08331	0
K08332	0
K08333	0
K08334	0
K08335	0
K08336	0
K08337	18
K08338	0
K08339	0
K08340	2
K08341	0
K08342	0
K08343	0
K08344	4552
K08348	3558
K08349	3535
K08350	1841
K08351	1387
K08352	3883
K08353	215
K08354	411
K08355	212
K08356	216
K08357	981
K08358	1273
K08359	953
K08360	0
K08362	0
K08363	1675
K08364	2086
K08365	4500
K08366	2
K08367	0
K08368	2143
K08369	4317
K08370	0
K08371	14
K08372	865
K08373	0
K08374	0
K08375	0
K08376	0
K08377	0
K08378	0
K08379	0
K08380	0
K08381	0
K08382	0
K08383	0
K08384	55
K08385	0
K08386	0
K08387	0
K08388	0
K08389	0
K08390	0
K08391	0
K08392	0
K08393	0
K08394	0
K08395	0
K08396	0
K08397	0
K08398	0
K08399	15
K08400	0
K08401	0
K08402	0
K08403	0
K08404	0
K08405	0
K08406	0
K08407	0
K08408	0
K08409	0
K08410	0
K08411	0
K08412	0
K08413	0
K08414	0
K08415	0
K08416	0
K08417	0
K08418	0
K08419	0
K08420	0
K08421	0
K08422	0
K08423	0
K08424	0
K08425	0
K08426	0
K08427	0
K08428	0
K08429	0
K08430	0
K08431	0
K08432	0
K08433	0
K08434	0
K08435	0
K08436	0
K08437	0
K08438	0
K08439	0
K08440	0
K08441	0
K08442	0
K08443	0
K08444	0
K08445	0
K08446	0
K08447	0
K08448	0
K08449	0
K08450	0
K08451	0
K08452	0
K08453	0
K08454	0
K08455	0
K08456	0
K08457	0
K08458	0
K08459	0
K08460	0
K08461	0
K08462	1
K08463	0
K08464	0
K08465	0
K08466	18
K08467	0
K08468	0
K08469	0
K08470	0
K08471	0
K08472	0
K08473	2
K08474	0
K08475	763
K08476	660
K08477	159
K08478	816
K08479	8
K08480	0
K08481	265
K08482	2563
K08483	4833
K08484	5934
K08485	4765
K08486	0
K08487	1
K08488	0
K08489	0
K08490	0
K08491	6
K08492	0
K08493	1
K08494	1
K08495	0
K08496	2
K08497	1
K08498	1
K08499	4
K08500	0
K08501	0
K08502	0
K08503	1
K08504	0
K08505	0
K08506	0
K08507	0
K08508	0
K08509	0
K08510	1
K08511	0
K08512	2
K08513	6
K08514	2
K08515	5
K08516	9
K08517	0
K08518	0
K08519	0
K08520	1
K08521	0
K08522	0
K08523	0
K08524	0
K08525	0
K08526	0
K08527	0
K08528	0
K08529	0
K08530	0
K08531	0
K08532	0
K08533	0
K08534	0
K08535	0
K08536	0
K08537	0
K08538	0
K08539	0
K08540	0
K08541	0
K08542	0
K08543	0
K08544	0
K08545	0
K08546	0
K08547	0
K08548	0
K08549	0
K08550	0
K08551	0
K08552	0
K08553	0
K08554	0
K08555	0
K08556	0
K08557	0
K08558	0
K08559	0
K08560	0
K08561	0
K08562	0
K08563	0
K08564	1
K08565	0
K08566	357
K08568	0
K08569	0
K08570	6
K08571	0
K08572	0
K08573	13
K08574	0
K08575	0
K08576	23
K08577	5
K08578	38
K08579	0
K08580	0
K08581	0
K08582	34
K08583	0
K08584	0
K08585	37
K08586	15
K08587	65
K08588	0
K08589	26
K08590	0
K08591	7742
K08592	4
K08593	0
K08594	0
K08595	0
K08596	0
K08597	27
K08598	269
K08599	127
K08600	1
K08601	0
K08602	2425
K08603	0
K08604	805
K08605	0
K08606	15
K08607	0
K08608	0
K08609	0
K08610	0
K08611	0
K08612	0
K08613	0
K08614	28
K08615	0
K08616	0
K08617	0
K08618	0
K08619	0
K08620	0
K08621	8
K08622	0
K08623	0
K08624	1
K08625	0
K08626	0
K08627	1
K08628	0
K08629	0
K08630	0
K08631	1
K08632	0
K08633	0
K08634	0
K08635	1
K08636	0
K08637	250
K08638	0
K08639	0
K08640	5032
K08641	3135
K08642	201
K08643	28
K08644	5
K08645	0
K08646	723
K08647	5
K08648	0
K08649	7
K08650	4
K08651	1271
K08652	1
K08653	0
K08654	8
K08655	0
K08656	0
K08657	0
K08658	2
K08659	465
K08660	14
K08661	0
K08662	1
K08663	0
K08664	285
K08665	1
K08666	0
K08667	4
K08668	0
K08669	156
K08670	5
K08671	0
K08672	9
K08673	14
K08674	1
K08675	1465
K08676	982
K08677	859
K08678	2037
K08679	5126
K08680	2175
K08681	134
K08682	3345
K08683	4903
K08685	592
K08686	18
K08687	102
K08688	838
K08689	27
K08690	112
K08691	1163
K08692	508
K08693	1623
K08694	0
K08695	20
K08696	0
K08697	255
K08698	5
K08699	0
K08700	16
K08701	0
K08702	0
K08703	0
K08704	0
K08705	0
K08706	0
K08707	0
K08709	0
K08710	2
K08711	1
K08712	0
K08713	2258
K08714	1130
K08715	724
K08716	0
K08717	1800
K08718	0
K08719	0
K08720	1677
K08721	430
K08722	2104
K08723	2415
K08724	8
K08725	0
K08726	2418
K08727	2
K08728	291
K08729	0
K08730	0
K08731	0
K08732	0
K08733	0
K08734	22
K08735	0
K08736	0
K08737	2
K08738	3875
K08739	72
K08740	11
K08741	1
K08742	0
K08743	44
K08744	8681
K08745	328
K08746	11
K08747	0
K08748	4
K08749	98
K08750	1
K08751	0
K08752	0
K08753	2
K08754	0
K08755	2
K08756	0
K08757	110
K08758	3
K08759	1
K08760	79
K08761	0
K08762	1229
K08763	1
K08764	1412
K08765	0
K08766	1
K08767	1
K08768	3
K08769	0
K08770	4
K08771	5
K08772	0
K08773	0
K08774	0
K08775	1
K08776	1079
K08777	9
K08778	3
K08779	29
K08780	15
K08781	125
K08782	2
K08783	19
K08784	1
K08785	0
K08786	0
K08787	0
K08788	0
K08789	0
K08790	0
K08791	0
K08793	0
K08794	29
K08795	0
K08796	0
K08797	0
K08798	0
K08799	1
K08800	0
K08801	3
K08802	0
K08803	0
K08804	0
K08805	0
K08806	12
K08807	0
K08808	0
K08809	0
K08810	0
K08811	1
K08812	0
K08813	1
K08814	0
K08815	0
K08816	0
K08817	1
K08818	4
K08819	0
K08820	0
K08821	0
K08822	0
K08823	0
K08824	0
K08825	0
K08826	0
K08827	0
K08828	0
K08829	0
K08830	0
K08831	0
K08832	0
K08833	0
K08834	0
K08835	0
K08836	0
K08837	0
K08838	0
K08840	0
K08841	5
K08842	0
K08843	14
K08844	492
K08845	0
K08846	0
K08847	0
K08848	7
K08849	0
K08850	4
K08851	25
K08852	4
K08853	0
K08854	0
K08855	0
K08856	6
K08857	0
K08858	0
K08859	0
K08860	0
K08861	0
K08862	0
K08863	0
K08864	0
K08865	0
K08866	0
K08867	3
K08868	0
K08869	1344
K08870	0
K08871	0
K08872	0
K08873	1
K08874	0
K08875	0
K08876	4
K08877	0
K08878	0
K08879	0
K08880	0
K08881	0
K08882	0
K08883	0
K08884	2854
K08885	7
K08886	0
K08887	0
K08888	0
K08889	0
K08890	0
K08891	0
K08892	0
K08893	0
K08894	0
K08895	0
K08896	0
K08897	0
K08898	0
K08899	0
K08900	65
K08901	1
K08902	0
K08903	0
K08904	0
K08905	1
K08906	792
K08907	2
K08908	1
K08909	1
K08910	1
K08911	0
K08912	2
K08913	0
K08914	2
K08915	1
K08916	2
K08917	2
K08918	0
K08919	0
K08920	0
K08921	0
K08922	0
K08923	0
K08924	0
K08925	0
K08926	430
K08927	438
K08928	438
K08929	425
K08930	161
K08939	122
K08940	0
K08941	0
K08942	3997
K08943	0
K08944	0
K08945	0
K08946	0
K08947	0
K08948	0
K08949	0
K08950	0
K08951	0
K08952	402
K08953	2
K08954	7
K08955	89
K08956	17
K08957	0
K08958	0
K08959	0
K08960	0
K08961	128
K08963	3962
K08964	2198
K08965	8
K08966	763
K08967	2879
K08968	5850
K08969	83
K08970	3763
K08971	1
K08972	1321
K08973	6457
K08974	977
K08975	4
K08976	21
K08977	134
K08978	3299
K08979	1
K08980	0
K08981	1508
K08982	340
K08983	1831
K08984	2263
K08985	2370
K08986	8
K08987	2004
K08988	3947
K08989	3016
K08990	3954
K08991	0
K08992	7404
K08993	2804
K08994	4529
K08995	4219
K08996	1031
K08997	7455
K08998	5553
K08999	62
K09000	111
K09001	8292
K09002	130
K09003	731
K09004	1680
K09005	4272
K09006	50
K09007	3566
K09008	4054
K09009	187
K09010	2
K09011	102
K09012	2079
K09013	4676
K09014	4673
K09015	4664
K09016	2270
K09017	7047
K09018	1797
K09019	2530
K09020	5073
K09021	1547
K09022	8621
K09023	1572
K09024	3316
K09025	0
K09026	0
K09027	32
K09028	1
K09029	0
K09030	1
K09031	0
K09032	1
K09033	0
K09034	3
K09035	0
K09036	0
K09037	1
K09038	2
K09039	0
K09040	0
K09041	0
K09042	0
K09043	3
K09044	0
K09045	0
K09047	0
K09048	2
K09049	0
K09051	0
K09052	0
K09053	0
K09054	0
K09055	0
K09056	0
K09057	0
K09058	0
K09059	0
K09060	15
K09061	0
K09062	0
K09063	0
K09064	0
K09065	769
K09066	0
K09067	0
K09068	0
K09069	0
K09070	0
K09071	0
K09072	0
K09073	0
K09074	0
K09075	0
K09076	0
K09077	0
K09078	0
K09079	0
K09080	0
K09081	0
K09082	0
K09083	0
K09084	0
K09085	0
K09086	0
K09087	7
K09088	0
K09089	0
K09090	0
K09091	0
K09092	0
K09093	0
K09094	0
K09095	0
K09096	0
K09097	0
K09098	0
K09099	0
K09100	0
K09101	0
K09102	0
K09103	3
K09104	1
K09105	0
K09106	0
K09107	0
K09108	4
K09109	0
K09110	0
K09111	0
K09112	0
K09113	0
K09114	0
K09115	0
K09116	25
K09117	5652
K09118	230
K09119	1
K09120	37
K09121	196
K09122	855
K09123	1105
K09124	361
K09125	6280
K09126	0
K09127	104
K09128	200
K09129	430
K09130	0
K09131	4299
K09132	240
K09133	58
K09134	0
K09135	0
K09136	3824
K09137	1342
K09138	342
K09139	0
K09140	0
K09141	296
K09142	0
K09143	246
K09144	2398
K09145	9
K09146	1
K09147	414
K09148	0
K09149	37
K09150	17
K09152	0
K09153	69
K09154	407
K09155	684
K09156	0
K09157	436
K09158	6355
K09159	8418
K09160	6434
K09161	1893
K09162	334
K09163	12
K09164	482
K09165	3392
K09166	207
K09167	693
K09168	0
K09169	0
K09170	0
K09171	0
K09172	0
K09173	0
K09174	0
K09175	0
K09176	0
K09177	0
K09178	0
K09179	0
K09180	0
K09181	5454
K09182	0
K09183	0
K09184	0
K09185	0
K09186	1
K09187	0
K09188	2
K09189	0
K09190	785
K09191	14
K09192	0
K09193	0
K09194	0
K09195	0
K09196	0
K09197	0
K09198	0
K09199	0
K09200	0
K09201	0
K09202	0
K09203	0
K09204	0
K09205	0
K09206	0
K09207	0
K09208	0
K09209	0
K09210	0
K09211	0
K09213	0
K09214	8
K09215	0
K09216	1
K09217	0
K09219	0
K09220	1
K09221	0
K09222	0
K09223	1
K09224	0
K09225	1
K09226	0
K09227	0
K09228	2
K09229	1
K09230	8
K09231	2
K09232	0
K09233	0
K09234	0
K09235	0
K09236	0
K09237	0
K09238	0
K09239	0
K09240	0
K09241	0
K09242	0
K09243	0
K09244	0
K09245	1
K09246	0
K09247	0
K09248	0
K09249	0
K09250	22
K09251	1678
K09252	1276
K09253	0
K09254	0
K09256	18
K09257	107
K09258	24
K09260	0
K09261	0
K09262	0
K09264	0
K09265	0
K09266	0
K09267	0
K09268	0
K09269	0
K09270	0
K09271	0
K09272	0
K09273	0
K09274	0
K09275	0
K09276	30
K09277	11
K09278	0
K09279	0
K09280	0
K09281	0
K09282	1
K09283	5
K09284	100
K09285	9
K09286	36
K09287	21
K09288	5
K09289	0
K09290	2
K09291	215
K09292	0
K09293	0
K09294	0
K09295	0
K09296	0
K09297	0
K09298	0
K09299	0
K09300	0
K09301	0
K09302	0
K09304	0
K09305	0
K09306	0
K09307	0
K09308	0
K09309	0
K09310	0
K09312	0
K09313	6
K09314	0
K09315	0
K09317	0
K09318	0
K09319	0
K09320	0
K09321	0
K09322	0
K09323	0
K09324	0
K09325	0
K09326	0
K09327	0
K09328	0
K09329	0
K09330	0
K09331	0
K09332	0
K09333	0
K09334	0
K09335	0
K09336	0
K09337	0
K09338	0
K09339	0
K09340	0
K09341	0
K09342	0
K09343	0
K09344	0
K09345	0
K09346	0
K09347	0
K09348	0
K09349	0
K09350	0
K09351	0
K09352	0
K09353	0
K09354	0
K09355	0
K09356	0
K09357	0
K09358	0
K09359	0
K09360	0
K09361	0
K09362	0
K09363	0
K09364	0
K09365	0
K09366	0
K09367	0
K09368	0
K09370	0
K09371	0
K09372	0
K09373	0
K09374	0
K09375	0
K09377	0
K09378	0
K09379	0
K09380	0
K09381	0
K09382	0
K09383	0
K09384	778
K09385	0
K09386	2432
K09387	0
K09388	263
K09389	0
K09390	0
K09391	0
K09392	0
K09393	0
K09395	0
K09396	0
K09397	0
K09398	0
K09399	0
K09400	0
K09401	0
K09402	0
K09403	0
K09404	0
K09405	0
K09406	0
K09407	0
K09408	0
K09409	0
K09410	0
K09411	0
K09412	0
K09413	0
K09414	0
K09415	0
K09416	0
K09417	0
K09419	8
K09420	11
K09421	0
K09422	2
K09423	0
K09424	0
K09425	0
K09426	0
K09427	0
K09428	0
K09429	1
K09430	0
K09431	0
K09432	0
K09433	0
K09434	0
K09435	0
K09436	0
K09437	0
K09438	0
K09439	0
K09440	0
K09441	0
K09442	0
K09443	0
K09444	0
K09445	0
K09446	0
K09447	0
K09448	0
K09451	0
K09452	0
K09453	4
K09454	30
K09455	0
K09456	5065
K09457	2420
K09458	8691
K09459	601
K09460	0
K09461	5176
K09462	0
K09463	1
K09464	0
K09465	1
K09466	1
K09467	3
K09468	0
K09469	0
K09470	4823
K09471	6315
K09472	1979
K09473	905
K09474	2537
K09475	1161
K09476	2164
K09477	507
K09478	16
K09479	1
K09480	8
K09481	0
K09482	21
K09483	365
K09484	0
K09485	0
K09486	0
K09487	54
K09488	2
K09489	0
K09490	20
K09491	1
K09492	0
K09493	0
K09494	0
K09495	0
K09496	0
K09497	0
K09498	0
K09499	0
K09500	1
K09501	0
K09502	41
K09503	105
K09504	53
K09505	0
K09506	21
K09507	0
K09508	0
K09509	0
K09510	46
K09511	90
K09512	574
K09513	0
K09514	16
K09515	36
K09516	354
K09517	17
K09518	38
K09519	0
K09520	2
K09521	13
K09522	1
K09523	240
K09524	34
K09525	26
K09526	0
K09527	219
K09528	14
K09529	66
K09530	3
K09531	238
K09532	0
K09533	717
K09534	5
K09535	0
K09536	11
K09537	35
K09538	0
K09539	1277
K09540	39
K09541	1
K09542	1
K09543	0
K09544	0
K09545	0
K09546	0
K09547	0
K09548	1
K09549	0
K09550	0
K09551	0
K09552	3
K09553	67
K09554	0
K09555	0
K09556	0
K09557	0
K09558	0
K09559	0
K09560	22
K09561	43
K09562	0
K09563	1
K09564	1
K09565	50
K09566	0
K09567	0
K09568	135
K09569	792
K09570	0
K09571	142
K09572	45
K09573	2
K09574	48
K09575	16
K09576	0
K09577	128
K09578	29
K09579	0
K09580	10
K09581	0
K09582	1
K09583	0
K09584	27
K09585	0
K09586	0
K09587	0
K09588	0
K09589	0
K09590	0
K09591	145
K09592	0
K09593	0
K09594	0
K09595	0
K09596	0
K09597	5
K09598	0
K09599	3
K09600	0
K09601	1
K09602	0
K09603	0
K09604	0
K09605	0
K09606	0
K09607	580
K09608	33
K09609	0
K09610	0
K09611	0
K09612	1234
K09613	0
K09614	0
K09615	0
K09616	0
K09617	1
K09618	0
K09619	0
K09620	3
K09621	1
K09622	1
K09623	0
K09624	0
K09625	1
K09626	0
K09627	4
K09628	82
K09629	5
K09630	3
K09631	0
K09632	13
K09633	7
K09634	49
K09635	0
K09636	0
K09637	1
K09638	0
K09639	0
K09640	290
K09641	7
K09642	0
K09643	3
K09644	0
K09645	810
K09646	22
K09647	18
K09648	15
K09649	72
K09650	0
K09651	1
K09652	0
K09653	0
K09654	8
K09655	0
K09656	6
K09657	33
K09658	0
K09659	0
K09660	47
K09661	0
K09662	3
K09663	25
K09664	0
K09665	0
K09666	78
K09667	7931
K09668	3
K09669	0
K09670	0
K09671	5
K09672	1
K09673	142
K09674	4
K09675	26
K09676	27
K09677	2
K09678	0
K09679	6
K09680	1
K09681	5928
K09682	2
K09683	24
K09684	780
K09685	13
K09688	2184
K09689	2174
K09690	3840
K09691	3877
K09692	66
K09693	32
K09694	7963
K09695	1217
K09696	1009
K09697	871
K09698	137
K09699	3827
K09700	428
K09701	4529
K09702	1379
K09703	858
K09704	371
K09705	2724
K09706	548
K09707	708
K09708	1
K09709	1564
K09710	8625
K09711	64
K09712	2826
K09713	0
K09714	8
K09715	44
K09716	23
K09717	29
K09718	0
K09719	83
K09720	15
K09721	0
K09722	0
K09723	9
K09724	0
K09725	0
K09726	44
K09727	0
K09728	0
K09729	6
K09730	0
K09731	0
K09732	52
K09733	427
K09735	0
K09736	0
K09737	4
K09738	0
K09739	0
K09740	748
K09741	2
K09742	0
K09743	0
K09744	1
K09745	0
K09746	0
K09747	8638
K09748	8649
K09749	1101
K09750	1
K09751	0
K09752	0
K09753	763
K09754	0
K09755	0
K09756	24
K09757	0
K09758	1018
K09759	18
K09760	7962
K09761	8664
K09762	18
K09763	252
K09764	138
K09765	2110
K09766	25
K09767	5949
K09768	7092
K09769	1952
K09770	13
K09771	5064
K09772	16
K09773	7554
K09774	8598
K09775	177
K09776	4
K09777	3
K09778	990
K09779	483
K09780	7748
K09781	5582
K09782	0
K09783	0
K09784	2
K09785	1
K09786	5306
K09787	28
K09788	3966
K09789	223
K09790	5981
K09791	7807
K09792	3328
K09793	712
K09794	6029
K09795	1728
K09796	6329
K09797	1058
K09798	4654
K09799	1464
K09800	8183
K09801	6112
K09802	1978
K09803	2813
K09804	0
K09805	346
K09806	7312
K09807	7751
K09808	8682
K09809	543
K09810	8674
K09811	7439
K09812	7280
K09813	1669
K09814	15
K09815	4937
K09816	4875
K09817	4884
K09818	1528
K09819	56
K09820	78
K09821	0
K09822	850
K09823	7455
K09824	2476
K09825	49
K09826	1701
K09827	0
K09828	48
K09829	0
K09831	0
K09832	0
K09833	1
K09834	7
K09835	36
K09836	148
K09837	0
K09838	3
K09839	0
K09840	1
K09841	0
K09842	2
K09843	0
K09844	544
K09845	429
K09846	453
K09847	169
K09848	0
K09849	4
K09850	0
K09851	0
K09852	0
K09854	0
K09855	63
K09856	1
K09857	5224
K09858	6225
K09859	1452
K09860	961
K09861	6370
K09862	7110
K09863	0
K09864	1
K09865	0
K09866	20
K09867	0
K09868	0
K09869	4
K09870	0
K09871	0
K09872	1
K09873	0
K09874	34
K09875	0
K09876	1
K09877	135
K09878	6
K09879	67
K09880	2301
K09881	0
K09882	4213
K09883	3200
K09884	10
K09885	0
K09886	0
K09887	0
K09888	8529
K09889	6255
K09890	3231
K09891	2510
K09892	4892
K09893	2662
K09894	2270
K09895	4783
K09896	1956
K09897	2203
K09898	3647
K09899	2280
K09900	1593
K09901	2055
K09902	4538
K09903	8672
K09904	2227
K09905	0
K09906	3075
K09907	2176
K09908	3731
K09909	2330
K09910	2276
K09911	1872
K09912	3970
K09913	4375
K09914	3766
K09915	4332
K09916	3834
K09917	1805
K09918	2968
K09919	5897
K09920	3788
K09921	6126
K09922	2302
K09923	3452
K09924	4536
K09925	486
K09926	4020
K09927	4314
K09928	4228
K09929	3758
K09930	4346
K09931	769
K09932	2902
K09933	4556
K09934	620
K09935	1148
K09936	4215
K09937	4192
K09938	2979
K09939	4739
K09940	1723
K09941	2645
K09942	300
K09943	1429
K09944	0
K09945	2936
K09946	3312
K09947	2823
K09948	3637
K09949	1908
K09950	2779
K09951	1316
K09952	1392
K09953	1446
K09954	4361
K09955	833
K09956	1994
K09957	1364
K09958	3941
K09959	1553
K09960	957
K09961	1181
K09962	2593
K09963	8
K09964	1925
K09965	1767
K09966	1251
K09967	3430
K09968	476
K09969	4541
K09970	4328
K09971	4316
K09972	4325
K09973	4805
K09974	892
K09975	4895
K09976	4
K09977	2924
K09978	2467
K09979	1737
K09980	1471
K09981	1572
K09982	1304
K09983	3261
K09984	2342
K09985	2268
K09986	4207
K09987	2257
K09988	1284
K09989	4707
K09990	2191
K09991	1773
K09992	2435
K09993	0
K09994	3445
K09995	0
K09996	1102
K09997	1981
K09998	1853
K09999	1842
K10000	1852
K10001	4339
K10002	4070
K10003	4069
K10004	4209
K10005	784
K10006	87
K10007	84
K10008	513
K10009	4096
K10010	164
K10011	2598
K10012	3143
K10013	1530
K10014	2204
K10015	2420
K10016	2433
K10017	2858
K10018	1020
K10019	1092
K10020	1627
K10021	1728
K10022	3745
K10023	2447
K10024	2364
K10025	0
K10026	7634
K10027	1780
K10028	0
K10029	0
K10030	0
K10031	0
K10032	0
K10033	0
K10034	0
K10035	0
K10036	3497
K10037	1886
K10038	4
K10039	1997
K10040	157
K10041	0
K10042	1
K10043	0
K10044	0
K10045	0
K10046	115
K10047	1
K10048	0
K10049	1
K10050	0
K10051	0
K10052	0
K10053	0
K10054	0
K10055	1
K10056	0
K10057	0
K10058	0
K10059	4
K10060	427
K10061	0
K10062	5
K10063	1
K10064	1
K10065	3
K10066	3
K10067	0
K10068	52
K10069	1
K10070	0
K10071	0
K10072	0
K10073	0
K10074	3
K10075	0
K10076	0
K10077	4
K10078	0
K10079	0
K10080	16
K10081	0
K10082	0
K10083	0
K10084	4
K10085	35
K10086	1
K10087	0
K10088	0
K10089	0
K10090	0
K10091	2
K10092	1
K10093	4
K10094	3407
K10095	0
K10096	0
K10097	0
K10098	0
K10099	2
K10100	3
K10101	0
K10102	1
K10103	0
K10104	2
K10105	43
K10106	94
K10107	2215
K10108	1771
K10109	1770
K10110	1774
K10111	4519
K10112	5997
K10117	1873
K10118	1331
K10119	1626
K10120	259
K10121	7
K10122	9
K10123	783
K10124	323
K10125	4330
K10126	3992
K10127	1
K10128	0
K10129	0
K10130	85
K10131	0
K10132	0
K10133	3189
K10134	0
K10135	0
K10136	0
K10137	0
K10138	0
K10139	0
K10140	0
K10141	28
K10142	2
K10143	2
K10144	16
K10145	0
K10146	0
K10147	2
K10148	0
K10149	0
K10150	0
K10151	0
K10152	0
K10153	0
K10154	0
K10155	0
K10156	13
K10157	0
K10158	0
K10159	81
K10160	306
K10161	0
K10162	7
K10163	0
K10164	0
K10165	15
K10166	0
K10167	0
K10168	12
K10169	19
K10170	0
K10171	5
K10172	0
K10173	0
K10174	0
K10175	0
K10176	0
K10177	0
K10178	0
K10179	0
K10180	0
K10181	0
K10182	0
K10183	0
K10184	0
K10185	0
K10186	0
K10187	11
K10188	504
K10189	492
K10190	497
K10191	401
K10192	670
K10193	669
K10194	668
K10195	789
K10196	0
K10197	0
K10198	0
K10199	0
K10200	13
K10201	12
K10202	15
K10203	0
K10205	0
K10206	19
K10207	0
K10208	156
K10209	77
K10210	208
K10211	364
K10212	15
K10213	731
K10214	0
K10215	1611
K10216	612
K10217	881
K10218	4094
K10219	476
K10220	1017
K10221	2311
K10222	585
K10223	9
K10224	0
K10225	0
K10226	0
K10227	2902
K10228	2808
K10229	2862
K10231	526
K10232	835
K10233	827
K10234	833
K10235	825
K10236	1839
K10237	1437
K10238	1183
K10240	251
K10241	245
K10242	247
K10244	0
K10245	0
K10246	0
K10247	0
K10248	0
K10249	0
K10250	0
K10251	17
K10252	40
K10253	2453
K10254	729
K10255	1761
K10256	0
K10257	0
K10258	0
K10259	2
K10260	169
K10261	4
K10262	8
K10263	3
K10264	0
K10265	0
K10266	0
K10267	0
K10268	266
K10269	0
K10270	20
K10271	7
K10272	0
K10273	41
K10274	0
K10275	5
K10276	1
K10277	597
K10278	43
K10279	1
K10280	16
K10281	6
K10282	0
K10283	0
K10284	0
K10285	0
K10287	0
K10288	0
K10289	0
K10290	206
K10291	19
K10292	0
K10293	6
K10294	0
K10295	1
K10296	3
K10297	53
K10298	21
K10299	12
K10300	1382
K10301	4481
K10302	97
K10303	0
K10304	0
K10305	0
K10306	26
K10307	0
K10308	3
K10310	0
K10311	0
K10312	4
K10313	0
K10314	0
K10315	1
K10316	4
K10317	0
K10318	0
K10319	0
K10320	0
K10321	6
K10323	1
K10324	23
K10325	227
K10326	0
K10327	11
K10328	0
K10329	6
K10330	30
K10331	11
K10332	17
K10333	1
K10334	3
K10335	6
K10336	5
K10337	10
K10338	0
K10339	0
K10340	1
K10341	0
K10342	0
K10343	1
K10344	0
K10345	0
K10347	0
K10348	39
K10349	37
K10350	2
K10351	1
K10352	449
K10353	0
K10354	0
K10355	8
K10356	0
K10357	0
K10358	0
K10359	0
K10360	3
K10361	0
K10362	0
K10363	1
K10364	0
K10365	0
K10366	0
K10367	0
K10368	0
K10369	0
K10370	3
K10371	0
K10372	0
K10373	5
K10374	0
K10375	1
K10376	0
K10377	0
K10378	0
K10379	0
K10380	56
K10381	5
K10382	3
K10383	2
K10384	1
K10385	0
K10386	2
K10387	0
K10388	0
K10389	0
K10390	0
K10391	0
K10392	0
K10393	0
K10394	6
K10395	1
K10396	13
K10397	0
K10398	1160
K10399	0
K10400	64
K10401	9
K10402	28
K10403	1
K10404	0
K10405	40
K10406	2
K10407	83
K10408	39
K10409	0
K10410	0
K10411	0
K10412	0
K10413	1
K10414	1
K10415	0
K10416	0
K10417	1
K10418	0
K10419	0
K10420	0
K10421	1639
K10422	0
K10423	0
K10424	0
K10425	0
K10426	0
K10427	34
K10428	0
K10429	0
K10430	0
K10431	0
K10432	0
K10433	0
K10434	0
K10435	0
K10436	0
K10437	0
K10438	8
K10439	5568
K10440	5230
K10441	5285
K10442	15
K10443	66
K10444	0
K10445	8
K10446	16
K10447	57
K10448	10
K10449	0
K10450	59
K10451	0
K10452	0
K10453	0
K10454	24
K10455	73
K10456	19
K10457	49
K10458	2
K10459	0
K10460	0
K10461	36
K10462	0
K10463	20
K10464	1
K10465	3
K10466	2
K10467	5
K10468	0
K10469	0
K10470	7
K10471	0
K10472	0
K10473	0
K10474	0
K10475	1
K10476	0
K10477	0
K10478	0
K10479	0
K10480	0
K10481	4
K10482	0
K10483	0
K10484	0
K10485	0
K10486	0
K10487	0
K10488	0
K10489	0
K10490	0
K10491	0
K10492	0
K10493	0
K10494	0
K10495	0
K10496	0
K10497	0
K10498	11
K10499	0
K10500	3
K10501	0
K10502	0
K10503	0
K10504	0
K10505	0
K10506	0
K10507	0
K10508	0
K10509	0
K10510	0
K10511	0
K10512	0
K10513	3
K10514	0
K10515	0
K10516	0
K10517	0
K10518	0
K10519	0
K10520	0
K10521	0
K10522	0
K10523	0
K10524	4
K10525	4
K10526	0
K10527	61
K10528	1
K10529	132
K10530	165
K10531	1674
K10532	936
K10533	634
K10534	11
K10535	973
K10536	3836
K10537	2482
K10538	2494
K10539	2436
K10540	1482
K10541	1465
K10542	1468
K10543	2951
K10544	2948
K10545	1206
K10546	1293
K10547	1287
K10548	1296
K10549	577
K10550	174
K10551	173
K10552	1170
K10553	1139
K10554	1173
K10555	702
K10556	689
K10557	688
K10558	685
K10559	1638
K10560	1312
K10561	1284
K10562	1215
K10563	8618
K10564	779
K10565	841
K10566	0
K10567	0
K10568	0
K10569	3
K10570	1
K10571	0
K10572	0
K10573	1
K10574	12
K10575	0
K10576	1
K10577	0
K10578	0
K10579	1
K10580	0
K10581	0
K10582	0
K10583	0
K10584	0
K10585	0
K10586	0
K10587	0
K10588	0
K10589	0
K10590	0
K10591	0
K10592	0
K10593	0
K10594	3
K10595	12
K10596	0
K10597	3
K10598	0
K10599	159
K10600	0
K10601	1
K10602	1
K10603	0
K10604	0
K10605	1
K10606	0
K10607	0
K10608	0
K10609	0
K10610	0
K10611	0
K10612	0
K10613	0
K10614	3
K10615	81
K10616	30
K10617	12
K10618	92
K10619	420
K10620	82
K10621	949
K10622	196
K10623	32
K10624	0
K10625	1
K10626	0
K10627	0
K10628	0
K10629	0
K10630	0
K10631	0
K10632	96
K10633	0
K10634	0
K10635	0
K10636	0
K10637	0
K10638	32
K10639	1
K10640	1
K10641	31
K10642	1
K10643	0
K10644	0
K10645	174
K10646	0
K10647	0
K10648	0
K10649	12
K10650	1
K10651	0
K10652	1
K10653	0
K10654	0
K10655	0
K10656	0
K10657	1
K10658	0
K10659	0
K10660	0
K10661	0
K10662	0
K10663	0
K10664	0
K10665	0
K10666	0
K10667	104
K10668	0
K10669	0
K10670	27
K10671	27
K10672	27
K10673	313
K10674	570
K10675	15
K10676	472
K10677	10
K10678	1446
K10679	3315
K10680	7027
K10681	21
K10682	13
K10683	1
K10684	1
K10685	3
K10686	13
K10687	0
K10688	1
K10689	0
K10691	0
K10692	0
K10693	0
K10694	0
K10695	0
K10696	9
K10697	331
K10698	0
K10699	47
K10700	1
K10701	3
K10702	184
K10703	2
K10704	0
K10705	0
K10706	139
K10707	1
K10708	306
K10709	246
K10710	416
K10711	113
K10712	0
K10713	777
K10714	401
K10715	697
K10716	5143
K10717	0
K10718	271
K10719	1
K10720	1
K10721	0
K10722	1
K10723	2
K10724	1
K10725	204
K10726	0
K10727	1
K10728	0
K10729	0
K10730	1
K10731	0
K10732	0
K10733	0
K10734	0
K10735	0
K10736	0
K10737	0
K10738	0
K10739	3
K10740	0
K10741	1
K10742	3025
K10743	2
K10744	0
K10745	0
K10746	0
K10747	1031
K10748	1775
K10749	0
K10750	33
K10751	0
K10752	0
K10753	0
K10754	44
K10755	2
K10756	1
K10757	0
K10758	1
K10759	4
K10760	4
K10761	130
K10762	1093
K10763	8235
K10764	5107
K10765	0
K10766	0
K10767	0
K10768	38
K10769	0
K10770	350
K10771	1
K10772	2
K10773	8664
K10774	29
K10775	11
K10776	0
K10777	10
K10778	6345
K10779	0
K10780	317
K10781	1
K10782	25
K10784	1
K10785	3
K10786	0
K10787	0
K10788	39
K10789	15
K10790	0
K10791	2
K10793	0
K10794	265
K10795	0
K10796	0
K10797	806
K10798	126
K10799	14
K10800	31
K10801	0
K10802	1
K10803	0
K10804	8030
K10805	6011
K10806	7436
K10807	3184
K10808	34
K10809	0
K10810	119
K10811	69
K10812	0
K10814	418
K10815	431
K10816	422
K10817	7
K10819	409
K10820	2338
K10822	70
K10823	2506
K10824	541
K10829	2886
K10830	2
K10831	3517
K10834	5045
K10837	69
K10838	0
K10839	0
K10840	0
K10841	409
K10842	5
K10843	34
K10844	2274
K10845	0
K10846	0
K10847	0
K10848	104
K10849	1
K10850	51
K10851	2
K10852	0
K10854	284
K10855	287
K10856	330
K10857	1809
K10858	9
K10859	1918
K10860	485
K10861	0
K10862	9
K10863	0
K10864	19
K10865	0
K10866	546
K10867	4
K10868	0
K10869	0
K10870	0
K10871	0
K10872	0
K10873	21
K10874	0
K10875	64
K10876	0
K10877	8
K10878	15
K10879	0
K10880	0
K10881	0
K10882	0
K10883	0
K10884	5
K10885	0
K10886	0
K10887	0
K10888	0
K10889	0
K10890	0
K10891	2
K10892	0
K10893	0
K10894	4
K10895	0
K10896	1
K10897	0
K10898	0
K10899	2
K10900	39
K10901	16
K10902	0
K10903	0
K10905	0
K10906	863
K10907	1303
K10908	82
K10909	441
K10910	353
K10911	485
K10912	927
K10913	470
K10914	7606
K10915	509
K10916	738
K10917	1299
K10918	1188
K10919	4
K10920	24
K10921	1396
K10922	328
K10923	4
K10924	909
K10925	769
K10926	954
K10927	946
K10928	45
K10929	4
K10930	87
K10931	67
K10932	74
K10933	69
K10934	791
K10935	4
K10936	148
K10937	639
K10938	339
K10939	462
K10940	270
K10941	2650
K10942	2290
K10943	3497
K10944	132
K10945	132
K10946	132
K10947	5103
K10948	245
K10949	1
K10950	0
K10951	7
K10952	118
K10953	309
K10954	1239
K10955	59
K10956	0
K10957	1
K10958	0
K10959	0
K10960	448
K10961	70
K10962	360
K10963	4
K10964	4
K10965	132
K10966	4
K10967	1
K10968	0
K10969	0
K10970	0
K10971	0
K10972	3643
K10973	132
K10974	3797
K10975	118
K10976	0
K10977	20
K10978	188
K10979	3562
K10980	0
K10981	1
K10982	0
K10983	0
K10984	183
K10985	189
K10986	181
K10988	0
K10989	2
K10990	0
K10991	0
K10992	0
K10993	0
K10994	0
K10995	0
K10996	0
K10997	0
K10998	0
K10999	0
K11000	0
K11001	3
K11002	0
K11003	1917
K11004	1969
K11005	1888
K11006	18
K11007	99
K11008	370
K11009	87
K11010	5
K11011	0
K11012	0
K11013	158
K11014	189
K11015	48
K11016	1234
K11017	837
K11018	602
K11019	2
K11020	76
K11021	3142
K11022	1964
K11023	379
K11024	5
K11025	26
K11026	10
K11027	10
K11028	0
K11029	1
K11030	59
K11031	14
K11032	12
K11033	3
K11034	280
K11035	1
K11036	0
K11037	4
K11038	21
K11039	0
K11040	0
K11041	698
K11042	0
K11043	0
K11044	9
K11045	0
K11046	1
K11047	0
K11048	0
K11049	41
K11050	55
K11051	1
K11052	0
K11053	0
K11054	18
K11055	10
K11056	18
K11057	0
K11058	1
K11059	0
K11060	157
K11061	0
K11062	1386
K11063	55
K11064	0
K11065	4257
K11066	5824
K11067	0
K11068	6277
K11069	3844
K11070	4105
K11071	4376
K11072	3299
K11073	5429
K11074	5340
K11075	5324
K11076	5290
K11077	3239
K11078	1069
K11079	1481
K11080	101
K11081	660
K11082	668
K11083	663
K11084	665
K11085	8645
K11086	0
K11087	0
K11088	0
K11089	1507
K11090	0
K11091	0
K11092	0
K11093	0
K11094	0
K11095	0
K11096	0
K11097	0
K11098	0
K11099	0
K11100	0
K11101	0
K11102	4105
K11103	5728
K11104	402
K11105	5294
K11106	855
K11107	2631
K11108	0
K11109	1
K11110	0
K11111	0
K11112	0
K11113	0
K11114	0
K11115	0
K11116	0
K11117	0
K11118	0
K11119	0
K11120	0
K11121	0
K11122	3
K11123	0
K11124	1
K11125	0
K11126	4
K11127	1170
K11128	0
K11129	0
K11130	0
K11131	0
K11132	0
K11133	0
K11134	0
K11135	1
K11136	0
K11137	1
K11138	0
K11139	14
K11140	70
K11141	8
K11142	9
K11143	0
K11144	166
K11145	4
K11146	2
K11147	415
K11148	0
K11149	0
K11150	1072
K11151	0
K11152	0
K11153	2682
K11154	2
K11155	3
K11156	0
K11157	0
K11158	0
K11159	23
K11160	0
K11161	206
K11162	174
K11163	793
K11164	2
K11165	87
K11166	1123
K11167	0
K11168	35
K11169	5
K11170	7
K11171	0
K11172	0
K11173	27
K11175	8538
K11176	5
K11177	3173
K11178	3170
K11179	4199
K11180	67
K11181	67
K11182	0
K11183	1897
K11184	15
K11185	0
K11186	0
K11187	3
K11188	12
K11192	744
K11194	3
K11195	10
K11196	15
K11200	363
K11201	116
K11202	549
K11203	770
K11204	0
K11205	1
K11206	7902
K11207	1
K11208	5523
K11209	7765
K11210	69
K11211	3069
K11212	2193
K11213	0
K11214	1
K11215	0
K11216	843
K11217	1
K11218	0
K11219	0
K11220	0
K11221	0
K11222	0
K11223	0
K11224	0
K11225	0
K11226	0
K11227	0
K11228	7
K11229	0
K11230	0
K11231	9
K11232	4
K11233	0
K11234	0
K11235	0
K11236	3
K11237	0
K11238	4
K11239	0
K11240	0
K11241	0
K11242	0
K11243	1
K11244	11
K11245	3
K11246	6
K11247	0
K11248	0
K11249	5461
K11250	2711
K11251	8
K11252	3
K11253	10
K11254	7
K11255	0
K11256	0
K11257	0
K11258	2645
K11259	13
K11260	367
K11261	22
K11262	4
K11263	984
K11264	445
K11265	821
K11266	0
K11267	1
K11268	10
K11269	6
K11270	0
K11271	0
K11272	0
K11273	1
K11274	209
K11275	12
K11276	0
K11277	0
K11278	0
K11279	0
K11280	0
K11281	0
K11282	0
K11283	0
K11284	1
K11285	0
K11286	0
K11287	0
K11288	0
K11289	0
K11290	0
K11291	0
K11292	0
K11293	0
K11294	7
K11295	0
K11296	0
K11297	0
K11298	0
K11299	0
K11300	0
K11301	0
K11302	0
K11303	0
K11304	1
K11305	0
K11306	0
K11307	0
K11308	0
K11309	0
K11310	0
K11311	579
K11312	1630
K11313	0
K11314	0
K11315	0
K11316	0
K11317	0
K11318	0
K11319	0
K11320	0
K11321	0
K11322	0
K11323	52
K11324	0
K11325	501
K11326	51
K11327	0
K11328	1
K11329	73
K11330	1
K11331	224
K11332	20
K11333	438
K11334	438
K11335	438
K11336	438
K11337	666
K11338	0
K11339	2
K11340	0
K11341	5
K11342	0
K11343	0
K11344	0
K11345	0
K11346	0
K11347	0
K11348	0
K11349	0
K11350	0
K11351	0
K11352	2183
K11353	0
K11354	3785
K11355	2684
K11356	223
K11357	1801
K11358	29
K11359	0
K11360	0
K11361	2
K11362	0
K11363	0
K11364	0
K11365	0
K11366	3
K11367	1
K11368	0
K11369	0
K11370	0
K11371	0
K11372	1
K11373	0
K11374	0
K11375	0
K11376	0
K11377	0
K11378	0
K11379	0
K11380	0
K11381	1184
K11382	289
K11383	3355
K11384	1195
K11385	0
K11386	1
K11387	1
K11389	2
K11390	1
K11391	3098
K11392	1627
K11393	0
K11394	0
K11395	0
K11396	0
K11397	0
K11398	0
K11399	0
K11400	0
K11401	0
K11402	0
K11403	4
K11404	0
K11405	6
K11406	30
K11407	4140
K11408	2
K11409	0
K11410	75
K11411	0
K11412	0
K11413	0
K11414	2175
K11415	0
K11416	14
K11417	0
K11418	1640
K11419	1
K11420	6
K11421	5
K11422	0
K11423	0
K11424	0
K11425	0
K11426	4
K11427	128
K11428	1
K11429	0
K11430	4
K11431	383
K11432	0
K11433	0
K11434	159
K11435	7
K11436	0
K11437	7
K11438	5
K11439	1
K11440	8
K11441	2420
K11442	1
K11443	2410
K11444	3010
K11445	0
K11446	3
K11447	0
K11448	0
K11449	0
K11450	7
K11451	0
K11452	0
K11453	1
K11454	0
K11455	0
K11456	0
K11457	0
K11458	0
K11459	0
K11460	0
K11461	0
K11462	0
K11463	0
K11464	0
K11465	0
K11466	0
K11467	0
K11468	0
K11469	0
K11470	0
K11471	0
K11472	4885
K11473	4404
K11474	1074
K11475	2984
K11476	1219
K11477	5808
K11478	0
K11479	0
K11480	1
K11481	1
K11482	0
K11483	0
K11484	11
K11485	0
K11486	0
K11487	0
K11488	0
K11489	0
K11490	0
K11491	2
K11492	0
K11493	543
K11494	178
K11495	0
K11496	1
K11497	3
K11498	5
K11499	237
K11500	0
K11501	0
K11502	3
K11503	1
K11504	0
K11505	0
K11506	0
K11507	1
K11508	0
K11509	2
K11510	0
K11511	0
K11512	0
K11513	0
K11514	0
K11515	0
K11516	0
K11517	62
K11518	0
K11519	0
K11520	2
K11521	106
K11522	22
K11523	70
K11524	9
K11525	264
K11526	148
K11527	3041
K11528	27
K11529	3657
K11530	6586
K11531	986
K11532	1935
K11533	1838
K11534	2091
K11535	1490
K11536	2
K11537	1642
K11538	3311
K11539	5
K11540	13
K11541	0
K11542	0
K11543	4
K11544	2
K11545	0
K11546	2
K11547	165
K11548	28
K11549	7
K11550	8
K11551	0
K11552	0
K11553	0
K11554	0
K11555	0
K11556	0
K11557	3
K11558	42
K11559	0
K11560	0
K11561	0
K11562	4
K11563	6
K11564	0
K11565	0
K11566	0
K11567	0
K11568	0
K11569	0
K11570	0
K11571	0
K11572	0
K11573	0
K11574	0
K11575	0
K11576	0
K11577	0
K11578	0
K11579	0
K11580	0
K11581	0
K11582	0
K11583	0
K11584	0
K11585	1
K11586	0
K11587	2
K11588	1
K11589	0
K11590	0
K11591	0
K11592	2
K11593	0
K11594	0
K11595	0
K11597	0
K11598	0
K11599	0
K11600	0
K11601	3
K11602	11
K11603	2
K11604	2046
K11605	2047
K11606	2045
K11607	2046
K11608	13
K11609	3
K11610	17
K11611	16
K11614	102
K11615	82
K11616	1558
K11617	200
K11618	2218
K11619	8
K11620	24
K11621	904
K11622	398
K11623	183
K11624	136
K11625	5
K11626	565
K11627	0
K11628	34
K11629	0
K11630	0
K11631	7
K11632	189
K11633	2
K11634	4
K11635	2
K11636	51
K11637	4
K11638	39
K11639	32
K11640	1
K11641	1
K11642	0
K11643	0
K11644	0
K11645	1828
K11646	1
K11647	0
K11648	0
K11649	0
K11650	0
K11651	0
K11652	0
K11653	0
K11654	2274
K11655	0
K11656	0
K11657	0
K11658	1
K11659	0
K11660	0
K11661	0
K11662	0
K11663	2
K11664	0
K11665	0
K11666	0
K11667	0
K11668	0
K11669	0
K11670	0
K11671	0
K11672	0
K11673	0
K11674	0
K11675	0
K11676	0
K11677	0
K11678	0
K11679	0
K11680	1
K11682	0
K11683	0
K11684	0
K11685	2255
K11686	34
K11687	1470
K11688	2099
K11689	3834
K11690	6005
K11691	1
K11692	15
K11693	1
K11694	1
K11695	1
K11696	0
K11697	0
K11698	0
K11699	1
K11700	0
K11701	74
K11702	0
K11703	68
K11704	0
K11705	0
K11706	0
K11707	325
K11708	322
K11709	325
K11710	329
K11711	2543
K11712	542
K11713	11
K11714	59
K11715	0
K11716	0
K11717	6680
K11718	0
K11719	8587
K11720	8624
K11721	0
K11722	0
K11723	0
K11724	0
K11725	339
K11726	0
K11727	7
K11728	0
K11729	3000
K11730	3586
K11731	1462
K11732	588
K11733	2484
K11734	3433
K11735	2291
K11736	1124
K11737	2535
K11738	1566
K11739	1201
K11740	1525
K11741	5934
K11742	1735
K11743	1798
K11744	5226
K11745	1499
K11746	1492
K11747	6136
K11748	2268
K11749	8642
K11750	2174
K11751	3527
K11752	8644
K11753	8669
K11754	8688
K11755	3130
K11756	0
K11757	0
K11758	0
K11759	0
K11760	0
K11761	0
K11762	0
K11763	0
K11764	0
K11765	0
K11766	0
K11767	0
K11768	0
K11769	0
K11770	0
K11771	0
K11772	0
K11773	0
K11774	0
K11775	0
K11776	0
K11777	5
K11778	0
K11779	234
K11780	0
K11781	0
K11782	12
K11783	72
K11784	9
K11785	9
K11786	0
K11787	16
K11788	855
K11789	0
K11790	0
K11791	0
K11792	0
K11793	8
K11794	0
K11795	0
K11796	0
K11797	0
K11798	2
K11799	0
K11800	0
K11801	0
K11802	0
K11803	0
K11804	0
K11805	0
K11806	0
K11807	1
K11808	25
K11809	0
K11810	80
K11811	3960
K11812	0
K11813	0
K11814	15
K11815	19
K11816	221
K11817	0
K11818	0
K11819	0
K11820	0
K11821	0
K11822	2
K11823	0
K11824	0
K11825	1
K11826	0
K11827	0
K11828	0
K11829	0
K11830	0
K11831	0
K11832	0
K11833	4
K11834	0
K11835	1
K11836	2
K11837	0
K11838	1
K11839	2
K11840	0
K11841	10
K11842	1
K11843	1
K11844	450
K11845	2
K11846	0
K11847	0
K11848	2
K11849	3
K11850	4
K11851	2
K11852	0
K11853	0
K11854	4
K11855	21
K11856	0
K11857	0
K11858	1
K11859	0
K11860	0
K11861	0
K11862	0
K11863	1
K11864	0
K11865	0
K11866	0
K11867	0
K11868	1
K11869	0
K11870	0
K11871	0
K11872	3
K11873	1
K11874	0
K11875	0
K11876	0
K11877	0
K11878	0
K11879	0
K11880	0
K11881	0
K11882	0
K11883	0
K11884	0
K11885	58
K11886	0
K11887	4
K11888	0
K11889	89
K11890	3130
K11891	4910
K11892	4967
K11893	4852
K11894	2532
K11895	4804
K11896	4839
K11897	3452
K11898	1483
K11899	471
K11900	4875
K11901	4857
K11902	3695
K11903	4934
K11904	5312
K11905	2602
K11906	4066
K11907	4736
K11908	493
K11909	1842
K11910	2544
K11911	1332
K11912	1148
K11913	1421
K11914	720
K11915	1928
K11916	1386
K11917	1612
K11918	444
K11919	267
K11920	247
K11921	5840
K11922	675
K11923	1
K11924	2061
K11925	1753
K11926	1687
K11927	8368
K11928	4643
K11929	1227
K11930	932
K11931	2464
K11932	1206
K11933	1647
K11934	2074
K11935	2309
K11936	6121
K11937	1687
K11938	2565
K11939	4385
K11940	3283
K11941	2045
K11942	557
K11943	91
K11944	48
K11945	370
K11946	0
K11947	40
K11948	485
K11949	6
K11950	16
K11951	2
K11952	0
K11953	6
K11954	382
K11955	47
K11956	306
K11957	5
K11958	10
K11959	5265
K11960	5132
K11961	5126
K11962	5119
K11963	5188
K11964	0
K11967	0
K11968	0
K11969	0
K11970	0
K11971	0
K11972	2
K11973	0
K11974	0
K11975	0
K11976	0
K11977	0
K11978	0
K11979	0
K11980	0
K11981	0
K11982	0
K11983	0
K11984	0
K11985	23
K11986	0
K11987	65
K11988	6
K11989	45
K11990	191
K11991	8646
K11992	0
K11993	23
K11994	36
K11995	247
K11996	365
K11997	975
K11998	0
K11999	0
K12000	1
K12001	0
K12002	3
K12003	0
K12004	3
K12005	0
K12006	1
K12007	0
K12008	0
K12009	0
K12010	0
K12011	0
K12012	0
K12013	2
K12014	0
K12015	1
K12016	0
K12017	0
K12018	0
K12019	0
K12020	0
K12021	2
K12022	0
K12023	0
K12024	4
K12025	0
K12026	24
K12027	0
K12028	1
K12029	0
K12030	0
K12031	0
K12032	0
K12033	0
K12034	0
K12035	943
K12036	0
K12037	0
K12038	0
K12039	0
K12040	0
K12041	0
K12042	12
K12043	1
K12044	1
K12045	0
K12046	1
K12047	6
K12048	0
K12049	38
K12050	3
K12051	4
K12052	55
K12053	3
K12054	603
K12055	1067
K12056	1092
K12057	1058
K12058	1029
K12059	793
K12060	1098
K12061	1018
K12062	2396
K12063	2229
K12064	1030
K12065	1640
K12066	1520
K12067	1056
K12068	1024
K12069	605
K12070	1745
K12071	1793
K12072	1049
K12073	30
K12074	0
K12075	1
K12076	1
K12077	0
K12078	41
K12079	24
K12080	44
K12081	25
K12082	10
K12083	16
K12084	105
K12085	10
K12086	2
K12087	0
K12088	0
K12089	5
K12090	0
K12091	0
K12092	0
K12093	0
K12094	0
K12095	0
K12096	0
K12097	13
K12098	0
K12099	0
K12100	0
K12101	0
K12102	0
K12103	0
K12104	0
K12105	0
K12106	0
K12107	0
K12108	0
K12109	0
K12110	0
K12111	1816
K12112	550
K12113	737
K12114	0
K12115	1
K12116	0
K12117	0
K12118	72
K12119	39
K12120	2
K12121	0
K12122	0
K12123	5
K12124	0
K12125	0
K12126	0
K12127	0
K12128	0
K12129	0
K12130	0
K12131	0
K12132	4437
K12133	0
K12134	0
K12135	0
K12136	553
K12137	1474
K12138	1012
K12139	431
K12140	912
K12141	933
K12142	1188
K12143	1910
K12144	600
K12145	414
K12146	658
K12147	929
K12148	1335
K12149	1457
K12150	0
K12151	1290
K12152	5275
K12153	0
K12154	0
K12155	0
K12156	0
K12157	0
K12158	1
K12159	0
K12160	0
K12161	0
K12162	0
K12163	0
K12164	12
K12165	0
K12166	32
K12167	0
K12168	0
K12169	1
K12170	0
K12171	0
K12172	2
K12173	0
K12174	0
K12175	0
K12176	0
K12177	0
K12178	0
K12179	0
K12180	0
K12181	0
K12182	0
K12183	31
K12184	0
K12185	0
K12186	0
K12187	0
K12188	1
K12189	0
K12190	0
K12191	1
K12192	0
K12193	2
K12194	0
K12195	0
K12196	420
K12197	0
K12198	0
K12199	0
K12200	0
K12201	0
K12202	715
K12203	579
K12204	542
K12205	545
K12206	536
K12207	314
K12208	178
K12209	531
K12210	101
K12211	565
K12212	2057
K12213	537
K12214	528
K12215	101
K12216	108
K12217	660
K12218	512
K12219	107
K12220	5
K12221	108
K12222	437
K12223	149
K12224	171
K12225	107
K12226	53
K12227	152
K12228	191
K12229	0
K12230	0
K12231	9
K12232	0
K12233	0
K12234	238
K12235	431
K12236	0
K12237	367
K12238	160
K12239	254
K12240	576
K12241	251
K12242	2162
K12243	2620
K12244	234
K12245	10
K12246	28
K12247	43
K12248	86
K12249	0
K12250	98
K12251	3972
K12252	1667
K12253	1814
K12254	3035
K12255	2576
K12256	4370
K12257	1864
K12258	1
K12259	44
K12260	9
K12261	4
K12262	7760
K12263	1773
K12264	1216
K12265	1202
K12266	3154
K12267	2368
K12268	0
K12269	124
K12270	0
K12271	2
K12272	2
K12273	0
K12274	8
K12275	0
K12276	1083
K12277	409
K12278	971
K12279	972
K12280	1038
K12281	1002
K12282	2005
K12283	1691
K12284	2962
K12285	958
K12286	1002
K12287	966
K12288	1407
K12289	2401
K12290	1233
K12291	812
K12292	1
K12293	0
K12294	0
K12295	0
K12296	1
K12297	4793
K12298	0
K12299	469
K12300	0
K12301	3
K12302	0
K12303	0
K12304	23
K12305	0
K12306	20
K12307	3
K12308	2087
K12309	398
K12310	0
K12311	0
K12312	0
K12313	0
K12314	1
K12315	1
K12316	8
K12317	0
K12318	0
K12319	1068
K12320	2
K12321	0
K12322	1
K12323	27
K12324	2
K12325	0
K12326	4
K12327	20
K12328	0
K12329	0
K12330	0
K12331	0
K12332	0
K12333	0
K12334	0
K12335	0
K12336	0
K12337	0
K12338	0
K12339	4755
K12340	7543
K12341	1527
K12342	646
K12343	328
K12344	0
K12345	0
K12346	2
K12347	0
K12348	15
K12349	281
K12350	1
K12351	234
K12352	1
K12353	0
K12354	0
K12355	6
K12356	0
K12357	0
K12358	0
K12359	0
K12360	0
K12361	74
K12362	1
K12363	0
K12364	27
K12365	1
K12366	0
K12367	0
K12368	4395
K12369	4576
K12370	4425
K12371	4133
K12372	4136
K12373	2929
K12374	0
K12375	2
K12376	1
K12377	23
K12378	1
K12379	1
K12380	0
K12381	3
K12382	1
K12383	0
K12384	0
K12385	0
K12386	0
K12387	0
K12388	95
K12389	0
K12390	0
K12391	0
K12392	0
K12393	0
K12394	0
K12395	0
K12396	0
K12397	0
K12398	0
K12399	0
K12400	0
K12401	0
K12402	0
K12403	0
K12404	0
K12405	2485
K12406	0
K12407	0
K12408	0
K12409	0
K12410	5728
K12411	0
K12412	0
K12413	0
K12414	0
K12415	0
K12416	0
K12417	26
K12418	1
K12419	0
K12420	39
K12421	32
K12422	0
K12423	0
K12424	37
K12425	0
K12426	460
K12427	1
K12428	13
K12429	9
K12430	66
K12431	200
K12432	0
K12433	27
K12434	221
K12435	79
K12436	5
K12437	75
K12439	10
K12440	56
K12441	30
K12442	21
K12443	303
K12444	367
K12445	1551
K12446	64
K12447	0
K12448	2511
K12449	6
K12450	16
K12451	0
K12452	579
K12453	226
K12454	538
K12455	25
K12456	0
K12457	0
K12458	2
K12459	0
K12460	998
K12461	0
K12462	2
K12463	0
K12464	0
K12465	0
K12466	21
K12467	0
K12469	26
K12470	2
K12471	0
K12472	272
K12473	0
K12474	0
K12475	0
K12476	2
K12477	0
K12478	284
K12479	0
K12480	3
K12481	0
K12482	9
K12483	152
K12484	0
K12485	1
K12486	0
K12487	7
K12488	0
K12489	19
K12490	0
K12491	0
K12492	0
K12493	0
K12494	0
K12495	0
K12496	0
K12497	0
K12498	0
K12499	0
K12500	3268
K12501	0
K12502	3
K12503	59
K12504	0
K12505	0
K12506	4740
K12507	807
K12508	1875
K12509	67
K12510	4563
K12511	4593
K12512	812
K12513	3483
K12514	663
K12515	2264
K12516	244
K12517	724
K12518	1451
K12519	1455
K12520	12
K12521	771
K12522	21
K12523	57
K12524	2702
K12525	2004
K12526	502
K12527	360
K12528	510
K12529	253
K12530	366
K12531	346
K12532	430
K12536	3726
K12537	3728
K12538	2447
K12541	4725
K12542	4728
K12543	4596
K12544	164
K12545	502
K12546	65
K12547	127
K12548	2989
K12549	2392
K12550	4
K12551	38
K12552	1
K12553	1
K12554	2
K12555	16
K12556	0
K12557	0
K12558	0
K12559	0
K12560	9
K12561	0
K12562	1
K12563	4
K12564	0
K12565	0
K12566	0
K12567	68
K12568	1
K12569	0
K12570	13
K12571	0
K12572	0
K12573	8545
K12574	2577
K12575	284
K12576	0
K12577	0
K12578	0
K12579	0
K12580	0
K12581	0
K12582	1430
K12583	4401
K12584	19
K12585	0
K12586	0
K12587	0
K12589	0
K12590	0
K12591	0
K12592	0
K12593	0
K12594	0
K12595	0
K12596	0
K12597	9
K12598	0
K12599	3
K12600	261
K12601	0
K12602	191
K12603	0
K12604	240
K12605	0
K12606	0
K12607	5
K12608	0
K12609	0
K12610	0
K12611	0
K12612	0
K12613	0
K12614	0
K12615	0
K12616	1
K12617	0
K12618	0
K12619	0
K12620	0
K12621	0
K12622	0
K12623	0
K12624	0
K12625	0
K12626	0
K12627	0
K12628	8
K12629	19
K12630	9
K12631	8
K12632	419
K12633	66
K12634	0
K12635	0
K12636	6
K12637	0
K12638	0
K12639	0
K12640	0
K12641	9
K12642	0
K12643	0
K12644	0
K12645	4
K12646	1
K12647	1
K12648	0
K12649	2
K12650	0
K12651	0
K12652	0
K12653	0
K12654	0
K12655	0
K12656	0
K12657	6
K12658	3130
K12659	383
K12660	235
K12661	957
K12662	26
K12663	1568
K12664	0
K12665	0
K12666	0
K12667	0
K12668	0
K12669	0
K12670	0
K12671	0
K12672	0
K12673	8
K12674	2
K12675	82
K12676	16
K12677	247
K12678	3215
K12679	162
K12681	1615
K12682	75
K12683	126
K12684	413
K12685	4534
K12686	3801
K12687	1139
K12688	306
K12689	19
K12690	1482
K12691	0
K12692	0
K12693	0
K12694	0
K12695	0
K12696	0
K12697	0
K12698	0
K12699	0
K12700	458
K12701	126
K12702	25
K12703	2
K12704	0
K12705	0
K12706	100
K12707	0
K12708	1025
K12709	18
K12710	740
K12711	18
K12712	57
K12713	109
K12714	104
K12719	7
K12720	0
K12721	0
K12722	7
K12723	1
K12724	4
K12729	0
K12730	0
K12731	0
K12732	0
K12733	0
K12734	0
K12735	0
K12736	8
K12737	0
K12738	0
K12739	0
K12740	0
K12741	1
K12742	2
K12743	80
K12744	9
K12745	4
K12747	0
K12748	79
K12749	0
K12750	0
K12751	1
K12753	0
K12754	0
K12755	0
K12756	0
K12757	0
K12758	2
K12760	0
K12761	0
K12762	0
K12763	0
K12764	0
K12765	0
K12766	0
K12767	0
K12768	15
K12769	0
K12770	0
K12771	0
K12772	0
K12773	1
K12774	0
K12775	0
K12776	2
K12777	0
K12778	0
K12779	0
K12780	0
K12781	0
K12782	0
K12783	0
K12784	16
K12785	20
K12786	14
K12787	17
K12788	16
K12789	10
K12790	30
K12791	2
K12792	0
K12793	0
K12794	0
K12795	62
K12796	137
K12797	0
K12798	0
K12799	0
K12800	32
K12801	0
K12802	0
K12803	0
K12804	2
K12805	402
K12806	0
K12807	0
K12809	1
K12810	110
K12811	0
K12812	0
K12813	0
K12814	0
K12815	0
K12816	0
K12817	1
K12818	14
K12819	0
K12820	1
K12821	0
K12822	1
K12823	1
K12824	0
K12825	0
K12826	0
K12827	0
K12828	0
K12829	0
K12830	0
K12831	0
K12832	0
K12833	0
K12834	0
K12835	0
K12836	0
K12837	0
K12838	0
K12839	2
K12840	0
K12841	0
K12842	1
K12843	0
K12844	0
K12845	0
K12846	0
K12847	0
K12848	0
K12849	0
K12850	0
K12851	0
K12852	0
K12853	0
K12854	886
K12855	49
K12856	1
K12857	2
K12858	0
K12859	0
K12860	0
K12861	1
K12862	3
K12863	0
K12864	0
K12865	0
K12866	0
K12867	1
K12868	0
K12869	1
K12870	0
K12871	0
K12872	0
K12873	0
K12874	4
K12875	0
K12876	2
K12877	0
K12878	0
K12879	0
K12880	25
K12881	0
K12882	0
K12883	0
K12884	0
K12885	245
K12886	0
K12887	8
K12888	1
K12889	0
K12890	0
K12891	9
K12892	0
K12893	0
K12894	0
K12895	0
K12896	4
K12897	319
K12898	0
K12899	0
K12900	0
K12901	0
K12902	7
K12903	0
K12904	0
K12905	0
K12906	0
K12907	0
K12908	5
K12909	0
K12910	0
K12911	0
K12912	3
K12913	6
K12914	16
K12915	0
K12917	0
K12918	0
K12919	0
K12920	0
K12921	0
K12922	0
K12923	0
K12924	0
K12925	1
K12926	0
K12927	0
K12928	0
K12929	0
K12930	0
K12931	0
K12932	0
K12933	0
K12934	0
K12935	0
K12936	0
K12937	0
K12938	0
K12939	0
K12940	395
K12941	1835
K12942	1954
K12943	3389
K12944	1165
K12945	3365
K12946	0
K12947	0
K12948	0
K12949	3
K12950	348
K12951	0
K12952	400
K12953	1882
K12954	8
K12955	6
K12956	26
K12957	1497
K12958	0
K12959	0
K12960	6639
K12961	4375
K12962	2948
K12963	2531
K12964	0
K12965	11
K12966	0
K12967	0
K12968	0
K12969	0
K12970	0
K12971	0
K12972	6336
K12973	1657
K12974	2705
K12975	1188
K12976	3275
K12977	19
K12978	3360
K12979	2939
K12980	294
K12981	1131
K12982	1694
K12983	25
K12984	4649
K12985	47
K12986	443
K12987	1266
K12988	1866
K12989	983
K12990	1282
K12991	953
K12992	476
K12993	597
K12994	440
K12995	69
K12996	503
K12997	617
K12998	432
K12999	4
K13000	9
K13001	130
K13002	616
K13003	11
K13004	183
K13005	437
K13006	504
K13007	2674
K13008	4
K13009	9
K13010	4490
K13011	270
K13012	1206
K13013	75
K13014	2482
K13015	1137
K13016	421
K13017	2015
K13018	2314
K13019	343
K13020	2748
K13021	4093
K13022	0
K13023	461
K13024	0
K13025	0
K13026	1
K13027	0
K13028	647
K13029	0
K13030	0
K13031	0
K13032	0
K13033	2
K13034	5
K13035	68
K13037	140
K13038	8647
K13039	746
K13040	1143
K13041	993
K13042	0
K13043	6
K13044	0
K13045	0
K13046	0
K13047	24
K13048	89
K13049	783
K13050	0
K13051	3513
K13052	123
K13053	3227
K13054	0
K13055	0
K13056	0
K13057	55
K13058	115
K13059	269
K13060	310
K13061	1279
K13062	189
K13063	132
K13064	0
K13065	17
K13066	0
K13067	0
K13068	0
K13069	2514
K13070	0
K13071	4
K13072	0
K13073	1
K13074	9
K13075	5459
K13076	0
K13077	0
K13078	0
K13079	1
K13080	0
K13081	0
K13082	7
K13083	0
K13084	3
K13085	97
K13086	137
K13087	0
K13088	26
K13089	0
K13090	0
K13091	32
K13092	0
K13093	0
K13094	1
K13095	0
K13096	0
K13097	0
K13098	0
K13099	0
K13100	1
K13101	0
K13102	0
K13103	5
K13104	0
K13105	0
K13106	0
K13107	0
K13108	3
K13109	0
K13110	0
K13111	1
K13112	0
K13113	0
K13114	0
K13115	0
K13116	0
K13117	0
K13118	0
K13119	0
K13120	0
K13121	0
K13122	15
K13123	0
K13124	2
K13125	0
K13126	15
K13127	0
K13128	0
K13129	0
K13130	0
K13131	0
K13132	0
K13133	1
K13134	0
K13135	0
K13136	0
K13137	34
K13138	0
K13139	0
K13140	0
K13141	11
K13142	0
K13143	0
K13144	0
K13145	0
K13146	0
K13147	0
K13148	0
K13149	0
K13150	0
K13151	0
K13152	0
K13153	0
K13154	0
K13155	2
K13156	0
K13157	0
K13158	0
K13159	0
K13160	0
K13161	8
K13162	0
K13163	12
K13164	0
K13165	1
K13166	0
K13167	0
K13168	0
K13169	0
K13170	1
K13171	0
K13172	1
K13173	0
K13174	0
K13175	0
K13176	0
K13177	5
K13178	0
K13179	0
K13180	0
K13181	2
K13182	0
K13183	0
K13184	0
K13185	1
K13186	17
K13187	1
K13188	0
K13189	0
K13190	0
K13191	0
K13192	0
K13193	0
K13194	0
K13195	809
K13196	0
K13197	0
K13198	0
K13199	0
K13200	0
K13201	0
K13202	0
K13203	0
K13204	0
K13205	0
K13206	0
K13207	0
K13208	27
K13209	0
K13210	0
K13211	0
K13212	1
K13213	0
K13214	1
K13215	0
K13216	0
K13217	2
K13218	0
K13219	0
K13220	0
K13221	0
K13222	0
K13223	0
K13224	0
K13225	0
K13226	0
K13227	0
K13229	1
K13230	0
K13231	0
K13232	0
K13233	0
K13234	0
K13235	0
K13236	473
K13237	401
K13238	957
K13239	740
K13240	6
K13241	0
K13242	1
K13243	626
K13244	43
K13245	96
K13246	1633
K13247	649
K13248	0
K13249	0
K13250	13
K13251	0
K13252	52
K13254	18
K13255	2545
K13256	4031
K13257	1
K13258	0
K13259	0
K13260	0
K13261	0
K13262	0
K13263	0
K13264	0
K13265	0
K13266	328
K13267	0
K13269	0
K13270	0
K13271	0
K13272	0
K13273	0
K13274	154
K13275	118
K13276	630
K13277	1096
K13278	2394
K13279	1
K13280	39
K13281	549
K13282	848
K13283	7029
K13284	56
K13285	460
K13286	344
K13287	401
K13288	6375
K13289	5
K13290	43
K13291	0
K13292	8666
K13293	1
K13294	13
K13295	0
K13296	0
K13297	1
K13298	347
K13299	8
K13300	193
K13301	1272
K13302	1
K13303	1
K13304	0
K13305	0
K13306	31
K13307	712
K13308	83
K13309	0
K13310	455
K13311	128
K13312	3
K13313	96
K13315	202
K13316	0
K13317	79
K13318	7
K13319	3
K13320	9
K13322	0
K13326	12
K13327	28
K13328	56
K13329	8
K13330	16
K13332	0
K13333	40
K13334	0
K13335	0
K13336	5
K13337	0
K13338	84
K13339	202
K13340	0
K13341	0
K13342	21
K13343	2
K13344	2
K13345	0
K13346	0
K13347	1
K13348	9
K13349	0
K13350	0
K13351	0
K13352	0
K13353	0
K13354	8
K13355	2050
K13356	575
K13357	202
K13358	1
K13359	0
K13360	0
K13361	0
K13362	0
K13363	0
K13364	0
K13365	6
K13366	66
K13367	29
K13368	12
K13369	9
K13370	22
K13371	92
K13372	18
K13373	0
K13374	0
K13375	0
K13376	0
K13377	0
K13378	3141
K13379	4
K13380	52
K13381	580
K13382	0
K13383	12
K13384	1049
K13385	0
K13386	0
K13387	0
K13389	0
K13390	0
K13391	0
K13392	0
K13393	0
K13394	0
K13395	0
K13396	0
K13397	0
K13398	0
K13400	0
K13401	0
K13402	0
K13403	0
K13404	0
K13405	0
K13406	0
K13407	0
K13408	1935
K13409	2211
K13411	32
K13412	477
K13413	1
K13414	0
K13415	0
K13416	0
K13417	0
K13418	0
K13419	44
K13420	90
K13421	3
K13422	2
K13423	0
K13424	0
K13425	0
K13426	0
K13427	0
K13428	0
K13429	0
K13430	0
K13431	1
K13432	7
K13433	7
K13434	11
K13435	0
K13436	0
K13437	0
K13438	0
K13439	106
K13440	104
K13441	0
K13442	0
K13443	1
K13444	4094
K13445	0
K13446	0
K13447	1
K13448	2041
K13449	499
K13450	117
K13451	12
K13452	20
K13453	0
K13454	43
K13455	58
K13456	0
K13457	98
K13458	0
K13459	136
K13460	58
K13461	81
K13462	0
K13463	0
K13464	0
K13465	0
K13466	65
K13467	0
K13468	0
K13469	0
K13470	0
K13471	0
K13472	659
K13473	0
K13474	0
K13475	0
K13476	0
K13477	1
K13478	17
K13479	1205
K13480	227
K13481	4331
K13482	4233
K13483	3151
K13484	0
K13485	3415
K13486	1941
K13487	2604
K13488	1824
K13489	1742
K13490	2006
K13491	1759
K13492	0
K13493	0
K13494	0
K13495	0
K13496	10
K13497	1885
K13498	2319
K13499	8
K13500	429
K13501	0
K13502	0
K13503	1016
K13504	0
K13505	0
K13506	0
K13507	18
K13508	0
K13509	3284
K13510	1
K13511	3
K13512	0
K13513	3328
K13514	0
K13515	0
K13516	0
K13517	0
K13519	0
K13520	2
K13521	0
K13522	2468
K13523	153
K13524	0
K13525	1508
K13526	0
K13527	16
K13528	0
K13529	4126
K13530	103
K13531	19
K13532	75
K13533	2223
K13534	0
K13535	14
K13536	0
K13537	0
K13538	0
K13539	2
K13540	2661
K13541	3700
K13542	406
K13543	5991
K13544	122
K13545	4
K13546	28
K13547	28
K13548	0
K13549	52
K13550	30
K13551	0
K13552	0
K13553	17
K13554	17
K13555	6
K13556	6
K13557	6
K13558	0
K13559	24
K13560	2
K13561	6
K13562	23
K13563	25
K13564	187
K13565	0
K13566	3320
K13567	0
K13568	0
K13570	8
K13571	9
K13572	2774
K13573	5583
K13574	1504
K13575	0
K13576	0
K13577	0
K13578	0
K13580	1671
K13581	2365
K13582	4316
K13583	2235
K13584	2295
K13585	80
K13586	270
K13587	5586
K13588	2046
K13589	3013
K13590	5894
K13591	361
K13592	1483
K13593	655
K13594	0
K13596	0
K13598	4619
K13599	4106
K13600	12
K13601	2
K13602	36
K13603	0
K13604	0
K13605	0
K13606	81
K13607	45
K13608	0
K13609	2309
K13610	0
K13611	602
K13612	165
K13613	353
K13614	376
K13615	34
K13616	93
K13617	2
K13618	0
K13619	43
K13620	548
K13621	0
K13622	916
K13623	841
K13624	2
K13625	5
K13626	136
K13627	0
K13628	7503
K13629	850
K13630	648
K13631	1789
K13632	661
K13633	6262
K13634	5717
K13635	2671
K13636	1369
K13637	3175
K13638	5635
K13639	4338
K13640	89
K13641	5579
K13642	374
K13643	7719
K13644	0
K13645	15
K13646	63
K13647	26
K13648	0
K13649	0
K13650	980
K13651	896
K13652	3553
K13653	2569
K13654	2879
K13655	1410
K13656	942
K13657	434
K13658	710
K13659	270
K13660	502
K13661	141
K13662	405
K13663	3233
K13664	121
K13665	468
K13666	0
K13667	467
K13668	1855
K13669	1008
K13670	191
K13671	401
K13672	1
K13673	0
K13674	0
K13675	0
K13676	18
K13677	4
K13678	50
K13679	1
K13680	119
K13681	0
K13682	0
K13683	891
K13684	742
K13686	1
K13687	267
K13688	2144
K13689	31
K13690	2
K13691	0
K13692	0
K13693	1077
K13694	3348
K13695	3007
K13696	0
K13697	0
K13698	2
K13699	1
K13700	534
K13701	79
K13702	2087
K13703	6
K13704	9
K13705	0
K13706	4
K13707	0
K13708	0
K13709	0
K13710	0
K13711	0
K13712	0
K13713	123
K13714	1
K13715	0
K13716	0
K13717	11
K13718	0
K13719	0
K13720	18
K13721	3
K13722	77
K13723	1
K13724	0
K13725	17
K13726	1
K13727	761
K13728	0
K13729	2
K13730	702
K13731	0
K13732	4
K13733	2
K13734	0
K13735	2435
K13736	0
K13737	0
K13738	0
K13739	37
K13740	27
K13741	68
K13742	0
K13743	0
K13744	0
K13745	2131
K13746	2093
K13747	2117
K13748	2
K13749	0
K13750	0
K13751	0
K13752	0
K13753	0
K13754	5
K13755	1
K13756	0
K13757	0
K13758	0
K13759	0
K13760	0
K13761	0
K13762	16
K13763	70
K13764	0
K13765	0
K13766	5104
K13767	180
K13768	0
K13769	0
K13770	2042
K13771	5428
K13772	669
K13773	0
K13774	1301
K13775	1657
K13776	1024
K13777	1442
K13778	1427
K13779	1053
K13780	6
K13781	0
K13782	0
K13783	0
K13784	0
K13785	3
K13786	831
K13787	80
K13788	5071
K13789	77
K13790	63
K13791	9
K13792	220
K13793	7
K13794	986
K13795	1494
K13796	1707
K13797	8652
K13798	0
K13799	11
K13800	29
K13801	0
K13802	1
K13803	0
K13804	151
K13805	0
K13806	90
K13807	0
K13808	0
K13809	3
K13810	1315
K13811	1
K13812	0
K13813	0
K13814	0
K13815	1168
K13816	1625
K13818	1401
K13819	563
K13820	3
K13821	8065
K13822	14
K13823	7
K13824	0
K13825	1
K13826	0
K13827	1
K13828	0
K13829	7738
K13830	7
K13831	18
K13832	717
K13833	1
K13834	44
K13835	2
K13836	0
K13837	1
K13838	0
K13839	0
K13840	0
K13841	0
K13842	0
K13843	0
K13844	0
K13845	0
K13846	0
K13847	0
K13848	0
K13849	0
K13850	0
K13851	0
K13852	1
K13853	4
K13854	5
K13855	0
K13856	0
K13857	0
K13858	0
K13859	0
K13860	0
K13861	0
K13862	0
K13863	2
K13864	0
K13865	3
K13866	10
K13867	0
K13868	17
K13869	2
K13870	0
K13871	0
K13872	0
K13873	337
K13874	3190
K13875	2947
K13876	1889
K13877	3656
K13878	0
K13879	0
K13880	0
K13881	0
K13882	0
K13883	0
K13884	83
K13885	0
K13886	0
K13887	0
K13888	4783
K13889	1891
K13890	77
K13891	2018
K13892	3612
K13893	5824
K13894	5778
K13895	5784
K13896	6523
K13897	3
K13898	0
K13899	180
K13900	0
K13901	0
K13902	7
K13903	0
K13904	0
K13905	0
K13906	0
K13907	88
K13908	1
K13909	0
K13910	0
K13911	1
K13912	0
K13913	0
K13914	0
K13915	3
K13916	1
K13917	0
K13918	2853
K13919	385
K13920	376
K13921	605
K13922	425
K13923	314
K13924	2755
K13925	1006
K13926	2982
K13927	823
K13928	1921
K13929	2860
K13930	2822
K13931	2798
K13932	2771
K13933	2759
K13934	2869
K13935	1871
K13936	6399
K13937	0
K13938	2512
K13939	5
K13940	134
K13941	59
K13942	0
K13943	3
K13944	0
K13945	0
K13946	0
K13947	0
K13948	93
K13949	1
K13950	193
K13951	33
K13952	0
K13953	4190
K13954	3185
K13955	395
K13956	107
K13957	0
K13958	4
K13959	0
K13960	2
K13961	0
K13962	0
K13963	113
K13964	0
K13965	3
K13966	2
K13967	688
K13968	0
K13969	0
K13970	0
K13971	0
K13972	0
K13973	0
K13974	13
K13975	0
K13976	0
K13977	0
K13978	1
K13979	4196
K13980	2
K13981	0
K13982	0
K13983	8
K13984	13
K13985	5585
K13986	4
K13987	1
K13988	1
K13989	0
K13990	2
K13991	1153
K13992	318
K13993	3375
K13994	72
K13995	2016
K13996	3
K13997	162
K13998	1
K13999	15
K14000	7
K14001	0
K14002	28
K14003	12
K14004	2
K14005	0
K14006	0
K14007	1
K14008	0
K14009	7
K14010	0
K14011	0
K14012	0
K14013	0
K14014	0
K14015	0
K14016	0
K14017	0
K14018	236
K14019	0
K14020	7
K14021	1
K14022	0
K14023	6
K14024	3
K14025	0
K14026	320
K14027	0
K14028	191
K14029	189
K14030	0
K14031	0
K14032	0
K14033	0
K14034	0
K14035	0
K14036	0
K14037	0
K14038	0
K14039	0
K14040	0
K14041	0
K14042	0
K14043	0
K14044	0
K14045	0
K14046	0
K14047	0
K14048	275
K14050	0
K14051	1350
K14052	3158
K14053	442
K14054	3664
K14055	6598
K14056	4000
K14057	4087
K14058	7447
K14059	8260
K14060	4657
K14061	2744
K14062	1236
K14063	5189
K14064	855
K14065	44
K14066	0
K14067	574
K14068	0
K14069	1
K14070	0
K14071	0
K14072	0
K14073	13
K14074	0
K14075	9
K14076	0
K14077	0
K14078	0
K14079	0
K14080	29
K14081	2
K14082	24
K14083	780
K14084	128
K14085	0
K14086	8
K14087	8
K14088	9
K14089	8
K14090	63
K14091	1432
K14092	0
K14093	0
K14094	0
K14095	0
K14096	0
K14097	0
K14098	0
K14099	0
K14100	0
K14101	0
K14102	0
K14103	0
K14104	0
K14105	5
K14106	5
K14107	208
K14108	11
K14109	0
K14110	0
K14111	0
K14112	0
K14113	259
K14114	47
K14115	0
K14116	0
K14117	0
K14118	0
K14119	0
K14120	1905
K14121	0
K14122	0
K14123	0
K14124	0
K14125	0
K14126	2
K14127	13
K14128	0
K14129	0
K14130	0
K14131	0
K14132	0
K14133	0
K14134	0
K14135	0
K14136	1737
K14137	0
K14138	0
K14139	0
K14140	0
K14141	0
K14142	0
K14143	0
K14144	0
K14145	0
K14146	0
K14147	0
K14148	0
K14149	0
K14150	0
K14151	0
K14152	6
K14153	4365
K14154	15
K14155	3271
K14156	1
K14157	206
K14158	1
K14159	8520
K14160	4775
K14161	5115
K14162	5273
K14163	326
K14164	4
K14165	1040
K14166	811
K14167	1115
K14168	1
K14169	0
K14170	6809
K14171	0
K14172	0
K14173	0
K14174	0
K14175	0
K14176	0
K14177	0
K14178	0
K14179	0
K14180	0
K14181	0
K14182	0
K14183	0
K14184	0
K14185	0
K14186	0
K14187	2429
K14188	2155
K14189	3822
K14190	0
K14191	0
K14192	2
K14193	1
K14194	680
K14195	2
K14196	2
K14197	0
K14198	0
K14199	1
K14200	0
K14201	54
K14202	0
K14203	0
K14204	0
K14205	4898
K14206	1
K14207	0
K14208	5362
K14209	0
K14210	880
K14211	3
K14212	0
K14213	2724
K14214	0
K14215	0
K14216	110
K14217	2
K14242	0
K14244	292
K14245	0
K14246	0
K14249	0
K14250	1078
K14251	16
K14252	763
K14253	733
K14254	12
K14255	8
K14256	688
K14257	334
K14258	1
K14259	2996
K14260	5830
K14261	4662
K14262	7
K14263	1
K14264	0
K14265	0
K14266	994
K14267	4778
K14268	1758
K14270	0
K14271	0
K14272	0
K14273	1387
K14274	2067
K14275	14
K14281	0
K14282	0
K14283	0
K14284	0
K14285	0
K14286	2360
K14287	4252
K14288	0
K14289	0
K14290	1
K14291	0
K14292	31
K14293	2
K14294	0
K14295	0
K14296	0
K14297	0
K14298	0
K14299	0
K14300	0
K14301	1
K14302	0
K14303	0
K14304	0
K14305	0
K14306	2
K14307	8
K14308	0
K14309	0
K14310	0
K14311	0
K14312	0
K14313	0
K14314	154
K14315	0
K14316	0
K14317	0
K14318	2
K14319	55
K14320	30
K14321	0
K14322	0
K14323	0
K14324	0
K14325	0
K14326	34
K14327	0
K14328	0
K14329	0
K14330	323
K14331	35
K14332	1
K14333	359
K14334	4
K14335	1180
K14336	0
K14337	173
K14338	438
K14339	6
K14340	1485
K14341	0
K14342	57
K14343	0
K14344	0
K14345	0
K14346	1
K14347	5347
K14348	3793
K14349	86
K14350	0
K14351	21
K14352	0
K14353	0
K14354	0
K14355	0
K14356	1
K14357	0
K14358	74
K14359	2
K14360	0
K14361	3
K14362	0
K14363	0
K14364	0
K14365	0
K14366	3
K14367	0
K14368	2
K14369	97
K14370	62
K14371	0
K14372	0
K14373	4
K14374	24
K14375	0
K14376	4
K14377	0
K14378	0
K14379	314
K14380	0
K14381	0
K14382	0
K14383	0
K14384	0
K14385	0
K14386	12
K14387	3
K14388	10
K14389	0
K14390	0
K14391	37
K14392	3388
K14393	6114
K14394	97
K14395	0
K14396	0
K14397	0
K14398	0
K14399	1
K14400	0
K14401	0
K14402	0
K14403	6
K14404	0
K14405	4
K14406	0
K14407	183
K14408	0
K14409	0
K14410	87
K14411	0
K14412	6
K14413	0
K14414	1689
K14415	2545
K14416	1
K14417	1
K14418	0
K14419	46
K14420	40
K14421	142
K14422	2552
K14423	2
K14424	32
K14425	0
K14426	0
K14427	0
K14428	0
K14429	0
K14430	16
K14431	0
K14432	0
K14433	0
K14434	99
K14435	0
K14436	1
K14437	0
K14438	0
K14439	73
K14440	839
K14441	6668
K14442	0
K14443	0
K14444	2
K14445	5211
K14446	755
K14447	698
K14448	879
K14449	864
K14451	2061
K14452	8
K14453	12
K14454	0
K14455	0
K14456	0
K14457	8
K14458	99
K14459	6
K14460	0
K14461	0
K14462	0
K14463	5
K14464	46
K14465	7
K14466	395
K14467	3
K14468	17
K14469	20
K14470	290
K14471	49
K14472	32
K14473	0
K14474	0
K14475	1544
K14477	4
K14478	0
K14479	4
K14480	50
K14481	665
K14482	13
K14484	0
K14485	0
K14486	1
K14487	426
K14488	0
K14489	75
K14490	0
K14491	0
K14492	1
K14493	0
K14494	2
K14495	0
K14496	1
K14497	0
K14498	0
K14499	0
K14500	0
K14501	0
K14502	0
K14503	0
K14504	0
K14505	0
K14506	16
K14507	2
K14508	1
K14509	68
K14510	0
K14512	0
K14513	0
K14514	0
K14515	10
K14516	0
K14517	0
K14518	0
K14519	149
K14520	1923
K14521	3
K14522	0
K14523	0
K14524	0
K14525	0
K14526	0
K14527	0
K14528	0
K14529	0
K14530	0
K14531	0
K14532	0
K14533	0
K14534	133
K14535	0
K14536	0
K14537	0
K14538	0
K14539	3
K14540	1773
K14541	21
K14543	0
K14544	3
K14545	0
K14546	9
K14547	0
K14548	33
K14549	0
K14550	1
K14551	3
K14552	6
K14553	5
K14554	24
K14555	10
K14556	19
K14557	1
K14558	1
K14559	0
K14560	0
K14561	0
K14562	0
K14563	0
K14564	0
K14565	0
K14566	0
K14567	0
K14568	0
K14569	2
K14570	0
K14571	182
K14572	69
K14573	5
K14574	0
K14575	885
K14577	0
K14578	692
K14579	30
K14580	20
K14581	538
K14582	22
K14583	16
K14584	3776
K14585	39
K14586	296
K14587	65
K14588	1674
K14589	4
K14590	0
K14591	1119
K14592	0
K14593	0
K14594	0
K14595	0
K14596	1188
K14597	1066
K14598	182
K14599	0
K14600	8
K14601	0
K14602	1
K14603	1
K14604	7
K14605	0
K14606	0
K14607	0
K14608	4
K14609	0
K14610	0
K14611	1
K14612	0
K14613	1
K14614	2
K14615	0
K14616	3
K14617	0
K14618	5
K14619	0
K14620	0
K14621	0
K14622	0
K14623	502
K14624	0
K14625	0
K14626	40
K14627	2
K14628	3
K14629	174
K14630	8
K14631	132
K14632	941
K14633	991
K14634	7
K14635	0
K14636	4
K14637	3
K14638	0
K14639	0
K14640	31
K14641	0
K14642	0
K14643	0
K14644	1
K14645	2111
K14647	610
K14648	27
K14649	0
K14650	1
K14651	0
K14652	7141
K14653	0
K14654	2095
K14655	0
K14656	190
K14657	6742
K14658	352
K14659	394
K14660	1043
K14661	668
K14662	12
K14663	0
K14664	187
K14665	183
K14666	326
K14667	41
K14668	7
K14669	16
K14670	59
K14671	6
K14672	590
K14673	5276
K14674	428
K14675	4
K14676	406
K14677	0
K14678	0
K14679	0
K14680	157
K14681	2283
K14682	5525
K14683	593
K14684	92
K14685	0
K14686	0
K14687	0
K14688	87
K14689	21
K14690	0
K14691	0
K14692	300
K14693	0
K14695	0
K14696	1495
K14697	1
K14698	1071
K14699	1081
K14700	0
K14701	0
K14702	1
K14703	4
K14704	2
K14705	0
K14706	0
K14707	9
K14708	99
K14709	172
K14710	0
K14711	0
K14712	0
K14713	1
K14714	0
K14715	0
K14716	0
K14717	70
K14718	0
K14719	2
K14720	0
K14721	0
K14722	0
K14723	0
K14724	0
K14725	0
K14726	19
K14727	4516
K14728	112
K14729	879
K14730	12
K14731	6326
K14732	1
K14733	716
K14734	0
K14735	58
K14736	3
K14737	0
K14738	0
K14739	0
K14740	0
K14741	0
K14742	8670
K14743	58
K14744	1704
K14745	0
K14746	6
K14747	0
K14748	86
K14749	340
K14750	92
K14751	12
K14752	0
K14753	1
K14754	0
K14755	219
K14756	0
K14757	0
K14758	0
K14759	1
K14760	2
K14761	3559
K14762	1576
K14763	0
K14764	0
K14765	0
K14766	0
K14767	0
K14768	0
K14769	0
K14770	0
K14771	0
K14772	0
K14773	0
K14774	0
K14775	0
K14776	0
K14777	1
K14778	7
K14779	5
K14780	0
K14781	0
K14782	0
K14783	0
K14784	0
K14785	0
K14786	0
K14787	0
K14788	0
K14789	1
K14790	0
K14791	0
K14792	1333
K14793	1
K14794	5
K14795	0
K14796	0
K14797	0
K14798	0
K14799	0
K14800	0
K14801	88
K14802	0
K14803	8
K14804	0
K14805	0
K14806	0
K14807	1
K14808	1
K14809	0
K14810	0
K14811	0
K14812	0
K14813	0
K14814	0
K14815	0
K14816	0
K14817	0
K14818	2
K14819	1804
K14820	0
K14821	0
K14822	0
K14823	0
K14824	0
K14825	0
K14826	235
K14827	4
K14828	0
K14829	7
K14830	6
K14831	0
K14832	0
K14833	0
K14834	0
K14835	2
K14836	2
K14837	238
K14838	2
K14839	0
K14840	0
K14841	0
K14842	0
K14843	0
K14844	0
K14845	0
K14846	0
K14847	0
K14848	0
K14849	0
K14850	1
K14851	0
K14852	0
K14853	0
K14854	0
K14855	9
K14856	0
K14857	0
K14858	0
K14859	0
K14860	0
K14861	4
K14862	0
K14863	7
K14864	0
K14937	5
K14938	38
K14939	2
K14940	300
K14941	234
K14942	0
K14943	0
K14944	0
K14945	0
K14946	0
K14947	0
K14948	0
K14949	18
K14950	0
K14951	0
K14952	1151
K14953	43
K14954	44
K14955	27
K14956	16
K14957	0
K14958	0
K14959	0
K14960	1
K14961	4
K14962	5
K14963	100
K14964	0
K14965	0
K14966	0
K14967	0
K14968	0
K14969	0
K14970	0
K14971	0
K14972	4
K14973	0
K14974	1250
K14975	0
K14976	0
K14977	2378
K14978	310
K14979	543
K14980	2738
K14981	2977
K14982	30
K14983	80
K14984	0
K14985	14
K14986	4832
K14987	5066
K14988	31
K14989	66
K14990	0
K14991	0
K14992	0
K14993	0
K14994	0
K14995	0
K14996	0
K14997	0
K14998	5633
K14999	3
K15001	17
K15003	24
K15004	4
K15005	7
K15006	0
K15007	4
K15008	0
K15009	15
K15010	44
K15011	5160
K15012	5246
K15013	164
K15014	0
K15015	0
K15016	151
K15017	0
K15018	1
K15019	328
K15020	80
K15022	852
K15023	455
K15024	321
K15025	0
K15026	0
K15027	4
K15028	0
K15029	0
K15030	0
K15031	0
K15032	2
K15033	0
K15034	6924
K15036	0
K15037	10
K15038	0
K15039	0
K15040	0
K15041	0
K15042	54
K15043	0
K15044	0
K15045	146
K15046	186
K15047	1
K15048	0
K15049	0
K15050	0
K15051	117
K15052	26
K15053	0
K15054	1469
K15055	5477
K15056	579
K15057	2743
K15058	70
K15059	70
K15060	391
K15061	8
K15062	52
K15063	302
K15064	41
K15065	175
K15066	195
K15067	920
K15068	2
K15069	7
K15070	4
K15071	3
K15072	18
K15073	3
K15074	0
K15075	0
K15076	2
K15077	0
K15078	3
K15079	0
K15080	1
K15081	0
K15082	0
K15083	36
K15084	0
K15085	0
K15086	0
K15087	0
K15088	0
K15089	0
K15090	1
K15091	0
K15092	0
K15093	0
K15094	0
K15095	26
K15096	0
K15097	0
K15098	0
K15099	0
K15100	27
K15101	1
K15102	0
K15103	1
K15104	0
K15105	0
K15106	0
K15107	0
K15108	1
K15109	47
K15110	1
K15111	8
K15112	0
K15113	0
K15114	0
K15115	1
K15116	0
K15117	0
K15118	34
K15119	2
K15120	0
K15121	0
K15122	0
K15123	0
K15124	1
K15125	3553
K15126	77
K15127	0
K15128	0
K15129	0
K15130	0
K15131	0
K15132	0
K15133	0
K15134	0
K15135	0
K15136	0
K15137	0
K15138	0
K15139	0
K15140	0
K15141	0
K15142	0
K15143	0
K15144	0
K15145	0
K15146	0
K15147	0
K15148	0
K15149	0
K15150	0
K15151	0
K15152	0
K15153	0
K15154	0
K15155	0
K15156	4
K15157	0
K15158	0
K15159	0
K15160	0
K15161	0
K15162	0
K15163	0
K15164	0
K15165	0
K15166	0
K15167	0
K15168	0
K15169	0
K15170	0
K15171	0
K15172	0
K15173	8
K15174	0
K15175	0
K15176	142
K15177	0
K15178	0
K15179	0
K15180	0
K15181	0
K15182	0
K15183	0
K15184	0
K15185	0
K15186	0
K15187	0
K15188	0
K15189	5
K15190	2
K15191	0
K15192	628
K15193	0
K15194	0
K15195	1
K15196	0
K15197	0
K15198	0
K15199	0
K15200	0
K15201	314
K15202	0
K15203	0
K15204	0
K15205	0
K15206	133
K15207	0
K15208	0
K15209	0
K15210	0
K15211	0
K15212	0
K15213	0
K15214	0
K15215	0
K15216	0
K15217	1
K15218	37
K15219	0
K15220	0
K15221	0
K15222	0
K15223	907
K15224	0
K15225	0
K15226	0
K15227	7
K15228	646
K15229	727
K15230	0
K15231	2
K15232	102
K15233	82
K15234	1072
K15235	0
K15236	296
K15237	3
K15238	7
K15239	55
K15240	2
K15241	82
K15242	15
K15243	37
K15244	26
K15245	21
K15246	0
K15253	29
K15254	0
K15255	549
K15256	7226
K15257	4779
K15258	0
K15259	2
K15260	2
K15261	15
K15262	0
K15263	0
K15264	0
K15265	0
K15266	8
K15267	0
K15268	8091
K15269	5717
K15270	6689
K15271	4
K15272	0
K15273	0
K15274	0
K15275	0
K15276	0
K15277	0
K15278	1
K15279	0
K15280	1
K15281	0
K15282	0
K15283	2
K15284	0
K15285	0
K15286	0
K15287	0
K15288	5
K15289	6
K15290	0
K15291	0
K15292	0
K15293	2
K15294	0
K15295	0
K15296	4
K15297	0
K15298	0
K15299	0
K15300	0
K15301	0
K15302	2
K15303	2
K15304	0
K15305	0
K15306	0
K15307	0
K15308	0
K15309	0
K15310	0
K15311	107
K15312	104
K15313	90
K15314	399
K15315	274
K15316	0
K15317	0
K15318	0
K15319	0
K15320	35
K15321	25
K15322	0
K15323	0
K15324	0
K15325	0
K15326	0
K15327	80
K15328	111
K15329	340
K15331	1
K15332	0
K15333	1
K15334	0
K15335	0
K15336	0
K15337	140
K15338	0
K15340	0
K15341	0
K15342	2164
K15343	18
K15344	295
K15345	290
K15346	301
K15347	92
K15348	0
K15349	105
K15350	175
K15351	39
K15352	617
K15353	526
K15354	84
K15355	157
K15356	0
K15357	980
K15358	617
K15359	519
K15360	0
K15361	2
K15362	0
K15363	2445
K15364	0
K15365	8
K15366	777
K15367	204
K15368	845
K15369	1
K15370	0
K15371	4906
K15372	668
K15373	1102
K15374	0
K15375	0
K15376	1
K15377	0
K15378	0
K15379	0
K15380	0
K15381	0
K15382	319
K15383	1342
K15384	0
K15385	0
K15386	0
K15387	15
K15388	0
K15389	1
K15390	0
K15391	0
K15392	0
K15393	0
K15394	5
K15395	71
K15396	4920
K15397	1
K15398	0
K15400	0
K15401	0
K15402	0
K15403	0
K15404	3
K15405	0
K15406	0
K15407	0
K15408	1519
K15409	0
K15410	6
K15411	0
K15412	0
K15413	0
K15414	0
K15415	0
K15416	0
K15417	1
K15418	0
K15419	0
K15420	0
K15421	16
K15422	0
K15423	0
K15424	0
K15425	0
K15426	0
K15427	0
K15428	22
K15429	6
K15430	0
K15431	89
K15432	0
K15433	0
K15434	0
K15435	63
K15436	0
K15437	506
K15438	2
K15439	2
K15440	0
K15441	4
K15442	11
K15443	0
K15444	645
K15445	0
K15446	128
K15447	0
K15448	2
K15449	0
K15450	0
K15451	71
K15452	0
K15453	0
K15454	0
K15455	0
K15456	0
K15457	0
K15458	0
K15460	4228
K15461	6685
K15462	23
K15463	0
K15464	0
K15465	0
K15466	1
K15467	361
K15468	1
K15469	135
K15470	21
K15471	22
K15472	0
K15473	39
K15474	401
K15475	2462
K15476	60
K15477	34
K15478	30
K15479	22
K15480	76
K15481	107
K15482	44
K15483	3
K15484	5
K15485	0
K15486	92
K15487	67
K15488	6
K15490	67
K15491	26
K15492	95
K15493	0
K15494	0
K15495	280
K15496	158
K15497	62
K15498	1
K15499	0
K15500	3
K15501	0
K15502	202
K15503	256
K15504	8
K15505	36
K15506	0
K15507	0
K15508	0
K15509	1180
K15510	231
K15511	698
K15512	840
K15513	835
K15514	298
K15515	344
K15516	0
K15517	0
K15518	564
K15519	542
K15520	3028
K15521	1035
K15522	30
K15523	2541
K15524	463
K15525	62
K15526	12
K15527	2
K15528	2
K15529	681
K15530	559
K15531	90
K15532	1564
K15533	34
K15534	0
K15535	0
K15536	2044
K15537	3209
K15538	240
K15539	7491
K15540	3097
K15541	1
K15542	0
K15543	0
K15544	1
K15545	2101
K15546	1300
K15547	3047
K15548	4705
K15549	3435
K15550	3415
K15551	3743
K15552	4247
K15553	5413
K15554	6022
K15555	4255
K15556	12
K15557	12
K15558	12
K15559	1
K15560	0
K15561	0
K15562	0
K15563	0
K15564	0
K15565	1
K15566	0
K15567	0
K15568	3
K15569	2
K15570	3
K15571	0
K15572	3
K15573	0
K15574	0
K15575	1
K15576	3643
K15577	2949
K15578	2754
K15579	275
K15580	3935
K15581	3357
K15582	3746
K15583	2586
K15584	635
K15585	622
K15586	664
K15587	411
K15588	0
K15589	0
K15590	0
K15591	0
K15592	0
K15593	0
K15594	0
K15595	0
K15596	0
K15598	1635
K15599	2813
K15600	1116
K15601	0
K15602	1
K15603	0
K15604	0
K15605	0
K15606	0
K15607	0
K15608	0
K15609	0
K15610	0
K15611	0
K15612	0
K15613	0
K15614	1
K15615	0
K15616	0
K15617	0
K15618	0
K15619	10
K15620	44
K15621	0
K15622	0
K15623	0
K15624	0
K15625	0
K15626	0
K15627	0
K15628	0
K15629	355
K15630	8
K15631	197
K15632	1
K15633	4895
K15634	5421
K15635	1384
K15636	0
K15637	18
K15638	0
K15639	0
K15640	7
K15641	203
K15642	336
K15643	556
K15644	19
K15645	21
K15646	24
K15647	21
K15648	21
K15649	22
K15650	262
K15651	26
K15652	153
K15653	263
K15654	226
K15655	684
K15656	19
K15657	1
K15658	578
K15659	717
K15660	842
K15661	179
K15662	372
K15663	234
K15664	2
K15665	34
K15666	435
K15667	205
K15668	21
K15669	430
K15670	56
K15671	2
K15672	1
K15673	3
K15674	82
K15675	116
K15676	95
K15677	239
K15678	61
K15679	63
K15680	0
K15681	12
K15682	0
K15683	0
K15684	0
K15685	0
K15686	0
K15687	0
K15688	7
K15689	0
K15690	0
K15691	2
K15692	25
K15693	6
K15694	0
K15695	0
K15696	0
K15697	0
K15698	0
K15699	0
K15700	0
K15701	1
K15702	0
K15703	0
K15704	0
K15705	0
K15706	0
K15707	611
K15708	0
K15709	0
K15710	2
K15711	59
K15712	19
K15713	0
K15714	0
K15715	0
K15716	0
K15717	1
K15718	0
K15719	725
K15720	497
K15721	1914
K15722	550
K15723	2052
K15724	7105
K15725	5138
K15726	3777
K15727	4048
K15728	0
K15729	328
K15730	0
K15731	16
K15732	0
K15733	17
K15734	1786
K15735	4574
K15736	1538
K15737	617
K15738	8629
K15739	21
K15740	1566
K15741	0
K15742	1
K15743	1
K15744	315
K15745	3
K15746	972
K15747	0
K15748	0
K15749	0
K15750	45
K15751	70
K15752	30
K15753	0
K15754	203
K15755	62
K15756	37
K15757	13
K15758	107
K15759	0
K15760	73
K15761	72
K15762	328
K15763	70
K15764	72
K15765	145
K15766	0
K15767	0
K15768	188
K15769	10
K15770	610
K15771	460
K15772	467
K15773	7055
K15774	0
K15775	0
K15776	0
K15777	6202
K15778	5281
K15779	537
K15780	3459
K15781	4278
K15782	2496
K15783	1795
K15784	1749
K15785	1533
K15786	1305
K15787	0
K15789	329
K15790	1190
K15791	0
K15792	3173
K15793	0
K15794	0
K15795	0
K15796	0
K15797	0
K15798	0
K15799	0
K15800	0
K15801	0
K15802	0
K15803	0
K15804	1
K15805	0
K15806	0
K15807	0
K15808	0
K15809	0
K15810	0
K15811	1
K15812	0
K15813	0
K15814	0
K15815	0
K15816	0
K15817	0
K15818	0
K15819	0
K15820	0
K15821	0
K15822	0
K15823	0
K15824	0
K15825	11
K15826	0
K15827	697
K15828	753
K15829	791
K15830	720
K15831	881
K15832	1255
K15833	692
K15834	828
K15835	1923
K15836	1421
K15837	88
K15838	0
K15839	1
K15840	0
K15842	0
K15843	0
K15844	1
K15845	0
K15846	2
K15847	0
K15848	0
K15849	6
K15850	203
K15852	151
K15853	87
K15854	86
K15855	208
K15856	1587
K15857	8
K15858	7
K15859	12
K15860	0
K15861	748
K15862	172
K15863	17
K15864	588
K15865	0
K15866	5405
K15867	6
K15868	497
K15869	0
K15870	19
K15871	1
K15872	406
K15873	1
K15874	0
K15876	130
K15877	0
K15878	223
K15879	0
K15884	8
K15885	38
K15886	0
K15887	0
K15888	0
K15889	156
K15890	33
K15891	45
K15892	0
K15893	0
K15894	1191
K15895	8
K15896	649
K15897	1276
K15898	1151
K15899	935
K15901	0
K15902	0
K15903	0
K15904	70
K15907	2
K15908	0
K15909	0
K15910	0
K15911	9
K15912	34
K15913	1053
K15914	1884
K15915	1099
K15916	14
K15918	738
K15919	2111
K15920	18
K15921	698
K15922	637
K15923	455
K15924	128
K15925	2
K15926	3
K15927	7
K15928	8
K15929	0
K15930	24
K15931	0
K15932	869
K15933	0
K15934	0
K15935	0
K15936	0
K15937	0
K15938	0
K15939	0
K15941	1223
K15942	99
K15943	35
K15944	21
K15945	1491
K15946	0
K15947	0
K15948	0
K15949	36
K15950	0
K15951	0
K15952	0
K15953	7
K15954	1
K15955	1
K15956	2
K15957	98
K15958	0
K15959	0
K15960	0
K15961	0
K15962	0
K15963	38
K15964	1
K15965	0
K15966	0
K15967	1
K15968	0
K15969	323
K15970	178
K15971	1120
K15972	0
K15973	4903
K15974	3839
K15975	1246
K15976	1267
K15977	7838
K15978	0
K15979	3
K15980	33
K15981	142
K15982	569
K15983	517
K15984	4793
K15985	0
K15986	1551
K15987	2359
K15988	0
K15989	0
K15990	0
K15991	0
K15992	0
K15993	0
K15994	0
K15995	74
K15996	0
K15997	0
K15998	0
K15999	122
K16000	2
K16001	0
K16002	0
K16003	0
K16004	0
K16005	2
K16006	5
K16007	2
K16008	0
K16009	0
K16010	0
K16011	6647
K16012	4218
K16013	4190
K16014	385
K16015	20
K16016	18
K16017	44
K16018	18
K16019	29
K16020	1
K16021	15
K16022	585
K16023	0
K16024	38
K16025	37
K16026	22
K16027	688
K16028	845
K16029	0
K16030	0
K16031	0
K16032	0
K16033	348
K16034	1
K16035	13
K16036	2
K16037	0
K16038	163
K16039	0
K16040	0
K16041	13
K16042	33
K16043	1188
K16044	4965
K16045	6
K16046	677
K16047	1625
K16048	2027
K16049	532
K16050	524
K16051	566
K16052	4119
K16053	3946
K16054	0
K16055	10
K16056	3
K16057	0
K16058	0
K16059	0
K16060	1
K16061	2
K16062	0
K16063	0
K16064	0
K16065	0
K16066	6235
K16067	1
K16068	0
K16069	0
K16070	0
K16071	0
K16072	4
K16073	0
K16074	5257
K16075	1
K16076	1270
K16077	1468
K16078	2548
K16079	3738
K16080	575
K16081	1177
K16082	0
K16083	0
K16084	0
K16085	0
K16086	0
K16087	7375
K16088	4284
K16089	5926
K16090	7435
K16091	4287
K16092	6854
K16093	290
K16094	79
K16095	1304
K16096	0
K16097	77
K16098	0
K16099	4
K16100	1
K16101	0
K16102	0
K16103	0
K16104	0
K16105	0
K16106	46
K16107	1
K16108	28
K16109	1
K16110	5
K16111	4
K16112	25
K16113	7
K16114	0
K16115	20
K16116	0
K16117	23
K16118	262
K16122	11
K16123	306
K16124	2016
K16125	204
K16126	93
K16127	87
K16128	8
K16129	164
K16130	189
K16131	59
K16132	106
K16133	22
K16134	7
K16135	6448
K16136	1149
K16137	7466
K16138	3771
K16139	117
K16140	119
K16141	4
K16142	1
K16143	42
K16144	0
K16145	0
K16146	92
K16147	2547
K16148	1304
K16149	35
K16150	5422
K16151	6
K16152	2100
K16153	342
K16157	22
K16158	22
K16159	22
K16160	22
K16161	159
K16162	22
K16163	79
K16164	2379
K16165	4696
K16166	0
K16167	772
K16168	808
K16169	8
K16170	3
K16171	3163
K16172	0
K16173	88
K16174	0
K16175	41
K16176	0
K16177	11
K16178	0
K16179	722
K16180	9
K16181	20
K16182	0
K16183	808
K16184	7
K16185	0
K16186	0
K16188	2
K16189	0
K16190	0
K16191	5561
K16192	0
K16193	14
K16194	0
K16195	8
K16196	1
K16197	1
K16198	0
K16199	13
K16200	161
K16201	10
K16202	23
K16203	1143
K16204	0
K16205	0
K16206	0
K16207	0
K16208	0
K16209	1
K16210	1014
K16211	1214
K16212	37
K16213	2016
K16214	644
K16215	52
K16216	2090
K16217	19
K16218	82
K16219	0
K16220	0
K16221	0
K16222	0
K16223	2
K16224	0
K16225	0
K16226	6
K16227	449
K16228	163
K16229	52
K16230	2
K16231	0
K16232	1
K16233	8
K16234	1675
K16235	1311
K16236	1
K16237	222
K16238	3073
K16239	0
K16240	0
K16241	0
K16242	487
K16243	478
K16244	470
K16245	470
K16246	1034
K16247	1261
K16248	117
K16249	477
K16250	150
K16251	4
K16252	2
K16253	0
K16254	1047
K16255	216
K16256	325
K16257	312
K16258	323
K16259	310
K16260	2490
K16261	5
K16262	0
K16263	1668
K16264	7060
K16265	0
K16266	0
K16267	980
K16268	9
K16269	10
K16270	5
K16271	0
K16272	1
K16273	0
K16274	0
K16275	0
K16276	209
K16277	0
K16278	0
K16279	0
K16280	0
K16281	1
K16282	0
K16283	0
K16284	0
K16285	0
K16286	0
K16287	0
K16288	17
K16289	18
K16290	0
K16291	4470
K16292	15
K16293	92
K16294	93
K16295	2
K16296	10
K16297	0
K16298	2
K16301	2501
K16302	156
K16303	436
K16304	94
K16305	7
K16306	715
K16307	2
K16308	153
K16309	0
K16310	1
K16311	0
K16312	0
K16313	0
K16314	0
K16315	0
K16316	0
K16317	251
K16318	294
K16319	567
K16320	957
K16321	282
K16322	4300
K16323	2
K16324	289
K16325	141
K16326	515
K16327	888
K16328	1714
K16329	1951
K16330	24
K16331	4
K16332	0
K16333	0
K16334	0
K16335	0
K16336	2
K16337	0
K16338	0
K16339	1033
K16340	110
K16341	0
K16342	28
K16343	22
K16344	0
K16345	3630
K16346	454
K16347	1578
K16348	3902
K16349	0
K16350	0
K16351	0
K16352	0
K16353	37
K16354	0
K16355	0
K16356	0
K16357	0
K16358	0
K16359	0
K16360	2
K16361	0
K16362	0
K16363	30
K16364	2
K16365	274
K16366	0
K16367	0
K16368	0
K16369	10
K16370	1422
K16371	1781
K16372	9
K16373	1
K16374	4
K16375	0
K16376	0
K16377	0
K16378	25
K16379	0
K16380	26
K16381	532
K16382	0
K16383	0
K16384	116
K16385	1
K16386	10
K16387	0
K16388	0
K16389	1
K16390	5
K16391	0
K16392	2
K16393	8
K16394	2
K16395	26
K16396	2
K16397	65
K16398	0
K16399	0
K16400	14
K16401	0
K16402	0
K16403	30
K16404	0
K16405	0
K16406	1
K16407	2
K16408	0
K16409	11
K16410	2
K16411	0
K16412	0
K16413	190
K16414	10
K16415	2
K16416	2350
K16417	13
K16418	1
K16419	1
K16420	2
K16421	78
K16422	1186
K16423	141
K16424	32
K16425	20
K16426	202
K16427	45
K16428	59
K16429	291
K16430	2
K16431	2248
K16432	8
K16433	2
K16434	31
K16435	32
K16436	355
K16437	813
K16438	2
K16439	0
K16440	0
K16442	1
K16443	0
K16444	534
K16445	3
K16446	2
K16447	0
K16448	1
K16449	1
K16450	0
K16451	7
K16452	3
K16453	0
K16454	0
K16455	2
K16456	2
K16457	22
K16458	0
K16459	2
K16460	5
K16461	194
K16462	3
K16463	2
K16464	83
K16465	41
K16466	0
K16467	1
K16468	2
K16469	7
K16470	5
K16471	1
K16472	0
K16473	0
K16474	53
K16475	7
K16476	6
K16477	41
K16478	0
K16479	5
K16480	0
K16481	5
K16482	22
K16483	0
K16484	0
K16485	0
K16486	0
K16487	73
K16488	1
K16489	1
K16490	0
K16491	0
K16492	1
K16493	0
K16494	1
K16495	2
K16496	0
K16497	0
K16498	9
K16499	0
K16500	33
K16501	12
K16502	23
K16503	58
K16504	1
K16505	18
K16506	65
K16507	262
K16509	20
K16510	1
K16511	4
K16512	0
K16513	0
K16514	2333
K16515	895
K16516	2139
K16517	1100
K16518	0
K16519	0
K16520	0
K16521	0
K16522	0
K16523	0
K16524	0
K16525	0
K16526	0
K16527	0
K16528	0
K16529	0
K16530	0
K16531	53
K16532	2
K16533	12
K16534	1
K16535	0
K16536	26
K16537	0
K16538	2
K16539	0
K16540	0
K16541	0
K16542	3
K16543	8
K16544	0
K16545	0
K16546	0
K16547	5
K16548	0
K16549	4
K16550	3
K16551	15
K16552	860
K16553	145
K16554	3608
K16555	2045
K16556	1152
K16557	675
K16558	575
K16559	1384
K16560	372
K16561	344
K16562	331
K16563	278
K16564	481
K16565	445
K16566	1789
K16567	2869
K16568	6840
K16569	0
K16570	0
K16571	0
K16572	0
K16573	0
K16574	0
K16575	0
K16576	0
K16578	2
K16579	0
K16580	0
K16581	0
K16582	0
K16583	0
K16584	0
K16585	5
K16586	2
K16587	0
K16588	1
K16589	0
K16590	0
K16591	0
K16593	1678
K16594	8
K16595	0
K16596	0
K16597	0
K16598	0
K16599	0
K16600	1
K16601	43
K16602	0
K16603	0
K16604	45
K16605	0
K16606	0
K16607	0
K16608	0
K16609	0
K16610	0
K16611	0
K16612	0
K16613	0
K16614	0
K16615	5
K16616	0
K16617	5
K16618	0
K16619	48
K16620	0
K16621	0
K16622	0
K16623	2
K16624	32
K16625	0
K16626	0
K16627	0
K16628	72
K16629	5
K16630	1
K16631	0
K16632	0
K16633	0
K16634	17
K16635	22
K16636	42
K16637	246
K16638	254
K16639	3531
K16640	0
K16641	0
K16642	0
K16643	0
K16644	0
K16645	12
K16646	2
K16647	172
K16648	168
K16649	760
K16650	194
K16651	768
K16652	956
K16653	1608
K16654	0
K16655	0
K16656	0
K16657	0
K16658	0
K16659	1
K16660	0
K16661	0
K16662	0
K16663	0
K16664	0
K16665	1
K16666	0
K16667	3
K16668	0
K16669	790
K16670	0
K16671	0
K16672	0
K16673	0
K16674	0
K16675	0
K16676	0
K16677	2
K16678	1
K16679	0
K16680	1
K16681	2
K16682	0
K16683	0
K16684	0
K16685	0
K16686	0
K16687	0
K16688	0
K16689	0
K16690	0
K16691	0
K16692	4402
K16693	1883
K16694	2031
K16695	3370
K16696	149
K16697	1770
K16698	4137
K16699	2310
K16700	224
K16701	134
K16702	672
K16703	2800
K16704	1800
K16705	1635
K16706	1
K16707	240
K16708	158
K16709	336
K16710	2583
K16711	551
K16712	83
K16713	16
K16714	0
K16715	0
K16717	0
K16718	31
K16719	0
K16720	0
K16721	0
K16722	0
K16724	0
K16725	2
K16726	9
K16727	0
K16728	10
K16729	0
K16731	83
K16732	6
K16733	2
K16734	0
K16735	0
K16737	0
K16738	15
K16739	4
K16740	0
K16741	0
K16742	0
K16743	0
K16744	0
K16745	0
K16746	0
K16747	0
K16748	0
K16749	0
K16750	0
K16751	0
K16752	0
K16753	0
K16754	6
K16755	12
K16756	34
K16757	3
K16758	0
K16759	6
K16760	22
K16761	0
K16762	0
K16763	15
K16764	0
K16765	8
K16766	4
K16767	3
K16768	0
K16769	0
K16770	26
K16771	0
K16772	0
K16773	1
K16774	0
K16775	1
K16776	0
K16777	0
K16778	0
K16779	0
K16780	0
K16781	12
K16782	0
K16783	1040
K16784	1066
K16785	690
K16786	301
K16787	94
K16788	0
K16789	8
K16790	0
K16791	0
K16792	50
K16793	443
K16794	7
K16795	362
K16796	0
K16797	0
K16798	0
K16799	0
K16800	0
K16801	0
K16802	0
K16803	11
K16804	0
K16805	0
K16806	2
K16807	0
K16808	224
K16809	6
K16810	0
K16811	0
K16812	0
K16813	0
K16814	0
K16815	67
K16816	0
K16817	832
K16818	123
K16819	0
K16820	0
K16821	0
K16822	0
K16823	0
K16824	0
K16825	0
K16826	0
K16827	0
K16828	0
K16829	0
K16830	0
K16831	0
K16832	0
K16833	0
K16834	0
K16835	0
K16836	0
K16837	0
K16838	0
K16839	2460
K16840	872
K16841	3954
K16842	5619
K16843	422
K16844	1214
K16845	403
K16846	406
K16847	0
K16848	0
K16849	577
K16850	603
K16851	0
K16852	0
K16853	0
K16854	0
K16855	0
K16856	3218
K16857	42
K16858	0
K16859	0
K16860	536
K16861	0
K16862	1211
K16865	0
K16866	57
K16867	0
K16868	5528
K16869	1541
K16870	4501
K16871	1398
K16872	2864
K16873	658
K16874	681
K16875	257
K16876	384
K16877	386
K16878	435
K16879	403
K16880	382
K16881	437
K16882	0
K16883	46
K16884	2
K16885	15
K16886	29
K16887	93
K16888	0
K16889	0
K16890	0
K16891	0
K16892	0
K16893	0
K16894	0
K16895	0
K16896	0
K16897	0
K16898	3340
K16899	3208
K16900	0
K16901	36
K16902	5
K16903	15
K16904	2400
K16905	6
K16906	12
K16907	6
K16908	0
K16909	0
K16910	21
K16911	0
K16912	0
K16913	0
K16914	141
K16915	1726
K16916	1
K16917	1
K16918	19
K16919	205
K16920	1
K16921	270
K16922	1371
K16923	314
K16924	238
K16925	29
K16926	4
K16927	10
K16928	17
K16929	21
K16930	0
K16931	91
K16932	10
K16933	1
K16934	0
K16935	0
K16936	0
K16937	175
K16938	1
K16939	1
K16940	0
K16941	0
K16942	0
K16943	0
K16944	1
K16945	0
K16946	0
K16947	2
K16948	0
K16949	1
K16950	129
K16951	413
K16952	12
K16953	684
K16954	2
K16955	0
K16956	0
K16957	173
K16958	159
K16959	169
K16960	73
K16961	801
K16962	754
K16963	709
K16964	33
K16965	27
K16966	27
K16967	14
K16968	22
K16969	25
K17043	0
K17044	0
K17045	0
K17046	0
K17047	0
K17048	1
K17049	1
K17050	6
K17051	2
K17052	2
K17053	0
K17054	0
K17055	0
K17056	0
K17057	0
K17058	0
K17059	0
K17060	1830
K17061	1772
K17062	826
K17063	1
K17064	281
K17065	0
K17066	6
K17067	1
K17068	42
K17069	13
K17070	16
K17071	122
K17072	8
K17073	0
K17074	0
K17076	2
K17077	399
K17078	484
K17079	0
K17080	297
K17081	138
K17082	0
K17083	0
K17084	0
K17085	0
K17086	0
K17087	0
K17088	0
K17089	0
K17090	0
K17091	3
K17092	0
K17093	2
K17094	0
K17095	2
K17096	0
K17097	0
K17098	0
K17099	0
K17100	1206
K17101	0
K17102	1
K17103	6265
K17104	8
K17105	438
K17106	6
K17107	0
K17108	103
K17192	0
K17193	0
K17194	1
K17195	381
K17196	0
K17197	0
K17198	0
K17199	45
K17200	0
K17201	0
K17202	1072
K17203	1075
K17204	1161
K17205	541
K17206	843
K17207	556
K17208	479
K17209	481
K17210	475
K17211	0
K17212	2
K17213	1777
K17214	1682
K17215	1433
K17216	9
K17217	118
K17218	3282
K17219	0
K17220	0
K17221	0
K17222	1175
K17223	2076
K17224	1291
K17225	1195
K17226	2162
K17227	1279
K17228	1995
K17229	1223
K17230	4805
K17231	515
K17232	0
K17233	0
K17234	1
K17235	1
K17236	1
K17237	183
K17238	184
K17239	185
K17240	139
K17241	344
K17242	346
K17243	341
K17244	128
K17245	117
K17246	116
K17247	5932
K17248	180
K17249	100
K17250	394
K17251	3
K17252	0
K17253	75
K17254	2
K17255	0
K17256	509
K17257	377
K17258	1
K17259	0
K17260	0
K17261	0
K17262	0
K17263	3
K17264	1
K17265	0
K17266	0
K17267	0
K17268	5
K17269	0
K17270	0
K17271	0
K17272	0
K17273	0
K17274	0
K17275	0
K17276	0
K17277	8
K17278	4
K17279	0
K17280	0
K17281	0
K17282	0
K17283	0
K17284	0
K17285	887
K17286	3137
K17287	0
K17288	0
K17289	0
K17290	4611
K17291	0
K17292	0
K17293	0
K17294	0
K17295	0
K17296	0
K17297	0
K17298	0
K17299	7
K17300	0
K17301	0
K17302	0
K17303	0
K17304	0
K17305	1
K17306	0
K17307	0
K17308	2
K17309	6
K17310	22
K17311	0
K17312	0
K17313	0
K17314	0
K17315	3201
K17316	2860
K17317	2867
K17318	165
K17319	143
K17320	114
K17321	2694
K17322	2645
K17323	2656
K17324	2655
K17325	2663
K17326	88
K17327	6
K17328	5
K17329	16
K17330	12
K17331	622
K17332	0
K17333	0
K17334	0
K17335	0
K17336	0
K17337	0
K17338	0
K17339	0
K17340	0
K17341	94
K17342	0
K17343	0
K17344	0
K17345	0
K17346	0
K17347	0
K17348	0
K17349	4
K17350	0
K17351	0
K17352	0
K17353	0
K17354	0
K17355	0
K17356	0
K17357	0
K17358	0
K17359	0
K17360	7
K17361	4
K17362	2177
K17363	283
K17364	115
K17382	122
K17383	0
K17384	0
K17385	0
K17386	0
K17387	27
K17388	0
K17390	0
K17391	0
K17392	0
K17398	4
K17399	0
K17400	0
K17401	0
K17402	0
K17403	0
K17404	0
K17405	0
K17406	0
K17407	0
K17408	1
K17409	0
K17410	0
K17411	0
K17412	0
K17413	0
K17414	0
K17415	0
K17417	0
K17418	0
K17419	0
K17420	0
K17421	0
K17422	0
K17423	0
K17424	0
K17425	0
K17426	218
K17427	0
K17428	0
K17429	0
K17430	0
K17431	0
K17432	0
K17433	0
K17434	0
K17435	0
K17436	0
K17437	0
K17438	0
K17439	14
K17440	0
K17441	0
K17442	2
K17443	0
K17444	0
K17445	0
K17446	0
K17447	0
K17448	0
K17449	0
K17450	52
K17451	0
K17452	0
K17453	0
K17454	0
K17455	3
K17456	0
K17457	7
K17458	2
K17459	1
K17460	0
K17461	4
K17462	909
K17463	1135
K17464	180
K17465	365
K17466	302
K17467	368
K17468	1646
K17469	2
K17470	1
K17471	8
K17472	1095
K17473	170
K17474	42
K17475	0
K17476	0
K17477	0
K17478	2
K17479	3
K17480	0
K17481	3
K17482	0
K17483	4
K17484	82
K17485	61
K17486	372
K17487	63
K17488	0
K17489	1
K17490	174
K17491	0
K17492	0
K17493	1
K17494	0
K17495	0
K17496	0
K17497	15
K17498	0
K17499	10
K17500	10
K17501	2
K17502	0
K17503	0
K17504	0
K17505	0
K17506	64
K17507	0
K17508	12
K17509	1020
K17510	0
K17511	1
K17512	13
K17513	12
K17514	0
K17515	0
K17516	0
K17517	0
K17518	0
K17519	0
K17520	1
K17521	0
K17522	0
K17523	1
K17524	1
K17525	0
K17526	0
K17527	32
K17528	0
K17529	0
K17530	0
K17531	1
K17532	0
K17533	0
K17534	0
K17535	16
K17536	0
K17537	0
K17538	0
K17539	2
K17540	0
K17541	0
K17542	0
K17543	0
K17544	4
K17545	2
K17546	9
K17547	0
K17548	0
K17549	0
K17550	208
K17551	2
K17552	0
K17553	0
K17554	0
K17555	0
K17556	0
K17557	0
K17558	0
K17559	0
K17560	0
K17561	0
K17562	2
K17563	0
K17564	0
K17565	0
K17566	31
K17567	0
K17568	0
K17569	0
K17570	26
K17571	0
K17572	0
K17573	284
K17574	0
K17575	0
K17576	12
K17577	1
K17578	8
K17579	0
K17580	9
K17581	1
K17582	0
K17583	0
K17584	0
K17586	0
K17587	1
K17588	0
K17589	15
K17590	0
K17591	23
K17592	174
K17593	1
K17594	0
K17595	0
K17596	0
K17597	0
K17598	0
K17599	0
K17600	0
K17601	0
K17602	1
K17603	1
K17604	1
K17605	0
K17606	0
K17607	0
K17608	3
K17609	127
K17610	0
K17611	1
K17612	0
K17613	4
K17614	87
K17615	1
K17616	37
K17617	33
K17618	1
K17619	15
K17620	0
K17621	0
K17622	0
K17623	800
K17624	14
K17625	6
K17626	0
K17630	0
K17631	0
K17632	1
K17633	0
K17634	0
K17635	0
K17636	0
K17637	0
K17638	0
K17639	0
K17640	15
K17641	756
K17642	0
K17643	196
K17644	886
K17645	0
K17646	5
K17647	0
K17648	409
K17649	1
K17650	0
K17651	1
K17652	2
K17653	0
K17654	0
K17655	4
K17656	1
K17657	0
K17658	5
K17659	0
K17660	0
K17661	0
K17662	1496
K17663	0
K17664	0
K17665	0
K17666	0
K17667	0
K17668	0
K17669	19
K17670	0
K17671	0
K17672	0
K17673	0
K17674	0
K17675	2475
K17676	0
K17677	531
K17678	0
K17679	0
K17680	451
K17681	19
K17682	0
K17683	0
K17685	0
K17686	5601
K17687	0
K17689	0
K17690	0
K17691	0
K17692	0
K17693	0
K17694	0
K17695	0
K17696	0
K17697	0
K17698	0
K17699	0
K17700	0
K17701	0
K17702	1
K17703	0
K17704	0
K17705	5
K17706	0
K17707	0
K17708	0
K17709	0
K17710	36
K17711	0
K17712	0
K17713	7301
K17714	0
K17715	0
K17716	902
K17717	1225
K17718	0
K17719	0
K17720	0
K17721	0
K17722	2617
K17723	2775
K17724	3065
K17725	1326
K17726	0
K17728	0
K17729	0
K17730	0
K17731	0
K17732	1844
K17733	2270
K17734	2053
K17735	2812
K17736	2815
K17737	6802
K17738	25
K17739	3
K17740	46
K17741	204
K17742	30
K17743	45
K17744	2
K17745	4
K17746	1
K17747	1
K17748	0
K17749	342
K17750	0
K17751	4
K17752	1111
K17753	0
K17754	180
K17755	9
K17756	1446
K17757	0
K17758	1211
K17759	0
K17760	834
K17761	48
K17762	1091
K17763	1098
K17764	0
K17765	0
K17766	1
K17767	0
K17768	228
K17769	0
K17770	0
K17771	0
K17772	0
K17773	0
K17774	0
K17775	0
K17776	231
K17777	0
K17778	0
K17779	0
K17780	0
K17781	0
K17782	0
K17783	2
K17784	0
K17785	439
K17786	0
K17787	0
K17788	0
K17789	0
K17790	1
K17791	0
K17792	0
K17793	0
K17794	0
K17795	0
K17796	0
K17797	0
K17798	11
K17799	0
K17800	2
K17801	5
K17802	0
K17803	849
K17804	1866
K17805	6
K17806	0
K17807	0
K17808	0
K17809	0
K17810	1757
K17811	183
K17812	0
K17813	0
K17814	14
K17815	0
K17816	131
K17817	0
K17818	14
K17819	0
K17820	0
K17821	0
K17822	0
K17823	0
K17824	0
K17825	202
K17826	0
K17827	0
K17828	482
K17829	14
K17830	3074
K17831	436
K17832	9
K17833	0
K17834	13
K17835	84
K17836	1161
K17837	2816
K17838	723
K17839	327
K17840	757
K17841	2
K17842	0
K17843	0
K17844	0
K17845	0
K17846	0
K17847	0
K17848	0
K17849	0
K17850	2473
K17851	0
K17852	0
K17853	0
K17854	0
K17861	0
K17862	52
K17863	0
K17864	0
K17865	5785
K17866	0
K17867	132
K17868	0
K17869	2
K17870	93
K17872	15
K17873	0
K17874	0
K17875	0
K17876	190
K17877	0
K17878	0
K17879	7619
K17880	648
K17881	71
K17882	15
K17883	49
K17884	4631
K17885	0
K17886	0
K17887	0
K17888	0
K17889	2
K17890	19
K17891	0
K17892	0
K17893	340
K17894	0
K17895	0
K17896	0
K17897	0
K17898	2
K17899	2
K17900	227
K17901	0
K17902	0
K17903	0
K17904	1
K17905	0
K17906	0
K17907	1
K17908	0
K17909	0
K17910	763
K17911	1
K17912	0
K17913	0
K17914	0
K17915	1
K17916	4
K17917	9
K17918	0
K17919	0
K17920	0
K17921	0
K17922	0
K17923	0
K17924	0
K17925	0
K17926	0
K17927	0
K17928	80
K17929	0
K17930	0
K17931	0
K17932	0
K17933	0
K17934	0
K17935	2
K17936	0
K17937	0
K17938	1875
K17939	333
K17940	11
K17941	0
K17942	1
K17943	0
K17944	0
K17945	10
K17946	0
K17947	725
K17948	453
K17949	0
K17950	3721
K17951	0
K17952	0
K17953	7
K17958	0
K17960	1
K17961	1
K17962	0
K17963	0
K17964	14
K17965	0
K17966	0
K17967	0
K17968	0
K17969	1
K17970	4
K17971	2
K17972	1
K17973	3
K17974	0
K17975	11
K17976	0
K17977	0
K17978	4
K17979	0
K17980	0
K17981	0
K17982	0
K17983	1
K17984	0
K17985	0
K17986	1
K17987	160
K17988	0
K17989	1025
K17990	253
K17991	22
K17992	32
K17993	230
K17994	230
K17995	0
K17996	285
K17997	0
K17998	2
K17999	398
K18000	42
K18001	68
K18002	69
K18003	70
K18004	35
K18005	137
K18006	142
K18007	140
K18008	1
K18009	6750
K18010	0
K18011	3
K18012	3
K18013	3952
K18014	14
K18015	90
K18016	0
K18017	0
K18018	0
K18019	0
K18020	0
K18021	0
K18022	0
K18023	120
K18024	0
K18025	0
K18026	0
K18027	0
K18028	1254
K18029	1818
K18030	2825
K18031	10
K18032	5
K18033	1
K18034	40
K18035	0
K18036	0
K18037	1
K18038	0
K18039	1
K18040	0
K18041	9
K18042	4
K18043	0
K18044	0
K18045	1959
K18046	0
K18047	1
K18048	0
K18049	1
K18050	0
K18051	0
K18052	0
K18053	350
K18054	291
K18055	840
K18056	16
K18057	2
K18058	1220
K18059	2434
K18060	2
K18061	0
K18062	674
K18063	25
K18064	5
K18065	0
K18066	92
K18067	319
K18068	954
K18069	272
K18070	452
K18071	184
K18072	1734
K18073	1794
K18074	101
K18075	75
K18076	87
K18077	29
K18078	36
K18079	1
K18080	0
K18081	0
K18082	0
K18083	0
K18084	0
K18085	0
K18086	0
K18087	64
K18088	25
K18089	12
K18090	8
K18091	253
K18092	136
K18093	3336
K18094	1082
K18095	442
K18096	677
K18097	6
K18098	2645
K18099	253
K18100	1340
K18101	738
K18102	1
K18103	0
K18104	30
K18105	0
K18106	0
K18107	0
K18108	0
K18109	36
K18110	1
K18111	57
K18112	0
K18113	0
K18114	0
K18115	55
K18116	0
K18117	0
K18118	3342
K18119	4
K18120	3
K18121	29
K18122	2266
K18123	0
K18124	0
K18125	0
K18126	0
K18127	0
K18128	0
K18129	352
K18130	342
K18131	88
K18132	10
K18133	836
K18134	4
K18135	902
K18136	1800
K18137	285
K18138	6419
K18139	5547
K18140	651
K18141	5449
K18142	3868
K18143	1677
K18144	1675
K18145	1045
K18146	1199
K18147	285
K18148	859
K18149	0
K18150	5
K18151	0
K18152	0
K18153	5
K18154	4
K18155	0
K18156	0
K18157	0
K18158	0
K18159	573
K18160	1
K18161	0
K18162	2157
K18163	1989
K18164	4414
K18165	0
K18166	1175
K18167	0
K18168	44
K18169	128
K18170	0
K18171	0
K18172	0
K18173	230
K18174	0
K18175	4
K18176	0
K18177	0
K18178	0
K18179	0
K18180	211
K18181	0
K18182	0
K18183	0
K18184	0
K18185	0
K18186	0
K18187	0
K18188	0
K18189	8685
K18190	0
K18191	0
K18192	11
K18193	0
K18194	0
K18195	253
K18196	0
K18197	163
K18198	1
K18199	3131
K18200	394
K18201	1906
K18202	2
K18203	111
K18204	5322
K18205	710
K18206	273
K18207	17
K18208	2297
K18209	1151
K18210	90
K18211	5
K18212	0
K18213	0
K18214	83
K18215	2
K18216	0
K18217	0
K18218	1495
K18219	38
K18220	155
K18221	542
K18222	3
K18223	221
K18224	219
K18225	847
K18226	217
K18227	27
K18228	0
K18229	30
K18230	369
K18231	830
K18232	68
K18233	251
K18234	2827
K18235	5307
K18236	260
K18237	47
K18239	35
K18240	611
K18241	0
K18242	518
K18243	524
K18244	4621
K18245	0
K18246	0
K18247	0
K18248	420
K18249	268
K18250	3
K18251	0
K18252	2
K18253	0
K18254	0
K18255	0
K18256	0
K18257	0
K18258	70
K18259	0
K18260	0
K18261	0
K18262	0
K18263	383
K18264	1
K18265	0
K18266	0
K18267	0
K18268	7
K18269	0
K18270	0
K18271	3
K18272	0
K18273	102
K18274	0
K18275	228
K18276	21
K18277	855
K18278	61
K18279	0
K18280	0
K18281	1
K18282	2
K18283	33
K18284	43
K18285	9
K18286	541
K18287	39
K18288	211
K18289	2016
K18290	2308
K18291	732
K18292	1782
K18293	53
K18294	761
K18295	1030
K18296	1721
K18297	3649
K18298	1928
K18299	1554
K18300	3237
K18301	5748
K18302	6444
K18303	5743
K18304	1279
K18305	2090
K18306	3973
K18307	3393
K18308	298
K18309	1
K18310	0
K18311	0
K18312	50
K18313	564
K18314	8
K18315	55
K18316	45
K18317	40
K18318	28
K18319	29
K18320	1471
K18321	2465
K18322	476
K18323	1602
K18324	1116
K18325	588
K18326	6103
K18327	0
K18328	0
K18329	0
K18330	597
K18331	106
K18332	67
K18333	623
K18334	1514
K18335	2416
K18336	2183
K18337	453
K18338	0
K18339	0
K18340	0
K18341	5
K18342	88
K18343	0
K18344	324
K18345	68
K18346	339
K18347	2
K18348	611
K18349	38
K18350	24
K18351	25
K18352	16
K18353	7891
K18354	46
K18355	12
K18356	12
K18357	12
K18358	12
K18359	21
K18360	5387
K18361	14
K18362	22
K18363	19
K18364	824
K18365	1536
K18366	850
K18367	703
K18368	1
K18369	2298
K18370	3
K18371	124
K18372	1453
K18373	349
K18374	349
K18375	87
K18376	282
K18377	2273
K18378	76
K18379	250
K18380	364
K18381	340
K18382	215
K18383	1329
K18384	166
K18385	0
K18386	0
K18387	7
K18388	2
K18389	0
K18390	0
K18391	0
K18392	0
K18393	0
K18394	0
K18395	0
K18396	0
K18397	0
K18398	1138
K18399	34
K18400	0
K18401	0
K18402	1
K18403	0
K18404	0
K18405	0
K18406	0
K18407	0
K18408	1
K18409	0
K18410	430
K18411	0
K18412	0
K18413	0
K18414	0
K18415	0
K18416	1403
K18417	122
K18418	1
K18419	0
K18420	19
K18421	2
K18422	56
K18423	0
K18424	426
K18425	2081
K18426	0
K18427	6
K18428	3
K18429	134
K18430	731
K18431	642
K18433	190
K18434	1398
K18435	0
K18436	0
K18437	8
K18438	52
K18439	2
K18440	0
K18441	0
K18442	0
K18443	9
K18444	871
K18445	32
K18446	6403
K18447	73
K18448	0
K18449	0
K18450	0
K18451	0
K18452	0
K18453	3266
K18454	241
K18455	293
K18456	3222
K18457	1002
K18458	1
K18459	1156
K18460	0
K18461	3
K18462	0
K18463	0
K18464	0
K18465	0
K18466	0
K18467	0
K18468	0
K18469	0
K18470	68
K18471	1306
K18472	1
K18473	682
K18474	1
K18475	634
K18476	2531
K18477	26
K18478	3779
K18479	3420
K18480	4645
K18481	25
K18482	2
K18483	2
K18484	0
K18485	0
K18486	0
K18487	0
K18488	0
K18489	0
K18490	0
K18491	2
K18492	0
K18493	0
K18494	0
K18495	0
K18496	0
K18497	0
K18498	0
K18499	0
K18500	68
K18501	68
K18529	0
K18530	113
K18531	112
K18532	81
K18533	433
K18534	4668
K18535	315
K18536	2
K18537	26
K18538	29
K18539	22
K18540	3070
K18541	319
K18542	72
K18543	21
K18544	1
K18545	75
K18546	370
K18547	48
K18548	0
K18549	1
K18550	0
K18551	1406
K18552	604
K18553	444
K18554	717
K18555	3245
K18556	5
K18557	41
K18558	0
K18559	0
K18560	4
K18561	2
K18562	584
K18563	0
K18564	0
K18565	0
K18566	4
K18567	3369
K18568	17
K18569	4
K18570	1
K18571	35
K18572	2107
K18573	4265
K18574	4
K18575	3689
K18576	278
K18577	101
K18578	2294
K18579	104
K18580	39
K18581	903
K18582	0
K18583	11
K18584	1
K18585	30
K18586	315
K18587	1269
K18588	8069
K18589	342
K18590	60
K18591	8
K18592	5
K18593	0
K18594	307
K18595	20
K18596	0
K18597	3
K18598	2
K18599	0
K18600	0
K18601	1
K18602	0
K18603	0
K18604	4
K18605	0
K18606	1002
K18607	117
K18608	304
K18609	186
K18610	110
K18611	255
K18612	100
K18613	324
K18614	55
K18615	0
K18616	0
K18617	0
K18618	0
K18619	0
K18620	1
K18621	0
K18622	3735
K18623	0
K18624	0
K18625	0
K18626	6
K18627	0
K18628	0
K18629	0
K18630	0
K18631	0
K18632	0
K18633	0
K18634	0
K18635	0
K18636	0
K18637	780
K18638	0
K18639	0
K18640	1136
K18641	0
K18642	72
K18643	128
K18644	0
K18645	0
K18646	0
K18647	0
K18648	1
K18649	2933
K18650	1123
K18651	81
K18652	14
K18653	16
K18654	29
K18655	0
K18656	0
K18657	1970
K18658	0
K18659	0
K18660	4
K18661	1948
K18663	5
K18664	4
K18665	52
K18666	0
K18667	0
K18668	10
K18669	0
K18670	0
K18671	80
K18672	16
K18673	502
K18674	0
K18675	326
K18676	2553
K18677	0
K18678	117
K18679	0
K18680	0
K18681	0
K18682	658
K18683	12
K18684	2
K18685	0
K18686	0
K18687	461
K18688	96
K18689	0
K18690	3
K18691	4760
K18692	10
K18693	26
K18694	59
K18695	1
K18696	1
K18697	4522
K18698	410
K18699	55
K18700	679
K18701	7
K18702	4217
K18703	407
K18704	909
K18705	0
K18706	246
K18707	2279
K18708	0
K18709	0
K18710	0
K18711	0
K18712	0
K18713	0
K18714	0
K18715	0
K18716	2
K18717	0
K18718	0
K18719	0
K18720	0
K18721	0
K18722	0
K18723	13
K18724	0
K18725	1
K18726	0
K18727	0
K18728	0
K18729	2
K18730	1
K18731	0
K18732	2
K18733	0
K18734	0
K18735	0
K18736	0
K18737	0
K18738	0
K18739	0
K18740	0
K18741	0
K18742	0
K18743	0
K18744	0
K18745	0
K18746	0
K18747	0
K18748	0
K18749	0
K18750	0
K18751	0
K18752	0
K18753	0
K18754	1
K18755	0
K18756	274
K18757	0
K18758	0
K18759	0
K18760	0
K18761	0
K18762	3
K18763	0
K18764	199
K18765	3441
K18766	15
K18767	1589
K18768	219
K18769	1
K18770	1
K18772	0
K18773	0
K18774	0
K18775	4
K18776	0
K18777	0
K18778	3614
K18779	281
K18780	79
K18781	67
K18782	61
K18783	0
K18784	0
K18785	15
K18786	237
K18787	28
K18788	0
K18789	4
K18790	49
K18791	95
K18792	42
K18793	12
K18794	6
K18795	149
K18796	119
K18797	14
K18798	47
K18799	984
K18800	5959
K18801	4
K18802	4111
K18803	0
K18804	0
K18806	3
K18807	16
K18808	333
K18809	55
K18810	0
K18811	0
K18812	0
K18813	0
K18814	1434
K18815	1889
K18816	1415
K18817	50
K18818	0
K18819	146
K18820	222
K18821	3
K18822	0
K18823	0
K18824	228
K18825	3
K18826	0
K18827	355
K18828	3271
K18829	2502
K18830	953
K18831	4200
K18832	0
K18833	57
K18834	0
K18835	0
K18836	0
K18837	643
K18838	655
K18839	840
K18840	493
K18841	1068
K18842	1205
K18843	3702
K18844	451
K18845	23
K18846	0
K18847	79
K18848	5
K18849	10
K18850	5980
K18851	12
K18852	4502
K18853	296
K18854	0
K18855	610
K18856	1
K18857	0
K18858	0
K18859	0
K18860	0
K18861	0
K18862	202
K18866	2
K18873	0
K18874	53
K18875	18
K18876	72
K18877	9
K18878	0
K18879	263
K18880	0
K18881	3252
K18882	1
K18883	0
K18884	0
K18885	0
K18886	87
K18887	25
K18888	24
K18889	2207
K18890	2271
K18891	4
K18892	2
K18893	5851
K18894	7
K18895	53
K18896	1271
K18897	2002
K18898	307
K18899	87
K18900	8339
K18901	3012
K18902	3158
K18903	3495
K18904	5508
K18905	2253
K18906	134
K18907	69
K18908	3846
K18909	690
K18910	1535
K18911	2761
K18912	3327
K18913	603
K18914	366
K18915	104
K18916	271
K18917	1321
K18918	4084
K18919	250
K18920	447
K18921	416
K18922	301
K18923	2187
K18924	99
K18925	171
K18926	487
K18927	211
K18928	2682
K18929	2679
K18930	1784
K18931	813
K18932	2
K18933	39
K18934	4
K18935	64
K18936	430
K18937	85
K18938	4
K18939	648
K18940	209
K18941	13
K18942	0
K18943	1
K18944	1
K18945	0
K18946	0
K18947	0
K18948	5
K18949	0
K18950	0
K18951	77
K18952	0
K18953	0
K18954	4789
K18955	13
K18956	0
K18957	0
K18958	8
K18959	1
K18960	52
K18961	0
K18962	7
K18963	0
K18964	0
K18966	9
K18967	4574
K18968	4177
K18969	1
K18970	13
K18971	9
K18972	31
K18973	43
K18974	694
K18975	249
K18976	51
K18977	4
K18978	2
K18979	7551
K18980	2
K18981	3017
K18982	1256
K18983	2521
K18984	316
K18985	0
K18986	0
K18987	14
K18988	3675
K18989	1391
K18990	1498
K18991	5811
K18992	7
K18993	0
K18994	0
K18995	0
K18996	1296
K18997	3414
K18998	0
K18999	0
K19000	2260
K19001	30
K19002	1615
K19003	856
K19004	3
K19005	4048
K19006	0
K19007	76
K19008	0
K19009	0
K19010	0
K19011	0
K19012	0
K19013	1
K19014	1
K19015	0
K19016	0
K19017	0
K19018	0
K19019	0
K19020	0
K19021	0
K19022	0
K19023	0
K19024	0
K19025	0
K19026	0
K19027	3
K19028	0
K19029	0
K19030	0
K19031	36
K19032	0
K19033	370
K19034	0
K19035	0
K19036	1457
K19037	3
K19038	0
K19039	0
K19040	0
K19041	3
K19042	2
K19043	0
K19044	2
K19045	0
K19046	623
K19047	137
K19048	1207
K19049	63
K19050	2
K19051	185
K19052	422
K19053	229
K19054	21
K19055	4355
K19056	141
K19057	754
K19058	880
K19059	490
K19060	364
K19061	103
K19062	257
K19063	37
K19064	1941
K19065	512
K19066	0
K19067	2
K19068	542
K19069	40
K19070	0
K19071	0
K19072	1
K19073	302
K19074	0
K19075	9
K19076	156
K19077	2
K19078	27
K19079	2
K19080	3
K19081	7
K19082	70
K19083	2
K19084	32
K19085	0
K19086	0
K19087	0
K19088	0
K19089	0
K19090	4
K19091	28
K19092	4950
K19093	212
K19094	0
K19095	243
K19096	149
K19097	16
K19098	134
K19099	39
K19100	24
K19101	348
K19102	46
K19103	5
K19104	88
K19105	0
K19106	52
K19107	480
K19108	23
K19109	9
K19110	25
K19111	16
K19112	294
K19113	3711
K19114	6
K19115	6
K19116	6
K19117	587
K19118	589
K19119	602
K19120	0
K19121	12
K19122	9
K19123	599
K19124	655
K19125	657
K19126	732
K19127	821
K19128	928
K19129	929
K19130	991
K19131	54
K19132	58
K19133	0
K19134	74
K19135	144
K19136	18
K19137	0
K19138	66
K19139	62
K19140	63
K19141	101
K19142	101
K19143	1
K19144	2
K19145	141
K19146	0
K19147	1155
K19148	416
K19149	7
K19150	0
K19151	0
K19152	0
K19153	0
K19154	0
K19155	776
K19156	2539
K19157	1070
K19158	1698
K19159	2235
K19160	399
K19161	87
K19162	1238
K19163	1742
K19164	1821
K19165	3831
K19166	1956
K19167	97
K19168	3477
K19169	940
K19170	1287
K19171	2578
K19172	286
K19173	762
K19174	180
K19175	704
K19176	63
K19177	0
K19178	4
K19179	22
K19180	171
K19181	1027
K19182	0
K19183	64
K19184	0
K19185	198
K19186	10
K19187	42
K19188	81
K19189	594
K19190	6
K19191	1
K19192	0
K19193	0
K19194	0
K19195	0
K19196	0
K19197	0
K19198	0
K19199	0
K19200	1554
K19201	0
K19202	0
K19203	9
K19204	36
K19205	0
K19206	0
K19207	2
K19208	30
K19209	208
K19210	0
K19211	49
K19212	0
K19213	104
K19214	597
K19215	425
K19216	0
K19217	162
K19218	269
K19219	167
K19220	321
K19221	6319
K19222	4161
K19223	2432
K19224	251
K19225	2185
K19226	2267
K19227	2271
K19228	2271
K19229	2274
K19230	2273
K19231	2831
K19232	2230
K19233	1027
K19234	2744
K19235	2388
K19236	1771
K19237	5
K19238	246
K19239	5526
K19240	0
K19241	0
K19242	22
K19243	282
K19244	3294
K19245	119
K19246	123
K19247	0
K19248	0
K19249	0
K19251	0
K19252	0
K19253	0
K19254	0
K19255	0
K19256	0
K19257	0
K19258	0
K19259	0
K19260	0
K19261	0
K19262	46
K19263	0
K19264	0
K19265	3506
K19266	1198
K19267	5962
K19268	329
K19269	123
K19270	4765
K19271	781
K19272	275
K19273	860
K19274	127
K19275	128
K19276	41
K19277	3
K19278	191
K19279	39
K19280	6
K19281	0
K19282	0
K19283	0
K19284	0
K19285	952
K19286	2595
K19287	1
K19288	1
K19289	0
K19290	1173
K19291	1410
K19292	1258
K19293	1095
K19294	2895
K19295	1869
K19296	1396
K19297	0
K19298	49
K19299	8
K19300	610
K19301	25
K19302	7379
K19303	4245
K19304	8322
K19305	11
K19306	1
K19307	138
K19308	2
K19309	1
K19310	76
K19311	4560
K19312	1
K19313	3
K19314	306
K19315	4
K19316	47
K19317	11
K19318	45
K19319	30
K19320	8
K19321	5
K19322	55
K19323	1
K19324	0
K19325	0
K19326	39
K19327	0
K19328	0
K19329	52
K19330	0
K19331	0
K19332	0
K19333	6019
K19334	1911
K19335	517
K19336	825
K19337	6621
K19338	4581
K19339	1430
K19340	1263
K19341	1885
K19342	1837
K19343	78
K19344	570
K19345	838
K19346	0
K19347	51
K19348	0
K19349	31
K19350	22
K19351	0
K19352	2
K19353	2939
K19354	1348
K19355	720
K19356	0
K19357	0
K19358	0
K19360	1504
K19361	0
K19362	0
K19363	0
K19364	0
K19365	0
K19366	1
K19367	45
K19368	0
K19369	0
K19370	1750
K19371	1
K19372	0
K19373	1761
K19374	0
K19375	148
K19376	0
K19377	0
K19378	0
K19379	0
K19380	1
K19381	0
K19382	0
K19383	0
K19384	0
K19385	0
K19386	1
K19387	0
K19388	0
K19389	0
K19390	0
K19391	0
K19392	0
K19393	1
K19394	0
K19395	0
K19396	1
K19397	0
K19398	0
K19399	0
K19400	3
K19401	0
K19402	0
K19403	0
K19404	2
K19405	3
K19406	0
K19407	0
K19408	6
K19409	5
K19410	0
K19411	23
K19412	30
K19413	8
K19414	0
K19415	5
K19416	5284
K19417	0
K19418	52
K19419	473
K19420	44
K19421	1
K19422	75
K19423	1371
K19424	89
K19425	153
K19426	69
K19427	709
K19428	199
K19429	575
K19430	124
K19431	291
K19432	1
K19433	2
K19434	4
K19435	0
K19436	0
K19437	0
K19438	0
K19439	2
K19440	0
K19441	0
K19442	0
K19443	0
K19444	0
K19445	0
K19446	0
K19447	0
K19448	0
K19449	486
K19450	0
K19451	0
K19452	4
K19453	0
K19454	0
K19455	0
K19456	0
K19457	0
K19458	0
K19459	0
K19460	0
K19461	3
K19462	0
K19463	0
K19464	0
K19465	10
K19466	0
K19467	6
K19469	0
K19470	2
K19471	0
K19472	2
K19473	0
K19474	0
K19475	0
K19476	0
K19477	277
K19478	0
K19479	2
K19480	0
K19481	0
K19482	0
K19483	5
K19484	0
K19485	0
K19486	0
K19487	0
K19488	0
K19489	0
K19490	0
K19491	0
K19492	0
K19493	0
K19494	0
K19495	0
K19496	0
K19497	0
K19498	0
K19499	0
K19500	0
K19501	0
K19502	0
K19503	0
K19504	378
K19505	190
K19506	169
K19507	170
K19508	165
K19509	164
K19510	293
K19511	815
K19512	0
K19513	0
K19514	0
K19515	1
K19516	1
K19517	2
K19518	0
K19519	3372
K19520	0
K19521	0
K19522	0
K19523	0
K19524	0
K19525	1
K19526	0
K19527	0
K19528	1
K19529	0
K19530	5
K19531	0
K19532	107
K19533	118
K19534	0
K19535	0
K19536	0
K19537	0
K19538	0
K19539	0
K19540	421
K19541	2
K19542	518
K19543	0
K19544	1
K19545	188
K19546	186
K19547	1137
K19548	258
K19549	0
K19550	10
K19551	224
K19552	0
K19553	0
K19554	0
K19555	59
K19556	132
K19557	13
K19558	0
K19559	0
K19560	1
K19561	58
K19562	0
K19563	9
K19564	1035
K19565	0
K19566	2
K19567	205
K19568	123
K19569	6
K19570	797
K19571	0
K19572	0
K19573	0
K19574	1
K19575	109
K19576	830
K19577	6796
K19578	36
K19579	0
K19580	20
K19581	0
K19582	0
K19583	1
K19584	0
K19585	1157
K19586	2980
K19587	3127
K19588	6
K19589	0
K19590	0
K19591	7054
K19592	1089
K19593	117
K19594	335
K19595	351
K19596	0
K19597	2671
K19598	0
K19599	2
K19600	0
K19601	0
K19602	0
K19603	0
K19604	0
K19605	0
K19606	0
K19607	14
K19608	2
K19609	1106
K19610	1256
K19611	2926
K19612	13
K19613	2178
K19614	0
K19615	612
K19616	1147
K19617	43
K19618	69
K19619	236
K19620	2598
K19621	301
K19622	532
K19623	1639
K19624	108
K19625	0
K19626	48
K19627	0
K19628	0
K19629	3
K19630	787
K19631	0
K19632	3
K19633	188
K19634	0
K19635	0
K19636	125
K19637	0
K19638	0
K19639	109
K19640	511
K19641	403
K19642	0
K19643	3
K19644	15
K19645	22
K19646	0
K19647	452
K19648	189
K19649	40
K19650	0
K19651	0
K19652	2
K19653	8
K19654	0
K19655	0
K19656	0
K19657	7
K19658	899
K19659	159
K19660	0
K19661	519
K19662	0
K19663	0
K19664	181
K19665	107
K19666	1436
K19667	115
K19668	252
K19669	214
K19670	2620
K19671	1
K19672	7
K19673	46
K19674	0
K19675	0
K19676	0
K19677	18
K19678	0
K19679	2
K19680	2
K19681	6
K19682	0
K19683	34
K19684	0
K19685	4
K19686	1070
K19687	861
K19688	599
K19689	1933
K19690	1013
K19691	1868
K19692	834
K19693	1489
K19694	3287
K19695	25
K19696	1626
K19697	290
K19698	0
K19699	15
K19700	2407
K19701	2111
K19702	262
K19703	1104
K19704	0
K19705	0
K19706	306
K19707	1011
K19708	4
K19709	166
K19710	2890
K19711	1614
K19712	308
K19713	2099
K19714	94
K19715	180
K19716	28
K19717	0
K19718	0
K19719	2
K19720	0
K19721	3
K19722	0
K19723	122
K19724	284
K19725	410
K19726	331
K19727	488
K19728	0
K19729	0
K19730	0
K19731	512
K19732	588
K19733	73
K19734	683
K19735	10
K19736	4752
K19737	14
K19738	0
K19739	0
K19740	0
K19741	20
K19742	1051
K19743	877
K19744	934
K19745	5399
K19746	2173
K19747	0
K19748	1
K19749	0
K19750	0
K19751	0
K19752	0
K19753	0
K19754	0
K19755	747
K19756	0
K19757	0
K19758	2
K19759	0
K19760	339
K19761	2819
K19762	0
K19763	0
K19764	0
K19765	0
K19766	0
K19767	0
K19768	0
K19769	0
K19770	0
K19771	0
K19772	15
K19773	0
K19774	0
K19775	1584
K19776	4013
K19777	368
K19778	720
K19779	379
K19780	40
K19781	75
K19782	0
K19783	1097
K19784	6339
K19785	1
K19786	0
K19787	0
K19788	8681
K19789	3991
K19790	0
K19791	24
K19792	2072
K19793	4606
K19794	6
K19795	1902
K19796	0
K19797	335
K19798	0
K19799	0
K19800	0
K19801	8
K19802	3641
K19803	2117
K19804	4842
K19805	0
K19806	0
K19807	0
K19808	0
K19809	311
K19810	3399
K19811	202
K19812	0
K19813	3192
K19814	6
K19815	1
K19816	1
K19817	0
K19818	0
K19819	3
K19820	2
K19821	0
K19822	0
K19823	128
K19824	24
K19825	0
K19826	2
K19827	0
K19828	3
K19829	0
K19830	0
K19831	7
K19832	0
K19833	0
K19834	0
K19835	0
K19836	0
K19837	1176
K19838	0
K19839	8
K19840	4
K19841	402
K19842	0
K19843	0
K19844	0
K19845	0
K19846	26
K19847	0
K19848	0
K19849	0
K19850	1
K19851	0
K19852	0
K19853	54
K19854	2
K19855	5
K19856	365
K19857	0
K19858	0
K19859	0
K19860	0
K19861	0
K19862	0
K19863	0
K19864	0
K19865	29
K19866	0
K19867	3
K19868	3
K19869	0
K19870	101
K19871	9
K19872	58
K19873	6
K19874	0
K19875	0
K19876	0
K19877	1
K19878	3
K19879	0
K19880	0
K19881	0
K19882	276
K19883	0
K19884	0
K19885	4
K19886	0
K19887	5
K19888	11
K19889	6
K19890	17
K19891	0
K19892	0
K19893	22
K19894	0
K19895	0
K19896	0
K19897	0
K19898	0
K19899	0
K19900	0
K19901	0
K19902	0
K19903	0
K19904	0
K19905	0
K19906	0
K19907	0
K19908	0
K19909	0
K19910	0
K19911	0
K19912	0
K19913	0
K19914	4
K19915	0
K19916	0
K19917	0
K19918	0
K19919	0
K19920	0
K19921	0
K19922	10
K19923	0
K19924	0
K19925	0
K19926	0
K19927	0
K19928	0
K19929	0
K19930	0
K19931	0
K19932	24
K19933	0
K19934	14
K19935	4
K19936	0
K19937	0
K19938	1
K19939	0
K19940	0
K19941	0
K19942	1
K19943	0
K19944	0
K19945	0
K19946	0
K19947	0
K19948	0
K19949	0
K19950	0
K19951	0
K19952	0
K19953	0
K19954	3736
K19955	248
K19956	456
K19957	1
K19958	0
K19959	0
K19960	72
K19961	559
K19962	1364
K19963	48
K19964	0
K19965	144
K19966	271
K19967	1363
K19968	0
K19969	56
K19970	530
K19971	0
K19972	0
K19973	5
K19974	23
K19975	5
K19976	37
K19977	51
K19978	74
K19979	19
K19980	2
K19981	285
K19982	168
K19983	0
K19984	0
K19985	0
K19986	0
K19987	0
K19988	0
K19989	0
K19990	0
K19991	0
K19992	0
K19993	0
K19994	0
K19995	1
K19996	0
K19997	2248
K19998	0
K19999	1
K20000	4
K20001	0
K20002	0
K20003	0
K20004	0
K20005	0
K20006	2
K20007	0
K20008	0
K20009	0
K20010	0
K20011	0
K20012	0
K20013	0
K20014	0
K20015	0
K20016	0
K20017	0
K20018	0
K20019	0
K20020	0
K20021	0
K20022	3
K20023	1166
K20024	20
K20025	0
K20026	3
K20027	0
K20028	0
K20029	0
K20030	0
K20031	0
K20032	392
K20033	0
K20034	5034
K20035	5673
K20036	963
K20037	452
K20038	1215
K20039	131
K20040	4
K20041	0
K20042	0
K20043	0
K20044	0
K20045	24
K20046	0
K20047	3
K20048	0
K20049	0
K20050	0
K20051	226
K20052	0
K20053	0
K20054	0
K20055	0
K20056	0
K20057	0
K20058	0
K20059	0
K20060	0
K20061	1
K20062	0
K20063	0
K20064	0
K20065	0
K20066	0
K20067	0
K20068	0
K20069	0
K20070	0
K20071	6
K20072	0
K20073	0
K20074	4130
K20075	3
K20076	358
K20077	127
K20078	39
K20079	324
K20080	1
K20081	37
K20082	279
K20084	96
K20085	1
K20086	61
K20087	91
K20088	58
K20089	58
K20090	58
K20091	0
K20092	109
K20093	50
K20094	0
K20095	0
K20096	7
K20097	147
K20098	10
K20099	2
K20100	0
K20101	0
K20102	0
K20103	5
K20104	0
K20105	0
K20106	0
K20108	167
K20109	47
K20110	426
K20111	0
K20112	1
K20113	0
K20114	8
K20115	0
K20118	668
K20119	0
K20120	0
K20121	1
K20122	0
K20123	0
K20124	0
K20125	0
K20126	0
K20127	0
K20128	0
K20129	9
K20130	0
K20131	0
K20132	0
K20133	0
K20134	0
K20135	0
K20136	21
K20137	0
K20138	176
K20139	0
K20140	3
K20141	83
K20142	0
K20143	5
K20144	2
K20145	9
K20146	55
K20147	14
K20148	42
K20149	8
K20150	376
K20151	256
K20152	7
K20153	0
K20154	4
K20155	6
K20156	105
K20157	189
K20158	81
K20159	61
K20160	0
K20161	0
K20162	1
K20163	6
K20164	0
K20165	0
K20166	2
K20167	0
K20168	0
K20169	13
K20170	127
K20171	16
K20172	26
K20173	0
K20174	0
K20175	50
K20176	0
K20177	0
K20178	0
K20179	0
K20180	0
K20181	0
K20182	0
K20183	0
K20184	0
K20185	0
K20186	1
K20187	0
K20188	0
K20189	0
K20190	0
K20191	0
K20192	0
K20193	1
K20194	0
K20195	0
K20196	1
K20197	0
K20198	1
K20199	479
K20200	209
K20201	754
K20202	0
K20203	62
K20204	21
K20205	0
K20206	79
K20207	6
K20208	35
K20209	15
K20210	0
K20211	0
K20212	0
K20213	0
K20214	0
K20215	3
K20216	1
K20217	0
K20218	91
K20219	5
K20220	0
K20221	0
K20222	5
K20223	0
K20224	0
K20225	0
K20226	0
K20227	1
K20228	0
K20229	0
K20230	0
K20231	0
K20232	0
K20233	0
K20234	0
K20235	3
K20236	0
K20237	18
K20238	1
K20239	0
K20240	0
K20241	5
K20242	2
K20243	0
K20244	0
K20245	1
K20246	47
K20247	1
K20248	102
K20249	317
K20250	87
K20251	13
K20252	105
K20253	1
K20254	7
K20255	7
K20256	53
K20257	1354
K20258	76
K20259	19
K20260	112
K20261	139
K20262	98
K20263	2112
K20264	1464
K20265	1378
K20266	2169
K20267	615
K20268	249
K20269	2356
K20270	23
K20271	58
K20272	166
K20273	374
K20274	647
K20275	545
K20276	913
K20277	264
K20278	0
K20279	0
K20280	0
K20281	1
K20282	426
K20283	633
K20284	0
K20285	80
K20286	28
K20287	0
K20288	0
K20289	0
K20290	0
K20291	2
K20292	1
K20293	0
K20294	0
K20295	0
K20296	0
K20297	0
K20298	261
K20299	0
K20300	0
K20301	0
K20302	0
K20303	0
K20304	0
K20305	0
K20306	0
K20307	0
K20308	2
K20309	14
K20310	0
K20311	0
K20312	0
K20313	0
K20314	0
K20315	12
K20316	0
K20317	0
K20318	0
K20319	317
K20320	750
K20321	0
K20322	0
K20323	0
K20324	0
K20325	790
K20326	261
K20327	1169
K20328	151
K20329	2194
K20330	1102
K20331	2771
K20332	224
K20333	3014
K20334	256
K20335	0
K20336	0
K20337	2
K20338	1
K20339	0
K20340	0
K20341	1
K20342	3
K20343	12
K20344	372
K20345	247
K20346	0
K20347	0
K20348	0
K20349	0
K20350	0
K20351	0
K20352	0
K20353	0
K20354	0
K20355	0
K20356	0
K20357	3
K20358	17
K20359	0
K20360	0
K20361	432
K20362	0
K20363	0
K20364	0
K20365	0
K20366	0
K20367	0
K20368	0
K20369	35
K20370	30
K20371	19
K20372	0
K20373	69
K20374	24
K20375	2
K20376	0
K20377	0
K20378	0
K20379	6
K20380	0
K20381	0
K20382	0
K20383	0
K20384	0
K20385	227
K20386	0
K20387	0
K20388	6
K20389	0
K20390	0
K20391	122
K20392	0
K20393	0
K20394	123
K20395	0
K20396	0
K20397	0
K20398	0
K20399	0
K20400	0
K20401	0
K20402	0
K20403	0
K20404	0
K20405	0
K20406	0
K20407	0
K20408	0
K20409	0
K20410	0
K20411	0
K20412	7
K20413	1
K20414	0
K20415	71
K20416	4
K20417	17
K20418	770
K20419	489
K20420	206
K20421	261
K20422	20
K20423	32
K20424	18
K20425	10
K20426	3
K20427	3
K20428	3
K20429	1582
K20430	3
K20431	317
K20432	26
K20433	5
K20434	10
K20435	2
K20436	0
K20437	926
K20438	63
K20439	1
K20440	0
K20441	0
K20442	3
K20443	0
K20444	2482
K20445	4
K20446	12
K20447	42
K20448	405
K20449	748
K20450	0
K20451	232
K20452	0
K20453	31
K20454	1325
K20455	3840
K20456	0
K20457	0
K20458	6
K20459	84
K20460	18
K20461	126
K20462	0
K20463	0
K20464	0
K20465	0
K20466	14
K20467	27
K20468	542
K20469	3343
K20470	29
K20471	0
K20472	0
K20473	0
K20474	7
K20475	0
K20476	0
K20477	2
K20478	10
K20479	0
K20480	1015
K20481	0
K20482	0
K20483	106
K20484	165
K20485	938
K20486	29
K20487	420
K20488	12
K20489	0
K20490	15
K20491	0
K20492	0
K20493	0
K20494	0
K20495	0
K20496	0
K20497	26
K20498	17
K20499	158
K20500	12
K20501	4
K20502	0
K20503	0
K20504	0
K20505	0
K20506	0
K20507	0
K20508	619
K20509	1320
K20510	72
K20511	71
K20512	0
K20513	0
K20514	0
K20515	0
K20516	0
K20517	0
K20518	0
K20519	0
K20520	1
K20521	1
K20522	0
K20523	2423
K20524	0
K20525	1361
K20526	1
K20527	1794
K20528	1786
K20529	1852
K20530	1901
K20531	1967
K20532	1897
K20533	2116
K20534	4710
K20535	0
K20536	0
K20537	0
K20538	0
K20539	643
K20540	21
K20541	3146
K20542	2827
K20543	4547
K20544	0
K20545	0
K20546	0
K20547	986
K20548	12
K20549	318
K20550	69
K20551	11
K20552	19
K20553	0
K20555	155
K20556	0
K20557	0
K20558	0
K20559	0
K20560	0
K20561	0
K20562	0
K20563	0
K20564	0
K20565	91
K20566	0
K20567	3
K20568	1
K20569	594
K20570	26
K20571	1
K20572	0
K20573	0
K20574	76
K20575	0
K20576	21
K20577	11
K20578	0
K20579	0
K20580	0
K20581	0
K20582	0
K20583	18
K20584	5
K20585	0
K20586	0
K20587	3
K20588	0
K20589	0
K20590	0
K20591	0
K20592	3
K20593	1
K20594	0
K20595	0
K20596	0
K20597	0
K20598	0
K20599	0
K20600	0
K20602	0
K20603	3
K20604	2
K20605	0
K20606	0
K20607	0
K20608	624
K20609	108
K20610	13
K20611	14
K20612	0
K20613	2202
K20614	13
K20615	1
K20616	0
K20617	0
K20618	0
K20619	0
K20620	0
K20621	0
K20622	0
K20623	0
K20624	0
K20625	18
K20626	0
K20627	0
K20628	295
K20629	0
K20630	2
K20631	0
K20632	4
K20633	0
K20634	0
K20635	1
K20636	0
K20637	0
K20638	0
K20639	2
K20640	6
K20641	0
K20642	21
K20643	4
K20644	0
K20645	0
K20646	0
K20647	0
K20648	0
K20649	0
K20650	0
K20651	0
K20652	0
K20653	0
K20654	2
K20655	0
K20656	28
K20657	0
K20658	0
K20659	3
K20660	0
K20661	0
K20662	0
K20663	0
K20664	0
K20665	0
K20666	0
K20667	0
K20668	0
K20669	0
K20670	0
K20671	1
K20672	0
K20673	0
K20674	1
K20675	0
K20676	0
K20677	1
K20678	76
K20679	825
K20680	524
K20681	9
K20682	1
K20683	0
K20684	0
K20685	2
K20686	0
K20687	0
K20688	0
K20689	0
K20690	0
K20691	0
K20692	181
K20693	0
K20694	0
K20695	0
K20696	2
K20697	29
K20698	0
K20699	0
K20700	0
K20701	9
K20702	0
K20703	1
K20704	1
K20705	14
K20706	0
K20707	0
K20708	29
K20709	0
K20710	5
K20711	1
K20712	8607
K20713	0
K20714	0
K20715	2020
K20716	0
K20717	0
K20718	2
K20719	2
K20720	0
K20721	0
K20722	0
K20723	0
K20724	0
K20725	0
K20726	0
K20727	0
K20728	1190
K20729	0
K20730	4
K20731	1
K20732	2
K20733	0
K20734	0
K20735	0
K20736	0
K20737	0
K20738	0
K20739	0
K20740	1
K20741	2
K20742	2724
K20743	0
K20744	2
K20745	0
K20746	0
K20747	0
K20748	0
K20749	56
K20750	7
K20751	0
K20752	0
K20753	0
K20754	333
K20755	542
K20756	0
K20757	1393
K20758	179
K20759	2
K20760	67
K20761	125
K20762	54
K20763	3
K20764	0
K20765	183
K20766	240
K20767	0
K20768	0
K20769	0
K20770	0
K20771	0
K20772	2
K20773	0
K20774	0
K20775	0
K20776	0
K20777	586
K20778	0
K20779	0
K20780	1
K20781	0
K20782	0
K20783	0
K20784	95
K20785	0
K20786	0
K20787	7
K20788	2
K20789	0
K20790	0
K20791	0
K20792	3
K20793	7
K20794	15
K20795	0
K20796	0
K20797	0
K20798	158
K20799	0
K20800	0
K20801	673
K20802	179
K20803	0
K20804	0
K20805	0
K20806	0
K20807	1495
K20808	5
K20809	0
K20810	257
K20811	1
K20812	0
K20813	0
K20814	9
K20815	0
K20816	1868
K20817	393
K20818	0
K20819	0
K20820	0
K20821	0
K20822	0
K20823	0
K20824	0
K20825	1
K20826	0
K20827	0
K20828	7
K20829	20
K20830	111
K20831	2
K20832	108
K20833	0
K20834	0
K20835	0
K20836	312
K20837	0
K20838	404
K20839	0
K20840	0
K20841	41
K20842	0
K20843	0
K20844	93
K20845	20
K20846	566
K20847	80
K20848	0
K20849	0
K20850	12
K20851	184
K20852	0
K20853	2
K20854	0
K20855	0
K20856	0
K20857	0
K20858	0
K20859	30
K20860	1
K20861	1116
K20862	5011
K20863	0
K20864	20
K20865	41
K20866	4070
K20867	1
K20868	1
K20869	0
K20870	18
K20871	0
K20872	0
K20873	0
K20875	0
K20876	0
K20877	2
K20878	0
K20879	1
K20880	0
K20881	3249
K20882	210
K20883	86
K20884	44
K20885	890
K20886	0
K20887	3
K20888	0
K20889	6
K20890	10
K20891	178
K20892	2
K20893	4
K20894	0
K20895	272
K20896	0
K20897	0
K20898	0
K20899	5
K20900	209
K20901	0
K20902	330
K20903	0
K20904	41
K20906	59
K20907	20
K20908	0
K20909	0
K20910	0
K20911	0
K20912	0
K20913	0
K20914	0
K20915	1
K20916	0
K20917	0
K20918	1317
K20919	366
K20920	2978
K20921	55
K20922	415
K20923	2
K20924	0
K20925	0
K20926	2
K20927	601
K20928	1
K20929	1
K20930	3
K20931	279
K20932	784
K20933	11
K20934	50
K20935	0
K20936	244
K20937	642
K20938	2927
K20939	0
K20940	1367
K20941	340
K20942	247
K20943	50
K20944	3
K20945	67
K20946	256
K20947	326
K20948	135
K20949	216
K20950	1503
K20951	65
K20952	136
K20953	61
K20954	53
K20955	509
K20956	447
K20957	190
K20958	371
K20959	556
K20960	352
K20961	47
K20962	2528
K20963	2413
K20964	672
K20965	877
K20966	505
K20967	19
K20968	1598
K20971	3163
K20972	2841
K20973	1901
K20974	5680
K20975	5418
K20976	4014
K20977	2147
K20978	1955
K20979	0
K20980	0
K20981	0
K20982	0
K20983	0
K20984	1
K20985	2
K20986	467
K20987	983
K20988	2161
K20989	165
K20990	3
K20991	0
K20992	418
K20993	35
K20994	0
K20995	0
K20996	2
K20997	2824
K20998	363
K20999	854
K21000	2819
K21001	3196
K21002	325
K21003	621
K21004	339
K21005	759
K21006	751
K21007	902
K21008	2026
K21009	819
K21010	812
K21011	895
K21012	780
K21013	6
K21014	910
K21015	0
K21016	903
K21017	1
K21018	0
K21019	6495
K21020	587
K21021	6828
K21022	6073
K21023	6662
K21024	7546
K21025	2281
K21026	0
K21027	0
K21028	901
K21029	6336
K21030	39
K21031	0
K21032	1
K21033	173
K21034	363
K21035	0
K21036	211
K21037	16
K21038	64
K21039	1210
K21040	0
K21041	0
K21042	0
K21043	0
K21044	0
K21045	0
K21046	0
K21047	0
K21048	0
K21049	0
K21050	0
K21051	0
K21052	19
K21053	3777
K21054	6637
K21055	4
K21056	5
K21057	7
K21058	0
K21059	0
K21060	3052
K21061	3206
K21062	3371
K21063	0
K21064	4080
K21065	26
K21066	4
K21067	0
K21068	0
K21069	0
K21070	0
K21071	2004
K21072	0
K21073	0
K21074	0
K21075	0
K21076	1
K21077	1
K21078	0
K21079	0
K21080	0
K21081	0
K21082	0
K21083	0
K21084	6945
K21085	2806
K21086	1146
K21087	3936
K21088	4513
K21089	4291
K21090	902
K21092	0
K21093	0
K21094	0
K21095	0
K21096	0
K21097	0
K21098	0
K21099	0
K21100	0
K21101	1357
K21102	0
K21103	11
K21104	116
K21105	766
K21106	756
K21107	3
K21108	18
K21109	0
K21110	4
K21111	0
K21112	0
K21113	1
K21114	0
K21115	1
K21116	158
K21117	208
K21118	171
K21119	24
K21120	4
K21121	5
K21122	0
K21123	0
K21124	38
K21126	0
K21127	7
K21128	7
K21129	1
K21130	160
K21131	172
K21132	10
K21133	962
K21134	2382
K21135	1364
K21136	2184
K21137	3003
K21138	2346
K21140	2453
K21141	0
K21142	1540
K21143	0
K21144	0
K21145	0
K21146	25
K21147	3612
K21148	8
K21149	0
K21150	0
K21151	0
K21152	0
K21153	0
K21154	74
K21155	1
K21156	0
K21157	1
K21158	0
K21159	1618
K21160	1
K21161	12
K21162	1054
K21163	88
K21164	2274
K21165	3
K21166	16
K21167	115
K21168	94
K21169	235
K21170	39
K21171	5
K21172	1977
K21173	2
K21174	131
K21175	1
K21176	149
K21177	580
K21178	2
K21179	1
K21180	1
K21181	50
K21182	6
K21183	80
K21184	950
K21185	1941
K21186	29
K21187	0
K21188	12
K21189	196
K21190	98
K21191	0
K21192	1
K21193	49
K21194	0
K21195	273
K21196	1441
K21197	5
K21198	3
K21199	129
K21200	200
K21201	1
K21202	0
K21203	0
K21204	0
K21205	0
K21206	0
K21207	0
K21208	0
K21209	92
K21210	285
K21211	432
K21212	9
K21213	0
K21214	1044
K21215	299
K21216	85
K21217	792
K21218	2287
K21219	2
K21220	0
K21221	454
K21222	1
K21223	0
K21224	7
K21225	0
K21226	46
K21227	0
K21228	0
K21229	0
K21230	0
K21231	163
K21232	61
K21233	0
K21234	0
K21235	0
K21236	0
K21237	1
K21238	104
K21239	84
K21240	1
K21241	0
K21242	0
K21243	0
K21244	0
K21245	0
K21246	5
K21247	0
K21248	0
K21249	5
K21250	0
K21251	10
K21252	155
K21253	508
K21254	3
K21255	229
K21256	32
K21257	1
K21258	245
K21259	2
K21260	0
K21261	3
K21262	0
K21263	0
K21264	530
K21265	531
K21266	49
K21267	361
K21268	0
K21269	0
K21270	0
K21271	78
K21272	38
K21273	12
K21274	0
K21275	0
K21276	73
K21277	27
K21278	13
K21279	0
K21280	2
K21281	132
K21282	61
K21283	2
K21284	2579
K21285	733
K21286	8
K21287	12
K21288	198
K21289	0
K21290	0
K21291	0
K21292	0
K21293	0
K21294	0
K21295	1
K21296	0
K21297	12
K21298	137
K21299	0
K21300	0
K21301	0
K21302	390
K21303	897
K21304	64
K21305	0
K21306	265
K21307	957
K21308	957
K21309	987
K21310	3944
K21311	1
K21312	139
K21313	84
K21314	0
K21315	0
K21316	0
K21317	1
K21318	1
K21319	1
K21320	1
K21321	1
K21322	1
K21323	161
K21324	83
K21325	4
K21326	0
K21327	0
K21328	48
K21329	0
K21330	0
K21331	48
K21332	92
K21333	1
K21335	15
K21336	13
K21337	1
K21338	0
K21339	0
K21340	0
K21341	1
K21342	0
K21343	0
K21344	1463
K21345	1394
K21346	0
K21347	70
K21348	91
K21349	0
K21350	15
K21351	0
K21352	0
K21353	65
K21354	0
K21355	1
K21356	1312
K21357	0
K21358	2
K21359	51
K21360	12
K21361	0
K21362	0
K21363	21
K21364	135
K21365	134
K21366	47
K21367	79
K21368	12
K21369	3
K21370	0
K21371	0
K21372	0
K21373	0
K21374	0
K21375	14
K21376	0
K21377	868
K21378	35
K21379	323
K21380	0
K21381	0
K21382	0
K21383	0
K21384	0
K21385	0
K21386	0
K21387	0
K21388	0
K21389	0
K21390	0
K21391	0
K21392	0
K21393	3916
K21394	4623
K21395	5913
K21396	0
K21397	1990
K21398	16
K21399	7
K21400	7
K21401	762
K21402	2885
K21403	0
K21404	1
K21405	5291
K21406	0
K21407	1104
K21408	1
K21409	0
K21410	0
K21411	27
K21412	5
K21413	9
K21414	2
K21415	96
K21416	1977
K21417	1971
K21418	0
K21419	0
K21420	6429
K21421	0
K21422	0
K21423	2
K21424	0
K21425	0
K21426	0
K21427	0
K21428	103
K21429	296
K21430	7020
K21431	127
K21432	0
K21433	39
K21434	16
K21435	53
K21436	0
K21437	3
K21438	0
K21439	254
K21440	2326
K21441	5
K21442	298
K21443	0
K21444	0
K21445	0
K21446	0
K21447	0
K21448	0
K21449	522
K21450	0
K21451	0
K21452	0
K21453	1113
K21454	353
K21455	0
K21456	177
K21457	67
K21458	0
K21459	44
K21460	900
K21461	0
K21462	131
K21463	350
K21464	15
K21465	3
K21466	1
K21467	25
K21468	3
K21469	3026
K21470	5705
K21471	467
K21472	2203
K21473	58
K21474	1
K21475	0
K21476	0
K21477	0
K21478	4180
K21479	84
K21480	108
K21481	288
K21482	0
K21483	0
K21484	0
K21485	0
K21486	51
K21487	291
K21488	361
K21489	29
K21490	36
K21491	1
K21492	211
K21493	4
K21494	31
K21495	3557
K21496	91
K21497	26
K21498	4060
K21499	167
K21500	13
K21501	27
K21502	110
K21503	0
K21504	0
K21505	0
K21506	12
K21507	690
K21508	45
K21509	0
K21510	0
K21511	739
K21512	2047
K21513	0
K21514	11
K21515	3
K21516	0
K21517	0
K21518	0
K21519	4
K21520	0
K21521	0
K21522	10
K21523	257
K21524	0
K21525	101
K21526	109
K21527	94
K21528	2837
K21529	0
K21530	1
K21531	1
K21532	0
K21533	5
K21534	0
K21535	0
K21536	0
K21537	0
K21538	0
K21539	0
K21540	82
K21541	0
K21542	0
K21543	2
K21544	0
K21545	0
K21546	0
K21547	0
K21548	1
K21549	0
K21550	0
K21551	0
K21552	950
K21553	11
K21554	0
K21555	121
K21556	37
K21557	0
K21558	0
K21559	38
K21560	0
K21561	157
K21562	1392
K21563	3746
K21564	1786
K21565	0
K21566	221
K21567	1704
K21568	24
K21569	185
K21570	50
K21571	105
K21572	23
K21573	128
K21574	815
K21575	563
K21576	23
K21577	26
K21578	1
K21579	1
K21580	0
K21581	0
K21582	0
K21583	0
K21584	0
K21585	98
K21586	0
K21587	0
K21588	0
K21589	0
K21590	0
K21591	356
K21592	4
K21593	0
K21594	1
K21595	0
K21596	10
K21597	0
K21598	0
K21599	0
K21600	965
K21601	0
K21602	1720
K21603	778
K21604	2
K21605	0
K21606	1425
K21607	1185
K21608	35
K21609	0
K21610	5
K21611	0
K21612	0
K21613	814
K21614	651
K21615	448
K21616	128
K21617	195
K21618	21
K21619	2
K21620	1078
K21621	853
K21622	526
K21623	0
K21624	413
K21625	32
K21626	0
K21627	0
K21628	0
K21629	0
K21630	0
K21631	0
K21632	0
K21633	0
K21634	0
K21635	0
K21636	3587
K21637	89
K21638	298
K21639	56
K21640	0
K21641	0
K21642	0
K21643	0
K21644	0
K21645	3835
K21646	0
K21647	86
K21648	0
K21649	0
K21650	0
K21651	0
K21652	0
K21653	0
K21654	0
K21655	0
K21656	0
K21657	0
K21658	0
K21659	0
K21660	0
K21661	0
K21662	0
K21663	0
K21664	0
K21665	0
K21666	0
K21667	0
K21668	0
K21669	0
K21670	0
K21671	0
K21672	92
K21673	0
K21674	0
K21675	0
K21676	18
K21677	2103
K21678	1215
K21679	1778
K21680	0
K21681	107
K21682	0
K21683	0
K21684	3
K21685	111
K21686	3392
K21687	1483
K21688	36
K21689	1
K21690	3
K21691	4
K21692	0
K21693	0
K21694	216
K21695	4785
K21696	827
K21697	54
K21698	6372
K21699	3204
K21700	1742
K21701	180
K21702	576
K21703	7698
K21704	0
K21705	0
K21706	0
K21707	0
K21708	0
K21709	0
K21710	0
K21711	1755
K21712	1995
K21713	5
K21714	0
K21715	0
K21716	0
K21717	0
K21718	0
K21719	0
K21720	0
K21721	353
K21722	1264
K21723	62
K21724	548
K21725	170
K21726	22
K21727	966
K21728	7
K21729	5
K21730	92
K21731	40
K21732	0
K21733	0
K21734	0
K21735	0
K21736	0
K21737	47
K21738	23
K21739	908
K21740	850
K21741	1581
K21742	168
K21743	48
K21744	2766
K21745	1248
K21746	151
K21747	1609
K21748	36
K21749	81
K21750	0
K21751	0
K21752	0
K21753	0
K21754	0
K21755	208
K21756	262
K21757	6681
K21758	501
K21759	632
K21760	8
K21761	0
K21762	0
K21763	0
K21764	48
K21765	0
K21766	0
K21767	2
K21768	2
K21769	0
K21770	0
K21771	0
K21772	0
K21773	0
K21774	0
K21775	0
K21776	0
K21777	0
K21778	100
K21779	34
K21780	87
K21781	213
K21782	125
K21783	75
K21784	178
K21785	856
K21786	1070
K21787	124
K21788	27
K21789	41
K21790	249
K21791	7
K21792	1014
K21793	279
K21794	0
K21795	34
K21796	0
K21797	0
K21798	0
K21799	0
K21800	0
K21801	684
K21802	2034
K21803	0
K21804	15
K21805	0
K21806	4
K21807	0
K21808	0
K21809	0
K21810	0
K21811	0
K21812	0
K21813	0
K21814	6
K21815	38
K21816	2
K21817	204
K21818	1
K21819	0
K21820	0
K21821	128
K21822	438
K21823	0
K21824	0
K21825	1677
K21826	3739
K21827	13
K21828	40
K21829	3796
K21830	1578
K21831	416
K21832	2836
K21833	1827
K21834	1876
K21835	0
K21836	0
K21837	0
K21838	1
K21839	32
K21840	20
K21841	0
K21842	0
K21843	49
K21844	0
K21845	0
K21846	0
K21847	0
K21848	0
K21849	0
K21850	65
K21851	0
K21852	0
K21853	0
K21854	0
K21855	0
K21856	0
K21857	0
K21858	0
K21859	0
K21860	0
K21861	0
K21862	0
K21863	0
K21864	0
K21865	13
K21866	146
K21867	0
K21868	0
K21869	0
K21870	0
K21871	0
K21872	0
K21873	0
K21874	1
K21875	0
K21876	0
K21877	5
K21878	218
K21879	6
K21880	0
K21881	1
K21882	0
K21883	1915
K21884	24
K21885	2438
K21886	264
K21887	11
K21888	2
K21889	0
K21890	0
K21891	0
K21892	1
K21893	69
K21894	7
K21895	0
K21896	4
K21897	0
K21898	616
K21899	21
K21900	4854
K21901	52
K21902	634
K21903	3316
K21904	806
K21905	44
K21906	4620
K21907	71
K21908	3696
K21909	438
K21910	728
K21911	495
K21912	0
K21913	1
K21914	0
K21915	0
K21916	0
K21917	0
K21918	0
K21919	1837
K21920	0
K21921	0
K21922	0
K21923	1
K21924	0
K21925	0
K21926	0
K21927	25
K21928	0
K21929	5359
K21930	0
K21931	0
K21932	0
K21933	0
K21934	33
K21935	86
K21936	1105
K21937	0
K21938	0
K21939	0
K21940	0
K21941	0
K21942	0
K21943	1
K21944	0
K21945	0
K21946	29
K21947	32
K21948	2750
K21949	399
K21950	0
K21951	0
K21952	4
K21953	0
K21954	515
K21955	8
K21956	50
K21957	0
K21958	0
K21959	4085
K21960	19
K21961	2280
K21962	1785
K21963	394
K21964	471
K21965	1557
K21966	1750
K21967	446
K21968	621
K21969	0
K21970	0
K21971	0
K21972	1146
K21973	4396
K21974	592
K21975	669
K21976	663
K21977	5
K21978	0
K21979	0
K21980	0
K21981	0
K21982	0
K21983	0
K21984	0
K21985	0
K21986	0
K21987	0
K21988	0
K21989	0
K21990	2754
K21991	5
K21992	6
K21993	1803
K21994	0
K21995	0
K21996	0
K21997	0
K21998	0
K21999	0
K22000	0
K22001	0
K22002	0
K22003	2254
K22004	11
K22005	0
K22006	0
K22007	5
K22008	0
K22009	0
K22010	2866
K22011	3
K22012	0
K22013	0
K22014	546
K22015	1242
K22017	21
K22018	0
K22019	0
K22021	0
K22022	0
K22023	50
K22024	1858
K22025	2340
K22026	1841
K22027	1431
K22028	0
K22029	0
K22030	1
K22031	4
K22032	0
K22033	289
K22034	0
K22035	0
K22036	0
K22037	0
K22038	5
K22039	0
K22040	0
K22041	5125
K22042	6278
K22043	698
K22044	3868
K22045	0
K22046	0
K22047	0
K22048	0
K22049	0
K22050	0
K22051	3271
K22052	0
K22053	1
K22054	0
K22055	1
K22056	0
K22057	0
K22058	0
K22059	0
K22060	0
K22061	0
K22062	0
K22063	916
K22064	0
K22065	0
K22066	925
K22067	3525
K22068	5296
K22069	0
K22070	0
K22071	995
K22072	1500
K22073	389
K22074	2409
K22075	28
K22076	0
K22077	210
K22078	4
K22079	2
K22080	0
K22081	1188
K22082	1189
K22083	4981
K22084	969
K22085	945
K22086	973
K22087	957
K22088	0
K22089	265
K22090	0
K22091	0
K22092	0
K22093	0
K22094	0
K22095	0
K22096	0
K22097	0
K22098	0
K22099	6
K22100	0
K22101	199
K22102	9
K22103	205
K22104	1237
K22105	4484
K22106	2602
K22107	1623
K22108	5420
K22109	1828
K22110	1591
K22111	48
K22112	262
K22113	4
K22114	300
K22115	918
K22116	113
K22117	0
K22118	11
K22119	1
K22120	4
K22121	0
K22122	0
K22123	4
K22124	1987
K22125	0
K22126	0
K22127	0
K22128	0
K22129	1649
K22130	2670
K22131	4757
K22132	6132
K22133	474
K22134	272
K22135	1256
K22136	7
K22137	44
K22138	0
K22139	0
K22140	0
K22141	0
K22142	0
K22143	0
K22144	6
K22145	0
K22146	0
K22147	0
K22148	133
K22149	3
K22150	0
K22151	0
K22152	1
K22153	4026
K22154	0
K22155	0
K22156	0
K22157	0
K22158	0
K22159	0
K22160	0
K22161	0
K22162	0
K22163	0
K22164	21
K22165	0
K22166	22
K22167	0
K22168	0
K22169	5
K22170	0
K22171	0
K22172	0
K22173	0
K22174	6
K22175	0
K22176	0
K22177	0
K22178	0
K22179	0
K22180	0
K22181	0
K22182	1
K22184	0
K22185	2037
K22186	2355
K22187	2988
K22188	0
K22189	0
K22190	0
K22191	0
K22192	0
K22193	0
K22194	0
K22195	0
K22196	0
K22197	1
K22198	0
K22199	0
K22200	0
K22201	0
K22202	0
K22203	342
K22204	0
K22205	416
K22206	167
K22207	0
K22208	0
K22209	1362
K22210	2120
K22211	4502
K22212	199
K22213	396
K22214	244
K22215	738
K22216	206
K22217	1209
K22218	42
K22219	3110
K22220	250
K22221	1563
K22222	570
K22223	1548
K22224	4
K22225	597
K22226	2644
K22227	708
K22228	3
K22229	1919
K22230	1852
K22231	4
K22232	0
K22233	46
K22234	0
K22235	0
K22236	0
K22237	0
K22238	0
K22239	0
K22240	0
K22241	1
K22242	0
K22243	0
K22244	26
K22245	10
K22246	0
K22247	184
K22248	0
K22249	31
K22250	1163
K22251	532
K22252	977
K22253	189
K22254	0
K22255	2
K22256	0
K22257	1
K22258	0
K22259	0
K22260	0
K22261	0
K22262	0
K22263	0
K22264	0
K22265	0
K22266	101
K22267	0
K22268	20
K22269	0
K22270	2630
K22271	0
K22272	0
K22273	0
K22274	0
K22275	0
K22276	0
K22277	10
K22278	4505
K22279	0
K22280	0
K22281	1
K22282	7
K22283	0
K22284	0
K22285	0
K22286	1
K22287	2
K22288	2
K22289	15
K22290	0
K22291	2
K22292	4763
K22293	4094
K22294	3386
K22295	508
K22296	5240
K22297	21
K22298	223
K22299	4145
K22300	7626
K22301	6
K22302	1809
K22303	1814
K22304	18
K22305	2317
K22306	2156
K22307	4
K22308	2
K22309	35
K22310	6251
K22311	1632
K22312	2
K22313	0
K22314	2770
K22315	428
K22316	483
K22317	488
K22318	1251
K22319	547
K22320	3309
K22321	0
K22322	606
K22323	0
K22324	9
K22325	28
K22326	0
K22327	0
K22328	0
K22329	1
K22330	246
K22331	0
K22332	17
K22333	1
K22334	0
K22335	171
K22336	1
K22337	0
K22338	0
K22339	1930
K22340	10
K22341	194
K22342	1193
K22343	818
K22344	771
K22345	6435
K22346	0
K22347	271
K22348	1804
K22349	396
K22350	376
K22351	1
K22352	72
K22353	1
K22354	0
K22355	2
K22356	1
K22357	0
K22358	0
K22359	0
K22360	0
K22361	0
K22362	1
K22363	19
K22364	12
K22365	0
K22366	0
K22367	1
K22368	24
K22369	1940
K22370	0
K22371	0
K22372	5
K22373	114
K22374	0
K22375	0
K22376	0
K22377	0
K22378	8
K22379	0
K22380	2
K22381	0
K22382	17
K22383	0
K22384	1
K22385	0
K22386	0
K22387	20
K22388	0
K22389	24
K22390	1424
K22391	5814
K22392	14
K22393	2
K22394	7
K22395	571
K22396	259
K22397	640
K22398	0
K22399	149
K22400	0
K22401	0
K22402	0
K22403	0
K22404	0
K22405	1111
K22406	0
K22407	3
K22408	8
K22409	117
K22410	0
K22411	0
K22412	0
K22413	0
K22414	0
K22415	0
K22416	0
K22417	0
K22418	77
K22419	1776
K22420	0
K22421	0
K22422	0
K22423	0
K22424	196
K22425	0
K22426	0
K22427	32
K22428	0
K22429	0
K22430	0
K22431	87
K22432	30
K22433	121
K22434	0
K22435	0
K22436	0
K22437	0
K22438	2858
K22439	0
K22440	0
K22441	6637
K22442	0
K22443	1095
K22444	584
K22445	114
K22446	30
K22447	1
K22448	0
K22449	1
K22450	2970
K22451	306
K22452	6492
K22453	0
K22454	0
K22455	0
K22456	0
K22457	16
K22458	0
K22459	1
K22460	0
K22461	0
K22462	47
K22463	367
K22464	0
K22465	1
K22466	0
K22467	0
K22468	5014
K22469	2
K22470	18
K22471	0
K22472	0
K22473	165
K22474	4668
K22475	1693
K22476	2604
K22477	3224
K22478	400
K22479	6710
K22480	85
K22481	0
K22482	0
K22483	0
K22484	0
K22485	1
K22486	3275
K22487	397
K22488	403
K22489	5069
K22490	0
K22491	3606
K22492	0
K22493	0
K22494	0
K22495	0
K22496	0
K22497	0
K22498	0
K22499	0
K22500	0
K22501	113
K22502	4
K22503	0
K22504	525
K22505	413
K22506	405
K22507	423
K22508	402
K22509	401
K22510	402
K22511	433
K22512	421
K22513	292
K22514	184
K22515	890
K22516	2598
K22517	0
K22518	0
K22519	143
K22520	4
K22521	1
K22522	6701
K22523	72
K22524	1
K22525	20
K22526	0
K22527	0
K22528	0
K22529	0
K22530	23
K22531	14
K22532	0
K22533	0
K22534	6
K22535	0
K22536	0
K22537	0
K22538	0
K22539	105
K22540	92
K22541	0
K22542	0
K22543	0
K22544	1
K22545	111
K22546	0
K22547	31
K22548	1051
K22549	1856
K22550	2760
K22551	1358
K22552	4712
K22553	416
K22554	0
K22555	0
K22556	0
K22557	0
K22558	0
K22559	0
K22560	0
K22561	0
K22562	0
K22563	0
K22564	0
K22565	0
K22566	0
K22567	0
K22568	0
K22569	0
K22570	21
K22571	0
K22572	0
K22573	0
K22574	1
K22575	69
K22576	39
K22577	0
K22578	25
K22579	683
K22580	85
K22581	0
K22582	1
K22583	6
K22584	10
K22585	4732
K22586	0
K22587	0
K22588	6
K22589	3652
K22590	0
K22591	0
K22592	0
K22593	0
K22594	0
K22595	2
K22596	3
K22597	1062
K22598	497
K22599	0
K22600	0
K22601	721
K22602	1978
K22603	0
K22604	10
K22605	16
K22606	41
K22607	0
K22608	0
K22609	0
K22610	0
K22611	15
K22612	0
K22613	0
K22614	18
K22615	265
K22616	1503
K22617	5532
K22618	3794
K22619	0
K22620	0
K22621	0
K22622	2531
K22623	0
K22624	0
K22625	0
K22626	0
K22627	0
K22628	0
K22629	0
K22630	0
K22631	0
K22632	6
K22633	0
K22634	0
K22635	0
K22636	0
K22637	0
K22638	0
K22639	0
K22640	0
K22641	0
K22642	0
K22643	0
K22644	0
K22645	0
K22646	0
K22647	0
K22648	0
K22649	0
K22650	885
K22651	0
K22652	0
K22653	0
K22654	1
K22655	0
K22656	13
K22657	1
K22658	1
K22659	10
K22660	0
K22661	0
K22662	1
K22663	1
K22664	0
K22665	0
K22666	8
K22667	0
K22668	0
K22669	0
K22670	0
K22671	0
K22672	0
K22673	0
K22674	0
K22675	0
K22676	0
K22677	1
K22678	0
K22679	0
K22680	0
K22681	0
K22682	0
K22683	0
K22684	1382
K22685	142
K22686	49
K22687	0
K22688	0
K22689	0
K22690	549
K22691	0
K22692	11
K22693	49
K22694	159
K22695	1
K22696	13
K22697	14
K22698	0
K22699	46
K22700	0
K22701	0
K22702	0
K22703	1
K22704	342
K22705	812
K22706	0
K22707	0
K22708	512
K22709	1
K22710	4
K22711	341
K22712	70
K22713	12
K22714	62
K22715	1
K22716	1
K22717	0
K22718	99
K22719	7461
K22720	634
K22721	1901
K22722	0
K22723	671
K22724	0
K22725	9
K22726	0
K22727	0
K22728	0
K22729	0
K22730	0
K22731	0
K22732	4
K22733	17
K22734	4
K22735	0
K22736	2811
K22737	1501
K22738	2
K22739	0
K22740	0
K22741	2
K22742	0
K22743	21
K22744	2
K22745	1000
K22746	0
K22747	1575
K22748	0
K22749	0
K22750	99
K22751	0
K22752	0
K22753	0
K22754	0
K22755	0
K22756	0
K22757	686
K22758	8
K22759	1
K22760	0
K22761	0
K22762	0
K22763	0
K22764	0
K22765	0
K22766	84
K22767	21
K22768	0
K22769	976
K22770	1975
K22771	0
K22772	0
K22773	0
K22774	0
K22775	0
K22776	0
K22777	0
K22778	0
K22779	0
K22780	0
K22781	0
K22782	0
K22783	0
K22784	0
K22785	0
K22786	0
K22787	0
K22788	0
K22789	0
K22790	1
K22791	0
K22792	0
K22793	0
K22794	0
K22795	0
K22796	0
K22797	5
K22798	0
K22799	0
K22800	8
K22801	287
K22802	2
K22803	71
K22804	510
K22805	0
K22806	0
K22807	17
K22808	10
K22809	0
K22810	0
K22811	0
K22812	0
K22813	0
K22814	0
K22815	0
K22816	0
K22817	0
K22818	1151
K22819	1958
K22820	1189
K22821	23
K22822	168
K22823	0
K22824	3
K22825	0
K22826	0
K22827	0
K22828	0
K22829	0
K22830	0
K22831	0
K22832	10
K22833	0
K22834	4
K22835	5
K22836	4
K22837	83
K22838	188
K22839	63
K22840	57
K22841	0
K22842	696
K22843	2974
K22844	2384
K22845	0
K22846	2
K22847	895
K22848	9
K22849	10
K22850	246
K22851	422
K22852	3
K22853	420
K22854	5
K22855	1
K22856	57
K22857	12
K22858	0
K22859	0
K22860	0
K22861	0
K22862	0
K22863	0
K22864	0
K22865	0
K22866	0
K22867	0
K22868	1
K22869	0
K22870	1
K22871	113
K22872	0
K22873	0
K22874	1183
K22875	541
K22876	0
K22877	0
K22878	0
K22879	1756
K22880	0
K22881	897
K22882	0
K22883	241
K22884	0
K22885	139
K22886	115
K22887	0
K22888	0
K22889	0
K22890	0
K22891	1
K22892	0
K22893	248
K22894	1414
K22895	2041
K22896	84
K22897	85
K22898	36
K22899	339
K22900	5386
K22901	0
K22902	0
K22903	4
K22904	27
K22905	1548
K22906	46
K22907	3472
K22908	203
K22909	1
K22910	0
K22911	0
K22912	0
K22913	0
K22914	48
K22915	213
K22916	244
K22917	193
K22918	1787
K22919	0
K22920	0
K22921	34
K22922	32
K22923	32
K22924	166
K22925	22
K22926	71
K22927	5
K22928	52
K22929	0
K22930	0
K22931	2
K22932	0
K22933	26
K22934	3393
K22935	410
K22936	0
K22937	0
K22938	32
K22939	0
K22940	0
K22941	0
K22942	0
K22943	0
K22944	845
K22945	0
K22946	0
K22947	0
K22948	0
K22949	0
K22950	0
K22951	23
K22952	499
K22953	0
K22954	64
K22955	476
K22956	494
K22957	301
K22958	444
K22959	7
K22960	12
K22961	0
K22962	0
K22963	50
K22964	0
K22965	0
K22966	0
K22967	0
K22968	193
K22969	8
K22970	13
K22971	11
K22972	0
K22973	0
K22974	0
K22975	0
K22976	0
K22977	0
K22978	0
K22979	0
K22980	1
K22981	0
K22982	13
K22983	0
K22984	0
K22985	0
K22986	0
K22987	0
K22988	0
K22989	0
K22990	2
K22991	0
K22992	0
K22993	0
K22994	549
K22995	0
K22996	7
K22997	46
K22998	2
K22999	3
K23000	0
K23001	0
K23002	70
K23003	51
K23004	0
K23005	132
K23006	0
K23007	1580
K23008	0
K23009	4
K23010	4764
K23011	2
K23012	269
K23013	0
K23014	0
K23015	993
K23016	1072
K23017	2
K23018	0
K23019	9
K23020	23
K23021	0
K23022	0
K23023	37
K23024	0
K23025	0
K23026	0
K23027	2
K23028	7
K23029	0
K23030	0
K23031	0
K23032	0
K23033	0
K23034	0
K23035	0
K23036	114
K23037	0
K23038	0
K23039	0
K23040	1
K23041	0
K23042	0
K23043	3
K23044	97
K23045	0
K23046	0
K23047	1
K23048	0
K23049	0
K23050	413
K23051	0
K23052	0
K23053	0
K23054	3207
K23055	1516
K23056	1878
K23057	1539
K23058	1358
K23059	551
K23060	14
K23061	2398
K23062	599
K23063	601
K23064	595
K23065	0
K23066	237
K23067	92
K23068	0
K23069	0
K23070	0
K23071	0
K23072	33
K23073	50
K23074	0
K23075	45
K23076	100
K23077	44
K23078	115
K23079	53
K23080	0
K23081	0
K23082	41
K23083	546
K23084	688
K23085	288
K23086	91
K23087	15
K23088	0
K23089	0
K23090	0
K23091	2
K23092	0
K23093	0
K23094	0
K23095	11
K23096	0
K23097	0
K23098	0
K23099	0
K23100	0
K23101	270
K23102	16
K23103	327
K23104	288
K23105	1
K23106	0
K23107	7136
K23108	0
K23109	2
K23110	45
K23111	4
K23112	2
K23113	327
K23114	16
K23115	0
K23116	2
K23117	394
K23118	1032
K23119	0
K23120	133
K23121	62
K23122	76
K23123	3823
K23124	5650
K23125	0
K23126	0
K23127	1265
K23128	0
K23129	1
K23130	8
K23131	0
K23132	136
K23133	0
K23134	0
K23135	0
K23136	0
K23137	0
K23138	957
K23139	74
K23140	0
K23141	0
K23142	0
K23143	0
K23144	790
K23145	0
K23146	1423
K23147	610
K23148	135
K23149	89
K23150	167
K23151	4
K23152	0
K23153	6
K23154	0
K23155	9
K23156	46
K23157	0
K23158	0
K23159	149
K23160	185
K23161	0
K23162	1
K23163	5722
K23164	1288
K23165	0
K23166	4
K23167	86
K23168	7
K23169	413
K23170	414
K23171	0
K23172	0
K23173	0
K23174	0
K23175	0
K23176	7
K23177	0
K23178	0
K23179	0
K23180	0
K23181	696
K23182	738
K23183	760
K23184	49
K23185	1242
K23186	2055
K23187	1969
K23188	2699
K23189	155
K23190	20
K23191	31
K23192	0
K23193	0
K23194	0
K23195	0
K23196	0
K23197	8
K23198	10
K23199	5
K23200	0
K23201	11
K23202	81
K23203	0
K23204	3
K23205	10
K23206	2
K23207	2
K23208	1
K23209	3
K23210	0
K23211	0
K23212	0
K23213	0
K23214	0
K23215	0
K23216	0
K23217	0
K23218	0
K23219	0
K23220	5
K23221	1
K23222	185
K23223	81
K23224	0
K23225	0
K23226	0
K23227	2875
K23228	2891
K23229	11
K23230	7
K23231	2
K23232	0
K23233	0
K23234	0
K23235	0
K23236	2
K23237	916
K23238	439
K23239	3251
K23240	1275
K23241	224
K23242	2869
K23243	3721
K23244	700
K23245	599
K23246	465
K23247	892
K23248	1667
K23249	63
K23250	13
K23251	0
K23252	70
K23253	274
K23254	3056
K23255	8
K23256	4784
K23257	14
K23258	1195
K23259	72
K23260	0
K23261	0
K23262	50
K23263	3
K23264	2239
K23265	2356
K23266	13
K23267	5
K23268	0
K23269	2341
K23270	27
K23271	823
K23272	2
K23273	512
K23274	1159
K23275	1915
K23276	0
K23277	0
K23278	1
K23279	0
K23280	0
K23281	0
K23282	0
K23283	0
K23284	63
K23285	2
K23286	0
K23287	0
K23288	0
K23289	1
K23290	0
K23291	0
K23292	4
K23293	1
K23294	0
K23295	1
K23296	0
K23297	0
K23298	0
K23299	0
K23300	349
K23301	330
K23302	305
K23303	721
K23304	1
K23305	2
K23306	0
K23307	0
K23308	0
K23309	0
K23310	0
K23311	0
K23312	0
K23313	0
K23314	0
K23315	12
K23316	2
K23317	0
K23318	0
K23319	54
K23320	0
K23321	0
K23322	0
K23323	6
K23324	0
K23325	2
K23326	0
K23327	0
K23328	0
K23329	0
K23330	30
K23331	0
K23332	0
K23333	0
K23334	13
K23335	0
K23336	0
K23337	0
K23338	1
K23339	0
K23340	0
K23341	1
K23342	1
K23343	5
K23344	0
K23345	0
K23346	0
K23347	246
K23348	0
K23349	2977
K23351	3632
K23352	35
K23353	9
K23354	0
K23355	0
K23356	357
K23357	0
K23358	0
K23359	6850
K23360	0
K23361	663
K23362	0
K23363	150
K23364	44
K23365	1
K23366	2
K23367	0
K23368	121
K23369	0
K23370	306
K23371	29
K23372	601
K23373	767
K23374	354
K23375	481
K23376	964
K23377	1
K23378	3
K23379	156
K23380	146
K23381	0
K23382	0
K23383	104
K23384	5
K23385	88
K23386	0
K23387	0
K23388	0
K23389	0
K23390	0
K23392	0
K23393	12
K23394	358
K23395	0
K23396	0
K23397	80
K23398	295
K23399	0
K23400	12
K23401	0
K23402	0
K23403	0
K23404	0
K23405	0
K23406	0
K23407	0
K23408	0
K23409	1
K23410	1
K23411	1
K23412	1
K23413	1
K23414	224
K23415	1
K23416	0
K23417	108
K23418	10
K23419	12
K23420	0
K23421	11
K23422	0
K23423	0
K23424	2704
K23425	7
K23426	0
K23427	0
K23428	0
K23429	0
K23430	0
K23431	0
K23432	0
K23433	0
K23434	0
K23435	7
K23436	0
K23437	1222
K23438	12
K23439	1839
K23440	62
K23441	0
K23442	0
K23443	0
K23444	0
K23445	0
K23446	301
K23447	289
K23448	208
K23449	0
K23450	0
K23451	5
K23452	0
K23453	0
K23454	36
K23455	1
K23456	0
K23457	0
K23458	0
K23459	0
K23460	0
K23461	0
K23462	1157
K23463	2949
K23464	6316
K23465	1704
K23466	3478
K23467	2046
K23468	0
K23469	1
K23470	2437
K23471	0
K23472	23
K23473	7
K23474	169
K23475	293
K23476	172
K23477	7
K23478	39
K23479	0
K23480	0
K23481	0
K23482	126
K23483	258
K23484	0
K23485	0
K23486	0
K23487	0
K23488	0
K23489	15
K23490	94
K23491	0
K23492	473
K23493	0
K23494	0
K23495	1
K23496	0
K23497	0
K23498	100
K23499	500
K23500	0
K23501	0
K23502	0
K23503	0
K23504	307
K23505	0
K23506	0
K23507	0
K23508	2508
K23509	2356
K23510	0
K23511	2
K23512	0
K23513	3
K23514	4662
K23515	0
K23516	0
K23517	38
K23518	2997
K23519	399
K23520	0
K23521	0
K23522	0
K23523	0
K23524	0
K23525	0
K23526	82
K23527	46
K23528	1486
K23529	510
K23530	0
K23531	18
K23532	0
K23533	37
K23534	0
K23535	3425
K23536	3430
K23537	3434
K23538	0
K23539	0
K23540	1
K23541	3713
K23542	0
K23543	0
K23544	0
K23545	193
K23546	201
K23547	191
K23548	364
K23549	601
K23550	42
K23551	4
K23552	0
K23553	0
K23554	1
K23555	15
K23556	8
K23557	8
K23558	0
K23560	0
K23561	0
K23562	20
K23563	0
K23564	0
K23565	0
K23566	0
K23567	0
K23568	1
K23569	0
K23570	0
K23571	0
K23573	1
K23574	15
K23575	0
K23576	0
K23577	0
K23578	0
K23579	0
K23580	0
K23581	0
K23582	0
K23583	0
K23584	0
K23585	0
K23586	0
K23587	0
K23588	0
K23589	2
K23590	0
K23591	0
K23592	0
K23593	1
K23594	0
K23595	0
K23596	0
K23597	1
K23598	0
K23599	0
K23600	0
K23601	0
K23602	0
K23603	64
K23604	0
K23605	0
K23606	1
K23607	0
K23608	0
K23609	0
K23610	0
K23611	0
K23612	17
K23613	0
K23614	40
K23615	282
K23616	0
K23617	3053
K23618	12
K23619	1
K23620	2
K23621	2
K23622	0
K23623	0
K23624	1
K23625	0
K23626	0
K23627	0
K23628	0
K23629	0
K23630	9
K23631	78
K23632	0
K23633	534
K23634	1
K23635	0
K23636	0
K23637	13
K23638	0
K23639	7
K23640	0
K23641	0
K23642	0
K23643	0
K23644	0
K23645	0
K23646	4
K23647	0
K23648	34
K23649	0
K23650	16
K23651	9
K23652	47
K23653	57
K23654	31
K23655	32
K23656	57
K23657	0
K23658	25
K23659	11
K23660	48
K23661	29
K23662	0
K23663	0
K23664	6
K23665	12
K23666	0
K23667	2
K23668	624
K23669	422
K23670	195
K23671	0
K23672	12
K23673	332
K23674	1139
K23675	8
K23676	4539
K23677	1208
K23678	10
K23679	0
K23680	0
K23681	0
K23682	0
K23683	527
K23684	1506
K23685	679
K23686	105
K23687	0
K23688	0
K23689	0
K23690	0
K23691	0
K23692	0
K23693	0
K23694	0
K23695	0
K23696	0
K23697	0
K23698	0
K23699	0
K23700	0
K23701	0
K23702	0
K23703	1
K23704	73
K23705	0
K23706	0
K23707	0
K23708	0
K23709	0
K23710	0
K23711	0
K23712	0
K23713	0
K23714	0
K23715	0
K23716	0
K23717	0
K23718	7
K23719	0
K23720	0
K23721	235
K23722	887
K23723	61
K23724	0
K23725	73
K23726	782
K23727	0
K23728	5
K23729	17
K23730	0
K23731	0
K23732	4
K23733	4
K23734	26
K23735	0
K23736	0
K23737	0
K23738	0
K23739	0
K23740	1
K23741	0
K23742	0
K23743	1085
K23744	0
K23745	0
K23746	25
K23747	2
K23748	0
K23749	2
K23750	0
K23751	0
K23752	169
K23753	3841
K23754	0
K23755	823
K23756	0
K23757	0
K23758	0
K23759	1
K23760	0
K23761	1
K23762	1
K23763	0
K23764	2
K23765	1
K23766	0
K23767	0
K23768	0
K23769	0
K23770	1
K23771	0
K23772	0
K23773	3775
K23774	606
K23775	6414
K23776	31
K23777	6053
K23778	3611
K23779	7361
K23780	0
K23781	0
K23782	0
K23783	0
K23784	0
K23785	0
K23786	311
K23787	0
K23788	0
K23789	0
K23790	60
K23791	0
K23792	99
K23793	0
K23794	2
K23795	0
K23796	0
K23797	0
K23798	0
K23799	0
K23800	0
K23801	0
K23802	0
K23803	0
K23804	0
K23805	0
K23806	0
K23807	0
K23808	3
K23809	0
K23810	0
K23811	74
K23812	25
K23813	0
K23814	13
K23815	0
K23816	0
K23817	0
K23818	154
K23819	0
K23820	156
K23821	0
K23822	0
K23823	0
K23824	0
K23825	53
K23826	0
K23827	4
K23828	15
K23829	7
K23830	9
K23831	5
K23832	57
K23833	70
K23834	6
K23835	0
K23836	1
K23837	0
K23838	0
K23839	0
K23840	1
K23841	0
K23842	26
K23843	0
K23844	0
K23845	0
K23846	0
K23847	179
K23848	1
K23849	0
K23850	0
K23851	0
K23852	0
K23853	0
K23854	1
K23855	32
K23856	1308
K23857	0
K23858	4
K23859	0
K23860	0
K23861	0
K23862	1
K23863	0
K23864	112
K23865	0
K23866	155
K23867	0
K23868	0
K23869	45
K23870	0
K23871	0
K23872	0
K23873	13
K23874	112
K23875	15
K23876	393
K23877	0
K23878	0
K23879	0
K23880	0
K23881	7
K23882	0
K23883	0
K23884	0
K23885	6
K23886	1074
K23887	1
K23888	0
K23889	0
K23890	0
K23891	0
K23892	0
K23893	0
K23894	0
K23895	0
K23896	181
K23897	0
K23898	1
K23899	168
K23900	11
K23901	687
K23902	7
K23903	0
K23904	0
K23905	16
K23906	5
K23907	0
K23908	13
K23909	76
K23910	0
K23911	273
K23912	1
K23913	0
K23914	2
K23915	5
K23916	758
K23917	0
K23918	0
K23919	0
K23920	0
K23921	0
K23922	0
K23923	0
K23924	0
K23925	3
K23926	9
K23927	1
K23928	0
K23929	0
K23930	0
K23931	0
K23932	1
K23934	8
K23935	0
K23936	58
K23937	0
K23938	0
K23939	0
K23940	0
K23941	57
K23942	142
K23943	7
K23944	34
K23945	4
K23946	1165
K23947	7
K23948	1062
K23949	5
K23950	0
K23951	0
K23952	0
K23953	0
K23954	0
K23955	3
K23956	0
K23957	21
K23958	0
K23959	0
K23960	20
K23961	0
K23962	0
K23963	0
K23964	0
K23965	0
K23966	0
K23967	0
K23968	6
K23969	0
K23970	0
K23971	0
K23972	0
K23973	95
K23974	0
K23975	0
K23976	1637
K23977	0
K23978	160
K23979	0
K23980	3777
K23981	0
K23982	93
K23983	765
K23984	217
K23985	746
K23986	0
K23987	1
K23988	3900
K23989	43
K23990	0
K23991	644
K23992	355
K23993	3251
K23994	14
K23995	1032
K23996	0
K23997	7521
K23998	34
K23999	158
K24000	4
K24001	215
K24002	103
K24003	876
K24004	261
K24005	15
K24006	10
K24007	0
K24008	0
K24009	3
K24010	17
K24011	0
K24012	3365
K24013	0
K24014	0
K24015	0
K24016	0
K24017	460
K24018	5254
K24019	0
K24020	0
K24021	0
K24022	0
K24023	31
K24024	0
K24025	0
K24026	0
K24027	0
K24028	848
K24029	20
K24030	1
K24031	0
K24032	6
K24033	884
K24034	19
K24035	0
K24036	0
K24037	0
K24038	0
K24039	0
K24040	104
K24041	14
K24042	851
K24043	0
K24044	0
K24045	0
K24046	0
K24047	43
K24048	0
K24049	9
K24050	7
K24051	0
K24052	0
K24053	1
K24054	0
K24055	6
K24056	0
K24057	33
K24058	0
K24059	22
K24060	8
K24061	0
K24062	0
K24063	0
K24064	0
K24065	0
K24066	0
K24067	5
K24068	0
K24069	48
K24070	41
K24071	132
K24072	100
K24073	1084
K24074	7
K24075	1
K24076	130
K24077	0
K24078	330
K24079	38
K24080	0
K24081	0
K24082	4815
K24083	2637
K24084	967
K24085	232
K24086	0
K24087	1003
K24088	114
K24089	70
K24090	156
K24091	0
K24092	0
K24093	3
K24094	0
K24095	0
K24096	6
K24097	33
K24098	0
K24099	0
K24100	14
K24101	583
K24102	2
K24103	0
K24104	0
K24105	27
K24106	1
K24107	0
K24108	383
K24109	161
K24110	199
K24111	66
K24112	161
K24113	0
K24114	0
K24115	0
K24116	3733
K24117	1029
K24118	437
K24119	5068
K24120	1684
K24121	3590
K24122	10
K24123	0
K24124	56
K24125	0
K24126	1434
K24127	0
K24128	0
K24129	483
K24130	2249
K24131	327
K24132	0
K24133	0
K24134	0
K24135	256
K24136	2603
K24137	1
K24138	4198
K24139	0
K24140	0
K24141	220
K24142	440
K24143	0
K24144	0
K24145	0
K24146	0
K24147	1232
K24148	0
K24149	0
K24150	0
K24151	0
K24152	0
K24153	222
K24154	0
K24155	2
K24156	0
K24157	816
K24158	4194
K24159	18
K24160	2118
K24161	3
K24162	0
K24163	4597
K24164	0
K24165	0
K24166	0
K24167	0
K24168	0
K24169	0
K24170	0
K24171	0
K24172	0
K24173	0
K24174	260
K24175	1
K24176	0
K24177	0
K24178	0
K24179	0
K24180	2499
K24181	0
K24182	0
K24183	0
K24184	0
K24185	1
K24186	0
K24187	0
K24188	0
K24189	0
K24190	0
K24191	0
K24192	1
K24193	0
K24194	0
K24195	0
K24196	0
K24197	0
K24198	0
K24199	0
K24200	751
K24201	0
K24202	1
K24203	0
K24204	4904
K24205	12
K24206	3677
K24207	0
K24208	0
K24209	0
K24210	0
K24211	9
K24212	2
K24213	41
K24214	0
K24215	5
K24216	0
K24217	6674
K24218	4
K24219	0
K24220	5
K24221	0
K24222	1
K24223	1
K24224	4
K24225	0
K24226	9
K24227	0
K24228	3
K24229	0
K24230	0
K24231	0
K24232	0
K24233	0
K24234	0
K24235	0
K24236	6
K24237	0
K24238	0
K24239	0
K24240	0
K24241	44
K24242	0
K24243	20
K24244	300
K24245	341
K24246	47
K24247	5
K24248	12
K24249	12
K24250	0
K24251	89
K24252	365
K24253	0
K24254	5
K24255	0
K24256	550
K24257	65
K24258	299
K24259	245
K24260	0
K24261	0
K24262	0
K24263	835
K24264	861
K24265	0
K24266	1
K24267	0
K24268	340
K24269	1472
K24270	0
K24271	1
K24272	0
K24273	0
K24274	72
K24275	0
K24276	0
K24277	0
K24278	0
K24279	71
K24280	12
K24281	133
K24282	330
K24283	127
K24284	271
K24285	118
K24286	0
K24287	6
K24288	774
K24289	1322
K24290	1316
K24291	401
K24292	0
K24293	20
K24294	0
K24295	0
K24296	0
K24297	0
K24298	8
K24299	22
K24300	5542
K24301	229
K24302	380
K24303	212
K24304	40
K24305	367
K24306	73
K24307	204
K24308	0
K24309	0
K24310	3335
K24311	13
K24312	17
K24313	4
K24314	0
K24315	0
K24316	0
K24317	0
K24318	0
K24319	0
K24320	0
K24321	0
K24322	0
K24323	0
K24324	0
K24325	0
K24326	333
K24327	1320
K24328	0
K24329	0
K24330	0
K24331	0
K24332	0
K24333	0
K24334	1
K24335	0
K24336	19
K24337	7
K24338	0
K24339	1
K24340	0
K24341	7
K24342	2
K24343	935
K24344	1015
K24345	0
K24346	0
K24347	0
K24348	6
K24349	0
K24350	0
K24351	0
K24352	0
K24353	1
K24354	0
K24355	0
K24356	1
K24357	2
K24358	0
K24359	0
K24360	0
K24361	0
K24362	0
K24363	0
K24364	0
K24365	0
K24366	0
K24367	0
K24368	0
K24369	3
K24370	0
K24371	0
K24372	0
K24373	0
K24374	0
K24375	0
K24376	0
K24377	0
K24378	1
K24379	2
K24380	2
K24381	0
K24382	0
K24383	0
K24384	0
K24385	0
K24386	0
K24387	0
K24388	0
K24389	177
K24390	0
K24391	206
K24392	337
K24393	7
K24394	29
K24395	3
K24396	0
K24397	0
K24398	0
K24399	0
K24400	0
K24401	0
K24402	0
K24403	243
K24404	558
K24405	0
K24406	0
K24407	0
K24408	3
K24409	756
K24410	579
K24411	377
K24412	0
K24413	0
K24414	1
K24415	0
K24416	0
K24417	0
K24418	1
K24419	1047
K24420	0
K24421	0
K24422	0
K24423	0
K24424	0
K24425	1
K24426	0
K24427	17
K24428	285
K24429	0
K24430	0
K24431	0
K24432	0
K24433	0
K24434	0
K24435	0
K24436	76
K24437	82
K24438	0
K24439	0
K24440	0
K24441	0
K24442	8
K24443	2
K24444	403
K24445	7
K24446	0
K24447	85
K24448	166
K24449	806
K24450	2
K24451	370
K24452	28
K24453	104
K24454	117
K24455	0
K24456	395
K24457	12
K24458	36
K24459	1220
K24460	0
K24461	0
K24462	0
K24463	0
K24464	18
K24465	0
K24466	0
K24467	0
K24468	0
K24469	120
K24470	9
K24471	0
K24472	1
K24473	3743
K24474	0
K24475	11
K24476	0
K24477	0
K24478	3
K24479	0
K24480	0
K24481	0
K24482	2
K24483	100
K24484	0
K24485	207
K24486	0
K24487	58
K24488	0
K24489	1
K24490	0
K24491	1
K24492	2
K24493	0
K24494	0
K24495	52
K24496	12
K24497	0
K24498	22
K24499	1
K24500	4
K24501	0
K24502	3
K24503	0
K24504	0
K24505	0
K24506	12
K24507	0
K24508	1
K24509	0
K24510	1002
K24511	88
K24512	1
K24513	54
K24514	291
K24515	20
K24516	5
K24517	0
K24518	0
K24519	0
K24520	0
K24521	0
K24522	0
K24523	0
K24524	0
K24525	0
K24526	0
K24527	0
K24528	5
K24529	2
K24530	18
K24531	0
K24532	0
K24533	0
K24534	0
K24535	0
K24536	0
K24537	0
K24538	0
K24539	0
K24540	3
K24541	0
K24542	0
K24543	0
K24544	0
K24545	0
K24546	0
K24547	0
K24548	0
K24549	0
K24550	0
K24551	0
K24552	9
K24553	0
K24554	0
K24555	0
K24556	3
K24557	0
K24558	0
K24559	0
K24560	0
K24561	1
K24562	0
K24563	0
K24564	10
K24565	3
K24566	0
K24567	0
K24568	0
K24569	0
K24570	0
K24571	0
K24572	0
K24573	0
K24574	1
K24575	0
K24576	0
K24577	0
K24578	0
K24579	0
K24580	0
K24581	0
K24582	0
K24583	0
K24584	1
K24585	0
K24586	0
K24587	0
K24588	0
K24589	0
K24590	0
K24591	0
K24592	0
K24593	0
K24594	0
K24595	0
K24596	0
K24597	0
K24598	0
K24599	0
K24600	0
K24601	0
K24602	0
K24603	0
K24604	0
K24605	0
K24606	0
K24607	0
K24608	0
K24609	0
K24610	3
K24611	0
K24612	1
K24613	0
K24614	0
K24615	0
K24616	0
K24617	0
K24618	0
K24619	1242
K24620	561
K24621	0
K24622	0
K24623	26
K24624	0
K24625	0
K24626	0
K24627	0
K24628	0
K24629	0
K24630	1
K24631	16
K24632	73
K24633	3
K24634	0
K24635	3
K24636	5
K24637	4
K24638	0
K24639	0
K24640	0
K24641	0
K24642	1
K24643	1
K24644	0
K24645	0
K24646	0
K24647	0
K24648	2
K24649	10
K24650	0
K24651	4
K24652	9
K24653	0
K24654	20
K24655	1556
K24656	702
K24657	971
K24658	643
K24659	500
K24660	0
K24661	51
K24662	1548
K24663	0
K24664	0
K24665	0
K24666	245
K24667	27
K24668	0
K24669	0
K24670	0
K24671	35
K24672	366
K24673	43
K24674	0
K24675	3
K24676	0
K24677	0
K24678	0
K24679	0
K24680	0
K24681	0
K24682	1
K24683	0
K24684	0
K24685	0
K24686	0
K24687	1
K24688	0
K24689	677
K24690	0
K24691	0
K24692	0
K24693	10
K24694	2
K24695	2
K24696	207
K24697	6
K24698	273
K24699	1042
K24700	2427
K24701	0
K24702	15
K24703	17
K24704	789
K24705	370
K24706	0
K24707	1936
K24708	290
K24709	11
K24710	46
K24711	32
K24712	1032
K24713	3
K24714	22
K24715	18
K24716	36
K24717	24
K24718	1
K24719	40
K24720	0
K24721	0
K24722	0
K24723	0
K24724	0
K24725	33
K24726	0
K24727	39
K24728	2
K24729	14
K24730	0
K24731	0
K24732	0
K24733	1
K24734	659
K24735	5
K24736	30
K24737	2
K24738	0
K24739	0
K24740	0
K24741	0
K24742	1
K24743	1
K24744	0
K24745	116
K24746	0
K24747	0
K24748	0
K24749	0
K24750	6
K24751	0
K24752	0
K24753	0
K24754	0
K24755	0
K24756	3
K24757	7
K24758	0
K24759	0
K24760	0
K24761	0
K24762	0
K24763	0
K24764	73
K24765	0
K24766	3
K24767	0
K24768	66
K24769	0
K24770	0
K24771	0
K24772	0
K24773	0
K24774	0
K24775	0
K24776	0
K24777	0
K24778	12
K24779	2
K24780	6
K24781	1
K24782	0
K24783	0
K24784	0
K24785	0
K24786	0
K24787	0
K24788	0
K24789	0
K24790	3
K24791	0
K24792	0
K24793	0
K24794	2
K24795	0
K24796	0
K24797	0
K24798	0
K24799	0
K24800	0
K24801	0
K24802	2
K24803	16
K24804	0
K24805	0
K24806	0
K24807	0
K24808	0
K24809	0
K24810	11
K24811	0
K24812	1
K24813	0
K24814	0
K24815	0
K24816	0
K24817	1
K24818	0
K24819	1015
K24820	0
K24821	4296
K24822	6
K24823	0
K24824	0
K24825	0
K24826	0
K24827	0
K24828	0
K24829	1
K24830	0
K24831	1
K24832	0
K24833	0
K24834	5
K24835	220
K24836	0
K24837	2
K24838	0
K24839	0
K24840	0
K24841	0
K24842	1
K24843	3462
K24844	3433
K24845	3431
K24846	511
K24847	2283
K24848	128
K24849	7
K24850	21
K24851	0
K24852	3
K24853	0
K24854	0
K24855	65
K24856	1
K24857	0
K24858	17
K24859	0
K24860	0
K24861	0
K24862	0
K24863	0
K24864	0
K24865	0
K24866	211
K24867	632
K24868	591
K24869	0
K24870	0
K24871	16
K24872	360
K24873	3
K24874	0
K24875	0
K24876	0
K24877	0
K24878	0
K24879	0
K24880	0
K24881	0
K24882	0
K24883	0
K24884	0
K24885	7
K24886	1
K24887	0
K24888	0
K24889	0
K24890	0
K24891	0
K24892	0
K24893	0
K24894	0
K24895	0
K24896	3
K24897	0
K24898	0
K24899	0
K24900	1
K24901	0
K24902	0
K24903	0
K24904	0
K24905	1
K24906	34
K24907	0
K24908	0
K24909	1
K24910	9
K24911	5
K24912	3
K24913	6
K24914	202
K24915	1095
K24916	0
K24917	0
K24918	0
K24919	0
K24920	0
K24921	0
K24922	0
K24923	1
K24924	60
K24925	16
K24926	25
K24927	0
K24928	186
K24929	250
K24930	0
K24931	15
K24932	59
K24933	6
K24934	10
K24935	104
K24936	1007
K24937	116
K24938	0
K24939	27
K24940	0
K24941	61
K24942	1325
K24943	2
K24944	7
K24945	0
K24946	24
K24947	6
K24948	864
K24949	15
K24950	52
K24951	237
K24952	12
K24953	13
K24954	1956
K24955	1058
K24956	185
K24957	0
K24958	0
K24959	0
K24960	0
K24961	0
K24962	0
K24963	0
K24964	0
K24965	0
K24966	1
K24967	4465
K24968	5
K24969	16
K24970	1
K24971	4
K24972	75
K24973	0
K24974	0
K24975	0
K24976	7
K24977	0
K24978	0
K24979	0
K24980	0
K24981	0
K24982	1
K24983	1
K24984	0
K24985	756
K24986	566
K24987	395
K24988	286
K24989	19
K24990	0
K24991	53
K24992	0
K24993	0
K24994	0
K24995	2595
K24996	0
K24997	0
K24998	2880
K24999	0
K25000	0
K25001	0
K25002	0
K25003	0
K25004	1
K25005	0
K25006	0
K25007	551
K25008	1
K25009	0
K25010	234
K25011	0
K25012	0
K25013	0
K25014	0
K25015	0
K25016	0
K25017	0
K25018	0
K25019	1
K25020	0
K25021	0
K25022	0
K25023	0
K25024	0
K25025	0
K25026	4594
K25027	1309
K25028	701
K25029	172
K25030	6
K25031	299
K25032	0
K25033	7
K25034	2003
K25035	133
K25036	0
K25037	1
K25038	0
K25039	0
K25040	0
K25041	0
K25042	0
K25043	0
K25044	3
K25045	0
K25046	0
K25047	0
K25048	0
K25049	0
K25050	0
K25051	0
K25052	0
K25053	0
K25054	0
K25055	1
K25056	63
K25057	0
K25058	1
K25059	0
K25060	0
K25061	108
K25062	8
K25063	0
K25064	1
K25065	0
K25066	5
K25067	6
K25068	5
K25069	5
K25070	0
K25071	0
K25072	176
K25073	9
K25074	9
K25075	0
K25076	1
K25077	0
K25078	0
K25079	0
K25080	0
K25081	0
K25082	0
K25083	0
K25084	0
K25085	0
K25086	4
K25087	2
K25088	2
K25089	86
K25090	0
K25091	0
K25092	0
K25093	1
K25094	0
K25095	0
K25096	533
K25097	714
K25098	889
K25099	457
K25100	0
K25101	0
K25102	0
K25103	5
K25104	0
K25105	5
K25106	3
K25107	12
K25108	1
K25109	593
K25110	525
K25111	980
K25112	0
K25113	1
K25114	12
K25115	5
K25116	0
K25117	1
K25118	1
K25119	0
K25120	0
K25121	1
K25122	0
K25123	0
K25124	18
K25125	0
K25126	0
K25127	0
K25128	0
K25129	0
K25130	2
K25131	0
K25132	5008
K25133	5080
K25134	0
K25135	3678
K25136	270
K25137	1564
K25138	18
K25139	2
K25140	66
K25141	73
K25142	970
K25143	1049
K25144	1106
K25145	0
K25146	0
K25147	301
K25148	219
K25149	14
K25150	13
K25151	862
K25152	928
K25153	1009
K25154	328
K25155	318
K25156	327
K25157	6
K25158	14
K25159	548
K25160	0
K25161	0
K25162	0
K25163	0
K25164	3
K25165	10
K25166	329
K25167	6
K25168	0
K25169	590
K25170	117
K25171	8
K25172	0
K25173	0
K25174	0
K25175	0
K25176	2
K25177	0
K25178	0
K25179	0
K25180	4073
K25181	4172
K25182	2222
K25183	1696
K25184	193
K25185	0
K25186	0
K25187	362
K25188	364
K25189	1836
K25190	395
K25191	0
K25192	0
K25193	278
K25194	31
K25195	24
K25196	1447
K25197	990
K25198	40
K25199	22
K25200	11
K25201	0
K25202	0
K25203	0
K25204	0
K25205	252
K25206	0
K25207	6
K25208	0
K25209	0
K25210	49
K25211	0
K25212	1
K25213	40
K25214	0
K25215	0
K25216	0
K25217	0
K25218	0
K25219	0
K25220	437
K25221	0
K25222	0
K25223	1620
K25224	1593
K25225	0
K25226	0
K25227	2162
K25228	0
K25229	0
K25230	22
K25231	343
K25232	755
K25233	6
K25234	43
K25235	0
K25236	0
K25237	0
K25238	0
K25239	0
K25240	0
K25241	0
K25242	0
K25243	0
K25244	0
K25245	0
K25246	0
K25247	0
K25248	0
K25249	0
K25250	0
K25251	0
K25252	0
K25253	0
K25254	12
K25255	163
K25256	2
K25257	0
K25258	4
K25259	2
K25260	622
K25261	25
K25262	1034
K25263	38
K25264	0
K25265	9
K25266	0
K25267	25
K25268	0
K25269	0
K25270	0
K25271	2384
K25272	384
K25273	0
K25274	0
K25275	0
K25276	0
K25277	0
K25278	0
K25279	0
K25280	97
K25281	3
K25282	2273
K25283	1993
K25284	1996
K25285	1992
K25286	1180
K25287	23
K25288	7
K25289	16
K25290	7
K25291	0
K25292	0
K25293	0
K25294	0
K25295	0
K25296	0
K25297	0
K25298	1
K25299	0
K25300	5
K25301	0
K25302	0
K25303	0
K25304	0
K25305	124
K25306	0
K25307	5904
K25308	15
K25309	0
K25310	0
K25311	0
K25312	0
K25313	0
K25314	0
K25315	0
K25316	4465
K25317	755
K25318	0
K25319	0
K25320	0
K25321	0
K25322	0
K25323	0
K25324	0
K25325	0
K25326	0
K25327	0
K25328	0
K25329	0
K25330	1
K25331	0
K25332	0
K25333	0
K25334	0
K25335	0
K25336	0
K25337	0
K25338	0
K25339	0
K25340	0
K25341	0
K25342	0
K25343	0
K25344	0
K25345	0
K25346	0
K25347	0
K25348	0
K25349	0
K25350	0
K25351	0
K25352	0
K25353	1
K25354	0
K25355	0
K25356	7
K25357	9
K25358	0
K25359	1
K25360	0
K25361	0
K25362	0
K25363	0
K25364	0
K25365	33
K25366	0
K25367	0
K25368	0
K25369	0
K25370	0
K25371	0
K25372	0
K25373	0
K25374	5
K25375	0
K25376	1
K25377	0
K25378	4
K25379	466
K25380	0
K25381	2
K25382	0
K25383	0
K25384	0
K25385	0
K25386	0
K25387	0
K25388	0
K25389	0
K25390	0
K25391	0
K25392	37
K25393	0
K25394	0
K25395	0
K25396	0
K25397	0
K25398	2
K25399	0
K25400	15
K25401	9
K25402	0
K25403	0
K25404	0
K25405	0
K25406	0
K25407	0
K25408	0
K25409	2
K25410	0
K25411	0
K25412	0
K25413	0
K25414	0
K25415	0
K25416	0
K25417	0
K25418	0
K25419	0
K25420	0
K25421	0
K25422	5968
K25423	0
K25424	0
K25425	0
K25426	0
K25427	0
K25428	1
K25429	0
K25430	0
K25431	32
K25432	0
K25433	0
K25434	17
K25435	0
K25436	0
K25437	0
K25438	0
K25439	0
K25440	0
K25441	0
K25442	1
K25443	0
K25444	0
K25445	0
K25446	1
K25447	0
K25448	1
K25449	0
K25450	63
K25451	0
K25452	0
K25453	0
K25454	0
K25455	0
K25456	0
K25457	0
K25458	961
K25459	0
K25460	0
K25461	0
K25462	0
K25463	0
K25464	1
K25465	0
K25466	0
K25467	0
K25468	0
K25469	0
K25470	0
K25471	0
K25472	0
K25473	2
K25474	0
K25475	1
K25476	0
K25477	0
K25478	0
K25479	0
K25480	0
K25481	0
K25482	0
K25483	0
K25484	0
K25485	0
K25486	0
K25487	0
K25488	0
K25489	0
K25490	0
K25491	0
K25492	0
K25493	0
K25494	1403
K25495	6101
K25496	1
K25497	96
K25498	4
K25499	61
K25500	36
K25501	11
K25502	0
K25503	321
K25504	0
K25505	0
K25506	0
K25507	0
K25508	0
K25509	73
K25510	0
K25511	0
K25512	3
K25513	0
K25514	0
K25515	0
K25516	0
K25517	185
K25518	8
K25519	27
K25520	717
K25521	0
K25522	0
K25523	0
K25524	60
K25525	4292
K25526	0
K25527	0
K25528	1
K25529	0
K25530	0
K25531	0
K25532	0
K25533	0
K25534	0
K25535	0
K25536	1
K25537	6
K25538	0
K25539	0
K25540	0
K25541	0
K25542	0
K25543	44
K25544	0
K25545	0
K25546	0
K25547	0
K25548	0
K25549	1
K25550	3
K25551	0
K25552	20
K25553	0
K25554	34
K25555	579
K25556	0
K25557	248
K25558	0
K25559	0
K25560	0
K25561	0
K25562	1151
K25563	162
K25564	419
K25565	0
K25566	0
K25567	0
K25568	0
K25569	0
K25570	0
K25571	2
K25572	0
K25573	0
K25574	63
K25575	3
K25576	1
K25577	0
K25578	536
K25579	0
K25580	0
K25581	0
K25582	0
K25583	71
K25584	0
K25585	1
K25586	0
K25587	326
K25588	382
K25589	682
K25590	2127
K25591	0
K25592	0
K25593	0
K25594	71
K25595	196
K25596	111
K25597	2
K25598	3
K25599	10
K25600	0
K25601	16
K25602	75
K25603	80
K25604	2
K25605	0
K25606	0
K25607	24
K25608	0
K25609	9
K25610	1
K25611	0
K25612	0
K25613	0
K25614	0
K25615	0
K25616	0
K25617	7
K25618	11
K25619	140
K25620	5
K25621	503
K25622	218
K25623	1497
K25624	0
K25625	0
K25626	30
K25627	494
K25628	10
K25629	0
K25630	1
K25631	2
K25632	7
K25633	0
K25634	8
K25635	0
K25636	0
K25637	0
K25638	0
K25639	0
K25640	0
K25641	3
K25642	0
K25643	0
K25644	0
K25645	0
K25646	0
K25647	0
K25648	0
K25649	723
K25650	0
K25651	5
K25652	365
K25653	2
K25654	0
K25655	0
K25656	761
K25657	392
K25658	100
K25659	18
K25660	1
K25661	0
K25662	0
K25663	0
K25664	2
K25665	0
K25666	0
K25667	0
K25668	0
K25669	7
K25670	5
K25671	1
K25672	1
K25673	1
K25674	1
K25675	39
K25676	294
K25677	294
K25678	287
K25679	0
K25680	0
K25681	0
K25682	0
K25683	0
K25684	0
K25685	0
K25686	0
K25687	0
K25688	0
K25689	0
K25690	0
K25691	0
K25692	0
K25693	0
K25694	0
K25695	0
K25696	0
K25697	0
K25698	0
K25699	1
K25700	0
K25701	444
K25702	0
K25703	0
K25704	0
K25705	0
K25706	8692
K25707	0
K25708	0
K25709	5
K25710	0
K25711	0
K25712	0
K25713	0
K25714	0
K25715	0
K25716	0
K25717	0
K25718	0
K25719	0
K25720	0
K25721	0
K25722	0
K25723	0
K25724	1
K25725	0
K25726	0
K25727	0
K25728	0
K25729	0
K25730	0
K25731	0
K25732	0
K25733	0
K25734	0
K25735	0
K25736	0
K25737	0
K25738	0
K25739	0
K25740	0
K25741	1
K25742	0
K25743	0
K25744	0
K25745	34
K25746	0
K25747	18
K25748	2
K25749	0
K25750	0
K25751	0
K25752	0
K25753	0
K25754	1
K25755	14
K25756	0
K25757	0
K25758	0
K25759	4
K25760	207
K25761	4
K25762	2
K25763	92
K25764	0
K25765	6
K25766	69
K25767	296
K25768	0
K25769	0
K25770	0
K25771	0
K25772	0
K25773	0
K25774	1
K25775	629
K25776	9
K25777	0
K25778	0
K25779	0
K25780	0
K25781	0
K25782	0
K25783	3
K25784	1
K25785	0
K25786	0
K25787	11
K25788	0
K25789	0
K25790	0
K25791	0
K25792	0
K25793	0
K25794	0
K25795	0
K25796	0
K25797	1
K25798	0
K25799	0
K25800	0
K25801	0
K25802	0
K25803	0
K25804	2
K25805	0
K25806	0
K25807	0
K25808	0
K25809	0
K25810	0
K25811	1
K25812	40
K25813	2
K25814	32
K25815	52
K25816	3
K25817	0
K25818	0
K25819	0
K25820	7
K25821	6
K25822	13
K25823	13
K25824	0
K25825	0
K25826	0
K25827	1
K25828	34
K25829	0
K25830	0
K25831	0
K25832	0
K25833	0
K25834	0
K25835	0
K25836	0
K25837	0
K25838	0
K25839	0
K25840	0
K25841	75
K25842	6
K25843	16
K25844	3
K25845	33
K25846	2
K25847	0
K25848	9
K25849	69
K25850	6
K25851	3
K25852	6
K25853	5
K25854	3
K25855	40
K25856	0
K25857	0
K25858	0
K25859	1262
K25860	0
K25861	56
K25862	0
K25863	1
K25864	1404
K25865	0
K25866	0
K25867	0
K25868	0
K25869	0
K25870	0
K25871	0
K25872	0
K25873	482
K25874	0
K25875	716
K25876	2
K25877	758
K25878	0
K25879	0
K25880	1
K25881	0
K25882	277
K25883	1536
K25884	1895
K25885	1180
K25886	337
K25887	46
K25888	48
K25889	74
K25890	311
K25891	290
K25892	294
K25893	0
K25894	4
K25895	713
K25896	0
K25897	89
K25898	121
K25899	0
K25900	1
K25901	2275
K25902	138
K25903	263
K25904	288
K25905	47
K25906	43
K25907	454
K25908	40
K25909	22
K25910	33
K25911	182
K25912	199
K25913	260
K25914	0
K25915	0
K25916	1
K25917	0
K25918	0
K25919	0
K25920	0
K25921	0
K25922	0
K25923	1
K25924	0
K25925	0
K25926	0
K25927	0
K25928	0
K25929	0
K25930	0
K25931	0
K25932	2
K25933	15
K25934	2
K25935	2
K25936	40
K25937	41
K25938	4
K25939	346
K25940	0
K25941	1
K25942	0
K25943	0
K25944	0
K25945	0
K25946	0
K25947	0
K25948	0
K25949	2
K25950	60
K25951	0
K25952	995
K25953	0
K25954	1
K25955	0
K25956	3
K25957	191
K25958	108
K25959	0
K25960	1805
K25961	1807
K25962	0
K25963	0
K25964	0
K25965	0
K25966	0
K25967	0
K25968	0
K25969	2
K25970	0
K25971	0
K25972	0
K25973	0
K25974	0
K25975	0
K25976	0
K25977	0
K25978	0
K25979	0
K25980	0
K25981	0
K25982	0
K25983	0
K25984	0
K25985	586
K25986	2854
K25987	17
K25988	3510
K25989	0
K25990	1
K25991	0
K25992	0
K25993	0
K25994	4
K25995	138
K25996	142
K25997	0
K25998	0
K25999	0
K26000	0
K26001	8
K26002	2
K26003	20
K26004	4
K26005	259
K26006	0
K26007	3
K26008	3
K26009	1
K26010	1
K26011	1
K26012	1
K26013	10
K26014	0
K26015	0
K26016	0
K26017	0
K26018	0
K26019	0
K26020	0
K26021	0
K26022	0
K26023	0
K26024	1
K26025	0
K26026	0
K26027	0
K26028	0
K26029	246
K26030	61
K26031	74
K26032	2051
K26033	20
K26034	0
K26035	0
K26036	865
K26037	0
K26038	0
K26039	2722
K26040	0
K26041	530
K26042	0
K26043	8
K26044	0
K26045	1
K26046	217
K26047	3
K26048	61
K26049	488
K26050	0
K26051	80
K26052	0
K26053	0
K26054	0
K26055	14
K26056	0
K26057	2841
K26058	438
K26059	760
K26060	714
K26061	3606
K26062	806
K26063	4385
K26064	2082
K26065	2284
K26066	5
K26067	0
K26068	1
K26069	0
K26070	0
K26071	92
K26072	9
K26073	30
K26074	0
K26075	62
K26076	0
K26077	8
K26078	0
K26079	0
K26080	446
K26081	61
K26082	22
K26083	108
K26084	0
K26085	0
K26086	0
K26087	7
K26088	164
K26089	5
K26090	0
K26091	0
K26092	0
K26093	0
K26094	5
K26095	0
K26096	0
K26097	0
K26098	58
K26099	0
K26100	0
K26101	1
K26102	0
K26103	0
K26104	0
K26105	0
K26106	0
K26107	1
K26108	0
K26109	0
K26110	12
K26111	0
K26112	0
K26113	9
K26114	3
K26115	160
K26116	0
K26117	0
K26118	1
K26119	0
K26120	0
K26121	0
K26122	0
K26123	0
K26124	0
K26125	0
K26126	1
K26127	0
K26128	0
K26129	0
K26130	0
K26131	0
K26132	0
K26133	0
K26134	0
K26135	0
K26136	0
K26137	0
K26138	2236
K26139	3599
K26140	0
K26141	166
K26142	0
K26143	0
K26144	0
K26145	0
K26146	0
K26147	0
K26148	5150
K26149	1521
K26150	0
K26151	4
K26152	0
K26153	0
K26154	0
K26155	0
K26156	0
K26157	0
K26158	0
K26159	0
K26160	0
K26161	0
K26162	0
K26163	0
K26164	0
K26165	0
K26166	0
K26167	0
K26168	0
K26169	0
K26170	0
K26171	2
K26172	399
K26173	113
K26174	110
K26175	5
K26176	65
K26177	6
K26178	1304
K26179	3683
K26180	841
K26181	1507
K26182	720
K26183	550
K26184	782
K26185	453
K26186	0
K26187	0
K26188	0
K26189	0
K26190	0
K26197	0
K26198	0
K26199	0
K26200	0
K26201	0
K26202	0
K26203	0
K26204	0
K26205	0
K26206	0
K26207	0
K26208	166
K26209	77
K26210	59
K26211	0
K26212	2299
K26213	0
K26214	0
K26215	0
K26216	1324
K26217	275
K26218	190
K26219	0
K26220	0
K26221	0
K26222	0
K26223	0
K26224	0
K26225	0
K26226	0
K26227	6
K26228	0
K26229	2
K26230	0
K26231	0
K26232	0
K26233	0
K26234	0
K26235	0
K26236	0
K26237	0
K26238	0
K26239	0
K26240	0
K26241	5
K26242	0
K26243	0
K26244	0
K26245	0
K26246	0
K26247	0
K26248	0
K26249	12
K26250	2
K26251	0
K26252	12
K26253	0
K26254	0
K26255	0
K26256	1
K26257	0
K26258	1
K26259	0
K26260	0
K26261	0
K26262	1
K26263	0
K26264	0
K26265	0
K26266	0
K26267	0
K26268	0
K26269	0
K26270	0
K26271	0
K26272	1451
K26273	871
K26274	0
K26275	0
K26276	0
K26277	0
K26278	0
K26279	0
K26280	0
K26281	0
K26282	0
K26283	0
K26284	43
K26285	7
K26286	14
K26287	0
K26288	729
K26289	267
K26290	277
K26316	0
K26317	1
K26318	970
K26346	0
K26347	4
K26348	3
K26349	162
K26350	0
K26351	0
K26352	0
K26353	8
K26354	0
K26355	1075
K26356	0
K26357	0
K26364	8
K26365	231
K26366	0
K26367	0
K26368	0
K26369	0
K26370	0
K26371	0
K26372	0
K26373	0
K26374	0
K26375	0
K26376	0
K26377	0
K26378	0
K26379	0
K26380	0
K26381	0
K26382	0
K26383	0
K26384	0
K26385	0
K26389	2
K26390	0
K26391	2415
K26392	7061
K26393	25
K26394	0
K26395	0
K26396	0
K26397	7
K26398	75
K26399	2301
K26400	2923
K26401	0
K26402	0
K26403	0
K26404	0
K26405	3
K26406	0
K26407	0
K26408	0
K26409	2
K26410	9
K26411	0
K26412	0
K26413	119
K26414	19
K26415	0
K26416	0
K26417	0
K26418	0
K26419	0
K26420	0
K26421	0
K26422	0
K26423	0
K26424	0
K26425	0
K26426	0
K26427	0
K26428	0
K26429	0
K26430	0
K26431	0
K26432	0
K26433	0
K26434	1
K26435	0
K26436	0
K26437	0
K26438	0
K26439	0
K26440	907
K26441	1700
K26442	0
K26443	0
K26444	0
K26445	0
K26446	0
K26447	0
K26448	0
K26449	0
K26450	3
K26451	5
K26452	0
K26453	0
K26454	0
K26455	0
K26456	106
K26457	0
K26458	0
K26459	0
K26460	1
K26466	0
K26467	0
K26468	0
K26469	45
K26470	0
K26471	6
K26472	0
K26473	0
K26480	4
K26481	0
K26482	0
K26483	5
K26484	0
K26485	0
K26486	0
K26487	0
K26488	0
K26489	0
K26490	0
K26491	0
K26492	0
K26493	0
K26494	0
K26495	0
K26496	0
K26497	0
K26498	0
K26499	0
K26500	50
K26501	0
K26502	0
K26503	4
K26504	0
K26505	0
K26506	0
K26507	0
K26508	0
K26509	0
K26510	0
K26511	0
K26512	0
K26513	0
K26514	0
K26515	0
K26516	0
K26517	1
K26518	2
K26519	0
K26520	0
K26521	0
K26522	0
K26523	0
K26524	0
K26525	0
K26526	0
K26527	0
K26528	1
K26529	1
K26530	0
K26531	0
K26532	0
K26533	0
K26534	0
K26535	0
K26536	0
K26537	0
K26538	3
K26539	14
K26540	3
K26541	0
K26542	0
K26543	0
K26544	0
K26545	0
K26546	3
K26547	1
K26548	0
K26549	0
K26550	0
K26551	0
K26552	2
K26553	0
K26554	0
K26555	0
K26556	0
K26557	0
K26558	0
K26559	0
K26560	0
K26561	0
K26562	0
K26563	0
K26564	0
K26579	9
K26580	957
K26581	0
K26582	0
K26583	0
K26584	0
K26585	0
K26586	2
K26587	0
K26588	0
K26589	0
K26590	0
K26591	0
K26592	0
K26593	0
K26594	0
K26595	1
K26596	0
K26597	0
K26598	2
K26599	0
K26600	0
K26601	1172
K26602	978
K26603	318
K26604	860
K26605	6873
K26606	6580
K26607	1272
K26608	2
K26609	0
K26610	0
K26611	0
K26612	0
K26613	0
K26614	0
K26615	0
K26616	0
K26617	0
K26618	1
K26619	0
K26620	0
K26621	0
K26622	0
K26623	19
K26624	1
K26625	0
K26626	3
K26627	1
K26628	3
K26629	0
K26630	0
K26631	3
K26632	1
K26633	1
K26634	0
K26635	0
K26636	0
K26637	0
K26638	0
K26639	0
K26640	0
K26641	0
K26642	2
K26643	0
K26644	0
K26645	0
K26646	0
K26647	0
K26648	0
K26649	0
K26650	4
K26651	0
K26652	0
K26653	54
K26654	0
K26655	0
K26656	0
K26657	0
K26658	0
K26659	0
K26660	481
K26661	0
K26662	0
K26663	0
K26664	0
K26665	0
K26666	0
K26667	0
K26668	0
K26669	0
K26670	0
K26671	0
K26672	0
K26673	3
K26674	0
K26675	14
K26676	0
K26677	0
K26678	1
K26679	0
K26680	0
K26681	0
K26682	0
K26683	0
K26684	0
K26685	0
K26686	0
K26687	0
K26688	0
K26689	0
K26690	0
K26691	0
K26692	230
K26693	0
K26694	0
K26695	0
K26696	20
K26697	0
K26698	2
K26699	0
K26700	0
K26701	0
K26702	0
K26703	0
K26704	0
K26705	0
K26706	13
K26707	13
K26708	0
K26709	4
K26710	13
K26711	37
K26712	0
K26713	0
K26714	0
K26715	0
K26716	0
K26717	0
K26718	0
K26719	0
K26720	0
K26721	0
K26722	10
K26723	28
K26724	0
K26725	0
K26726	0
K26727	0
K26728	0
K26729	0
K26730	851
K26731	1919
K26732	39
K26733	0
K26734	2
K26735	5982
K26736	0
K26737	0
K26738	0
K26739	50
K26740	61
K26741	81
K26742	0
K26743	0
K26744	947
K26745	253
K26746	0
K26747	0
K26748	9
K26749	0
K26750	0
K26751	0
K26752	0
K26753	637
K26754	9
K26755	0
K26756	9
K26757	0
K26758	0
K26759	0
K26760	0
K26761	4
K26762	0
K26763	0
K26764	0
K26765	0
K26766	0
K26767	0
K26768	0
K26769	0
K26770	1228
K26771	0
K26772	0
K26773	5
K26774	0
K26775	367
K26776	0
K26777	47
K26778	504
K26779	0
K26780	24
K26781	0
K26782	1250
K26783	42
K26784	0
K26785	0
K26786	0
K26787	0
K26788	0
K26789	493
K26790	2
K26791	0
K26792	0
K26793	0
K26794	3
K26795	4
K26796	0
K26797	1
K26798	0
K26799	0
K26800	0
K26801	0
K26802	0
K26803	0
K26804	0
K26805	800
K26806	5
K26807	0
K26808	0
K26815	56
K26816	1
K26817	2
K26818	8
K26819	20
K26820	169
K26821	5
K26822	0
K26823	59
K26824	0
K26825	0
K26826	2
K26827	14
K26828	140
K26829	10
K26830	0
K26831	0
K26832	0
K26833	0
K26834	0
K26835	71
K26836	0
K26837	34
K26838	320
K26839	0
K26840	114
K26841	23
K26842	141
K26843	1
K26844	0
K26845	0
K26846	1
K26847	0
K26848	0
K26849	0
K26850	0
K26851	0
K26852	0
K26853	0
K26854	0
K26855	0
K26856	8
K26857	2
K26858	304
K26859	64
K26860	0
K26861	18
K26862	3
K26863	0
K26864	397
K26865	861
K26866	18
K26867	1
K26868	2
K26869	0
K26870	19
K26871	0
K26872	0
K26873	128
K26874	0
K26875	67
K26876	2
K26877	17
K26878	53
K26879	3
K26880	40
K26881	38
K26882	0
K26883	0
K26884	0
K26885	1
K26886	4
K26887	1
K26888	0
K26889	58
K26890	6
K26891	0
K26892	10
K26893	1
K26894	6
K26895	408
K26896	0
K26897	0
K26898	0
K26899	25
K26900	1489
K26901	639
K26902	6
K26903	23
K26904	0
K26905	2
K26906	0
K26907	0
K26908	59
K26909	0
K26910	0
K26911	3
K26912	0
K26913	445
K26914	0
K26915	0
K26916	3
K26917	294
K26918	10
K26919	0
K26920	373
K26921	0
K26922	175
K26923	0
K26924	0
K26925	0
K26926	0
K26927	0
K26928	31
K26929	7
K26930	0
K26931	0
K26932	0
