KO id	KO_count
K00001	1551
K00002	412
K00003	7121
K00004	2310
K00005	1855
K00006	0
K00007	1049
K00008	2238
K00009	1885
K00010	6044
K00011	113
K00012	10013
K00013	10504
K00014	10931
K00015	3263
K00016	1016
K00018	4933
K00019	3608
K00020	6344
K00021	581
K00022	145
K00023	4490
K00024	4374
K00025	2969
K00026	2267
K00027	10410
K00028	0
K00029	3337
K00030	6329
K00031	7917
K00032	1757
K00033	7145
K00034	7869
K00035	1773
K00036	8628
K00037	0
K00038	3069
K00039	1061
K00040	3472
K00041	2521
K00042	6071
K00043	2408
K00044	26
K00045	2394
K00046	3619
K00048	736
K00049	30
K00051	12
K00052	10346
K00053	10594
K00054	1597
K00055	923
K00057	11242
K00058	10680
K00059	11262
K00060	3957
K00061	11
K00062	0
K00063	0
K00064	3051
K00065	4992
K00066	1373
K00067	8806
K00068	921
K00069	28
K00070	2
K00071	2
K00072	1
K00073	857
K00074	6203
K00075	11281
K00076	1977
K00077	7484
K00078	1282
K00079	173
K00081	0
K00082	11
K00083	12
K00084	2
K00085	0
K00086	1510
K00087	2336
K00088	11270
K00089	0
K00090	2726
K00091	4584
K00093	15
K00094	311
K00095	0
K00096	256
K00097	10387
K00098	1800
K00099	9947
K00100	70
K00101	6041
K00102	3139
K00103	555
K00104	5861
K00105	10
K00106	47
K00107	1
K00108	6633
K00109	2459
K00111	5260
K00112	1676
K00113	2387
K00114	1717
K00115	65
K00116	5037
K00117	812
K00118	1880
K00119	52
K00120	4
K00121	7947
K00122	460
K00123	6454
K00124	2664
K00125	145
K00126	2671
K00127	3999
K00128	597
K00129	106
K00130	6354
K00131	1965
K00132	326
K00133	11246
K00134	11244
K00135	8214
K00137	2317
K00138	6857
K00139	40
K00140	6896
K00141	979
K00142	224
K00143	6
K00145	9917
K00146	2872
K00147	10110
K00148	4303
K00149	527
K00150	250
K00151	2351
K00152	112
K00153	215
K00154	4812
K00155	67
K00156	4711
K00157	1
K00158	52
K00161	3711
K00162	3721
K00163	7432
K00164	10026
K00166	3789
K00167	3793
K00169	297
K00170	246
K00171	604
K00172	315
K00174	1897
K00175	1822
K00176	1593
K00177	1118
K00179	1465
K00180	1448
K00181	0
K00182	0
K00184	161
K00185	1932
K00186	26
K00187	657
K00188	100
K00189	11
K00192	87
K00193	13
K00194	24
K00195	0
K00196	1110
K00197	60
K00198	136
K00200	455
K00201	431
K00202	432
K00203	1
K00204	166
K00205	96
K00206	783
K00207	0
K00208	8207
K00209	3493
K00211	100
K00212	0
K00213	76
K00214	4
K00215	11218
K00216	1905
K00217	1411
K00218	141
K00219	5728
K00220	2240
K00221	231
K00222	29
K00223	5
K00224	5
K00225	0
K00226	796
K00227	1793
K00228	9041
K00230	2738
K00231	2193
K00232	386
K00233	620
K00234	8302
K00235	8245
K00236	2474
K00237	0
K00239	2422
K00240	2327
K00241	7830
K00242	8317
K00243	3746
K00244	2257
K00245	2262
K00246	2243
K00247	2193
K00248	5049
K00249	4111
K00251	0
K00252	6238
K00253	5913
K00254	10293
K00255	2958
K00257	12
K00258	9
K00259	5125
K00260	2765
K00261	1329
K00262	5841
K00263	3325
K00264	1457
K00265	9361
K00266	8564
K00270	31
K00271	11
K00272	5
K00273	482
K00274	4303
K00275	9892
K00276	968
K00277	11
K00278	8704
K00279	194
K00280	20
K00281	8432
K00282	1333
K00283	1329
K00284	61
K00285	7267
K00286	10801
K00287	9794
K00288	17
K00289	45
K00290	707
K00293	98
K00294	1318
K00295	3
K00296	15
K00297	10283
K00298	102
K00299	4376
K00300	152
K00301	2005
K00302	3521
K00303	3085
K00304	3043
K00305	3040
K00306	40
K00307	17
K00308	1
K00309	542
K00310	2391
K00311	6781
K00312	0
K00313	1031
K00314	45
K00315	1031
K00316	895
K00317	448
K00318	1465
K00319	0
K00320	2941
K00322	4558
K00323	4188
K00324	5180
K00325	8280
K00326	22
K00327	11
K00330	9059
K00331	5373
K00332	3576
K00333	3778
K00334	7412
K00335	7808
K00336	7685
K00337	9408
K00338	5260
K00339	9296
K00340	9094
K00341	9438
K00342	9438
K00343	9389
K00344	9179
K00345	0
K00346	3658
K00347	3672
K00348	3732
K00349	3672
K00350	3674
K00351	3872
K00354	1517
K00355	5526
K00357	1
K00359	2225
K00360	44
K00361	794
K00362	4208
K00363	3857
K00364	2443
K00365	176
K00366	456
K00367	896
K00368	2194
K00370	2809
K00371	2796
K00372	5165
K00373	1742
K00374	2920
K00375	7752
K00376	1823
K00378	226
K00380	6733
K00381	8133
K00382	10767
K00383	7650
K00384	6007
K00385	404
K00386	1408
K00387	891
K00389	2105
K00390	8126
K00392	795
K00394	932
K00395	1263
K00399	0
K00400	3
K00401	0
K00402	0
K00404	5132
K00405	5655
K00406	7892
K00407	5303
K00408	0
K00410	2326
K00411	7114
K00412	4887
K00413	6830
K00414	15
K00415	2
K00416	5
K00417	0
K00418	0
K00419	0
K00420	0
K00421	35
K00422	225
K00423	1023
K00424	4556
K00425	9520
K00426	9469
K00427	1937
K00428	7634
K00430	1
K00431	1
K00432	7986
K00433	7513
K00434	84
K00435	66
K00436	178
K00437	157
K00440	8
K00441	755
K00442	16
K00443	22
K00444	1
K00445	0
K00446	1785
K00448	3578
K00449	4666
K00450	2066
K00451	5687
K00452	1734
K00453	3742
K00454	0
K00455	1789
K00456	193
K00457	6218
K00458	0
K00459	7510
K00460	0
K00461	49
K00462	66
K00463	31
K00464	924
K00465	36
K00466	466
K00467	193
K00468	1022
K00469	305
K00471	1874
K00472	1543
K00473	0
K00474	44
K00475	0
K00476	192
K00477	4716
K00478	0
K00479	2089
K00480	761
K00481	3754
K00483	438
K00484	1422
K00485	1245
K00486	1103
K00487	0
K00488	0
K00489	3
K00490	0
K00491	19
K00492	3
K00493	0
K00494	112
K00495	0
K00496	1924
K00497	0
K00498	0
K00499	2759
K00500	4652
K00501	1
K00502	0
K00503	10
K00504	9
K00505	850
K00506	0
K00507	1913
K00508	1271
K00509	14
K00510	24
K00511	27
K00512	0
K00513	0
K00514	166
K00515	28
K00516	17
K00517	0
K00518	118
K00520	2757
K00521	391
K00522	12
K00523	4348
K00524	7
K00525	7579
K00526	8883
K00527	113
K00528	7192
K00529	3715
K00530	0
K00531	90
K00532	25
K00533	168
K00534	131
K00537	10133
K00540	71
K00541	7
K00542	29
K00543	18
K00544	50
K00545	901
K00546	56
K00547	3104
K00548	9611
K00549	8239
K00550	24
K00551	2
K00552	0
K00553	5
K00554	11318
K00555	7
K00556	3713
K00557	4559
K00558	6616
K00559	74
K00560	9724
K00561	409
K00562	1
K00563	3889
K00564	5977
K00565	3
K00566	11017
K00567	9412
K00568	10232
K00569	2881
K00570	3687
K00571	3512
K00572	0
K00573	9631
K00574	8065
K00575	8119
K00577	5
K00578	0
K00579	1
K00580	0
K00581	0
K00582	1
K00583	0
K00584	4
K00586	0
K00587	3022
K00588	4306
K00589	0
K00590	768
K00591	361
K00592	0
K00594	144
K00595	4031
K00596	660
K00597	0
K00598	6090
K00599	3
K00600	11306
K00601	8
K00602	11116
K00603	245
K00604	11306
K00605	9775
K00606	10346
K00607	82
K00608	24
K00609	10853
K00610	2546
K00611	9065
K00612	2728
K00613	382
K00614	3
K00615	10688
K00616	6481
K00617	1977
K00618	0
K00619	6027
K00620	6461
K00621	180
K00622	4
K00623	0
K00624	74
K00625	2291
K00626	8751
K00627	10311
K00628	0
K00629	831
K00630	121
K00631	4990
K00632	8715
K00633	968
K00634	1217
K00635	1176
K00637	3
K00638	2196
K00639	5760
K00640	10309
K00641	7098
K00643	2377
K00645	11118
K00646	147
K00647	4835
K00648	10387
K00649	12
K00650	106
K00651	3929
K00652	9408
K00653	0
K00654	0
K00655	10899
K00656	2943
K00657	5965
K00658	10020
K00659	560
K00660	0
K00661	6532
K00662	606
K00663	1567
K00664	0
K00665	19
K00666	8620
K00667	1
K00668	167
K00669	355
K00670	3
K00671	13
K00672	431
K00673	4422
K00674	9745
K00675	3307
K00677	10715
K00678	124
K00679	1
K00680	189
K00681	8958
K00682	796
K00683	724
K00684	9843
K00685	1
K00686	182
K00687	0
K00688	5586
K00689	4
K00690	213
K00691	840
K00692	725
K00693	73
K00694	4181
K00695	77
K00696	551
K00697	3970
K00698	28
K00699	7
K00700	7892
K00701	578
K00702	343
K00703	7750
K00704	3
K00705	6593
K00706	0
K00709	0
K00710	555
K00712	769
K00713	197
K00714	0
K00715	23
K00716	5
K00717	121
K00718	552
K00719	0
K00720	1427
K00721	5163
K00722	48
K00725	25
K00726	197
K00727	711
K00728	701
K00729	469
K00730	0
K00731	12
K00733	46
K00734	1
K00735	0
K00736	0
K00737	277
K00738	0
K00739	0
K00741	0
K00742	11
K00743	0
K00744	0
K00746	6
K00747	0
K00748	10671
K00749	0
K00750	392
K00752	336
K00753	1
K00754	9816
K00756	202
K00757	1516
K00758	3619
K00759	9647
K00760	5034
K00761	9613
K00762	10922
K00763	8703
K00764	11117
K00765	10529
K00766	9751
K00767	9749
K00768	6978
K00769	4308
K00770	1
K00771	123
K00772	1732
K00773	11286
K00774	0
K00775	0
K00776	1
K00777	0
K00778	2
K00779	0
K00780	14
K00781	4
K00782	4312
K00783	10727
K00784	6162
K00785	302
K00786	21
K00787	0
K00788	8008
K00789	11261
K00790	11284
K00791	11292
K00793	11105
K00794	11167
K00795	9480
K00796	10661
K00797	7693
K00798	7849
K00799	8109
K00800	7041
K00801	586
K00802	4
K00803	1226
K00804	25
K00805	3
K00806	11224
K00807	400
K00808	1426
K00809	1395
K00810	18
K00811	0
K00812	7046
K00813	4637
K00814	4
K00815	0
K00816	1
K00817	10712
K00818	11
K00819	1800
K00820	11061
K00821	7848
K00822	4725
K00823	2333
K00824	3955
K00825	4
K00826	10847
K00827	94
K00830	3676
K00831	10738
K00832	4855
K00833	9007
K00835	2314
K00836	3801
K00837	55
K00838	0
K00839	1245
K00840	4395
K00841	22
K00843	0
K00844	122
K00845	6955
K00846	95
K00847	6239
K00848	1606
K00849	3762
K00850	4182
K00851	6207
K00852	6922
K00853	2093
K00854	5678
K00855	3347
K00856	1247
K00857	5952
K00858	11275
K00859	11279
K00860	4179
K00861	0
K00862	671
K00863	1923
K00864	9025
K00865	5469
K00866	2
K00867	3412
K00868	5626
K00869	1021
K00871	6
K00872	4245
K00873	10539
K00874	6378
K00875	1901
K00876	4477
K00877	113
K00878	3418
K00879	1989
K00880	1429
K00881	354
K00882	4102
K00883	4299
K00884	349
K00885	1006
K00886	1002
K00887	8669
K00888	0
K00889	0
K00891	4693
K00892	1901
K00893	0
K00894	24
K00895	940
K00897	689
K00898	2
K00899	1969
K00900	1
K00901	12
K00902	10
K00903	2895
K00904	0
K00905	0
K00906	4179
K00907	0
K00908	0
K00909	2
K00910	6
K00911	0
K00912	10703
K00913	3
K00914	0
K00915	1
K00916	1
K00917	91
K00918	43
K00919	10300
K00920	0
K00921	9
K00922	0
K00923	0
K00924	17
K00925	7912
K00926	3064
K00927	11298
K00928	10135
K00929	486
K00930	9979
K00931	10114
K00932	602
K00933	3
K00934	24
K00936	3325
K00937	10140
K00938	105
K00939	7401
K00940	10950
K00941	9723
K00942	11195
K00943	9831
K00944	3642
K00945	10551
K00946	9901
K00947	159
K00948	11291
K00949	2205
K00950	10655
K00951	158
K00952	55
K00953	247
K00954	11219
K00955	3383
K00956	5910
K00957	8828
K00958	1158
K00960	0
K00962	11328
K00963	2912
K00965	2908
K00966	505
K00967	24
K00968	5
K00969	10491
K00970	10476
K00971	2199
K00972	117
K00973	10036
K00974	7628
K00975	4922
K00976	0
K00977	0
K00978	2567
K00979	10846
K00980	1305
K00981	11306
K00982	8573
K00983	781
K00984	938
K00985	0
K00986	5590
K00987	0
K00988	586
K00989	8720
K00990	9055
K00991	7414
K00992	7214
K00993	27
K00994	0
K00995	208
K00996	597
K00997	7052
K00998	3086
K00999	6
K01000	11288
K01001	0
K01002	2318
K01003	1448
K01004	2322
K01005	264
K01006	3133
K01007	7358
K01008	5524
K01009	1002
K01011	8540
K01012	9787
K01013	947
K01014	598
K01015	3
K01016	163
K01017	189
K01019	43
K01020	117
K01021	1612
K01022	214
K01023	1653
K01024	257
K01025	14
K01026	1630
K01027	195
K01028	6258
K01029	6151
K01031	2458
K01032	2461
K01034	849
K01035	720
K01039	2276
K01040	2292
K01041	4724
K01042	3980
K01043	329
K01044	35
K01045	297
K01046	6632
K01047	184
K01048	5434
K01049	48
K01050	45
K01051	1983
K01052	601
K01053	4664
K01054	5589
K01055	9031
K01056	11237
K01057	6997
K01058	4691
K01059	1
K01060	882
K01061	8321
K01062	399
K01063	1
K01064	0
K01065	1
K01066	662
K01067	0
K01068	72
K01069	11111
K01070	7684
K01071	0
K01073	3915
K01074	0
K01075	2164
K01076	187
K01077	3304
K01078	11
K01079	9700
K01080	19
K01081	362
K01082	7758
K01083	1878
K01084	8
K01085	1394
K01086	4689
K01087	3897
K01089	4177
K01090	3
K01091	10456
K01092	10001
K01093	1105
K01094	0
K01095	6977
K01096	2273
K01097	102
K01098	0
K01099	26
K01100	213
K01101	5
K01102	3
K01103	57
K01104	2617
K01106	0
K01107	0
K01108	0
K01109	0
K01110	7
K01111	1
K01112	0
K01113	5032
K01114	3322
K01115	1732
K01116	0
K01117	495
K01118	7160
K01119	4222
K01120	793
K01121	18
K01122	0
K01123	6
K01124	13
K01125	574
K01126	9865
K01127	334
K01128	155
K01129	9899
K01130	2463
K01131	6
K01132	6
K01133	4371
K01134	4020
K01135	267
K01136	418
K01137	63
K01138	1720
K01139	11141
K01141	4848
K01142	11139
K01143	830
K01146	2126
K01147	3556
K01148	0
K01149	0
K01150	4617
K01151	2701
K01152	245
K01153	6952
K01154	6871
K01155	791
K01156	3521
K01157	75
K01158	64
K01159	11189
K01160	1654
K01161	205
K01163	814
K01164	0
K01165	146
K01166	2775
K01167	2291
K01168	0
K01169	1788
K01170	0
K01171	0
K01172	0
K01173	4451
K01174	5632
K01175	5061
K01176	3045
K01177	28
K01178	1076
K01179	1706
K01180	80
K01181	1770
K01182	2839
K01183	2862
K01184	1551
K01185	4586
K01186	3290
K01187	5
K01188	0
K01189	2
K01190	2520
K01191	710
K01192	2585
K01193	2569
K01194	2701
K01195	859
K01196	896
K01197	17
K01198	2645
K01199	1567
K01200	1406
K01201	1252
K01202	72
K01203	0
K01204	62
K01205	685
K01206	1843
K01207	10211
K01208	3327
K01209	2039
K01210	689
K01212	182
K01213	349
K01214	4289
K01215	65
K01216	94
K01217	385
K01218	1402
K01219	1046
K01220	3
K01222	1439
K01223	1653
K01224	1244
K01225	0
K01226	1962
K01227	109
K01228	1150
K01229	1
K01230	14
K01231	0
K01232	765
K01233	173
K01235	1117
K01236	4573
K01237	0
K01238	0
K01239	1449
K01240	1458
K01241	6245
K01242	15
K01243	7454
K01244	26
K01245	21
K01246	9313
K01247	5296
K01250	3508
K01251	7961
K01252	1991
K01253	13
K01254	1191
K01255	10063
K01256	9629
K01257	202
K01258	4752
K01259	6670
K01260	2
K01261	100
K01262	1079
K01264	195
K01265	11325
K01266	2569
K01267	1874
K01268	21
K01269	1419
K01270	4421
K01271	5217
K01273	6007
K01274	1247
K01275	11
K01276	27
K01277	1245
K01278	3834
K01279	0
K01280	17
K01281	336
K01282	1
K01283	972
K01284	5201
K01285	127
K01286	5804
K01288	1741
K01290	1
K01291	12
K01292	13
K01293	0
K01294	121
K01295	3230
K01296	276
K01297	5774
K01298	208
K01299	3093
K01300	10
K01301	267
K01302	2098
K01303	3436
K01304	2255
K01305	802
K01306	6
K01307	0
K01308	23
K01309	0
K01310	46
K01311	3
K01312	990
K01313	2
K01314	0
K01315	0
K01316	48
K01317	1
K01318	1735
K01319	0
K01320	2
K01321	1
K01322	4349
K01323	251
K01324	140
K01325	0
K01326	9
K01327	0
K01328	0
K01329	0
K01330	0
K01331	0
K01332	11
K01333	0
K01334	0
K01335	16
K01336	4
K01337	723
K01338	11060
K01339	0
K01340	5
K01341	246
K01342	1703
K01343	0
K01344	1
K01345	2
K01346	176
K01347	426
K01348	1
K01349	30
K01350	2
K01351	0
K01352	0
K01353	1
K01354	6302
K01355	257
K01356	10084
K01357	0
K01358	11324
K01359	46
K01360	106
K01361	628
K01362	9
K01363	20
K01364	429
K01365	53
K01366	43
K01367	1
K01368	1
K01369	892
K01370	0
K01371	444
K01372	1218
K01373	0
K01374	6
K01375	7
K01376	0
K01377	0
K01378	0
K01379	5
K01380	0
K01381	114
K01382	5
K01383	0
K01384	0
K01385	0
K01386	0
K01387	668
K01388	12
K01389	0
K01390	198
K01392	868
K01393	0
K01394	4
K01395	10
K01396	1
K01397	44
K01398	2
K01399	103
K01400	2350
K01401	28
K01402	1
K01403	2
K01404	122
K01405	20
K01406	4056
K01407	2206
K01408	1686
K01409	5
K01410	35
K01411	38
K01412	72
K01413	58
K01414	6737
K01415	2
K01416	82
K01417	500
K01419	9006
K01420	8782
K01421	70
K01422	1
K01423	8889
K01424	4522
K01425	6058
K01426	5278
K01427	937
K01428	4681
K01429	5195
K01430	5262
K01431	281
K01432	4891
K01433	8542
K01434	4475
K01435	1
K01436	1836
K01437	246
K01438	8042
K01439	9129
K01440	10
K01441	2
K01442	2377
K01443	6563
K01444	1831
K01446	115
K01447	2355
K01448	10847
K01449	3261
K01451	5803
K01452	0
K01453	4338
K01455	2625
K01456	8
K01457	3126
K01458	5401
K01459	750
K01460	3912
K01461	230
K01462	11317
K01463	4144
K01464	4450
K01465	10884
K01466	1084
K01467	2279
K01468	7447
K01469	1808
K01470	4321
K01471	144
K01473	2716
K01474	2375
K01475	1332
K01476	3481
K01477	1801
K01478	4192
K01479	3321
K01480	5449
K01481	41
K01482	1113
K01483	3900
K01484	4190
K01485	5706
K01486	3490
K01487	5334
K01488	4101
K01489	6480
K01490	2
K01491	11188
K01492	1
K01493	2677
K01494	9322
K01495	9948
K01496	5717
K01497	7205
K01498	12
K01499	434
K01500	490
K01501	2752
K01502	23
K01505	3816
K01506	1353
K01507	9720
K01509	0
K01510	131
K01511	0
K01512	5623
K01513	1255
K01514	7
K01515	7516
K01516	0
K01517	414
K01518	455
K01519	11199
K01520	9933
K01521	1885
K01522	169
K01523	5448
K01524	10602
K01525	6403
K01526	0
K01527	2
K01528	0
K01529	1981
K01530	5
K01531	3784
K01532	6
K01533	7280
K01534	7318
K01535	332
K01536	1
K01537	2199
K01538	0
K01539	104
K01540	0
K01542	0
K01543	0
K01544	0
K01545	2994
K01546	6730
K01547	6737
K01548	6721
K01549	0
K01551	1196
K01552	953
K01554	1570
K01555	3895
K01556	4217
K01557	4107
K01558	0
K01559	635
K01560	4007
K01561	3868
K01562	44
K01563	2997
K01565	551
K01566	244
K01567	1060
K01568	473
K01569	1303
K01571	1361
K01573	1464
K01574	1433
K01575	1303
K01576	1831
K01577	766
K01578	1605
K01579	6766
K01580	1049
K01581	3897
K01582	1316
K01583	33
K01584	4777
K01585	5543
K01586	10589
K01587	11
K01588	10936
K01589	9818
K01590	60
K01591	10939
K01592	0
K01593	2460
K01595	8346
K01596	2000
K01597	1031
K01598	31
K01599	10494
K01601	991
K01602	935
K01604	1209
K01607	7003
K01608	2622
K01609	8398
K01610	7652
K01611	4206
K01612	580
K01613	10875
K01615	24
K01616	38
K01617	796
K01618	0
K01619	6175
K01620	8054
K01621	2182
K01622	96
K01623	2834
K01624	9434
K01625	8871
K01626	9240
K01627	10741
K01628	4466
K01629	1203
K01630	1405
K01631	4008
K01633	10391
K01634	171
K01635	233
K01636	10
K01637	7191
K01638	7864
K01639	1529
K01640	6542
K01641	543
K01643	1266
K01644	4318
K01645	0
K01646	1190
K01647	10460
K01648	5
K01649	10398
K01652	10630
K01653	9998
K01654	300
K01655	2
K01656	0
K01657	9737
K01658	9360
K01659	5330
K01661	3526
K01662	11048
K01663	40
K01664	1010
K01665	6370
K01666	765
K01667	1410
K01668	424
K01669	8788
K01670	9
K01671	574
K01672	0
K01673	10339
K01674	2421
K01675	697
K01676	7849
K01677	550
K01678	468
K01679	9934
K01681	7799
K01682	6771
K01683	188
K01684	4011
K01685	2405
K01686	4013
K01687	10497
K01689	11281
K01690	6594
K01691	1
K01692	1076
K01693	6359
K01694	5
K01695	10726
K01696	10817
K01697	3478
K01698	10591
K01699	360
K01702	9895
K01703	1012
K01704	8779
K01705	8
K01706	884
K01707	2809
K01708	3079
K01709	2127
K01710	9853
K01711	5704
K01712	7350
K01713	3391
K01714	11226
K01715	7042
K01716	6074
K01719	4551
K01720	3220
K01721	1483
K01723	3
K01724	6748
K01725	2418
K01726	9780
K01727	141
K01728	1519
K01729	1774
K01730	998
K01731	267
K01732	442
K01733	5897
K01734	5300
K01735	10031
K01736	11187
K01737	9300
K01738	9223
K01739	387
K01740	6784
K01741	10
K01742	0
K01743	1272
K01744	6223
K01745	7800
K01746	0
K01749	10591
K01750	2276
K01751	1906
K01752	9302
K01753	3672
K01754	9865
K01755	8513
K01756	11206
K01757	0
K01758	5917
K01759	9660
K01760	5910
K01761	4056
K01762	10
K01763	0
K01764	0
K01765	1
K01766	2664
K01767	310
K01768	4458
K01769	888
K01770	4311
K01771	1262
K01772	10546
K01773	0
K01774	281
K01775	9733
K01776	10294
K01777	1071
K01778	10678
K01779	2237
K01780	53
K01781	351
K01782	5784
K01783	11233
K01784	10200
K01785	7797
K01787	722
K01788	1343
K01790	8643
K01791	5258
K01792	6701
K01793	142
K01794	6
K01795	1404
K01796	3501
K01798	1577
K01799	2521
K01800	1893
K01801	5675
K01802	5
K01803	11297
K01804	2219
K01805	4397
K01807	8863
K01808	5119
K01809	3918
K01810	10653
K01811	3161
K01812	3653
K01813	1276
K01814	10491
K01815	3357
K01816	2632
K01817	8176
K01818	1125
K01819	1
K01820	1273
K01821	5898
K01822	5605
K01823	3348
K01824	2
K01825	3857
K01826	4198
K01827	0
K01828	1
K01829	1633
K01830	5
K01831	0
K01832	0
K01833	3554
K01834	5802
K01835	5801
K01836	1
K01837	0
K01838	2485
K01839	3813
K01840	9084
K01841	689
K01843	2504
K01844	77
K01845	9423
K01846	421
K01847	4016
K01848	262
K01849	284
K01850	3
K01851	217
K01852	25
K01853	5
K01854	2374
K01855	0
K01856	2897
K01857	4282
K01858	1210
K01859	0
K01860	24
K01861	0
K01865	144
K01866	11311
K01867	11320
K01868	11320
K01869	11328
K01870	11325
K01872	11325
K01873	11325
K01874	11318
K01875	11323
K01876	11321
K01878	9263
K01879	9285
K01880	2035
K01881	9292
K01883	11323
K01884	711
K01885	9440
K01886	8330
K01887	11314
K01889	11321
K01890	11326
K01892	11323
K01893	4887
K01894	8310
K01895	9598
K01896	1012
K01897	7936
K01899	1281
K01900	97
K01902	9143
K01903	10078
K01904	277
K01905	13
K01906	59
K01907	3202
K01908	4390
K01909	4
K01910	1205
K01911	4540
K01912	5938
K01913	26
K01914	2184
K01915	3032
K01916	5139
K01917	12
K01918	10513
K01919	8083
K01920	8728
K01921	11241
K01922	0
K01923	11053
K01924	11282
K01925	10876
K01926	534
K01928	8129
K01929	10754
K01930	0
K01931	0
K01932	247
K01933	10242
K01934	10855
K01935	9054
K01937	11314
K01938	3186
K01939	11198
K01940	10699
K01941	3001
K01942	296
K01945	11016
K01946	0
K01947	391
K01948	6
K01949	1428
K01950	6993
K01951	11272
K01952	7830
K01953	7403
K01954	23
K01955	10559
K01956	10901
K01957	3
K01958	2504
K01959	1861
K01960	2443
K01961	10518
K01962	10315
K01963	10317
K01964	7
K01965	2301
K01966	3529
K01968	6389
K01969	6930
K01970	17
K01971	4780
K01972	11320
K01973	0
K01974	932
K01975	6632
K01988	570
K01989	3590
K01990	9769
K01991	8722
K01992	163
K01993	6559
K01994	457
K01995	6147
K01996	6154
K01997	6145
K01998	6124
K01999	7567
K02000	5535
K02001	5543
K02002	5800
K02003	9093
K02004	4721
K02005	6906
K02006	1298
K02007	1879
K02008	1224
K02009	557
K02010	6880
K02011	6992
K02012	7553
K02013	7349
K02014	8186
K02015	6283
K02016	5340
K02017	8366
K02018	8592
K02019	6798
K02020	8691
K02021	1038
K02022	720
K02024	2739
K02025	3592
K02026	3531
K02027	3710
K02028	7419
K02029	6813
K02030	5986
K02031	6041
K02032	5795
K02033	7533
K02034	7220
K02035	7252
K02036	9289
K02037	9294
K02038	9222
K02039	8918
K02040	7857
K02041	4731
K02042	4729
K02043	3723
K02044	6262
K02045	6483
K02046	6489
K02047	6461
K02048	4300
K02049	6779
K02050	3844
K02051	5503
K02052	6549
K02053	4795
K02054	5099
K02055	5347
K02056	2533
K02057	2434
K02058	2565
K02062	3058
K02063	3316
K02064	3283
K02065	10896
K02066	10895
K02067	10875
K02068	2530
K02069	2855
K02071	7657
K02072	7642
K02073	7665
K02074	4032
K02075	4282
K02076	15
K02077	3059
K02078	11264
K02079	859
K02080	321
K02081	3122
K02082	1428
K02083	2357
K02084	281
K02085	0
K02086	647
K02087	2
K02088	0
K02089	6
K02090	0
K02091	0
K02092	0
K02093	0
K02094	0
K02095	0
K02096	0
K02097	0
K02098	0
K02099	7688
K02100	1155
K02101	207
K02103	898
K02104	0
K02105	0
K02106	3450
K02107	79
K02108	9625
K02109	10955
K02110	10047
K02111	9044
K02112	619
K02113	10104
K02114	11033
K02115	11070
K02116	2121
K02117	671
K02118	672
K02119	141
K02120	672
K02121	675
K02122	75
K02123	678
K02124	671
K02125	0
K02126	1575
K02127	0
K02128	977
K02129	0
K02130	0
K02131	0
K02132	2239
K02133	11046
K02134	0
K02135	0
K02136	0
K02137	932
K02138	0
K02139	0
K02140	0
K02141	0
K02142	0
K02143	0
K02144	0
K02145	0
K02146	0
K02147	3
K02148	0
K02149	0
K02150	0
K02151	0
K02152	0
K02153	0
K02154	1
K02155	0
K02156	81
K02157	0
K02158	0
K02159	0
K02160	10480
K02161	0
K02162	0
K02163	0
K02164	1121
K02165	1
K02166	0
K02167	5335
K02168	4999
K02169	8706
K02170	7013
K02171	2882
K02172	2792
K02173	1541
K02174	0
K02175	0
K02176	0
K02177	0
K02178	1
K02179	0
K02180	0
K02181	0
K02182	1621
K02183	137
K02184	6
K02185	0
K02186	1
K02187	2
K02188	2933
K02189	4109
K02190	849
K02191	665
K02192	6233
K02193	7361
K02194	7262
K02195	7653
K02196	5683
K02197	7261
K02198	7451
K02199	10671
K02200	2763
K02201	0
K02202	1
K02203	1371
K02204	8427
K02205	475
K02206	6
K02207	0
K02208	0
K02209	0
K02210	0
K02211	0
K02212	0
K02213	161
K02214	2
K02215	1
K02216	1
K02217	3897
K02218	0
K02219	0
K02220	0
K02221	8731
K02222	0
K02223	0
K02224	5148
K02225	3969
K02226	6808
K02227	6429
K02228	2461
K02229	3036
K02230	4279
K02231	6623
K02232	6275
K02233	6870
K02234	8585
K02235	0
K02236	476
K02237	8285
K02238	11196
K02239	14
K02240	6
K02241	785
K02242	11083
K02243	33
K02244	4
K02245	23
K02246	102
K02247	3
K02248	57
K02249	2
K02250	2
K02251	3
K02252	0
K02253	0
K02254	0
K02255	620
K02256	141
K02257	8935
K02258	5347
K02259	6897
K02260	0
K02261	205
K02262	4019
K02263	0
K02264	0
K02265	0
K02266	0
K02267	0
K02268	0
K02269	0
K02270	0
K02271	0
K02272	1
K02273	0
K02274	6880
K02275	6714
K02276	3971
K02277	2390
K02278	4497
K02279	4704
K02280	4864
K02281	1944
K02282	4643
K02283	4788
K02284	0
K02285	0
K02286	4
K02287	0
K02288	136
K02289	55
K02290	1
K02291	3746
K02292	1529
K02293	333
K02294	3991
K02295	3
K02296	1
K02297	6170
K02298	6168
K02299	6187
K02300	5857
K02302	6724
K02303	5642
K02304	0
K02305	2027
K02306	0
K02307	0
K02308	0
K02309	0
K02310	0
K02311	9
K02313	11315
K02314	11318
K02315	4575
K02316	11320
K02317	1060
K02318	1
K02319	149
K02320	1
K02321	0
K02322	0
K02323	1
K02324	0
K02325	0
K02326	0
K02327	1
K02328	0
K02329	0
K02330	10
K02331	0
K02332	0
K02333	0
K02334	180
K02335	11316
K02336	3984
K02337	11324
K02338	11312
K02339	8483
K02340	11280
K02341	11275
K02342	8039
K02343	11316
K02344	2231
K02345	1625
K02346	10231
K02347	1070
K02348	7599
K02349	62
K02350	0
K02351	1960
K02352	176
K02353	1
K02354	0
K02355	11327
K02356	11300
K02357	11318
K02358	11319
K02359	1
K02360	0
K02361	3144
K02362	3570
K02363	2156
K02364	4235
K02365	49
K02366	31
K02367	20
K02368	0
K02369	2
K02370	8
K02371	2940
K02372	10358
K02373	0
K02374	1
K02375	0
K02376	0
K02377	4202
K02379	3279
K02380	3719
K02381	767
K02382	56
K02383	2376
K02384	67
K02385	309
K02386	7823
K02387	7997
K02388	7995
K02389	7741
K02390	7938
K02391	7998
K02392	8006
K02393	7898
K02394	7962
K02395	9287
K02396	7998
K02397	7988
K02398	5932
K02399	5445
K02400	8053
K02401	8011
K02402	2678
K02403	2591
K02404	5016
K02405	6410
K02406	7992
K02407	6500
K02408	7999
K02409	8047
K02410	8083
K02411	7077
K02412	8065
K02413	6451
K02414	6988
K02415	7922
K02416	8047
K02417	7997
K02418	6950
K02419	8008
K02420	7949
K02421	8010
K02422	6470
K02423	3884
K02424	6041
K02425	1161
K02426	6923
K02427	8917
K02429	4739
K02430	885
K02431	2117
K02432	0
K02433	7940
K02434	7397
K02435	7429
K02436	307
K02437	10226
K02438	3049
K02439	7990
K02440	4486
K02441	4146
K02442	2205
K02443	392
K02444	6683
K02445	3411
K02446	2066
K02447	0
K02448	1838
K02449	0
K02450	3189
K02451	1263
K02452	5155
K02453	6168
K02454	6220
K02455	5646
K02456	6291
K02457	5301
K02458	5408
K02459	5593
K02460	5545
K02461	5224
K02462	5086
K02463	2839
K02464	2515
K02465	1277
K02466	986
K02467	844
K02468	2562
K02469	11325
K02470	11323
K02471	4270
K02472	2731
K02473	3085
K02474	3908
K02475	690
K02476	542
K02477	5212
K02478	3341
K02479	3866
K02480	4821
K02481	4318
K02482	4957
K02483	5344
K02484	6824
K02485	3922
K02486	243
K02488	2702
K02489	67
K02490	2475
K02491	3661
K02492	8464
K02493	11312
K02494	6551
K02495	11282
K02496	4855
K02497	7991
K02498	8059
K02499	2737
K02500	10542
K02501	10507
K02502	6078
K02503	11200
K02504	1556
K02505	1565
K02506	867
K02507	1587
K02508	1533
K02509	2517
K02510	4084
K02511	812
K02512	0
K02513	84
K02514	131
K02515	0
K02516	3
K02517	9369
K02518	11142
K02519	11328
K02520	11284
K02521	2576
K02523	11212
K02524	0
K02525	2585
K02526	1577
K02527	10642
K02528	11255
K02529	6939
K02530	12
K02531	0
K02532	1178
K02533	5113
K02535	9107
K02536	10705
K02537	0
K02538	7
K02539	0
K02540	0
K02541	0
K02542	0
K02543	0
K02544	0
K02545	0
K02546	0
K02547	91
K02548	4131
K02549	3621
K02550	1197
K02551	3510
K02552	2121
K02553	5031
K02554	3415
K02555	0
K02556	7991
K02557	9768
K02558	7672
K02560	2134
K02561	0
K02562	1746
K02563	11282
K02564	3962
K02565	5146
K02566	2183
K02567	2774
K02568	2761
K02569	2519
K02570	2717
K02571	1298
K02572	1960
K02573	1890
K02574	8168
K02575	5945
K02576	1
K02577	24
K02578	0
K02579	1
K02580	109
K02581	12
K02582	0
K02583	0
K02584	3014
K02585	1112
K02586	982
K02587	966
K02588	666
K02589	87
K02590	82
K02591	986
K02592	954
K02593	820
K02594	849
K02595	887
K02596	947
K02597	794
K02598	917
K02599	2
K02600	11327
K02601	11318
K02602	0
K02603	0
K02604	0
K02605	0
K02606	10
K02607	37
K02608	0
K02609	3263
K02610	3211
K02611	3227
K02612	7214
K02613	4185
K02614	7763
K02615	729
K02616	2512
K02617	2148
K02618	3175
K02619	6722
K02620	0
K02621	10468
K02622	10335
K02623	3839
K02624	4327
K02625	3103
K02626	164
K02627	0
K02628	0
K02629	0
K02630	0
K02631	20
K02632	11
K02633	0
K02634	3
K02635	42
K02636	1116
K02637	8
K02638	4459
K02639	438
K02640	0
K02641	194
K02642	0
K02643	0
K02646	0
K02647	2894
K02649	8
K02650	4334
K02651	4275
K02652	4920
K02653	5253
K02654	4782
K02655	4643
K02656	8106
K02657	2850
K02658	3824
K02659	2865
K02660	3233
K02661	486
K02662	4902
K02663	4528
K02664	4199
K02665	3869
K02666	5150
K02667	2611
K02668	2722
K02669	5843
K02670	3381
K02671	4235
K02672	4360
K02673	4009
K02674	2996
K02675	36
K02676	2936
K02677	0
K02678	0
K02679	1499
K02680	2155
K02681	1546
K02682	1999
K02683	0
K02684	0
K02685	0
K02686	3038
K02687	11018
K02688	2007
K02689	1
K02690	1
K02691	33
K02692	2
K02693	2
K02694	1
K02695	1
K02696	0
K02697	0
K02698	2
K02699	1
K02700	0
K02701	1
K02702	0
K02703	7
K02704	3
K02705	3
K02706	3
K02707	2
K02708	0
K02709	1
K02710	1
K02711	2
K02712	0
K02713	0
K02714	0
K02715	0
K02716	3
K02717	5
K02718	0
K02719	7
K02720	2
K02721	1
K02722	0
K02723	0
K02724	0
K02725	0
K02726	0
K02727	0
K02728	0
K02729	0
K02730	0
K02731	0
K02732	1
K02733	0
K02734	0
K02735	0
K02736	0
K02737	1
K02738	0
K02739	0
K02740	0
K02741	0
K02742	6167
K02744	1070
K02745	863
K02746	853
K02747	854
K02750	770
K02753	957
K02755	73
K02757	1112
K02759	1472
K02760	1482
K02761	1996
K02765	1
K02768	736
K02769	2088
K02770	3907
K02771	11
K02773	555
K02774	589
K02775	858
K02777	2297
K02778	478
K02779	1886
K02781	1013
K02782	1054
K02783	1000
K02784	6018
K02786	1
K02788	2
K02791	1397
K02793	4711
K02794	1439
K02795	252
K02796	1452
K02798	42
K02800	1567
K02803	538
K02804	3211
K02805	2305
K02806	8172
K02810	1511
K02812	255
K02813	288
K02814	1382
K02815	255
K02819	1936
K02821	1633
K02822	1540
K02823	1338
K02824	4423
K02825	3780
K02826	137
K02827	4
K02828	4
K02829	7
K02830	0
K02831	52
K02832	0
K02833	0
K02834	11144
K02835	11324
K02836	11323
K02837	10071
K02838	11315
K02839	1400
K02840	412
K02841	5140
K02842	0
K02843	7470
K02844	3596
K02846	1095
K02847	8842
K02848	1736
K02849	4939
K02850	273
K02851	4824
K02852	1435
K02853	1326
K02854	891
K02855	1069
K02856	1678
K02857	5
K02858	3756
K02859	6
K02860	11179
K02861	1
K02862	40
K02863	11312
K02864	11307
K02865	2
K02866	5
K02867	11295
K02868	3
K02869	0
K02870	4
K02871	11309
K02872	8
K02873	4
K02874	11281
K02875	5
K02876	11253
K02877	2
K02878	11244
K02879	11260
K02880	0
K02881	11056
K02882	3
K02883	1
K02884	11282
K02885	3
K02886	11321
K02887	11312
K02888	11205
K02889	2
K02890	11266
K02891	1
K02892	11194
K02893	21
K02894	3
K02895	11262
K02896	0
K02897	11280
K02898	2
K02899	11269
K02900	5
K02901	4
K02902	11231
K02903	6
K02904	11154
K02905	2
K02906	11275
K02907	10284
K02908	3
K02909	11222
K02910	7
K02911	10904
K02912	5
K02913	10725
K02914	7532
K02915	1
K02916	11026
K02917	0
K02918	3
K02919	7814
K02920	1
K02921	3
K02922	0
K02923	0
K02924	0
K02925	5
K02926	11312
K02927	64
K02928	0
K02929	0
K02930	1
K02931	11321
K02932	0
K02933	11297
K02934	1
K02935	11277
K02936	3
K02937	3
K02938	5
K02939	11186
K02940	0
K02941	4
K02942	7
K02943	4
K02944	0
K02945	11327
K02946	11287
K02947	0
K02948	10669
K02949	7
K02950	11298
K02951	5
K02952	11259
K02953	2
K02954	10934
K02955	2
K02956	11289
K02957	1
K02958	3
K02959	11249
K02960	5
K02961	11277
K02962	4
K02963	11236
K02964	7
K02965	11210
K02966	6
K02967	11321
K02968	10941
K02969	3
K02970	11055
K02971	1
K02972	662
K02973	4
K02974	3
K02975	2
K02976	1
K02977	3
K02978	0
K02979	1
K02980	1
K02981	3
K02982	11324
K02983	2
K02984	2
K02985	7
K02986	11313
K02987	5
K02988	11271
K02989	2
K02990	11289
K02991	4
K02992	11310
K02993	1
K02994	11303
K02995	5
K02996	11291
K02997	5
K02998	4
K02999	0
K03000	4
K03001	0
K03002	0
K03003	0
K03004	0
K03005	0
K03006	0
K03007	0
K03008	0
K03009	4
K03010	0
K03011	0
K03012	0
K03013	0
K03014	0
K03015	0
K03016	0
K03017	24
K03018	0
K03019	3
K03020	0
K03021	0
K03022	0
K03023	0
K03024	0
K03025	2
K03026	0
K03027	0
K03028	0
K03029	0
K03030	11
K03031	0
K03032	0
K03033	0
K03034	0
K03035	0
K03036	0
K03037	0
K03038	0
K03039	1
K03040	11320
K03041	1
K03042	1
K03043	2154
K03044	0
K03045	0
K03046	10869
K03047	0
K03048	4
K03049	7
K03051	0
K03052	0
K03053	0
K03054	0
K03055	0
K03056	0
K03057	19
K03058	0
K03059	221
K03060	9377
K03061	6
K03062	4
K03063	3
K03064	9
K03065	0
K03066	9
K03068	90
K03069	0
K03070	11326
K03071	8786
K03072	7612
K03073	10721
K03074	8800
K03075	10253
K03076	11323
K03077	2815
K03078	985
K03079	5658
K03083	0
K03084	0
K03085	0
K03086	11307
K03087	5071
K03088	10452
K03089	8850
K03090	117
K03091	416
K03092	10422
K03093	4
K03094	1
K03095	34
K03096	0
K03097	3
K03098	6078
K03099	45
K03100	11319
K03101	11283
K03102	0
K03103	814
K03104	0
K03105	0
K03106	11172
K03107	0
K03108	103
K03109	0
K03110	11162
K03111	11298
K03112	4068
K03113	5669
K03114	0
K03115	2
K03116	6294
K03117	9345
K03118	10902
K03119	3915
K03120	0
K03121	0
K03122	0
K03123	0
K03124	1
K03125	0
K03126	0
K03127	0
K03128	52
K03129	0
K03130	132
K03131	0
K03132	0
K03133	0
K03134	0
K03135	1
K03136	5
K03137	0
K03138	0
K03139	0
K03140	3
K03141	0
K03142	4
K03143	0
K03144	0
K03145	0
K03146	0
K03147	9315
K03148	2497
K03149	9384
K03150	3349
K03151	3801
K03152	4070
K03153	6171
K03154	9178
K03156	0
K03157	0
K03158	0
K03159	0
K03160	0
K03161	0
K03162	41
K03163	44
K03164	0
K03165	4
K03166	79
K03167	42
K03168	9973
K03169	6581
K03170	50
K03171	0
K03172	0
K03173	0
K03174	0
K03175	1
K03176	0
K03177	11243
K03178	35
K03179	8282
K03181	5620
K03182	6550
K03183	10734
K03184	2363
K03185	8331
K03186	6876
K03187	5426
K03188	5465
K03189	5485
K03190	5496
K03191	72
K03192	4236
K03193	1
K03194	3462
K03195	2298
K03196	2341
K03197	2066
K03198	1853
K03199	2284
K03200	2551
K03201	2367
K03202	323
K03203	2168
K03204	2480
K03205	5182
K03206	1286
K03207	1166
K03208	4254
K03209	0
K03210	11253
K03211	0
K03212	1682
K03213	0
K03214	1986
K03215	10562
K03216	9087
K03217	11324
K03218	11073
K03219	2013
K03220	2045
K03221	852
K03222	1922
K03223	2131
K03224	1911
K03225	2100
K03226	1912
K03227	1855
K03228	1903
K03229	1918
K03230	2122
K03231	15
K03232	0
K03233	152
K03234	2
K03235	4
K03236	0
K03237	0
K03238	0
K03239	0
K03240	271
K03241	301
K03242	0
K03243	17
K03245	0
K03246	5
K03247	0
K03248	3
K03249	0
K03250	0
K03251	0
K03252	0
K03253	0
K03254	5
K03255	83
K03256	0
K03257	4
K03258	0
K03259	0
K03260	0
K03261	0
K03262	0
K03263	1
K03264	0
K03265	12
K03267	0
K03268	8
K03269	10120
K03270	8334
K03271	5210
K03272	5287
K03273	7068
K03274	5227
K03275	159
K03276	1155
K03277	331
K03278	177
K03279	1102
K03280	93
K03281	8399
K03282	8997
K03283	34
K03284	9253
K03285	1947
K03286	10754
K03287	86
K03288	2562
K03289	646
K03290	684
K03291	2093
K03292	3838
K03293	2844
K03294	6613
K03296	7892
K03297	6487
K03298	10780
K03299	5140
K03300	2904
K03301	1617
K03303	3827
K03304	3512
K03305	5922
K03306	7090
K03307	8471
K03308	4306
K03309	4164
K03310	6372
K03311	4278
K03312	3940
K03313	6897
K03314	2704
K03315	3402
K03316	4613
K03317	4009
K03318	114
K03319	4316
K03320	9610
K03321	9942
K03322	7381
K03323	0
K03324	5904
K03325	5463
K03326	2209
K03327	10704
K03328	7804
K03329	365
K03330	2
K03331	1089
K03332	1356
K03333	1412
K03334	420
K03335	4573
K03336	3120
K03337	3024
K03338	3125
K03339	116
K03340	902
K03341	0
K03342	3338
K03343	266
K03344	0
K03345	0
K03346	5
K03347	0
K03348	0
K03349	1
K03350	247
K03351	6
K03352	54
K03353	282
K03354	1370
K03355	44
K03356	0
K03357	0
K03358	0
K03359	0
K03360	6
K03361	38
K03362	10
K03363	4
K03364	0
K03365	1137
K03366	6665
K03367	1975
K03368	2
K03369	0
K03370	0
K03371	0
K03372	1
K03373	0
K03374	0
K03375	0
K03376	0
K03377	0
K03378	0
K03379	597
K03380	129
K03381	2613
K03382	169
K03383	359
K03385	1935
K03386	5582
K03387	5435
K03388	1436
K03389	431
K03390	312
K03391	1
K03392	1527
K03393	0
K03394	1916
K03395	730
K03396	3533
K03397	82
K03399	601
K03400	999
K03402	2998
K03403	367
K03404	1384
K03405	2522
K03406	5500
K03407	7735
K03408	7599
K03409	1561
K03410	1944
K03411	3712
K03412	8164
K03413	8631
K03414	5924
K03415	4383
K03416	7
K03417	6561
K03418	544
K03419	0
K03420	1473
K03421	0
K03422	0
K03423	23
K03424	11315
K03425	4700
K03426	8071
K03427	7702
K03428	503
K03429	617
K03430	2730
K03431	9352
K03432	12
K03433	48
K03434	0
K03435	4057
K03436	5024
K03437	6710
K03438	11300
K03439	11036
K03440	0
K03441	228
K03442	9585
K03443	0
K03444	6
K03445	3711
K03446	8492
K03447	0
K03448	0
K03449	4648
K03451	2021
K03452	0
K03453	5627
K03454	0
K03455	3878
K03456	57
K03457	3997
K03458	46
K03459	5
K03460	0
K03462	1626
K03463	0
K03464	2584
K03465	1730
K03466	11299
K03468	6679
K03469	8068
K03470	11265
K03471	112
K03472	3959
K03473	4442
K03474	10447
K03475	1607
K03476	850
K03477	955
K03478	3614
K03479	0
K03480	10
K03481	354
K03482	641
K03483	1312
K03484	1770
K03485	1408
K03486	590
K03487	1213
K03488	852
K03489	9
K03490	2401
K03491	1356
K03492	431
K03493	0
K03494	2
K03495	11305
K03496	10984
K03497	10844
K03498	7643
K03499	7918
K03500	9991
K03501	11146
K03502	4570
K03503	4798
K03504	0
K03505	0
K03506	0
K03507	2
K03508	0
K03509	0
K03510	0
K03511	3
K03512	0
K03513	0
K03514	0
K03515	0
K03516	1284
K03517	8877
K03518	3123
K03519	1846
K03520	1852
K03521	8593
K03522	8901
K03523	2076
K03524	10898
K03525	7421
K03526	10307
K03527	10305
K03528	5758
K03529	7729
K03530	10470
K03531	11247
K03532	1884
K03533	945
K03534	3591
K03535	3447
K03536	10420
K03537	0
K03538	0
K03539	0
K03540	0
K03541	4
K03542	3
K03543	8068
K03544	11319
K03545	11317
K03546	8060
K03547	7330
K03548	10783
K03549	6949
K03550	11253
K03551	11298
K03552	59
K03553	11309
K03554	5880
K03555	10878
K03556	5706
K03557	7033
K03558	10410
K03559	9262
K03560	10115
K03561	8020
K03562	9145
K03563	5563
K03564	10901
K03565	9065
K03566	7839
K03567	4755
K03568	8562
K03569	10116
K03570	10060
K03571	7835
K03572	10839
K03573	2519
K03574	8637
K03575	10844
K03576	6595
K03577	4575
K03578	6457
K03579	6465
K03580	6482
K03581	8600
K03582	5970
K03583	5966
K03584	10854
K03585	7915
K03586	8886
K03587	11101
K03588	11252
K03589	10809
K03590	11229
K03591	5097
K03592	8553
K03593	11179
K03594	8293
K03595	10976
K03596	11324
K03597	6011
K03598	4914
K03599	8531
K03600	6418
K03601	10368
K03602	9968
K03603	2274
K03604	2765
K03605	2383
K03606	3535
K03607	4202
K03608	7274
K03609	7508
K03610	7353
K03611	8887
K03612	4380
K03613	4186
K03614	4241
K03615	3802
K03616	7255
K03617	4152
K03618	662
K03619	713
K03620	5831
K03621	9054
K03622	0
K03623	3534
K03624	11293
K03625	11258
K03626	0
K03627	38
K03628	11310
K03629	9155
K03630	10475
K03631	11142
K03632	2091
K03633	1998
K03634	11005
K03635	9023
K03636	7553
K03637	9406
K03638	5448
K03639	9307
K03640	10706
K03641	10846
K03642	9939
K03643	9072
K03644	10618
K03645	2270
K03646	5290
K03647	1751
K03648	9318
K03649	4337
K03650	11300
K03651	9538
K03652	3839
K03653	285
K03654	9979
K03655	11106
K03656	7212
K03657	11201
K03658	3817
K03660	22
K03661	0
K03662	0
K03663	2
K03664	11280
K03665	10715
K03666	8762
K03667	9008
K03668	7404
K03669	4636
K03670	4549
K03671	11192
K03672	6530
K03673	9423
K03674	2492
K03675	2655
K03676	7532
K03678	0
K03679	0
K03680	0
K03681	0
K03683	5447
K03684	7587
K03685	11264
K03686	11317
K03687	11258
K03688	9247
K03689	0
K03690	6127
K03691	23
K03692	354
K03693	2
K03694	9162
K03695	11234
K03696	3549
K03697	334
K03698	425
K03699	11304
K03700	12
K03701	11316
K03702	11308
K03703	11299
K03704	10013
K03705	4925
K03706	5
K03707	2828
K03708	5
K03709	1352
K03710	4691
K03711	10686
K03712	5822
K03713	73
K03714	513
K03715	8
K03716	529
K03717	4231
K03718	6640
K03719	9493
K03720	2742
K03721	3620
K03722	7137
K03723	11284
K03724	5526
K03725	12
K03726	1747
K03727	39
K03728	0
K03729	0
K03730	0
K03731	44
K03732	4881
K03733	10678
K03734	7977
K03735	4070
K03736	4012
K03737	2533
K03738	765
K03739	436
K03740	439
K03741	3819
K03742	7328
K03743	9243
K03744	7565
K03745	6962
K03746	3600
K03747	3310
K03748	5800
K03749	9458
K03750	9345
K03752	8622
K03753	3796
K03754	0
K03755	214
K03756	1457
K03757	640
K03758	3428
K03759	1155
K03760	4553
K03761	2950
K03762	6904
K03763	127
K03764	2303
K03765	2561
K03766	0
K03767	5949
K03768	8600
K03769	9069
K03770	11081
K03771	10871
K03772	4872
K03773	6808
K03774	5165
K03775	8501
K03776	7030
K03777	2801
K03778	5292
K03779	644
K03780	726
K03781	8449
K03782	6762
K03783	3433
K03784	3612
K03785	1021
K03786	10370
K03787	10504
K03788	1242
K03789	10643
K03790	6736
K03791	3699
K03792	2
K03793	3951
K03794	115
K03795	1996
K03796	2228
K03797	11242
K03798	9901
K03799	9059
K03800	2467
K03801	10394
K03802	3353
K03803	3408
K03804	2290
K03805	2733
K03806	5771
K03807	3256
K03808	6127
K03809	6933
K03810	2119
K03811	6443
K03812	2475
K03813	834
K03814	8885
K03816	1873
K03817	8140
K03818	2045
K03819	1287
K03820	9999
K03821	5674
K03822	4
K03823	705
K03824	6126
K03825	4891
K03826	3484
K03827	4513
K03828	7031
K03829	4732
K03830	5378
K03831	4190
K03832	10700
K03833	3908
K03834	2338
K03835	2109
K03836	161
K03837	3486
K03838	603
K03839	4188
K03840	2059
K03841	3810
K03842	1
K03843	129
K03844	11
K03845	0
K03846	0
K03847	0
K03848	0
K03849	0
K03850	33
K03851	541
K03852	1009
K03853	0
K03854	0
K03855	1017
K03856	794
K03857	0
K03858	0
K03859	4
K03860	0
K03861	0
K03862	2099
K03863	3170
K03865	0
K03867	1858
K03868	0
K03869	0
K03870	0
K03871	102
K03872	0
K03873	0
K03874	0
K03875	32
K03876	0
K03877	4
K03878	57
K03879	18
K03880	395
K03881	22
K03882	9
K03883	38
K03884	129
K03885	8967
K03886	53
K03887	33
K03888	75
K03889	796
K03890	13
K03891	13
K03892	9427
K03893	6071
K03894	472
K03895	1312
K03896	2703
K03897	1900
K03898	2
K03899	0
K03900	2
K03901	0
K03902	8
K03903	2
K03904	1
K03905	1
K03906	0
K03907	0
K03908	0
K03909	5
K03910	13
K03911	1
K03912	0
K03913	0
K03914	0
K03915	0
K03916	0
K03917	1
K03918	376
K03919	4490
K03921	1237
K03922	1143
K03923	3949
K03924	9413
K03925	8921
K03926	4448
K03927	3
K03928	4267
K03929	2937
K03930	2813
K03931	2383
K03932	5040
K03933	843
K03934	2203
K03935	2242
K03936	2475
K03937	2180
K03938	0
K03939	1591
K03940	4310
K03941	4413
K03942	2192
K03943	1402
K03944	0
K03945	0
K03946	0
K03947	0
K03948	0
K03949	0
K03950	0
K03951	0
K03952	0
K03953	3686
K03954	8
K03955	127
K03956	6
K03957	0
K03958	0
K03959	0
K03960	0
K03961	0
K03962	0
K03963	0
K03964	0
K03965	0
K03966	0
K03967	1
K03968	1
K03969	4740
K03970	2483
K03971	1148
K03972	9552
K03973	4977
K03974	2533
K03975	10708
K03976	8198
K03977	11314
K03978	11060
K03979	11295
K03980	9809
K03981	8464
K03982	1
K03983	0
K03984	3
K03985	0
K03986	6
K03987	0
K03988	16
K03989	3
K03990	2
K03991	26
K03992	1
K03993	0
K03994	0
K03995	5
K03996	8
K03997	0
K03998	0
K03999	0
K04000	0
K04001	0
K04002	0
K04003	0
K04004	1
K04006	0
K04007	0
K04008	0
K04009	0
K04010	0
K04011	0
K04012	0
K04013	1459
K04014	1157
K04015	1100
K04016	787
K04017	4173
K04018	6038
K04019	414
K04020	490
K04021	375
K04022	311
K04023	575
K04024	439
K04025	305
K04026	531
K04027	919
K04028	735
K04029	468
K04030	1822
K04031	471
K04032	321
K04033	3896
K04034	7277
K04035	368
K04036	252
K04037	439
K04038	438
K04039	455
K04040	461
K04041	429
K04042	9307
K04043	11306
K04044	5657
K04045	1340
K04046	6518
K04047	9124
K04048	0
K04049	156
K04050	143
K04051	150
K04052	118
K04053	614
K04054	820
K04055	25
K04056	798
K04057	175
K04058	898
K04059	266
K04060	754
K04061	3857
K04062	4563
K04063	8062
K04064	2090
K04065	7961
K04066	11319
K04067	2126
K04068	3286
K04069	4508
K04070	166
K04072	2312
K04073	1196
K04074	305
K04075	11196
K04076	1628
K04077	11327
K04078	11295
K04079	9664
K04080	5668
K04081	1002
K04082	5503
K04083	8843
K04084	8716
K04085	8556
K04086	3
K04087	9064
K04088	8676
K04090	3256
K04091	4388
K04092	1879
K04093	2012
K04094	2211
K04095	7751
K04096	11212
K04097	1900
K04098	1319
K04099	997
K04100	514
K04101	450
K04102	964
K04103	1536
K04104	120
K04105	593
K04107	32
K04108	35
K04109	35
K04110	848
K04112	528
K04113	103
K04114	37
K04115	41
K04116	591
K04117	355
K04118	2346
K04119	0
K04120	3
K04121	2
K04122	0
K04123	1
K04124	75
K04125	4124
K04126	15
K04127	1865
K04128	154
K04129	0
K04130	0
K04131	0
K04132	0
K04133	3
K04134	0
K04135	2
K04136	0
K04137	0
K04138	0
K04139	0
K04140	0
K04141	0
K04142	1
K04143	29
K04144	0
K04145	0
K04146	0
K04147	0
K04148	0
K04149	0
K04150	1
K04151	0
K04152	0
K04153	0
K04157	0
K04160	0
K04161	0
K04162	0
K04163	0
K04165	0
K04166	0
K04167	0
K04168	0
K04169	0
K04170	0
K04171	1
K04172	0
K04173	0
K04174	0
K04175	0
K04176	0
K04177	0
K04178	0
K04179	0
K04180	0
K04181	0
K04182	0
K04183	0
K04184	0
K04185	0
K04186	0
K04187	0
K04188	0
K04189	0
K04190	0
K04191	0
K04192	0
K04193	0
K04194	0
K04195	17
K04197	0
K04198	0
K04199	1
K04200	0
K04201	0
K04202	4
K04203	0
K04204	0
K04205	0
K04206	0
K04207	0
K04208	0
K04209	0
K04210	0
K04211	0
K04212	0
K04213	1
K04214	0
K04215	0
K04216	0
K04217	0
K04218	0
K04219	0
K04220	0
K04221	0
K04222	0
K04223	7
K04224	0
K04226	0
K04227	0
K04228	0
K04229	0
K04230	0
K04231	1
K04232	0
K04233	0
K04234	0
K04235	0
K04236	0
K04237	6
K04238	0
K04239	0
K04240	0
K04241	0
K04242	0
K04243	0
K04244	0
K04245	0
K04246	1
K04247	30
K04248	7
K04249	14
K04250	0
K04251	0
K04252	0
K04253	0
K04254	0
K04255	0
K04256	0
K04257	1
K04258	0
K04259	0
K04260	0
K04261	0
K04262	0
K04263	0
K04264	0
K04265	0
K04266	0
K04267	0
K04268	0
K04269	0
K04270	0
K04271	0
K04272	0
K04273	0
K04274	0
K04275	4
K04276	0
K04277	0
K04278	0
K04279	0
K04280	0
K04281	1
K04282	0
K04283	10
K04284	0
K04285	0
K04286	0
K04287	3
K04288	0
K04289	1
K04290	0
K04291	0
K04292	0
K04293	0
K04294	0
K04295	0
K04296	0
K04297	1
K04298	0
K04299	0
K04300	0
K04301	0
K04302	0
K04303	0
K04304	0
K04305	0
K04306	39
K04307	85
K04308	1
K04309	5
K04310	0
K04311	0
K04312	0
K04313	0
K04314	0
K04315	0
K04316	2
K04317	0
K04318	0
K04319	0
K04320	0
K04321	0
K04322	0
K04323	0
K04324	0
K04325	0
K04326	0
K04328	0
K04332	0
K04333	1098
K04334	1372
K04335	1982
K04336	728
K04337	1696
K04338	1853
K04339	1
K04340	89
K04341	1
K04342	1245
K04343	1913
K04344	0
K04345	15
K04346	0
K04347	0
K04348	1
K04349	6
K04350	0
K04351	1
K04352	1
K04353	2
K04354	0
K04355	0
K04356	0
K04357	2
K04358	0
K04359	0
K04360	0
K04361	44
K04362	5
K04363	0
K04364	0
K04365	0
K04366	0
K04367	26
K04368	8
K04369	0
K04370	0
K04371	1
K04372	0
K04373	0
K04374	0
K04375	0
K04376	0
K04377	0
K04378	0
K04379	0
K04380	0
K04381	6
K04382	0
K04383	0
K04384	1
K04385	0
K04386	0
K04387	0
K04388	0
K04389	0
K04390	0
K04391	1
K04392	0
K04393	0
K04394	1
K04395	0
K04396	0
K04397	7
K04398	0
K04399	0
K04400	0
K04401	0
K04402	0
K04403	0
K04404	5
K04405	0
K04406	0
K04407	0
K04408	0
K04409	0
K04410	3
K04411	0
K04412	0
K04413	0
K04414	0
K04415	0
K04416	0
K04417	0
K04418	0
K04419	0
K04420	0
K04421	2
K04422	0
K04423	0
K04424	5
K04425	0
K04426	69
K04427	62
K04428	0
K04429	0
K04430	0
K04431	0
K04432	0
K04433	0
K04434	0
K04435	0
K04436	1
K04437	46
K04438	4
K04439	0
K04440	0
K04441	0
K04442	2
K04443	1
K04444	0
K04445	10
K04446	0
K04447	9
K04448	0
K04449	0
K04450	0
K04451	1
K04452	2
K04453	0
K04454	0
K04455	1
K04456	0
K04457	0
K04458	0
K04459	26
K04460	13
K04461	2
K04462	0
K04463	0
K04464	0
K04465	0
K04466	0
K04467	1
K04468	0
K04469	1
K04477	2058
K04478	62
K04479	9
K04480	5
K04482	4
K04483	350
K04484	141
K04485	11161
K04486	743
K04487	10339
K04488	3396
K04489	0
K04490	0
K04491	0
K04492	0
K04493	0
K04494	0
K04495	0
K04496	0
K04497	0
K04498	0
K04499	14
K04500	0
K04501	0
K04502	0
K04503	0
K04504	0
K04505	0
K04506	1
K04507	0
K04508	37
K04510	0
K04511	0
K04512	1
K04513	1
K04514	6
K04515	50
K04516	1575
K04517	2910
K04518	3897
K04519	0
K04520	0
K04521	5
K04522	0
K04523	3
K04524	166
K04525	15
K04526	1
K04527	1
K04528	0
K04529	0
K04530	0
K04531	0
K04532	0
K04533	0
K04534	0
K04535	0
K04536	3
K04537	0
K04538	0
K04539	0
K04540	0
K04541	0
K04542	0
K04543	0
K04544	0
K04545	0
K04546	0
K04547	0
K04548	0
K04549	0
K04550	6
K04551	54
K04552	0
K04553	0
K04554	0
K04555	0
K04556	0
K04557	0
K04558	26
K04559	27
K04560	0
K04561	2775
K04562	4682
K04563	1
K04564	10942
K04565	5798
K04566	2152
K04567	9205
K04568	5056
K04569	8
K04570	0
K04571	0
K04572	2
K04573	0
K04574	0
K04575	587
K04576	0
K04577	0
K04578	0
K04579	0
K04580	0
K04581	0
K04582	0
K04583	0
K04584	0
K04585	0
K04586	0
K04587	0
K04588	0
K04589	0
K04590	0
K04591	2
K04592	0
K04593	4
K04594	3
K04595	0
K04596	0
K04597	0
K04598	0
K04599	1
K04600	31
K04601	0
K04602	0
K04603	0
K04604	0
K04605	0
K04606	0
K04607	0
K04608	0
K04609	0
K04610	0
K04611	0
K04612	0
K04613	0
K04614	1
K04615	2
K04617	0
K04618	632
K04619	0
K04620	0
K04621	0
K04622	0
K04623	0
K04624	0
K04625	0
K04626	0
K04627	0
K04628	128
K04629	0
K04630	0
K04631	0
K04632	1
K04633	0
K04634	0
K04635	0
K04636	4
K04637	5
K04638	0
K04639	0
K04640	0
K04641	181
K04642	4
K04643	214
K04644	0
K04645	0
K04646	0
K04647	0
K04648	15
K04649	1
K04650	1
K04651	3020
K04652	2935
K04653	2891
K04654	2873
K04655	2971
K04656	2920
K04657	309
K04658	0
K04659	349
K04660	4
K04661	0
K04662	2
K04663	0
K04664	0
K04665	0
K04666	0
K04667	0
K04668	0
K04669	1
K04670	0
K04671	0
K04672	0
K04673	0
K04674	0
K04675	0
K04676	0
K04677	0
K04678	0
K04679	2
K04680	0
K04681	0
K04682	0
K04683	0
K04684	0
K04685	5
K04686	0
K04687	0
K04688	0
K04690	0
K04691	4468
K04692	0
K04693	0
K04694	0
K04695	0
K04696	0
K04697	0
K04698	0
K04699	0
K04701	0
K04702	0
K04703	0
K04704	0
K04705	0
K04706	0
K04707	0
K04708	545
K04709	0
K04710	0
K04711	516
K04712	142
K04713	6
K04714	95
K04715	0
K04716	7
K04717	24
K04718	8
K04719	5373
K04720	1410
K04721	0
K04722	1
K04723	0
K04724	0
K04725	0
K04726	0
K04727	0
K04728	2
K04729	19
K04730	0
K04731	0
K04732	0
K04733	1
K04734	27
K04735	0
K04736	0
K04737	0
K04738	11
K04739	113
K04740	4
K04741	0
K04742	5
K04743	1
K04744	11076
K04745	0
K04746	16
K04747	839
K04748	5308
K04749	3858
K04750	6644
K04751	7734
K04752	6455
K04753	1631
K04754	7594
K04755	7937
K04756	7540
K04757	2045
K04758	6249
K04759	6949
K04760	7849
K04761	9967
K04762	10119
K04763	11279
K04764	9156
K04765	6538
K04766	6
K04767	5425
K04768	4344
K04769	9
K04770	4571
K04771	4460
K04772	11220
K04773	10785
K04774	4471
K04775	2604
K04778	26
K04780	1956
K04781	100
K04782	2164
K04783	167
K04784	262
K04785	161
K04786	465
K04787	53
K04788	365
K04789	67
K04790	1
K04791	17
K04792	133
K04793	31
K04794	62
K04795	0
K04796	1
K04797	6
K04798	2
K04799	0
K04800	93
K04801	35
K04802	0
K04803	1
K04804	0
K04805	0
K04806	0
K04807	0
K04808	17
K04809	1
K04810	1
K04811	0
K04812	0
K04813	0
K04814	9
K04815	0
K04816	0
K04817	0
K04818	0
K04819	0
K04824	0
K04825	0
K04826	0
K04827	0
K04828	0
K04829	0
K04830	0
K04831	0
K04832	0
K04833	0
K04834	24
K04835	464
K04836	0
K04837	0
K04838	0
K04839	0
K04840	0
K04841	0
K04842	0
K04843	0
K04845	0
K04846	0
K04847	0
K04848	0
K04849	0
K04850	0
K04851	0
K04852	0
K04853	0
K04854	0
K04855	0
K04856	0
K04857	0
K04858	34
K04859	1
K04860	9
K04861	17
K04862	0
K04863	0
K04864	0
K04865	0
K04866	0
K04867	0
K04868	0
K04869	0
K04870	0
K04871	0
K04872	0
K04873	0
K04874	6
K04875	1285
K04876	1
K04877	0
K04878	2
K04879	2
K04880	0
K04881	0
K04882	16
K04883	747
K04884	184
K04885	2
K04886	1
K04887	100
K04888	0
K04889	0
K04890	2
K04891	32
K04892	1323
K04893	0
K04894	0
K04895	0
K04896	1
K04897	0
K04898	0
K04899	0
K04900	0
K04901	0
K04902	0
K04903	0
K04904	0
K04905	0
K04906	0
K04907	3
K04908	0
K04909	0
K04910	0
K04911	0
K04912	0
K04913	2
K04914	0
K04915	0
K04916	0
K04917	0
K04918	0
K04919	0
K04920	3
K04921	0
K04922	1
K04923	0
K04924	0
K04925	0
K04926	0
K04927	1
K04928	0
K04929	0
K04930	74
K04931	0
K04932	0
K04933	2
K04934	2
K04935	0
K04936	9
K04937	0
K04938	0
K04939	0
K04940	1170
K04941	0
K04942	0
K04943	0
K04944	6
K04945	2
K04946	0
K04947	0
K04948	0
K04949	0
K04950	35
K04951	0
K04952	0
K04953	70
K04954	5
K04955	36
K04956	57
K04957	0
K04958	0
K04959	0
K04960	0
K04961	2
K04962	168
K04963	2
K04964	0
K04965	0
K04966	2
K04967	0
K04968	2
K04969	0
K04970	0
K04971	0
K04972	0
K04973	0
K04974	2
K04975	1
K04976	0
K04977	16
K04978	1
K04979	0
K04980	1
K04981	0
K04982	0
K04983	0
K04984	1106
K04985	1308
K04986	0
K04987	140
K04988	15
K04989	0
K04990	1
K04991	0
K04992	0
K04993	0
K04994	0
K04995	0
K04996	0
K04997	0
K04998	0
K04999	0
K05000	0
K05001	0
K05002	0
K05003	0
K05004	0
K05005	0
K05006	0
K05007	0
K05008	0
K05009	0
K05010	0
K05011	0
K05012	2
K05015	0
K05016	3
K05017	0
K05018	0
K05019	0
K05020	1777
K05021	0
K05022	0
K05023	0
K05024	0
K05025	0
K05026	0
K05027	36
K05028	9
K05030	344
K05031	0
K05032	1
K05033	3
K05034	0
K05035	0
K05036	0
K05037	0
K05038	0
K05039	0
K05040	0
K05041	0
K05043	0
K05044	1
K05045	5
K05046	0
K05047	0
K05048	1
K05050	0
K05051	0
K05052	0
K05053	0
K05054	0
K05055	0
K05056	0
K05057	2
K05058	6
K05059	0
K05060	105
K05061	0
K05062	0
K05063	57
K05064	26
K05065	0
K05066	1
K05067	0
K05068	0
K05069	12
K05070	7
K05071	0
K05072	0
K05073	0
K05074	1
K05075	4
K05076	1
K05077	1
K05078	0
K05079	1
K05080	0
K05081	0
K05082	0
K05083	0
K05084	0
K05085	0
K05086	1
K05087	2
K05088	69
K05089	0
K05090	1
K05091	0
K05092	8
K05093	6
K05094	3
K05095	2
K05096	6
K05097	1
K05098	0
K05099	245
K05100	157
K05101	0
K05102	0
K05103	4
K05104	0
K05105	9
K05106	0
K05107	0
K05108	5
K05109	3
K05110	9
K05111	3
K05112	2
K05113	12
K05114	0
K05115	0
K05116	2
K05117	1
K05118	0
K05119	41
K05120	60
K05121	90
K05122	0
K05123	1
K05124	0
K05125	37
K05126	0
K05127	17
K05128	1
K05129	9
K05130	3
K05131	0
K05132	0
K05133	0
K05134	0
K05135	2
K05136	0
K05137	0
K05138	0
K05139	0
K05140	0
K05141	0
K05142	0
K05143	0
K05144	0
K05145	0
K05146	0
K05147	0
K05148	1
K05149	0
K05150	0
K05151	0
K05152	0
K05153	0
K05154	0
K05155	0
K05156	0
K05157	2
K05158	0
K05159	0
K05160	0
K05161	0
K05162	0
K05163	0
K05164	5
K05165	0
K05166	0
K05167	16
K05168	0
K05169	2
K05170	2
K05171	1
K05172	10
K05173	0
K05174	0
K05175	0
K05181	37
K05184	0
K05185	0
K05186	0
K05189	1
K05190	11
K05192	53
K05193	3
K05194	117
K05195	8
K05196	0
K05197	0
K05198	11
K05199	0
K05200	0
K05201	0
K05202	0
K05203	0
K05204	0
K05205	0
K05206	2
K05207	3
K05208	0
K05209	0
K05210	0
K05211	0
K05212	0
K05213	2
K05214	0
K05215	0
K05216	0
K05217	0
K05218	0
K05219	0
K05220	0
K05221	0
K05222	1
K05223	0
K05224	0
K05225	0
K05226	0
K05227	0
K05228	0
K05229	0
K05230	0
K05231	0
K05232	0
K05233	0
K05234	0
K05235	0
K05236	0
K05237	0
K05238	0
K05239	0
K05240	0
K05241	0
K05242	0
K05243	0
K05244	0
K05245	335
K05246	0
K05247	0
K05248	0
K05249	0
K05250	0
K05251	0
K05252	0
K05253	0
K05254	0
K05255	0
K05256	0
K05257	0
K05258	0
K05259	0
K05260	0
K05261	0
K05262	0
K05263	0
K05264	0
K05265	0
K05266	0
K05267	0
K05268	0
K05269	0
K05271	24
K05273	7
K05274	2
K05275	6747
K05277	1
K05278	6
K05279	0
K05280	0
K05281	0
K05282	438
K05283	0
K05284	1
K05285	41
K05286	220
K05287	0
K05288	1074
K05289	2
K05290	0
K05291	0
K05292	0
K05293	0
K05294	58
K05295	0
K05296	1256
K05297	2042
K05298	6
K05299	248
K05300	98
K05301	1645
K05302	0
K05303	1234
K05304	224
K05305	0
K05306	2803
K05307	0
K05308	335
K05309	245
K05310	354
K05311	8
K05312	0
K05313	224
K05323	0
K05330	0
K05334	0
K05336	0
K05337	1564
K05338	1
K05339	6727
K05340	591
K05341	869
K05342	202
K05343	3136
K05345	0
K05346	3204
K05349	5563
K05350	3161
K05351	1000
K05352	5
K05353	0
K05354	0
K05355	0
K05356	1
K05357	90
K05358	4406
K05359	0
K05360	157
K05361	18
K05362	6
K05363	2139
K05364	195
K05365	4645
K05366	11134
K05367	6387
K05368	2033
K05369	1
K05370	0
K05371	4
K05372	440
K05373	1261
K05374	168
K05375	2585
K05376	0
K05377	0
K05378	0
K05379	2
K05380	0
K05381	0
K05382	0
K05383	167
K05384	700
K05385	12
K05386	292
K05387	24
K05389	301
K05391	0
K05394	3
K05396	127
K05397	1
K05398	16
K05399	1
K05400	0
K05401	122
K05402	0
K05403	82
K05404	0
K05405	2
K05406	0
K05407	2
K05408	0
K05409	0
K05410	1
K05411	0
K05412	0
K05413	0
K05414	1
K05415	0
K05416	0
K05417	4
K05418	0
K05419	0
K05420	0
K05421	0
K05422	0
K05423	0
K05424	2
K05425	0
K05426	0
K05427	0
K05428	0
K05429	0
K05430	1
K05431	0
K05432	0
K05433	0
K05434	0
K05435	0
K05436	0
K05437	0
K05438	0
K05439	0
K05440	0
K05441	0
K05442	0
K05443	0
K05444	0
K05445	0
K05446	0
K05447	0
K05448	0
K05449	0
K05450	0
K05451	0
K05452	0
K05453	2
K05454	0
K05455	0
K05456	0
K05457	0
K05458	0
K05459	0
K05460	0
K05461	0
K05462	0
K05463	0
K05464	0
K05465	0
K05466	0
K05467	2
K05468	0
K05469	0
K05470	0
K05471	0
K05472	0
K05473	2
K05474	0
K05475	0
K05476	11
K05477	0
K05478	0
K05479	5
K05480	0
K05481	0
K05482	0
K05483	0
K05484	0
K05485	0
K05486	0
K05487	0
K05488	0
K05489	0
K05490	0
K05491	0
K05492	0
K05493	0
K05494	0
K05495	0
K05496	0
K05497	12
K05498	0
K05499	7259
K05500	0
K05501	3997
K05502	13
K05503	0
K05504	0
K05505	0
K05506	0
K05507	0
K05508	0
K05509	0
K05510	0
K05511	0
K05512	0
K05513	0
K05514	0
K05515	10094
K05516	8118
K05517	3231
K05518	1230
K05519	6
K05520	6882
K05521	3008
K05522	1784
K05523	1567
K05524	8273
K05525	529
K05526	4176
K05527	8799
K05528	179
K05529	116
K05530	0
K05531	31
K05532	1
K05533	3
K05534	5
K05535	71
K05536	0
K05537	0
K05538	0
K05539	8170
K05540	11158
K05541	4786
K05542	0
K05543	0
K05544	1
K05545	0
K05546	632
K05547	0
K05548	1711
K05549	2189
K05550	2441
K05551	8
K05552	19
K05553	71
K05554	151
K05555	5515
K05556	47
K05557	66
K05558	92
K05559	3805
K05560	3735
K05561	3719
K05562	3754
K05563	3745
K05564	3698
K05565	1047
K05566	1203
K05567	1400
K05568	1589
K05569	1396
K05570	1388
K05571	1476
K05572	3
K05573	25
K05574	76
K05575	4
K05576	372
K05577	873
K05578	271
K05579	4
K05580	43
K05581	5
K05582	2
K05583	5
K05584	0
K05585	2
K05586	99
K05587	82
K05588	212
K05589	8167
K05590	3568
K05591	6290
K05592	8744
K05593	513
K05594	6268
K05595	9331
K05596	5450
K05597	3681
K05599	1205
K05600	582
K05601	2471
K05602	357
K05603	4210
K05604	0
K05605	6053
K05606	4739
K05607	170
K05609	0
K05610	0
K05611	0
K05612	5
K05613	23
K05614	613
K05615	15
K05616	9
K05617	17
K05618	0
K05619	0
K05620	0
K05621	0
K05622	0
K05623	1
K05624	0
K05625	0
K05626	0
K05627	0
K05628	0
K05629	0
K05630	0
K05631	36
K05632	1
K05633	0
K05634	0
K05635	162
K05636	576
K05637	265
K05638	0
K05639	0
K05640	1
K05641	0
K05642	0
K05643	3
K05644	0
K05645	0
K05646	10
K05647	0
K05648	5
K05649	0
K05650	0
K05651	1
K05652	0
K05653	1
K05654	0
K05655	9
K05656	0
K05657	233
K05658	29
K05659	0
K05660	0
K05661	3
K05662	48
K05664	0
K05665	27
K05666	0
K05667	0
K05668	0
K05669	0
K05670	0
K05671	0
K05672	3
K05673	4
K05674	61
K05675	0
K05676	0
K05677	6
K05678	0
K05679	1
K05680	1
K05681	8
K05682	0
K05683	2
K05684	0
K05685	8926
K05687	11
K05688	0
K05689	4
K05690	0
K05691	0
K05692	12
K05693	0
K05694	83
K05695	442
K05696	0
K05697	0
K05698	151
K05699	0
K05700	1
K05701	0
K05702	3
K05703	0
K05704	0
K05705	0
K05706	0
K05707	0
K05708	439
K05709	340
K05710	3757
K05711	338
K05712	3512
K05713	749
K05714	7305
K05715	46
K05716	30
K05717	10
K05718	5
K05719	25
K05720	0
K05721	0
K05722	0
K05723	1
K05724	0
K05725	0
K05726	3
K05727	0
K05728	3
K05729	0
K05730	2
K05731	0
K05732	5
K05733	0
K05734	0
K05735	0
K05736	0
K05737	0
K05738	0
K05739	1
K05740	68
K05741	8
K05742	0
K05743	0
K05744	0
K05745	2
K05746	3
K05747	3
K05748	3
K05749	0
K05750	0
K05751	0
K05752	0
K05753	0
K05754	0
K05755	0
K05756	0
K05757	0
K05758	0
K05759	6
K05760	0
K05761	0
K05762	1
K05763	0
K05764	5
K05765	1
K05766	0
K05767	2
K05768	0
K05769	0
K05770	3012
K05771	0
K05772	1855
K05773	1789
K05774	4070
K05775	1833
K05776	2886
K05777	1667
K05778	1576
K05779	1555
K05780	3051
K05781	3048
K05782	5393
K05783	1923
K05784	2044
K05785	4171
K05786	7524
K05787	4118
K05788	9298
K05789	2114
K05790	1390
K05791	1293
K05792	910
K05793	1146
K05794	7004
K05795	1365
K05796	1159
K05797	660
K05798	2017
K05799	7680
K05800	6648
K05801	8172
K05802	6372
K05803	3343
K05804	1308
K05805	5736
K05806	3
K05807	11197
K05808	10309
K05809	2809
K05810	9989
K05811	1953
K05812	4277
K05813	4089
K05814	3961
K05815	3956
K05816	93
K05817	806
K05818	1349
K05819	1840
K05820	6520
K05821	0
K05822	50
K05823	14
K05824	73
K05825	7148
K05826	331
K05827	90
K05828	5
K05829	42
K05830	6
K05831	14
K05832	1934
K05833	1935
K05834	8141
K05835	7526
K05836	5776
K05837	10076
K05838	7309
K05839	1280
K05840	0
K05841	777
K05842	2
K05843	1
K05844	6728
K05845	4304
K05846	4356
K05847	4603
K05848	0
K05849	624
K05850	4
K05851	3358
K05852	0
K05853	2
K05854	0
K05855	0
K05856	0
K05857	0
K05858	1
K05859	0
K05860	0
K05861	0
K05862	0
K05863	0
K05864	72
K05865	2
K05866	0
K05867	0
K05868	0
K05869	0
K05870	0
K05871	0
K05872	10
K05873	2190
K05874	5902
K05875	2995
K05876	946
K05877	1258
K05878	2082
K05879	2074
K05880	729
K05881	578
K05882	3171
K05884	1468
K05886	689
K05887	264
K05888	1537
K05889	461
K05894	0
K05895	4059
K05896	7193
K05897	1489
K05898	2002
K05901	995
K05906	73
K05907	1443
K05908	363
K05909	14
K05910	23
K05913	2973
K05914	1
K05915	2
K05916	6553
K05917	31
K05918	23
K05919	454
K05921	2000
K05922	568
K05925	675
K05926	0
K05927	560
K05928	93
K05929	259
K05931	0
K05933	3
K05934	493
K05936	4624
K05937	1035
K05939	7046
K05940	0
K05941	4
K05942	80
K05946	2699
K05947	12
K05948	0
K05951	249
K05952	2803
K05953	22
K05954	9
K05955	0
K05956	81
K05957	9
K05960	0
K05961	37
K05964	1090
K05966	771
K05967	2591
K05969	0
K05970	2013
K05972	884
K05973	3635
K05977	395
K05978	39
K05979	727
K05982	2639
K05984	2806
K05985	56
K05986	2491
K05988	207
K05989	3173
K05991	2304
K05992	28
K05994	1821
K05995	2963
K05996	895
K05997	1559
K05998	375
K05999	1175
K06000	0
K06001	751
K06002	1
K06004	0
K06005	1
K06006	7376
K06007	0
K06008	0
K06009	0
K06011	4
K06012	2
K06013	2522
K06015	3973
K06016	4715
K06018	0
K06019	478
K06020	10070
K06023	4706
K06024	7184
K06027	54
K06030	130
K06033	117
K06034	771
K06035	1798
K06037	5745
K06038	4
K06039	1821
K06041	10730
K06042	4544
K06044	3681
K06045	1723
K06046	1930
K06047	83
K06048	4268
K06049	444
K06051	0
K06052	0
K06053	0
K06054	0
K06055	0
K06056	0
K06057	0
K06058	1
K06059	43
K06061	0
K06062	0
K06063	0
K06064	0
K06065	0
K06066	0
K06067	1
K06068	0
K06069	1
K06070	0
K06071	0
K06072	23
K06073	1684
K06074	1693
K06075	7841
K06076	9074
K06077	6056
K06078	2580
K06079	3375
K06080	1767
K06081	0
K06082	0
K06083	10
K06084	0
K06085	1
K06086	0
K06087	0
K06088	0
K06089	1
K06090	0
K06091	0
K06092	0
K06093	0
K06094	0
K06095	240
K06096	1
K06097	1
K06098	0
K06099	63
K06100	1
K06101	0
K06102	6
K06103	0
K06104	1
K06105	0
K06106	0
K06107	0
K06108	0
K06109	3
K06110	2
K06111	0
K06112	3
K06113	2388
K06114	0
K06115	0
K06116	4
K06117	1694
K06118	520
K06119	4
K06120	143
K06121	121
K06122	121
K06123	3866
K06124	0
K06125	1332
K06126	3
K06127	2309
K06128	1026
K06129	38
K06130	1516
K06131	9069
K06132	4892
K06133	6517
K06134	4283
K06135	450
K06136	3475
K06137	4909
K06138	3744
K06139	3380
K06140	5701
K06141	1350
K06142	9107
K06143	3512
K06144	1594
K06145	5449
K06146	535
K06147	4637
K06148	3636
K06149	9305
K06151	2344
K06152	2609
K06153	10541
K06154	28
K06155	1392
K06156	1332
K06157	311
K06158	11129
K06159	1556
K06160	2097
K06161	105
K06162	3661
K06163	3053
K06164	3062
K06165	3141
K06166	2552
K06167	8262
K06168	10987
K06169	4635
K06170	0
K06171	0
K06172	0
K06173	11264
K06174	0
K06175	3975
K06176	4985
K06177	6996
K06178	11206
K06179	9376
K06180	11311
K06181	7156
K06182	6005
K06183	6177
K06184	3
K06185	2
K06186	8562
K06187	11199
K06188	5959
K06189	8655
K06190	7862
K06191	2868
K06192	6036
K06193	8679
K06194	8664
K06195	8039
K06196	4438
K06197	1109
K06198	1336
K06199	9563
K06200	2524
K06201	4680
K06202	4822
K06203	6513
K06204	11156
K06205	3707
K06206	4813
K06207	11131
K06208	102
K06209	34
K06210	15
K06211	4339
K06212	2369
K06213	8840
K06214	1962
K06215	438
K06216	9
K06217	10629
K06218	3579
K06219	3528
K06221	4018
K06222	4456
K06223	5293
K06224	139
K06225	1
K06226	0
K06227	0
K06228	20
K06229	608
K06230	1
K06231	8
K06232	0
K06233	9
K06234	115
K06235	0
K06236	7
K06237	49
K06238	55
K06240	562
K06241	6
K06243	98
K06244	8
K06245	20
K06246	14
K06247	0
K06248	8
K06249	39
K06250	2
K06251	3
K06252	401
K06253	0
K06254	2
K06255	27
K06256	1
K06257	0
K06258	1
K06259	2
K06260	5
K06261	7
K06262	0
K06263	0
K06264	0
K06265	270
K06266	0
K06267	240
K06268	22
K06269	4
K06270	4
K06271	0
K06272	4
K06273	0
K06274	0
K06275	0
K06276	1
K06277	0
K06278	0
K06279	0
K06281	1431
K06282	1490
K06283	22
K06284	19
K06285	2
K06286	10
K06287	10889
K06288	0
K06289	1
K06290	1
K06291	0
K06292	3
K06293	0
K06294	8
K06295	3
K06296	61
K06297	3
K06298	303
K06299	1
K06300	2
K06301	33
K06302	2
K06303	2
K06304	3
K06305	2
K06306	1135
K06307	0
K06308	4
K06309	1
K06310	1
K06311	1
K06312	1
K06313	2
K06314	2
K06315	1
K06316	0
K06317	10
K06318	2
K06319	0
K06320	2964
K06321	0
K06322	9
K06323	175
K06324	941
K06325	1
K06326	0
K06327	1
K06328	2
K06329	2
K06330	668
K06331	2
K06332	2
K06333	2
K06334	2
K06335	0
K06336	7
K06337	0
K06338	118
K06339	1
K06340	0
K06341	9
K06342	1
K06343	1
K06345	51
K06346	894
K06347	3
K06348	62
K06349	4
K06350	977
K06351	2601
K06352	0
K06353	0
K06354	0
K06355	0
K06356	1
K06357	0
K06358	1
K06359	22
K06360	195
K06361	50
K06362	3
K06363	10
K06364	27
K06365	165
K06366	33
K06367	61
K06368	199
K06369	4
K06370	768
K06371	2
K06372	2
K06373	3313
K06374	4271
K06375	2
K06376	2
K06377	573
K06378	1763
K06379	53
K06380	12
K06381	1307
K06382	134
K06383	12
K06384	2547
K06385	2
K06386	14
K06387	2
K06388	0
K06389	0
K06390	22
K06391	4
K06392	2
K06393	2
K06394	3
K06395	3
K06396	5
K06397	3
K06398	2
K06399	72
K06400	4467
K06401	49
K06402	4041
K06403	5
K06404	2
K06405	21
K06406	2
K06407	3
K06408	2
K06409	433
K06410	45
K06411	2
K06412	219
K06413	1068
K06414	1
K06415	5401
K06416	6
K06417	106
K06418	1
K06419	1
K06420	2
K06421	4
K06422	1
K06423	2
K06424	0
K06425	2
K06426	2
K06427	0
K06428	1
K06429	1
K06430	1
K06431	0
K06432	0
K06433	2
K06434	2
K06435	0
K06436	3
K06437	11
K06438	2
K06439	1
K06440	0
K06441	77
K06442	3231
K06443	1450
K06444	0
K06445	5232
K06446	1462
K06447	4350
K06448	0
K06449	2
K06450	0
K06451	0
K06452	0
K06453	0
K06454	0
K06455	0
K06456	0
K06457	0
K06458	0
K06459	0
K06460	2
K06461	29
K06462	6
K06463	1
K06464	0
K06465	0
K06466	0
K06467	43
K06468	177
K06469	0
K06470	0
K06471	0
K06472	1
K06473	0
K06474	0
K06475	0
K06476	73
K06477	1
K06478	1
K06479	0
K06480	1
K06481	24
K06482	25
K06483	123
K06484	94
K06485	43
K06486	0
K06487	72
K06488	0
K06489	0
K06490	0
K06491	295
K06492	0
K06493	1
K06494	0
K06495	0
K06496	0
K06497	1
K06498	2
K06499	7
K06500	2
K06501	1
K06502	0
K06503	0
K06504	6
K06505	7
K06506	0
K06507	0
K06508	0
K06509	5
K06510	0
K06511	0
K06512	0
K06513	0
K06514	0
K06515	0
K06516	0
K06517	0
K06518	6689
K06519	17
K06520	0
K06521	0
K06522	0
K06523	0
K06524	1
K06525	0
K06526	0
K06527	20
K06528	0
K06529	0
K06530	55
K06531	0
K06532	14
K06533	8
K06534	0
K06535	0
K06536	0
K06537	8
K06538	0
K06539	0
K06540	2
K06541	0
K06542	0
K06543	0
K06544	0
K06545	0
K06546	1
K06547	0
K06548	19
K06549	0
K06550	17
K06551	2
K06552	0
K06553	2
K06554	5
K06555	1
K06556	0
K06557	0
K06558	2
K06559	0
K06560	72
K06561	6
K06562	0
K06563	61
K06564	0
K06565	1
K06566	128
K06567	0
K06568	3
K06569	2
K06570	0
K06571	0
K06572	12
K06573	2
K06574	0
K06575	0
K06576	0
K06577	0
K06578	0
K06579	0
K06580	59
K06581	0
K06582	0
K06583	64
K06584	98
K06585	81
K06586	3
K06587	12
K06588	0
K06589	0
K06590	0
K06591	0
K06592	0
K06593	1
K06594	0
K06595	3404
K06596	3025
K06597	828
K06598	1891
K06599	3049
K06600	698
K06601	1604
K06602	1697
K06603	3720
K06604	340
K06605	947
K06606	2772
K06607	1143
K06608	28
K06609	622
K06610	154
K06611	1
K06612	7
K06613	0
K06614	54
K06615	0
K06616	2
K06617	98
K06618	0
K06619	0
K06620	0
K06621	2
K06622	26
K06623	3
K06624	0
K06625	0
K06626	0
K06627	0
K06628	0
K06629	0
K06630	0
K06631	0
K06632	0
K06633	13
K06634	0
K06635	0
K06636	65
K06637	0
K06639	26
K06640	0
K06641	13
K06642	0
K06643	5
K06644	1
K06645	0
K06646	0
K06647	10
K06648	5
K06649	1
K06650	0
K06651	0
K06652	0
K06653	5
K06654	12
K06655	1
K06656	0
K06657	0
K06658	0
K06659	0
K06660	0
K06661	0
K06662	19
K06663	0
K06664	0
K06665	77
K06666	76
K06667	4
K06668	0
K06669	29
K06670	0
K06671	0
K06672	1
K06673	0
K06674	250
K06675	406
K06676	0
K06677	0
K06678	13
K06679	107
K06680	0
K06681	0
K06682	0
K06683	0
K06684	0
K06685	0
K06686	0
K06687	0
K06688	0
K06689	14
K06691	0
K06692	0
K06693	392
K06694	1712
K06695	8
K06696	0
K06697	0
K06698	0
K06699	0
K06700	0
K06702	2
K06704	7
K06706	0
K06707	0
K06708	0
K06709	0
K06710	0
K06711	31
K06712	0
K06713	0
K06714	400
K06715	0
K06716	82
K06717	0
K06718	1126
K06719	0
K06720	1504
K06721	163
K06722	0
K06723	0
K06724	17
K06725	0
K06726	3212
K06727	114
K06728	0
K06729	0
K06730	0
K06731	13
K06732	0
K06733	1
K06734	3
K06735	0
K06736	0
K06737	0
K06738	0
K06739	0
K06740	1
K06741	0
K06742	0
K06743	0
K06744	1
K06745	0
K06746	0
K06747	0
K06748	0
K06749	1
K06750	0
K06751	2
K06752	0
K06753	15
K06754	44
K06755	2
K06756	208
K06757	0
K06758	3
K06759	3
K06760	7
K06761	16
K06762	23
K06763	4
K06764	0
K06765	5
K06766	218
K06767	114
K06768	12
K06769	26
K06770	0
K06771	1
K06772	2
K06773	1
K06774	0
K06775	1
K06776	8
K06777	375
K06778	13
K06779	0
K06780	0
K06781	0
K06782	2
K06783	0
K06784	2
K06785	0
K06786	17
K06787	1
K06788	1
K06789	0
K06790	0
K06791	0
K06792	0
K06793	0
K06794	0
K06795	0
K06796	0
K06797	0
K06798	0
K06799	4
K06800	0
K06801	0
K06802	0
K06803	2
K06804	0
K06805	0
K06806	7
K06807	0
K06808	0
K06809	0
K06810	2
K06811	38
K06812	0
K06813	254
K06814	3
K06815	1
K06816	737
K06817	23
K06818	0
K06819	7
K06820	210
K06821	59
K06822	55
K06823	10
K06824	0
K06825	3
K06826	9
K06827	0
K06828	0
K06829	0
K06830	4
K06831	1
K06832	0
K06833	0
K06834	328
K06835	24
K06836	0
K06837	0
K06838	1
K06839	1
K06840	0
K06841	0
K06842	0
K06843	0
K06844	0
K06845	0
K06846	0
K06847	0
K06848	0
K06849	0
K06850	0
K06851	0
K06852	0
K06853	0
K06854	0
K06855	0
K06856	3
K06857	1725
K06858	4320
K06859	589
K06860	339
K06861	11217
K06862	3
K06863	0
K06864	613
K06865	211
K06866	1965
K06867	6399
K06868	0
K06869	0
K06870	6
K06871	3972
K06872	6142
K06873	127
K06874	0
K06875	0
K06876	3465
K06877	1825
K06878	4108
K06879	5837
K06880	1621
K06881	2096
K06882	2889
K06883	1838
K06884	2235
K06885	1761
K06886	6156
K06887	741
K06888	2172
K06889	10188
K06890	4597
K06891	10143
K06892	4
K06893	7238
K06894	7664
K06895	6523
K06896	2820
K06897	1413
K06898	500
K06899	3853
K06900	1355
K06901	7679
K06902	3407
K06903	3954
K06904	3191
K06905	3770
K06906	2875
K06907	4223
K06908	2874
K06909	3125
K06910	4126
K06911	9685
K06912	926
K06913	545
K06914	454
K06915	7561
K06916	8152
K06917	4423
K06918	3967
K06919	1524
K06920	9260
K06921	3989
K06922	423
K06923	5736
K06924	390
K06925	10075
K06926	2809
K06927	1616
K06928	69
K06929	4885
K06930	1566
K06931	344
K06932	122
K06933	722
K06934	2135
K06935	33
K06936	79
K06937	702
K06938	6795
K06939	70
K06940	7348
K06941	11164
K06942	10
K06943	0
K06944	25
K06945	1032
K06946	2616
K06947	45
K06948	16
K06949	9116
K06950	4937
K06951	284
K06952	2425
K06953	4162
K06954	4988
K06956	4639
K06957	2511
K06958	8063
K06959	9280
K06960	955
K06961	0
K06962	224
K06963	0
K06964	2
K06965	12
K06966	4466
K06967	1281
K06968	4443
K06969	7852
K06970	4075
K06971	620
K06972	910
K06973	1751
K06974	303
K06975	6279
K06976	1549
K06977	820
K06978	3752
K06979	228
K06980	8364
K06981	16
K06982	10
K06983	416
K06984	463
K06985	5231
K06986	1298
K06987	5777
K06988	3177
K06989	2112
K06990	672
K06991	3188
K06992	2979
K06993	128
K06994	113
K06995	4161
K06996	5935
K06997	11137
K06998	7926
K06999	6491
K07000	5783
K07001	10158
K07002	5331
K07003	7127
K07004	5013
K07005	2741
K07006	4635
K07007	9550
K07008	3121
K07009	14
K07010	5134
K07012	2758
K07013	1996
K07014	2923
K07015	57
K07016	170
K07017	3733
K07018	6217
K07019	6548
K07020	3045
K07022	386
K07023	2778
K07024	544
K07025	4868
K07026	1261
K07027	4393
K07028	5030
K07029	7810
K07030	47
K07031	850
K07032	6756
K07033	158
K07034	2310
K07035	268
K07037	1432
K07038	5279
K07039	5219
K07040	10413
K07041	208
K07042	11281
K07043	5023
K07044	1736
K07045	3628
K07046	3808
K07047	6511
K07048	964
K07049	1
K07050	3746
K07051	591
K07052	7530
K07053	6902
K07054	7027
K07055	4
K07056	11255
K07057	119
K07058	10976
K07059	5657
K07060	49
K07061	186
K07062	3166
K07063	3334
K07064	2848
K07065	752
K07066	609
K07067	11
K07068	1765
K07069	137
K07070	3790
K07071	7237
K07072	433
K07073	700
K07074	1933
K07075	2385
K07076	3250
K07077	1100
K07078	1500
K07079	2952
K07080	4201
K07081	41
K07082	11108
K07083	41
K07084	3117
K07085	4599
K07086	1205
K07087	10
K07089	3768
K07090	10660
K07091	11215
K07092	1552
K07093	5833
K07094	10
K07095	5911
K07096	3688
K07097	1567
K07098	5924
K07099	543
K07100	2294
K07101	2383
K07102	7268
K07103	0
K07104	2362
K07105	80
K07106	4318
K07107	10987
K07108	62
K07109	1909
K07110	2575
K07111	230
K07112	7339
K07113	5960
K07114	8461
K07115	8188
K07116	2128
K07117	3046
K07118	5942
K07119	16
K07120	4247
K07121	5493
K07122	6496
K07123	674
K07124	8804
K07125	1238
K07126	8768
K07127	5632
K07128	221
K07129	76
K07130	3449
K07131	1223
K07132	658
K07133	2643
K07134	6
K07135	4
K07136	3657
K07137	4692
K07138	407
K07139	2723
K07140	6127
K07141	6334
K07142	692
K07143	7
K07144	595
K07145	2065
K07146	8216
K07147	6986
K07148	4291
K07149	2949
K07150	1139
K07151	10
K07152	7889
K07153	4542
K07154	6444
K07155	3274
K07156	3748
K07157	6110
K07158	42
K07159	18
K07160	6278
K07161	2154
K07162	149
K07163	8
K07164	2724
K07165	6620
K07166	1607
K07167	3900
K07168	5908
K07169	814
K07171	2288
K07172	2451
K07173	3233
K07175	4946
K07176	400
K07177	585
K07178	2625
K07179	1
K07180	5402
K07181	4576
K07182	7087
K07183	5483
K07184	7012
K07186	3477
K07187	0
K07188	10
K07189	32
K07190	82
K07191	0
K07192	1997
K07193	0
K07194	0
K07195	0
K07196	0
K07197	0
K07198	5
K07199	541
K07200	0
K07201	0
K07202	0
K07203	1
K07204	0
K07205	0
K07206	2
K07207	0
K07208	0
K07209	0
K07210	3
K07211	1
K07213	6190
K07214	2433
K07215	3733
K07216	2089
K07217	2162
K07218	4448
K07219	2033
K07220	4832
K07221	4118
K07222	4542
K07223	5394
K07224	2599
K07225	3755
K07226	4316
K07227	1509
K07228	3678
K07229	5883
K07230	2026
K07231	3549
K07232	4852
K07233	3201
K07234	3968
K07235	4186
K07236	4076
K07237	4023
K07238	5176
K07239	837
K07240	7195
K07241	2011
K07242	4
K07243	4981
K07244	0
K07245	4478
K07246	3569
K07248	1972
K07249	369
K07250	2656
K07251	3868
K07252	110
K07253	149
K07254	4
K07255	1738
K07256	975
K07257	786
K07258	8941
K07259	7227
K07260	2931
K07261	3521
K07262	4731
K07263	10124
K07264	6277
K07265	2744
K07266	2157
K07267	3788
K07268	236
K07269	1704
K07270	3478
K07271	852
K07272	1279
K07273	3041
K07274	5395
K07275	8282
K07276	1626
K07277	11303
K07278	9593
K07279	682
K07280	2603
K07281	735
K07282	2373
K07283	4966
K07284	746
K07285	2536
K07286	3913
K07287	6227
K07288	453
K07289	9363
K07290	5240
K07291	19
K07292	0
K07293	1
K07294	0
K07295	0
K07296	8
K07297	0
K07298	1
K07299	1
K07300	4227
K07301	6498
K07302	4462
K07303	4467
K07304	9372
K07305	9365
K07306	470
K07307	987
K07308	1296
K07309	1366
K07310	140
K07311	1064
K07312	659
K07313	6716
K07314	797
K07315	4553
K07316	2996
K07317	5940
K07318	1330
K07319	1928
K07320	6693
K07321	727
K07322	3803
K07323	7698
K07324	0
K07325	1
K07326	5367
K07327	27
K07328	0
K07329	11
K07330	1
K07331	22
K07332	7
K07333	21
K07334	3238
K07335	3789
K07336	4577
K07337	4323
K07338	3357
K07339	1989
K07340	7528
K07341	2985
K07342	0
K07343	5847
K07344	2355
K07345	3213
K07346	4033
K07347	4704
K07348	945
K07349	1406
K07350	823
K07351	1739
K07352	1632
K07353	936
K07354	867
K07355	59
K07356	1028
K07357	528
K07358	253
K07359	1
K07360	0
K07361	0
K07362	0
K07363	0
K07364	0
K07365	0
K07366	0
K07367	0
K07368	0
K07369	1930
K07370	0
K07371	0
K07372	0
K07373	0
K07374	1
K07375	0
K07376	1
K07377	0
K07378	4
K07379	2
K07380	4
K07381	0
K07382	0
K07384	0
K07385	0
K07386	3353
K07387	2792
K07388	0
K07389	953
K07390	8788
K07391	11170
K07392	713
K07393	4896
K07394	4810
K07395	3493
K07396	7274
K07397	9037
K07398	0
K07399	3178
K07400	4709
K07401	3544
K07402	6793
K07403	3359
K07404	6758
K07405	693
K07406	1121
K07407	2817
K07408	0
K07409	1
K07410	0
K07411	0
K07412	3
K07413	0
K07414	1
K07415	1
K07416	0
K07417	0
K07418	1
K07419	0
K07420	0
K07422	2
K07423	0
K07424	60
K07425	0
K07426	1
K07427	212
K07428	0
K07429	0
K07430	0
K07431	0
K07432	41
K07433	0
K07434	0
K07435	0
K07436	0
K07437	0
K07438	0
K07439	0
K07440	0
K07441	34
K07442	144
K07443	5593
K07444	793
K07445	684
K07446	103
K07447	10952
K07448	4984
K07449	519
K07450	1982
K07451	6439
K07452	2687
K07453	1158
K07454	3304
K07455	754
K07456	8086
K07457	703
K07458	2593
K07459	9080
K07460	10864
K07461	7161
K07462	11245
K07463	181
K07464	1133
K07465	488
K07466	0
K07467	587
K07468	99
K07469	738
K07470	951
K07471	164
K07472	0
K07473	2608
K07474	1852
K07475	19
K07476	6
K07477	0
K07478	11099
K07479	3908
K07480	1237
K07481	4235
K07482	3320
K07483	8428
K07484	3809
K07485	4226
K07486	6272
K07487	3997
K07488	2556
K07489	851
K07490	1156
K07491	6460
K07492	4354
K07493	3681
K07494	2985
K07495	2970
K07496	1568
K07497	9087
K07498	1211
K07499	2587
K07500	4
K07501	3280
K07502	918
K07503	1546
K07504	2988
K07505	2282
K07506	7737
K07507	7068
K07508	790
K07509	1285
K07511	3894
K07512	1643
K07513	2194
K07514	3204
K07515	12
K07516	3559
K07517	326
K07518	802
K07520	0
K07521	0
K07522	0
K07523	8
K07524	0
K07525	0
K07526	0
K07527	0
K07528	8
K07529	12
K07530	0
K07531	0
K07532	0
K07533	590
K07534	1177
K07535	5498
K07536	425
K07537	36
K07538	26
K07539	27
K07540	5
K07541	0
K07542	356
K07543	87
K07544	317
K07545	212
K07546	1002
K07547	3
K07548	43
K07549	54
K07550	1522
K07552	9796
K07553	10
K07554	16
K07555	0
K07556	2218
K07557	5
K07558	102
K07559	1681
K07560	8371
K07561	0
K07562	0
K07565	0
K07566	10924
K07568	11121
K07569	0
K07570	143
K07571	125
K07572	0
K07573	0
K07574	6465
K07575	0
K07576	3763
K07577	4376
K07578	23
K07579	188
K07580	94
K07581	0
K07583	0
K07584	224
K07585	1
K07586	9
K07587	0
K07588	3169
K07589	2081
K07590	5
K07591	0
K07592	599
K07593	1
K07594	0
K07595	0
K07596	0
K07597	0
K07598	0
K07599	0
K07600	0
K07601	2
K07602	0
K07603	2
K07604	5
K07605	5
K07606	10
K07607	0
K07608	0
K07609	1
K07610	2
K07611	17
K07612	0
K07613	0
K07614	0
K07615	0
K07616	0
K07617	0
K07618	0
K07619	0
K07620	0
K07621	0
K07622	0
K07623	0
K07624	0
K07625	0
K07626	0
K07627	0
K07628	0
K07630	0
K07631	0
K07632	0
K07633	6
K07634	1
K07635	2
K07636	10469
K07637	5833
K07638	7788
K07639	4501
K07640	4912
K07641	3474
K07642	2823
K07643	1097
K07644	6976
K07645	6747
K07646	7255
K07647	1465
K07648	5988
K07649	5046
K07650	99
K07651	731
K07652	3693
K07653	190
K07654	342
K07655	130
K07656	10
K07657	8407
K07658	6507
K07659	7846
K07660	5805
K07661	4006
K07662	4578
K07663	3052
K07664	2805
K07665	7514
K07666	6291
K07667	6743
K07668	1207
K07669	2662
K07670	287
K07671	337
K07672	2070
K07673	3767
K07674	1474
K07675	4063
K07676	1266
K07677	2694
K07678	5754
K07679	6664
K07680	168
K07681	8
K07682	708
K07683	418
K07684	8111
K07685	2008
K07686	2169
K07687	3835
K07688	1822
K07689	7715
K07690	1757
K07691	59
K07692	1033
K07693	825
K07694	277
K07695	633
K07696	2979
K07697	65
K07698	785
K07699	5
K07700	1303
K07701	944
K07702	1125
K07703	931
K07704	2010
K07705	1452
K07706	90
K07707	34
K07708	7672
K07709	4033
K07710	3446
K07711	2380
K07712	7731
K07713	7320
K07714	3765
K07715	2328
K07716	1910
K07717	13
K07718	4626
K07719	1
K07720	3814
K07721	100
K07722	2739
K07723	596
K07724	1910
K07725	2474
K07726	5614
K07727	4119
K07728	133
K07729	4904
K07730	84
K07731	15
K07732	48
K07733	7127
K07734	5404
K07735	10103
K07736	2690
K07738	8856
K07739	35
K07740	3236
K07741	2108
K07742	2553
K07743	335
K07744	56
K07745	48
K07746	3664
K07747	0
K07748	26
K07749	3179
K07750	2
K07751	2278
K07752	701
K07753	55
K07754	13
K07755	5106
K07756	0
K07757	814
K07758	50
K07759	6
K07760	9
K07761	6
K07762	1069
K07763	437
K07764	0
K07765	2
K07766	1582
K07767	39
K07768	483
K07769	3
K07770	197
K07771	1874
K07772	1713
K07773	2296
K07774	5489
K07775	129
K07776	1364
K07777	469
K07778	909
K07779	577
K07780	6
K07781	1207
K07782	2655
K07783	1845
K07784	930
K07785	1067
K07786	511
K07787	4652
K07788	4990
K07789	5448
K07790	1816
K07791	2567
K07792	2270
K07793	4838
K07794	4742
K07795	4978
K07796	766
K07797	1444
K07798	4983
K07799	5422
K07800	1
K07801	1
K07802	0
K07803	818
K07804	611
K07805	20
K07806	1556
K07807	1135
K07808	28
K07809	361
K07810	3571
K07811	750
K07812	1790
K07813	2
K07814	4705
K07816	1744
K07817	1
K07818	70
K07819	3
K07820	0
K07821	457
K07822	6
K07823	5174
K07824	0
K07825	0
K07826	0
K07827	0
K07828	0
K07829	0
K07830	0
K07831	0
K07832	0
K07833	0
K07834	0
K07835	0
K07836	0
K07837	0
K07838	0
K07839	0
K07840	0
K07841	2
K07842	0
K07843	0
K07844	3
K07845	0
K07846	0
K07847	1
K07848	0
K07849	0
K07850	0
K07851	0
K07852	0
K07853	0
K07854	0
K07855	0
K07856	0
K07857	0
K07858	0
K07859	0
K07860	5
K07861	0
K07862	4177
K07863	1
K07864	0
K07865	0
K07866	2
K07868	0
K07869	0
K07870	6
K07871	0
K07872	0
K07873	0
K07874	52
K07875	0
K07876	3
K07877	8
K07878	0
K07879	0
K07880	1
K07881	10
K07882	0
K07883	4
K07884	0
K07885	0
K07886	0
K07887	0
K07888	7
K07889	45
K07890	0
K07891	1
K07893	23
K07894	0
K07895	0
K07896	0
K07897	5
K07898	8
K07899	0
K07900	0
K07901	4
K07902	3
K07903	0
K07904	8
K07905	0
K07906	0
K07907	0
K07908	0
K07909	0
K07910	2
K07911	0
K07912	15
K07913	0
K07914	0
K07915	0
K07916	0
K07917	8
K07918	14
K07919	0
K07920	0
K07921	0
K07922	0
K07923	0
K07924	0
K07925	5
K07928	0
K07929	0
K07930	0
K07931	0
K07933	0
K07934	0
K07935	0
K07936	0
K07937	0
K07938	0
K07939	0
K07940	0
K07941	1
K07942	4
K07943	0
K07944	5
K07945	0
K07949	0
K07950	0
K07951	0
K07952	0
K07953	1
K07955	0
K07957	0
K07958	0
K07959	0
K07960	0
K07961	0
K07962	0
K07963	0
K07964	294
K07965	0
K07966	29
K07967	42
K07968	4
K07969	0
K07970	0
K07971	0
K07972	2
K07973	0
K07975	3
K07976	177
K07978	183
K07979	1977
K07980	0
K07981	0
K07982	0
K07983	1
K07984	0
K07985	0
K07986	0
K07987	0
K07988	0
K07989	0
K07990	0
K07991	12
K07992	0
K07993	5
K07994	169
K07995	33
K07996	24
K07997	4
K07998	154
K07999	201
K08000	38
K08001	2
K08002	48
K08003	23
K08004	4
K08005	0
K08006	1
K08007	0
K08008	0
K08009	0
K08010	14
K08011	5
K08012	0
K08013	0
K08014	0
K08015	0
K08016	0
K08017	0
K08018	0
K08019	0
K08020	0
K08021	0
K08022	14
K08023	0
K08024	0
K08025	0
K08026	0
K08027	0
K08028	0
K08029	0
K08030	0
K08031	0
K08032	0
K08033	0
K08034	0
K08035	0
K08036	0
K08037	0
K08038	0
K08039	0
K08040	0
K08041	24
K08042	1
K08043	5
K08044	1
K08045	10
K08046	1
K08047	0
K08048	23
K08049	37
K08050	0
K08051	0
K08052	5
K08053	0
K08054	0
K08055	10
K08056	6
K08057	0
K08058	0
K08059	1
K08060	4
K08061	5
K08062	2
K08063	0
K08064	0
K08065	1
K08066	0
K08067	0
K08068	347
K08069	0
K08070	0
K08071	9
K08073	353
K08074	0
K08075	0
K08076	655
K08077	410
K08079	0
K08080	30
K08081	477
K08082	3129
K08083	3428
K08084	4667
K08085	962
K08086	4383
K08087	402
K08088	338
K08089	0
K08090	0
K08091	0
K08092	787
K08093	270
K08094	607
K08095	60
K08096	0
K08097	403
K08098	0
K08099	162
K08100	29
K08101	0
K08102	0
K08103	2
K08104	263
K08105	374
K08106	145
K08107	0
K08108	0
K08109	0
K08110	0
K08111	0
K08112	0
K08114	0
K08115	192
K08116	0
K08117	0
K08118	0
K08119	0
K08120	1
K08121	5
K08122	0
K08123	0
K08124	0
K08125	0
K08126	0
K08127	0
K08128	0
K08129	4
K08130	2
K08131	91
K08132	4
K08133	8
K08134	1
K08135	1
K08136	4
K08137	1789
K08138	2096
K08139	41
K08141	0
K08142	6
K08143	0
K08144	1
K08145	3
K08146	0
K08147	0
K08148	0
K08149	2
K08150	100
K08151	4458
K08152	1321
K08153	9867
K08154	2896
K08155	4
K08156	1469
K08157	0
K08158	0
K08159	3940
K08160	1994
K08161	3397
K08162	2857
K08163	773
K08164	912
K08165	0
K08166	5680
K08167	2387
K08168	143
K08169	3895
K08170	253
K08171	3
K08172	5623
K08173	1165
K08174	6267
K08175	19
K08176	16
K08177	7428
K08178	1260
K08179	0
K08180	7
K08181	4
K08182	2
K08183	6
K08184	9
K08185	58
K08186	54
K08187	61
K08188	66
K08189	33
K08190	32
K08191	5276
K08192	7
K08193	4
K08194	5691
K08195	3080
K08196	502
K08197	0
K08198	0
K08199	1
K08200	0
K08202	0
K08203	0
K08204	0
K08205	0
K08206	0
K08207	0
K08208	0
K08209	0
K08210	0
K08211	0
K08212	0
K08213	0
K08214	1
K08215	0
K08216	0
K08217	6856
K08218	8248
K08219	5949
K08220	13
K08221	2851
K08222	138
K08223	5994
K08224	7529
K08225	6325
K08226	445
K08227	2633
K08228	0
K08229	0
K08230	0
K08231	0
K08232	0
K08233	17
K08234	9501
K08235	2
K08236	0
K08237	0
K08238	3
K08239	769
K08240	3
K08241	0
K08242	1
K08243	1
K08244	0
K08245	0
K08246	12
K08247	27
K08248	0
K08249	0
K08251	165
K08252	3
K08253	7
K08254	100
K08255	28
K08256	251
K08257	414
K08258	2
K08259	3
K08260	372
K08261	687
K08262	0
K08264	1404
K08265	271
K08266	21
K08267	0
K08268	0
K08269	2
K08270	0
K08271	0
K08272	0
K08273	0
K08274	33
K08275	41
K08276	2425
K08277	333
K08278	0
K08279	296
K08280	383
K08281	7954
K08282	2891
K08283	0
K08284	0
K08285	7
K08286	94
K08287	4
K08288	0
K08289	6175
K08290	0
K08291	0
K08292	3
K08293	0
K08294	0
K08295	1692
K08296	9535
K08297	384
K08298	342
K08299	1869
K08300	8833
K08301	9187
K08302	1356
K08303	6159
K08304	7126
K08305	8627
K08306	2682
K08307	9027
K08308	1377
K08309	9519
K08310	3399
K08311	9223
K08312	4126
K08313	1664
K08314	945
K08315	1301
K08316	11171
K08317	759
K08318	603
K08319	2360
K08320	8949
K08321	796
K08322	1588
K08323	2061
K08324	3869
K08325	3301
K08326	197
K08327	0
K08328	5
K08329	1
K08330	56
K08331	0
K08332	2
K08333	2
K08334	2
K08335	0
K08336	0
K08337	18
K08338	0
K08339	0
K08340	2
K08341	0
K08342	0
K08343	0
K08344	5167
K08348	3676
K08349	3575
K08350	1938
K08351	1388
K08352	4342
K08353	291
K08354	486
K08355	231
K08356	223
K08357	1081
K08358	1548
K08359	1002
K08360	0
K08362	0
K08363	2138
K08364	3736
K08365	4586
K08366	2
K08367	0
K08368	2188
K08369	4869
K08370	0
K08371	17
K08372	1146
K08373	0
K08374	0
K08375	0
K08376	0
K08377	0
K08378	0
K08379	0
K08380	0
K08381	0
K08382	0
K08383	0
K08384	1830
K08385	0
K08386	0
K08387	0
K08388	0
K08389	0
K08390	0
K08391	0
K08392	0
K08393	0
K08394	0
K08395	0
K08396	0
K08397	0
K08398	0
K08399	38
K08400	0
K08401	0
K08402	0
K08403	0
K08404	0
K08405	0
K08406	0
K08407	0
K08408	0
K08409	0
K08410	0
K08411	0
K08412	0
K08413	0
K08414	0
K08415	0
K08416	0
K08417	0
K08418	0
K08419	0
K08420	0
K08421	0
K08422	0
K08423	0
K08424	0
K08425	0
K08426	0
K08427	0
K08428	0
K08429	0
K08430	0
K08431	0
K08432	1
K08433	0
K08434	0
K08435	0
K08436	0
K08437	0
K08438	0
K08439	0
K08440	0
K08441	0
K08442	0
K08443	0
K08444	0
K08445	0
K08446	0
K08447	0
K08448	0
K08449	0
K08450	0
K08451	0
K08452	0
K08453	0
K08454	0
K08455	2
K08456	0
K08457	0
K08458	0
K08459	0
K08460	0
K08461	0
K08462	2
K08463	0
K08464	1
K08465	0
K08466	61
K08467	0
K08468	0
K08469	1
K08470	0
K08471	0
K08472	0
K08473	2
K08474	0
K08475	809
K08476	711
K08477	160
K08478	820
K08479	56
K08480	0
K08481	442
K08482	2908
K08483	5436
K08484	6154
K08485	4790
K08486	0
K08487	1
K08488	0
K08489	0
K08490	5
K08491	7
K08492	0
K08493	1
K08494	1
K08495	0
K08496	2
K08497	2
K08498	1
K08499	4
K08500	0
K08501	0
K08502	0
K08503	1
K08504	0
K08505	0
K08506	2
K08507	0
K08508	0
K08509	1
K08510	1
K08511	0
K08512	2
K08513	6
K08514	8
K08515	6
K08516	9
K08517	0
K08518	0
K08519	0
K08520	1
K08521	0
K08522	0
K08523	0
K08524	0
K08525	0
K08526	0
K08527	0
K08528	0
K08529	0
K08530	0
K08531	0
K08532	0
K08533	0
K08534	0
K08535	0
K08536	0
K08537	0
K08538	0
K08539	0
K08540	0
K08541	0
K08542	0
K08543	0
K08544	0
K08545	0
K08546	0
K08547	0
K08548	0
K08549	0
K08550	0
K08551	0
K08552	0
K08553	0
K08554	0
K08555	0
K08556	0
K08557	0
K08558	0
K08559	0
K08560	0
K08561	0
K08562	0
K08563	0
K08564	1
K08565	0
K08566	442
K08568	0
K08569	0
K08570	6
K08571	0
K08572	0
K08573	13
K08574	0
K08575	0
K08576	26
K08577	6
K08578	39
K08579	0
K08580	0
K08581	0
K08582	38
K08583	0
K08584	0
K08585	42
K08586	41
K08587	361
K08588	0
K08589	188
K08590	1
K08591	8946
K08592	29
K08593	0
K08594	0
K08595	0
K08596	0
K08597	33
K08598	269
K08599	129
K08600	15
K08601	0
K08602	3362
K08603	0
K08604	838
K08605	0
K08606	25
K08607	0
K08608	0
K08609	11
K08610	1
K08611	0
K08612	0
K08613	0
K08614	79
K08615	0
K08616	0
K08617	0
K08618	0
K08619	6
K08620	0
K08621	47
K08622	0
K08623	0
K08624	5
K08625	0
K08626	0
K08627	1
K08628	0
K08629	0
K08630	0
K08631	1
K08632	2
K08633	0
K08634	0
K08635	2
K08636	0
K08637	612
K08638	1
K08639	0
K08640	5474
K08641	4414
K08642	204
K08643	65
K08644	5
K08645	0
K08646	871
K08647	98
K08648	3
K08649	7
K08650	4
K08651	1814
K08652	13
K08653	0
K08654	23
K08655	1
K08656	3
K08657	0
K08658	2
K08659	1124
K08660	1217
K08661	0
K08662	1
K08663	0
K08664	314
K08665	1
K08666	0
K08667	6
K08668	0
K08669	213
K08670	5
K08671	1
K08672	11
K08673	14
K08674	2
K08675	1741
K08676	2075
K08677	919
K08678	3690
K08679	6427
K08680	2289
K08681	409
K08682	4411
K08683	4948
K08685	629
K08686	18
K08687	103
K08688	839
K08689	27
K08690	113
K08691	1173
K08692	508
K08693	2094
K08694	0
K08695	52
K08696	3
K08697	270
K08698	6
K08699	0
K08700	17
K08701	0
K08702	0
K08703	0
K08704	0
K08705	0
K08706	0
K08707	0
K08709	0
K08710	3
K08711	2
K08712	0
K08713	2444
K08714	1244
K08715	1196
K08716	0
K08717	2211
K08718	0
K08719	43
K08720	1776
K08721	433
K08722	2628
K08723	3924
K08724	9
K08725	0
K08726	2635
K08727	2
K08728	340
K08729	0
K08730	0
K08731	0
K08732	0
K08733	0
K08734	30
K08735	17
K08736	81
K08737	122
K08738	4127
K08739	98
K08740	44
K08741	27
K08742	0
K08743	168
K08744	10021
K08745	329
K08746	11
K08747	0
K08748	4
K08749	99
K08750	2
K08751	1
K08752	0
K08753	2
K08754	0
K08755	2
K08756	3
K08757	137
K08758	3
K08759	1
K08760	80
K08761	0
K08762	1797
K08763	1
K08764	1448
K08765	0
K08766	1
K08767	1
K08768	3
K08769	0
K08770	6
K08771	5
K08772	0
K08773	0
K08774	0
K08775	1
K08776	1117
K08777	14
K08778	3
K08779	33
K08780	22
K08781	198
K08782	2
K08783	38
K08784	1
K08785	0
K08786	3
K08787	1
K08788	3
K08789	0
K08790	0
K08791	0
K08793	0
K08794	33
K08795	0
K08796	0
K08797	0
K08798	0
K08799	1
K08800	0
K08801	3
K08802	0
K08803	0
K08804	0
K08805	0
K08806	13
K08807	0
K08808	0
K08809	3
K08810	2
K08811	2
K08812	0
K08813	2
K08814	0
K08815	0
K08816	5
K08817	1
K08818	4
K08819	0
K08820	0
K08821	0
K08822	0
K08823	0
K08824	0
K08825	0
K08826	0
K08827	0
K08828	0
K08829	1
K08830	0
K08831	0
K08832	0
K08833	0
K08834	0
K08835	0
K08836	0
K08837	0
K08838	0
K08840	0
K08841	5
K08842	0
K08843	40
K08844	593
K08845	0
K08846	0
K08847	0
K08848	9
K08849	0
K08850	4
K08851	30
K08852	9
K08853	0
K08854	0
K08855	1
K08856	7
K08857	0
K08858	0
K08859	1
K08860	0
K08861	0
K08862	0
K08863	0
K08864	6
K08865	0
K08866	0
K08867	3
K08868	0
K08869	2094
K08870	0
K08871	0
K08872	0
K08873	1
K08874	0
K08875	0
K08876	4
K08877	0
K08878	0
K08879	0
K08880	0
K08881	0
K08882	0
K08883	0
K08884	3272
K08885	7
K08886	0
K08887	0
K08888	0
K08889	0
K08890	0
K08891	0
K08892	0
K08893	0
K08894	0
K08895	0
K08896	0
K08897	3
K08898	0
K08899	0
K08900	161
K08901	2
K08902	0
K08903	0
K08904	0
K08905	1
K08906	989
K08907	3
K08908	2
K08909	2
K08910	2
K08911	0
K08912	4
K08913	0
K08914	3
K08915	2
K08916	3
K08917	2
K08918	0
K08919	0
K08920	0
K08921	0
K08922	0
K08923	0
K08924	0
K08925	0
K08926	431
K08927	439
K08928	439
K08929	426
K08930	161
K08939	122
K08940	1
K08941	1
K08942	4005
K08943	1
K08944	1
K08945	1
K08946	1
K08947	1
K08948	0
K08949	1
K08950	1
K08951	1
K08952	540
K08953	8
K08954	9
K08955	92
K08956	1597
K08957	0
K08958	0
K08959	1
K08960	0
K08961	548
K08963	4431
K08964	2362
K08965	9
K08966	785
K08967	3051
K08968	7374
K08969	1177
K08970	4378
K08971	2
K08972	2435
K08973	7881
K08974	1694
K08975	8
K08976	979
K08977	435
K08978	4484
K08979	6
K08980	9
K08981	2133
K08982	585
K08983	1859
K08984	2495
K08985	2562
K08986	64
K08987	2684
K08988	5235
K08989	3436
K08990	4012
K08991	0
K08992	7752
K08993	2902
K08994	5365
K08995	4850
K08996	1290
K08997	8200
K08998	7380
K08999	1992
K09000	199
K09001	9412
K09002	286
K09003	1190
K09004	2288
K09005	4893
K09006	76
K09007	3791
K09008	4071
K09009	193
K09010	20
K09011	951
K09012	2641
K09013	6648
K09014	6542
K09015	6511
K09016	2273
K09017	8590
K09018	1805
K09019	2556
K09020	5383
K09021	1714
K09022	11097
K09023	1587
K09024	3439
K09025	0
K09026	0
K09027	42
K09028	1
K09029	0
K09030	1
K09031	0
K09032	1
K09033	0
K09034	3
K09035	0
K09036	0
K09037	2
K09038	6
K09039	0
K09040	0
K09041	0
K09042	0
K09043	5
K09044	0
K09045	0
K09047	0
K09048	2
K09049	0
K09051	0
K09052	0
K09053	0
K09054	0
K09055	0
K09056	0
K09057	5
K09058	0
K09059	0
K09060	27
K09061	1
K09062	0
K09063	0
K09064	0
K09065	834
K09066	0
K09067	0
K09068	0
K09069	0
K09070	0
K09071	0
K09072	0
K09073	0
K09074	0
K09075	0
K09076	0
K09077	0
K09078	0
K09079	0
K09080	0
K09081	0
K09082	0
K09083	0
K09084	0
K09085	0
K09086	0
K09087	8
K09088	0
K09089	0
K09090	0
K09091	0
K09092	0
K09093	0
K09094	0
K09095	0
K09096	0
K09097	3
K09098	0
K09099	0
K09100	0
K09101	0
K09102	0
K09103	3
K09104	1
K09105	0
K09106	12
K09107	0
K09108	4
K09109	0
K09110	0
K09111	0
K09112	0
K09113	0
K09114	0
K09115	0
K09116	232
K09117	7807
K09118	269
K09119	1
K09120	58
K09121	497
K09122	999
K09123	1108
K09124	532
K09125	7859
K09126	16
K09127	183
K09128	215
K09129	476
K09130	11
K09131	4756
K09132	452
K09133	119
K09134	1
K09135	0
K09136	4054
K09137	1578
K09138	461
K09139	11
K09140	2
K09141	501
K09142	0
K09143	354
K09144	3546
K09145	9
K09146	1
K09147	486
K09148	0
K09149	52
K09150	35
K09152	0
K09153	102
K09154	432
K09155	1152
K09156	0
K09157	668
K09158	7591
K09159	8431
K09160	6470
K09161	1925
K09162	353
K09163	126
K09164	1381
K09165	3781
K09166	1025
K09167	1075
K09168	0
K09169	0
K09170	0
K09171	0
K09172	0
K09173	0
K09174	1
K09175	0
K09176	0
K09177	0
K09178	0
K09179	0
K09180	0
K09181	5598
K09182	0
K09183	0
K09184	0
K09185	0
K09186	1
K09187	0
K09188	2
K09189	0
K09190	883
K09191	17
K09192	0
K09193	0
K09194	0
K09195	0
K09196	0
K09197	0
K09198	0
K09199	0
K09200	0
K09201	0
K09202	0
K09203	0
K09204	0
K09205	0
K09206	0
K09207	0
K09208	0
K09209	0
K09210	0
K09211	0
K09213	0
K09214	8
K09215	0
K09216	1
K09217	0
K09219	0
K09220	1
K09221	0
K09222	0
K09223	1
K09224	0
K09225	1
K09226	0
K09227	0
K09228	2
K09229	1
K09230	8
K09231	2
K09232	0
K09233	0
K09234	0
K09235	0
K09236	0
K09237	0
K09238	0
K09239	0
K09240	1
K09241	0
K09242	0
K09243	0
K09244	0
K09245	1
K09246	0
K09247	0
K09248	0
K09249	0
K09250	26
K09251	1732
K09252	1321
K09253	0
K09254	0
K09256	18
K09257	228
K09258	28
K09260	0
K09261	0
K09262	0
K09264	0
K09265	0
K09266	0
K09267	0
K09268	0
K09269	0
K09270	0
K09271	0
K09272	0
K09273	0
K09274	0
K09275	0
K09276	30
K09277	11
K09278	0
K09279	0
K09280	0
K09281	0
K09282	1
K09283	5
K09284	112
K09285	11
K09286	53
K09287	22
K09288	5
K09289	0
K09290	2
K09291	310
K09292	0
K09293	0
K09294	0
K09295	0
K09296	0
K09297	0
K09298	0
K09299	0
K09300	0
K09301	0
K09302	0
K09304	0
K09305	0
K09306	0
K09307	0
K09308	0
K09309	0
K09310	0
K09312	0
K09313	11
K09314	0
K09315	0
K09317	0
K09318	0
K09319	0
K09320	0
K09321	0
K09322	0
K09323	0
K09324	0
K09325	0
K09326	0
K09327	0
K09328	0
K09329	0
K09330	0
K09331	0
K09332	0
K09333	0
K09334	0
K09335	0
K09336	0
K09337	0
K09338	0
K09339	0
K09340	0
K09341	0
K09342	0
K09343	0
K09344	0
K09345	0
K09346	0
K09347	0
K09348	0
K09349	0
K09350	0
K09351	0
K09352	0
K09353	0
K09354	0
K09355	0
K09356	0
K09357	0
K09358	0
K09359	0
K09360	0
K09361	0
K09362	0
K09363	0
K09364	0
K09365	0
K09366	0
K09367	0
K09368	0
K09370	0
K09371	0
K09372	0
K09373	0
K09374	0
K09375	0
K09377	0
K09378	0
K09379	0
K09380	0
K09381	0
K09382	0
K09383	0
K09384	1187
K09385	0
K09386	2489
K09387	0
K09388	455
K09389	0
K09390	0
K09391	0
K09392	0
K09393	0
K09395	0
K09396	0
K09397	0
K09398	0
K09399	0
K09400	0
K09401	0
K09402	0
K09403	0
K09404	0
K09405	0
K09406	0
K09407	0
K09408	0
K09409	0
K09410	0
K09411	0
K09412	0
K09413	0
K09414	0
K09415	0
K09416	0
K09417	0
K09419	8
K09420	11
K09421	0
K09422	2
K09423	0
K09424	0
K09425	0
K09426	0
K09427	0
K09428	0
K09429	1
K09430	0
K09431	0
K09432	0
K09433	0
K09434	0
K09435	0
K09436	0
K09437	0
K09438	0
K09439	0
K09440	0
K09441	0
K09442	0
K09443	0
K09444	0
K09445	0
K09446	0
K09447	0
K09448	0
K09451	0
K09452	0
K09453	4
K09454	33
K09455	0
K09456	5273
K09457	3652
K09458	11215
K09459	758
K09460	2
K09461	5928
K09462	0
K09463	1
K09464	0
K09465	1
K09466	1
K09467	3
K09468	0
K09469	12
K09470	4931
K09471	7336
K09472	1982
K09473	905
K09474	2880
K09475	1161
K09476	2227
K09477	508
K09478	60
K09479	3
K09480	8
K09481	0
K09482	23
K09483	386
K09484	0
K09485	0
K09486	0
K09487	54
K09488	60
K09489	1
K09490	37
K09491	2
K09492	0
K09493	0
K09494	0
K09495	0
K09496	0
K09497	0
K09498	0
K09499	3
K09500	1
K09501	0
K09502	42
K09503	133
K09504	64
K09505	0
K09506	22
K09507	1
K09508	0
K09509	0
K09510	77
K09511	137
K09512	589
K09513	0
K09514	17
K09515	77
K09516	1247
K09517	23
K09518	47
K09519	1
K09520	3
K09521	13
K09522	2
K09523	587
K09524	42
K09525	26
K09526	0
K09527	488
K09528	14
K09529	75
K09530	7
K09531	250
K09532	0
K09533	969
K09534	8
K09535	0
K09536	20
K09537	46
K09538	1
K09539	1286
K09540	44
K09541	1
K09542	2
K09543	0
K09544	0
K09545	0
K09546	0
K09547	0
K09548	1
K09549	0
K09550	0
K09551	0
K09552	4
K09553	156
K09554	0
K09555	0
K09556	0
K09557	0
K09558	0
K09559	0
K09560	29
K09561	127
K09562	3
K09563	1
K09564	1
K09565	65
K09566	0
K09567	0
K09568	140
K09569	882
K09570	5
K09571	168
K09572	76
K09573	3
K09574	79
K09575	23
K09576	0
K09577	145
K09578	31
K09579	0
K09580	14
K09581	0
K09582	2
K09583	4
K09584	66
K09585	0
K09586	0
K09587	0
K09588	0
K09589	0
K09590	0
K09591	179
K09592	0
K09593	0
K09594	0
K09595	0
K09596	0
K09597	5
K09598	0
K09599	3
K09600	0
K09601	1
K09602	16
K09603	6
K09604	0
K09605	0
K09606	5
K09607	921
K09608	48
K09609	0
K09610	0
K09611	4
K09612	1236
K09613	1
K09614	0
K09615	0
K09616	0
K09617	1
K09618	0
K09619	0
K09620	3
K09621	1
K09622	1
K09623	0
K09624	0
K09625	1
K09626	0
K09627	4
K09628	96
K09629	5
K09630	3
K09631	0
K09632	21
K09633	7
K09634	57
K09635	0
K09636	0
K09637	1
K09638	0
K09639	0
K09640	321
K09641	7
K09642	0
K09643	3
K09644	0
K09645	940
K09646	23
K09647	63
K09648	16
K09649	208
K09650	12
K09651	1
K09652	0
K09653	0
K09654	8
K09655	0
K09656	41
K09657	92
K09658	0
K09659	0
K09660	47
K09661	0
K09662	42
K09663	26
K09664	0
K09665	0
K09666	339
K09667	10487
K09668	3
K09669	8
K09670	0
K09671	11
K09672	1
K09673	158
K09674	12
K09675	35
K09676	41
K09677	2
K09678	0
K09679	6
K09680	233
K09681	6124
K09682	2
K09683	24
K09684	789
K09685	13
K09688	2357
K09689	2347
K09690	4925
K09691	4979
K09692	80
K09693	35
K09694	8239
K09695	1286
K09696	1510
K09697	966
K09698	2436
K09699	3875
K09700	557
K09701	4759
K09702	1988
K09703	868
K09704	1187
K09705	3075
K09706	568
K09707	751
K09708	3
K09709	1568
K09710	11163
K09711	76
K09712	2842
K09713	0
K09714	12
K09715	53
K09716	28
K09717	32
K09718	0
K09719	113
K09720	30
K09721	0
K09722	5
K09723	9
K09724	0
K09725	0
K09726	190
K09727	0
K09728	0
K09729	147
K09730	0
K09731	0
K09732	53
K09733	451
K09735	0
K09736	0
K09737	4
K09738	0
K09739	0
K09740	879
K09741	2
K09742	0
K09743	0
K09744	37
K09745	0
K09746	0
K09747	10492
K09748	11138
K09749	1642
K09750	1
K09751	1
K09752	0
K09753	906
K09754	0
K09755	0
K09756	24
K09757	1
K09758	1264
K09759	41
K09760	9965
K09761	11215
K09762	22
K09763	429
K09764	341
K09765	3060
K09766	293
K09767	6720
K09768	7297
K09769	2355
K09770	277
K09771	5257
K09772	20
K09773	7612
K09774	10562
K09775	286
K09776	355
K09777	255
K09778	1798
K09779	548
K09780	8769
K09781	6308
K09782	0
K09783	0
K09784	5
K09785	40
K09786	5401
K09787	43
K09788	4008
K09789	733
K09790	6406
K09791	8121
K09792	4956
K09793	1718
K09794	6712
K09795	1924
K09796	6652
K09797	1946
K09798	5266
K09799	1577
K09800	9986
K09801	6116
K09802	1989
K09803	3060
K09804	492
K09805	702
K09806	7318
K09807	9028
K09808	11307
K09809	935
K09810	11180
K09811	9636
K09812	9435
K09813	1749
K09814	15
K09815	6065
K09816	5942
K09817	5928
K09818	1578
K09819	110
K09820	153
K09821	0
K09822	1036
K09823	7470
K09824	2573
K09825	1258
K09826	1799
K09827	0
K09828	55
K09829	0
K09831	0
K09832	0
K09833	6
K09834	121
K09835	120
K09836	328
K09837	0
K09838	12
K09839	0
K09840	1
K09841	0
K09842	2
K09843	0
K09844	590
K09845	437
K09846	465
K09847	419
K09848	0
K09849	7
K09850	0
K09851	0
K09852	0
K09854	0
K09855	71
K09856	2
K09857	5321
K09858	7065
K09859	2206
K09860	1425
K09861	8003
K09862	7226
K09863	0
K09864	1
K09865	0
K09866	21
K09867	0
K09868	0
K09869	5
K09870	0
K09871	0
K09872	1
K09873	5
K09874	122
K09875	0
K09876	1
K09877	142
K09878	7
K09879	88
K09880	2465
K09881	0
K09882	4504
K09883	3267
K09884	11
K09885	0
K09886	0
K09887	0
K09888	10204
K09889	6337
K09890	3233
K09891	2566
K09892	5296
K09893	2762
K09894	2273
K09895	4787
K09896	1960
K09897	2215
K09898	3673
K09899	2291
K09900	1599
K09901	2058
K09902	4543
K09903	11294
K09904	2230
K09905	2
K09906	3095
K09907	2680
K09908	3766
K09909	2335
K09910	2281
K09911	1874
K09912	3990
K09913	4740
K09914	3835
K09915	4562
K09916	3838
K09917	1808
K09918	2979
K09919	6468
K09920	3792
K09921	6146
K09922	3190
K09923	3477
K09924	5036
K09925	600
K09926	4524
K09927	4607
K09928	5140
K09929	3907
K09930	4662
K09931	1375
K09932	3156
K09933	5229
K09934	677
K09935	1655
K09936	4556
K09937	4279
K09938	2994
K09939	5897
K09940	2706
K09941	2711
K09942	559
K09943	1806
K09944	412
K09945	2960
K09946	4189
K09947	2831
K09948	3644
K09949	2273
K09950	3099
K09951	2428
K09952	2358
K09953	2097
K09954	5377
K09955	1739
K09956	2000
K09957	1609
K09958	4331
K09959	2260
K09960	986
K09961	1262
K09962	2630
K09963	60
K09964	2242
K09965	1807
K09966	1433
K09967	3578
K09968	561
K09969	4601
K09970	4372
K09971	4360
K09972	4373
K09973	5634
K09974	1216
K09975	5058
K09976	4
K09977	3168
K09978	2566
K09979	2051
K09980	1472
K09981	1847
K09982	1323
K09983	3414
K09984	2453
K09985	2292
K09986	4249
K09987	2259
K09988	1420
K09989	4915
K09990	2550
K09991	1775
K09992	3189
K09993	0
K09994	3969
K09995	0
K09996	1143
K09997	1984
K09998	1856
K09999	1845
K10000	1855
K10001	4359
K10002	4086
K10003	4093
K10004	4223
K10005	831
K10006	87
K10007	84
K10008	539
K10009	4241
K10010	191
K10011	2639
K10012	4712
K10013	1531
K10014	2205
K10015	2421
K10016	2434
K10017	2859
K10018	1020
K10019	1092
K10020	1627
K10021	1731
K10022	3847
K10023	2451
K10024	2367
K10025	0
K10026	9817
K10027	2091
K10028	0
K10029	0
K10030	0
K10031	0
K10032	0
K10033	0
K10034	0
K10035	0
K10036	3735
K10037	1937
K10038	4
K10039	2386
K10040	245
K10041	55
K10042	1
K10043	0
K10044	0
K10045	0
K10046	202
K10047	2
K10048	0
K10049	4
K10050	0
K10051	0
K10052	0
K10053	0
K10054	0
K10055	1
K10056	0
K10057	0
K10058	0
K10059	13
K10060	597
K10061	2
K10062	14
K10063	4
K10064	4
K10065	11
K10066	38
K10067	0
K10068	55
K10069	2
K10070	0
K10071	0
K10072	0
K10073	0
K10074	3
K10075	0
K10076	0
K10077	4
K10078	0
K10079	0
K10080	51
K10081	0
K10082	131
K10083	0
K10084	14
K10085	42
K10086	3
K10087	0
K10088	0
K10089	0
K10090	0
K10091	3
K10092	1
K10093	4
K10094	4105
K10095	0
K10096	0
K10097	0
K10098	0
K10099	4
K10100	10
K10101	0
K10102	2
K10103	0
K10104	17
K10105	46
K10106	727
K10107	2421
K10108	1782
K10109	1781
K10110	1785
K10111	4528
K10112	6201
K10117	1957
K10118	1380
K10119	1665
K10120	270
K10121	19
K10122	14
K10123	800
K10124	323
K10125	4814
K10126	4059
K10127	2
K10128	0
K10129	0
K10130	103
K10131	0
K10132	0
K10133	3325
K10134	0
K10135	0
K10136	0
K10137	0
K10138	0
K10139	0
K10140	1
K10141	28
K10142	3
K10143	2
K10144	64
K10145	0
K10146	0
K10147	2
K10148	0
K10149	0
K10150	0
K10151	0
K10152	0
K10153	0
K10154	0
K10155	0
K10156	14
K10157	0
K10158	0
K10159	117
K10160	429
K10161	2
K10162	7
K10163	0
K10164	0
K10165	15
K10166	0
K10167	0
K10168	15
K10169	43
K10170	0
K10171	15
K10172	0
K10173	0
K10174	0
K10175	0
K10176	0
K10177	0
K10178	0
K10179	0
K10180	0
K10181	0
K10182	0
K10183	0
K10184	0
K10185	0
K10186	0
K10187	31
K10188	523
K10189	503
K10190	509
K10191	401
K10192	676
K10193	675
K10194	674
K10195	790
K10196	0
K10197	0
K10198	0
K10199	0
K10200	23
K10201	16
K10202	36
K10203	1
K10205	0
K10206	717
K10207	0
K10208	165
K10209	121
K10210	509
K10211	912
K10212	132
K10213	772
K10214	0
K10215	1683
K10216	663
K10217	1056
K10218	4439
K10219	476
K10220	1019
K10221	2341
K10222	586
K10223	10
K10224	0
K10225	0
K10226	0
K10227	2909
K10228	2814
K10229	2873
K10231	568
K10232	847
K10233	839
K10234	845
K10235	825
K10236	1998
K10237	1468
K10238	1207
K10240	270
K10241	265
K10242	266
K10244	0
K10245	0
K10246	0
K10247	0
K10248	0
K10249	0
K10250	0
K10251	38
K10252	44
K10253	2471
K10254	965
K10255	1931
K10256	0
K10257	5
K10258	0
K10259	5
K10260	233
K10261	4
K10262	9
K10263	4
K10264	0
K10265	1
K10266	0
K10267	0
K10268	615
K10269	5
K10270	102
K10271	21
K10272	0
K10273	73
K10274	0
K10275	10
K10276	1
K10277	1063
K10278	109
K10279	4
K10280	69
K10281	6
K10282	9
K10283	3
K10284	0
K10285	0
K10287	0
K10288	0
K10289	0
K10290	292
K10291	23
K10292	1
K10293	12
K10294	0
K10295	9
K10296	8
K10297	94
K10298	22
K10299	12
K10300	1508
K10301	5122
K10302	112
K10303	0
K10304	0
K10305	0
K10306	39
K10307	0
K10308	3
K10310	0
K10311	0
K10312	4
K10313	0
K10314	0
K10315	1
K10316	4
K10317	7
K10318	0
K10319	0
K10320	0
K10321	6
K10323	1
K10324	34
K10325	292
K10326	0
K10327	11
K10328	0
K10329	7
K10330	51
K10331	12
K10332	24
K10333	1
K10334	5
K10335	10
K10336	6
K10337	10
K10338	0
K10339	0
K10340	1
K10341	2
K10342	0
K10343	1
K10344	0
K10345	0
K10347	0
K10348	72
K10349	61
K10350	7
K10351	1
K10352	474
K10353	0
K10354	0
K10355	8
K10356	0
K10357	0
K10358	0
K10359	0
K10360	3
K10361	0
K10362	0
K10363	2
K10364	0
K10365	0
K10366	0
K10367	0
K10368	0
K10369	0
K10370	3
K10371	0
K10372	0
K10373	6
K10374	6
K10375	3
K10376	8
K10377	8
K10378	0
K10379	0
K10380	94
K10381	6
K10382	11
K10383	2
K10384	1
K10385	0
K10386	2
K10387	0
K10388	0
K10389	0
K10390	0
K10391	0
K10392	1
K10393	0
K10394	6
K10395	1
K10396	18
K10397	0
K10398	1306
K10399	3
K10400	138
K10401	9
K10402	40
K10403	2
K10404	0
K10405	46
K10406	2
K10407	98
K10408	46
K10409	0
K10410	6
K10411	0
K10412	0
K10413	2
K10414	1
K10415	1
K10416	0
K10417	1
K10418	0
K10419	0
K10420	0
K10421	2185
K10422	0
K10423	0
K10424	1
K10425	0
K10426	0
K10427	35
K10428	0
K10429	0
K10430	0
K10431	0
K10432	0
K10433	0
K10434	0
K10435	0
K10436	0
K10437	0
K10438	8
K10439	5942
K10440	5431
K10441	5503
K10442	105
K10443	146
K10444	8
K10445	13
K10446	17
K10447	193
K10448	28
K10449	0
K10450	323
K10451	0
K10452	0
K10453	0
K10454	197
K10455	179
K10456	22
K10457	214
K10458	13
K10459	0
K10460	0
K10461	265
K10462	0
K10463	39
K10464	22
K10465	3
K10466	2
K10467	11
K10468	0
K10469	0
K10470	7
K10471	0
K10472	0
K10473	1
K10474	4
K10475	10
K10476	0
K10477	0
K10478	0
K10479	0
K10480	0
K10481	14
K10482	0
K10483	0
K10484	0
K10485	0
K10486	0
K10487	0
K10488	0
K10489	0
K10490	0
K10491	0
K10492	0
K10493	0
K10494	0
K10495	0
K10496	0
K10497	0
K10498	11
K10499	0
K10500	3
K10501	0
K10502	0
K10503	0
K10504	1
K10505	0
K10506	0
K10507	0
K10508	0
K10509	0
K10510	0
K10511	0
K10512	0
K10513	4
K10514	0
K10515	0
K10516	0
K10517	0
K10518	0
K10519	1
K10520	0
K10521	0
K10522	0
K10523	0
K10524	52
K10525	4
K10526	1
K10527	61
K10528	1
K10529	149
K10530	170
K10531	1685
K10532	2020
K10533	745
K10534	16
K10535	1558
K10536	5476
K10537	2489
K10538	2501
K10539	2442
K10540	1538
K10541	1517
K10542	1520
K10543	3000
K10544	2970
K10545	1211
K10546	1326
K10547	1315
K10548	1324
K10549	585
K10550	178
K10551	178
K10552	1170
K10553	1139
K10554	1173
K10555	711
K10556	698
K10557	697
K10558	694
K10559	1662
K10560	1329
K10561	1296
K10562	1226
K10563	9239
K10564	779
K10565	842
K10566	0
K10567	0
K10568	10
K10569	31
K10570	1
K10571	0
K10572	0
K10573	1
K10574	19
K10575	1
K10576	1
K10577	0
K10578	0
K10579	1
K10580	0
K10581	0
K10582	0
K10583	0
K10584	0
K10585	1
K10586	0
K10587	0
K10588	0
K10589	0
K10590	0
K10591	0
K10592	0
K10593	0
K10594	8
K10595	22
K10596	0
K10597	3
K10598	0
K10599	176
K10600	0
K10601	1
K10602	1
K10603	0
K10604	0
K10605	1
K10606	0
K10607	0
K10608	0
K10609	0
K10610	0
K10611	0
K10612	0
K10613	0
K10614	13
K10615	223
K10616	30
K10617	12
K10618	92
K10619	422
K10620	82
K10621	974
K10622	196
K10623	32
K10624	1
K10625	9
K10626	0
K10627	0
K10628	0
K10629	0
K10630	0
K10631	0
K10632	108
K10633	0
K10634	0
K10635	0
K10636	0
K10637	0
K10638	86
K10639	7
K10640	1
K10641	55
K10642	1
K10643	0
K10644	1
K10645	231
K10646	6
K10647	0
K10648	0
K10649	14
K10650	1
K10651	0
K10652	1
K10653	0
K10654	0
K10655	0
K10656	0
K10657	1
K10658	0
K10659	0
K10660	0
K10661	0
K10662	0
K10663	0
K10664	0
K10665	0
K10666	0
K10667	189
K10668	0
K10669	0
K10670	63
K10671	58
K10672	63
K10673	316
K10674	581
K10675	15
K10676	483
K10677	21
K10678	1450
K10679	4813
K10680	7831
K10681	45
K10682	91
K10683	1
K10684	1
K10685	4
K10686	13
K10687	0
K10688	1
K10689	2
K10691	0
K10692	1
K10693	3
K10694	0
K10695	0
K10696	16
K10697	580
K10698	0
K10699	47
K10700	1
K10701	3
K10702	184
K10703	2
K10704	0
K10705	1
K10706	187
K10707	1
K10708	310
K10709	306
K10710	423
K10711	197
K10712	2
K10713	803
K10714	401
K10715	738
K10716	6738
K10717	0
K10718	568
K10719	1
K10720	1
K10721	0
K10722	1
K10723	2
K10724	1
K10725	273
K10726	0
K10727	1
K10728	0
K10729	0
K10730	1
K10731	0
K10732	0
K10733	0
K10734	0
K10735	0
K10736	0
K10737	0
K10738	0
K10739	8
K10740	0
K10741	1
K10742	4227
K10743	5
K10744	0
K10745	0
K10746	0
K10747	1638
K10748	1776
K10749	0
K10750	56
K10751	0
K10752	1
K10753	0
K10754	81
K10755	2
K10756	2
K10757	0
K10758	1
K10759	5
K10760	4
K10761	226
K10762	1112
K10763	8257
K10764	6009
K10765	0
K10766	0
K10767	0
K10768	40
K10769	0
K10770	404
K10771	17
K10772	2
K10773	11287
K10774	75
K10775	16
K10776	0
K10777	21
K10778	7387
K10779	0
K10780	546
K10781	101
K10782	940
K10784	2
K10785	3
K10786	0
K10787	0
K10788	42
K10789	17
K10790	0
K10791	2
K10793	1
K10794	276
K10795	0
K10796	0
K10797	890
K10798	138
K10799	17
K10800	119
K10801	0
K10802	1
K10803	0
K10804	10046
K10805	6168
K10806	8865
K10807	4000
K10808	754
K10809	0
K10810	1134
K10811	91
K10812	0
K10814	418
K10815	435
K10816	422
K10817	7
K10819	623
K10820	2368
K10822	72
K10823	2742
K10824	656
K10829	2912
K10830	3
K10831	3520
K10834	5529
K10837	72
K10838	3
K10839	0
K10840	0
K10841	571
K10842	5
K10843	444
K10844	2306
K10845	0
K10846	0
K10847	0
K10848	148
K10849	1
K10850	55
K10851	2
K10852	0
K10854	332
K10855	335
K10856	386
K10857	2169
K10858	17
K10859	2867
K10860	887
K10861	0
K10862	10
K10863	0
K10864	24
K10865	0
K10866	778
K10867	27
K10868	0
K10869	0
K10870	1
K10871	0
K10872	0
K10873	36
K10874	0
K10875	86
K10876	0
K10877	20
K10878	16
K10879	0
K10880	0
K10881	0
K10882	1
K10883	0
K10884	5
K10885	0
K10886	0
K10887	0
K10888	0
K10889	0
K10890	0
K10891	2
K10892	0
K10893	0
K10894	8
K10895	0
K10896	1
K10897	0
K10898	2
K10899	8
K10900	631
K10901	24
K10902	0
K10903	0
K10905	2
K10906	928
K10907	1807
K10908	84
K10909	473
K10910	369
K10911	491
K10912	944
K10913	473
K10914	8376
K10915	517
K10916	762
K10917	1310
K10918	1191
K10919	4
K10920	24
K10921	1398
K10922	330
K10923	4
K10924	1048
K10925	798
K10926	1168
K10927	1082
K10928	79
K10929	4
K10930	87
K10931	70
K10932	74
K10933	69
K10934	801
K10935	4
K10936	154
K10937	862
K10938	506
K10939	616
K10940	274
K10941	2739
K10942	2340
K10943	3603
K10944	134
K10945	134
K10946	139
K10947	6758
K10948	247
K10949	1
K10950	0
K10951	117
K10952	119
K10953	315
K10954	1319
K10955	88
K10956	0
K10957	1
K10958	0
K10959	2
K10960	456
K10961	73
K10962	377
K10963	4
K10964	4
K10965	132
K10966	5
K10967	3
K10968	0
K10969	1
K10970	0
K10971	0
K10972	3647
K10973	132
K10974	4006
K10975	118
K10976	0
K10977	23
K10978	192
K10979	4103
K10980	0
K10981	3
K10982	0
K10983	0
K10984	208
K10985	190
K10986	182
K10988	0
K10989	2
K10990	0
K10991	0
K10992	5
K10993	0
K10994	0
K10995	0
K10996	0
K10997	0
K10998	0
K10999	0
K11000	0
K11001	10
K11002	0
K11003	2423
K11004	2453
K11005	1951
K11006	19
K11007	100
K11008	370
K11009	92
K11010	5
K11011	0
K11012	0
K11013	384
K11014	397
K11015	239
K11016	1261
K11017	837
K11018	642
K11019	2
K11020	76
K11021	4216
K11022	3359
K11023	383
K11024	5
K11025	26
K11026	10
K11027	10
K11028	116
K11029	1
K11030	112
K11031	380
K11032	12
K11033	4
K11034	298
K11035	1
K11036	0
K11037	4
K11038	25
K11039	0
K11040	1
K11041	727
K11042	0
K11043	0
K11044	69
K11045	0
K11046	1
K11047	0
K11048	0
K11049	63
K11050	78
K11051	7
K11052	2
K11053	0
K11054	36
K11055	17
K11056	18
K11057	1
K11058	1
K11059	0
K11060	250
K11061	2
K11062	2205
K11063	80
K11064	0
K11065	6119
K11066	6507
K11067	0
K11068	7243
K11069	4238
K11070	4524
K11071	4795
K11072	3746
K11073	5434
K11074	5346
K11075	5329
K11076	5296
K11077	3240
K11078	1070
K11079	1482
K11080	101
K11081	660
K11082	668
K11083	663
K11084	665
K11085	11154
K11086	0
K11087	0
K11088	0
K11089	2024
K11090	0
K11091	0
K11092	0
K11093	0
K11094	0
K11095	0
K11096	0
K11097	0
K11098	0
K11099	0
K11100	0
K11101	0
K11102	4668
K11103	6608
K11104	418
K11105	6370
K11106	993
K11107	2638
K11108	0
K11109	1
K11110	0
K11111	0
K11112	0
K11113	0
K11114	0
K11115	0
K11116	0
K11117	0
K11118	0
K11119	0
K11120	0
K11121	5
K11122	3
K11123	0
K11124	1
K11125	0
K11126	12
K11127	1409
K11128	0
K11129	0
K11130	0
K11131	0
K11132	0
K11133	0
K11134	0
K11135	1
K11136	0
K11137	1
K11138	0
K11139	14
K11140	81
K11141	33
K11142	11
K11143	0
K11144	190
K11145	6
K11146	2
K11147	510
K11148	0
K11149	0
K11150	1614
K11151	0
K11152	4
K11153	3685
K11154	3
K11155	19
K11156	0
K11157	0
K11158	1
K11159	24
K11160	0
K11161	236
K11162	313
K11163	856
K11164	2
K11165	176
K11166	1942
K11167	0
K11168	45
K11169	6
K11170	8
K11171	0
K11172	0
K11173	31
K11175	10875
K11176	58
K11177	3473
K11178	3479
K11179	4209
K11180	175
K11181	175
K11182	0
K11183	1900
K11184	42
K11185	0
K11186	0
K11187	3
K11188	33
K11192	745
K11194	3
K11195	10
K11196	17
K11200	364
K11201	116
K11202	551
K11203	775
K11204	0
K11205	1
K11206	8221
K11207	1
K11208	5557
K11209	7901
K11210	209
K11211	3669
K11212	2246
K11213	0
K11214	23
K11215	0
K11216	905
K11217	1
K11218	0
K11219	0
K11220	0
K11221	0
K11222	0
K11223	0
K11224	0
K11225	0
K11226	0
K11227	0
K11228	7
K11229	0
K11230	1
K11231	15
K11232	7
K11233	0
K11234	0
K11235	0
K11236	3
K11237	0
K11238	7
K11239	0
K11240	1
K11241	0
K11242	0
K11243	1
K11244	19
K11245	8
K11246	6
K11247	0
K11248	0
K11249	5710
K11250	2729
K11251	11
K11252	3
K11253	11
K11254	7
K11255	0
K11256	0
K11257	0
K11258	2654
K11259	19
K11260	410
K11261	207
K11262	9
K11263	998
K11264	452
K11265	951
K11266	3
K11267	5
K11268	10
K11269	6
K11270	0
K11271	0
K11272	3
K11273	2
K11274	251
K11275	14
K11276	0
K11277	0
K11278	0
K11279	0
K11280	0
K11281	0
K11282	0
K11283	0
K11284	1
K11285	0
K11286	0
K11287	0
K11288	0
K11289	0
K11290	0
K11291	0
K11292	0
K11293	0
K11294	23
K11295	0
K11296	0
K11297	0
K11298	0
K11299	0
K11300	0
K11301	0
K11302	0
K11303	0
K11304	1
K11305	0
K11306	0
K11307	0
K11308	0
K11309	0
K11310	0
K11311	579
K11312	1760
K11313	0
K11314	0
K11315	0
K11316	0
K11317	0
K11318	0
K11319	0
K11320	0
K11321	0
K11322	0
K11323	86
K11324	0
K11325	948
K11326	61
K11327	0
K11328	1
K11329	160
K11330	1
K11331	233
K11332	22
K11333	440
K11334	440
K11335	440
K11336	439
K11337	688
K11338	0
K11339	3
K11340	0
K11341	8
K11342	0
K11343	0
K11344	0
K11345	0
K11346	0
K11347	0
K11348	0
K11349	0
K11350	0
K11351	0
K11352	2185
K11353	0
K11354	4925
K11355	3744
K11356	474
K11357	1960
K11358	168
K11359	0
K11360	0
K11361	3
K11362	0
K11363	0
K11364	0
K11365	1
K11366	9
K11367	1
K11368	1
K11369	112
K11370	0
K11371	0
K11372	11
K11373	3
K11374	0
K11375	0
K11376	0
K11377	0
K11378	0
K11379	0
K11380	0
K11381	2589
K11382	320
K11383	4443
K11384	1276
K11385	0
K11386	1
K11387	1
K11389	16
K11390	1
K11391	3148
K11392	2438
K11393	0
K11394	0
K11395	0
K11396	0
K11397	0
K11398	0
K11399	0
K11400	0
K11401	0
K11402	0
K11403	4
K11404	0
K11405	6
K11406	30
K11407	4394
K11408	2
K11409	0
K11410	107
K11411	0
K11412	0
K11413	0
K11414	2205
K11415	3
K11416	17
K11417	0
K11418	2338
K11419	1
K11420	6
K11421	5
K11422	0
K11423	0
K11424	1
K11425	0
K11426	4
K11427	159
K11428	2
K11429	2
K11430	8
K11431	1064
K11432	0
K11433	0
K11434	179
K11435	7
K11436	0
K11437	13
K11438	5
K11439	1
K11440	43
K11441	2427
K11442	2
K11443	3135
K11444	3213
K11445	0
K11446	4
K11447	0
K11448	0
K11449	0
K11450	7
K11451	0
K11452	0
K11453	1
K11454	0
K11455	0
K11456	0
K11457	0
K11458	0
K11459	0
K11460	0
K11461	0
K11462	0
K11463	0
K11464	0
K11465	0
K11466	0
K11467	0
K11468	0
K11469	0
K11470	0
K11471	0
K11472	4930
K11473	4950
K11474	1075
K11475	3090
K11476	1274
K11477	6428
K11478	0
K11479	0
K11480	1
K11481	3
K11482	0
K11483	0
K11484	12
K11485	1
K11486	0
K11487	0
K11488	0
K11489	0
K11490	0
K11491	3
K11492	0
K11493	882
K11494	299
K11495	0
K11496	1
K11497	3
K11498	8
K11499	308
K11500	0
K11501	0
K11502	4
K11503	1
K11504	0
K11505	0
K11506	0
K11507	2
K11508	0
K11509	13
K11510	0
K11511	0
K11512	0
K11513	2
K11514	0
K11515	0
K11516	0
K11517	73
K11518	0
K11519	0
K11520	11
K11521	203
K11522	56
K11523	236
K11524	10
K11525	352
K11526	163
K11527	3932
K11528	193
K11529	3950
K11530	8169
K11531	1019
K11532	1970
K11533	1891
K11534	2101
K11535	1492
K11536	4
K11537	2925
K11538	3355
K11539	7
K11540	520
K11541	1
K11542	0
K11543	4
K11544	2
K11545	0
K11546	3
K11547	243
K11548	58
K11549	7
K11550	9
K11551	0
K11552	0
K11553	0
K11554	0
K11555	0
K11556	0
K11557	4
K11558	51
K11559	0
K11560	0
K11561	0
K11562	6
K11563	9
K11564	0
K11565	0
K11566	0
K11567	0
K11568	0
K11569	1
K11570	0
K11571	0
K11572	0
K11573	0
K11574	0
K11575	0
K11576	0
K11577	0
K11578	1
K11579	0
K11580	0
K11581	0
K11582	0
K11583	0
K11584	0
K11585	1
K11586	0
K11587	2
K11588	1
K11589	0
K11590	0
K11591	0
K11592	10
K11593	2
K11594	0
K11595	0
K11597	0
K11598	0
K11599	0
K11600	0
K11601	3
K11602	15
K11603	3
K11604	2073
K11605	2074
K11606	2073
K11607	2075
K11608	13
K11609	3
K11610	25
K11611	33
K11614	122
K11615	99
K11616	1591
K11617	414
K11618	3296
K11619	13
K11620	34
K11621	1704
K11622	886
K11623	227
K11624	209
K11625	6
K11626	956
K11627	1
K11628	36
K11629	1
K11630	0
K11631	10
K11632	289
K11633	2
K11634	6
K11635	24
K11636	63
K11637	10
K11638	43
K11639	54
K11640	2
K11641	35
K11642	0
K11643	0
K11644	0
K11645	2517
K11646	99
K11647	0
K11648	0
K11649	0
K11650	0
K11651	0
K11652	0
K11653	0
K11654	2846
K11655	0
K11656	0
K11657	3
K11658	1
K11659	0
K11660	0
K11661	8
K11662	0
K11663	2
K11664	0
K11665	1
K11666	0
K11667	0
K11668	0
K11669	0
K11670	0
K11671	0
K11672	0
K11673	0
K11674	0
K11675	0
K11676	3
K11677	0
K11678	0
K11679	0
K11680	1
K11682	0
K11683	0
K11684	0
K11685	2259
K11686	43
K11687	1926
K11688	2282
K11689	4184
K11690	6649
K11691	13
K11692	64
K11693	6
K11694	1
K11695	1
K11696	1
K11697	0
K11698	0
K11699	1
K11700	0
K11701	162
K11702	0
K11703	86
K11704	0
K11705	0
K11706	1
K11707	625
K11708	623
K11709	626
K11710	645
K11711	2643
K11712	543
K11713	12
K11714	68
K11715	0
K11716	0
K11717	9063
K11718	0
K11719	10510
K11720	11215
K11721	0
K11722	0
K11723	0
K11724	0
K11725	425
K11726	0
K11727	9
K11728	1
K11729	3161
K11730	3664
K11731	1817
K11732	588
K11733	2516
K11734	3709
K11735	2293
K11736	1125
K11737	2548
K11738	1566
K11739	1257
K11740	1567
K11741	7281
K11742	1921
K11743	2022
K11744	6280
K11745	1500
K11746	1617
K11747	6751
K11748	3207
K11749	11270
K11750	2202
K11751	5036
K11752	11176
K11753	11229
K11754	11205
K11755	4860
K11756	0
K11757	0
K11758	0
K11759	0
K11760	0
K11761	0
K11762	0
K11763	0
K11764	0
K11765	0
K11766	0
K11767	0
K11768	0
K11769	0
K11770	0
K11771	0
K11772	0
K11773	0
K11774	0
K11775	0
K11776	0
K11777	34
K11778	0
K11779	234
K11780	0
K11781	11
K11782	1056
K11783	569
K11784	1064
K11785	1014
K11786	1
K11787	37
K11788	857
K11789	0
K11790	1
K11791	0
K11792	0
K11793	39
K11794	0
K11795	0
K11796	0
K11797	5
K11798	4
K11799	0
K11800	0
K11801	0
K11802	0
K11803	0
K11804	0
K11805	0
K11806	0
K11807	4
K11808	120
K11809	0
K11810	84
K11811	4105
K11812	0
K11813	0
K11814	15
K11815	22
K11816	246
K11817	0
K11818	0
K11819	0
K11820	0
K11821	0
K11822	5
K11823	0
K11824	0
K11825	1
K11826	0
K11827	0
K11828	0
K11829	0
K11830	0
K11831	0
K11832	0
K11833	4
K11834	8
K11835	1
K11836	3
K11837	0
K11838	2
K11839	2
K11840	0
K11841	11
K11842	1
K11843	1
K11844	545
K11845	6
K11846	0
K11847	0
K11848	2
K11849	3
K11850	4
K11851	2
K11852	0
K11853	0
K11854	4
K11855	24
K11856	0
K11857	0
K11858	1
K11859	0
K11860	0
K11861	0
K11862	0
K11863	1
K11864	0
K11865	0
K11866	0
K11867	0
K11868	1
K11869	0
K11870	0
K11871	0
K11872	3
K11873	1
K11874	0
K11875	0
K11876	0
K11877	0
K11878	0
K11879	0
K11880	0
K11881	0
K11882	0
K11883	0
K11884	0
K11885	60
K11886	0
K11887	4
K11888	0
K11889	94
K11890	3159
K11891	5122
K11892	5182
K11893	5413
K11894	2844
K11895	5273
K11896	5051
K11897	3487
K11898	1506
K11899	477
K11900	5087
K11901	5092
K11902	3724
K11903	5203
K11904	6251
K11905	2873
K11906	4250
K11907	4824
K11908	496
K11909	1847
K11910	2719
K11911	1335
K11912	1207
K11913	1503
K11914	773
K11915	1993
K11916	1459
K11917	1625
K11918	446
K11919	267
K11920	249
K11921	6273
K11922	689
K11923	7
K11924	2191
K11925	1759
K11926	1690
K11927	10196
K11928	5199
K11929	1228
K11930	939
K11931	2762
K11932	1325
K11933	1657
K11934	2697
K11935	2519
K11936	7936
K11937	1710
K11938	2695
K11939	4747
K11940	3290
K11941	2485
K11942	1652
K11943	91
K11944	48
K11945	372
K11946	0
K11947	40
K11948	667
K11949	11
K11950	16
K11951	2
K11952	3
K11953	16
K11954	383
K11955	50
K11956	307
K11957	5
K11958	11
K11959	5388
K11960	5216
K11961	5212
K11962	5202
K11963	5271
K11964	0
K11967	0
K11968	0
K11969	0
K11970	0
K11971	0
K11972	2
K11973	0
K11974	0
K11975	0
K11976	0
K11977	0
K11978	0
K11979	0
K11980	0
K11981	2
K11982	0
K11983	0
K11984	0
K11985	53
K11986	0
K11987	66
K11988	6
K11989	69
K11990	255
K11991	10746
K11992	0
K11993	36
K11994	38
K11995	580
K11996	515
K11997	1804
K11998	0
K11999	0
K12000	1
K12001	0
K12002	3
K12003	0
K12004	3
K12005	0
K12006	1
K12007	0
K12008	0
K12009	1
K12010	0
K12011	0
K12012	0
K12013	8
K12014	0
K12015	2
K12016	0
K12017	0
K12018	0
K12019	0
K12020	0
K12021	6
K12022	0
K12023	0
K12024	4
K12025	0
K12026	100
K12027	0
K12028	1
K12029	0
K12030	0
K12031	0
K12032	2
K12033	0
K12034	0
K12035	1842
K12036	0
K12037	0
K12038	0
K12039	0
K12040	0
K12041	0
K12042	13
K12043	1
K12044	2
K12045	0
K12046	2
K12047	7
K12048	115
K12049	247
K12050	118
K12051	54
K12052	410
K12053	128
K12054	614
K12055	1068
K12056	1162
K12057	1120
K12058	1083
K12059	835
K12060	1144
K12061	1063
K12062	2482
K12063	3388
K12064	1066
K12065	1764
K12066	1570
K12067	1102
K12068	1063
K12069	621
K12070	1745
K12071	1856
K12072	1099
K12073	82
K12074	0
K12075	1
K12076	11
K12077	0
K12078	41
K12079	24
K12080	44
K12081	25
K12082	10
K12083	16
K12084	105
K12085	10
K12086	26
K12087	14
K12088	24
K12089	39
K12090	25
K12091	24
K12092	28
K12093	24
K12094	23
K12095	23
K12096	23
K12097	94
K12098	23
K12099	23
K12100	21
K12101	23
K12102	23
K12103	23
K12104	23
K12105	23
K12106	23
K12107	23
K12108	24
K12109	46
K12110	26
K12111	2806
K12112	553
K12113	745
K12114	0
K12115	1
K12116	1
K12117	0
K12118	79
K12119	40
K12120	3
K12121	0
K12122	0
K12123	7
K12124	0
K12125	0
K12126	0
K12127	0
K12128	0
K12129	0
K12130	0
K12131	0
K12132	5332
K12133	0
K12134	0
K12135	0
K12136	662
K12137	1849
K12138	1275
K12139	435
K12140	1264
K12141	1284
K12142	1252
K12143	2333
K12144	602
K12145	507
K12146	685
K12147	929
K12148	1335
K12149	1459
K12150	0
K12151	1290
K12152	5700
K12153	0
K12154	0
K12155	0
K12156	0
K12157	0
K12158	1
K12159	0
K12160	0
K12161	0
K12162	0
K12163	0
K12164	15
K12165	0
K12166	34
K12167	0
K12168	0
K12169	1
K12170	0
K12171	0
K12172	10
K12173	0
K12174	0
K12175	0
K12176	0
K12177	0
K12178	0
K12179	0
K12180	0
K12181	0
K12182	1
K12183	33
K12184	0
K12185	1
K12186	0
K12187	0
K12188	6
K12189	0
K12190	0
K12191	1
K12192	0
K12193	3
K12194	0
K12195	0
K12196	523
K12197	0
K12198	0
K12199	0
K12200	0
K12201	0
K12202	722
K12203	586
K12204	548
K12205	552
K12206	542
K12207	320
K12208	182
K12209	544
K12210	101
K12211	578
K12212	2106
K12213	543
K12214	534
K12215	101
K12216	108
K12217	742
K12218	518
K12219	107
K12220	5
K12221	108
K12222	442
K12223	153
K12224	171
K12225	107
K12226	53
K12227	153
K12228	191
K12229	0
K12230	0
K12231	9
K12232	0
K12233	0
K12234	250
K12235	635
K12236	0
K12237	367
K12238	165
K12239	263
K12240	632
K12241	261
K12242	2369
K12243	3809
K12244	253
K12245	29
K12246	31
K12247	127
K12248	110
K12249	1
K12250	105
K12251	5651
K12252	1667
K12253	1815
K12254	3039
K12255	2614
K12256	4398
K12257	4206
K12258	1
K12259	102
K12260	9
K12261	4
K12262	7806
K12263	3040
K12264	1959
K12265	1207
K12266	3171
K12267	3787
K12268	2
K12269	126
K12270	0
K12271	2
K12272	4
K12273	0
K12274	9
K12275	0
K12276	1153
K12277	411
K12278	1367
K12279	983
K12280	1080
K12281	1234
K12282	2710
K12283	1941
K12284	3716
K12285	1104
K12286	1166
K12287	1086
K12288	1408
K12289	2458
K12290	1241
K12291	813
K12292	1
K12293	0
K12294	0
K12295	4
K12296	1
K12297	4924
K12298	0
K12299	469
K12300	0
K12301	3
K12302	0
K12303	0
K12304	23
K12305	0
K12306	91
K12307	4
K12308	2836
K12309	1038
K12310	0
K12311	1
K12312	0
K12313	0
K12314	1
K12315	1
K12316	36
K12317	0
K12318	2
K12319	1355
K12320	3
K12321	6
K12322	11
K12323	61
K12324	13
K12325	6
K12326	4
K12327	21
K12328	0
K12329	2
K12330	0
K12331	0
K12332	0
K12333	0
K12334	1
K12335	0
K12336	0
K12337	0
K12338	0
K12339	5569
K12340	10036
K12341	1574
K12342	648
K12343	700
K12344	3
K12345	0
K12346	2
K12347	0
K12348	16
K12349	631
K12350	1
K12351	376
K12352	1
K12353	0
K12354	2
K12355	6
K12356	0
K12357	0
K12358	0
K12359	0
K12360	0
K12361	76
K12362	1
K12363	0
K12364	28
K12365	1
K12366	0
K12367	0
K12368	4516
K12369	4668
K12370	4494
K12371	4137
K12372	4141
K12373	4331
K12374	1
K12375	7
K12376	1
K12377	25
K12378	3
K12379	1
K12380	0
K12381	12
K12382	2
K12383	0
K12384	0
K12385	0
K12386	0
K12387	0
K12388	363
K12389	0
K12390	0
K12391	0
K12392	0
K12393	0
K12394	0
K12395	0
K12396	0
K12397	0
K12398	3
K12399	0
K12400	0
K12401	1
K12402	0
K12403	0
K12404	0
K12405	2531
K12406	0
K12407	0
K12408	0
K12409	0
K12410	7917
K12411	0
K12412	0
K12413	0
K12414	0
K12415	0
K12416	0
K12417	761
K12418	1
K12419	0
K12420	39
K12421	34
K12422	0
K12423	0
K12424	38
K12425	0
K12426	515
K12427	1
K12428	14
K12429	9
K12430	72
K12431	234
K12432	0
K12433	32
K12434	230
K12435	93
K12436	6
K12437	86
K12439	10
K12440	57
K12441	51
K12442	22
K12443	344
K12444	450
K12445	1719
K12446	230
K12447	3
K12448	3211
K12449	35
K12450	27
K12451	11
K12452	832
K12453	513
K12454	802
K12455	61
K12456	0
K12457	0
K12458	2
K12459	0
K12460	1158
K12461	0
K12462	2
K12463	0
K12464	0
K12465	0
K12466	24
K12467	0
K12469	26
K12470	2
K12471	0
K12472	350
K12473	0
K12474	0
K12475	0
K12476	2
K12477	0
K12478	332
K12479	0
K12480	4
K12481	0
K12482	12
K12483	169
K12484	1
K12485	1
K12486	0
K12487	7
K12488	0
K12489	19
K12490	0
K12491	0
K12492	0
K12493	0
K12494	0
K12495	0
K12496	0
K12497	0
K12498	0
K12499	0
K12500	4423
K12501	0
K12502	17
K12503	59
K12504	0
K12505	0
K12506	6014
K12507	821
K12508	1895
K12509	67
K12510	4670
K12511	4707
K12512	1076
K12513	3536
K12514	666
K12515	2282
K12516	277
K12517	724
K12518	1452
K12519	1455
K12520	12
K12521	771
K12522	21
K12523	57
K12524	4299
K12525	2008
K12526	521
K12527	450
K12528	522
K12529	262
K12530	369
K12531	349
K12532	433
K12536	3772
K12537	3772
K12538	2459
K12541	4908
K12542	4921
K12543	4787
K12544	181
K12545	503
K12546	65
K12547	332
K12548	3197
K12549	2552
K12550	4
K12551	43
K12552	3
K12553	1
K12554	2
K12555	19
K12556	0
K12557	2
K12558	0
K12559	0
K12560	9
K12561	0
K12562	1
K12563	4
K12564	0
K12565	0
K12566	0
K12567	92
K12568	1
K12569	0
K12570	13
K12571	25
K12572	0
K12573	11033
K12574	3314
K12575	338
K12576	0
K12577	0
K12578	0
K12579	0
K12580	0
K12581	0
K12582	1561
K12583	4658
K12584	19
K12585	0
K12586	0
K12587	0
K12589	0
K12590	0
K12591	1
K12592	0
K12593	0
K12594	0
K12595	1
K12596	0
K12597	10
K12598	0
K12599	3
K12600	688
K12601	0
K12602	411
K12603	0
K12604	823
K12605	0
K12606	0
K12607	10
K12608	1
K12609	0
K12610	0
K12611	0
K12612	0
K12613	1
K12614	0
K12615	3
K12616	6
K12617	0
K12618	0
K12619	0
K12620	0
K12621	0
K12622	0
K12623	0
K12624	0
K12625	0
K12626	0
K12627	0
K12628	8
K12629	19
K12630	9
K12631	8
K12632	541
K12633	66
K12634	0
K12635	0
K12636	6
K12637	0
K12638	0
K12639	0
K12640	0
K12641	13
K12642	0
K12643	0
K12644	0
K12645	4
K12646	2
K12647	5
K12648	0
K12649	2
K12650	0
K12651	0
K12652	0
K12653	0
K12654	0
K12655	0
K12656	0
K12657	11
K12658	3676
K12659	386
K12660	268
K12661	973
K12662	46
K12663	1764
K12664	0
K12665	0
K12666	5
K12667	0
K12668	0
K12669	0
K12670	0
K12671	0
K12672	0
K12673	11
K12674	2
K12675	87
K12676	20
K12677	267
K12678	3237
K12679	165
K12681	1631
K12682	76
K12683	126
K12684	555
K12685	4884
K12686	4125
K12687	1144
K12688	321
K12689	109
K12690	1495
K12691	0
K12692	0
K12693	0
K12694	0
K12695	0
K12696	0
K12697	0
K12698	0
K12699	0
K12700	472
K12701	131
K12702	25
K12703	2
K12704	0
K12705	0
K12706	152
K12707	0
K12708	1035
K12709	18
K12710	846
K12711	20
K12712	66
K12713	111
K12714	104
K12719	21
K12720	0
K12721	0
K12722	8
K12723	1
K12724	4
K12729	0
K12730	0
K12731	0
K12732	0
K12733	4
K12734	0
K12735	0
K12736	118
K12737	0
K12738	0
K12739	0
K12740	0
K12741	3
K12742	3
K12743	92
K12744	9
K12745	5
K12747	0
K12748	80
K12749	0
K12750	0
K12751	3
K12753	0
K12754	1
K12755	1
K12756	0
K12757	0
K12758	2
K12760	0
K12761	0
K12762	0
K12763	0
K12764	0
K12765	0
K12766	0
K12767	0
K12768	50
K12769	0
K12770	0
K12771	0
K12772	0
K12773	2
K12774	0
K12775	0
K12776	20
K12777	0
K12778	0
K12779	0
K12780	0
K12781	0
K12782	0
K12783	0
K12784	16
K12785	20
K12786	14
K12787	17
K12788	16
K12789	10
K12790	32
K12791	2
K12792	0
K12793	0
K12794	0
K12795	140
K12796	246
K12797	0
K12798	0
K12799	0
K12800	47
K12801	0
K12802	0
K12803	0
K12804	2
K12805	552
K12806	0
K12807	1
K12809	1
K12810	122
K12811	0
K12812	0
K12813	47
K12814	0
K12815	0
K12816	2
K12817	1
K12818	14
K12819	0
K12820	2
K12821	0
K12822	1
K12823	2
K12824	0
K12825	0
K12826	0
K12827	0
K12828	0
K12829	0
K12830	0
K12831	0
K12832	0
K12833	0
K12834	0
K12835	0
K12836	0
K12837	0
K12838	0
K12839	2
K12840	0
K12841	0
K12842	1
K12843	0
K12844	0
K12845	0
K12846	0
K12847	0
K12848	0
K12849	0
K12850	0
K12851	0
K12852	0
K12853	0
K12854	2017
K12855	124
K12856	1
K12857	2
K12858	0
K12859	0
K12860	0
K12861	1
K12862	3
K12863	0
K12864	0
K12865	0
K12866	0
K12867	1
K12868	0
K12869	1
K12870	0
K12871	0
K12872	0
K12873	0
K12874	10
K12875	1
K12876	2
K12877	0
K12878	0
K12879	0
K12880	79
K12881	0
K12882	0
K12883	0
K12884	0
K12885	360
K12886	0
K12887	8
K12888	1
K12889	0
K12890	4
K12891	18
K12892	0
K12893	0
K12894	2
K12895	0
K12896	4
K12897	349
K12898	0
K12899	0
K12900	0
K12901	0
K12902	7
K12903	0
K12904	0
K12905	0
K12906	0
K12907	0
K12908	25
K12909	0
K12910	0
K12911	0
K12912	3
K12913	6
K12914	23
K12915	0
K12917	0
K12918	0
K12919	0
K12920	0
K12921	0
K12922	0
K12923	0
K12924	0
K12925	1
K12926	1
K12927	0
K12928	0
K12929	0
K12930	0
K12931	0
K12932	0
K12933	0
K12934	0
K12935	0
K12936	0
K12937	0
K12938	0
K12939	0
K12940	499
K12941	2023
K12942	2469
K12943	3872
K12944	1543
K12945	4056
K12946	0
K12947	0
K12948	0
K12949	3
K12950	669
K12951	0
K12952	408
K12953	2027
K12954	10
K12955	14
K12956	26
K12957	1605
K12958	0
K12959	0
K12960	8036
K12961	4386
K12962	3259
K12963	2560
K12964	0
K12965	24
K12966	0
K12967	0
K12968	0
K12969	0
K12970	0
K12971	1
K12972	6605
K12973	1664
K12974	2708
K12975	1189
K12976	4440
K12977	84
K12978	3474
K12979	2949
K12980	802
K12981	1135
K12982	1718
K12983	32
K12984	6311
K12985	48
K12986	865
K12987	1646
K12988	2552
K12989	1031
K12990	1664
K12991	983
K12992	578
K12993	618
K12994	502
K12995	70
K12996	867
K12997	875
K12998	979
K12999	52
K13000	16
K13001	590
K13002	1308
K13003	11
K13004	226
K13005	703
K13006	807
K13007	3305
K13008	9
K13009	13
K13010	5550
K13011	285
K13012	1415
K13013	77
K13014	2504
K13015	1328
K13016	752
K13017	3680
K13018	3037
K13019	587
K13020	3870
K13021	4159
K13022	15
K13023	731
K13024	0
K13025	0
K13026	1
K13027	0
K13028	649
K13029	0
K13030	0
K13031	0
K13032	0
K13033	3
K13034	5
K13035	71
K13037	164
K13038	11163
K13039	763
K13040	1189
K13041	1071
K13042	0
K13043	1241
K13044	0
K13045	0
K13046	14
K13047	55
K13048	143
K13049	1227
K13050	0
K13051	4379
K13052	1809
K13053	3231
K13054	0
K13055	0
K13056	0
K13057	96
K13058	136
K13059	1243
K13060	310
K13061	1288
K13062	191
K13063	138
K13064	0
K13065	21
K13066	0
K13067	0
K13068	0
K13069	2626
K13070	0
K13071	4
K13072	0
K13073	1
K13074	9
K13075	7028
K13076	0
K13077	0
K13078	0
K13079	1
K13080	0
K13081	0
K13082	11
K13083	0
K13084	3
K13085	107
K13086	176
K13087	0
K13088	27
K13089	1
K13090	0
K13091	71
K13092	0
K13093	0
K13094	1
K13095	0
K13096	0
K13097	0
K13098	0
K13099	0
K13100	1
K13101	0
K13102	0
K13103	7
K13104	0
K13105	0
K13106	0
K13107	0
K13108	4
K13109	0
K13110	0
K13111	2
K13112	0
K13113	0
K13114	0
K13115	0
K13116	0
K13117	0
K13118	0
K13119	0
K13120	0
K13121	0
K13122	44
K13123	0
K13124	2
K13125	0
K13126	19
K13127	0
K13128	0
K13129	0
K13130	0
K13131	0
K13132	0
K13133	5
K13134	0
K13135	0
K13136	0
K13137	51
K13138	0
K13139	0
K13140	0
K13141	18
K13142	0
K13143	0
K13144	0
K13145	0
K13146	0
K13147	0
K13148	0
K13149	0
K13150	0
K13151	0
K13152	0
K13153	0
K13154	0
K13155	2
K13156	0
K13157	0
K13158	0
K13159	0
K13160	0
K13161	8
K13162	0
K13163	16
K13164	0
K13165	1
K13166	0
K13167	0
K13168	0
K13169	2
K13170	1
K13171	6
K13172	7
K13173	0
K13174	0
K13175	0
K13176	0
K13177	5
K13178	0
K13179	0
K13180	0
K13181	2
K13182	0
K13183	0
K13184	0
K13185	3
K13186	73
K13187	2
K13188	0
K13189	0
K13190	0
K13191	0
K13192	0
K13193	0
K13194	0
K13195	2169
K13196	0
K13197	0
K13198	0
K13199	3
K13200	0
K13201	0
K13202	0
K13203	0
K13204	0
K13205	0
K13206	0
K13207	0
K13208	52
K13209	0
K13210	0
K13211	0
K13212	1
K13213	0
K13214	1
K13215	0
K13216	0
K13217	5
K13218	0
K13219	0
K13220	0
K13221	16
K13222	0
K13223	0
K13224	0
K13225	0
K13226	0
K13227	0
K13229	1
K13230	0
K13231	0
K13232	0
K13233	0
K13234	0
K13235	0
K13236	1220
K13237	420
K13238	1285
K13239	756
K13240	6
K13241	4
K13242	1
K13243	643
K13244	44
K13245	97
K13246	1669
K13247	650
K13248	0
K13249	2
K13250	13
K13251	0
K13252	54
K13254	22
K13255	2546
K13256	4087
K13257	1
K13258	0
K13259	0
K13260	0
K13261	0
K13262	0
K13263	0
K13264	0
K13265	0
K13266	338
K13267	0
K13269	0
K13270	0
K13271	0
K13272	0
K13273	0
K13274	1253
K13275	149
K13276	1084
K13277	1130
K13278	3938
K13279	1
K13280	233
K13281	644
K13282	1437
K13283	9178
K13284	56
K13285	477
K13286	344
K13287	401
K13288	6445
K13289	18
K13290	472
K13291	0
K13292	11290
K13293	1
K13294	21
K13295	0
K13296	0
K13297	2
K13298	563
K13299	8
K13300	236
K13301	1272
K13302	1
K13303	4
K13304	0
K13305	0
K13306	45
K13307	855
K13308	100
K13309	0
K13310	547
K13311	189
K13312	3
K13313	98
K13315	222
K13316	0
K13317	91
K13318	23
K13319	3
K13320	11
K13322	0
K13326	27
K13327	67
K13328	57
K13329	9
K13330	16
K13332	0
K13333	48
K13334	0
K13335	0
K13336	5
K13337	0
K13338	104
K13339	259
K13340	0
K13341	0
K13342	22
K13343	2
K13344	4
K13345	0
K13346	5
K13347	9
K13348	15
K13349	0
K13350	0
K13351	0
K13352	0
K13353	0
K13354	8
K13355	2076
K13356	626
K13357	217
K13358	3
K13359	0
K13360	0
K13361	0
K13362	0
K13363	0
K13364	0
K13365	25
K13366	83
K13367	29
K13368	13
K13369	11
K13370	24
K13371	92
K13372	18
K13373	0
K13374	0
K13375	0
K13376	0
K13377	0
K13378	3680
K13379	5
K13380	116
K13381	590
K13382	0
K13383	13
K13384	1231
K13385	0
K13386	0
K13387	0
K13389	0
K13390	0
K13391	0
K13392	0
K13393	0
K13394	0
K13395	0
K13396	4
K13397	0
K13398	0
K13400	0
K13401	0
K13402	0
K13403	4
K13404	0
K13405	0
K13406	0
K13407	0
K13408	2319
K13409	2294
K13411	32
K13412	533
K13413	1
K13414	1
K13415	7
K13416	0
K13417	0
K13418	5
K13419	50
K13420	534
K13421	260
K13422	2
K13423	0
K13424	0
K13425	0
K13426	0
K13427	0
K13428	0
K13429	0
K13430	0
K13431	1
K13432	8
K13433	9
K13434	11
K13435	0
K13436	0
K13437	0
K13438	0
K13439	113
K13440	104
K13441	0
K13442	0
K13443	3
K13444	5936
K13445	0
K13446	0
K13447	1
K13448	2255
K13449	582
K13450	117
K13451	12
K13452	20
K13453	0
K13454	43
K13455	58
K13456	0
K13457	113
K13458	0
K13459	177
K13460	58
K13461	81
K13462	0
K13463	0
K13464	0
K13465	0
K13466	81
K13467	0
K13468	8
K13469	0
K13470	0
K13471	3
K13472	668
K13473	0
K13474	0
K13475	0
K13476	0
K13477	1
K13478	17
K13479	1326
K13480	241
K13481	4413
K13482	4331
K13483	3453
K13484	2
K13485	3420
K13486	2028
K13487	2884
K13488	1857
K13489	1766
K13490	2064
K13491	1806
K13492	0
K13493	0
K13494	0
K13495	0
K13496	10
K13497	2269
K13498	2526
K13499	30
K13500	961
K13501	4
K13502	0
K13503	1023
K13504	0
K13505	0
K13506	0
K13507	104
K13508	0
K13509	3563
K13510	1
K13511	4
K13512	0
K13513	3390
K13514	0
K13515	0
K13516	0
K13517	0
K13519	0
K13520	2
K13521	0
K13522	3754
K13523	153
K13524	2
K13525	2460
K13526	0
K13527	78
K13528	0
K13529	4216
K13530	843
K13531	37
K13532	1563
K13533	3127
K13534	0
K13535	31
K13536	0
K13537	0
K13538	0
K13539	5
K13540	2675
K13541	3889
K13542	1061
K13543	6012
K13544	134
K13545	4
K13546	30
K13547	43
K13548	1
K13549	99
K13550	30
K13551	0
K13552	0
K13553	17
K13554	17
K13555	6
K13556	6
K13557	6
K13558	0
K13559	34
K13560	2
K13561	7
K13562	23
K13563	25
K13564	233
K13565	0
K13566	5144
K13567	0
K13568	0
K13570	11
K13571	15
K13572	4084
K13573	6983
K13574	1521
K13575	0
K13576	0
K13577	0
K13578	0
K13580	1710
K13581	2714
K13582	4600
K13583	2240
K13584	2338
K13585	80
K13586	271
K13587	6039
K13588	2048
K13589	3197
K13590	6509
K13591	367
K13592	1485
K13593	674
K13594	0
K13596	0
K13598	6242
K13599	4441
K13600	12
K13601	7
K13602	48
K13603	2
K13604	1
K13605	2
K13606	81
K13607	49
K13608	0
K13609	2310
K13610	0
K13611	774
K13612	192
K13613	405
K13614	430
K13615	37
K13616	141
K13617	4
K13618	0
K13619	46
K13620	548
K13621	1
K13622	990
K13623	919
K13624	25
K13625	5
K13626	929
K13627	0
K13628	8765
K13629	873
K13630	648
K13631	1879
K13632	776
K13633	7008
K13634	5725
K13635	2674
K13636	1375
K13637	3183
K13638	5788
K13639	4395
K13640	601
K13641	5637
K13642	381
K13643	9024
K13644	0
K13645	19
K13646	70
K13647	50
K13648	0
K13649	0
K13650	980
K13651	960
K13652	4654
K13653	3590
K13654	2881
K13655	1628
K13656	1051
K13657	440
K13658	1121
K13659	274
K13660	525
K13661	141
K13662	405
K13663	4336
K13664	122
K13665	621
K13666	0
K13667	857
K13668	2286
K13669	1451
K13670	220
K13671	747
K13672	2
K13673	0
K13674	0
K13675	0
K13676	19
K13677	10
K13678	54
K13679	1
K13680	757
K13681	1
K13682	0
K13683	1945
K13684	1388
K13686	1
K13687	637
K13688	2255
K13689	156
K13690	8
K13691	0
K13692	0
K13693	1197
K13694	4821
K13695	3925
K13696	0
K13697	0
K13698	33
K13699	5
K13700	634
K13701	81
K13702	2091
K13703	34
K13704	13
K13705	0
K13706	9
K13707	0
K13708	1
K13709	0
K13710	0
K13711	0
K13712	0
K13713	146
K13714	1
K13715	0
K13716	3
K13717	22
K13718	0
K13719	0
K13720	20
K13721	3
K13722	85
K13723	1
K13724	1
K13725	17
K13726	1
K13727	787
K13728	0
K13729	2
K13730	1733
K13731	0
K13732	4
K13733	2
K13734	0
K13735	2874
K13736	0
K13737	0
K13738	0
K13739	37
K13740	27
K13741	68
K13742	0
K13743	0
K13744	0
K13745	2550
K13746	3131
K13747	3217
K13748	48
K13749	0
K13750	0
K13751	0
K13752	0
K13753	2
K13754	5
K13755	1
K13756	0
K13757	0
K13758	0
K13759	0
K13760	0
K13761	0
K13762	110
K13763	149
K13764	0
K13765	0
K13766	6265
K13767	196
K13768	0
K13769	0
K13770	3128
K13771	5598
K13772	685
K13773	0
K13774	1320
K13775	1722
K13776	1029
K13777	1472
K13778	1446
K13779	1057
K13780	7
K13781	0
K13782	0
K13783	0
K13784	1
K13785	3
K13786	865
K13787	1576
K13788	6599
K13789	302
K13790	64
K13791	10
K13792	220
K13793	7
K13794	986
K13795	1528
K13796	1760
K13797	9212
K13798	2
K13799	19
K13800	422
K13801	0
K13802	2
K13803	0
K13804	164
K13805	0
K13806	95
K13807	1
K13808	0
K13809	3
K13810	1864
K13811	1
K13812	0
K13813	0
K13814	3
K13815	1361
K13816	1640
K13818	1461
K13819	1301
K13820	12
K13821	8569
K13822	16
K13823	8
K13824	0
K13825	1
K13826	0
K13827	1
K13828	0
K13829	8094
K13830	8
K13831	76
K13832	972
K13833	1
K13834	87
K13835	2
K13836	0
K13837	10
K13838	0
K13839	0
K13840	0
K13841	0
K13842	0
K13843	0
K13844	0
K13845	0
K13846	0
K13847	0
K13848	0
K13849	6
K13850	0
K13851	2
K13852	1
K13853	5
K13854	5
K13855	0
K13856	0
K13857	0
K13858	0
K13859	0
K13860	0
K13861	0
K13862	0
K13863	3
K13864	0
K13865	4
K13866	12
K13867	0
K13868	29
K13869	2
K13870	0
K13871	0
K13872	0
K13873	337
K13874	3254
K13875	3156
K13876	1929
K13877	4239
K13878	0
K13879	0
K13880	0
K13881	0
K13882	0
K13883	0
K13884	118
K13885	0
K13886	0
K13887	7
K13888	5343
K13889	1907
K13890	77
K13891	2024
K13892	4029
K13893	6202
K13894	6164
K13895	6239
K13896	6741
K13897	3
K13898	0
K13899	183
K13900	0
K13901	0
K13902	7
K13903	0
K13904	0
K13905	0
K13906	0
K13907	129
K13908	2
K13909	0
K13910	0
K13911	1
K13912	0
K13913	0
K13914	1
K13915	3
K13916	1
K13917	0
K13918	2867
K13919	392
K13920	383
K13921	654
K13922	432
K13923	361
K13924	3373
K13925	1267
K13926	3245
K13927	857
K13928	1922
K13929	2874
K13930	2854
K13931	2811
K13932	2783
K13933	2769
K13934	2882
K13935	1882
K13936	6580
K13937	6
K13938	2515
K13939	143
K13940	173
K13941	248
K13942	2
K13943	3
K13944	0
K13945	0
K13946	0
K13947	0
K13948	96
K13949	1
K13950	226
K13951	33
K13952	0
K13953	4722
K13954	3361
K13955	649
K13956	257
K13957	0
K13958	4
K13959	3
K13960	2
K13961	0
K13962	0
K13963	409
K13964	0
K13965	3
K13966	3
K13967	695
K13968	0
K13969	0
K13970	0
K13971	0
K13972	0
K13973	0
K13974	13
K13975	0
K13976	0
K13977	0
K13978	1
K13979	5383
K13980	2
K13981	0
K13982	1
K13983	10
K13984	23
K13985	7267
K13986	5
K13987	2
K13988	1
K13989	0
K13990	222
K13991	1386
K13992	515
K13993	5078
K13994	72
K13995	2053
K13996	13
K13997	164
K13998	3
K13999	15
K14000	16
K14001	0
K14002	49
K14003	28
K14004	2
K14005	0
K14006	0
K14007	4
K14008	0
K14009	9
K14010	0
K14011	0
K14012	0
K14013	0
K14014	0
K14015	0
K14016	0
K14017	0
K14018	245
K14019	0
K14020	7
K14021	1
K14022	0
K14023	15
K14024	3
K14025	0
K14026	413
K14027	0
K14028	191
K14029	189
K14030	0
K14031	0
K14032	0
K14033	0
K14034	0
K14035	0
K14036	0
K14037	0
K14038	0
K14039	0
K14040	0
K14041	0
K14042	0
K14043	0
K14044	0
K14045	0
K14046	0
K14047	0
K14048	393
K14050	2
K14051	1352
K14052	3182
K14053	539
K14054	4844
K14055	7816
K14056	4434
K14057	4104
K14058	8417
K14059	9753
K14060	5512
K14061	2972
K14062	1249
K14063	5402
K14064	856
K14065	44
K14066	0
K14067	580
K14068	0
K14069	3
K14070	0
K14071	0
K14072	0
K14073	15
K14074	0
K14075	10
K14076	0
K14077	0
K14078	0
K14079	0
K14080	84
K14081	3
K14082	156
K14083	785
K14084	179
K14085	1
K14086	73
K14087	73
K14088	74
K14089	76
K14090	151
K14091	1549
K14092	0
K14093	0
K14094	0
K14095	1
K14096	0
K14097	0
K14098	0
K14099	0
K14100	1
K14101	0
K14102	0
K14103	0
K14104	0
K14105	6
K14106	6
K14107	431
K14108	70
K14109	10
K14110	0
K14111	0
K14112	0
K14113	303
K14114	50
K14115	0
K14116	0
K14117	3
K14118	3
K14119	0
K14120	1944
K14121	0
K14122	0
K14123	0
K14124	0
K14125	0
K14126	41
K14127	174
K14128	38
K14129	0
K14130	0
K14131	0
K14132	0
K14133	0
K14134	0
K14135	0
K14136	2454
K14137	0
K14138	26
K14139	0
K14140	0
K14141	0
K14142	0
K14143	0
K14144	0
K14145	0
K14146	0
K14147	0
K14148	0
K14149	0
K14150	0
K14151	0
K14152	35
K14153	4434
K14154	23
K14155	4153
K14156	1
K14157	822
K14158	1
K14159	8770
K14160	4974
K14161	5374
K14162	6010
K14163	2069
K14164	60
K14165	1179
K14166	845
K14167	1208
K14168	1
K14169	0
K14170	7737
K14171	0
K14172	0
K14173	0
K14174	0
K14175	0
K14176	0
K14177	0
K14178	0
K14179	0
K14180	0
K14181	0
K14182	0
K14183	0
K14184	0
K14185	0
K14186	0
K14187	2906
K14188	2550
K14189	4506
K14190	41
K14191	1
K14192	2
K14193	1
K14194	1195
K14195	2
K14196	3
K14197	0
K14198	8
K14199	5
K14200	0
K14201	106
K14202	0
K14203	0
K14204	0
K14205	5158
K14206	28
K14207	0
K14208	6391
K14209	0
K14210	976
K14211	3
K14212	0
K14213	3619
K14214	0
K14215	0
K14216	131
K14217	4
K14242	0
K14244	296
K14245	2
K14246	2
K14249	0
K14250	1208
K14251	18
K14252	824
K14253	766
K14254	12
K14255	10
K14256	811
K14257	375
K14258	3
K14259	3209
K14260	6215
K14261	5176
K14262	17
K14263	91
K14264	1
K14265	0
K14266	1004
K14267	4998
K14268	1763
K14270	0
K14271	0
K14272	0
K14273	1695
K14274	2254
K14275	14
K14281	0
K14282	0
K14283	0
K14284	0
K14285	0
K14286	2511
K14287	5064
K14288	0
K14289	0
K14290	1
K14291	0
K14292	57
K14293	2
K14294	3
K14295	0
K14296	0
K14297	1
K14298	0
K14299	0
K14300	0
K14301	1
K14302	0
K14303	0
K14304	0
K14305	0
K14306	3
K14307	9
K14308	2
K14309	0
K14310	0
K14311	0
K14312	0
K14313	0
K14314	233
K14315	0
K14316	0
K14317	0
K14318	3
K14319	73
K14320	30
K14321	0
K14322	0
K14323	0
K14324	0
K14325	3
K14326	70
K14327	0
K14328	0
K14329	0
K14330	362
K14331	46
K14332	1
K14333	430
K14334	18
K14335	1236
K14336	0
K14337	667
K14338	451
K14339	8
K14340	2425
K14341	0
K14342	91
K14343	0
K14344	0
K14345	0
K14346	1
K14347	5859
K14348	3798
K14349	190
K14350	0
K14351	25
K14352	0
K14353	0
K14354	0
K14355	0
K14356	1
K14357	0
K14358	226
K14359	3
K14360	0
K14361	3
K14362	0
K14363	0
K14364	0
K14365	0
K14366	5
K14367	0
K14368	2
K14369	120
K14370	62
K14371	0
K14372	0
K14373	4
K14374	25
K14375	1
K14376	11
K14377	0
K14378	0
K14379	1399
K14380	0
K14381	0
K14382	1
K14383	4
K14384	0
K14385	0
K14386	281
K14387	18
K14388	367
K14389	5
K14390	0
K14391	341
K14392	3746
K14393	6687
K14394	292
K14395	0
K14396	0
K14397	0
K14398	0
K14399	3
K14400	0
K14401	0
K14402	0
K14403	8
K14404	0
K14405	6
K14406	0
K14407	249
K14408	0
K14409	0
K14410	87
K14411	0
K14412	6
K14413	0
K14414	1723
K14415	3592
K14416	1
K14417	1
K14418	0
K14419	47
K14420	40
K14421	145
K14422	2660
K14423	2
K14424	40
K14425	0
K14426	0
K14427	9
K14428	0
K14429	1
K14430	39
K14431	0
K14432	0
K14433	0
K14434	152
K14435	0
K14436	2
K14437	10
K14438	0
K14439	108
K14440	1282
K14441	9185
K14442	0
K14443	0
K14444	3
K14445	6604
K14446	901
K14447	841
K14448	1024
K14449	1048
K14451	2117
K14452	9
K14453	16
K14454	0
K14455	5
K14456	0
K14457	9
K14458	100
K14459	111
K14460	0
K14461	0
K14462	0
K14463	21
K14464	64
K14465	109
K14466	479
K14467	3
K14468	17
K14469	20
K14470	290
K14471	49
K14472	32
K14473	0
K14474	0
K14475	1608
K14477	4
K14478	0
K14479	4
K14480	57
K14481	708
K14482	13
K14484	0
K14485	0
K14486	1
K14487	2059
K14488	0
K14489	78
K14490	0
K14491	0
K14492	3
K14493	0
K14494	17
K14495	0
K14496	1
K14497	0
K14498	0
K14499	0
K14500	2
K14501	0
K14502	0
K14503	6
K14504	0
K14505	0
K14506	344
K14507	2
K14508	1
K14509	84
K14510	0
K14512	0
K14513	0
K14514	0
K14515	12
K14516	0
K14517	2
K14518	0
K14519	151
K14520	2048
K14521	3
K14522	0
K14523	0
K14524	0
K14525	0
K14526	0
K14527	0
K14528	0
K14529	0
K14530	1
K14531	0
K14532	0
K14533	0
K14534	206
K14535	0
K14536	0
K14537	0
K14538	0
K14539	4
K14540	1862
K14541	23
K14543	0
K14544	4
K14545	0
K14546	19
K14547	0
K14548	44
K14549	3
K14550	1
K14551	6
K14552	12
K14553	25
K14554	39
K14555	62
K14556	125
K14557	1
K14558	10
K14559	0
K14560	0
K14561	0
K14562	0
K14563	0
K14564	0
K14565	0
K14566	0
K14567	0
K14568	0
K14569	2
K14570	0
K14571	244
K14572	214
K14573	5
K14574	0
K14575	1101
K14577	0
K14578	695
K14579	30
K14580	20
K14581	545
K14582	22
K14583	16
K14584	3880
K14585	39
K14586	296
K14587	65
K14588	1757
K14589	13
K14590	0
K14591	1124
K14592	5
K14593	0
K14594	0
K14595	0
K14596	1445
K14597	1401
K14598	360
K14599	0
K14600	8
K14601	0
K14602	1
K14603	1
K14604	7
K14605	4
K14606	0
K14607	1
K14608	6
K14609	0
K14610	0
K14611	2
K14612	0
K14613	1
K14614	2
K14615	0
K14616	61
K14617	0
K14618	5
K14619	0
K14620	0
K14621	0
K14622	0
K14623	1094
K14624	0
K14625	0
K14626	41
K14627	2
K14628	3
K14629	191
K14630	8
K14631	162
K14632	961
K14633	1006
K14634	7
K14635	0
K14636	4
K14637	124
K14638	3
K14639	0
K14640	61
K14641	0
K14642	0
K14643	0
K14644	1
K14645	2599
K14647	927
K14648	30
K14649	0
K14650	1
K14651	1
K14652	9670
K14653	9
K14654	2968
K14655	7
K14656	537
K14657	6810
K14658	354
K14659	403
K14660	1069
K14661	691
K14662	12
K14663	0
K14664	296
K14665	189
K14666	355
K14667	41
K14668	7
K14669	16
K14670	81
K14671	6
K14672	635
K14673	6471
K14674	428
K14675	4
K14676	570
K14677	0
K14678	0
K14679	2
K14680	220
K14681	2287
K14682	5647
K14683	673
K14684	104
K14685	5
K14686	0
K14687	0
K14688	110
K14689	28
K14690	0
K14691	0
K14692	339
K14693	0
K14695	0
K14696	1750
K14697	3
K14698	1487
K14699	1485
K14700	0
K14701	1
K14702	1
K14703	4
K14704	2
K14705	0
K14706	0
K14707	11
K14708	101
K14709	173
K14710	0
K14711	0
K14712	0
K14713	1
K14714	0
K14715	0
K14716	0
K14717	111
K14718	0
K14719	2
K14720	0
K14721	0
K14722	0
K14723	0
K14724	0
K14725	0
K14726	50
K14727	4596
K14728	113
K14729	891
K14730	38
K14731	7176
K14732	1
K14733	737
K14734	1
K14735	65
K14736	3
K14737	0
K14738	0
K14739	0
K14740	0
K14741	0
K14742	11127
K14743	60
K14744	1707
K14745	0
K14746	6
K14747	0
K14748	86
K14749	341
K14750	94
K14751	12
K14752	0
K14753	2
K14754	0
K14755	266
K14756	0
K14757	0
K14758	0
K14759	16
K14760	2
K14761	3810
K14762	1578
K14763	4
K14764	0
K14765	0
K14766	0
K14767	0
K14768	0
K14769	0
K14770	1
K14771	0
K14772	0
K14773	0
K14774	0
K14775	0
K14776	0
K14777	2
K14778	9
K14779	5
K14780	0
K14781	0
K14782	0
K14783	0
K14784	0
K14785	0
K14786	0
K14787	3
K14788	0
K14789	1
K14790	0
K14791	0
K14792	1701
K14793	15
K14794	5
K14795	0
K14796	0
K14797	0
K14798	0
K14799	0
K14800	0
K14801	103
K14802	4
K14803	14
K14804	0
K14805	0
K14806	0
K14807	1
K14808	1
K14809	2
K14810	0
K14811	0
K14812	0
K14813	0
K14814	0
K14815	0
K14816	0
K14817	0
K14818	3
K14819	1875
K14820	0
K14821	0
K14822	0
K14823	0
K14824	0
K14825	0
K14826	388
K14827	4
K14828	0
K14829	13
K14830	7
K14831	0
K14832	0
K14833	0
K14834	0
K14835	2
K14836	2
K14837	243
K14838	2
K14839	0
K14840	0
K14841	0
K14842	0
K14843	0
K14844	0
K14845	0
K14846	0
K14847	0
K14848	0
K14849	0
K14850	1
K14851	0
K14852	0
K14853	0
K14854	0
K14855	27
K14856	0
K14857	0
K14858	0
K14859	1
K14860	0
K14861	4
K14862	0
K14863	10
K14864	0
K14937	5
K14938	39
K14939	2
K14940	814
K14941	234
K14942	0
K14943	0
K14944	0
K14945	0
K14946	0
K14947	0
K14948	0
K14949	24
K14950	0
K14951	0
K14952	1750
K14953	73
K14954	45
K14955	27
K14956	20
K14957	0
K14958	0
K14959	0
K14960	1
K14961	8
K14962	8
K14963	139
K14964	0
K14965	0
K14966	0
K14967	0
K14968	0
K14969	0
K14970	0
K14971	0
K14972	4
K14973	0
K14974	1259
K14975	0
K14976	0
K14977	2489
K14978	326
K14979	1091
K14980	2814
K14981	3043
K14982	443
K14983	654
K14984	0
K14985	14
K14986	5295
K14987	5204
K14988	43
K14989	103
K14990	0
K14991	0
K14992	0
K14993	2
K14994	0
K14995	2
K14996	0
K14997	1
K14998	5646
K14999	3
K15001	30
K15003	24
K15004	4
K15005	7
K15006	0
K15007	4
K15008	0
K15009	16
K15010	99
K15011	5219
K15012	5451
K15013	195
K15014	1
K15015	0
K15016	201
K15017	3
K15018	1
K15019	409
K15020	98
K15022	1035
K15023	489
K15024	387
K15025	0
K15026	0
K15027	4
K15028	0
K15029	0
K15030	0
K15031	0
K15032	2
K15033	0
K15034	8024
K15036	1
K15037	17
K15038	1
K15039	0
K15040	0
K15041	0
K15042	513
K15043	0
K15044	0
K15045	194
K15046	358
K15047	2
K15048	10
K15049	0
K15050	5
K15051	138
K15052	26
K15053	0
K15054	1721
K15055	6747
K15056	584
K15057	3055
K15058	70
K15059	70
K15060	393
K15061	8
K15062	52
K15063	324
K15064	41
K15065	175
K15066	197
K15067	1162
K15068	25
K15069	12
K15070	4
K15071	3
K15072	19
K15073	5
K15074	0
K15075	0
K15076	3
K15077	0
K15078	3
K15079	0
K15080	1
K15081	0
K15082	0
K15083	55
K15084	0
K15085	0
K15086	0
K15087	0
K15088	0
K15089	0
K15090	1
K15091	1
K15092	0
K15093	0
K15094	0
K15095	48
K15096	0
K15097	0
K15098	0
K15099	0
K15100	27
K15101	3
K15102	0
K15103	1
K15104	0
K15105	0
K15106	0
K15107	0
K15108	1
K15109	47
K15110	1
K15111	8
K15112	0
K15113	0
K15114	0
K15115	1
K15116	0
K15117	0
K15118	34
K15119	2
K15120	0
K15121	0
K15122	1
K15123	0
K15124	1
K15125	3712
K15126	77
K15127	0
K15128	0
K15129	0
K15130	0
K15131	0
K15132	0
K15133	0
K15134	0
K15135	0
K15136	0
K15137	0
K15138	1
K15139	0
K15140	0
K15141	0
K15142	0
K15143	0
K15144	0
K15145	0
K15146	0
K15147	0
K15148	0
K15149	0
K15150	1
K15151	0
K15152	0
K15153	0
K15154	0
K15155	0
K15156	4
K15157	0
K15158	0
K15159	0
K15160	0
K15161	0
K15162	0
K15163	1
K15164	0
K15165	0
K15166	2
K15167	0
K15168	0
K15169	0
K15170	0
K15171	0
K15172	3
K15173	11
K15174	0
K15175	0
K15176	426
K15177	0
K15178	0
K15179	0
K15180	0
K15181	0
K15182	0
K15183	0
K15184	0
K15185	0
K15186	1
K15187	0
K15188	0
K15189	9
K15190	3
K15191	0
K15192	1310
K15193	0
K15194	0
K15195	1
K15196	0
K15197	4
K15198	0
K15199	0
K15200	0
K15201	1401
K15202	0
K15203	0
K15204	0
K15205	0
K15206	139
K15207	0
K15208	0
K15209	0
K15210	0
K15211	0
K15212	0
K15213	1
K15214	0
K15215	0
K15216	0
K15217	1
K15218	37
K15219	0
K15220	0
K15221	0
K15222	0
K15223	1027
K15224	0
K15225	0
K15226	1
K15227	26
K15228	646
K15229	727
K15230	25
K15231	28
K15232	114
K15233	89
K15234	1093
K15235	0
K15236	297
K15237	3
K15238	7
K15239	55
K15240	2
K15241	83
K15242	16
K15243	37
K15244	26
K15245	21
K15246	0
K15253	29
K15254	3
K15255	2146
K15256	8781
K15257	5494
K15258	0
K15259	2
K15260	13
K15261	59
K15262	0
K15263	0
K15264	0
K15265	0
K15266	8
K15267	0
K15268	9734
K15269	6410
K15270	7543
K15271	9
K15272	1
K15273	0
K15274	0
K15275	0
K15276	0
K15277	0
K15278	1
K15279	1
K15280	1
K15281	0
K15282	0
K15283	2
K15284	0
K15285	0
K15286	0
K15287	0
K15288	6
K15289	6
K15290	0
K15291	0
K15292	0
K15293	3
K15294	0
K15295	0
K15296	20
K15297	0
K15298	0
K15299	0
K15300	0
K15301	0
K15302	3
K15303	17
K15304	0
K15305	0
K15306	0
K15307	0
K15308	0
K15309	0
K15310	0
K15311	134
K15312	130
K15313	117
K15314	615
K15315	283
K15316	0
K15317	0
K15318	0
K15319	0
K15320	37
K15321	27
K15322	0
K15323	0
K15324	0
K15325	0
K15326	0
K15327	80
K15328	130
K15329	404
K15331	29
K15332	0
K15333	5
K15334	0
K15335	0
K15336	13
K15337	172
K15338	0
K15340	0
K15341	0
K15342	3346
K15343	18
K15344	295
K15345	290
K15346	301
K15347	92
K15348	0
K15349	106
K15350	175
K15351	39
K15352	665
K15353	545
K15354	84
K15355	167
K15356	0
K15357	985
K15358	638
K15359	615
K15360	0
K15361	3
K15362	1
K15363	2500
K15364	0
K15365	8
K15366	1024
K15367	204
K15368	1061
K15369	5
K15370	0
K15371	4984
K15372	746
K15373	1103
K15374	0
K15375	0
K15376	1
K15377	1
K15378	4
K15379	0
K15380	0
K15381	0
K15382	467
K15383	2025
K15384	0
K15385	0
K15386	0
K15387	15
K15388	0
K15389	1
K15390	0
K15391	0
K15392	0
K15393	0
K15394	5
K15395	83
K15396	4953
K15397	1
K15398	0
K15400	0
K15401	0
K15402	0
K15403	0
K15404	4
K15405	0
K15406	0
K15407	0
K15408	1578
K15409	0
K15410	39
K15411	0
K15412	0
K15413	0
K15414	0
K15415	0
K15416	0
K15417	1
K15418	0
K15419	0
K15420	0
K15421	43
K15422	28
K15423	0
K15424	0
K15425	0
K15426	0
K15427	0
K15428	201
K15429	12
K15430	0
K15431	89
K15432	0
K15433	0
K15434	0
K15435	80
K15436	0
K15437	526
K15438	4
K15439	2
K15440	0
K15441	8
K15442	11
K15443	1
K15444	719
K15445	0
K15446	132
K15447	0
K15448	4
K15449	0
K15450	1
K15451	113
K15452	0
K15453	0
K15454	27
K15455	0
K15456	2
K15457	0
K15458	0
K15460	6379
K15461	8632
K15462	31
K15463	0
K15464	0
K15465	0
K15466	1
K15467	544
K15468	2
K15469	148
K15470	21
K15471	26
K15472	0
K15473	39
K15474	448
K15475	2716
K15476	60
K15477	36
K15478	30
K15479	22
K15480	76
K15481	112
K15482	44
K15483	3
K15484	5
K15485	0
K15486	92
K15487	67
K15488	6
K15490	67
K15491	26
K15492	95
K15493	0
K15494	0
K15495	328
K15496	193
K15497	145
K15498	1
K15499	0
K15500	3
K15501	0
K15502	291
K15503	395
K15504	10
K15505	64
K15506	0
K15507	0
K15508	0
K15509	1209
K15510	313
K15511	701
K15512	849
K15513	842
K15514	303
K15515	358
K15516	0
K15517	0
K15518	1172
K15519	1862
K15520	3336
K15521	1218
K15522	30
K15523	2942
K15524	486
K15525	74
K15526	12
K15527	75
K15528	7
K15529	896
K15530	1324
K15531	374
K15532	2513
K15533	39
K15534	15
K15535	212
K15536	2065
K15537	4210
K15538	641
K15539	8160
K15540	3099
K15541	1
K15542	0
K15543	0
K15544	1
K15545	2137
K15546	1380
K15547	3565
K15548	4726
K15549	3566
K15550	3426
K15551	3761
K15552	4285
K15553	6064
K15554	6497
K15555	4290
K15556	12
K15557	12
K15558	12
K15559	3
K15560	0
K15561	0
K15562	0
K15563	0
K15564	0
K15565	1
K15566	7
K15567	2
K15568	9
K15569	7
K15570	8
K15571	4
K15572	8
K15573	4
K15574	0
K15575	5
K15576	3792
K15577	3082
K15578	2848
K15579	372
K15580	4285
K15581	3509
K15582	3989
K15583	2848
K15584	757
K15585	744
K15586	869
K15587	467
K15588	1
K15589	0
K15590	0
K15591	0
K15592	0
K15593	0
K15594	0
K15595	0
K15596	0
K15598	1725
K15599	2878
K15600	1139
K15601	3
K15602	1
K15603	0
K15604	0
K15605	0
K15606	0
K15607	0
K15608	0
K15609	0
K15610	0
K15611	0
K15612	0
K15613	0
K15614	1
K15615	0
K15616	0
K15617	0
K15618	0
K15619	10
K15620	66
K15621	0
K15622	0
K15623	0
K15624	0
K15625	0
K15626	0
K15627	0
K15628	0
K15629	390
K15630	25
K15631	212
K15632	5
K15633	7210
K15634	5916
K15635	1868
K15636	0
K15637	36
K15638	0
K15639	0
K15640	30
K15641	242
K15642	378
K15643	588
K15644	19
K15645	21
K15646	24
K15647	21
K15648	21
K15649	22
K15650	276
K15651	26
K15652	165
K15653	285
K15654	298
K15655	786
K15656	22
K15657	17
K15658	587
K15659	738
K15660	864
K15661	308
K15662	397
K15663	250
K15664	6
K15665	46
K15666	476
K15667	246
K15668	41
K15669	660
K15670	56
K15671	2
K15672	1
K15673	3
K15674	112
K15675	123
K15676	100
K15677	278
K15678	69
K15679	68
K15680	0
K15681	28
K15682	0
K15683	0
K15684	0
K15685	0
K15686	0
K15687	0
K15688	10
K15689	0
K15690	0
K15691	3
K15692	45
K15693	7
K15694	0
K15695	0
K15696	0
K15697	0
K15698	0
K15699	0
K15700	0
K15701	1
K15702	0
K15703	0
K15704	0
K15705	0
K15706	0
K15707	907
K15708	0
K15709	0
K15710	3
K15711	89
K15712	32
K15713	0
K15714	0
K15715	0
K15716	1
K15717	28
K15718	0
K15719	1041
K15720	639
K15721	2394
K15722	550
K15723	2055
K15724	7154
K15725	6946
K15726	5393
K15727	5847
K15728	0
K15729	354
K15730	0
K15731	21
K15732	1
K15733	17
K15734	2051
K15735	4620
K15736	1841
K15737	635
K15738	10931
K15739	26
K15740	1898
K15741	0
K15742	1
K15743	1
K15744	318
K15745	3
K15746	1857
K15747	0
K15748	0
K15749	0
K15750	46
K15751	70
K15752	42
K15753	0
K15754	203
K15755	62
K15756	38
K15757	13
K15758	127
K15759	0
K15760	74
K15761	73
K15762	423
K15763	71
K15764	73
K15765	148
K15766	0
K15767	0
K15768	189
K15769	10
K15770	678
K15771	518
K15772	527
K15773	8667
K15774	0
K15775	0
K15776	0
K15777	7140
K15778	5873
K15779	2417
K15780	3922
K15781	4498
K15782	2497
K15783	1807
K15784	1804
K15785	1533
K15786	1305
K15787	0
K15789	1765
K15790	1202
K15791	0
K15792	3192
K15793	0
K15794	0
K15795	0
K15796	0
K15797	0
K15798	0
K15799	0
K15800	0
K15801	0
K15802	0
K15803	0
K15804	1
K15805	0
K15806	0
K15807	0
K15808	0
K15809	0
K15810	0
K15811	1
K15812	0
K15813	0
K15814	0
K15815	0
K15816	0
K15817	0
K15818	0
K15819	0
K15820	0
K15821	0
K15822	0
K15823	0
K15824	0
K15825	18
K15826	0
K15827	697
K15828	753
K15829	940
K15830	1024
K15831	1176
K15832	1569
K15833	692
K15834	837
K15835	1930
K15836	1968
K15837	266
K15838	0
K15839	2
K15840	0
K15842	25
K15843	47
K15844	41
K15845	49
K15846	59
K15847	43
K15848	96
K15849	21
K15850	209
K15852	151
K15853	97
K15854	87
K15855	363
K15856	2067
K15857	15
K15858	10
K15859	13
K15860	0
K15861	751
K15862	1772
K15863	52
K15864	617
K15865	31
K15866	6041
K15867	6
K15868	501
K15869	0
K15870	19
K15871	1
K15872	434
K15873	1
K15874	0
K15876	1000
K15877	0
K15878	224
K15879	1
K15884	8
K15885	38
K15886	0
K15887	0
K15888	0
K15889	200
K15890	85
K15891	87
K15892	0
K15893	1
K15894	1864
K15895	369
K15896	1201
K15897	1942
K15898	1769
K15899	1462
K15901	0
K15902	0
K15903	0
K15904	93
K15907	3
K15908	0
K15909	0
K15910	331
K15911	11
K15912	338
K15913	1754
K15914	2582
K15915	2362
K15916	63
K15918	757
K15919	2114
K15920	124
K15921	1671
K15922	747
K15923	1581
K15924	709
K15925	4
K15926	3
K15927	7
K15928	8
K15929	0
K15930	25
K15931	0
K15932	946
K15933	0
K15934	0
K15935	0
K15936	0
K15937	0
K15938	0
K15939	0
K15941	1448
K15942	118
K15943	42
K15944	24
K15945	1773
K15946	0
K15947	0
K15948	0
K15949	51
K15950	0
K15951	0
K15952	0
K15953	8
K15954	1
K15955	1
K15956	2
K15957	105
K15958	0
K15959	0
K15960	0
K15961	0
K15962	0
K15963	41
K15964	1
K15965	0
K15966	0
K15967	16
K15968	0
K15969	333
K15970	191
K15971	1381
K15972	0
K15973	6270
K15974	4139
K15975	1682
K15976	1630
K15977	9793
K15978	0
K15979	3
K15980	180
K15981	142
K15982	576
K15983	554
K15984	4948
K15985	0
K15986	1816
K15987	3853
K15988	0
K15989	0
K15990	0
K15991	0
K15992	0
K15993	0
K15994	0
K15995	102
K15996	0
K15997	0
K15998	0
K15999	122
K16000	2
K16001	1
K16002	0
K16003	0
K16004	0
K16005	2
K16006	5
K16007	2
K16008	0
K16009	0
K16010	0
K16011	7633
K16012	4260
K16013	4239
K16014	405
K16015	21
K16016	49
K16017	50
K16018	18
K16019	30
K16020	1
K16021	15
K16022	588
K16023	0
K16024	39
K16025	45
K16026	26
K16027	917
K16028	947
K16029	0
K16030	0
K16031	0
K16032	0
K16033	625
K16034	1
K16035	14
K16036	10
K16037	0
K16038	177
K16039	0
K16040	1
K16041	13
K16042	33
K16043	1789
K16044	6266
K16045	7
K16046	682
K16047	1686
K16048	2253
K16049	539
K16050	555
K16051	611
K16052	5298
K16053	5245
K16054	2
K16055	625
K16056	3
K16057	0
K16058	0
K16059	0
K16060	1
K16061	4
K16062	0
K16063	0
K16064	0
K16065	0
K16066	8097
K16067	1
K16068	0
K16069	0
K16070	0
K16071	0
K16072	14
K16073	0
K16074	5498
K16075	3
K16076	1285
K16077	1469
K16078	3587
K16079	4540
K16080	727
K16081	1194
K16082	0
K16083	0
K16084	0
K16085	0
K16086	0
K16087	9168
K16088	4494
K16089	8159
K16090	8723
K16091	5249
K16092	8971
K16093	327
K16094	104
K16095	1413
K16096	0
K16097	93
K16098	0
K16099	4
K16100	1
K16101	0
K16102	0
K16103	0
K16104	0
K16105	8
K16106	60
K16107	1
K16108	32
K16109	1
K16110	6
K16111	4
K16112	25
K16113	7
K16114	0
K16115	27
K16116	0
K16117	30
K16118	298
K16122	17
K16123	373
K16124	2319
K16125	208
K16126	93
K16127	89
K16128	8
K16129	189
K16130	208
K16131	72
K16132	133
K16133	22
K16134	61
K16135	6527
K16136	1152
K16137	8599
K16138	3931
K16139	118
K16140	119
K16141	4
K16142	1
K16143	129
K16144	0
K16145	0
K16146	203
K16147	2945
K16148	1615
K16149	250
K16150	6705
K16151	8
K16152	2104
K16153	1516
K16157	22
K16158	22
K16159	22
K16160	22
K16161	159
K16162	22
K16163	155
K16164	2519
K16165	5469
K16166	0
K16167	1424
K16168	1017
K16169	8
K16170	3
K16171	3437
K16172	0
K16173	113
K16174	0
K16175	62
K16176	1
K16177	13
K16178	1
K16179	829
K16180	35
K16181	41
K16182	1
K16183	952
K16184	7
K16185	0
K16186	0
K16188	3
K16189	0
K16190	41
K16191	6389
K16192	0
K16193	14
K16194	1
K16195	8
K16196	3
K16197	1
K16198	0
K16199	268
K16200	252
K16201	19
K16202	24
K16203	1177
K16204	0
K16205	0
K16206	0
K16207	0
K16208	0
K16209	3
K16210	1034
K16211	2342
K16212	599
K16213	2564
K16214	737
K16215	57
K16216	2302
K16217	21
K16218	83
K16219	1
K16220	0
K16221	0
K16222	0
K16223	2
K16224	0
K16225	0
K16226	10
K16227	449
K16228	170
K16229	57
K16230	3
K16231	0
K16232	1
K16233	13
K16234	1677
K16235	1371
K16236	1
K16237	222
K16238	3370
K16239	295
K16240	0
K16241	0
K16242	593
K16243	482
K16244	474
K16245	474
K16246	1154
K16247	1590
K16248	119
K16249	481
K16250	155
K16251	4
K16252	2
K16253	0
K16254	1049
K16255	256
K16256	332
K16257	368
K16258	371
K16259	310
K16260	2777
K16261	5
K16262	11
K16263	1705
K16264	8516
K16265	0
K16266	0
K16267	2033
K16268	9
K16269	10
K16270	5
K16271	0
K16272	5
K16273	0
K16274	0
K16275	0
K16276	234
K16277	0
K16278	0
K16279	0
K16280	0
K16281	1
K16282	0
K16283	0
K16284	0
K16285	0
K16286	0
K16287	0
K16288	29
K16289	22
K16290	0
K16291	4674
K16292	25
K16293	254
K16294	239
K16295	2
K16296	10
K16297	0
K16298	42
K16301	2545
K16302	166
K16303	436
K16304	98
K16305	18
K16306	842
K16307	6
K16308	177
K16309	0
K16310	1
K16311	0
K16312	0
K16313	0
K16314	0
K16315	0
K16316	0
K16317	255
K16318	367
K16319	568
K16320	972
K16321	282
K16322	4457
K16323	2
K16324	289
K16325	141
K16326	557
K16327	1426
K16328	1764
K16329	2014
K16330	32
K16331	57
K16332	0
K16333	0
K16334	0
K16335	0
K16336	2
K16337	0
K16338	0
K16339	1408
K16340	201
K16341	0
K16342	29
K16343	30
K16344	0
K16345	3992
K16346	457
K16347	1608
K16348	3987
K16349	0
K16350	0
K16351	9
K16352	0
K16353	146
K16354	0
K16355	0
K16356	0
K16357	0
K16358	0
K16359	0
K16360	14
K16361	0
K16362	1
K16363	1640
K16364	2
K16365	471
K16366	0
K16367	0
K16368	12
K16369	12
K16370	1689
K16371	1838
K16372	10
K16373	2
K16374	5
K16375	0
K16376	0
K16377	2
K16378	31
K16379	0
K16380	33
K16381	636
K16382	0
K16383	0
K16384	121
K16385	1
K16386	11
K16387	0
K16388	0
K16389	1
K16390	5
K16391	0
K16392	4
K16393	9
K16394	2
K16395	26
K16396	5
K16397	74
K16398	1
K16399	3
K16400	22
K16401	0
K16402	0
K16403	30
K16404	0
K16405	0
K16406	3
K16407	2
K16408	2
K16409	14
K16410	5
K16411	0
K16412	0
K16413	221
K16414	19
K16415	2
K16416	2559
K16417	27
K16418	1
K16419	1
K16420	2
K16421	83
K16422	1601
K16423	152
K16424	33
K16425	20
K16426	204
K16427	45
K16428	65
K16429	301
K16430	2
K16431	2533
K16432	8
K16433	2
K16434	31
K16435	67
K16436	408
K16437	955
K16438	2
K16439	0
K16440	0
K16442	1
K16443	0
K16444	573
K16445	3
K16446	2
K16447	0
K16448	1
K16449	2
K16450	0
K16451	9
K16452	6
K16453	0
K16454	0
K16455	2
K16456	4
K16457	29
K16458	0
K16459	3
K16460	7
K16461	257
K16462	4
K16463	2
K16464	117
K16465	45
K16466	0
K16467	10
K16468	4
K16469	15
K16470	5
K16471	1
K16472	0
K16473	0
K16474	261
K16475	9
K16476	20
K16477	57
K16478	0
K16479	5
K16480	3
K16481	5
K16482	33
K16483	0
K16484	0
K16485	1
K16486	0
K16487	104
K16488	3
K16489	2
K16490	0
K16491	0
K16492	1
K16493	0
K16494	1
K16495	3
K16496	0
K16497	0
K16498	15
K16499	1
K16500	39
K16501	14
K16502	32
K16503	69
K16504	1
K16505	19
K16506	94
K16507	349
K16509	90
K16510	1
K16511	4
K16512	0
K16513	0
K16514	2339
K16515	905
K16516	2141
K16517	1101
K16518	0
K16519	0
K16520	0
K16521	0
K16522	0
K16523	0
K16524	0
K16525	0
K16526	0
K16527	0
K16528	0
K16529	0
K16530	0
K16531	401
K16532	4
K16533	128
K16534	1
K16535	0
K16536	40
K16537	0
K16538	2
K16539	0
K16540	2
K16541	0
K16542	4
K16543	14
K16544	0
K16545	0
K16546	0
K16547	13
K16548	0
K16549	19
K16550	126
K16551	46
K16552	870
K16553	145
K16554	4597
K16555	2371
K16556	1167
K16557	2104
K16558	677
K16559	2563
K16560	578
K16561	344
K16562	337
K16563	315
K16564	484
K16565	445
K16566	2423
K16567	3345
K16568	8509
K16569	0
K16570	0
K16571	0
K16572	0
K16573	0
K16574	0
K16575	0
K16576	0
K16578	3
K16579	0
K16580	0
K16581	0
K16582	0
K16583	0
K16584	0
K16585	5
K16586	2
K16587	0
K16588	1
K16589	0
K16590	0
K16591	0
K16593	1775
K16594	8
K16595	0
K16596	0
K16597	0
K16598	0
K16599	0
K16600	1
K16601	43
K16602	0
K16603	0
K16604	45
K16605	4
K16606	0
K16607	0
K16608	0
K16609	0
K16610	0
K16611	0
K16612	0
K16613	0
K16614	0
K16615	5
K16616	0
K16617	5
K16618	0
K16619	58
K16620	1
K16621	1
K16622	0
K16623	5
K16624	73
K16625	0
K16626	0
K16627	0
K16628	353
K16629	8
K16630	2
K16631	0
K16632	0
K16633	0
K16634	19
K16635	23
K16636	42
K16637	248
K16638	256
K16639	3879
K16640	0
K16641	0
K16642	0
K16643	0
K16644	0
K16645	12
K16646	3
K16647	185
K16648	250
K16649	966
K16650	201
K16651	780
K16652	1373
K16653	2072
K16654	0
K16655	0
K16656	0
K16657	0
K16658	0
K16659	1
K16660	0
K16661	0
K16662	0
K16663	0
K16664	1
K16665	2
K16666	0
K16667	31
K16668	0
K16669	964
K16670	0
K16671	0
K16672	0
K16673	0
K16674	0
K16675	0
K16676	0
K16677	2
K16678	1
K16679	0
K16680	4
K16681	12
K16682	0
K16683	0
K16684	0
K16685	0
K16686	0
K16687	0
K16688	0
K16689	0
K16690	1
K16691	0
K16692	5969
K16693	2245
K16694	2969
K16695	3871
K16696	149
K16697	2144
K16698	6120
K16699	3244
K16700	228
K16701	150
K16702	904
K16703	3374
K16704	1996
K16705	2107
K16706	11
K16707	245
K16708	189
K16709	338
K16710	3090
K16711	552
K16712	84
K16713	16
K16714	0
K16715	0
K16717	0
K16718	74
K16719	0
K16720	0
K16721	0
K16722	6
K16724	0
K16725	12
K16726	15
K16727	0
K16728	14
K16729	0
K16731	101
K16732	6
K16733	2
K16734	0
K16735	0
K16737	0
K16738	15
K16739	4
K16740	0
K16741	0
K16742	0
K16743	1
K16744	0
K16745	0
K16746	0
K16747	0
K16748	0
K16749	1
K16750	0
K16751	0
K16752	0
K16753	0
K16754	6
K16755	12
K16756	40
K16757	5
K16758	0
K16759	7
K16760	23
K16761	0
K16762	0
K16763	16
K16764	0
K16765	8
K16766	4
K16767	3
K16768	0
K16769	0
K16770	32
K16771	0
K16772	0
K16773	1
K16774	0
K16775	1
K16776	0
K16777	0
K16778	0
K16779	0
K16780	1
K16781	40
K16782	0
K16783	1138
K16784	1113
K16785	784
K16786	333
K16787	120
K16788	2
K16789	14
K16790	0
K16791	0
K16792	56
K16793	495
K16794	9
K16795	630
K16796	0
K16797	0
K16798	0
K16799	0
K16800	0
K16801	0
K16802	0
K16803	11
K16804	0
K16805	0
K16806	2
K16807	0
K16808	341
K16809	6
K16810	0
K16811	18
K16812	0
K16813	0
K16814	0
K16815	110
K16816	1
K16817	890
K16818	149
K16819	0
K16820	0
K16821	0
K16822	0
K16823	0
K16824	0
K16825	0
K16826	0
K16827	0
K16828	0
K16829	0
K16830	0
K16831	0
K16832	0
K16833	0
K16834	0
K16835	0
K16836	0
K16837	0
K16838	0
K16839	2926
K16840	936
K16841	4009
K16842	5825
K16843	425
K16844	1228
K16845	428
K16846	432
K16847	1
K16848	0
K16849	651
K16850	692
K16851	0
K16852	0
K16853	0
K16854	0
K16855	2
K16856	3230
K16857	68
K16858	0
K16859	0
K16860	540
K16861	0
K16862	1715
K16865	0
K16866	242
K16867	0
K16868	7241
K16869	1544
K16870	6449
K16871	1398
K16872	2866
K16873	661
K16874	686
K16875	259
K16876	384
K16877	386
K16878	435
K16879	403
K16880	382
K16881	623
K16882	0
K16883	46
K16884	2
K16885	121
K16886	137
K16887	328
K16888	0
K16889	0
K16890	0
K16891	0
K16892	0
K16893	0
K16894	0
K16895	0
K16896	0
K16897	0
K16898	5533
K16899	5410
K16900	0
K16901	38
K16902	14
K16903	15
K16904	3720
K16905	33
K16906	44
K16907	35
K16908	0
K16909	0
K16910	113
K16911	0
K16912	0
K16913	0
K16914	174
K16915	2032
K16916	1
K16917	1
K16918	23
K16919	305
K16920	5
K16921	1018
K16922	1603
K16923	378
K16924	250
K16925	39
K16926	55
K16927	17
K16928	33
K16929	30
K16930	0
K16931	102
K16932	10
K16933	1
K16934	0
K16935	0
K16936	0
K16937	837
K16938	1
K16939	2
K16940	0
K16941	0
K16942	0
K16943	0
K16944	1
K16945	0
K16946	0
K16947	2
K16948	1
K16949	1
K16950	159
K16951	567
K16952	14
K16953	704
K16954	3
K16955	0
K16956	1
K16957	182
K16958	167
K16959	193
K16960	77
K16961	832
K16962	771
K16963	721
K16964	39
K16965	28
K16966	27
K16967	14
K16968	22
K16969	29
K17043	0
K17044	0
K17045	0
K17046	0
K17047	0
K17048	1
K17049	1
K17050	6
K17051	2
K17052	2
K17053	0
K17054	0
K17055	0
K17056	0
K17057	0
K17058	0
K17059	0
K17060	1933
K17061	1779
K17062	879
K17063	1
K17064	283
K17065	0
K17066	6
K17067	3
K17068	51
K17069	456
K17070	16
K17071	169
K17072	21
K17073	4
K17074	7
K17076	2
K17077	783
K17078	519
K17079	0
K17080	1063
K17081	459
K17082	0
K17083	0
K17084	0
K17085	0
K17086	0
K17087	0
K17088	0
K17089	2
K17090	0
K17091	3
K17092	1
K17093	4
K17094	2
K17095	16
K17096	1
K17097	1
K17098	1
K17099	4
K17100	1576
K17101	0
K17102	1
K17103	8735
K17104	558
K17105	1634
K17106	7
K17107	1
K17108	442
K17192	0
K17193	0
K17194	1
K17195	389
K17196	0
K17197	0
K17198	0
K17199	60
K17200	0
K17201	0
K17202	1137
K17203	1081
K17204	1164
K17205	546
K17206	850
K17207	561
K17208	479
K17209	481
K17210	475
K17211	0
K17212	2
K17213	1823
K17214	1717
K17215	1454
K17216	60
K17217	405
K17218	3818
K17219	6
K17220	5
K17221	0
K17222	1218
K17223	3000
K17224	1491
K17225	1302
K17226	2208
K17227	1324
K17228	2112
K17229	1269
K17230	5290
K17231	639
K17232	0
K17233	0
K17234	12
K17235	11
K17236	14
K17237	190
K17238	191
K17239	192
K17240	139
K17241	352
K17242	354
K17243	347
K17244	128
K17245	117
K17246	116
K17247	6134
K17248	511
K17249	486
K17250	630
K17251	325
K17252	0
K17253	337
K17254	8
K17255	0
K17256	861
K17257	975
K17258	6
K17259	0
K17260	0
K17261	0
K17262	0
K17263	5
K17264	1
K17265	0
K17266	10
K17267	0
K17268	6
K17269	0
K17270	0
K17271	0
K17272	0
K17273	0
K17274	0
K17275	0
K17276	0
K17277	8
K17278	275
K17279	0
K17280	0
K17281	1
K17282	1
K17283	1
K17284	0
K17285	896
K17286	3712
K17287	0
K17288	0
K17289	0
K17290	5847
K17291	1
K17292	0
K17293	0
K17294	0
K17295	1
K17296	0
K17297	0
K17298	0
K17299	10
K17300	0
K17301	0
K17302	1
K17303	0
K17304	5
K17305	1
K17306	0
K17307	12
K17308	2
K17309	12
K17310	28
K17311	0
K17312	0
K17313	0
K17314	0
K17315	3224
K17316	2879
K17317	2886
K17318	212
K17319	172
K17320	140
K17321	2721
K17322	2670
K17323	2681
K17324	2680
K17325	2688
K17326	89
K17327	6
K17328	5
K17329	45
K17330	12
K17331	626
K17332	0
K17333	0
K17334	0
K17335	0
K17336	0
K17337	1
K17338	0
K17339	0
K17340	0
K17341	202
K17342	0
K17343	0
K17344	0
K17345	0
K17346	0
K17347	0
K17348	0
K17349	5
K17350	0
K17351	0
K17352	1
K17353	1
K17354	0
K17355	0
K17356	0
K17357	0
K17358	0
K17359	0
K17360	41
K17361	12
K17362	2654
K17363	411
K17364	115
K17382	326
K17383	0
K17384	0
K17385	0
K17386	0
K17387	27
K17388	1
K17390	0
K17391	0
K17392	0
K17398	29
K17399	1
K17400	0
K17401	0
K17402	0
K17403	0
K17404	1
K17405	0
K17406	0
K17407	0
K17408	1
K17409	0
K17410	0
K17411	0
K17412	0
K17413	0
K17414	0
K17415	0
K17417	0
K17418	0
K17419	0
K17420	0
K17421	0
K17422	0
K17423	0
K17424	0
K17425	0
K17426	220
K17427	0
K17428	0
K17429	0
K17430	0
K17431	0
K17432	0
K17433	0
K17434	0
K17435	0
K17436	0
K17437	0
K17438	0
K17439	14
K17440	0
K17441	0
K17442	2
K17443	0
K17444	0
K17445	0
K17446	0
K17447	0
K17448	0
K17449	0
K17450	1529
K17451	0
K17452	0
K17453	0
K17454	0
K17455	7
K17456	0
K17457	8
K17458	2
K17459	1
K17460	0
K17461	4
K17462	1484
K17463	1135
K17464	180
K17465	368
K17466	302
K17467	369
K17468	1741
K17469	2
K17470	1
K17471	12
K17472	2063
K17473	171
K17474	42
K17475	0
K17476	0
K17477	0
K17478	2
K17479	8
K17480	0
K17481	3
K17482	0
K17483	4
K17484	84
K17485	61
K17486	372
K17487	88
K17488	3
K17489	4
K17490	181
K17491	0
K17492	0
K17493	1
K17494	0
K17495	16
K17496	0
K17497	24
K17498	0
K17499	10
K17500	10
K17501	7
K17502	0
K17503	0
K17504	0
K17505	0
K17506	65
K17507	0
K17508	17
K17509	1031
K17510	0
K17511	1
K17512	13
K17513	20
K17514	0
K17515	0
K17516	0
K17517	1
K17518	0
K17519	0
K17520	1
K17521	0
K17522	0
K17523	59
K17524	1
K17525	2
K17526	0
K17527	77
K17528	0
K17529	1
K17530	0
K17531	7
K17532	0
K17533	0
K17534	0
K17535	17
K17536	0
K17537	0
K17538	0
K17539	3
K17540	0
K17541	0
K17542	0
K17543	0
K17544	25
K17545	2
K17546	9
K17547	0
K17548	0
K17549	0
K17550	841
K17551	3
K17552	0
K17553	0
K17554	0
K17555	0
K17556	0
K17557	0
K17558	0
K17559	0
K17560	0
K17561	0
K17562	2
K17563	0
K17564	0
K17565	0
K17566	34
K17567	0
K17568	0
K17569	0
K17570	604
K17571	0
K17572	0
K17573	287
K17574	0
K17575	0
K17576	14
K17577	1
K17578	10
K17579	2
K17580	14
K17581	1
K17582	1
K17583	0
K17584	5
K17586	0
K17587	1
K17588	0
K17589	27
K17590	0
K17591	25
K17592	347
K17593	1
K17594	0
K17595	0
K17596	0
K17597	0
K17598	0
K17599	0
K17600	0
K17601	2
K17602	1
K17603	1
K17604	3
K17605	0
K17606	0
K17607	0
K17608	3
K17609	572
K17610	0
K17611	1
K17612	0
K17613	4
K17614	87
K17615	2
K17616	51
K17617	51
K17618	2
K17619	27
K17620	0
K17621	0
K17622	0
K17623	833
K17624	71
K17625	6
K17626	0
K17630	0
K17631	0
K17632	1
K17633	0
K17634	0
K17635	0
K17636	1
K17637	1
K17638	0
K17639	0
K17640	16
K17641	1029
K17642	0
K17643	196
K17644	900
K17645	0
K17646	5
K17647	0
K17648	540
K17649	1
K17650	0
K17651	1
K17652	2
K17653	0
K17654	0
K17655	7
K17656	4
K17657	0
K17658	116
K17659	0
K17660	0
K17661	0
K17662	1498
K17663	0
K17664	0
K17665	0
K17666	0
K17667	0
K17668	0
K17669	22
K17670	0
K17671	0
K17672	0
K17673	0
K17674	0
K17675	2545
K17676	0
K17677	800
K17678	0
K17679	0
K17680	871
K17681	28
K17682	0
K17683	0
K17685	0
K17686	7119
K17687	0
K17689	0
K17690	0
K17691	0
K17692	0
K17693	0
K17694	0
K17695	0
K17696	0
K17697	0
K17698	0
K17699	0
K17700	0
K17701	0
K17702	1
K17703	0
K17704	0
K17705	6
K17706	0
K17707	0
K17708	0
K17709	0
K17710	39
K17711	0
K17712	0
K17713	8427
K17714	0
K17715	0
K17716	1412
K17717	1351
K17718	0
K17719	0
K17720	0
K17721	0
K17722	2686
K17723	2925
K17724	3215
K17725	1421
K17726	0
K17728	0
K17729	0
K17730	0
K17731	0
K17732	2077
K17733	3045
K17734	3486
K17735	2816
K17736	2976
K17737	6876
K17738	28
K17739	4
K17740	54
K17741	406
K17742	36
K17743	55
K17744	12
K17745	264
K17746	2
K17747	1
K17748	0
K17749	351
K17750	0
K17751	5
K17752	1383
K17753	0
K17754	203
K17755	12
K17756	1614
K17757	0
K17758	1487
K17759	9
K17760	852
K17761	48
K17762	1245
K17763	1253
K17764	0
K17765	0
K17766	17
K17767	0
K17768	702
K17769	0
K17770	0
K17771	0
K17772	1
K17773	0
K17774	0
K17775	0
K17776	232
K17777	0
K17778	0
K17779	0
K17780	0
K17781	0
K17782	0
K17783	3
K17784	0
K17785	441
K17786	0
K17787	0
K17788	0
K17789	0
K17790	1
K17791	0
K17792	0
K17793	0
K17794	0
K17795	0
K17796	1
K17797	1
K17798	11
K17799	0
K17800	295
K17801	5
K17802	0
K17803	933
K17804	1868
K17805	6
K17806	0
K17807	0
K17808	0
K17809	0
K17810	2234
K17811	185
K17812	0
K17813	0
K17814	14
K17815	0
K17816	223
K17817	1
K17818	17
K17819	0
K17820	0
K17821	0
K17822	0
K17823	0
K17824	0
K17825	202
K17826	0
K17827	0
K17828	1263
K17829	22
K17830	3855
K17831	534
K17832	9
K17833	0
K17834	16
K17835	89
K17836	1876
K17837	3275
K17838	1021
K17839	348
K17840	798
K17841	3
K17842	0
K17843	0
K17844	0
K17845	0
K17846	0
K17847	0
K17848	0
K17849	0
K17850	2474
K17851	0
K17852	0
K17853	0
K17854	0
K17861	0
K17862	53
K17863	0
K17864	0
K17865	6376
K17866	0
K17867	192
K17868	0
K17869	30
K17870	444
K17872	16
K17873	0
K17874	0
K17875	0
K17876	196
K17877	1
K17878	0
K17879	8596
K17880	661
K17881	71
K17882	18
K17883	198
K17884	5453
K17885	0
K17886	0
K17887	0
K17888	0
K17889	2
K17890	82
K17891	0
K17892	137
K17893	341
K17894	0
K17895	0
K17896	0
K17897	0
K17898	2
K17899	2
K17900	239
K17901	0
K17902	0
K17903	0
K17904	1
K17905	5
K17906	0
K17907	1
K17908	0
K17909	0
K17910	828
K17911	1
K17912	0
K17913	0
K17914	0
K17915	6
K17916	4
K17917	9
K17918	0
K17919	0
K17920	0
K17921	0
K17922	0
K17923	0
K17924	0
K17925	0
K17926	0
K17927	0
K17928	83
K17929	0
K17930	0
K17931	0
K17932	0
K17933	0
K17934	0
K17935	2
K17936	0
K17937	0
K17938	2119
K17939	349
K17940	12
K17941	0
K17942	1
K17943	0
K17944	0
K17945	18
K17946	0
K17947	939
K17948	986
K17949	0
K17950	3810
K17951	0
K17952	0
K17953	8
K17958	0
K17960	1
K17961	1
K17962	0
K17963	0
K17964	20
K17965	0
K17966	0
K17967	0
K17968	0
K17969	5
K17970	7
K17971	5
K17972	1
K17973	3
K17974	0
K17975	19
K17976	1
K17977	0
K17978	9
K17979	0
K17980	0
K17981	0
K17982	0
K17983	1
K17984	0
K17985	0
K17986	2
K17987	169
K17988	1
K17989	1048
K17990	382
K17991	23
K17992	139
K17993	265
K17994	265
K17995	30
K17996	429
K17997	55
K17998	3
K17999	464
K18000	44
K18001	70
K18002	72
K18003	80
K18004	37
K18005	167
K18006	153
K18007	163
K18008	89
K18009	8156
K18010	0
K18011	76
K18012	78
K18013	4090
K18014	83
K18015	90
K18016	3
K18017	0
K18018	0
K18019	0
K18020	0
K18021	0
K18022	0
K18023	206
K18024	1
K18025	0
K18026	0
K18027	0
K18028	1262
K18029	1873
K18030	2943
K18031	25
K18032	5
K18033	2
K18034	211
K18035	0
K18036	0
K18037	1
K18038	0
K18039	1
K18040	0
K18041	9
K18042	4
K18043	0
K18044	0
K18045	2195
K18046	0
K18047	1
K18048	0
K18049	1
K18050	1
K18051	0
K18052	0
K18053	385
K18054	292
K18055	981
K18056	41
K18057	2
K18058	1269
K18059	2686
K18060	11
K18061	0
K18062	708
K18063	25
K18064	8
K18065	0
K18066	102
K18067	358
K18068	976
K18069	273
K18070	453
K18071	188
K18072	1752
K18073	1797
K18074	101
K18075	75
K18076	87
K18077	29
K18078	44
K18079	1
K18080	0
K18081	0
K18082	0
K18083	0
K18084	0
K18085	0
K18086	0
K18087	64
K18088	25
K18089	12
K18090	8
K18091	271
K18092	150
K18093	3576
K18094	1100
K18095	461
K18096	679
K18097	7
K18098	2671
K18099	254
K18100	1342
K18101	786
K18102	1
K18103	0
K18104	34
K18105	12
K18106	21
K18107	0
K18108	0
K18109	157
K18110	1
K18111	59
K18112	0
K18113	0
K18114	0
K18115	280
K18116	0
K18117	0
K18118	3680
K18119	62
K18120	68
K18121	67
K18122	3116
K18123	31
K18124	0
K18125	3
K18126	0
K18127	0
K18128	0
K18129	356
K18130	348
K18131	92
K18132	10
K18133	839
K18134	17
K18135	983
K18136	2422
K18137	287
K18138	8481
K18139	7487
K18140	724
K18141	5657
K18142	3939
K18143	1682
K18144	1676
K18145	1065
K18146	1216
K18147	285
K18148	893
K18149	0
K18150	5
K18151	24
K18152	0
K18153	142
K18154	4
K18155	0
K18156	5
K18157	0
K18158	0
K18159	840
K18160	1
K18161	0
K18162	2163
K18163	1991
K18164	4855
K18165	0
K18166	1180
K18167	0
K18168	44
K18169	612
K18170	0
K18171	0
K18172	0
K18173	393
K18174	0
K18175	4
K18176	0
K18177	0
K18178	0
K18179	0
K18180	457
K18181	0
K18182	0
K18183	0
K18184	0
K18185	0
K18186	0
K18187	0
K18188	0
K18189	11307
K18190	0
K18191	0
K18192	38
K18193	0
K18194	0
K18195	376
K18196	0
K18197	617
K18198	7
K18199	3682
K18200	628
K18201	2057
K18202	2
K18203	137
K18204	5504
K18205	722
K18206	624
K18207	39
K18208	2402
K18209	1230
K18210	232
K18211	5
K18212	0
K18213	0
K18214	169
K18215	2
K18216	0
K18217	3
K18218	2087
K18219	41
K18220	540
K18221	1016
K18222	3
K18223	221
K18224	219
K18225	935
K18226	217
K18227	28
K18228	0
K18229	33
K18230	383
K18231	1011
K18232	87
K18233	319
K18234	3541
K18235	6803
K18236	335
K18237	60
K18239	35
K18240	879
K18241	0
K18242	518
K18243	525
K18244	5997
K18245	0
K18246	0
K18247	0
K18248	523
K18249	268
K18250	4
K18251	0
K18252	2
K18253	0
K18254	0
K18255	0
K18256	0
K18257	0
K18258	82
K18259	5
K18260	0
K18261	0
K18262	0
K18263	848
K18264	1
K18265	0
K18266	0
K18267	0
K18268	13
K18269	0
K18270	0
K18271	3
K18272	0
K18273	126
K18274	4
K18275	228
K18276	21
K18277	939
K18278	61
K18279	0
K18280	0
K18281	1
K18282	2
K18283	196
K18284	457
K18285	918
K18286	612
K18287	39
K18288	215
K18289	2030
K18290	2379
K18291	744
K18292	1833
K18293	53
K18294	874
K18295	1038
K18296	1729
K18297	3661
K18298	1948
K18299	1758
K18300	3336
K18301	5919
K18302	7653
K18303	6404
K18304	1285
K18305	2486
K18306	4815
K18307	3437
K18308	301
K18309	2
K18310	0
K18311	0
K18312	51
K18313	569
K18314	9
K18315	55
K18316	45
K18317	40
K18318	66
K18319	29
K18320	1541
K18321	2721
K18322	477
K18323	1654
K18324	1116
K18325	605
K18326	6547
K18327	0
K18328	16
K18329	0
K18330	784
K18331	409
K18332	409
K18333	1163
K18334	1697
K18335	2423
K18336	3134
K18337	454
K18338	0
K18339	0
K18340	0
K18341	5
K18342	91
K18343	0
K18344	1086
K18345	299
K18346	599
K18347	3
K18348	749
K18349	46
K18350	46
K18351	25
K18352	16
K18353	9635
K18354	58
K18355	14
K18356	14
K18357	14
K18358	14
K18359	32
K18360	5392
K18361	14
K18362	40
K18363	20
K18364	832
K18365	1554
K18366	863
K18367	1295
K18368	1
K18369	2832
K18370	3
K18371	124
K18372	1685
K18373	355
K18374	349
K18375	87
K18376	283
K18377	2357
K18378	76
K18379	250
K18380	364
K18381	341
K18382	215
K18383	1340
K18384	166
K18385	0
K18386	0
K18387	120
K18388	2
K18389	0
K18390	0
K18391	0
K18392	0
K18393	0
K18394	0
K18395	0
K18396	0
K18397	0
K18398	1973
K18399	125
K18400	0
K18401	0
K18402	4
K18403	0
K18404	0
K18405	0
K18406	0
K18407	0
K18408	1
K18409	0
K18410	758
K18411	0
K18412	0
K18413	0
K18414	0
K18415	0
K18416	1627
K18417	123
K18418	5
K18419	0
K18420	19
K18421	2
K18422	127
K18423	0
K18424	924
K18425	2550
K18426	0
K18427	13
K18428	10
K18429	351
K18430	1469
K18431	1410
K18433	203
K18434	1798
K18435	0
K18436	0
K18437	14
K18438	149
K18439	2
K18440	0
K18441	0
K18442	0
K18443	11
K18444	1025
K18445	203
K18446	6629
K18447	133
K18448	0
K18449	0
K18450	0
K18451	0
K18452	0
K18453	3403
K18454	248
K18455	854
K18456	3250
K18457	1377
K18458	19
K18459	1181
K18460	0
K18461	3
K18462	0
K18463	0
K18464	0
K18465	0
K18466	0
K18467	0
K18468	0
K18469	0
K18470	68
K18471	1967
K18472	1
K18473	683
K18474	2
K18475	706
K18476	2646
K18477	26
K18478	4068
K18479	3425
K18480	5195
K18481	30
K18482	92
K18483	2
K18484	0
K18485	0
K18486	0
K18487	0
K18488	0
K18489	0
K18490	0
K18491	2
K18492	0
K18493	0
K18494	0
K18495	0
K18496	0
K18497	0
K18498	0
K18499	0
K18500	176
K18501	182
K18529	1
K18530	114
K18531	112
K18532	117
K18533	604
K18534	5870
K18535	326
K18536	4
K18537	29
K18538	58
K18539	50
K18540	3676
K18541	319
K18542	75
K18543	29
K18544	1
K18545	118
K18546	426
K18547	51
K18548	0
K18549	2
K18550	0
K18551	1453
K18552	620
K18553	444
K18554	787
K18555	4604
K18556	59
K18557	48
K18558	7
K18559	7
K18560	47
K18561	5
K18562	680
K18563	0
K18564	0
K18565	0
K18566	4
K18567	3912
K18568	19
K18569	5
K18570	1
K18571	37
K18572	2128
K18573	5039
K18574	836
K18575	4388
K18576	328
K18577	469
K18578	3060
K18579	151
K18580	57
K18581	1697
K18582	0
K18583	11
K18584	1
K18585	38
K18586	588
K18587	1282
K18588	8102
K18589	367
K18590	69
K18591	8
K18592	7
K18593	0
K18594	324
K18595	26
K18596	0
K18597	7
K18598	3
K18599	0
K18600	0
K18601	4
K18602	0
K18603	0
K18604	4
K18605	0
K18606	1006
K18607	120
K18608	306
K18609	194
K18610	110
K18611	256
K18612	144
K18613	327
K18614	56
K18615	0
K18616	0
K18617	0
K18618	0
K18619	0
K18620	4
K18621	0
K18622	3743
K18623	0
K18624	0
K18625	0
K18626	6
K18627	0
K18628	0
K18629	0
K18630	0
K18631	0
K18632	0
K18633	0
K18634	0
K18635	0
K18636	0
K18637	882
K18638	0
K18639	0
K18640	1279
K18641	0
K18642	75
K18643	135
K18644	0
K18645	0
K18646	0
K18647	0
K18648	1
K18649	2961
K18650	1991
K18651	179
K18652	14
K18653	17
K18654	29
K18655	1
K18656	0
K18657	1972
K18658	0
K18659	0
K18660	48
K18661	1974
K18663	5
K18664	4
K18665	201
K18666	1
K18667	0
K18668	10
K18669	0
K18670	1
K18671	84
K18672	1710
K18673	610
K18674	0
K18675	403
K18676	4073
K18677	23
K18678	444
K18679	0
K18680	0
K18681	0
K18682	3096
K18683	18
K18684	2
K18685	0
K18686	0
K18687	467
K18688	96
K18689	0
K18690	5
K18691	5456
K18692	28
K18693	26
K18694	70
K18695	238
K18696	6
K18697	5421
K18698	464
K18699	55
K18700	945
K18701	8
K18702	4400
K18703	414
K18704	1200
K18705	0
K18706	280
K18707	4725
K18708	0
K18709	0
K18710	0
K18711	0
K18712	0
K18713	0
K18714	0
K18715	3
K18716	4
K18717	0
K18718	0
K18719	0
K18720	0
K18721	1
K18722	0
K18723	24
K18724	0
K18725	109
K18726	12
K18727	0
K18728	0
K18729	20
K18730	1
K18731	0
K18732	4
K18733	0
K18734	0
K18735	1
K18736	0
K18737	11
K18738	0
K18739	0
K18740	0
K18741	0
K18742	0
K18743	0
K18744	0
K18745	0
K18746	0
K18747	1
K18748	0
K18749	0
K18750	2
K18751	0
K18752	0
K18753	0
K18754	1
K18755	0
K18756	276
K18757	0
K18758	0
K18759	0
K18760	0
K18761	0
K18762	3
K18763	0
K18764	885
K18765	3551
K18766	15
K18767	1607
K18768	219
K18769	1
K18770	3
K18772	0
K18773	0
K18774	0
K18775	4
K18776	0
K18777	0
K18778	3617
K18779	300
K18780	79
K18781	86
K18782	86
K18783	16
K18784	0
K18785	653
K18786	281
K18787	47
K18788	0
K18789	10
K18790	49
K18791	96
K18792	42
K18793	13
K18794	6
K18795	150
K18796	119
K18797	138
K18798	52
K18799	1353
K18800	5964
K18801	4
K18802	4241
K18803	0
K18804	0
K18806	3
K18807	19
K18808	546
K18809	275
K18810	0
K18811	0
K18812	0
K18813	0
K18814	1881
K18815	2555
K18816	1545
K18817	79
K18818	5
K18819	150
K18820	853
K18821	3
K18822	0
K18823	0
K18824	334
K18825	3
K18826	0
K18827	368
K18828	3909
K18829	2676
K18830	1835
K18831	5333
K18832	0
K18833	76
K18834	0
K18835	0
K18836	0
K18837	643
K18838	656
K18839	840
K18840	495
K18841	1162
K18842	1223
K18843	4103
K18844	471
K18845	25
K18846	18
K18847	93
K18848	5
K18849	10
K18850	6040
K18851	30
K18852	4609
K18853	296
K18854	12
K18855	1907
K18856	1
K18857	0
K18858	0
K18859	0
K18860	0
K18861	0
K18862	202
K18866	2
K18873	0
K18874	53
K18875	19
K18876	73
K18877	9
K18878	0
K18879	263
K18880	0
K18881	3548
K18882	1
K18883	0
K18884	0
K18885	0
K18886	87
K18887	132
K18888	131
K18889	3439
K18890	3519
K18891	4
K18892	2
K18893	5866
K18894	7
K18895	54
K18896	2777
K18897	2552
K18898	1107
K18899	87
K18900	8406
K18901	3179
K18902	3172
K18903	3678
K18904	5842
K18905	2380
K18906	279
K18907	80
K18908	5465
K18909	1580
K18910	1983
K18911	3397
K18912	3993
K18913	658
K18914	366
K18915	176
K18916	279
K18917	1470
K18918	4587
K18919	250
K18920	447
K18921	416
K18922	301
K18923	2338
K18924	379
K18925	461
K18926	496
K18927	212
K18928	3879
K18929	3954
K18930	2266
K18931	907
K18932	2
K18933	197
K18934	5
K18935	64
K18936	449
K18937	87
K18938	5
K18939	804
K18940	1220
K18941	184
K18942	0
K18943	1
K18944	2
K18945	0
K18946	0
K18947	0
K18948	5
K18949	0
K18950	0
K18951	77
K18952	0
K18953	16
K18954	6489
K18955	13
K18956	0
K18957	0
K18958	8
K18959	1
K18960	55
K18961	0
K18962	141
K18963	0
K18964	0
K18966	45
K18967	5020
K18968	4360
K18969	1
K18970	13
K18971	9
K18972	31
K18973	45
K18974	743
K18975	249
K18976	51
K18977	5
K18978	2
K18979	9172
K18980	14
K18981	3081
K18982	1306
K18983	2706
K18984	325
K18985	0
K18986	6
K18987	602
K18988	4744
K18989	1993
K18990	2135
K18991	6130
K18992	257
K18993	5
K18994	0
K18995	0
K18996	1304
K18997	4479
K18998	0
K18999	0
K19000	2350
K19001	145
K19002	3130
K19003	1290
K19004	11
K19005	5777
K19006	0
K19007	78
K19008	0
K19009	0
K19010	0
K19011	0
K19012	0
K19013	6
K19014	1
K19015	0
K19016	0
K19017	0
K19018	41
K19019	0
K19020	0
K19021	0
K19022	0
K19023	0
K19024	0
K19025	0
K19026	0
K19027	3
K19028	3
K19029	2
K19030	0
K19031	64
K19032	0
K19033	691
K19034	0
K19035	0
K19036	2515
K19037	3
K19038	0
K19039	0
K19040	0
K19041	3
K19042	2
K19043	0
K19044	2
K19045	0
K19046	706
K19047	138
K19048	1369
K19049	616
K19050	113
K19051	444
K19052	853
K19053	430
K19054	21
K19055	4628
K19056	141
K19057	754
K19058	969
K19059	490
K19060	372
K19061	103
K19062	490
K19063	38
K19064	2190
K19065	512
K19066	4
K19067	5
K19068	987
K19069	49
K19070	0
K19071	0
K19072	1
K19073	489
K19074	5
K19075	194
K19076	309
K19077	2
K19078	33
K19079	2
K19080	3
K19081	64
K19082	85
K19083	8
K19084	47
K19085	0
K19086	3
K19087	0
K19088	52
K19089	0
K19090	106
K19091	367
K19092	6048
K19093	695
K19094	2
K19095	244
K19096	149
K19097	510
K19098	134
K19099	68
K19100	24
K19101	352
K19102	59
K19103	5
K19104	88
K19105	0
K19106	59
K19107	511
K19108	61
K19109	9
K19110	25
K19111	16
K19112	304
K19113	3802
K19114	105
K19115	119
K19116	122
K19117	765
K19118	771
K19119	782
K19120	2
K19121	17
K19122	9
K19123	682
K19124	740
K19125	742
K19126	817
K19127	835
K19128	943
K19129	944
K19130	1007
K19131	99
K19132	106
K19133	0
K19134	159
K19135	183
K19136	32
K19137	9
K19138	147
K19139	146
K19140	154
K19141	178
K19142	188
K19143	9
K19144	17
K19145	248
K19146	0
K19147	1938
K19148	416
K19149	7
K19150	0
K19151	0
K19152	0
K19153	0
K19154	0
K19155	785
K19156	2707
K19157	1532
K19158	2356
K19159	2684
K19160	400
K19161	87
K19162	1238
K19163	1752
K19164	1836
K19165	4280
K19166	2517
K19167	125
K19168	3479
K19169	1134
K19170	1572
K19171	3334
K19172	390
K19173	898
K19174	203
K19175	980
K19176	79
K19177	0
K19178	4
K19179	25
K19180	196
K19181	1124
K19182	0
K19183	72
K19184	0
K19185	202
K19186	10
K19187	42
K19188	82
K19189	611
K19190	6
K19191	1
K19192	0
K19193	0
K19194	2
K19195	0
K19196	0
K19197	1
K19198	0
K19199	1
K19200	2320
K19201	0
K19202	0
K19203	9
K19204	40
K19205	0
K19206	0
K19207	2
K19208	33
K19209	208
K19210	15
K19211	49
K19212	3
K19213	105
K19214	607
K19215	425
K19216	139
K19217	163
K19218	270
K19219	184
K19220	649
K19221	6653
K19222	5666
K19223	4250
K19224	351
K19225	3086
K19226	2271
K19227	2274
K19228	2274
K19229	2277
K19230	2276
K19231	3363
K19232	2243
K19233	1029
K19234	3224
K19235	2395
K19236	1792
K19237	249
K19238	246
K19239	7156
K19240	0
K19241	0
K19242	48
K19243	290
K19244	3434
K19245	120
K19246	134
K19247	0
K19248	0
K19249	0
K19251	0
K19252	0
K19253	0
K19254	0
K19255	0
K19256	0
K19257	0
K19258	0
K19259	0
K19260	0
K19261	0
K19262	47
K19263	0
K19264	0
K19265	4381
K19266	1372
K19267	7220
K19268	394
K19269	205
K19270	5519
K19271	1792
K19272	289
K19273	1035
K19274	127
K19275	128
K19276	49
K19277	3
K19278	194
K19279	53
K19280	6
K19281	0
K19282	0
K19283	0
K19284	0
K19285	1239
K19286	3616
K19287	1
K19288	1
K19289	5
K19290	1181
K19291	1509
K19292	1262
K19293	1103
K19294	4731
K19295	2139
K19296	1504
K19297	1
K19298	49
K19299	15
K19300	625
K19301	25
K19302	9459
K19303	4368
K19304	10833
K19305	16
K19306	1
K19307	146
K19308	2
K19309	27
K19310	814
K19311	4675
K19312	11
K19313	4
K19314	308
K19315	4
K19316	47
K19317	11
K19318	45
K19319	30
K19320	8
K19321	5
K19322	55
K19323	1
K19324	0
K19325	0
K19326	44
K19327	0
K19328	0
K19329	65
K19330	0
K19331	0
K19332	0
K19333	6416
K19334	2854
K19335	567
K19336	837
K19337	6694
K19338	4618
K19339	1590
K19340	1445
K19341	2981
K19342	2495
K19343	78
K19344	571
K19345	893
K19346	0
K19347	59
K19348	0
K19349	31
K19350	35
K19351	0
K19352	4
K19353	3721
K19354	1577
K19355	1542
K19356	2
K19357	0
K19358	0
K19360	2271
K19361	0
K19362	0
K19363	6
K19364	0
K19365	0
K19366	1
K19367	51
K19368	0
K19369	1
K19370	2054
K19371	1
K19372	0
K19373	1864
K19374	20
K19375	200
K19376	0
K19377	0
K19378	0
K19379	0
K19380	1
K19381	0
K19382	0
K19383	0
K19384	0
K19385	0
K19386	1
K19387	0
K19388	0
K19389	0
K19390	0
K19391	0
K19392	0
K19393	1
K19394	0
K19395	0
K19396	1
K19397	0
K19398	0
K19399	0
K19400	3
K19401	0
K19402	0
K19403	0
K19404	3
K19405	259
K19406	0
K19407	0
K19408	84
K19409	10
K19410	3
K19411	223
K19412	37
K19413	9
K19414	0
K19415	5
K19416	5919
K19417	1
K19418	409
K19419	1183
K19420	56
K19421	1
K19422	132
K19423	2208
K19424	256
K19425	559
K19426	120
K19427	1645
K19428	212
K19429	1292
K19430	1218
K19431	335
K19432	1
K19433	2
K19434	4
K19435	0
K19436	0
K19437	0
K19438	0
K19439	2
K19440	0
K19441	0
K19442	0
K19443	0
K19444	0
K19445	0
K19446	0
K19447	0
K19448	0
K19449	588
K19450	0
K19451	0
K19452	4
K19453	0
K19454	0
K19455	0
K19456	0
K19457	0
K19458	0
K19459	0
K19460	0
K19461	3
K19462	0
K19463	0
K19464	0
K19465	10
K19466	0
K19467	7
K19469	0
K19470	5
K19471	0
K19472	2
K19473	0
K19474	0
K19475	0
K19476	0
K19477	377
K19478	0
K19479	3
K19480	0
K19481	0
K19482	0
K19483	7
K19484	0
K19485	0
K19486	0
K19487	0
K19488	0
K19489	0
K19490	0
K19491	0
K19492	0
K19493	0
K19494	0
K19495	0
K19496	0
K19497	0
K19498	0
K19499	0
K19500	0
K19501	0
K19502	0
K19503	0
K19504	391
K19505	192
K19506	193
K19507	195
K19508	186
K19509	240
K19510	294
K19511	868
K19512	0
K19513	0
K19514	0
K19515	10
K19516	10
K19517	25
K19518	0
K19519	4560
K19520	0
K19521	0
K19522	0
K19523	0
K19524	0
K19525	1
K19526	0
K19527	1
K19528	1
K19529	0
K19530	11
K19531	0
K19532	121
K19533	150
K19534	0
K19535	0
K19536	0
K19537	0
K19538	0
K19539	0
K19540	763
K19541	4
K19542	528
K19543	0
K19544	1
K19545	332
K19546	186
K19547	1703
K19548	296
K19549	0
K19550	10
K19551	231
K19552	0
K19553	0
K19554	0
K19555	59
K19556	132
K19557	13
K19558	0
K19559	0
K19560	6
K19561	58
K19562	15
K19563	63
K19564	1093
K19565	0
K19566	2
K19567	221
K19568	132
K19569	7
K19570	928
K19571	0
K19572	93
K19573	0
K19574	1
K19575	252
K19576	968
K19577	7428
K19578	37
K19579	0
K19580	21
K19581	0
K19582	0
K19583	97
K19584	0
K19585	1163
K19586	3817
K19587	3886
K19588	8
K19589	5
K19590	0
K19591	7153
K19592	1163
K19593	117
K19594	337
K19595	356
K19596	0
K19597	2702
K19598	41
K19599	13
K19600	0
K19601	3
K19602	0
K19603	0
K19604	0
K19605	0
K19606	0
K19607	36
K19608	5
K19609	1108
K19610	1273
K19611	4618
K19612	17
K19613	3014
K19614	0
K19615	614
K19616	1430
K19617	43
K19618	69
K19619	429
K19620	2772
K19621	382
K19622	806
K19623	2158
K19624	108
K19625	0
K19626	62
K19627	0
K19628	0
K19629	3
K19630	788
K19631	0
K19632	3
K19633	188
K19634	0
K19635	0
K19636	308
K19637	0
K19638	0
K19639	170
K19640	531
K19641	439
K19642	0
K19643	3
K19644	15
K19645	22
K19646	0
K19647	465
K19648	275
K19649	41
K19650	0
K19651	0
K19652	2
K19653	8
K19654	0
K19655	0
K19656	2
K19657	7
K19658	917
K19659	181
K19660	0
K19661	620
K19662	0
K19663	0
K19664	194
K19665	108
K19666	1454
K19667	126
K19668	495
K19669	214
K19670	3941
K19671	6
K19672	7
K19673	216
K19674	0
K19675	0
K19676	9
K19677	19
K19678	0
K19679	2
K19680	2
K19681	31
K19682	0
K19683	108
K19684	0
K19685	5
K19686	1107
K19687	884
K19688	599
K19689	2271
K19690	1251
K19691	2288
K19692	958
K19693	3127
K19694	4860
K19695	27
K19696	1674
K19697	291
K19698	0
K19699	15
K19700	2412
K19701	3745
K19702	429
K19703	1128
K19704	0
K19705	0
K19706	688
K19707	1246
K19708	4
K19709	166
K19710	3955
K19711	1652
K19712	310
K19713	2695
K19714	367
K19715	409
K19716	28
K19717	0
K19718	0
K19719	3
K19720	0
K19721	5
K19722	3
K19723	123
K19724	284
K19725	410
K19726	331
K19727	756
K19728	0
K19729	0
K19730	0
K19731	514
K19732	588
K19733	73
K19734	685
K19735	10
K19736	5080
K19737	63
K19738	0
K19739	0
K19740	0
K19741	20
K19742	1138
K19743	886
K19744	935
K19745	5587
K19746	2195
K19747	0
K19748	1
K19749	0
K19750	0
K19751	0
K19752	0
K19753	0
K19754	0
K19755	1275
K19756	0
K19757	0
K19758	8
K19759	0
K19760	389
K19761	3017
K19762	0
K19763	0
K19764	0
K19765	0
K19766	1
K19767	0
K19768	0
K19769	0
K19770	0
K19771	0
K19772	34
K19773	0
K19774	0
K19775	1586
K19776	4025
K19777	369
K19778	739
K19779	404
K19780	40
K19781	106
K19782	0
K19783	1465
K19784	7502
K19785	17
K19786	0
K19787	6
K19788	11309
K19789	5015
K19790	0
K19791	227
K19792	2510
K19793	4740
K19794	6
K19795	1906
K19796	0
K19797	343
K19798	1
K19799	0
K19800	0
K19801	303
K19802	4592
K19803	2119
K19804	5955
K19805	0
K19806	0
K19807	0
K19808	0
K19809	363
K19810	3455
K19811	204
K19812	0
K19813	3497
K19814	18
K19815	13
K19816	1
K19817	0
K19818	0
K19819	3
K19820	2
K19821	0
K19822	1
K19823	128
K19824	415
K19825	0
K19826	2
K19827	0
K19828	4
K19829	1
K19830	0
K19831	9
K19832	0
K19833	0
K19834	0
K19835	0
K19836	0
K19837	1193
K19838	0
K19839	17
K19840	4
K19841	412
K19842	0
K19843	0
K19844	0
K19845	0
K19846	43
K19847	0
K19848	1
K19849	0
K19850	1
K19851	0
K19852	0
K19853	96
K19854	2
K19855	5
K19856	420
K19857	0
K19858	0
K19859	0
K19860	0
K19861	0
K19862	0
K19863	0
K19864	0
K19865	36
K19866	0
K19867	15
K19868	3
K19869	0
K19870	147
K19871	9
K19872	85
K19873	7
K19874	0
K19875	0
K19876	30
K19877	1
K19878	3
K19879	0
K19880	0
K19881	0
K19882	395
K19883	4
K19884	0
K19885	9
K19886	0
K19887	5
K19888	16
K19889	6
K19890	17
K19891	0
K19892	0
K19893	27
K19894	0
K19895	0
K19896	0
K19897	23
K19898	0
K19899	2
K19900	0
K19901	0
K19902	0
K19903	0
K19904	0
K19905	0
K19906	0
K19907	0
K19908	0
K19909	0
K19910	0
K19911	0
K19912	0
K19913	0
K19914	4
K19915	0
K19916	0
K19917	0
K19918	0
K19919	0
K19920	0
K19921	0
K19922	15
K19923	0
K19924	0
K19925	0
K19926	0
K19927	0
K19928	0
K19929	0
K19930	0
K19931	0
K19932	31
K19933	0
K19934	14
K19935	5
K19936	0
K19937	1
K19938	1
K19939	0
K19940	1
K19941	0
K19942	3
K19943	0
K19944	0
K19945	0
K19946	1
K19947	0
K19948	0
K19949	0
K19950	0
K19951	0
K19952	0
K19953	0
K19954	3978
K19955	692
K19956	498
K19957	1
K19958	4
K19959	5
K19960	83
K19961	587
K19962	1364
K19963	60
K19964	0
K19965	210
K19966	272
K19967	1411
K19968	0
K19969	65
K19970	550
K19971	0
K19972	0
K19973	13
K19974	28
K19975	12
K19976	64
K19977	69
K19978	88
K19979	19
K19980	3
K19981	293
K19982	193
K19983	0
K19984	1
K19985	0
K19986	0
K19987	0
K19988	0
K19989	0
K19990	0
K19991	0
K19992	0
K19993	0
K19994	0
K19995	1
K19996	0
K19997	3578
K19998	0
K19999	1
K20000	8
K20001	0
K20002	0
K20003	0
K20004	0
K20005	0
K20006	2
K20007	0
K20008	4
K20009	0
K20010	1
K20011	86
K20012	0
K20013	0
K20014	0
K20015	0
K20016	0
K20017	0
K20018	0
K20019	0
K20020	0
K20021	2
K20022	3
K20023	1177
K20024	20
K20025	1
K20026	7
K20027	0
K20028	0
K20029	0
K20030	0
K20031	0
K20032	496
K20033	3
K20034	5251
K20035	6435
K20036	976
K20037	600
K20038	1306
K20039	131
K20040	7
K20041	0
K20042	0
K20043	0
K20044	0
K20045	49
K20046	17
K20047	4
K20048	0
K20049	0
K20050	1
K20051	316
K20052	3
K20053	4
K20054	0
K20055	0
K20056	0
K20057	2
K20058	0
K20059	0
K20060	0
K20061	1
K20062	0
K20063	0
K20064	0
K20065	0
K20066	0
K20067	0
K20068	0
K20069	0
K20070	0
K20071	6
K20072	0
K20073	15
K20074	4841
K20075	4
K20076	477
K20077	127
K20078	40
K20079	395
K20080	1
K20081	50
K20082	351
K20084	107
K20085	2
K20086	64
K20087	106
K20088	61
K20089	58
K20090	61
K20091	0
K20092	401
K20093	75
K20094	0
K20095	0
K20096	13
K20097	155
K20098	10
K20099	2
K20100	0
K20101	0
K20102	0
K20103	6
K20104	0
K20105	0
K20106	0
K20108	167
K20109	85
K20110	480
K20111	5
K20112	1
K20113	0
K20114	8
K20115	2
K20118	684
K20119	0
K20120	0
K20121	1
K20122	0
K20123	0
K20124	0
K20125	0
K20126	0
K20127	0
K20128	0
K20129	16
K20130	0
K20131	0
K20132	0
K20133	0
K20134	0
K20135	2
K20136	27
K20137	0
K20138	490
K20139	0
K20140	12
K20141	109
K20142	0
K20143	5
K20144	2
K20145	9
K20146	56
K20147	14
K20148	45
K20149	8
K20150	383
K20151	572
K20152	10
K20153	0
K20154	4
K20155	6
K20156	482
K20157	410
K20158	83
K20159	61
K20160	0
K20161	0
K20162	2
K20163	8
K20164	0
K20165	0
K20166	7
K20167	0
K20168	0
K20169	13
K20170	367
K20171	16
K20172	26
K20173	1
K20174	0
K20175	92
K20176	0
K20177	0
K20178	0
K20179	1
K20180	0
K20181	0
K20182	0
K20183	2
K20184	0
K20185	0
K20186	1
K20187	0
K20188	0
K20189	0
K20190	0
K20191	0
K20192	0
K20193	1
K20194	0
K20195	0
K20196	1
K20197	0
K20198	1
K20199	495
K20200	226
K20201	893
K20202	1
K20203	426
K20204	21
K20205	2
K20206	106
K20207	14
K20208	35
K20209	15
K20210	0
K20211	0
K20212	0
K20213	0
K20214	0
K20215	3
K20216	11
K20217	0
K20218	91
K20219	5
K20220	0
K20221	0
K20222	5
K20223	0
K20224	0
K20225	0
K20226	0
K20227	1
K20228	0
K20229	0
K20230	2
K20231	0
K20232	0
K20233	0
K20234	0
K20235	6
K20236	0
K20237	161
K20238	8
K20239	0
K20240	0
K20241	6
K20242	3
K20243	0
K20244	0
K20245	6
K20246	56
K20247	2
K20248	103
K20249	321
K20250	87
K20251	70
K20252	105
K20253	1
K20254	9
K20255	7
K20256	54
K20257	1628
K20258	76
K20259	22
K20260	132
K20261	141
K20262	130
K20263	2465
K20264	1746
K20265	1695
K20266	2432
K20267	647
K20268	265
K20269	2929
K20270	23
K20271	58
K20272	166
K20273	381
K20274	808
K20275	651
K20276	1317
K20277	266
K20278	0
K20279	0
K20280	0
K20281	6
K20282	699
K20283	1129
K20284	0
K20285	339
K20286	51
K20287	0
K20288	0
K20289	0
K20290	0
K20291	2
K20292	1
K20293	0
K20294	0
K20295	0
K20296	0
K20297	2
K20298	339
K20299	0
K20300	0
K20301	0
K20302	0
K20303	0
K20304	0
K20305	0
K20306	0
K20307	0
K20308	4
K20309	33
K20310	0
K20311	0
K20312	0
K20313	0
K20314	0
K20315	13
K20316	0
K20317	1
K20318	0
K20319	317
K20320	752
K20321	0
K20322	0
K20323	0
K20324	3
K20325	802
K20326	347
K20327	1224
K20328	194
K20329	2203
K20330	1108
K20331	3214
K20332	238
K20333	3844
K20334	272
K20335	0
K20336	0
K20337	2
K20338	2
K20339	1
K20340	0
K20341	5
K20342	36
K20343	31
K20344	1403
K20345	754
K20346	0
K20347	8
K20348	0
K20349	0
K20350	0
K20351	0
K20352	0
K20353	0
K20354	1
K20355	0
K20356	2
K20357	12
K20358	22
K20359	0
K20360	0
K20361	577
K20362	0
K20363	0
K20364	0
K20365	0
K20366	0
K20367	0
K20368	0
K20369	37
K20370	96
K20371	19
K20372	0
K20373	106
K20374	69
K20375	8
K20376	0
K20377	0
K20378	0
K20379	36
K20380	0
K20381	0
K20382	1
K20383	0
K20384	0
K20385	305
K20386	3
K20387	0
K20388	9
K20389	0
K20390	0
K20391	349
K20392	0
K20393	0
K20394	125
K20395	0
K20396	2
K20397	0
K20398	0
K20399	0
K20400	0
K20401	0
K20402	0
K20403	0
K20404	0
K20405	0
K20406	0
K20407	0
K20408	0
K20409	0
K20410	0
K20411	0
K20412	23
K20413	2
K20414	0
K20415	72
K20416	5
K20417	23
K20418	784
K20419	491
K20420	215
K20421	305
K20422	20
K20423	32
K20424	18
K20425	10
K20426	5
K20427	5
K20428	5
K20429	2125
K20430	5
K20431	331
K20432	32
K20433	12
K20434	12
K20435	29
K20436	2
K20437	1069
K20438	73
K20439	1
K20440	0
K20441	0
K20442	3
K20443	0
K20444	2629
K20445	4
K20446	25
K20447	44
K20448	409
K20449	753
K20450	1
K20451	246
K20452	242
K20453	366
K20454	1350
K20455	3879
K20456	0
K20457	3
K20458	6
K20459	873
K20460	91
K20461	416
K20462	0
K20463	0
K20464	0
K20465	0
K20466	15
K20467	27
K20468	571
K20469	3504
K20470	30
K20471	0
K20472	0
K20473	0
K20474	8
K20475	0
K20476	0
K20477	3
K20478	21
K20479	0
K20480	2768
K20481	0
K20482	0
K20483	536
K20484	514
K20485	1346
K20486	97
K20487	532
K20488	111
K20489	3
K20490	113
K20491	11
K20492	0
K20493	0
K20494	0
K20495	0
K20496	0
K20497	26
K20498	104
K20499	417
K20500	17
K20501	5
K20502	0
K20503	0
K20504	0
K20505	0
K20506	0
K20507	0
K20508	1088
K20509	1910
K20510	73
K20511	72
K20512	0
K20513	0
K20514	0
K20515	0
K20516	0
K20517	0
K20518	0
K20519	0
K20520	1
K20521	10
K20522	0
K20523	2807
K20524	0
K20525	2071
K20526	3
K20527	1843
K20528	1843
K20529	1908
K20530	1982
K20531	2531
K20532	1960
K20533	2188
K20534	6092
K20535	0
K20536	0
K20537	0
K20538	0
K20539	645
K20540	21
K20541	3205
K20542	2913
K20543	5330
K20544	0
K20545	0
K20546	0
K20547	1126
K20548	51
K20549	361
K20550	88
K20551	13
K20552	19
K20553	0
K20555	155
K20556	0
K20557	0
K20558	0
K20559	0
K20560	0
K20561	0
K20562	0
K20563	0
K20564	0
K20565	94
K20566	0
K20567	3
K20568	1
K20569	600
K20570	32
K20571	1
K20572	0
K20573	0
K20574	79
K20575	0
K20576	21
K20577	11
K20578	0
K20579	0
K20580	0
K20581	0
K20582	0
K20583	19
K20584	5
K20585	0
K20586	0
K20587	3
K20588	0
K20589	0
K20590	1
K20591	4
K20592	3
K20593	1
K20594	0
K20595	0
K20596	0
K20597	0
K20598	0
K20599	0
K20600	0
K20602	0
K20603	3
K20604	8
K20605	0
K20606	2
K20607	0
K20608	1768
K20609	114
K20610	122
K20611	917
K20612	0
K20613	2423
K20614	27
K20615	2
K20616	16
K20617	0
K20618	0
K20619	0
K20620	0
K20621	0
K20622	0
K20623	0
K20624	0
K20625	30
K20626	0
K20627	0
K20628	388
K20629	0
K20630	2
K20631	0
K20632	4
K20633	0
K20634	0
K20635	1
K20636	1
K20637	0
K20638	0
K20639	2
K20640	6
K20641	0
K20642	22
K20643	4
K20644	0
K20645	0
K20646	0
K20647	0
K20648	0
K20649	0
K20650	0
K20651	0
K20652	0
K20653	0
K20654	2
K20655	0
K20656	147
K20657	0
K20658	0
K20659	5
K20660	0
K20661	0
K20662	0
K20663	0
K20664	0
K20665	0
K20666	0
K20667	0
K20668	1
K20669	0
K20670	0
K20671	1
K20672	0
K20673	0
K20674	6
K20675	0
K20676	0
K20677	1
K20678	76
K20679	1816
K20680	1380
K20681	11
K20682	1
K20683	0
K20684	0
K20685	2
K20686	0
K20687	0
K20688	0
K20689	5
K20690	0
K20691	0
K20692	312
K20693	0
K20694	0
K20695	0
K20696	2
K20697	56
K20698	0
K20699	0
K20700	1
K20701	10
K20702	0
K20703	1
K20704	1
K20705	14
K20706	0
K20707	0
K20708	29
K20709	0
K20710	5
K20711	1
K20712	9279
K20713	0
K20714	0
K20715	2349
K20716	1
K20717	0
K20718	9
K20719	2
K20720	0
K20721	0
K20722	0
K20723	1
K20724	0
K20725	0
K20726	0
K20727	0
K20728	1535
K20729	0
K20730	4
K20731	2
K20732	17
K20733	0
K20734	0
K20735	0
K20736	1
K20737	0
K20738	0
K20739	2
K20740	1
K20741	8
K20742	4416
K20743	1
K20744	2
K20745	0
K20746	0
K20747	0
K20748	0
K20749	56
K20750	7
K20751	0
K20752	0
K20753	0
K20754	373
K20755	698
K20756	0
K20757	1408
K20758	180
K20759	2
K20760	68
K20761	126
K20762	60
K20763	3
K20764	0
K20765	183
K20766	240
K20767	0
K20768	0
K20769	0
K20770	0
K20771	0
K20772	13
K20773	2
K20774	0
K20775	0
K20776	0
K20777	942
K20778	0
K20779	0
K20780	138
K20781	0
K20782	0
K20783	0
K20784	111
K20785	0
K20786	0
K20787	7
K20788	15
K20789	0
K20790	15
K20791	0
K20792	33
K20793	24
K20794	15
K20795	0
K20796	0
K20797	0
K20798	301
K20799	0
K20800	0
K20801	676
K20802	249
K20803	0
K20804	0
K20805	0
K20806	0
K20807	1497
K20808	5
K20809	0
K20810	1242
K20811	1
K20812	0
K20813	2
K20814	21
K20815	0
K20816	1885
K20817	395
K20818	0
K20819	0
K20820	0
K20821	0
K20822	0
K20823	0
K20824	0
K20825	2
K20826	0
K20827	0
K20828	7
K20829	33
K20830	206
K20831	2
K20832	242
K20833	1
K20834	0
K20835	0
K20836	542
K20837	0
K20838	505
K20839	0
K20840	0
K20841	43
K20842	0
K20843	17
K20844	128
K20845	57
K20846	1100
K20847	236
K20848	0
K20849	0
K20850	60
K20851	372
K20852	0
K20853	59
K20854	1
K20855	0
K20856	0
K20857	1
K20858	3
K20859	51
K20860	78
K20861	1465
K20862	5305
K20863	0
K20864	21
K20865	49
K20866	5349
K20867	1
K20868	2
K20869	0
K20870	52
K20871	0
K20872	0
K20873	0
K20875	0
K20876	0
K20877	3
K20878	1
K20879	1
K20880	0
K20881	3271
K20882	215
K20883	221
K20884	50
K20885	1720
K20886	0
K20887	4
K20888	0
K20889	10
K20890	12
K20891	422
K20892	3
K20893	4
K20894	0
K20895	274
K20896	1
K20897	0
K20898	0
K20899	9
K20900	218
K20901	0
K20902	331
K20903	7
K20904	45
K20906	59
K20907	20
K20908	0
K20909	0
K20910	0
K20911	0
K20912	0
K20913	0
K20914	0
K20915	2
K20916	0
K20917	0
K20918	1688
K20919	368
K20920	3107
K20921	55
K20922	762
K20923	2
K20924	0
K20925	0
K20926	2
K20927	607
K20928	1
K20929	1
K20930	3
K20931	284
K20932	991
K20933	55
K20934	108
K20935	0
K20936	246
K20937	643
K20938	2978
K20939	10
K20940	1582
K20941	341
K20942	250
K20943	50
K20944	3
K20945	67
K20946	271
K20947	343
K20948	208
K20949	226
K20950	2830
K20951	83
K20952	165
K20953	61
K20954	53
K20955	574
K20956	468
K20957	205
K20958	407
K20959	573
K20960	418
K20961	47
K20962	2893
K20963	2618
K20964	1332
K20965	993
K20966	516
K20967	116
K20968	2853
K20971	4148
K20972	3145
K20973	2006
K20974	7281
K20975	5554
K20976	4924
K20977	2457
K20978	2140
K20979	0
K20980	0
K20981	0
K20982	0
K20983	0
K20984	1
K20985	2
K20986	485
K20987	1255
K20988	2315
K20989	186
K20990	3
K20991	0
K20992	445
K20993	35
K20994	0
K20995	0
K20996	2
K20997	3970
K20998	364
K20999	1528
K21000	3432
K21001	4319
K21002	328
K21003	811
K21004	339
K21005	866
K21006	838
K21007	1015
K21008	2225
K21009	845
K21010	903
K21011	965
K21012	810
K21013	7
K21014	927
K21015	0
K21016	964
K21017	1
K21018	0
K21019	6792
K21020	713
K21021	7153
K21022	6622
K21023	6911
K21024	8099
K21025	2483
K21026	0
K21027	468
K21028	947
K21029	7273
K21030	356
K21031	0
K21032	1
K21033	175
K21034	365
K21035	0
K21036	227
K21037	16
K21038	112
K21039	1212
K21040	0
K21041	0
K21042	0
K21043	0
K21044	0
K21045	0
K21046	0
K21047	0
K21048	0
K21049	0
K21050	0
K21051	0
K21052	25
K21053	3909
K21054	6653
K21055	107
K21056	8
K21057	1061
K21058	1
K21059	0
K21060	3053
K21061	3662
K21062	3914
K21063	370
K21064	5451
K21065	464
K21066	4
K21067	0
K21068	0
K21069	0
K21070	0
K21071	2582
K21072	0
K21073	0
K21074	0
K21075	0
K21076	1
K21077	1
K21078	0
K21079	0
K21080	0
K21081	0
K21082	0
K21083	0
K21084	8082
K21085	2969
K21086	1148
K21087	4204
K21088	4883
K21089	5207
K21090	905
K21092	0
K21093	0
K21094	0
K21095	0
K21096	0
K21097	0
K21098	0
K21099	0
K21100	0
K21101	1437
K21102	0
K21103	11
K21104	176
K21105	792
K21106	761
K21107	5
K21108	18
K21109	0
K21110	4
K21111	0
K21112	0
K21113	2
K21114	0
K21115	1
K21116	158
K21117	208
K21118	174
K21119	25
K21120	4
K21121	5
K21122	0
K21123	0
K21124	88
K21126	0
K21127	7
K21128	7
K21129	1
K21130	242
K21131	247
K21132	178
K21133	967
K21134	2636
K21135	1372
K21136	2205
K21137	3111
K21138	2911
K21140	2687
K21141	0
K21142	2141
K21143	0
K21144	0
K21145	0
K21146	25
K21147	4944
K21148	14
K21149	0
K21150	0
K21151	0
K21152	0
K21153	1
K21154	74
K21155	4
K21156	0
K21157	1
K21158	0
K21159	1856
K21160	2
K21161	13
K21162	2012
K21163	130
K21164	2686
K21165	3
K21166	16
K21167	118
K21168	112
K21169	247
K21170	71
K21171	5
K21172	2135
K21173	2
K21174	131
K21175	1
K21176	149
K21177	580
K21178	2
K21179	1
K21180	1
K21181	52
K21182	7
K21183	83
K21184	950
K21185	2213
K21186	33
K21187	0
K21188	12
K21189	204
K21190	98
K21191	0
K21192	1
K21193	59
K21194	0
K21195	400
K21196	1566
K21197	5
K21198	7
K21199	136
K21200	201
K21201	1
K21202	0
K21203	0
K21204	0
K21205	0
K21206	0
K21207	0
K21208	0
K21209	125
K21210	349
K21211	714
K21212	9
K21213	0
K21214	1059
K21215	305
K21216	92
K21217	795
K21218	2517
K21219	41
K21220	0
K21221	475
K21222	1
K21223	0
K21224	7
K21225	0
K21226	48
K21227	0
K21228	0
K21229	0
K21230	0
K21231	164
K21232	167
K21233	0
K21234	0
K21235	0
K21236	14
K21237	3
K21238	107
K21239	87
K21240	1
K21241	0
K21242	0
K21243	0
K21244	0
K21245	0
K21246	28
K21247	0
K21248	0
K21249	7
K21250	0
K21251	14
K21252	155
K21253	508
K21254	3
K21255	302
K21256	33
K21257	1
K21258	245
K21259	2
K21260	0
K21261	3
K21262	0
K21263	0
K21264	532
K21265	552
K21266	50
K21267	379
K21268	0
K21269	0
K21270	0
K21271	99
K21272	59
K21273	12
K21274	0
K21275	0
K21276	73
K21277	27
K21278	43
K21279	82
K21280	2
K21281	132
K21282	67
K21283	13
K21284	2666
K21285	1016
K21286	15
K21287	12
K21288	201
K21289	0
K21290	0
K21291	0
K21292	0
K21293	0
K21294	0
K21295	1
K21296	0
K21297	33
K21298	180
K21299	0
K21300	0
K21301	0
K21302	486
K21303	1463
K21304	301
K21305	0
K21306	363
K21307	961
K21308	998
K21309	1017
K21310	4576
K21311	1
K21312	275
K21313	86
K21314	0
K21315	0
K21316	0
K21317	1
K21318	1
K21319	1
K21320	1
K21321	1
K21322	1
K21323	161
K21324	83
K21325	8
K21326	0
K21327	0
K21328	88
K21329	0
K21330	0
K21331	49
K21332	140
K21333	1
K21335	17
K21336	13
K21337	4
K21338	0
K21339	0
K21340	0
K21341	1
K21342	0
K21343	0
K21344	1997
K21345	1860
K21346	0
K21347	75
K21348	139
K21349	37
K21350	69
K21351	0
K21352	0
K21353	164
K21354	0
K21355	8
K21356	1642
K21357	0
K21358	4
K21359	69
K21360	12
K21361	0
K21362	1
K21363	35
K21364	187
K21365	145
K21366	51
K21367	324
K21368	56
K21369	26
K21370	0
K21371	0
K21372	0
K21373	0
K21374	0
K21375	47
K21376	0
K21377	1058
K21378	51
K21379	408
K21380	0
K21381	0
K21382	0
K21383	0
K21384	0
K21385	0
K21386	0
K21387	0
K21388	0
K21389	0
K21390	0
K21391	0
K21392	1
K21393	4085
K21394	4950
K21395	6450
K21396	2
K21397	2610
K21398	16
K21399	7
K21400	7
K21401	1297
K21402	3890
K21403	0
K21404	1
K21405	5628
K21406	0
K21407	1288
K21408	1
K21409	0
K21410	0
K21411	30
K21412	5
K21413	15
K21414	2
K21415	121
K21416	2090
K21417	2038
K21418	65
K21419	33
K21420	6950
K21421	0
K21422	0
K21423	2
K21424	0
K21425	0
K21426	0
K21427	0
K21428	103
K21429	313
K21430	8110
K21431	133
K21432	8
K21433	46
K21434	22
K21435	72
K21436	0
K21437	3
K21438	0
K21439	538
K21440	3251
K21441	5
K21442	362
K21443	0
K21444	0
K21445	0
K21446	0
K21447	0
K21448	0
K21449	759
K21450	0
K21451	0
K21452	0
K21453	1800
K21454	465
K21455	0
K21456	179
K21457	72
K21458	0
K21459	45
K21460	1223
K21461	0
K21462	155
K21463	601
K21464	115
K21465	4
K21466	1
K21467	76
K21468	3
K21469	4537
K21470	6633
K21471	744
K21472	3759
K21473	68
K21474	1
K21475	0
K21476	0
K21477	0
K21478	5361
K21479	227
K21480	181
K21481	338
K21482	0
K21483	0
K21484	0
K21485	0
K21486	97
K21487	316
K21488	555
K21489	37
K21490	59
K21491	9
K21492	339
K21493	4
K21494	58
K21495	3707
K21496	115
K21497	40
K21498	4903
K21499	171
K21500	14
K21501	35
K21502	233
K21503	16
K21504	0
K21505	0
K21506	15
K21507	701
K21508	45
K21509	0
K21510	0
K21511	742
K21512	2164
K21513	0
K21514	58
K21515	3
K21516	0
K21517	0
K21518	0
K21519	8
K21520	0
K21521	0
K21522	10
K21523	304
K21524	0
K21525	109
K21526	111
K21527	138
K21528	3175
K21529	1
K21530	74
K21531	2
K21532	0
K21533	5
K21534	3
K21535	0
K21536	0
K21537	0
K21538	0
K21539	0
K21540	108
K21541	0
K21542	0
K21543	2
K21544	0
K21545	0
K21546	0
K21547	0
K21548	2
K21549	0
K21550	0
K21551	0
K21552	1476
K21553	11
K21554	0
K21555	262
K21556	1493
K21557	730
K21558	0
K21559	251
K21560	0
K21561	279
K21562	3290
K21563	5187
K21564	1993
K21565	1
K21566	232
K21567	2849
K21568	56
K21569	185
K21570	50
K21571	1547
K21572	1606
K21573	1777
K21574	2163
K21575	1698
K21576	57
K21577	62
K21578	6
K21579	6
K21580	0
K21581	0
K21582	0
K21583	9
K21584	7
K21585	186
K21586	7
K21587	0
K21588	0
K21589	161
K21590	0
K21591	503
K21592	17
K21593	0
K21594	4
K21595	0
K21596	10
K21597	0
K21598	0
K21599	0
K21600	1372
K21601	12
K21602	1722
K21603	778
K21604	2
K21605	0
K21606	1751
K21607	1186
K21608	36
K21609	1
K21610	5
K21611	0
K21612	6
K21613	837
K21614	869
K21615	487
K21616	128
K21617	195
K21618	21
K21619	111
K21620	1081
K21621	855
K21622	527
K21623	0
K21624	436
K21625	32
K21626	0
K21627	0
K21628	0
K21629	0
K21630	0
K21631	0
K21632	0
K21633	0
K21634	0
K21635	0
K21636	4805
K21637	89
K21638	298
K21639	103
K21640	0
K21641	0
K21642	0
K21643	0
K21644	7
K21645	3836
K21646	0
K21647	108
K21648	2
K21649	0
K21650	0
K21651	0
K21652	0
K21653	0
K21654	0
K21655	0
K21656	0
K21657	0
K21658	0
K21659	0
K21660	0
K21661	0
K21662	0
K21663	0
K21664	1
K21665	0
K21666	0
K21667	0
K21668	0
K21669	0
K21670	0
K21671	0
K21672	118
K21673	0
K21674	0
K21675	0
K21676	18
K21677	2197
K21678	1218
K21679	1824
K21680	0
K21681	224
K21682	2
K21683	0
K21684	6
K21685	112
K21686	4017
K21687	1613
K21688	40
K21689	3
K21690	3
K21691	4
K21692	0
K21693	0
K21694	227
K21695	4818
K21696	927
K21697	54
K21698	6394
K21699	3205
K21700	1888
K21701	264
K21702	577
K21703	8175
K21704	0
K21705	0
K21706	0
K21707	0
K21708	0
K21709	0
K21710	0
K21711	1842
K21712	2035
K21713	5
K21714	0
K21715	0
K21716	0
K21717	0
K21718	0
K21719	0
K21720	0
K21721	384
K21722	1290
K21723	63
K21724	548
K21725	178
K21726	22
K21727	1035
K21728	7
K21729	5
K21730	94
K21731	42
K21732	0
K21733	0
K21734	0
K21735	0
K21736	0
K21737	52
K21738	23
K21739	1424
K21740	850
K21741	2389
K21742	168
K21743	65
K21744	2910
K21745	1521
K21746	167
K21747	1771
K21748	36
K21749	230
K21750	71
K21751	0
K21752	0
K21753	0
K21754	0
K21755	223
K21756	262
K21757	7299
K21758	501
K21759	685
K21760	18
K21761	2
K21762	0
K21763	0
K21764	51
K21765	0
K21766	0
K21767	2
K21768	4
K21769	0
K21770	0
K21771	0
K21772	140
K21773	0
K21774	0
K21775	0
K21776	0
K21777	0
K21778	100
K21779	54
K21780	95
K21781	241
K21782	152
K21783	90
K21784	225
K21785	1157
K21786	1128
K21787	128
K21788	27
K21789	46
K21790	266
K21791	7
K21792	1069
K21793	354
K21794	0
K21795	35
K21796	0
K21797	0
K21798	0
K21799	0
K21800	0
K21801	685
K21802	2045
K21803	15
K21804	84
K21805	0
K21806	4
K21807	0
K21808	0
K21809	0
K21810	0
K21811	0
K21812	0
K21813	0
K21814	50
K21815	39
K21816	7
K21817	346
K21818	1
K21819	0
K21820	0
K21821	143
K21822	440
K21823	1
K21824	0
K21825	1679
K21826	3890
K21827	13
K21828	50
K21829	4013
K21830	1710
K21831	447
K21832	2888
K21833	1832
K21834	3082
K21835	0
K21836	0
K21837	0
K21838	1
K21839	32
K21840	20
K21841	1
K21842	0
K21843	72
K21844	0
K21845	0
K21846	0
K21847	0
K21848	0
K21849	0
K21850	105
K21851	0
K21852	0
K21853	0
K21854	0
K21855	0
K21856	0
K21857	0
K21858	0
K21859	0
K21860	0
K21861	0
K21862	0
K21863	0
K21864	0
K21865	16
K21866	246
K21867	0
K21868	0
K21869	0
K21870	0
K21871	2
K21872	0
K21873	0
K21874	2
K21875	0
K21876	0
K21877	8
K21878	218
K21879	12
K21880	0
K21881	3
K21882	0
K21883	2027
K21884	25
K21885	2626
K21886	288
K21887	11
K21888	2
K21889	0
K21890	0
K21891	0
K21892	1
K21893	77
K21894	8
K21895	0
K21896	4
K21897	0
K21898	850
K21899	81
K21900	6391
K21901	52
K21902	802
K21903	3984
K21904	853
K21905	44
K21906	4798
K21907	71
K21908	4591
K21909	439
K21910	732
K21911	495
K21912	6
K21913	1
K21914	0
K21915	0
K21916	0
K21917	0
K21918	0
K21919	2160
K21920	0
K21921	0
K21922	0
K21923	1
K21924	0
K21925	0
K21926	0
K21927	27
K21928	0
K21929	6375
K21930	0
K21931	0
K21932	0
K21933	0
K21934	33
K21935	166
K21936	1189
K21937	0
K21938	0
K21939	0
K21940	0
K21941	0
K21942	0
K21943	1
K21944	0
K21945	0
K21946	35
K21947	149
K21948	2763
K21949	492
K21950	0
K21951	0
K21952	4
K21953	0
K21954	691
K21955	8
K21956	51
K21957	0
K21958	0
K21959	4264
K21960	19
K21961	2419
K21962	1892
K21963	407
K21964	471
K21965	1559
K21966	1758
K21967	446
K21968	643
K21969	2
K21970	81
K21971	0
K21972	1357
K21973	4723
K21974	592
K21975	669
K21976	663
K21977	31
K21978	0
K21979	0
K21980	0
K21981	0
K21982	0
K21983	0
K21984	0
K21985	0
K21986	0
K21987	0
K21988	0
K21989	0
K21990	2872
K21991	45
K21992	7
K21993	2098
K21994	0
K21995	0
K21996	0
K21997	0
K21998	0
K21999	0
K22000	0
K22001	0
K22002	0
K22003	2260
K22004	11
K22005	0
K22006	0
K22007	5
K22008	0
K22009	3
K22010	3227
K22011	3
K22012	1
K22013	0
K22014	554
K22015	1244
K22017	25
K22018	0
K22019	0
K22021	0
K22022	0
K22023	154
K22024	2038
K22025	2353
K22026	2078
K22027	1704
K22028	0
K22029	0
K22030	1
K22031	4
K22032	0
K22033	297
K22034	0
K22035	0
K22036	0
K22037	0
K22038	8
K22039	0
K22040	0
K22041	5653
K22042	6547
K22043	1209
K22044	4014
K22045	0
K22046	0
K22047	5
K22048	0
K22049	0
K22050	0
K22051	3303
K22052	0
K22053	1
K22054	0
K22055	1
K22056	0
K22057	0
K22058	0
K22059	0
K22060	1
K22061	0
K22062	0
K22063	918
K22064	0
K22065	0
K22066	982
K22067	3547
K22068	5531
K22069	0
K22070	0
K22071	1468
K22072	1501
K22073	389
K22074	3910
K22075	28
K22076	0
K22077	212
K22078	23
K22079	2
K22080	0
K22081	1278
K22082	1319
K22083	6106
K22084	969
K22085	945
K22086	979
K22087	958
K22088	5
K22089	272
K22090	0
K22091	1
K22092	0
K22093	0
K22094	0
K22095	0
K22096	0
K22097	0
K22098	0
K22099	54
K22100	23
K22101	241
K22102	9
K22103	257
K22104	1276
K22105	4575
K22106	3601
K22107	1669
K22108	6818
K22109	2706
K22110	1691
K22111	49
K22112	274
K22113	4
K22114	305
K22115	1520
K22116	244
K22117	0
K22118	15
K22119	1
K22120	7
K22121	0
K22122	0
K22123	4
K22124	2690
K22125	0
K22126	0
K22127	0
K22128	0
K22129	1757
K22130	2684
K22131	4776
K22132	7928
K22133	477
K22134	272
K22135	1716
K22136	1124
K22137	46
K22138	0
K22139	0
K22140	0
K22141	0
K22142	0
K22143	0
K22144	11
K22145	0
K22146	0
K22147	2
K22148	145
K22149	4
K22150	0
K22151	0
K22152	2
K22153	4961
K22154	0
K22155	0
K22156	0
K22157	0
K22158	0
K22159	0
K22160	1
K22161	0
K22162	0
K22163	0
K22164	22
K22165	0
K22166	25
K22167	1
K22168	0
K22169	5
K22170	0
K22171	0
K22172	0
K22173	0
K22174	6
K22175	0
K22176	1
K22177	0
K22178	0
K22179	0
K22180	0
K22181	0
K22182	1
K22184	0
K22185	2053
K22186	2359
K22187	3098
K22188	0
K22189	0
K22190	2
K22191	0
K22192	0
K22193	0
K22194	0
K22195	0
K22196	0
K22197	1
K22198	0
K22199	0
K22200	0
K22201	0
K22202	0
K22203	413
K22204	0
K22205	1653
K22206	201
K22207	0
K22208	0
K22209	1366
K22210	2160
K22211	5439
K22212	212
K22213	468
K22214	631
K22215	738
K22216	207
K22217	1209
K22218	45
K22219	3117
K22220	250
K22221	2316
K22222	607
K22223	1725
K22224	13
K22225	781
K22226	4312
K22227	1157
K22228	4
K22229	1921
K22230	2073
K22231	7
K22232	4
K22233	104
K22234	0
K22235	0
K22236	0
K22237	0
K22238	0
K22239	2
K22240	0
K22241	1
K22242	5
K22243	0
K22244	32
K22245	116
K22246	0
K22247	261
K22248	0
K22249	58
K22250	1165
K22251	538
K22252	1005
K22253	209
K22254	0
K22255	2
K22256	0
K22257	3
K22258	0
K22259	0
K22260	0
K22261	0
K22262	0
K22263	0
K22264	0
K22265	1
K22266	124
K22267	169
K22268	117
K22269	0
K22270	2643
K22271	0
K22272	0
K22273	0
K22274	0
K22275	0
K22276	7
K22277	18
K22278	6437
K22279	0
K22280	0
K22281	1
K22282	7
K22283	0
K22284	0
K22285	0
K22286	1
K22287	2
K22288	3
K22289	15
K22290	0
K22291	8
K22292	4831
K22293	4169
K22294	3882
K22295	513
K22296	5931
K22297	23
K22298	320
K22299	5369
K22300	9467
K22301	20
K22302	1811
K22303	1816
K22304	18
K22305	3053
K22306	2208
K22307	6
K22308	9
K22309	82
K22310	7590
K22311	1804
K22312	2
K22313	5
K22314	2850
K22315	477
K22316	695
K22317	552
K22318	1490
K22319	626
K22320	3512
K22321	0
K22322	674
K22323	0
K22324	10
K22325	28
K22326	0
K22327	0
K22328	0
K22329	1
K22330	285
K22331	27
K22332	17
K22333	35
K22334	11
K22335	171
K22336	1
K22337	0
K22338	0
K22339	2312
K22340	47
K22341	248
K22342	1224
K22343	821
K22344	773
K22345	6481
K22346	0
K22347	527
K22348	1859
K22349	409
K22350	376
K22351	60
K22352	75
K22353	2
K22354	0
K22355	2
K22356	1
K22357	0
K22358	0
K22359	0
K22360	0
K22361	0
K22362	1
K22363	19
K22364	12
K22365	0
K22366	0
K22367	1
K22368	24
K22369	2192
K22370	0
K22371	0
K22372	13
K22373	346
K22374	0
K22375	0
K22376	0
K22377	0
K22378	8
K22379	0
K22380	3
K22381	0
K22382	50
K22383	0
K22384	1
K22385	0
K22386	0
K22387	28
K22388	0
K22389	30
K22390	2378
K22391	8202
K22392	14
K22393	2
K22394	7
K22395	691
K22396	302
K22397	856
K22398	0
K22399	162
K22400	0
K22401	0
K22402	0
K22403	0
K22404	0
K22405	1259
K22406	0
K22407	3
K22408	18
K22409	132
K22410	0
K22411	0
K22412	0
K22413	0
K22414	0
K22415	0
K22416	0
K22417	0
K22418	91
K22419	2066
K22420	0
K22421	0
K22422	0
K22423	0
K22424	341
K22425	0
K22426	0
K22427	39
K22428	0
K22429	0
K22430	7
K22431	499
K22432	219
K22433	175
K22434	0
K22435	0
K22436	0
K22437	0
K22438	3502
K22439	0
K22440	0
K22441	8330
K22442	0
K22443	1102
K22444	585
K22445	182
K22446	61
K22447	1
K22448	0
K22449	1
K22450	3592
K22451	600
K22452	7413
K22453	0
K22454	0
K22455	0
K22456	0
K22457	38
K22458	0
K22459	2
K22460	0
K22461	0
K22462	57
K22463	430
K22464	0
K22465	2
K22466	27
K22467	0
K22468	5539
K22469	4
K22470	61
K22471	0
K22472	0
K22473	168
K22474	5341
K22475	1693
K22476	2826
K22477	3385
K22478	548
K22479	7479
K22480	102
K22481	68
K22482	26
K22483	0
K22484	0
K22485	1
K22486	3426
K22487	397
K22488	403
K22489	5692
K22490	0
K22491	4568
K22492	0
K22493	3
K22494	0
K22495	0
K22496	0
K22497	0
K22498	0
K22499	0
K22500	0
K22501	113
K22502	408
K22503	2
K22504	525
K22505	413
K22506	405
K22507	423
K22508	402
K22509	401
K22510	402
K22511	433
K22512	421
K22513	309
K22514	184
K22515	904
K22516	2847
K22517	0
K22518	0
K22519	179
K22520	32
K22521	2
K22522	8932
K22523	84
K22524	1
K22525	20
K22526	0
K22527	0
K22528	0
K22529	0
K22530	88
K22531	16
K22532	0
K22533	0
K22534	27
K22535	1
K22536	0
K22537	0
K22538	0
K22539	107
K22540	100
K22541	0
K22542	0
K22543	0
K22544	1
K22545	139
K22546	0
K22547	69
K22548	1054
K22549	2037
K22550	2810
K22551	1359
K22552	5107
K22553	419
K22554	0
K22555	0
K22556	0
K22557	0
K22558	0
K22559	0
K22560	0
K22561	0
K22562	0
K22563	0
K22564	0
K22565	0
K22566	0
K22567	0
K22568	0
K22569	0
K22570	21
K22571	0
K22572	0
K22573	0
K22574	2
K22575	82
K22576	46
K22577	0
K22578	27
K22579	877
K22580	935
K22581	0
K22582	1
K22583	19
K22584	21
K22585	5684
K22586	0
K22587	0
K22588	10
K22589	3747
K22590	0
K22591	0
K22592	0
K22593	0
K22594	0
K22595	2
K22596	3
K22597	1114
K22598	678
K22599	0
K22600	0
K22601	721
K22602	2004
K22603	0
K22604	10
K22605	22
K22606	43
K22607	2
K22608	0
K22609	0
K22610	0
K22611	26
K22612	0
K22613	0
K22614	18
K22615	333
K22616	1533
K22617	5641
K22618	4573
K22619	0
K22620	0
K22621	0
K22622	3185
K22623	0
K22624	0
K22625	0
K22626	0
K22627	0
K22628	0
K22629	0
K22630	7
K22631	0
K22632	8
K22633	0
K22634	0
K22635	0
K22636	0
K22637	0
K22638	0
K22639	0
K22640	0
K22641	0
K22642	0
K22643	0
K22644	0
K22645	0
K22646	0
K22647	0
K22648	0
K22649	0
K22650	890
K22651	0
K22652	0
K22653	1
K22654	3
K22655	0
K22656	38
K22657	8
K22658	1
K22659	14
K22660	0
K22661	0
K22662	1
K22663	1
K22664	0
K22665	0
K22666	8
K22667	0
K22668	0
K22669	0
K22670	0
K22671	0
K22672	0
K22673	0
K22674	0
K22675	0
K22676	0
K22677	1
K22678	0
K22679	1
K22680	0
K22681	0
K22682	0
K22683	0
K22684	1970
K22685	458
K22686	67
K22687	0
K22688	0
K22689	0
K22690	608
K22691	0
K22692	11
K22693	51
K22694	159
K22695	1
K22696	14
K22697	25
K22698	0
K22699	253
K22700	0
K22701	0
K22702	0
K22703	1
K22704	481
K22705	882
K22706	0
K22707	0
K22708	989
K22709	1
K22710	6
K22711	341
K22712	82
K22713	12
K22714	62
K22715	1
K22716	1
K22717	0
K22718	99
K22719	9772
K22720	634
K22721	2510
K22722	0
K22723	1187
K22724	0
K22725	20
K22726	0
K22727	0
K22728	0
K22729	0
K22730	0
K22731	0
K22732	19
K22733	21
K22734	13
K22735	0
K22736	3682
K22737	1762
K22738	2
K22739	0
K22740	0
K22741	3
K22742	0
K22743	21
K22744	2
K22745	1021
K22746	3
K22747	1624
K22748	0
K22749	0
K22750	112
K22751	0
K22752	0
K22753	0
K22754	0
K22755	0
K22756	5
K22757	1759
K22758	8
K22759	1
K22760	0
K22761	0
K22762	0
K22763	0
K22764	0
K22765	0
K22766	97
K22767	21
K22768	0
K22769	1040
K22770	2039
K22771	0
K22772	0
K22773	0
K22774	0
K22775	0
K22776	0
K22777	0
K22778	0
K22779	0
K22780	0
K22781	0
K22782	0
K22783	0
K22784	0
K22785	0
K22786	0
K22787	0
K22788	0
K22789	0
K22790	1
K22791	0
K22792	0
K22793	0
K22794	0
K22795	0
K22796	0
K22797	11
K22798	2
K22799	2
K22800	33
K22801	316
K22802	5
K22803	116
K22804	798
K22805	0
K22806	0
K22807	294
K22808	13
K22809	0
K22810	0
K22811	0
K22812	0
K22813	0
K22814	0
K22815	0
K22816	0
K22817	1
K22818	1158
K22819	1964
K22820	1195
K22821	23
K22822	168
K22823	0
K22824	3
K22825	0
K22826	0
K22827	0
K22828	0
K22829	1
K22830	0
K22831	0
K22832	15
K22833	0
K22834	12
K22835	5
K22836	7
K22837	180
K22838	194
K22839	64
K22840	57
K22841	0
K22842	798
K22843	3110
K22844	3390
K22845	0
K22846	2
K22847	983
K22848	16
K22849	10
K22850	246
K22851	422
K22852	3
K22853	420
K22854	5
K22855	1
K22856	157
K22857	22
K22858	1
K22859	0
K22860	1
K22861	0
K22862	0
K22863	0
K22864	0
K22865	1
K22866	0
K22867	0
K22868	1
K22869	0
K22870	1
K22871	118
K22872	0
K22873	0
K22874	1218
K22875	561
K22876	0
K22877	1
K22878	0
K22879	1774
K22880	0
K22881	938
K22882	8
K22883	257
K22884	0
K22885	224
K22886	121
K22887	0
K22888	0
K22889	0
K22890	0
K22891	1
K22892	0
K22893	317
K22894	1591
K22895	2122
K22896	106
K22897	105
K22898	36
K22899	412
K22900	5810
K22901	143
K22902	0
K22903	4
K22904	32
K22905	1933
K22906	73
K22907	4203
K22908	239
K22909	1
K22910	0
K22911	0
K22912	4
K22913	0
K22914	48
K22915	213
K22916	245
K22917	201
K22918	1957
K22919	0
K22920	6
K22921	34
K22922	33
K22923	32
K22924	167
K22925	22
K22926	71
K22927	8
K22928	95
K22929	0
K22930	0
K22931	4
K22932	0
K22933	37
K22934	4021
K22935	456
K22936	0
K22937	0
K22938	64
K22939	0
K22940	0
K22941	0
K22942	0
K22943	0
K22944	871
K22945	0
K22946	0
K22947	0
K22948	0
K22949	2
K22950	0
K22951	36
K22952	515
K22953	0
K22954	114
K22955	476
K22956	494
K22957	325
K22958	448
K22959	7
K22960	43
K22961	0
K22962	0
K22963	50
K22964	0
K22965	0
K22966	0
K22967	0
K22968	193
K22969	48
K22970	16
K22971	13
K22972	0
K22973	0
K22974	0
K22975	0
K22976	0
K22977	0
K22978	0
K22979	2
K22980	1
K22981	0
K22982	19
K22983	0
K22984	0
K22985	0
K22986	0
K22987	0
K22988	0
K22989	0
K22990	6
K22991	0
K22992	0
K22993	0
K22994	1051
K22995	0
K22996	7
K22997	88
K22998	2
K22999	4
K23000	0
K23001	2
K23002	326
K23003	245
K23004	144
K23005	331
K23006	1
K23007	1949
K23008	0
K23009	152
K23010	6360
K23011	2
K23012	289
K23013	0
K23014	3
K23015	996
K23016	1081
K23017	4
K23018	0
K23019	9
K23020	23
K23021	0
K23022	0
K23023	42
K23024	0
K23025	140
K23026	0
K23027	2
K23028	7
K23029	0
K23030	0
K23031	1
K23032	0
K23033	0
K23034	0
K23035	0
K23036	146
K23037	0
K23038	0
K23039	0
K23040	2
K23041	0
K23042	0
K23043	4
K23044	106
K23045	0
K23046	0
K23047	1
K23048	1
K23049	0
K23050	446
K23051	12
K23052	0
K23053	0
K23054	3836
K23055	1518
K23056	1879
K23057	1540
K23058	1359
K23059	1115
K23060	250
K23061	2406
K23062	599
K23063	602
K23064	595
K23065	0
K23066	237
K23067	169
K23068	0
K23069	0
K23070	0
K23071	0
K23072	165
K23073	146
K23074	0
K23075	45
K23076	101
K23077	200
K23078	382
K23079	53
K23080	0
K23081	0
K23082	96
K23083	757
K23084	751
K23085	289
K23086	98
K23087	23
K23088	0
K23089	0
K23090	0
K23091	4
K23092	0
K23093	0
K23094	0
K23095	11
K23096	0
K23097	0
K23098	0
K23099	0
K23100	0
K23101	274
K23102	21
K23103	645
K23104	352
K23105	1
K23106	0
K23107	8185
K23108	0
K23109	2
K23110	46
K23111	19
K23112	2
K23113	399
K23114	36
K23115	0
K23116	3
K23117	752
K23118	1074
K23119	0
K23120	137
K23121	170
K23122	76
K23123	3836
K23124	5736
K23125	0
K23126	0
K23127	1265
K23128	0
K23129	1
K23130	9
K23131	1
K23132	197
K23133	0
K23134	0
K23135	0
K23136	0
K23137	0
K23138	1046
K23139	103
K23140	0
K23141	0
K23142	0
K23143	0
K23144	2305
K23145	0
K23146	1425
K23147	1135
K23148	338
K23149	100
K23150	312
K23151	29
K23152	0
K23153	6
K23154	0
K23155	133
K23156	47
K23157	0
K23158	0
K23159	393
K23160	187
K23161	0
K23162	2
K23163	5971
K23164	1572
K23165	0
K23166	4
K23167	312
K23168	8
K23169	415
K23170	425
K23171	1
K23172	0
K23173	0
K23174	0
K23175	0
K23176	31
K23177	0
K23178	0
K23179	0
K23180	0
K23181	698
K23182	740
K23183	762
K23184	63
K23185	1242
K23186	2058
K23187	1971
K23188	2722
K23189	308
K23190	34
K23191	43
K23192	0
K23193	1
K23194	0
K23195	0
K23196	0
K23197	13
K23198	10
K23199	8
K23200	0
K23201	11
K23202	82
K23203	0
K23204	3
K23205	10
K23206	3
K23207	2
K23208	1
K23209	3
K23210	0
K23211	0
K23212	0
K23213	0
K23214	0
K23215	0
K23216	0
K23217	0
K23218	0
K23219	0
K23220	5
K23221	1
K23222	205
K23223	113
K23224	0
K23225	0
K23226	0
K23227	2898
K23228	2914
K23229	11
K23230	8
K23231	2
K23232	0
K23233	0
K23234	0
K23235	23
K23236	2
K23237	1080
K23238	439
K23239	3284
K23240	1320
K23241	224
K23242	3579
K23243	3729
K23244	887
K23245	604
K23246	482
K23247	944
K23248	1757
K23249	97
K23250	14
K23251	0
K23252	95
K23253	282
K23254	3836
K23255	10
K23256	4811
K23257	142
K23258	2198
K23259	146
K23260	0
K23261	0
K23262	65
K23263	4
K23264	2940
K23265	3279
K23266	13
K23267	25
K23268	0
K23269	3088
K23270	236
K23271	834
K23272	5
K23273	519
K23274	1161
K23275	2016
K23276	0
K23277	0
K23278	1
K23279	0
K23280	0
K23281	0
K23282	0
K23283	0
K23284	178
K23285	4
K23286	0
K23287	0
K23288	0
K23289	1
K23290	0
K23291	0
K23292	4
K23293	98
K23294	0
K23295	1
K23296	5
K23297	0
K23298	0
K23299	0
K23300	1844
K23301	1759
K23302	1688
K23303	840
K23304	1
K23305	2
K23306	0
K23307	0
K23308	0
K23309	0
K23310	0
K23311	0
K23312	0
K23313	0
K23314	0
K23315	12
K23316	2
K23317	0
K23318	0
K23319	60
K23320	0
K23321	0
K23322	0
K23323	6
K23324	0
K23325	2
K23326	0
K23327	0
K23328	0
K23329	1
K23330	131
K23331	0
K23332	0
K23333	0
K23334	18
K23335	0
K23336	0
K23337	1
K23338	1
K23339	0
K23340	0
K23341	1
K23342	3
K23343	19
K23344	2
K23345	0
K23346	0
K23347	325
K23348	13
K23349	3270
K23351	5048
K23352	500
K23353	23
K23354	1
K23355	0
K23356	429
K23357	0
K23358	0
K23359	7680
K23360	0
K23361	685
K23362	0
K23363	150
K23364	44
K23365	3
K23366	2
K23367	0
K23368	160
K23369	0
K23370	340
K23371	36
K23372	603
K23373	788
K23374	354
K23375	482
K23376	983
K23377	2
K23378	3
K23379	195
K23380	332
K23381	0
K23382	2
K23383	151
K23384	6
K23385	92
K23386	0
K23387	0
K23388	0
K23389	0
K23390	0
K23392	0
K23393	14
K23394	439
K23395	0
K23396	0
K23397	87
K23398	414
K23399	0
K23400	12
K23401	0
K23402	0
K23403	0
K23404	0
K23405	0
K23406	0
K23407	0
K23408	0
K23409	1
K23410	1
K23411	1
K23412	1
K23413	6
K23414	491
K23415	1
K23416	0
K23417	163
K23418	16
K23419	15
K23420	0
K23421	11
K23422	0
K23423	0
K23424	4558
K23425	11
K23426	0
K23427	0
K23428	0
K23429	0
K23430	1
K23431	0
K23432	0
K23433	0
K23434	0
K23435	15
K23436	0
K23437	1264
K23438	12
K23439	1907
K23440	68
K23441	0
K23442	0
K23443	0
K23444	0
K23445	0
K23446	304
K23447	307
K23448	217
K23449	1
K23450	0
K23451	5
K23452	0
K23453	0
K23454	67
K23455	1
K23456	3
K23457	0
K23458	0
K23459	0
K23460	0
K23461	0
K23462	1171
K23463	2958
K23464	7370
K23465	1861
K23466	3538
K23467	2047
K23468	0
K23469	1
K23470	2449
K23471	0
K23472	23
K23473	7
K23474	169
K23475	317
K23476	181
K23477	14
K23478	43
K23479	0
K23480	0
K23481	0
K23482	134
K23483	317
K23484	0
K23485	0
K23486	1
K23487	0
K23488	0
K23489	22
K23490	99
K23491	0
K23492	473
K23493	0
K23494	0
K23495	5
K23496	0
K23497	0
K23498	299
K23499	692
K23500	0
K23501	0
K23502	0
K23503	0
K23504	337
K23505	0
K23506	0
K23507	0
K23508	2813
K23509	2386
K23510	86
K23511	88
K23512	85
K23513	41
K23514	6401
K23515	0
K23516	0
K23517	38
K23518	3780
K23519	478
K23520	0
K23521	0
K23522	0
K23523	0
K23524	0
K23525	0
K23526	82
K23527	48
K23528	1557
K23529	746
K23530	0
K23531	24
K23532	0
K23533	115
K23534	0
K23535	3653
K23536	3661
K23537	3665
K23538	0
K23539	0
K23540	2
K23541	3788
K23542	0
K23543	0
K23544	5
K23545	196
K23546	202
K23547	192
K23548	413
K23549	649
K23550	46
K23551	9
K23552	0
K23553	0
K23554	1
K23555	71
K23556	11
K23557	11
K23558	0
K23560	0
K23561	0
K23562	31
K23563	51
K23564	0
K23565	0
K23566	0
K23567	0
K23568	42
K23569	0
K23570	0
K23571	0
K23573	1
K23574	18
K23575	0
K23576	0
K23577	0
K23578	0
K23579	0
K23580	0
K23581	0
K23582	0
K23583	0
K23584	0
K23585	0
K23586	14
K23587	0
K23588	0
K23589	7
K23590	0
K23591	0
K23592	0
K23593	153
K23594	0
K23595	0
K23596	0
K23597	1
K23598	0
K23599	0
K23600	0
K23601	0
K23602	0
K23603	81
K23604	0
K23605	0
K23606	1
K23607	0
K23608	0
K23609	0
K23610	0
K23611	0
K23612	20
K23613	0
K23614	43
K23615	288
K23616	1
K23617	3559
K23618	12
K23619	2
K23620	2
K23621	2
K23622	0
K23623	0
K23624	4
K23625	0
K23626	0
K23627	0
K23628	0
K23629	0
K23630	9
K23631	79
K23632	0
K23633	539
K23634	1
K23635	0
K23636	0
K23637	17
K23638	0
K23639	7
K23640	1
K23641	0
K23642	0
K23643	0
K23644	0
K23645	0
K23646	4
K23647	0
K23648	34
K23649	0
K23650	16
K23651	9
K23652	50
K23653	57
K23654	31
K23655	32
K23656	57
K23657	0
K23658	25
K23659	11
K23660	48
K23661	29
K23662	0
K23663	0
K23664	69
K23665	12
K23666	0
K23667	2
K23668	698
K23669	422
K23670	202
K23671	154
K23672	16
K23673	333
K23674	1165
K23675	26
K23676	4837
K23677	1290
K23678	12
K23679	0
K23680	0
K23681	0
K23682	0
K23683	981
K23684	2110
K23685	879
K23686	191
K23687	0
K23688	0
K23689	0
K23690	0
K23691	0
K23692	0
K23693	0
K23694	0
K23695	0
K23696	0
K23697	0
K23698	0
K23699	0
K23700	0
K23701	0
K23702	0
K23703	1
K23704	93
K23705	0
K23706	0
K23707	0
K23708	0
K23709	0
K23710	0
K23711	0
K23712	0
K23713	0
K23714	0
K23715	0
K23716	0
K23717	0
K23718	13
K23719	0
K23720	0
K23721	236
K23722	888
K23723	63
K23724	0
K23725	75
K23726	866
K23727	0
K23728	9
K23729	24
K23730	0
K23731	0
K23732	4
K23733	4
K23734	207
K23735	2
K23736	0
K23737	0
K23738	0
K23739	0
K23740	1
K23741	0
K23742	1
K23743	1315
K23744	0
K23745	0
K23746	26
K23747	2
K23748	0
K23749	2
K23750	1
K23751	0
K23752	269
K23753	5019
K23754	0
K23755	842
K23756	0
K23757	0
K23758	0
K23759	1
K23760	0
K23761	1
K23762	1
K23763	47
K23764	3
K23765	2
K23766	0
K23767	0
K23768	0
K23769	0
K23770	1
K23771	0
K23772	0
K23773	3780
K23774	632
K23775	7930
K23776	218
K23777	6330
K23778	3670
K23779	9062
K23780	0
K23781	0
K23782	0
K23783	0
K23784	0
K23785	0
K23786	392
K23787	0
K23788	1
K23789	0
K23790	71
K23791	0
K23792	114
K23793	0
K23794	2
K23795	0
K23796	0
K23797	0
K23798	0
K23799	0
K23800	0
K23801	0
K23802	0
K23803	0
K23804	0
K23805	0
K23806	0
K23807	0
K23808	3
K23809	0
K23810	0
K23811	84
K23812	25
K23813	0
K23814	13
K23815	0
K23816	0
K23817	0
K23818	212
K23819	0
K23820	192
K23821	0
K23822	0
K23823	0
K23824	1
K23825	76
K23826	0
K23827	4
K23828	15
K23829	7
K23830	9
K23831	5
K23832	57
K23833	70
K23834	6
K23835	0
K23836	1
K23837	0
K23838	0
K23839	0
K23840	1
K23841	0
K23842	27
K23843	0
K23844	0
K23845	0
K23846	0
K23847	189
K23848	1
K23849	0
K23850	0
K23851	0
K23852	0
K23853	0
K23854	3
K23855	32
K23856	1447
K23857	0
K23858	4
K23859	0
K23860	0
K23861	0
K23862	1
K23863	0
K23864	124
K23865	0
K23866	178
K23867	0
K23868	0
K23869	63
K23870	0
K23871	0
K23872	0
K23873	15
K23874	116
K23875	17
K23876	892
K23877	0
K23878	0
K23879	0
K23880	0
K23881	8
K23882	0
K23883	0
K23884	0
K23885	9
K23886	1819
K23887	1
K23888	0
K23889	0
K23890	0
K23891	0
K23892	0
K23893	0
K23894	0
K23895	0
K23896	438
K23897	0
K23898	2
K23899	180
K23900	11
K23901	763
K23902	7
K23903	1
K23904	0
K23905	16
K23906	5
K23907	0
K23908	13
K23909	81
K23910	0
K23911	466
K23912	1
K23913	0
K23914	2
K23915	5
K23916	1027
K23917	0
K23918	0
K23919	0
K23920	0
K23921	0
K23922	0
K23923	0
K23924	0
K23925	4
K23926	9
K23927	1
K23928	0
K23929	0
K23930	0
K23931	0
K23932	1
K23934	14
K23935	0
K23936	58
K23937	0
K23938	0
K23939	0
K23940	0
K23941	57
K23942	142
K23943	7
K23944	34
K23945	4
K23946	1178
K23947	7
K23948	1074
K23949	14
K23950	0
K23951	0
K23952	0
K23953	0
K23954	0
K23955	9
K23956	0
K23957	25
K23958	0
K23959	0
K23960	22
K23961	0
K23962	0
K23963	0
K23964	0
K23965	0
K23966	0
K23967	0
K23968	7
K23969	0
K23970	0
K23971	0
K23972	0
K23973	95
K23974	0
K23975	129
K23976	2413
K23977	0
K23978	705
K23979	0
K23980	4144
K23981	0
K23982	94
K23983	855
K23984	319
K23985	756
K23986	1
K23987	8
K23988	4100
K23989	53
K23990	0
K23991	645
K23992	702
K23993	3324
K23994	49
K23995	1033
K23996	1
K23997	9685
K23998	81
K23999	295
K24000	4
K24001	215
K24002	105
K24003	876
K24004	261
K24005	15
K24006	20
K24007	0
K24008	0
K24009	3
K24010	17
K24011	0
K24012	3889
K24013	0
K24014	0
K24015	0
K24016	0
K24017	498
K24018	5495
K24019	0
K24020	1
K24021	0
K24022	0
K24023	33
K24024	0
K24025	0
K24026	0
K24027	2
K24028	1157
K24029	29
K24030	1
K24031	0
K24032	7
K24033	1003
K24034	165
K24035	0
K24036	0
K24037	0
K24038	0
K24039	0
K24040	139
K24041	28
K24042	1083
K24043	0
K24044	0
K24045	0
K24046	0
K24047	43
K24048	0
K24049	9
K24050	26
K24051	87
K24052	0
K24053	10
K24054	0
K24055	18
K24056	0
K24057	46
K24058	0
K24059	25
K24060	14
K24061	8
K24062	0
K24063	0
K24064	0
K24065	0
K24066	1
K24067	15
K24068	0
K24069	64
K24070	43
K24071	140
K24072	112
K24073	2017
K24074	8
K24075	2
K24076	197
K24077	0
K24078	359
K24079	38
K24080	0
K24081	0
K24082	4849
K24083	3217
K24084	1011
K24085	589
K24086	1
K24087	1209
K24088	148
K24089	72
K24090	167
K24091	1
K24092	0
K24093	3
K24094	0
K24095	0
K24096	6
K24097	33
K24098	0
K24099	0
K24100	55
K24101	592
K24102	2
K24103	0
K24104	0
K24105	142
K24106	2
K24107	0
K24108	521
K24109	163
K24110	222
K24111	67
K24112	163
K24113	0
K24114	0
K24115	0
K24116	3789
K24117	1111
K24118	447
K24119	5572
K24120	2433
K24121	4211
K24122	29
K24123	0
K24124	56
K24125	2
K24126	1629
K24127	0
K24128	0
K24129	797
K24130	2532
K24131	672
K24132	0
K24133	0
K24134	0
K24135	358
K24136	2615
K24137	34
K24138	4202
K24139	0
K24140	0
K24141	221
K24142	541
K24143	0
K24144	0
K24145	0
K24146	0
K24147	1233
K24148	1
K24149	2
K24150	2
K24151	1
K24152	1
K24153	223
K24154	0
K24155	6
K24156	0
K24157	817
K24158	5018
K24159	18
K24160	2244
K24161	182
K24162	175
K24163	5512
K24164	0
K24165	0
K24166	0
K24167	0
K24168	0
K24169	0
K24170	0
K24171	0
K24172	0
K24173	0
K24174	264
K24175	1
K24176	0
K24177	0
K24178	10
K24179	0
K24180	3769
K24181	0
K24182	0
K24183	0
K24184	0
K24185	2
K24186	0
K24187	0
K24188	0
K24189	1
K24190	0
K24191	0
K24192	1
K24193	1
K24194	0
K24195	0
K24196	0
K24197	0
K24198	0
K24199	0
K24200	966
K24201	0
K24202	1
K24203	0
K24204	5882
K24205	13
K24206	3703
K24207	0
K24208	0
K24209	0
K24210	0
K24211	14
K24212	2
K24213	45
K24214	1
K24215	5
K24216	0
K24217	7734
K24218	6
K24219	0
K24220	6
K24221	0
K24222	1
K24223	1
K24224	4
K24225	0
K24226	70
K24227	0
K24228	3
K24229	0
K24230	0
K24231	0
K24232	0
K24233	0
K24234	0
K24235	6
K24236	31
K24237	18
K24238	0
K24239	0
K24240	0
K24241	45
K24242	0
K24243	27
K24244	300
K24245	341
K24246	53
K24247	6
K24248	12
K24249	69
K24250	0
K24251	107
K24252	489
K24253	0
K24254	44
K24255	0
K24256	604
K24257	79
K24258	741
K24259	477
K24260	0
K24261	0
K24262	0
K24263	2406
K24264	895
K24265	0
K24266	1
K24267	0
K24268	340
K24269	1498
K24270	0
K24271	1
K24272	2
K24273	0
K24274	88
K24275	0
K24276	0
K24277	0
K24278	5
K24279	120
K24280	15
K24281	138
K24282	415
K24283	128
K24284	288
K24285	122
K24286	1
K24287	6
K24288	937
K24289	2251
K24290	1336
K24291	412
K24292	0
K24293	20
K24294	0
K24295	0
K24296	0
K24297	0
K24298	8
K24299	37
K24300	7215
K24301	502
K24302	761
K24303	493
K24304	289
K24305	831
K24306	248
K24307	404
K24308	0
K24309	0
K24310	3591
K24311	13
K24312	17
K24313	7
K24314	0
K24315	0
K24316	0
K24317	0
K24318	0
K24319	0
K24320	0
K24321	0
K24322	0
K24323	0
K24324	0
K24325	0
K24326	622
K24327	1592
K24328	0
K24329	0
K24330	0
K24331	0
K24332	26
K24333	0
K24334	1
K24335	0
K24336	23
K24337	7
K24338	1
K24339	1
K24340	0
K24341	12
K24342	2
K24343	939
K24344	1140
K24345	0
K24346	305
K24347	0
K24348	9
K24349	0
K24350	0
K24351	0
K24352	0
K24353	3
K24354	0
K24355	1
K24356	1
K24357	36
K24358	0
K24359	7
K24360	0
K24361	2
K24362	0
K24363	3
K24364	0
K24365	0
K24366	0
K24367	0
K24368	0
K24369	3
K24370	0
K24371	0
K24372	0
K24373	0
K24374	1
K24375	0
K24376	0
K24377	0
K24378	1
K24379	2
K24380	2
K24381	0
K24382	0
K24383	0
K24384	0
K24385	0
K24386	0
K24387	0
K24388	0
K24389	185
K24390	0
K24391	208
K24392	345
K24393	8
K24394	34
K24395	5
K24396	0
K24397	0
K24398	0
K24399	0
K24400	0
K24401	0
K24402	0
K24403	375
K24404	872
K24405	1
K24406	0
K24407	0
K24408	3
K24409	790
K24410	605
K24411	427
K24412	0
K24413	0
K24414	1
K24415	0
K24416	0
K24417	0
K24418	1
K24419	1064
K24420	0
K24421	0
K24422	0
K24423	0
K24424	0
K24425	1
K24426	0
K24427	39
K24428	297
K24429	0
K24430	0
K24431	0
K24432	0
K24433	7
K24434	0
K24435	3
K24436	233
K24437	82
K24438	0
K24439	0
K24440	0
K24441	0
K24442	9
K24443	11
K24444	847
K24445	8
K24446	0
K24447	407
K24448	168
K24449	807
K24450	4
K24451	858
K24452	65
K24453	149
K24454	127
K24455	0
K24456	939
K24457	35
K24458	70
K24459	2169
K24460	0
K24461	1
K24462	1
K24463	0
K24464	64
K24465	0
K24466	0
K24467	0
K24468	0
K24469	499
K24470	12
K24471	0
K24472	6
K24473	4616
K24474	0
K24475	11
K24476	0
K24477	14
K24478	5
K24479	0
K24480	0
K24481	0
K24482	4
K24483	153
K24484	0
K24485	450
K24486	3
K24487	127
K24488	2
K24489	1
K24490	0
K24491	1
K24492	44
K24493	1
K24494	0
K24495	62
K24496	79
K24497	0
K24498	118
K24499	2
K24500	4
K24501	0
K24502	3
K24503	0
K24504	0
K24505	0
K24506	13
K24507	6
K24508	1
K24509	2
K24510	1244
K24511	237
K24512	1
K24513	118
K24514	502
K24515	45
K24516	11
K24517	1
K24518	0
K24519	0
K24520	0
K24521	0
K24522	1
K24523	0
K24524	0
K24525	0
K24526	0
K24527	0
K24528	5
K24529	2
K24530	18
K24531	0
K24532	0
K24533	0
K24534	0
K24535	0
K24536	0
K24537	1
K24538	0
K24539	0
K24540	3
K24541	0
K24542	0
K24543	0
K24544	0
K24545	0
K24546	0
K24547	0
K24548	0
K24549	0
K24550	0
K24551	0
K24552	34
K24553	0
K24554	1
K24555	0
K24556	3
K24557	0
K24558	0
K24559	0
K24560	0
K24561	1
K24562	0
K24563	0
K24564	10
K24565	3
K24566	0
K24567	0
K24568	0
K24569	0
K24570	0
K24571	0
K24572	0
K24573	0
K24574	1
K24575	0
K24576	0
K24577	0
K24578	0
K24579	1
K24580	1
K24581	1
K24582	0
K24583	1
K24584	1
K24585	0
K24586	0
K24587	0
K24588	0
K24589	0
K24590	0
K24591	0
K24592	0
K24593	4
K24594	2
K24595	0
K24596	0
K24597	0
K24598	0
K24599	0
K24600	0
K24601	0
K24602	0
K24603	0
K24604	0
K24605	0
K24606	0
K24607	0
K24608	0
K24609	8
K24610	28
K24611	0
K24612	1
K24613	0
K24614	0
K24615	0
K24616	0
K24617	0
K24618	0
K24619	1379
K24620	659
K24621	0
K24622	0
K24623	26
K24624	0
K24625	0
K24626	0
K24627	0
K24628	0
K24629	0
K24630	1
K24631	66
K24632	73
K24633	8
K24634	3
K24635	3
K24636	5
K24637	4
K24638	0
K24639	0
K24640	0
K24641	0
K24642	1
K24643	1
K24644	0
K24645	0
K24646	0
K24647	0
K24648	2
K24649	10
K24650	0
K24651	4
K24652	27
K24653	0
K24654	24
K24655	1738
K24656	827
K24657	976
K24658	733
K24659	534
K24660	0
K24661	51
K24662	2234
K24663	0
K24664	0
K24665	0
K24666	260
K24667	44
K24668	0
K24669	0
K24670	1
K24671	84
K24672	387
K24673	87
K24674	0
K24675	3
K24676	0
K24677	4
K24678	0
K24679	0
K24680	0
K24681	0
K24682	1
K24683	0
K24684	0
K24685	0
K24686	0
K24687	1
K24688	0
K24689	693
K24690	0
K24691	1
K24692	0
K24693	10
K24694	4
K24695	3
K24696	344
K24697	6
K24698	327
K24699	1110
K24700	2454
K24701	0
K24702	15
K24703	17
K24704	799
K24705	370
K24706	0
K24707	2181
K24708	728
K24709	11
K24710	46
K24711	32
K24712	1046
K24713	8
K24714	33
K24715	30
K24716	36
K24717	24
K24718	1
K24719	54
K24720	0
K24721	0
K24722	0
K24723	0
K24724	0
K24725	65
K24726	0
K24727	186
K24728	8
K24729	16
K24730	0
K24731	0
K24732	0
K24733	3
K24734	941
K24735	7
K24736	67
K24737	3
K24738	1
K24739	0
K24740	0
K24741	0
K24742	1
K24743	2
K24744	0
K24745	166
K24746	0
K24747	0
K24748	0
K24749	0
K24750	8
K24751	0
K24752	0
K24753	0
K24754	0
K24755	0
K24756	4
K24757	11
K24758	0
K24759	0
K24760	3
K24761	0
K24762	0
K24763	0
K24764	97
K24765	0
K24766	3
K24767	28
K24768	164
K24769	0
K24770	0
K24771	0
K24772	0
K24773	0
K24774	0
K24775	0
K24776	0
K24777	0
K24778	12
K24779	3
K24780	6
K24781	14
K24782	0
K24783	0
K24784	0
K24785	0
K24786	0
K24787	0
K24788	1
K24789	0
K24790	34
K24791	0
K24792	2
K24793	0
K24794	3
K24795	0
K24796	0
K24797	0
K24798	0
K24799	0
K24800	0
K24801	0
K24802	3
K24803	17
K24804	0
K24805	0
K24806	0
K24807	0
K24808	0
K24809	0
K24810	17
K24811	0
K24812	1
K24813	2
K24814	0
K24815	0
K24816	1
K24817	1
K24818	0
K24819	1017
K24820	0
K24821	4318
K24822	22
K24823	0
K24824	0
K24825	0
K24826	0
K24827	0
K24828	0
K24829	1
K24830	0
K24831	64
K24832	0
K24833	0
K24834	5
K24835	263
K24836	0
K24837	4
K24838	0
K24839	7
K24840	0
K24841	0
K24842	2
K24843	3465
K24844	3436
K24845	3434
K24846	1059
K24847	2941
K24848	155
K24849	7
K24850	147
K24851	0
K24852	3
K24853	0
K24854	0
K24855	65
K24856	1
K24857	0
K24858	17
K24859	0
K24860	0
K24861	0
K24862	0
K24863	0
K24864	0
K24865	0
K24866	1447
K24867	674
K24868	666
K24869	0
K24870	0
K24871	16
K24872	440
K24873	3
K24874	0
K24875	0
K24876	0
K24877	0
K24878	0
K24879	0
K24880	0
K24881	0
K24882	0
K24883	0
K24884	0
K24885	7
K24886	1
K24887	0
K24888	0
K24889	0
K24890	0
K24891	0
K24892	0
K24893	0
K24894	0
K24895	0
K24896	8
K24897	0
K24898	0
K24899	0
K24900	1
K24901	0
K24902	0
K24903	0
K24904	0
K24905	4
K24906	79
K24907	0
K24908	0
K24909	1
K24910	9
K24911	5
K24912	3
K24913	7
K24914	249
K24915	1671
K24916	0
K24917	0
K24918	0
K24919	0
K24920	0
K24921	0
K24922	0
K24923	1
K24924	140
K24925	63
K24926	192
K24927	12
K24928	196
K24929	664
K24930	2
K24931	17
K24932	180
K24933	10
K24934	15
K24935	151
K24936	1842
K24937	431
K24938	0
K24939	29
K24940	1
K24941	75
K24942	1329
K24943	52
K24944	20
K24945	4
K24946	122
K24947	10
K24948	2419
K24949	19
K24950	61
K24951	304
K24952	12
K24953	13
K24954	1992
K24955	1068
K24956	263
K24957	0
K24958	2
K24959	0
K24960	0
K24961	0
K24962	0
K24963	0
K24964	0
K24965	0
K24966	3
K24967	4858
K24968	5
K24969	16
K24970	3
K24971	154
K24972	79
K24973	0
K24974	0
K24975	0
K24976	65
K24977	0
K24978	0
K24979	0
K24980	0
K24981	0
K24982	1
K24983	1
K24984	0
K24985	831
K24986	569
K24987	434
K24988	292
K24989	20
K24990	1
K24991	64
K24992	0
K24993	0
K24994	0
K24995	2773
K24996	0
K24997	0
K24998	2900
K24999	0
K25000	0
K25001	0
K25002	0
K25003	0
K25004	1
K25005	0
K25006	0
K25007	588
K25008	30
K25009	0
K25010	1080
K25011	0
K25012	1
K25013	1
K25014	0
K25015	0
K25016	0
K25017	0
K25018	0
K25019	1
K25020	0
K25021	0
K25022	1
K25023	0
K25024	0
K25025	1
K25026	6157
K25027	3124
K25028	2331
K25029	173
K25030	7
K25031	531
K25032	0
K25033	18
K25034	4092
K25035	146
K25036	0
K25037	1
K25038	0
K25039	0
K25040	0
K25041	0
K25042	0
K25043	0
K25044	10
K25045	0
K25046	0
K25047	0
K25048	0
K25049	0
K25050	0
K25051	0
K25052	0
K25053	0
K25054	0
K25055	1
K25056	81
K25057	0
K25058	1
K25059	0
K25060	0
K25061	108
K25062	8
K25063	0
K25064	1
K25065	0
K25066	5
K25067	17
K25068	16
K25069	16
K25070	0
K25071	0
K25072	1069
K25073	9
K25074	11
K25075	0
K25076	1
K25077	0
K25078	0
K25079	0
K25080	0
K25081	0
K25082	0
K25083	0
K25084	3
K25085	0
K25086	30
K25087	26
K25088	26
K25089	94
K25090	0
K25091	0
K25092	0
K25093	1
K25094	0
K25095	0
K25096	534
K25097	714
K25098	900
K25099	457
K25100	2
K25101	0
K25102	0
K25103	207
K25104	198
K25105	203
K25106	204
K25107	229
K25108	1
K25109	597
K25110	525
K25111	981
K25112	0
K25113	16
K25114	22
K25115	20
K25116	0
K25117	1
K25118	2
K25119	0
K25120	0
K25121	1
K25122	0
K25123	17
K25124	53
K25125	0
K25126	0
K25127	1
K25128	0
K25129	0
K25130	3
K25131	0
K25132	5515
K25133	5586
K25134	0
K25135	4124
K25136	450
K25137	3247
K25138	29
K25139	3
K25140	70
K25141	83
K25142	1755
K25143	2152
K25144	1787
K25145	0
K25146	0
K25147	508
K25148	497
K25149	21
K25150	15
K25151	2331
K25152	2453
K25153	2361
K25154	447
K25155	434
K25156	444
K25157	6
K25158	18
K25159	751
K25160	1
K25161	1
K25162	0
K25163	0
K25164	3
K25165	11
K25166	451
K25167	10
K25168	1
K25169	660
K25170	121
K25171	8
K25172	0
K25173	0
K25174	0
K25175	0
K25176	2
K25177	0
K25178	0
K25179	0
K25180	5308
K25181	5230
K25182	2778
K25183	2524
K25184	195
K25185	0
K25186	0
K25187	398
K25188	391
K25189	1968
K25190	439
K25191	3
K25192	0
K25193	428
K25194	31
K25195	29
K25196	1868
K25197	1722
K25198	49
K25199	60
K25200	11
K25201	0
K25202	0
K25203	0
K25204	0
K25205	283
K25206	0
K25207	12
K25208	0
K25209	0
K25210	55
K25211	9
K25212	8
K25213	453
K25214	0
K25215	0
K25216	0
K25217	0
K25218	0
K25219	0
K25220	448
K25221	0
K25222	20
K25223	1637
K25224	1608
K25225	0
K25226	0
K25227	2328
K25228	0
K25229	0
K25230	70
K25231	343
K25232	794
K25233	6
K25234	49
K25235	0
K25236	0
K25237	0
K25238	0
K25239	0
K25240	0
K25241	0
K25242	0
K25243	0
K25244	0
K25245	0
K25246	0
K25247	0
K25248	0
K25249	0
K25250	0
K25251	0
K25252	0
K25253	0
K25254	13
K25255	182
K25256	3
K25257	0
K25258	8
K25259	3
K25260	633
K25261	75
K25262	1113
K25263	39
K25264	10
K25265	19
K25266	0
K25267	28
K25268	0
K25269	3
K25270	0
K25271	2384
K25272	398
K25273	0
K25274	0
K25275	0
K25276	0
K25277	0
K25278	0
K25279	0
K25280	99
K25281	3
K25282	2401
K25283	2115
K25284	2118
K25285	2112
K25286	1181
K25287	23
K25288	16
K25289	26
K25290	15
K25291	0
K25292	0
K25293	0
K25294	0
K25295	0
K25296	0
K25297	0
K25298	1
K25299	0
K25300	5
K25301	0
K25302	0
K25303	0
K25304	0
K25305	124
K25306	0
K25307	7698
K25308	24
K25309	0
K25310	0
K25311	0
K25312	0
K25313	0
K25314	256
K25315	0
K25316	4969
K25317	762
K25318	0
K25319	0
K25320	0
K25321	0
K25322	0
K25323	0
K25324	0
K25325	0
K25326	0
K25327	0
K25328	0
K25329	0
K25330	1
K25331	0
K25332	0
K25333	0
K25334	0
K25335	0
K25336	0
K25337	0
K25338	0
K25339	0
K25340	0
K25341	0
K25342	0
K25343	0
K25344	0
K25345	0
K25346	0
K25347	0
K25348	1
K25349	0
K25350	0
K25351	0
K25352	0
K25353	2
K25354	0
K25355	0
K25356	7
K25357	12
K25358	0
K25359	1
K25360	1
K25361	1
K25362	0
K25363	0
K25364	0
K25365	33
K25366	0
K25367	0
K25368	0
K25369	0
K25370	0
K25371	0
K25372	0
K25373	0
K25374	5
K25375	0
K25376	1
K25377	0
K25378	4
K25379	466
K25380	323
K25381	10
K25382	0
K25383	0
K25384	0
K25385	0
K25386	0
K25387	0
K25388	0
K25389	1
K25390	0
K25391	0
K25392	69
K25393	0
K25394	0
K25395	0
K25396	0
K25397	0
K25398	2
K25399	0
K25400	21
K25401	10
K25402	0
K25403	0
K25404	0
K25405	0
K25406	0
K25407	0
K25408	0
K25409	4
K25410	0
K25411	0
K25412	0
K25413	0
K25414	0
K25415	0
K25416	0
K25417	0
K25418	0
K25419	0
K25420	0
K25421	0
K25422	5998
K25423	0
K25424	0
K25425	0
K25426	0
K25427	0
K25428	1
K25429	0
K25430	0
K25431	36
K25432	0
K25433	0
K25434	20
K25435	1
K25436	0
K25437	1
K25438	0
K25439	0
K25440	0
K25441	0
K25442	4
K25443	0
K25444	0
K25445	0
K25446	1
K25447	3
K25448	1
K25449	0
K25450	72
K25451	1
K25452	0
K25453	0
K25454	0
K25455	0
K25456	0
K25457	0
K25458	1276
K25459	0
K25460	0
K25461	0
K25462	0
K25463	0
K25464	1
K25465	0
K25466	0
K25467	0
K25468	0
K25469	0
K25470	0
K25471	0
K25472	0
K25473	2
K25474	0
K25475	2
K25476	0
K25477	0
K25478	0
K25479	0
K25480	0
K25481	0
K25482	0
K25483	0
K25484	0
K25485	0
K25486	0
K25487	0
K25488	0
K25489	0
K25490	0
K25491	0
K25492	0
K25493	1
K25494	1419
K25495	6503
K25496	123
K25497	177
K25498	18
K25499	71
K25500	47
K25501	13
K25502	0
K25503	535
K25504	0
K25505	0
K25506	0
K25507	0
K25508	0
K25509	89
K25510	9
K25511	0
K25512	3
K25513	0
K25514	0
K25515	0
K25516	0
K25517	200
K25518	8
K25519	30
K25520	726
K25521	0
K25522	0
K25523	0
K25524	60
K25525	4299
K25526	0
K25527	9
K25528	4
K25529	0
K25530	0
K25531	0
K25532	0
K25533	0
K25534	0
K25535	0
K25536	1
K25537	10
K25538	0
K25539	0
K25540	0
K25541	0
K25542	0
K25543	70
K25544	0
K25545	0
K25546	0
K25547	0
K25548	50
K25549	8
K25550	7
K25551	0
K25552	205
K25553	0
K25554	44
K25555	710
K25556	0
K25557	780
K25558	0
K25559	0
K25560	0
K25561	0
K25562	1305
K25563	165
K25564	420
K25565	0
K25566	0
K25567	0
K25568	0
K25569	0
K25570	1
K25571	15
K25572	0
K25573	0
K25574	158
K25575	3
K25576	1
K25577	0
K25578	541
K25579	0
K25580	0
K25581	0
K25582	0
K25583	81
K25584	0
K25585	1
K25586	0
K25587	332
K25588	441
K25589	709
K25590	2349
K25591	0
K25592	0
K25593	0
K25594	79
K25595	212
K25596	111
K25597	2
K25598	3
K25599	13
K25600	0
K25601	16
K25602	75
K25603	187
K25604	33
K25605	0
K25606	0
K25607	100
K25608	0
K25609	35
K25610	1
K25611	0
K25612	0
K25613	0
K25614	1
K25615	0
K25616	0
K25617	11
K25618	12
K25619	1792
K25620	44
K25621	509
K25622	220
K25623	1556
K25624	0
K25625	0
K25626	228
K25627	929
K25628	10
K25629	0
K25630	1
K25631	2
K25632	8
K25633	0
K25634	108
K25635	0
K25636	0
K25637	0
K25638	0
K25639	0
K25640	0
K25641	3
K25642	0
K25643	0
K25644	0
K25645	0
K25646	0
K25647	0
K25648	0
K25649	863
K25650	2
K25651	13
K25652	1186
K25653	17
K25654	1
K25655	0
K25656	1279
K25657	461
K25658	194
K25659	43
K25660	2
K25661	0
K25662	0
K25663	0
K25664	2
K25665	0
K25666	0
K25667	0
K25668	0
K25669	17
K25670	19
K25671	4
K25672	15
K25673	5
K25674	3
K25675	49
K25676	306
K25677	319
K25678	295
K25679	0
K25680	0
K25681	0
K25682	0
K25683	0
K25684	0
K25685	0
K25686	0
K25687	0
K25688	0
K25689	0
K25690	0
K25691	0
K25692	0
K25693	0
K25694	0
K25695	0
K25696	0
K25697	0
K25698	0
K25699	14
K25700	0
K25701	567
K25702	0
K25703	0
K25704	0
K25705	0
K25706	11318
K25707	0
K25708	0
K25709	10
K25710	1
K25711	0
K25712	0
K25713	0
K25714	0
K25715	0
K25716	0
K25717	0
K25718	0
K25719	0
K25720	0
K25721	0
K25722	0
K25723	0
K25724	24
K25725	0
K25726	0
K25727	0
K25728	0
K25729	0
K25730	0
K25731	0
K25732	0
K25733	0
K25734	0
K25735	0
K25736	0
K25737	0
K25738	0
K25739	0
K25740	0
K25741	1
K25742	0
K25743	0
K25744	0
K25745	34
K25746	0
K25747	35
K25748	2
K25749	0
K25750	0
K25751	0
K25752	0
K25753	0
K25754	3
K25755	25
K25756	0
K25757	1
K25758	0
K25759	4
K25760	207
K25761	6
K25762	42
K25763	125
K25764	0
K25765	6
K25766	395
K25767	925
K25768	0
K25769	0
K25770	0
K25771	0
K25772	0
K25773	0
K25774	1
K25775	631
K25776	9
K25777	0
K25778	0
K25779	0
K25780	0
K25781	0
K25782	0
K25783	3
K25784	1
K25785	0
K25786	0
K25787	11
K25788	0
K25789	0
K25790	0
K25791	0
K25792	0
K25793	0
K25794	0
K25795	0
K25796	0
K25797	1
K25798	0
K25799	0
K25800	0
K25801	0
K25802	0
K25803	11
K25804	2
K25805	3
K25806	0
K25807	3
K25808	1
K25809	8
K25810	0
K25811	1
K25812	65
K25813	6
K25814	33
K25815	193
K25816	3
K25817	0
K25818	0
K25819	0
K25820	7
K25821	28
K25822	13
K25823	13
K25824	0
K25825	0
K25826	0
K25827	1
K25828	41
K25829	0
K25830	0
K25831	0
K25832	0
K25833	0
K25834	0
K25835	0
K25836	0
K25837	0
K25838	0
K25839	0
K25840	0
K25841	128
K25842	6
K25843	19
K25844	3
K25845	38
K25846	3
K25847	0
K25848	9
K25849	83
K25850	7
K25851	3
K25852	11
K25853	9
K25854	3
K25855	52
K25856	0
K25857	0
K25858	0
K25859	1263
K25860	0
K25861	85
K25862	0
K25863	1
K25864	1404
K25865	0
K25866	0
K25867	0
K25868	0
K25869	0
K25870	0
K25871	0
K25872	0
K25873	482
K25874	0
K25875	722
K25876	3
K25877	828
K25878	0
K25879	0
K25880	1
K25881	0
K25882	281
K25883	1538
K25884	1992
K25885	1189
K25886	382
K25887	46
K25888	48
K25889	78
K25890	329
K25891	393
K25892	323
K25893	0
K25894	11
K25895	824
K25896	0
K25897	274
K25898	121
K25899	0
K25900	1
K25901	2280
K25902	138
K25903	330
K25904	357
K25905	48
K25906	43
K25907	475
K25908	40
K25909	36
K25910	33
K25911	193
K25912	233
K25913	288
K25914	0
K25915	0
K25916	6
K25917	0
K25918	0
K25919	0
K25920	0
K25921	0
K25922	0
K25923	1
K25924	0
K25925	0
K25926	0
K25927	0
K25928	0
K25929	0
K25930	0
K25931	0
K25932	4
K25933	20
K25934	3
K25935	5
K25936	49
K25937	50
K25938	10
K25939	347
K25940	1
K25941	1
K25942	0
K25943	0
K25944	0
K25945	0
K25946	0
K25947	0
K25948	0
K25949	2
K25950	87
K25951	0
K25952	996
K25953	0
K25954	1
K25955	0
K25956	3
K25957	243
K25958	113
K25959	0
K25960	1806
K25961	1808
K25962	0
K25963	0
K25964	0
K25965	0
K25966	0
K25967	0
K25968	0
K25969	2
K25970	0
K25971	0
K25972	0
K25973	0
K25974	0
K25975	0
K25976	0
K25977	0
K25978	0
K25979	0
K25980	0
K25981	0
K25982	0
K25983	0
K25984	0
K25985	706
K25986	2876
K25987	22
K25988	4173
K25989	0
K25990	1
K25991	0
K25992	0
K25993	0
K25994	8
K25995	615
K25996	622
K25997	0
K25998	0
K25999	0
K26000	0
K26001	9
K26002	3
K26003	20
K26004	4
K26005	265
K26006	0
K26007	3
K26008	3
K26009	1
K26010	1
K26011	1
K26012	1
K26013	10
K26014	0
K26015	0
K26016	0
K26017	0
K26018	0
K26019	0
K26020	0
K26021	0
K26022	0
K26023	0
K26024	1
K26025	0
K26026	0
K26027	0
K26028	1
K26029	313
K26030	120
K26031	95
K26032	2069
K26033	20
K26034	0
K26035	0
K26036	1182
K26037	0
K26038	0
K26039	2731
K26040	0
K26041	708
K26042	0
K26043	9
K26044	0
K26045	2
K26046	223
K26047	3
K26048	64
K26049	514
K26050	0
K26051	101
K26052	0
K26053	0
K26054	0
K26055	19
K26056	0
K26057	3306
K26058	511
K26059	1273
K26060	1204
K26061	4626
K26062	807
K26063	5087
K26064	2084
K26065	2289
K26066	5
K26067	0
K26068	1
K26069	0
K26070	0
K26071	105
K26072	22
K26073	147
K26074	0
K26075	76
K26076	0
K26077	8
K26078	0
K26079	0
K26080	498
K26081	66
K26082	25
K26083	133
K26084	0
K26085	0
K26086	0
K26087	9
K26088	164
K26089	60
K26090	0
K26091	0
K26092	0
K26093	0
K26094	8
K26095	0
K26096	0
K26097	0
K26098	71
K26099	0
K26100	0
K26101	1
K26102	0
K26103	0
K26104	0
K26105	0
K26106	0
K26107	1
K26108	0
K26109	1
K26110	15
K26111	0
K26112	0
K26113	10
K26114	6
K26115	211
K26116	0
K26117	0
K26118	1
K26119	0
K26120	0
K26121	0
K26122	0
K26123	0
K26124	0
K26125	0
K26126	1
K26127	0
K26128	0
K26129	0
K26130	0
K26131	0
K26132	0
K26133	0
K26134	0
K26135	0
K26136	0
K26137	0
K26138	2262
K26139	3666
K26140	0
K26141	185
K26142	0
K26143	1
K26144	0
K26145	0
K26146	4
K26147	0
K26148	5373
K26149	1601
K26150	0
K26151	4
K26152	0
K26153	0
K26154	0
K26155	0
K26156	0
K26157	0
K26158	0
K26159	0
K26160	0
K26161	0
K26162	0
K26163	0
K26164	0
K26165	0
K26166	0
K26167	0
K26168	0
K26169	0
K26170	0
K26171	8
K26172	445
K26173	115
K26174	114
K26175	5
K26176	485
K26177	8
K26178	1377
K26179	3696
K26180	891
K26181	1508
K26182	912
K26183	551
K26184	852
K26185	454
K26186	0
K26187	0
K26188	0
K26189	0
K26190	0
K26197	1
K26198	0
K26199	0
K26200	0
K26201	0
K26202	0
K26203	0
K26204	0
K26205	0
K26206	0
K26207	0
K26208	210
K26209	82
K26210	201
K26211	0
K26212	2360
K26213	0
K26214	0
K26215	0
K26216	1786
K26217	305
K26218	286
K26219	0
K26220	0
K26221	0
K26222	0
K26223	0
K26224	0
K26225	0
K26226	0
K26227	13
K26228	0
K26229	10
K26230	0
K26231	0
K26232	0
K26233	0
K26234	0
K26235	0
K26236	0
K26237	0
K26238	0
K26239	0
K26240	0
K26241	34
K26242	0
K26243	0
K26244	3
K26245	0
K26246	0
K26247	0
K26248	0
K26249	12
K26250	2
K26251	0
K26252	14
K26253	0
K26254	0
K26255	0
K26256	1
K26257	0
K26258	1
K26259	0
K26260	0
K26261	0
K26262	1
K26263	0
K26264	0
K26265	0
K26266	0
K26267	0
K26268	0
K26269	0
K26270	0
K26271	0
K26272	1558
K26273	893
K26274	0
K26275	0
K26276	0
K26277	0
K26278	0
K26279	0
K26280	0
K26281	0
K26282	0
K26283	0
K26284	51
K26285	7
K26286	20
K26287	0
K26288	1513
K26289	268
K26290	278
K26316	1
K26317	1
K26318	1105
K26346	0
K26347	4
K26348	9
K26349	495
K26350	0
K26351	2
K26352	0
K26353	16
K26354	0
K26355	1122
K26356	0
K26357	0
K26364	8
K26365	244
K26366	0
K26367	0
K26368	0
K26369	8
K26370	0
K26371	0
K26372	0
K26373	0
K26374	0
K26375	0
K26376	0
K26377	0
K26378	0
K26379	0
K26380	0
K26381	0
K26382	1
K26383	0
K26384	0
K26385	0
K26389	9
K26390	0
K26391	2485
K26392	8066
K26393	28
K26394	0
K26395	0
K26396	0
K26397	7
K26398	75
K26399	2335
K26400	2925
K26401	0
K26402	0
K26403	0
K26404	3
K26405	209
K26406	0
K26407	0
K26408	0
K26409	2
K26410	9
K26411	0
K26412	0
K26413	201
K26414	144
K26415	0
K26416	0
K26417	0
K26418	2
K26419	0
K26420	0
K26421	0
K26422	0
K26423	0
K26424	0
K26425	1
K26426	0
K26427	0
K26428	0
K26429	0
K26430	0
K26431	0
K26432	0
K26433	0
K26434	1
K26435	0
K26436	1
K26437	0
K26438	0
K26439	0
K26440	911
K26441	2312
K26442	0
K26443	1
K26444	0
K26445	0
K26446	0
K26447	0
K26448	0
K26449	1
K26450	10
K26451	5
K26452	0
K26453	0
K26454	0
K26455	0
K26456	110
K26457	0
K26458	0
K26459	0
K26460	2
K26466	5
K26467	0
K26468	2
K26469	47
K26470	0
K26471	10
K26472	0
K26473	5
K26480	5
K26481	0
K26482	0
K26483	5
K26484	0
K26485	0
K26486	1
K26487	0
K26488	0
K26489	0
K26490	0
K26491	0
K26492	0
K26493	0
K26494	0
K26495	0
K26496	0
K26497	0
K26498	0
K26499	0
K26500	393
K26501	0
K26502	0
K26503	5
K26504	0
K26505	0
K26506	0
K26507	0
K26508	0
K26509	0
K26510	1
K26511	0
K26512	0
K26513	3
K26514	0
K26515	0
K26516	0
K26517	1
K26518	4
K26519	0
K26520	0
K26521	0
K26522	0
K26523	1
K26524	0
K26525	0
K26526	0
K26527	0
K26528	1
K26529	1
K26530	0
K26531	0
K26532	0
K26533	0
K26534	0
K26535	0
K26536	0
K26537	0
K26538	3
K26539	23
K26540	3
K26541	0
K26542	0
K26543	0
K26544	0
K26545	0
K26546	3
K26547	54
K26548	0
K26549	0
K26550	0
K26551	0
K26552	2
K26553	0
K26554	0
K26555	2
K26556	1
K26557	0
K26558	1
K26559	0
K26560	0
K26561	0
K26562	0
K26563	0
K26564	0
K26579	10
K26580	981
K26581	0
K26582	0
K26583	0
K26584	0
K26585	0
K26586	23
K26587	0
K26588	0
K26589	0
K26590	0
K26591	0
K26592	1
K26593	0
K26594	0
K26595	1
K26596	0
K26597	0
K26598	4
K26599	2
K26600	0
K26601	1327
K26602	1141
K26603	318
K26604	863
K26605	7355
K26606	7025
K26607	1843
K26608	3
K26609	1
K26610	0
K26611	0
K26612	0
K26613	0
K26614	0
K26615	1
K26616	0
K26617	0
K26618	1
K26619	0
K26620	0
K26621	3
K26622	0
K26623	19
K26624	1
K26625	0
K26626	3
K26627	1
K26628	5
K26629	0
K26630	0
K26631	4
K26632	1
K26633	1
K26634	0
K26635	0
K26636	0
K26637	0
K26638	0
K26639	0
K26640	0
K26641	0
K26642	2
K26643	1
K26644	0
K26645	1
K26646	0
K26647	0
K26648	0
K26649	0
K26650	5
K26651	0
K26652	0
K26653	86
K26654	0
K26655	0
K26656	0
K26657	0
K26658	0
K26659	0
K26660	753
K26661	0
K26662	0
K26663	0
K26664	0
K26665	0
K26666	2
K26667	0
K26668	0
K26669	0
K26670	0
K26671	0
K26672	0
K26673	3
K26674	0
K26675	18
K26676	0
K26677	0
K26678	1
K26679	0
K26680	0
K26681	0
K26682	0
K26683	1
K26684	0
K26685	0
K26686	0
K26687	0
K26688	0
K26689	0
K26690	0
K26691	0
K26692	252
K26693	0
K26694	0
K26695	0
K26696	301
K26697	0
K26698	2
K26699	0
K26700	0
K26701	0
K26702	0
K26703	0
K26704	0
K26705	0
K26706	13
K26707	14
K26708	0
K26709	4
K26710	13
K26711	41
K26712	0
K26713	0
K26714	2
K26715	2
K26716	1
K26717	3
K26718	0
K26719	0
K26720	0
K26721	0
K26722	11
K26723	28
K26724	0
K26725	0
K26726	0
K26727	0
K26728	0
K26729	0
K26730	2385
K26731	2805
K26732	97
K26733	0
K26734	4
K26735	7122
K26736	0
K26737	0
K26738	0
K26739	149
K26740	65
K26741	86
K26742	0
K26743	0
K26744	967
K26745	256
K26746	1
K26747	0
K26748	9
K26749	0
K26750	0
K26751	0
K26752	0
K26753	688
K26754	9
K26755	0
K26756	14
K26757	0
K26758	0
K26759	0
K26760	0
K26761	7
K26762	0
K26763	0
K26764	0
K26765	1
K26766	1
K26767	0
K26768	0
K26769	0
K26770	1340
K26771	0
K26772	0
K26773	8
K26774	0
K26775	387
K26776	0
K26777	47
K26778	753
K26779	0
K26780	31
K26781	0
K26782	1665
K26783	57
K26784	0
K26785	0
K26786	0
K26787	0
K26788	0
K26789	496
K26790	2
K26791	0
K26792	0
K26793	0
K26794	3
K26795	4
K26796	0
K26797	2
K26798	0
K26799	0
K26800	0
K26801	0
K26802	0
K26803	0
K26804	0
K26805	830
K26806	6
K26807	0
K26808	0
K26815	68
K26816	10
K26817	2
K26818	34
K26819	78
K26820	169
K26821	5
K26822	0
K26823	59
K26824	0
K26825	0
K26826	4
K26827	14
K26828	276
K26829	26
K26830	0
K26831	0
K26832	0
K26833	0
K26834	0
K26835	216
K26836	0
K26837	101
K26838	573
K26839	0
K26840	168
K26841	23
K26842	627
K26843	13
K26844	0
K26845	0
K26846	3
K26847	0
K26848	0
K26849	0
K26850	0
K26851	0
K26852	0
K26853	0
K26854	0
K26855	0
K26856	9
K26857	7
K26858	374
K26859	80
K26860	0
K26861	18
K26862	10
K26863	0
K26864	637
K26865	1438
K26866	18
K26867	7
K26868	4
K26869	0
K26870	34
K26871	0
K26872	0
K26873	144
K26874	0
K26875	88
K26876	2
K26877	21
K26878	122
K26879	39
K26880	40
K26881	40
K26882	0
K26883	20
K26884	0
K26885	4
K26886	9
K26887	1
K26888	0
K26889	124
K26890	8
K26891	0
K26892	18
K26893	2
K26894	16
K26895	472
K26896	0
K26897	0
K26898	0
K26899	31
K26900	1512
K26901	735
K26902	6
K26903	32
K26904	0
K26905	7
K26906	1
K26907	0
K26908	85
K26909	0
K26910	0
K26911	46
K26912	0
K26913	517
K26914	0
K26915	0
K26916	5
K26917	317
K26918	10
K26919	0
K26920	596
K26921	0
K26922	614
K26923	3
K26924	0
K26925	0
K26926	0
K26927	0
K26928	36
K26929	46
K26930	0
K26931	0
K26932	1
