ko_id,ko_probability,ko_probability_prior,hmm_len,orf_name,orf_len,evalue,hmm_score,domain_evalue,domain_score,hmm_from,hmm_to,ali_from,ali_to,orf_best_match,orf_best_match_score,locus_competition_score,detection_confidence,kofam_threshold,kofam_score_type,outcompeted_at_locus,below_kofam_threshold,is_dubious,influencing_associates,influencing_associate_count,participating_modules,ko_count,prior_frequency
K00003,1.0,1.0,890.0,NC_005072.1_1190,890.0,9.2e-147,487.6,1.1e-146,487.4,283.0,677.0,1.0,428.0,K00003,487.6,1.0,1.0,287.1,domain,False,False,False,"K00133,K00548,K00549,K00641,K00651,K00872,K00928,K01733,K01739,K01760,K02203,K02204,K14155,K24042",14,"M00017,M00018",16056,0.75
K00012,1.0,1.0,726.0,NC_005072.1_1421,726.0,6.7e-188,623.5,7.9e-188,623.3,239.0,662.0,6.0,462.0,K00012,623.5,1.0,1.0,369.07,full,False,False,False,"K07806,K10011,K10012,K13014",4,M00761,16343,0.764
K00013,1.0,1.0,677.0,NC_005072.1_1692,677.0,4.8e-177,587.7,5.3999999999999995e-177,587.5,111.0,530.0,3.0,427.0,K00013,587.7,1.0,1.0,513.17,domain,False,False,False,"K00765,K00817,K01089,K01496,K01523,K01663,K01693,K01814,K02500,K02501,K02502,K04486,K05602,K11755,K14152,K18649,K24017",17,M00026,18016,0.842
K00014,1.0,1.0,420.0,NC_005072.1_1909,420.0,1.3e-84,281.2,1.5e-84,281.0,129.0,387.0,8.0,283.0,K00014,281.2,1.0,1.0,270.13,full,False,False,False,"K00800,K00891,K01626,K01735,K01736,K03785,K03786,K03856,K13829,K13830,K13832,K13853,K24018",13,M00022,19549,0.913
K00018,0.463,0.07,321.0,NC_005072.1_1516,321.0,2e-73,243.6,2.8e-73,243.1,38.0,314.0,31.0,305.0,K00058,514.8,2.2943790894646702e-82,2.2943790894646702e-82,319.2,domain,True,True,False,"K00024,K00600,K00830,K01595,K01689,K08692,K11529,K14067",8,M00346,6785,0.317
K00019,0.127,0.038,446.0,NC_005072.1_491,446.0,6.0999999999999996e-46,154.2,7.9e-46,153.8,87.0,278.0,7.0,203.0,K00059,358.4,3.3859059097139835e-62,3.3859059097139835e-62,172.23,domain,True,True,False,"K00626,K01574,K01640",3,M00088,5005,0.234
K00021,0.001,0.001,,,,1000.0,0.0,,,,,,,,,,0.0,,,,,,K17942,1,"M00095,M00849",941,0.044
K00022,0.0,0.0,472.0,NC_005072.1_1458,472.0,0.00088,15.2,610.0,-4.0,197.0,213.0,431.0,450.0,K00382,549.0,2.0426234552710076e-161,2.0426234552710076e-161,362.77,domain,True,True,False,,0,M00087,354,0.017
K00023,0.088,0.041,290.0,NC_005072.1_491,290.0,6.6e-92,304.7,7.3e-92,304.5,40.0,283.0,7.0,248.0,K00059,358.4,6.834224371670917e-17,6.834224371670917e-17,337.93,domain,True,True,False,"K00626,K01847,K01965,K01966,K05606,K08691,K14446,K14447,K14448,K14449,K14451,K17865",12,M00373,5156,0.241
K00024,0.247,0.07,417.0,NC_005072.1_572,417.0,1.2e-08,31.1,1.6e-08,30.6,44.0,152.0,117.0,226.0,K14330,399.5,1.2605195837962001e-111,1.2605195837962001e-111,357.5,domain,True,True,False,"K00018,K00030,K00031,K00116,K00164,K00169,K00170,K00172,K00174,K00175,K00176,K00177,K00234,K00235,K00236,K00239,K00240,K00241,K00261,K00382,K00600,K00626,K00658,K00830,K01006,K01637,K01638,K01647,K01676,K01679,K01681,K01689,K01899,K01900,K01902,K01903,K01958,K01959,K01960,K03737,K04835,K08691,K08692,K08940,K08941,K08943,K11529,K14067,K14449,K14467,K14534,K15016,K15038,K15230,K15231,K18118,K18209,K19280",58,"M00009,M00011,M00012,M00168,M00173,M00346,M00374,M00614,M00620,M00740",6746,0.315
K00025,0.378,0.045,,,,1000.0,0.0,,,,,,,,,,0.0,,,,,,"K00030,K00031,K00116,K00164,K00174,K00175,K00234,K00235,K00239,K00240,K00241,K00242,K00382,K00658,K01595,K01616,K01637,K01638,K01647,K01659,K01676,K01679,K01681,K01682,K01900,K01902,K01903,K18118",28,"M00009,M00011,M00012,M00168",5451,0.255
K00026,0.09,0.009,534.0,NC_005072.1_572,534.0,0.0004,16.4,0.0011,14.9,87.0,179.0,111.0,226.0,K14330,399.5,4.7359669296342815e-116,4.7359669296342815e-116,502.8,full,True,True,False,"K00244,K00245,K00246,K00247,K01682",5,"M00009,M00011,M00012,M00168",2363,0.11
K00029,0.021,0.021,,,,1000.0,0.0,,,,,,,,,,0.0,,,,,,,0,M00169,3703,0.173
K00030,1.0,1.0,543.0,NC_005072.1_1799,543.0,1.9e-75,251.6,1.3e-34,116.8,342.0,475.0,332.0,473.0,K00030,251.6,1.0,1.0,442.13,full,False,True,False,"K00024,K00025,K00026,K00031,K00116,K00164,K00174,K00175,K00176,K00177,K00234,K00235,K00236,K00239,K00240,K00241,K00242,K00244,K00245,K00246,K00247,K00382,K00658,K01647,K01659,K01676,K01677,K01678,K01679,K01681,K01682,K01900,K01902,K01903,K05942,K18118",36,"M00009,M00010",9519,0.445
K00031,1.0,1.0,545.0,NC_005072.1_1799,545.0,2.1000000000000002e-60,201.8,2.8e-60,201.4,78.0,468.0,27.0,473.0,K00030,251.6,1.0202490896534155e-15,1.0,161.83,full,True,False,True,"K00024,K00025,K00026,K00030,K00116,K00164,K00169,K00170,K00171,K00172,K00174,K00175,K00176,K00177,K00234,K00235,K00236,K00239,K00240,K00241,K00242,K00244,K00245,K00246,K00247,K00261,K00382,K00658,K01006,K01007,K01595,K01616,K01647,K01659,K01676,K01677,K01678,K01679,K01681,K01682,K01846,K01899,K01900,K01902,K01903,K01958,K01959,K01960,K03737,K04835,K05942,K08940,K08941,K08942,K08943,K14449,K15230,K15231,K18118,K19268,K19280,K19281",62,"M00009,M00010,M00173,M00614,M00740",12668,0.592
K00033,1.0,1.0,666.0,NC_005072.1_845,666.0,1.3e-199,661.8,1.4e-199,661.7,56.0,511.0,1.0,470.0,K00033,661.8,1.0,1.0,151.23,domain,False,False,False,"K00036,K00615,K00616,K01057,K01783,K01807,K01808,K01810,K06859,K07404,K13810,K13937,K15916,K19243",14,"M00004,M00006",14623,0.683
K00036,1.0,1.0,608.0,NC_005072.1_1213,608.0,1e-188,625.7,1.1e-188,625.6,76.0,535.0,19.0,504.0,K00036,625.7,1.0,1.0,367.73,full,False,False,False,"K00033,K00615,K00616,K01057,K01625,K01690,K01783,K01807,K01808,K01810,K06859,K07404,K13810,K13937,K15916,K19243",16,"M00004,M00006,M00008",15832,0.74
K00040,0.197,0.064,,,,1000.0,0.0,,,,,,,,,,0.0,,,,,,"K00874,K01625,K01686,K01812,K08323,K17463",6,M00061,6488,0.303
K00041,0.119,0.021,,,,1000.0,0.0,,,,,,,,,,0.0,,,,,,"K00874,K01625,K01685,K01812,K16849,K16850,K17463",7,M00631,3704,0.173
K00052,1.0,1.0,567.0,NC_005072.1_862,567.0,4.7e-160,530.9,5.2999999999999995e-160,530.8,118.0,467.0,1.0,357.0,K00052,530.9,1.0,1.0,433.53,domain,False,False,False,"K01649,K01702,K01703,K01704,K09011",5,"M00432,M00535",18000,0.841
K00053,1.0,1.0,618.0,NC_005072.1_1476,618.0,5.1e-148,491.3,5.7e-148,491.2,155.0,483.0,5.0,327.0,K00053,491.3,1.0,1.0,127.67,full,False,False,False,"K00826,K01652,K01653,K01687,K01754,K11258,K17989",7,"M00019,M00570",18856,0.881
K00054,0.041,0.028,975.0,NC_005072.1_636,975.0,0.00093,14.1,0.0013,13.6,736.0,959.0,99.0,310.0,K00872,354.5,3.3836814927326166e-103,3.3836814927326166e-103,273.17,full,True,True,False,"K00869,K01641",2,M00849,4244,0.198
K00055,0.01,0.01,380.0,NC_005072.1_1393,380.0,1.3e-68,228.6,6.7e-49,163.8,132.0,364.0,104.0,335.0,K00121,247.2,2.516673254249267e-06,2.516673254249267e-06,380.83,domain,True,True,False,"K00141,K15757,K15758,K15760,K15761,K15763,K15764",7,"M00537,M00538",2525,0.118
K00058,1.0,1.0,599.0,NC_005072.1_1516,599.0,3.9e-155,514.8,4.7e-155,514.5,72.0,462.0,1.0,521.0,K00058,514.8,1.0,1.0,328.7,full,False,False,False,"K00831,K01079,K02203,K22305,K25528",5,M00020,19119,0.893
K00059,1.0,1.0,389.0,NC_005072.1_491,389.0,4.8e-108,358.4,5.2000000000000004e-108,358.3,83.0,320.0,6.0,248.0,K00059,358.4,1.0,1.0,268.13,full,False,False,False,"K00208,K00209,K00647,K00665,K00667,K00668,K01716,K02169,K02170,K02371,K02372,K09458,K09789,K10780,K11533,K16363,K19560,K19561",18,"M00083,M00572",20810,0.972
K00067,1.0,1.0,482.0,NC_005072.1_1392,482.0,1.4000000000000001e-30,103.5,1.5000000000000001e-30,103.4,170.0,402.0,4.0,244.0,K00067,103.5,0.9999999999955236,0.9999999999955236,299.13,full,False,True,False,"K00973,K01710,K01790,K23987",4,M00793,14663,0.685
K00074,0.274,0.218,516.0,NC_005072.1_1307,516.0,0.00021,17.3,0.00027,16.9,119.0,153.0,2.0,37.0,K19267,87.6,6.8800428941699e-22,6.8800428941699e-22,409.9,domain,True,True,False,"K01692,K01912,K02609,K02610,K02611,K02612,K02613,K02615,K02618,K15866",10,M00878,11954,0.559
K00077,0.822,0.285,428.0,NC_005072.1_843,428.0,0.0023,13.7,0.0032,13.2,53.0,92.0,145.0,228.0,K02492,450.0,4.577337040895141e-132,4.577337040895141e-132,80.67,full,True,True,False,"K00606,K00826,K01579,K01918,K06982,K09722,K13038,K13799",8,"M00119,M00914",13661,0.638
K00082,0.0,0.0,207.0,NC_005072.1_1425,207.0,4.1e-15,52.8,5e-07,26.4,1.0,45.0,169.0,213.0,K11752,418.7,7.130575564165732e-111,7.130575564165732e-111,350.83,full,True,True,False,,0,M00125,36,0.002
K00087,0.093,0.029,,,,1000.0,0.0,,,,,,,,,,0.0,,,,,,"K00106,K00365,K01081,K01466,K01477,K01487,K01488,K07127,K08693,K09913,K11177,K11178,K13479,K13480,K13481,K13482,K13483,K13485,K16838,K16839,K16840,K16842,K19970,K20881,K22879",25,"M00546,M00958,M00959",4344,0.203
K00088,1.0,1.0,970.0,NC_005072.1_1201,970.0,1.3000000000000002e-57,192.5,1.1e-08,30.5,122.0,214.0,36.0,133.0,K00088,192.5,1.0,1.0,370.83,full,False,True,False,"K00940,K00942,K01951,K18533",4,M00050,21135,0.988
K00097,1.0,1.0,475.0,NC_005072.1_28,475.0,3.2e-101,336.4,3.5e-101,336.3,63.0,378.0,10.0,339.0,K00097,336.4,0.9999946052325014,0.9999946052325014,418.17,domain,False,True,False,"K00275,K00831,K03472,K03473,K03474",5,M00124,11260,0.526
K00099,1.0,1.0,534.0,NC_005072.1_1296,534.0,2.9e-184,610.7,3.3000000000000003e-184,610.5,118.0,495.0,1.0,401.0,K00099,610.7,1.0,1.0,221.23,full,False,False,False,"K00919,K00991,K01662,K01770,K01823,K03526,K03527,K12506",8,M00096,17409,0.813
K00106,0.0,0.0,,,,1000.0,0.0,,,,,,,,,,0.0,,,,,,K01490,1,"M00546,M00958,M00959",65,0.003
K00108,0.182,0.135,778.0,NC_005072.1_690,778.0,8.9e-11,37.5,9.6e-09,30.7,174.0,305.0,6.0,160.0,K26059,379.4,1.196312064443323e-103,1.196312064443323e-103,746.77,full,True,True,False,"K00130,K00499,K17755",3,M00555,9386,0.439
K00116,1.0,1.0,588.0,NC_005072.1_455,588.0,1.1e-188,625.0,1.3e-188,624.9,79.0,566.0,9.0,494.0,K00116,625.0,1.0,1.0,264.27,full,False,False,False,"K00024,K00025,K00026,K00030,K00031,K00164,K00174,K00175,K00176,K00234,K00235,K00239,K00240,K00241,K00242,K00244,K00245,K00246,K00247,K00382,K00658,K01616,K01647,K01659,K01676,K01679,K01681,K01682,K01900,K01902,K01903,K18118",32,"M00009,M00011",8588,0.401
K00125,0.02,0.0,382.0,NC_005072.1_1810,382.0,7.7e-07,25.2,0.00023,17.1,318.0,340.0,3.0,25.0,K02691,164.4,1.2491787954831009e-42,1.2491787954831009e-42,198.6,full,True,True,False,"K00194,K00197,K00584,K03389,K03390,K11261,K14126,K14127,K14128,K16176,K16178",11,"M00356,M00357,M00563,M00567,M00617",376,0.018
K00128,0.002,0.002,604.0,NC_005072.1_335,604.0,1e-107,358.0,1.2999999999999999e-107,357.7,98.0,514.0,13.0,452.0,K25072,484.3,9.54798103358553e-39,9.54798103358553e-39,574.67,full,True,True,False,,0,M00135,1062,0.05
K00130,0.201,0.17,594.0,NC_005072.1_335,594.0,2.0000000000000002e-60,201.6,2.7e-60,201.1,120.0,528.0,30.0,436.0,K25072,484.3,7.921733460805458e-86,7.921733460805458e-86,673.63,domain,True,True,False,"K00108,K00499,K11440,K17755",4,M00555,10557,0.493
K00131,0.015,0.015,510.0,NC_005072.1_335,510.0,6.3e-54,180.2,8.2e-54,179.8,79.0,493.0,24.0,434.0,K25072,484.3,2.8627163510376407e-92,2.8627163510376407e-92,501.13,domain,True,True,False,,0,M00308,3139,0.147
K00133,1.0,1.0,656.0,NC_005072.1_1857,656.0,2.4e-128,426.4,2.7e-128,426.2,116.0,443.0,12.0,342.0,K00133,426.4,1.0,1.0,224.0,full,False,False,False,"K00003,K00215,K00548,K00549,K00641,K00651,K00674,K00821,K00836,K00841,K00872,K00928,K01439,K01586,K01714,K01733,K01739,K01760,K01778,K02203,K02204,K03340,K05822,K05823,K06718,K06720,K10206,K12524,K12525,K12526,K14155,K14267,K24042",33,"M00016,M00017,M00018,M00033,M00525,M00526,M00527",20835,0.974
K00134,1.0,1.0,468.0,NC_005072.1_23,468.0,2.1e-138,459.0,2.3e-138,458.8,75.0,407.0,1.0,338.0,K05298,534.7,1.6294060639549817e-23,1.0,413.4,full,True,False,True,"K00131,K00150,K00615,K00844,K00845,K00850,K00855,K00873,K00874,K00883,K00886,K00918,K00927,K01086,K01100,K01596,K01601,K01602,K01610,K01622,K01623,K01624,K01625,K01631,K01684,K01689,K01783,K01803,K01807,K01808,K01810,K01834,K02446,K02689,K02690,K02691,K02692,K02693,K02694,K02703,K02704,K02705,K02706,K02707,K02708,K03841,K04041,K05298,K05308,K06859,K08074,K08928,K08929,K11389,K11532,K11645,K12406,K13810,K15633,K15634,K15635,K15916,K16305,K16306,K16370,K18978,K21071,K25026",68,"M00001,M00002,M00003,M00165,M00308,M00552,M00611,M00612",21187,0.99
K00135,0.348,0.284,746.0,NC_005072.1_335,746.0,2.1e-65,218.3,2.9000000000000002e-65,217.8,216.0,630.0,26.0,438.0,K25072,484.3,8.433758354584072e-81,8.433758354584072e-81,587.8,domain,True,True,False,"K00137,K00139,K00252,K00468,K00626,K00823,K01041,K01506,K01580,K01582,K01692,K01782,K01825,K07250,K09251,K13524,K14268,K15736,K15737,K16871,K17761",21,"M00027,M00956,M00957",13637,0.637
K00137,0.139,0.013,475.0,NC_005072.1_335,475.0,4.8e-52,173.7,6.1e-52,173.4,63.0,472.0,30.0,436.0,K25072,484.3,3.162884600675469e-94,3.162884600675469e-94,684.77,domain,True,True,False,"K01582,K09251,K15736,K15737",4,M00956,2965,0.139
K00139,0.0,0.0,642.0,NC_005072.1_335,642.0,1.1e-48,162.8,5e-48,160.7,180.0,596.0,29.0,439.0,K25072,484.3,1.6552225488616867e-97,1.6552225488616867e-97,818.83,full,True,True,False,,0,M00027,43,0.002
K00141,0.006,0.004,487.0,NC_005072.1_335,487.0,6.600000000000001e-57,190.1,8.6e-57,189.8,70.0,479.0,28.0,437.0,K25072,484.3,2.735113012152322e-89,2.735113012152322e-89,650.6,domain,True,True,False,K00055,1,"M00537,M00538",1645,0.077
K00145,1.0,1.0,412.0,NC_005072.1_993,412.0,1.3e-114,380.0,1.3999999999999999e-114,379.9,38.0,375.0,1.0,348.0,K00145,380.0,1.0,1.0,125.77,full,False,False,False,"K00619,K00620,K00818,K00821,K00930,K01438,K01755,K01940,K09065,K14677,K14681,K14682,K22477,K22478",14,"M00028,M00845",17289,0.808
K00147,1.0,1.0,628.0,NC_005072.1_631,628.0,9.1e-169,559.9,1.1000000000000001e-168,559.6,169.0,583.0,38.0,454.0,K00147,559.9,0.9999923706636761,1.0,546.53,full,False,False,False,"K00286,K00931,K12657",3,M00015,18488,0.864
K00149,0.0,0.0,574.0,NC_005072.1_335,574.0,1.2999999999999998e-47,159.4,1.6999999999999998e-47,159.0,125.0,544.0,23.0,436.0,K25072,484.3,1.5680301491070237e-98,1.5680301491070237e-98,744.17,domain,True,True,False,,0,M00135,554,0.026
K00150,0.0,0.0,345.0,NC_005072.1_23,345.0,1.8e-89,297.0,2e-89,296.8,1.0,316.0,1.0,340.0,K05298,534.7,2.787212176735376e-72,2.787212176735376e-72,310.0,full,True,True,False,,0,"M00001,M00002,M00003,M00165,M00611,M00612",367,0.017
K00151,0.031,0.017,497.0,NC_005072.1_335,497.0,1.3e-51,172.4,1.8e-51,172.0,74.0,483.0,29.0,435.0,K25072,484.3,1.2845302981484685e-94,1.2845302981484685e-94,721.43,domain,True,True,False,"K00455,K01826,K05921",3,M00533,3372,0.158
K00152,0.0,0.0,483.0,NC_005072.1_335,483.0,1.8999999999999998e-24,82.7,2.7999999999999998e-24,82.2,64.0,477.0,30.0,439.0,K25072,484.3,1.277478916709607e-121,1.277478916709607e-121,1091.27,full,True,True,False,"K14579,K14580,K14582,K14583,K14585",5,M00534,122,0.006
K00161,1.0,1.0,548.0,NC_005072.1_1448,548.0,2.0000000000000002e-145,482.6,2.3e-145,482.4,131.0,452.0,15.0,344.0,K00161,482.6,1.0,1.0,431.67,full,False,False,False,"K00162,K00627,K13997",3,M00307,4654,0.217
K00162,1.0,1.0,444.0,NC_005072.1_1033,444.0,7.399999999999999e-153,506.1,8.899999999999999e-153,505.8,68.0,391.0,5.0,324.0,K00162,506.1,1.0,1.0,489.4,full,False,False,False,"K00161,K00627,K13997",3,M00307,4765,0.223
K00163,1.0,1.0,1014.0,NC_005072.1_1394,1014.0,1e-17,60.4,3.2e-11,38.9,171.0,354.0,33.0,212.0,K00163,60.4,1.0,1.0,304.83,full,False,True,False,"K00161,K00162,K00171,K00382,K00627,K03737,K13997",7,M00307,10984,0.513
K00164,0.442,0.219,1065.0,NC_005072.1_1448,1065.0,0.0019,13.0,0.0032,12.3,404.0,596.0,138.0,328.0,K00161,482.6,4.328266927503512e-142,4.328266927503512e-142,1224.13,domain,True,True,False,"K00024,K00025,K00026,K00030,K00031,K00116,K00174,K00175,K00234,K00235,K00236,K00239,K00240,K00241,K00242,K00244,K00245,K00246,K00247,K00382,K00658,K01647,K01659,K01676,K01679,K01681,K01682,K01899,K01900,K01902,K01903,K18118",32,"M00009,M00011",11976,0.56
K00166,0.287,0.13,560.0,NC_005072.1_1448,560.0,3.4e-76,254.2,4.1e-76,253.9,168.0,491.0,15.0,344.0,K00161,482.6,1.7569078784997175e-69,1.7569078784997175e-69,416.83,full,True,True,False,"K00167,K00249,K00253,K00382,K00826,K01640,K01968,K01969,K05607,K09699,K11381,K13766",12,M00036,9210,0.43
K00167,0.287,0.13,565.0,NC_005072.1_1033,565.0,2.5e-105,350.3,2.7e-105,350.2,210.0,530.0,4.0,324.0,K00162,506.1,1.2575540943982575e-47,1.2575540943982575e-47,480.6,full,True,True,False,"K00166,K00249,K00253,K00382,K00826,K01640,K01968,K01969,K05607,K09699,K11381,K13766",12,M00036,9229,0.431
K00169,0.003,0.002,437.0,NC_005072.1_1033,437.0,2.6e-07,26.5,70.0,-1.3,63.0,81.0,60.0,78.0,K00162,506.1,4.22682317139007e-145,4.22682317139007e-145,299.6,domain,True,True,False,"K00170,K00171,K00172,K00189,K08940,K15230,K15231",7,"M00173,M00307,M00374,M00614,M00620",1046,0.049
K00170,0.002,0.001,318.0,NC_005072.1_1008,318.0,0.03,10.2,45.0,-0.3,177.0,228.0,244.0,295.0,K01662,863.9,1.0249264515642605e-257,1.0249264515642605e-257,316.27,full,True,True,False,"K00169,K00171,K00172,K00189,K08940,K15230,K15231",7,"M00173,M00307,M00374,M00614,M00620",747,0.035
K00171,0.004,0.003,132.0,NC_005072.1_165,132.0,2.1e-12,43.7,3.1e-12,43.2,45.0,106.0,59.0,129.0,K05580,321.9,1.792483663644301e-84,1.792483663644301e-84,98.43,domain,True,True,False,"K00169,K00170,K00172,K00177,K00189,K01677,K01678,K08940,K14534,K15230,K15231,K18210",12,"M00173,M00307,M00374,M00614,M00620",1314,0.061
K00172,0.004,0.002,321.0,NC_005072.1_165,321.0,1.5e-10,37.5,1.7e-10,37.4,234.0,297.0,55.0,132.0,K05580,321.9,2.4381994735698153e-86,2.4381994735698153e-86,151.0,domain,True,True,False,"K00169,K00170,K00171,K00189,K01677,K01678,K08940,K15230,K15231",9,"M00173,M00307,M00374,M00614,M00620",1113,0.052
K00174,0.176,0.053,643.0,NC_005072.1_1033,643.0,7.2e-09,31.4,100.0,-2.1,275.0,287.0,65.0,77.0,K00162,506.1,1.2620049498556965e-143,1.2620049498556965e-143,262.2,full,True,True,False,"K00024,K00025,K00031,K00116,K00169,K00170,K00171,K00172,K00175,K00176,K00177,K00239,K00240,K00241,K00382,K01006,K01007,K01616,K01676,K01677,K01678,K01679,K01681,K01899,K01902,K01903,K01958,K01959,K01960,K03737,K05942,K08940,K08941,K08943,K15230,K15231,K18209,K18210",38,"M00009,M00011,M00173,M00614,M00620",5909,0.276
K00175,0.155,0.044,504.0,NC_005072.1_1833,504.0,6.4e-05,19.2,8.3e-05,18.8,376.0,499.0,149.0,270.0,K06213,534.9,5.738934077525044e-156,5.738934077525044e-156,236.17,domain,True,True,False,"K00024,K00025,K00116,K00169,K00170,K00171,K00172,K00174,K00176,K00177,K00239,K00240,K00241,K00382,K01006,K01616,K01676,K01677,K01678,K01679,K01681,K01899,K01902,K01903,K01958,K01959,K01960,K03737,K08940,K08941,K08943,K15230,K15231,K18209,K18210",35,"M00009,M00011,M00173,M00614,M00620",5378,0.251
K00176,0.021,0.012,142.0,NC_005072.1_1810,142.0,3.6e-12,42.9,3.7e-12,42.9,45.0,102.0,4.0,60.0,K02691,164.4,2.65984008548134e-37,2.65984008548134e-37,67.7,domain,True,True,False,"K00169,K00170,K00171,K00172,K00174,K00175,K00177,K01677,K01678,K01960,K03737,K05942,K08940,K15230,K15231,K18209,K18210",17,"M00009,M00011,M00173,M00614,M00620",2775,0.13
K00177,0.016,0.006,,,,1000.0,0.0,,,,,,,,,,0.0,,,,,,"K00169,K00170,K00171,K00172,K00174,K00175,K00176,K01677,K01678,K01960,K03737,K05942,K08940,K15230,K15231,K18210",16,"M00009,M00011,M00173,M00614,M00620",2015,0.094
K00189,0.0,0.0,,,,1000.0,0.0,,,,,,,,,,0.0,,,,,,,0,M00307,22,0.001
K00192,0.0,0.0,779.0,NC_005072.1_165,779.0,2.1e-09,32.6,2.4e-09,32.3,398.0,457.0,57.0,118.0,K05580,321.9,8.166242162943812e-88,8.166242162943812e-88,698.3,full,True,True,False,,0,M00422,92,0.004
K00193,0.03,0.03,457.0,NC_005072.1_132,457.0,0.02,10.4,0.02,10.3,360.0,424.0,27.0,97.0,K07869,15.4,0.03030303030303029,0.03030303030303029,607.9,full,True,True,False,K16178,1,"M00357,M00422,M00617",85,0.004
K00194,0.005,0.0,,,,1000.0,0.0,,,,,,,,,,0.0,,,,,,"K00125,K00197,K00198,K00584,K03390,K04480,K11261,K14080,K14084,K14126,K14127,K14128,K14138,K15023,K16176,K16178,K25008,K25123,K25124",19,"M00357,M00377,M00422,M00617,M00618",348,0.016
K00195,0.0,0.0,,,,1000.0,0.0,,,,,,,,,,0.0,,,,,,,0,M00422,0,0.0
K00197,0.005,0.0,,,,1000.0,0.0,,,,,,,,,,0.0,,,,,,"K00125,K00194,K00198,K00584,K03390,K04480,K11261,K14080,K14081,K14084,K14126,K14127,K14128,K14138,K15023,K16176,K16178,K25008,K25123,K25124",20,"M00357,M00377,M00422,M00617,M00618",420,0.02
K00198,0.001,0.001,,,,1000.0,0.0,,,,,,,,,,0.0,,,,,,"K00194,K00197,K14138,K15023,K25008,K25123,K25124",7,"M00377,M00618",821,0.038
K00200,0.001,0.0,551.0,NC_005072.1_1068,551.0,0.00066,14.9,5.0,2.1,437.0,489.0,412.0,459.0,K01427,1085.9,3e-323,3e-323,410.0,full,True,True,False,"K00201,K00202,K00203,K00672,K01499",5,"M00567,M00617",497,0.023
K00201,0.001,0.0,,,,1000.0,0.0,,,,,,,,,,0.0,,,,,,"K00200,K00202,K00203,K00672,K01499",5,"M00567,M00617",467,0.022
K00202,0.001,0.0,420.0,NC_005072.1_1716,420.0,5.3e-11,38.9,1.2e-10,37.7,88.0,213.0,1322.0,1451.0,K00284,2189.3,0.0,0.0,184.5,full,True,True,False,"K00200,K00201,K00203,K00672,K01499",5,"M00567,M00617",481,0.022
K00203,0.0,0.0,,,,1000.0,0.0,,,,,,,,,,0.0,,,,,,,0,"M00567,M00617",13,0.001
K00204,0.001,0.001,155.0,NC_005072.1_1810,155.0,1e-09,35.1,1.4e-09,34.7,93.0,147.0,4.0,66.0,K02691,164.4,1.1934976291982864e-39,1.1934976291982864e-39,171.57,domain,True,True,False,"K00194,K00197,K00584,K14080,K14081,K16176",6,"M00567,M00617",625,0.029
K00205,0.0,0.0,422.0,NC_005072.1_165,422.0,5.1e-13,45.4,6.2e-13,45.1,34.0,102.0,56.0,124.0,K05580,321.9,5.8237966048979375e-84,5.8237966048979375e-84,175.53,domain,True,True,False,"K00203,K16176,K16178",3,"M00567,M00617",281,0.013
K00207,0.0,0.0,1110.0,NC_005072.1_205,1110.0,1.1e-16,56.7,1.4e-16,56.3,609.0,911.0,72.0,369.0,K00254,400.3,3.6820822868911013e-104,3.6820822868911013e-104,406.3,domain,True,True,False,,0,M00046,0,0.0
K00208,1.0,1.0,423.0,NC_005072.1_286,423.0,2e-120,399.5,2.4e-120,399.2,121.0,382.0,24.0,287.0,K00208,399.5,1.0,1.0,275.97,full,False,False,False,"K00059,K00647,K00665,K01716,K02169,K02170,K02371,K02372,K09458,K09789,K10780,K11533,K16363,K19560,K19561",15,"M00083,M00572",11045,0.516
K00209,0.048,0.026,402.0,NC_005072.1_286,402.0,2e-05,20.3,0.00027,16.6,214.0,284.0,164.0,233.0,K00208,399.5,7.0701014274814695e-115,7.0701014274814695e-115,138.3,full,True,True,False,"K00647,K00665,K01716,K16363",4,M00083,4151,0.194
K00211,0.0,0.0,475.0,NC_005072.1_445,475.0,0.005,12.2,0.0071,11.7,216.0,288.0,294.0,368.0,K23671,133.1,4.031563681832551e-37,4.031563681832551e-37,414.73,full,True,True,False,,0,M00025,105,0.005
K00215,1.0,1.0,402.0,NC_005072.1_919,402.0,4.3e-76,253.6,5.2e-76,253.4,84.0,334.0,7.0,280.0,K00215,253.6,1.0,1.0,138.93,full,False,False,False,"K00133,K00674,K00821,K00841,K00928,K01439,K01586,K01714,K01778,K03340,K05822,K05823,K10206,K12524,K12525,K12526,K14267",17,"M00016,M00525,M00526,M00527",20518,0.959
K00220,0.016,0.009,316.0,NC_005072.1_1767,316.0,2.5e-60,201.0,2.8e-60,200.9,9.0,289.0,2.0,277.0,K15226,349.0,2.802596928649657e-45,2.802596928649657e-45,386.53,full,True,True,False,K04092,1,M00040,2435,0.114
K00226,0.009,0.009,419.0,NC_005072.1_205,419.0,2.9999999999999998e-36,122.2,3.6e-36,121.9,68.0,370.0,66.0,383.0,K00254,400.3,1.921136422723706e-84,1.921136422723706e-84,248.43,domain,True,True,False,"K00608,K11540",2,M00051,2411,0.113
K00228,1.0,1.0,481.0,NC_005072.1_1785,481.0,5.4e-144,477.2,6.400000000000001e-144,477.0,121.0,424.0,8.0,331.0,K00228,477.2,1.0,1.0,88.73,full,False,False,False,"K00230,K00643,K01599,K01698,K01719,K01749,K01772,K01845,K01885,K02492,K02495,K08973,K13543",13,"M00121,M00868",9698,0.453
K00230,0.605,0.045,285.0,NC_005072.1_1330,285.0,1.2e-08,31.5,1.6e-08,31.0,57.0,110.0,1.0,54.0,K03839,175.9,3.398354075189109e-44,3.398354075189109e-44,69.57,full,True,True,False,"K01698,K01749,K01845,K01885,K02492,K02495,K13542,K13543",8,M00121,5427,0.254
K00231,0.648,0.087,851.0,NC_005072.1_149,851.0,9e-28,93.7,1.1000000000000001e-27,93.4,95.0,538.0,1.0,457.0,K02293,850.8,1.2308079217523389e-228,1.2308079217523389e-228,143.43,domain,True,True,False,"K00230,K00435,K01599,K01698,K01719,K01749,K01772,K01845,K01885,K02492,K02495,K13542",12,"M00121,M00868,M00926",7566,0.354
K00232,0.047,0.011,,,,1000.0,0.0,,,,,,,,,,0.0,,,,,,"K00249,K00255,K01692,K01782,K09479",5,M00087,2709,0.127
K00234,0.369,0.117,915.0,NC_005072.1_105,915.0,1.1e-72,242.4,2.1e-72,241.4,185.0,752.0,10.0,552.0,K00278,577.3,1.5312794424874735e-101,1.5312794424874735e-101,1172.57,full,True,True,False,"K00024,K00025,K00026,K00030,K00031,K00116,K00164,K00235,K00236,K00241,K00242,K00244,K00245,K00246,K00247,K00382,K00658,K01647,K01659,K01676,K01679,K01681,K01682,K01899,K01900,K01902,K01903,K18118",28,"M00009,M00011",8737,0.408
K00235,0.368,0.116,361.0,NC_005072.1_1317,361.0,8.1e-05,18.4,8.1e-05,18.4,128.0,158.0,38.0,68.0,K03518,26.4,0.0012658364968616464,0.0012658364968616464,476.23,full,True,True,False,"K00024,K00025,K00026,K00030,K00031,K00116,K00164,K00234,K00236,K00241,K00242,K00244,K00245,K00246,K00247,K00382,K00658,K01647,K01659,K01676,K01679,K01681,K01682,K01899,K01900,K01902,K01903,K18118",28,"M00009,M00011",8665,0.405
K00236,0.046,0.011,322.0,NC_005072.1_329,322.0,3.1,4.2,8.6,2.7,159.0,181.0,122.0,145.0,K02635,406.8,6.387394583548386e-122,6.387394583548386e-122,136.83,full,True,True,False,"K00024,K00234,K00235,K01899,K01900",5,"M00009,M00011",2646,0.124
K00237,0.0,0.0,,,,1000.0,0.0,,,,,,,,,,0.0,,,,,,,0,"M00009,M00011",0,0.0
K00239,0.29,0.097,621.0,NC_005072.1_105,621.0,3.1e-118,392.6,5.4e-118,391.7,37.0,568.0,14.0,541.0,K00278,577.3,2.510497544109838e-56,2.510497544109838e-56,620.23,domain,True,True,False,"K00024,K00025,K00030,K00031,K00116,K00164,K00169,K00172,K00174,K00175,K00176,K00177,K00240,K00241,K00242,K00382,K00626,K00658,K01006,K01007,K01595,K01616,K01647,K01659,K01676,K01678,K01679,K01681,K01847,K01848,K01849,K01900,K01902,K01903,K01958,K01960,K01961,K02160,K03737,K05606,K08691,K08940,K08941,K08943,K09709,K14449,K14465,K14467,K14469,K14470,K14534,K15016,K15017,K15038,K15052,K15230,K15231,K18118",58,"M00009,M00011,M00149,M00173,M00374,M00376,M00613,M00614",7982,0.373
K00240,0.274,0.096,332.0,NC_005072.1_1317,332.0,3.3e-05,19.9,3.6e-05,19.7,81.0,109.0,38.0,66.0,K03518,26.4,0.00358032628321718,0.00358032628321718,146.33,domain,True,True,False,"K00024,K00025,K00030,K00031,K00116,K00164,K00169,K00170,K00172,K00174,K00175,K00176,K00177,K00239,K00241,K00382,K00626,K00658,K01006,K01007,K01595,K01616,K01647,K01659,K01676,K01678,K01679,K01681,K01847,K01848,K01849,K01900,K01902,K01903,K01958,K01960,K01961,K03737,K05606,K08691,K08940,K08941,K08943,K09709,K14449,K14465,K14467,K14469,K14470,K14534,K15016,K15017,K15038,K15052,K15230,K15231,K18118",57,"M00009,M00011,M00149,M00173,M00374,M00376,M00613,M00614",7804,0.365
K00241,0.459,0.26,,,,1000.0,0.0,,,,,,,,,,0.0,,,,,,"K00024,K00025,K00026,K00030,K00031,K00116,K00164,K00169,K00172,K00174,K00175,K00176,K00177,K00234,K00235,K00239,K00240,K00242,K00244,K00245,K00246,K00247,K00382,K00626,K00658,K01006,K01007,K01595,K01616,K01647,K01659,K01676,K01679,K01681,K01682,K01847,K01848,K01849,K01900,K01902,K01903,K01958,K01959,K01960,K01961,K01962,K01963,K02160,K03737,K05606,K08691,K08929,K08940,K08941,K08942,K08943,K09709,K14449,K14465,K14467,K14468,K14469,K14470,K14471,K14472,K14534,K15016,K15038,K15052,K18118,K25774",71,"M00009,M00011,M00149,M00173,M00374,M00376,M00613,M00614",13041,0.609
K00242,0.42,0.192,,,,1000.0,0.0,,,,,,,,,,0.0,,,,,,"K00024,K00025,K00026,K00030,K00031,K00116,K00164,K00174,K00175,K00234,K00235,K00236,K00239,K00240,K00241,K00244,K00245,K00246,K00247,K00382,K00658,K01006,K01007,K01595,K01616,K01647,K01659,K01676,K01679,K01681,K01682,K01899,K01900,K01902,K01903,K01958,K01959,K01960,K03737,K08942,K18118",41,"M00009,M00011,M00149,M00173,M00614",11206,0.524
K00244,0.077,0.009,591.0,NC_005072.1_105,591.0,4.4999999999999996e-107,355.5,7.9e-107,354.7,4.0,555.0,14.0,546.0,K00278,577.3,1.704303601455871e-67,1.704303601455871e-67,695.47,full,True,True,False,"K00026,K00245,K00246,K00247,K01682",5,"M00009,M00011,M00150",2476,0.116
K00245,0.077,0.009,337.0,NC_005072.1_500,337.0,1e-11,41.4,1.2e-11,41.2,272.0,333.0,101.0,162.0,K02636,215.5,3.8965275830176665e-53,3.8965275830176665e-53,294.8,full,True,True,False,"K00026,K00244,K00246,K00247,K01682",5,"M00009,M00011,M00150",2488,0.116
K00246,0.077,0.009,131.0,NC_005072.1_1803,131.0,7.6,3.4,0.68,6.8,39.0,78.0,208.0,248.0,K26730,365.8,8.067325336295313e-110,8.067325336295313e-110,38.87,full,True,True,False,"K00026,K00244,K00245,K00247,K01682",5,"M00009,M00011,M00150",2422,0.113
K00247,0.077,0.009,,,,1000.0,0.0,,,,,,,,,,0.0,,,,,,"K00026,K00244,K00245,K00246,K01682",5,"M00009,M00011,M00150",2368,0.111
K00249,0.163,0.066,,,,1000.0,0.0,,,,,,,,,,0.0,,,,,,"K00166,K00167,K00232,K00253,K00255,K00382,K00632,K00826,K01640,K01692,K01782,K01825,K01968,K01969,K05607,K06445,K07508,K07511,K07513,K07514,K07515,K07516,K09479,K09699,K10527,K11381,K13766,K13767",28,"M00036,M00087",6588,0.308
K00252,0.258,0.142,,,,1000.0,0.0,,,,,,,,,,0.0,,,,,,"K00135,K00468,K00626,K01041,K01506,K01692,K01782,K01825,K07250,K14268,K15736,K15737",12,M00957,9634,0.45
K00253,0.242,0.062,,,,1000.0,0.0,,,,,,,,,,0.0,,,,,,"K00166,K00167,K00249,K00382,K00826,K01640,K01968,K01969,K09699,K11381,K13766",11,M00036,6393,0.299
K00254,1.0,1.0,542.0,NC_005072.1_205,542.0,1.4999999999999999e-120,400.3,1.7999999999999998e-120,400.1,80.0,430.0,8.0,384.0,K00254,400.3,1.0,1.0,168.7,domain,False,False,False,"K00226,K00609,K00610,K00762,K01465,K01591,K01954,K01955,K01956,K11541,K13421",11,M00051,14818,0.692
K00255,0.087,0.047,,,,1000.0,0.0,,,,,,,,,,0.0,,,,,,"K00232,K00249,K00632,K01692,K01782,K01825,K06445,K07508,K07511,K07513,K07514,K07516,K09479,K10527,K13767",15,M00087,5550,0.259
K00261,0.009,0.008,513.0,NC_005072.1_1828,513.0,0.0061,12.3,0.02,10.6,259.0,298.0,250.0,288.0,K01251,751.3,3.458065414261441e-223,3.458065414261441e-223,524.1,full,True,True,False,"K14449,K19280,K19281",3,M00740,2249,0.105
K00274,0.101,0.066,720.0,NC_005072.1_149,720.0,2.2000000000000002e-30,103.0,3.3e-30,102.5,188.0,624.0,2.0,458.0,K02293,850.8,7.758347759441959e-226,7.758347759441959e-226,284.67,domain,True,True,False,"K00128,K00149,K00657",3,M00135,6563,0.307
K00275,1.0,1.0,306.0,NC_005072.1_1520,306.0,5.799999999999999e-29,98.2,6.8e-29,98.0,78.0,254.0,9.0,178.0,K00275,98.2,1.0,1.0,30.0,full,False,False,False,"K00097,K00831,K03472,K03473,K03474",5,M00124,14215,0.664
K00278,1.0,1.0,599.0,NC_005072.1_105,599.0,3.3e-174,577.3,4.5000000000000005e-174,576.8,44.0,523.0,14.0,537.0,K00278,577.3,1.0,1.0,513.97,full,False,False,False,"K00767,K00969,K01916,K01950,K03517,K06210,K06989",7,M00115,14454,0.675
K00281,1.0,1.0,1308.0,NC_005072.1_1871,1308.0,0.0,1447.0,0.0,1446.8,218.0,1147.0,6.0,957.0,K00281,1447.0,1.0,1.0,622.23,full,False,False,False,"K00382,K00605",2,M00621,11977,0.56
K00282,0.034,0.022,464.0,NC_005072.1_1871,464.0,3.7e-117,388.6,4.4e-10,35.6,177.0,293.0,616.0,738.0,K00281,1447.0,2.4539e-319,2.4539e-319,418.53,domain,True,True,False,K00283,1,M00621,3775,0.176
K00283,0.034,0.022,581.0,NC_005072.1_1871,581.0,2.7e-146,485.3,1.7e-138,459.5,118.0,525.0,487.0,890.0,K00281,1447.0,3.1582984701799027e-290,3.1582984701799027e-290,521.73,domain,True,True,False,K00282,1,M00621,3769,0.176
K00286,1.0,1.0,455.0,NC_005072.1_431,455.0,8.1e-74,245.9,9e-74,245.7,109.0,373.0,1.0,266.0,K00286,245.9,1.0,1.0,167.1,full,False,False,False,"K00147,K00318,K00819,K00931,K12657",5,"M00015,M00972",20257,0.947
K00287,0.704,0.475,,,,1000.0,0.0,,,,,,,,,,0.0,,,,,,"K00796,K00950,K01077,K01113,K01495,K01633,K08310,K09007,K11754,K13940,K13941,K13998,K14652,K19965,K22099,K22100,K22391",17,"M00126,M00840",17630,0.824
K00294,0.039,0.022,658.0,NC_005072.1_335,658.0,2.3e-34,115.6,3e-34,115.3,140.0,581.0,27.0,449.0,K25072,484.3,1.0238600525923345e-111,1.0238600525923345e-111,478.37,full,True,True,False,K00318,1,M00970,3810,0.178
K00297,0.454,0.384,506.0,NC_005072.1_158,506.0,1.9999999999999998e-54,181.8,2.3e-54,181.6,101.0,375.0,8.0,292.0,K24042,247.3,1.9166167708542015e-20,1.9166167708542015e-20,186.57,domain,True,True,False,"K00194,K00197,K00198,K00625,K00925,K01491,K01500,K01938,K05299,K13788,K14138,K15022,K15023,K15024,K22015,K25007,K25008,K25123,K25124",19,"M00377,M00618",15844,0.74
K00300,0.0,0.0,287.0,NC_005072.1_1524,287.0,1.5e-06,24.7,2.2e-06,24.2,114.0,177.0,18.0,82.0,K11153,284.2,7.6333666830714e-79,7.6333666830714e-79,358.97,full,True,True,False,,0,M00140,175,0.008
K00301,0.042,0.028,523.0,NC_005072.1_48,523.0,4.4e-14,49.0,2.6e-11,39.9,158.0,416.0,116.0,368.0,K03153,291.5,1.0005206382636772e-73,1.0005206382636772e-73,415.13,domain,True,True,False,"K00302,K00303,K00304,K00305,K00309,K00315,K00479,K21832,K21833,K21834,K25960,K25961",12,M00975,4254,0.199
K00302,0.08,0.035,1255.0,NC_005072.1_1891,1255.0,1.1e-36,122.7,1.8e-36,122.1,732.0,1075.0,34.0,367.0,K00605,403.7,2.573778794733983e-85,2.573778794733983e-85,1336.5,full,True,True,False,"K00301,K00303,K00304,K00305,K00309,K00315,K00479,K01752,K01754,K21832,K21833,K21834,K25960,K25961",14,M00975,4752,0.222
K00303,0.037,0.023,416.0,NC_005072.1_48,416.0,7.2e-19,64.6,0.35,6.3,34.0,55.0,8.0,29.0,K03153,291.5,4.969285899228898e-69,4.969285899228898e-69,635.3,full,True,True,False,"K00301,K00302,K00304,K00305,K00309,K00315,K00479,K21832,K21833,K21834,K25960,K25961",12,M00975,3851,0.18
K00304,0.035,0.02,,,,1000.0,0.0,,,,,,,,,,0.0,,,,,,"K00301,K00302,K00303,K00305,K00309,K00315,K00479,K21832,K21833,K21834,K25960,K25961",12,M00975,3655,0.171
K00305,0.035,0.021,,,,1000.0,0.0,,,,,,,,,,0.0,,,,,,"K00301,K00302,K00303,K00304,K00309,K00315,K00479,K21832,K21833,K21834,K25960,K25961",12,M00975,3706,0.173
K00309,0.013,0.003,813.0,NC_005072.1_1891,813.0,5.9e-48,160.1,1.3,3.5,424.0,452.0,3.0,31.0,K00605,403.7,4.66759382106731e-74,4.66759382106731e-74,870.17,domain,True,True,False,"K00303,K00304,K00305,K00315",4,M00975,1351,0.063
K00315,0.017,0.003,959.0,NC_005072.1_1891,959.0,5.9e-43,143.5,1.3e-42,142.3,585.0,917.0,30.0,364.0,K00605,403.7,4.6988883752236074e-79,4.6988883752236074e-79,788.73,full,True,True,False,"K00302,K00303,K00304,K00305,K00309",5,M00975,1362,0.064
K00318,0.057,0.035,,,,1000.0,0.0,,,,,,,,,,0.0,,,,,,"K00294,K00819",2,"M00970,M00972",4807,0.225
K00319,0.0,0.0,276.0,NC_005072.1_139,276.0,0.0094,12.1,0.013,11.6,21.0,93.0,13.0,86.0,K11329,391.0,8.704315874225783e-115,8.704315874225783e-115,336.0,full,True,True,False,,0,"M00567,M00617",0,0.0
K00320,0.21,0.063,,,,1000.0,0.0,,,,,,,,,,0.0,,,,,,"K00200,K00201,K00202,K00577,K00583,K00625,K00672,K00925,K01499,K01895,K11260,K14083,K22482,K22516",14,"M00567,M00617",6404,0.299
K00330,1.0,1.0,242.0,NC_005072.1_298,242.0,2.3e-48,161.5,2.5000000000000002e-48,161.5,68.0,181.0,7.0,120.0,K05574,183.4,2.555306407607379e-07,1.0,128.5,domain,True,False,True,"K00331,K00332,K00333,K00334,K00335,K00336,K00337,K00338,K00339,K00340,K00341,K00342,K00343,K13378,K13380",15,M00144,12421,0.58
K00331,1.0,1.0,314.0,NC_005072.1_297,314.0,1.7e-82,274.2,2.0000000000000002e-82,274.0,64.0,233.0,27.0,208.0,K05582,413.5,1.1655250285139297e-42,1.0,271.33,domain,True,False,True,"K00330,K00332,K00333,K00334,K00335,K00336,K00337,K00338,K00339,K00340,K00341,K00342,K00343,K13378,K13380",15,M00144,8531,0.399
K00332,0.545,0.066,286.0,NC_005072.1_296,286.0,5.3e-42,141.4,6.1e-42,141.2,93.0,218.0,38.0,171.0,K05581,241.7,6.4075416065752e-31,6.4075416065752e-31,194.27,domain,True,True,False,"K00330,K00331,K00333,K00334,K00335,K00336,K00337,K00338,K00339,K00340,K00341,K00342,K00343,K13380",14,M00144,6594,0.308
K00333,0.548,0.071,512.0,NC_005072.1_178,512.0,2.1e-153,508.2,2.3999999999999997e-153,508.1,106.0,489.0,5.0,395.0,K05579,728.9,3.653254744290916e-67,3.653254744290916e-67,526.83,domain,True,True,False,"K00330,K00331,K00332,K00334,K00335,K00336,K00337,K00338,K00339,K00340,K00341,K00342,K00343,K13380",14,M00144,6818,0.319
K00334,0.586,0.155,285.0,NC_005072.1_1297,285.0,3.7e-05,20.4,4.1e-05,20.2,118.0,180.0,23.0,88.0,K22339,39.7,1.2148566782879156e-06,1.2148566782879156e-06,150.43,domain,True,True,False,"K00330,K00331,K00332,K00333,K00335,K00336,K00337,K00338,K00339,K00340,K00341,K00342,K00343,K13378,K13380",15,M00144,10081,0.471
K00335,0.59,0.176,753.0,NC_005072.1_1297,753.0,6.2e-05,18.3,6.5e-05,18.2,192.0,251.0,24.0,91.0,K22339,39.7,2.833753402078614e-07,2.833753402078614e-07,616.7,full,True,True,False,"K00330,K00331,K00332,K00333,K00334,K00336,K00337,K00338,K00339,K00340,K00341,K00342,K00343,K13378,K13380",15,M00144,10723,0.501
K00336,0.608,0.234,927.0,NC_005072.1_165,927.0,1.2e-07,27.5,1.5e-07,27.2,177.0,240.0,56.0,119.0,K05580,321.9,2.3810541734079785e-89,2.3810541734079785e-89,690.77,domain,True,True,False,"K00330,K00331,K00332,K00333,K00334,K00335,K00337,K00338,K00339,K00340,K00341,K00342,K00343,K13378,K13380",15,M00144,12368,0.578
K00337,1.0,1.0,719.0,NC_005072.1_166,719.0,2.9999999999999998e-133,442.8,3.7e-133,442.5,242.0,556.0,27.0,364.0,K05572,670.9,2.1630073193767327e-69,1.0,437.43,full,True,False,True,"K00330,K00331,K00332,K00333,K00334,K00335,K00336,K00338,K00339,K00340,K00341,K00342,K00343,K13378,K13380",15,M00144,12869,0.601
K00338,0.554,0.107,319.0,NC_005072.1_165,319.0,1.2999999999999998e-43,146.7,1.2999999999999998e-43,146.7,82.0,224.0,11.0,153.0,K05580,321.9,1.8177943936943826e-53,1.8177943936943826e-53,149.5,domain,True,True,False,"K00330,K00331,K00332,K00333,K00334,K00335,K00336,K00337,K00339,K00340,K00341,K00342,K00343,K13378,K13380",15,M00144,8383,0.392
K00339,1.0,1.0,253.0,NC_005072.1_164,253.0,1.3e-49,165.5,1.4999999999999998e-49,165.4,32.0,190.0,5.0,172.0,K05578,228.0,1.5332934166833699e-19,1.0,127.33,full,True,False,True,"K00330,K00331,K00332,K00333,K00334,K00335,K00336,K00337,K00338,K00340,K00341,K00342,K00343,K13378,K13380",15,M00144,12619,0.59
K00340,1.0,1.0,161.0,NC_005072.1_163,161.0,2.3999999999999998e-43,144.3,2.5999999999999996e-43,144.2,25.0,122.0,4.0,105.0,K05576,148.8,0.042323709549630044,1.0,92.23,full,True,False,True,"K00330,K00331,K00332,K00333,K00334,K00335,K00336,K00337,K00338,K00339,K00341,K00342,K00343,K13378,K13380",15,M00144,12415,0.58
K00341,1.0,1.0,894.0,NC_005072.1_154,894.0,1.5000000000000001e-232,771.7,1.7e-232,771.5,22.0,617.0,6.0,662.0,K00341,771.7,1.0,1.0,555.1,domain,False,False,False,"K00330,K00331,K00332,K00333,K00334,K00335,K00336,K00337,K00338,K00339,K00340,K00342,K00343,K13378,K13380",15,M00144,13047,0.61
K00342,0.641,0.253,591.0,NC_005072.1_155,591.0,4.2e-160,530.7,5.2e-160,530.4,56.0,540.0,23.0,528.0,K05575,770.8,5.280779588322283e-73,5.280779588322283e-73,544.43,full,True,True,False,"K00330,K00331,K00332,K00333,K00334,K00335,K00336,K00337,K00338,K00339,K00340,K00341,K00343,K13378,K13380",15,M00144,12870,0.601
K00343,1.0,1.0,675.0,NC_005072.1_472,675.0,1.0999999999999999e-148,493.5,1.1999999999999999e-148,493.4,21.0,473.0,10.0,490.0,K05573,734.3,3.250701144134252e-73,1.0,327.6,domain,True,False,True,"K00330,K00331,K00332,K00333,K00334,K00335,K00336,K00337,K00338,K00339,K00340,K00341,K00342,K13378,K13380",15,M00144,12820,0.599
K00360,0.002,0.002,642.0,NC_005072.1_85,642.0,5.2e-13,45.5,7.2e-13,45.0,118.0,419.0,5.0,311.0,K17872,371.4,7.840150745535549e-99,7.840150745535549e-99,558.33,domain,True,True,False,,0,"M00531,M00615",1143,0.053
K00361,0.001,0.001,1355.0,NC_005072.1_85,1355.0,1.2e-18,62.8,1.4e-18,62.6,3.0,293.0,6.0,310.0,K17872,371.4,1.2651538402702642e-93,1.2651538402702642e-93,1789.37,full,True,True,False,,0,"M00531,M00615",847,0.04
K00362,0.121,0.072,1377.0,NC_005072.1_85,1377.0,3e-17,58.8,3.9e-17,58.4,503.0,787.0,5.0,290.0,K17872,371.4,7.907211501689318e-95,7.907211501689318e-95,1240.63,domain,True,True,False,"K00363,K00370,K00371,K00374,K02567,K02568,K03385",7,M00530,6865,0.321
K00363,0.11,0.058,204.0,NC_005072.1_886,204.0,0.00097,16.0,0.0014,15.5,57.0,147.0,37.0,121.0,K22895,102.2,9.090705870924919e-27,9.090705870924919e-27,141.17,domain,True,True,False,"K00362,K00370,K00371,K00374,K02567,K02568,K03385",7,M00530,6157,0.288
K00365,0.18,0.004,,,,1000.0,0.0,,,,,,,,,,0.0,,,,,,"K01466,K01477,K13479,K13484,K16840",5,M00546,1660,0.078
K00366,0.004,0.004,692.0,NC_005072.1_833,692.0,1.0999999999999999e-83,278.5,1.5e-82,274.8,44.0,560.0,4.0,593.0,K00392,632.5,2.7250942976053544e-107,2.7250942976053544e-107,597.97,full,True,True,False,K17877,1,"M00531,M00615",1527,0.071
K00367,0.008,0.008,,,,1000.0,0.0,,,,,,,,,,0.0,,,,,,"K00360,K15579",2,"M00531,M00615",2269,0.106
K00368,0.025,0.017,539.0,NC_005072.1_622,539.0,0.00022,16.9,0.00025,16.7,158.0,265.0,26.0,116.0,K02638,147.2,5.967488145991421e-40,5.967488145991421e-40,191.63,full,True,True,False,"K00376,K02305,K04561",3,"M00529,M00973",3293,0.154
K00370,0.094,0.043,,,,1000.0,0.0,,,,,,,,,,0.0,,,,,,"K00362,K00363,K00368,K00371,K00374,K00376,K02305,K02567,K02568,K04561,K15864",11,"M00529,M00530,M00804",5278,0.247
K00371,0.094,0.042,,,,1000.0,0.0,,,,,,,,,,0.0,,,,,,"K00362,K00363,K00368,K00370,K00374,K00376,K02305,K02567,K02568,K04561,K15864",11,"M00529,M00530,M00804",5246,0.245
K00372,0.369,0.082,,,,1000.0,0.0,,,,,,,,,,0.0,,,,,,"K00360,K00361,K00366,K00367,K02575,K10534,K15576,K15577,K15578,K15579,K26138,K26139",12,"M00531,M00615",7318,0.342
K00374,0.23,0.209,475.0,NC_005072.1_1161,475.0,0.077,8.5,0.078,8.5,247.0,279.0,24.0,59.0,K13989,10.8,0.16878840290489763,0.16878840290489763,133.27,domain,True,True,False,"K00362,K00363,K00368,K00370,K00371,K00376,K02305,K02567,K02568,K03385,K04561,K15864",12,"M00529,M00530",5597,0.262
K00376,0.014,0.006,665.0,NC_005072.1_483,665.0,2.2e-11,39.5,2.8e-11,39.1,514.0,634.0,135.0,258.0,K02275,229.7,5.547468242475378e-58,5.547468242475378e-58,465.1,full,True,True,False,"K00368,K02305,K02567,K02568,K04561,K15864",6,M00529,2028,0.095
K00380,0.379,0.114,945.0,NC_005072.1_1214,945.0,3.3e-50,167.8,0.0094,10.7,394.0,446.0,67.0,136.0,K02641,505.4,2.356532663610465e-102,2.356532663610465e-102,516.8,full,True,True,False,"K00381,K00390,K00392,K00860,K00955,K00956,K00957,K00958,K02045,K02046,K02047,K02048,K23163",13,"M00176,M00616",8652,0.404
K00381,0.365,0.134,1129.0,NC_005072.1_833,1129.0,9.800000000000001e-165,547.4,1.3e-164,547.0,541.0,1081.0,28.0,580.0,K00392,632.5,2.4118337545988205e-26,2.4118337545988205e-26,583.37,full,True,True,False,"K00380,K00390,K00860,K00955,K00956,K00957,K00958,K02045,K02046,K02047,K02048,K23163",12,"M00176,M00616",9353,0.437
K00382,1.0,1.0,636.0,NC_005072.1_1458,636.0,1.5000000000000001e-165,549.0,1.7e-165,548.9,134.0,586.0,8.0,475.0,K00382,549.0,1.0,1.0,475.33,full,False,False,False,"K00024,K00025,K00026,K00030,K00031,K00116,K00161,K00162,K00163,K00164,K00166,K00167,K00169,K00170,K00171,K00172,K00174,K00175,K00176,K00177,K00189,K00234,K00235,K00236,K00239,K00240,K00241,K00242,K00244,K00245,K00246,K00247,K00249,K00253,K00281,K00282,K00283,K00605,K00627,K00658,K00826,K01616,K01640,K01647,K01659,K01676,K01677,K01678,K01679,K01681,K01682,K01899,K01900,K01902,K01903,K01968,K01969,K03737,K05607,K05942,K09699,K11381,K13766,K13997,K18118",65,"M00009,M00011,M00036,M00307,M00621",19055,0.89
K00390,1.0,1.0,397.0,NC_005072.1_84,397.0,2.1e-63,211.5,2.4e-63,211.3,69.0,292.0,16.0,239.0,K00390,211.5,1.0,1.0,152.77,full,False,False,False,"K00380,K00381,K00392,K00860,K00955,K00956,K00957,K00958,K02045,K02046,K02047,K02048,K23163",13,"M00176,M00616",13020,0.608
K00392,1.0,1.0,898.0,NC_005072.1_833,898.0,1.2e-190,632.5,1.3999999999999998e-190,632.4,199.0,721.0,16.0,593.0,K00392,632.5,1.0,1.0,587.37,domain,False,False,False,"K00390,K00956,K00957",3,"M00176,M00616",3690,0.172
K00394,0.005,0.003,594.0,NC_005072.1_105,594.0,9.4e-15,50.8,7.4e-05,18.1,366.0,574.0,343.0,546.0,K00278,577.3,3.218898503071209e-159,3.218898503071209e-159,441.6,full,True,True,False,"K00395,K11180,K11181",3,M00596,1464,0.068
K00395,0.009,0.008,145.0,NC_005072.1_1810,145.0,9.5e-08,29.0,3.2e-07,27.2,7.0,65.0,8.0,68.0,K02691,164.4,1.739957286504617e-41,1.739957286504617e-41,77.73,domain,True,True,False,"K00394,K11180,K11181",3,M00596,2229,0.104
K00399,0.0,0.0,,,,1000.0,0.0,,,,,,,,,,0.0,,,,,,,0,"M00356,M00357,M00563,M00567,M00617",0,0.0
K00401,0.0,0.0,,,,1000.0,0.0,,,,,,,,,,0.0,,,,,,,0,"M00356,M00357,M00563,M00567,M00617",0,0.0
K00402,0.0,0.0,,,,1000.0,0.0,,,,,,,,,,0.0,,,,,,,0,"M00356,M00357,M00563,M00567,M00617",0,0.0
K00404,0.215,0.048,538.0,NC_005072.1_482,538.0,3.9000000000000004e-22,75.0,5.4e-22,74.5,66.0,503.0,35.0,495.0,K02274,785.9,9.948923293978286e-215,9.948923293978286e-215,670.2,full,True,True,False,"K00405,K00406,K00407",3,M00156,5589,0.261
K00405,0.2,0.055,,,,1000.0,0.0,,,,,,,,,,0.0,,,,,,"K00404,K00406,K00407,K15862",4,M00156,5974,0.279
K00406,0.224,0.11,347.0,NC_005072.1_1196,347.0,2e-12,44.2,2.4e-12,43.9,111.0,188.0,61.0,134.0,K12263,52.0,0.0024698135492424826,0.0024698135492424826,95.83,domain,True,True,False,"K00404,K00405,K00407,K15862",4,M00156,8382,0.392
K00407,0.492,0.466,82.0,NC_005072.1_665,82.0,0.0028,14.7,0.0032,14.5,26.0,69.0,4.0,61.0,K13835,14.8,0.43949773755701194,0.43949773755701194,21.67,domain,True,True,False,"K00404,K00405,K00406,K15862",4,M00156,5566,0.26
K00410,0.046,0.01,540.0,NC_005072.1_329,540.0,5.7e-64,213.3,6.1e-64,213.2,10.0,221.0,4.0,215.0,K02635,406.8,5.632430467076018e-59,5.632430467076018e-59,700.3,full,True,True,False,"K00411,K00413",2,M00151,2512,0.117
K00411,0.119,0.086,527.0,NC_005072.1_500,527.0,2.4e-20,69.5,8.5e-19,64.4,223.0,283.0,105.0,163.0,K02636,215.5,1.1210387714598512e-44,1.1210387714598512e-44,77.67,domain,True,True,False,"K00410,K00412,K00413",3,M00151,7485,0.35
K00412,0.094,0.04,476.0,NC_005072.1_329,476.0,3.8999999999999996e-75,250.1,4.3e-75,250.0,39.0,252.0,6.0,217.0,K02635,406.8,6.73906553039963e-48,6.73906553039963e-48,311.67,domain,True,True,False,"K00411,K00413",2,M00151,5118,0.239
K00413,0.114,0.079,,,,1000.0,0.0,,,,,,,,,,0.0,,,,,,"K00410,K00411,K00412",3,M00151,7184,0.336
K00424,0.244,0.035,289.0,NC_005072.1_1745,289.0,0.014,11.6,0.015,11.5,132.0,219.0,9.0,93.0,K02881,139.6,2.938735877055769e-39,2.938735877055769e-39,34.13,full,True,True,False,"K00425,K00426,K22501",3,M00153,4776,0.223
K00425,0.568,0.368,,,,1000.0,0.0,,,,,,,,,,0.0,,,,,,"K00424,K00426,K22501",3,M00153,15524,0.725
K00426,1.0,1.0,397.0,NC_005072.1_1415,397.0,0.0003,16.6,680.0,-4.3,290.0,302.0,17.0,29.0,K00426,16.6,1.0,1.0,35.7,full,False,True,False,"K00424,K00425,K22501",3,M00153,15468,0.723
K00431,0.0,0.0,,,,1000.0,0.0,,,,,,,,,,0.0,,,,,,,0,M00043,2,0.0
K00435,0.22,0.017,,,,1000.0,0.0,,,,,,,,,,0.0,,,,,,"K00231,K01719,K13542",3,M00926,3357,0.157
K00446,0.057,0.019,408.0,NC_005072.1_222,408.0,3.9e-10,36.0,4.6e-10,35.8,72.0,188.0,8.0,120.0,K21265,44.2,0.0019850902049951113,0.0019850902049951113,191.03,full,True,True,False,"K01617,K02554,K04073,K07104,K10216,K10217,K18364,K18365,K18366",9,M00569,3376,0.158
K00451,0.13,0.097,,,,1000.0,0.0,,,,,,,,,,0.0,,,,,,"K00457,K00815,K00832,K01555,K01800,K03334,K16171",7,M00044,7981,0.373
K00452,0.023,0.008,,,,1000.0,0.0,,,,,,,,,,0.0,,,,,,"K00453,K00486,K01556,K03392,K10217,K14263",6,"M00038,M00912",2309,0.108
K00453,0.212,0.054,,,,1000.0,0.0,,,,,,,,,,0.0,,,,,,"K00452,K00463,K00486,K00767,K00969,K01432,K01556,K01916,K01950,K03392,K07130,K10217,K14263",13,"M00038,M00912",5949,0.278
K00455,0.022,0.007,,,,1000.0,0.0,,,,,,,,,,0.0,,,,,,"K00151,K01826,K05921",3,M00533,2192,0.102
K00457,0.132,0.1,552.0,NC_005072.1_696,552.0,0.0019,14.2,0.0021,14.1,173.0,299.0,7.0,128.0,K01759,167.9,5.391252424319734e-47,5.391252424319734e-47,317.87,full,True,True,False,"K00451,K00815,K00832,K01555,K01800,K03334,K16171",7,M00044,8086,0.378
K00462,0.0,0.0,299.0,NC_005072.1_222,299.0,2.4e-09,33.6,3e-09,33.3,3.0,119.0,9.0,121.0,K21265,44.2,0.00037610426371607647,0.00037610426371607647,345.1,full,True,True,False,"K08689,K15750,K18087,K18088",4,M00543,193,0.009
K00463,0.0,0.0,,,,1000.0,0.0,,,,,,,,,,0.0,,,,,,,0,"M00038,M00912",84,0.004
K00468,0.125,0.007,557.0,NC_005072.1_1768,557.0,2.4e-05,19.8,4.3e-05,19.0,44.0,81.0,4.0,42.0,K00466,29.1,0.001578218889289367,0.001578218889289367,595.77,full,True,True,False,"K01506,K01692,K14268,K15736",4,M00957,1889,0.088
K00479,0.027,0.011,422.0,NC_005072.1_886,422.0,1e-13,47.7,1.6e-13,47.1,46.0,204.0,48.0,216.0,K22895,102.2,3.1713813578617915e-17,3.1713813578617915e-17,563.7,domain,True,True,False,"K00301,K00302,K00303,K00304,K00305,K00309,K21832,K21833,K21834,K25960,K25961",11,M00975,2668,0.125
K00486,0.006,0.003,720.0,NC_005072.1_835,720.0,7.5e-14,47.7,2.7e-13,45.9,197.0,369.0,3.0,173.0,K10960,690.2,3.8746081343796594e-194,3.8746081343796594e-194,342.93,full,True,True,False,"K00452,K06210,K10217,K14263",4,"M00038,M00912",1436,0.067
K00499,0.083,0.024,453.0,NC_005072.1_886,453.0,1.2999999999999998e-24,83.6,2.9e-24,82.4,82.0,356.0,46.0,344.0,K22895,102.2,2.0334116775650927e-06,2.0334116775650927e-06,305.3,full,True,True,False,"K00108,K00130,K17755",3,M00555,3991,0.186
K00514,1.0,1.0,558.0,NC_005072.1_120,558.0,1.6000000000000002e-253,839.2,2e-253,838.9,48.0,531.0,1.0,480.0,K00514,839.2,1.0,1.0,456.03,full,False,False,False,"K09835,K15744",2,M00097,350,0.016
K00525,0.692,0.401,782.0,NC_005072.1_709,782.0,2.5e-09,32.7,0.00013,17.2,115.0,450.0,53.0,515.0,K00524,1367.7,0.0,0.0,355.53,domain,True,True,False,"K00526,K00560,K00940,K00943,K01520,K03465,K10807,K10808,K13998,K18533",10,"M00053,M00938",16202,0.757
K00526,0.696,0.433,467.0,NC_005072.1_571,467.0,1.7e-05,20.7,4.9e-05,19.1,120.0,339.0,17.0,205.0,K14331,358.1,2.7069451941860314e-102,2.7069451941860314e-102,50.97,domain,True,True,False,"K00525,K00560,K00940,K00943,K01520,K03465,K10807,K10808,K13998,K18533",10,"M00053,M00938",16835,0.787
K00529,0.134,0.067,511.0,NC_005072.1_1458,511.0,4.8e-33,111.4,0.0016,14.0,216.0,246.0,10.0,40.0,K00382,549.0,1.8589764901986042e-132,1.8589764901986042e-132,403.67,domain,True,True,False,"K01666,K02554,K04073,K05708,K05709,K05710,K05711,K05712,K05713,K05714",10,M00545,6634,0.31
K00531,0.0,0.0,,,,1000.0,0.0,,,,,,,,,,0.0,,,,,,"K22896,K22897,K22898",3,M00175,121,0.006
K00548,1.0,1.0,1283.0,NC_005072.1_978,1283.0,0.0,1132.0,0.0,1131.7,90.0,1220.0,13.0,1185.0,K00548,1132.0,1.0,1.0,262.47,domain,False,False,False,"K00003,K00133,K00549,K00641,K00651,K00928,K01739,K01760,K12524,K12525,K14155,K24042",12,M00017,15047,0.703
K00549,0.668,0.346,685.0,NC_005072.1_152,685.0,0.00015,17.3,0.00015,17.2,35.0,142.0,7.0,114.0,K21900,294.9,2.5671924792614355e-84,2.5671924792614355e-84,41.3,full,True,True,False,"K00003,K00133,K00548,K00641,K00651,K00928,K01739,K01760,K12524,K12525,K14155,K24042",12,M00017,15055,0.703
K00550,0.0,0.0,,,,1000.0,0.0,,,,,,,,,,0.0,,,,,,,0,M00091,26,0.001
K00551,0.0,0.0,,,,1000.0,0.0,,,,,,,,,,0.0,,,,,,,0,M00091,2,0.0
K00552,0.0,0.0,,,,1000.0,0.0,,,,,,,,,,0.0,,,,,,,0,M00035,0,0.0
K00558,0.659,0.24,434.0,NC_005072.1_1198,434.0,0.00042,15.6,0.0005,15.4,68.0,133.0,46.0,135.0,K08316,153.9,2.331050057027864e-42,2.331050057027864e-42,164.37,full,True,True,False,"K00789,K01251,K01697,K17398,K17399",5,M00035,12544,0.586
K00560,0.674,0.47,,,,1000.0,0.0,,,,,,,,,,0.0,,,,,,"K00525,K00526,K00940,K00943,K01520,K03465,K10807,K10808,K13998,K18533",10,M00938,17540,0.82
K00568,0.576,0.329,324.0,NC_005072.1_1709,324.0,1.3e-17,60.9,1.5e-17,60.6,93.0,259.0,60.0,235.0,K18534,364.8,3.288397563260222e-92,3.288397563260222e-92,309.57,domain,True,True,False,"K03179,K03181,K03182,K03183,K03184,K03185,K03186,K06134,K18240,K18800",10,M00117,14679,0.686
K00570,0.056,0.056,343.0,NC_005072.1_1023,343.0,6.2e-13,45.7,7.2e-13,45.5,110.0,247.0,145.0,288.0,K15256,62.9,6.558493203485177e-06,6.558493203485177e-06,87.77,domain,True,True,False,K16369,1,M00091,6051,0.283
K00577,1.0,1.0,285.0,NC_005072.1_109,285.0,0.00021,17.6,0.00022,17.5,210.0,277.0,62.0,128.0,K00577,17.6,1.0,1.0,126.4,full,False,True,False,,0,"M00357,M00567,M00617",40,0.002
K00578,0.0,0.0,,,,1000.0,0.0,,,,,,,,,,0.0,,,,,,,0,"M00357,M00567,M00617",0,0.0
K00579,0.0,0.0,,,,1000.0,0.0,,,,,,,,,,0.0,,,,,,,0,"M00357,M00567,M00617",1,0.0
K00580,0.0,0.0,,,,1000.0,0.0,,,,,,,,,,0.0,,,,,,,0,"M00357,M00567,M00617",0,0.0
K00581,0.0,0.0,,,,1000.0,0.0,,,,,,,,,,0.0,,,,,,,0,"M00357,M00567,M00617",0,0.0
K00582,0.0,0.0,,,,1000.0,0.0,,,,,,,,,,0.0,,,,,,,0,"M00357,M00567,M00617",1,0.0
K00583,0.0,0.0,,,,1000.0,0.0,,,,,,,,,,0.0,,,,,,,0,"M00357,M00567,M00617",6,0.0
K00584,0.0,0.0,,,,1000.0,0.0,,,,,,,,,,0.0,,,,,,,0,"M00357,M00567,M00617",19,0.001
K00589,0.0,0.0,615.0,NC_005072.1_1898,615.0,3.4e-50,168.0,3.9999999999999996e-50,167.7,306.0,551.0,3.0,241.0,K02303,342.3,3.392124276399704e-53,3.392124276399704e-53,479.97,full,True,True,False,,0,M00846,1,0.0
K00595,1.0,1.0,533.0,NC_005072.1_1428,533.0,3.3999999999999996e-69,230.9,3.8e-69,230.7,157.0,487.0,66.0,424.0,K00595,230.9,1.0,1.0,239.93,full,False,True,False,"K02188,K02189,K02190,K02224,K02228,K02229,K02230,K02302,K02303,K02304,K03394,K03795,K05895,K05934,K05936,K06042,K09882,K09883,K13540,K13541,K13542,K21479,K22011,K24866",24,"M00924,M00925",7491,0.35
K00600,1.0,1.0,658.0,NC_005072.1_262,658.0,1.5000000000000002e-201,668.2,2e-201,667.8,79.0,504.0,5.0,415.0,K00600,668.2,1.0,1.0,64.5,full,False,False,False,"K00018,K00024,K00300,K00301,K00302,K00303,K00304,K00305,K00309,K00315,K00479,K00830,K01491,K01500,K01595,K01689,K01752,K01754,K01938,K08691,K08692,K11529,K14067,K21832,K21833,K21834,K25960,K25961",28,"M00140,M00346,M00975",20815,0.973
K00601,0.0,0.0,283.0,NC_005072.1_992,283.0,5.2999999999999995e-49,163.6,6.5e-49,163.3,36.0,233.0,22.0,200.0,K11175,227.3,6.67404723795966e-20,6.67404723795966e-20,236.2,domain,True,True,False,K01587,1,M00048,14,0.001
K00602,1.0,1.0,640.0,NC_005072.1_270,640.0,1.6000000000000002e-213,707.6,1.8e-213,707.4,84.0,577.0,5.0,516.0,K00602,707.6,1.0,1.0,145.1,full,False,False,False,"K00601,K00764,K01492,K01587,K01588,K01589,K01756,K01923,K01933,K01945,K01952,K06863,K08289,K11175,K11176,K11787,K11788,K11808,K13713,K23264,K23265,K23269,K23270",23,M00048,20690,0.967
K00603,0.001,0.001,,,,1000.0,0.0,,,,,,,,,,0.0,,,,,,,0,M00045,908,0.042
K00605,1.0,1.0,630.0,NC_005072.1_1891,630.0,1.4e-121,403.7,1.7e-121,403.5,109.0,466.0,3.0,367.0,K00605,403.7,1.0,1.0,304.87,full,False,False,False,"K00281,K00282,K00283,K00382",4,M00621,15735,0.735
K00606,1.0,1.0,380.0,NC_005072.1_1471,380.0,1.6e-93,310.6,2e-93,310.3,49.0,292.0,5.0,252.0,K00606,310.6,1.0,1.0,96.9,full,False,False,False,"K00077,K00826,K01579,K01918,K06982,K09722,K13038,K13799",8,"M00119,M00914",16356,0.764
K00608,0.0,0.0,527.0,NC_005072.1_238,527.0,1.2e-27,93.4,1.6000000000000001e-27,93.0,10.0,332.0,9.0,334.0,K00609,340.5,4.1256090533764953e-75,4.1256090533764953e-75,783.17,full,True,True,False,,0,M00051,35,0.002
K00609,1.0,1.0,399.0,NC_005072.1_238,399.0,1.3e-102,340.5,1.5e-102,340.3,71.0,362.0,6.0,333.0,K00609,340.5,1.0,1.0,245.9,domain,False,False,False,"K00226,K00254,K00610,K00762,K01465,K01591,K01954,K01955,K01956,K11540,K11541,K13421,K17828",13,M00051,20505,0.958
K00610,0.036,0.025,,,,1000.0,0.0,,,,,,,,,,0.0,,,,,,"K11540,K11541,K17828",3,M00051,4034,0.188
K00611,1.0,1.0,458.0,NC_005072.1_1423,458.0,2.2999999999999998e-127,422.3,2.5e-127,422.2,92.0,391.0,7.0,305.0,K00611,422.3,1.0,1.0,314.13,full,False,False,False,"K01755,K01915,K01940,K01955,K01956,K14681",6,"M00844,M00978",17646,0.825
K00615,1.0,1.0,670.0,NC_005072.1_1813,670.0,1.1e-195,648.9,1.3e-195,648.6,113.0,577.0,9.0,668.0,K17100,712.1,9.43852811984112e-20,1.0,223.53,domain,True,False,True,"K00033,K00036,K00134,K00150,K00616,K00855,K00927,K01057,K01086,K01100,K01601,K01602,K01623,K01624,K01783,K01803,K01807,K01808,K01810,K02446,K02689,K02690,K02691,K02692,K02693,K02694,K02703,K02704,K02705,K02706,K02707,K02708,K03841,K05298,K06859,K07404,K08928,K08929,K11532,K13810,K13937,K15916,K19243",43,"M00004,M00007,M00165,M00611,M00612",18622,0.87
K00616,1.0,1.0,489.0,NC_005072.1_558,489.0,5.3e-121,402.4,5.8e-121,402.2,103.0,402.0,1.0,328.0,K00616,402.4,1.0,1.0,137.5,full,False,False,False,"K00033,K00036,K00615,K01057,K01783,K01807,K01810,K06859,K07404,K13937,K19243",11,"M00004,M00007",7960,0.372
K00618,0.0,0.0,,,,1000.0,0.0,,,,,,,,,,0.0,,,,,,,0,M00028,0,0.0
K00619,0.497,0.193,258.0,NC_005072.1_1843,258.0,2e-09,33.9,2.1e-09,33.9,113.0,172.0,86.0,146.0,K18815,46.5,0.00016104642465220278,0.00016104642465220278,166.07,domain,True,True,False,"K00145,K00620,K00818,K00821,K00930,K01438,K12659,K14677,K14681,K14682,K22477,K22478",12,M00028,11248,0.526
K00620,1.0,1.0,632.0,NC_005072.1_51,632.0,1e-156,519.7,1.2e-156,519.5,64.0,454.0,16.0,411.0,K00620,519.7,1.0,1.0,169.87,full,False,False,False,"K00145,K00619,K00818,K00821,K00930,K01438,K14677,K14682,K22477,K22478",10,M00028,13466,0.629
K00625,0.01,0.01,,,,1000.0,0.0,,,,,,,,,,0.0,,,,,,"K00200,K00201,K00202,K00672,K01499,K11260,K14083,K15023,K16179,K22480,K25007",11,"M00357,M00579,M00617,M00618",2533,0.118
K00626,0.435,0.373,666.0,NC_005072.1_1812,666.0,3.5e-12,42.7,0.0014,14.3,400.0,462.0,236.0,303.0,K09458,588.8,4.0506000888610132e-165,4.0506000888610132e-165,369.9,domain,True,True,False,"K00019,K00021,K00023,K00024,K00054,K00135,K00169,K00170,K00171,K00172,K00239,K00240,K00241,K00252,K00468,K00869,K00938,K01007,K01041,K01506,K01574,K01595,K01597,K01640,K01641,K01677,K01678,K01692,K01782,K01823,K01825,K01847,K01848,K01849,K01902,K01903,K01964,K01965,K01966,K03186,K05606,K06981,K07250,K08691,K09128,K13273,K14268,K14446,K14447,K14448,K14449,K14451,K14465,K14466,K14467,K14534,K15016,K15017,K15018,K15019,K15020,K15036,K15037,K15038,K15736,K15737,K17865,K17942,K18690,K25517,K25518,K25774",72,"M00088,M00095,M00373,M00374,M00375,M00849,M00957",15622,0.73
K00627,1.0,1.0,656.0,NC_005072.1_442,656.0,5.500000000000001e-130,431.9,6.100000000000001e-130,431.7,105.0,504.0,1.0,453.0,K00627,431.9,1.0,1.0,486.3,domain,False,True,False,"K00161,K00162,K00163,K00169,K00170,K00171,K00172,K00189,K00382,K03737,K13997",11,M00307,17919,0.837
K00632,0.29,0.27,464.0,NC_005072.1_1812,464.0,5.5e-10,35.2,4.6e-05,19.0,122.0,179.0,148.0,202.0,K09458,588.8,2.2376615552408852e-167,2.2376615552408852e-167,505.6,domain,True,True,False,"K00022,K00232,K00249,K00255,K01692,K01782,K01825,K06445,K07508,K07509,K07511,K07513,K07514,K07515,K07516,K09479,K10527,K13767",18,M00087,13280,0.621
K00640,1.0,1.0,355.0,NC_005072.1_1841,355.0,7.4e-94,311.8,8.6e-94,311.6,113.0,301.0,1.0,211.0,K00640,311.8,1.0,1.0,93.87,domain,False,False,False,"K01738,K13034,K17069",3,M00021,18083,0.845
K00641,0.614,0.183,532.0,NC_005072.1_1225,532.0,0.0054,12.2,0.0071,11.8,183.0,220.0,120.0,157.0,K15756,73.9,2.6565187608152364e-19,2.6565187608152364e-19,74.73,domain,True,True,False,"K00003,K00133,K00548,K00549,K00928,K01739,K01760,K12524,K14155,K24042",10,M00017,10929,0.511
K00643,0.405,0.011,626.0,NC_005072.1_1672,626.0,8.500000000000001e-73,243.0,9.6e-73,242.8,223.0,566.0,41.0,378.0,K00652,397.2,3.8121911483250026e-47,3.8121911483250026e-47,422.27,full,True,True,False,"K00228,K01719",2,M00868,2711,0.127
K00645,1.0,1.0,476.0,NC_005072.1_142,476.0,8e-83,276.1,9.2e-83,275.9,96.0,385.0,1.0,287.0,K00645,276.1,1.0,1.0,275.13,domain,False,False,False,"K00648,K00665,K00667,K00668,K01961,K01962,K01963,K02078,K02160,K11262,K11263,K11533,K11608,K11609,K11610,K11611,K18472,K18473",18,"M00082,M00885,M00886",20101,0.939
K00647,0.347,0.039,633.0,NC_005072.1_1812,633.0,8.499999999999999e-105,349.1,9.4e-105,348.9,49.0,415.0,7.0,412.0,K09458,588.8,6.968030441839206e-73,6.968030441839206e-73,381.4,domain,True,True,False,"K00208,K00209,K01716,K02169,K02170,K02372,K09458,K11533,K16363,K19561",10,"M00083,M00572",5069,0.237
K00648,1.0,1.0,441.0,NC_005072.1_141,441.0,1.5e-121,403.4,1.5999999999999999e-121,403.2,55.0,358.0,12.0,335.0,K00648,403.4,1.0,1.0,221.8,domain,False,False,False,"K00645,K00665,K00667,K00668,K01961,K01962,K01963,K02160,K11262,K11263,K11533,K18472,K18473",13,M00082,18233,0.852
K00651,1.0,1.0,383.0,NC_005072.1_685,383.0,1.8e-84,280.6,1.9999999999999998e-84,280.5,1.0,296.0,1.0,292.0,K00651,280.6,1.0,1.0,253.73,full,False,False,False,"K00003,K00133,K00548,K00549,K00928,K01739,K01760,K12524,K12525,K14155,K24042",11,M00017,8530,0.399
K00652,1.0,1.0,630.0,NC_005072.1_1672,630.0,1.7e-119,397.2,2e-119,397.0,150.0,492.0,34.0,378.0,K00652,397.2,1.0,1.0,464.27,domain,False,True,False,"K00833,K01012,K01906,K01935,K16593,K19562,K19563,K25570",8,"M00123,M00573,M00577,M00950",13020,0.608
K00657,0.185,0.169,329.0,NC_005072.1_1843,329.0,2.2e-07,27.8,2.3e-07,27.8,167.0,231.0,84.0,144.0,K18815,46.5,2.347837927649252e-06,2.347837927649252e-06,82.97,domain,True,True,False,"K00128,K00149,K00274,K14085",4,M00135,10509,0.491
K00658,0.448,0.231,461.0,NC_005072.1_442,461.0,9.4e-61,203.0,1.6e-60,202.2,61.0,439.0,2.0,453.0,K00627,431.9,1.2423214748072905e-69,1.2423214748072905e-69,447.43,domain,True,True,False,"K00024,K00025,K00026,K00030,K00031,K00116,K00164,K00174,K00175,K00176,K00234,K00235,K00236,K00239,K00240,K00241,K00242,K00244,K00245,K00246,K00247,K00382,K01647,K01659,K01676,K01679,K01681,K01682,K01899,K01900,K01902,K01903,K18118",33,"M00009,M00011",12289,0.574
K00665,0.0,0.0,2766.0,NC_005072.1_1812,2766.0,6.9e-48,159.1,8e-48,158.9,365.0,759.0,6.0,406.0,K09458,588.8,4.440285173367433e-130,4.440285173367433e-130,867.5,domain,True,True,False,,0,"M00082,M00083",25,0.001
K00667,0.0,0.0,1842.0,NC_005072.1_1812,1842.0,1.5999999999999999e-24,82.1,1.9e-12,42.0,1211.0,1392.0,100.0,277.0,K09458,588.8,2.938334247692872e-153,2.938334247692872e-153,1128.37,domain,True,True,False,,0,"M00082,M00083",2,0.0
K00668,0.0,0.0,3318.0,NC_005072.1_142,3318.0,8.7e-13,42.5,0.064,6.4,1672.0,1686.0,3.0,17.0,K00645,276.1,4.779616072772879e-71,4.779616072772879e-71,1491.97,full,True,True,False,K00667,1,"M00082,M00083",464,0.022
K00672,0.001,0.0,,,,1000.0,0.0,,,,,,,,,,0.0,,,,,,"K00200,K00201,K00202,K00203,K01499",5,"M00567,M00617",466,0.022
K00673,0.057,0.032,,,,1000.0,0.0,,,,,,,,,,0.0,,,,,,"K00840,K01484,K05526,K06447",4,M00879,4575,0.214
K00674,0.656,0.276,471.0,NC_005072.1_1412,471.0,1.6e-07,27.8,2.6e-07,27.1,349.0,383.0,95.0,129.0,K00661,78.9,4.1433957902971817e-16,4.1433957902971817e-16,157.8,domain,True,True,False,"K00133,K00215,K00821,K00928,K01439,K01586,K01714,K01778,K12524,K12525,K12526,K14267",12,M00016,13445,0.628
K00677,1.0,1.0,390.0,NC_005072.1_1497,390.0,3.9000000000000003e-100,332.0,4.5e-100,331.8,82.0,334.0,11.0,270.0,K00677,332.0,1.0,1.0,205.57,full,False,False,False,"K00748,K00912,K02517,K02527,K02535,K02536,K02560,K03269,K09778,K09949,K16363",11,"M00060,M00866",11979,0.56
K00688,1.0,1.0,1020.0,NC_005072.1_1804,1020.0,0.0,1139.3,0.0,1139.0,117.0,912.0,29.0,833.0,K00688,1139.3,1.0,1.0,75.0,domain,False,False,False,"K00705,K01196,K01200,K01835,K02438,K15778,K15779,K22451",8,M00855,10706,0.5
K00693,0.0,0.0,1064.0,NC_005072.1_1423,1064.0,2.3e-29,99.2,3.2e-14,49.1,188.0,338.0,151.0,299.0,K00611,422.3,5.460198118281905e-98,5.460198118281905e-98,457.7,domain,True,True,False,,0,M00854,76,0.004
K00700,1.0,1.0,948.0,NC_005072.1_625,948.0,9.199999999999999e-268,888.0,6.8e-266,881.8,174.0,749.0,109.0,750.0,K00700,888.0,1.0,1.0,290.47,full,False,False,False,"K00693,K00703,K00750,K00963,K00975,K01214,K01236,K06044,K13679,K16149,K16150,K16153",12,"M00565,M00854",15374,0.718
K00703,1.0,1.0,761.0,NC_005072.1_650,761.0,2.5e-174,578.4,2.9999999999999998e-174,578.2,173.0,636.0,1.0,454.0,K00703,578.4,1.0,1.0,131.47,domain,False,False,False,"K00693,K00700,K00750,K00963,K00975,K01214,K01236,K06044,K13679,K16149,K16150,K16153",12,"M00565,M00854",12418,0.58
K00705,1.0,1.0,778.0,NC_005072.1_1220,778.0,6.4e-112,372.2,8.3e-112,371.8,211.0,683.0,27.0,488.0,K00705,372.2,1.0,1.0,88.23,full,False,False,False,"K00688,K01196,K01200,K01835,K02438,K15778,K15779,K16153,K22451",9,M00855,12041,0.563
K00748,1.0,1.0,866.0,NC_005072.1_1496,866.0,1.8e-107,357.5,2e-107,357.3,87.0,454.0,3.0,389.0,K00748,357.5,1.0,1.0,133.83,full,False,False,False,"K00677,K00912,K02517,K02527,K02535,K02536,K02560,K03269,K09778,K09949,K16363",11,"M00060,M00866",11816,0.552
K00750,0.0,0.0,,,,1000.0,0.0,,,,,,,,,,0.0,,,,,,,0,M00854,459,0.021
K00757,0.004,0.004,,,,1000.0,0.0,,,,,,,,,,0.0,,,,,,,0,M00968,1676,0.078
K00762,1.0,1.0,289.0,NC_005072.1_279,289.0,2.3999999999999997e-41,138.9,2.6e-41,138.8,49.0,225.0,10.0,185.0,K00762,138.9,0.9999999999995453,1.0,126.4,domain,False,False,False,"K00226,K00254,K00608,K00609,K00610,K01465,K01591,K01954,K01955,K01956,K11540,K11541,K17828",13,M00051,20629,0.964
K00764,1.0,1.0,775.0,NC_005072.1_4,775.0,3.1e-194,644.6,3.6e-194,644.4,250.0,691.0,1.0,474.0,K00764,644.6,1.0,1.0,189.9,full,False,False,False,"K00601,K00602,K01492,K01587,K01588,K01589,K01756,K01923,K01933,K01945,K01952,K06863,K08289,K11175,K11176,K11787,K11788,K11808,K13713,K23264,K23265,K23269,K23270",23,M00048,20671,0.966
K00765,1.0,1.0,364.0,NC_005072.1_599,364.0,5.2e-66,220.3,6e-66,220.1,43.0,240.0,2.0,195.0,K00765,220.3,1.0,1.0,56.87,full,False,False,False,"K00013,K00817,K01089,K01496,K01523,K01663,K01693,K01814,K02500,K02501,K02502,K04486,K05602,K11755,K14152,K18649,K24017",17,M00026,18056,0.844
K00766,1.0,1.0,501.0,NC_005072.1_1054,501.0,1.4999999999999999e-114,380.5,1.7e-114,380.3,115.0,437.0,8.0,333.0,K00766,380.5,0.999999999968793,1.0,104.3,full,False,False,False,"K01609,K01656,K01657,K01658,K01694,K01695,K01696,K01817,K06001,K13497,K13498,K13501,K13503,K24017",14,M00023,17175,0.803
K00767,1.0,1.0,491.0,NC_005072.1_194,491.0,3e-88,293.5,3.3e-88,293.4,88.0,360.0,6.0,286.0,K00767,293.5,1.0,1.0,218.77,full,False,False,False,"K00278,K00452,K00453,K00463,K00486,K00969,K01432,K01556,K01916,K01950,K03517,K06210,K06989,K07130,K14263",15,"M00115,M00912",15847,0.74
K00768,0.7,0.258,481.0,NC_005072.1_476,481.0,2.2e-06,23.5,3e-06,23.1,210.0,353.0,129.0,266.0,K21299,27.4,0.06278044076019912,0.06278044076019912,69.73,domain,True,True,False,"K00798,K02225,K02226,K02227,K02231,K02232,K02233,K19221,K22316",9,M00122,11663,0.545
K00772,1.0,1.0,375.0,NC_005072.1_304,375.0,6.8e-107,354.5,7.399999999999999e-107,354.4,37.0,300.0,11.0,273.0,K00772,354.5,1.0,1.0,288.3,full,False,False,False,"K08963,K16054,K23977",3,M00034,3771,0.176
K00788,1.0,1.0,329.0,NC_005072.1_1434,329.0,3.7999999999999996e-68,226.9,5.1e-68,226.5,11.0,239.0,15.0,340.0,K00788,226.9,1.0,1.0,166.47,domain,False,False,False,"K00878,K00941,K00946,K03147,K03148,K03149,K03150,K03151,K03153,K03154,K10810,K14153,K21219,K22699",14,"M00127,M00895,M00896,M00899",15676,0.732
K00789,1.0,1.0,496.0,NC_005072.1_315,496.0,1.6e-178,591.6,1.9e-178,591.3,65.0,441.0,1.0,405.0,K00789,591.6,1.0,1.0,19.2,full,False,False,False,"K00558,K00772,K00797,K00815,K00832,K00899,K01243,K01244,K01251,K01611,K01697,K05810,K07173,K08963,K08964,K08965,K08966,K08967,K08969,K09880,K16054,K17216,K17217,K17398,K17399,K17462,K23977",27,"M00034,M00035,M00609",21278,0.994
K00793,1.0,1.0,322.0,NC_005072.1_479,322.0,4.1e-76,252.9,4.4e-76,252.8,77.0,284.0,1.0,205.0,K00793,252.9,1.0,1.0,55.1,full,False,False,False,"K00082,K00794,K01497,K01498,K02858,K11752,K11753,K14652,K20860,K20861,K20862,K20884,K21063,K21064,K22912",15,M00125,18157,0.848
K00794,1.0,1.0,269.0,NC_005072.1_1846,269.0,7.600000000000001e-66,219.2,8.300000000000001e-66,219.1,55.0,207.0,1.0,157.0,K00794,219.2,1.0,1.0,46.47,full,False,False,False,"K00082,K00793,K01497,K01498,K02858,K11752,K11753,K14652,K20860,K20861,K20862,K20884,K21063,K21064,K22912",15,M00125,18295,0.855
K00795,0.337,0.314,576.0,NC_005072.1_1209,576.0,3e-115,383.3,3.3e-115,383.2,122.0,416.0,9.0,299.0,K13789,400.1,8.76379614287413e-06,8.76379614287413e-06,396.87,domain,True,True,False,K01823,1,M00364,14341,0.67
K00796,1.0,1.0,419.0,NC_005072.1_917,419.0,6e-103,341.8,6.9e-103,341.6,69.0,331.0,13.0,278.0,K00796,341.8,0.8312113294963301,1.0,255.37,domain,False,False,False,"K00287,K00950,K01077,K01113,K01495,K01633,K08310,K09007,K11754,K13939,K13940,K13941,K19965,K20457,K22391",15,M00126,18999,0.888
K00797,1.0,1.0,449.0,NC_005072.1_1889,449.0,5.9e-73,243.0,7.3e-73,242.7,111.0,349.0,22.0,271.0,K00797,243.0,1.0,1.0,105.97,domain,False,False,False,"K00772,K00789,K00815,K00832,K00899,K01243,K01244,K01480,K01584,K01585,K01611,K02626,K05810,K08963,K08964,K08965,K08966,K08967,K08969,K09880,K16054,K23977",22,"M00034,M00133",13607,0.636
K00798,0.663,0.242,,,,1000.0,0.0,,,,,,,,,,0.0,,,,,,"K00768,K02225,K02226,K02227,K02231,K02232,K02233,K19221,K22316",9,M00122,12583,0.588
K00800,1.0,1.0,696.0,NC_005072.1_654,696.0,2.3e-132,439.6,2.5e-132,439.5,171.0,574.0,13.0,436.0,K24018,446.0,0.011702954720031944,1.0,135.3,domain,True,False,True,"K00014,K00891,K01626,K01735,K01736,K03785,K03786,K03856,K13829,K13830,K13832,K13853",12,M00022,12845,0.6
K00815,0.0,0.0,593.0,NC_005072.1_722,593.0,8e-57,189.9,9.999999999999999e-57,189.6,101.0,469.0,29.0,385.0,K00812,493.6,3.777376871493255e-92,3.777376871493255e-92,369.2,full,True,True,False,,0,"M00034,M00044",2,0.0
K00817,1.0,1.0,528.0,NC_005072.1_192,528.0,2.9000000000000004e-80,267.3,3.6e-80,267.1,97.0,435.0,10.0,363.0,K00817,267.3,1.0,1.0,290.17,full,False,True,False,"K00013,K00765,K01089,K01496,K01523,K01663,K01693,K01814,K02500,K02501,K02502,K04486,K05602,K11755,K14152,K18649,K24017",17,M00026,18733,0.875
K00818,0.0,0.0,608.0,NC_005072.1_1462,608.0,1.4e-142,473.2,1.6999999999999998e-142,472.9,49.0,441.0,29.0,423.0,K00821,519.8,9.37566760777681e-15,9.37566760777681e-15,574.17,domain,True,True,False,,0,M00028,36,0.002
K00819,0.058,0.04,662.0,NC_005072.1_1462,662.0,1e-107,358.1,1.2e-107,357.8,156.0,533.0,35.0,419.0,K00821,519.8,2.1059579782499243e-49,2.1059579782499243e-49,484.07,full,True,True,False,K00318,1,M00972,5124,0.239
K00820,1.0,1.0,790.0,NC_005072.1_1809,790.0,3.5e-213,706.9,3.9e-213,706.7,86.0,681.0,1.0,631.0,K00820,706.9,1.0,1.0,184.73,full,False,False,False,"K00972,K03431,K04042,K11528,K23144",5,M00909,20829,0.973
K00821,1.0,1.0,561.0,NC_005072.1_1462,561.0,8.600000000000001e-157,519.8,1e-156,519.6,94.0,467.0,32.0,422.0,K00821,519.8,1.0,1.0,484.67,domain,False,False,False,"K00133,K00145,K00215,K00619,K00620,K00674,K00818,K00928,K00930,K01438,K01439,K01586,K01714,K01755,K01778,K01940,K09065,K12524,K12526,K12659,K14267,K14677,K14682,K22477,K22478",25,"M00016,M00028,M00845",14972,0.7
K00823,0.083,0.026,581.0,NC_005072.1_1462,581.0,6e-111,368.6,7.300000000000001e-111,368.3,142.0,546.0,35.0,422.0,K00821,519.8,3.0497529186600192e-46,3.0497529186600192e-46,604.43,domain,True,True,False,"K00135,K00139,K01580,K07250",4,M00027,4161,0.194
K00826,1.0,1.0,470.0,NC_005072.1_979,470.0,2.5000000000000003e-72,241.1,3e-72,240.8,93.0,395.0,9.0,301.0,K00826,241.1,1.0,1.0,186.5,full,False,False,False,"K00053,K00077,K00166,K00167,K00249,K00253,K00382,K00606,K01579,K01640,K01652,K01653,K01687,K01754,K01918,K01968,K01969,K05607,K09699,K11258,K11381,K13766,K13799,K17989",24,"M00019,M00036,M00119,M00570",19439,0.908
K00830,1.0,1.0,513.0,NC_005072.1_1021,513.0,5.3e-157,520.5,5.9e-157,520.3,89.0,455.0,20.0,385.0,K00830,520.5,1.0,1.0,412.37,full,False,False,False,"K00018,K00024,K01595,K08691,K08692,K11529,K14067",7,M00346,5105,0.239
K00831,0.742,0.481,515.0,NC_005072.1_35,515.0,3.2e-20,69.0,4e-20,68.7,110.0,378.0,12.0,284.0,K13290,407.8,1.0257404188658776e-102,1.0257404188658776e-102,121.8,full,True,True,False,"K00058,K00097,K00275,K01079,K02203,K03472,K03473,K03474,K22305,K25528",10,"M00020,M00124",17746,0.829
K00832,0.252,0.046,398.0,NC_005072.1_722,398.0,3.1e-12,43.2,4.2e-12,42.8,64.0,275.0,64.0,269.0,K00812,493.6,2.6066934036488948e-136,2.6066934036488948e-136,555.57,domain,True,True,False,"K00451,K00457,K00789,K00797,K00815,K00899,K01555,K01611,K01713,K01800,K04093,K05810,K08963,K08964,K08966,K08967,K09880,K14170,K14187,K16171,K23977,K24018",22,"M00024,M00025,M00034,M00040,M00044",5501,0.257
K00833,1.0,1.0,523.0,NC_005072.1_1676,523.0,1.6e-145,482.1,2.0000000000000002e-145,481.9,71.0,484.0,16.0,431.0,K00833,482.1,1.0,1.0,411.3,domain,False,False,False,"K00652,K01012,K01906,K01935,K19562",5,"M00123,M00577",12055,0.563
K00836,0.247,0.054,787.0,NC_005072.1_1462,787.0,1.5e-82,275.2,2.0000000000000002e-82,274.8,231.0,629.0,36.0,415.0,K00821,519.8,2.333796910533717e-74,2.333796910533717e-74,462.37,full,True,True,False,"K00133,K00928,K06718,K06720",4,M00033,5957,0.278
K00838,0.0,0.0,555.0,NC_005072.1_722,555.0,1.2e-08,30.8,4.4e-07,25.7,126.0,408.0,56.0,309.0,K00812,493.6,4.823008271147412e-140,4.823008271147412e-140,441.87,full,True,True,False,,0,"M00024,M00025,M00034,M00044",0,0.0
K00840,0.057,0.032,407.0,NC_005072.1_1462,407.0,5.1e-121,400.8,6.2e-121,400.5,15.0,397.0,33.0,420.0,K00821,519.8,1.5046327690525364e-36,1.5046327690525364e-36,710.73,full,True,True,False,"K00673,K01484,K05526,K06447",4,M00879,4541,0.212
K00841,0.027,0.015,462.0,NC_005072.1_722,462.0,1.2e-101,337.4,1.4000000000000001e-101,337.2,13.0,389.0,6.0,388.0,K00812,493.6,9.530477870811658e-48,9.530477870811658e-48,491.07,full,True,True,False,"K05822,K05823",2,M00525,3087,0.144
K00844,0.0,0.0,,,,1000.0,0.0,,,,,,,,,,0.0,,,,,,K12447,1,"M00001,M00549",244,0.011
K00845,1.0,1.0,493.0,NC_005072.1_637,493.0,1.3e-77,258.5,1.4e-77,258.3,49.0,355.0,3.0,341.0,K00845,258.5,1.0,1.0,114.7,full,False,False,False,"K00134,K00873,K00927,K00963,K01623,K01624,K01689,K01803,K01810,K01834,K01835,K06859,K11389,K11645,K12447,K15633,K15634,K15635,K15778,K16306,K16370,K21071,K25026",23,"M00001,M00549",7516,0.351
K00849,0.45,0.186,485.0,NC_005072.1_636,485.0,8.9e-05,18.1,0.073,8.5,154.0,221.0,90.0,160.0,K00872,354.5,5.413890388372072e-102,5.413890388372072e-102,366.9,full,True,True,False,"K00965,K01784,K01785",3,"M00554,M00632",11020,0.515
K00850,0.464,0.157,,,,1000.0,0.0,,,,,,,,,,0.0,,,,,,"K00134,K00150,K00844,K00845,K00873,K00918,K00927,K01623,K01624,K01689,K01803,K01810,K01834,K06859,K08093,K08094,K11389,K11645,K12406,K13831,K15633,K15634,K15635,K16306,K16370,K21071,K25026",27,"M00001,M00345",10139,0.474
K00855,1.0,1.0,460.0,NC_005072.1_861,460.0,4.4e-99,329.2,4.9e-99,329.1,24.0,340.0,1.0,297.0,K00855,329.2,1.0,1.0,177.67,full,False,False,False,"K01086,K01601,K01602,K01807,K02446,K02689,K02690,K02691,K02692,K02693,K02694,K02703,K02704,K02705,K02706,K02707,K02708,K03841,K05298,K08928,K08929,K11532",22,"M00165,M00611,M00612",4005,0.187
K00859,1.0,1.0,517.0,NC_005072.1_50,517.0,7.2e-66,220.0,7.600000000000001e-66,219.9,226.0,415.0,8.0,202.0,K00859,220.0,1.0,1.0,54.7,full,False,False,False,"K00867,K00954,K01598,K01947,K02318,K03525,K09680,K13038,K21977",9,M00120,21188,0.99
K00860,1.0,1.0,323.0,NC_005072.1_172,323.0,7.800000000000001e-100,331.2,8.4e-100,331.1,59.0,255.0,9.0,206.0,K00860,331.2,1.0,1.0,329.67,domain,False,False,False,"K00380,K00381,K00390,K00392,K00956,K00957,K00958,K02045,K02046,K02047,K02048,K23163",12,"M00176,M00616",6729,0.314
K00867,0.541,0.124,367.0,NC_005072.1_1064,367.0,7.6e-05,18.6,0.00012,18.0,120.0,231.0,76.0,189.0,K15918,193.0,3.16496386677434e-53,3.16496386677434e-53,143.1,full,True,True,False,"K00859,K00954,K02318,K13038,K21977",5,M00120,8994,0.42
K00869,0.037,0.022,504.0,NC_005072.1_636,504.0,0.00039,16.2,0.0096,11.6,172.0,202.0,107.0,136.0,K00872,354.5,1.4506160118343846e-102,1.4506160118343846e-102,157.87,full,True,True,False,"K00021,K00054,K00938,K01597,K01641,K17942",6,"M00095,M00849",3818,0.178
K00872,1.0,1.0,551.0,NC_005072.1_636,551.0,1.2000000000000001e-106,354.5,1.5e-106,354.2,69.0,370.0,17.0,332.0,K00872,354.5,1.0,1.0,208.17,domain,False,False,False,"K00003,K00133,K00928,K01733,K02204,K12524,K12525,K12526",8,M00018,12092,0.565
K00873,1.0,1.0,624.0,NC_005072.1_1013,624.0,1.4e-189,628.2,3e-189,627.2,84.0,545.0,7.0,477.0,K00873,628.2,1.0,1.0,53.1,full,False,False,False,"K00134,K00150,K00844,K00845,K00850,K00886,K00918,K00927,K01623,K01624,K01689,K01803,K01810,K01834,K06859,K08074,K11389,K11645,K12406,K13810,K15633,K15634,K15635,K15916,K16305,K16306,K16370,K21071,K25026",29,"M00001,M00002",20423,0.954
K00874,0.316,0.175,517.0,NC_005072.1_1830,517.0,1.2e-34,116.9,1.5e-34,116.6,169.0,465.0,1.0,323.0,K00847,178.5,2.8612266803822673e-19,2.8612266803822673e-19,247.03,domain,True,True,False,"K00040,K00041,K00131,K00134,K00927,K01625,K01685,K01686,K01812,K05308,K08323,K16849,K16850,K17463,K18978",15,"M00061,M00308,M00631",10703,0.5
K00878,0.488,0.109,366.0,NC_005072.1_1450,366.0,0.0065,12.3,0.0096,11.8,204.0,287.0,408.0,491.0,K23997,325.7,4.541500422302173e-95,4.541500422302173e-95,94.93,full,True,True,False,"K00788,K00941,K14153,K21219",4,M00899,8448,0.395
K00883,0.06,0.034,,,,1000.0,0.0,,,,,,,,,,0.0,,,,,,"K01631,K01684",2,M00552,4691,0.219
K00886,0.167,0.029,,,,1000.0,0.0,,,,,,,,,,0.0,,,,,,"K00150,K00918,K01834,K01835,K12406,K13810,K15634,K15916,K21071,K25026",10,"M00001,M00549",4334,0.203
K00891,1.0,1.0,302.0,NC_005072.1_113,302.0,1.2e-51,173.1,1.4e-51,172.9,67.0,226.0,17.0,176.0,K00891,173.1,1.0,1.0,135.57,domain,False,False,False,"K00014,K00800,K01626,K01735,K01736,K03785,K03786,K03856,K13830,K13832,K13853,K24018",12,M00022,10173,0.475
K00899,0.106,0.018,708.0,NC_005072.1_1769,708.0,0.002,13.3,0.0027,12.9,504.0,528.0,192.0,217.0,K15523,205.0,1.9613262063357295e-58,1.9613262063357295e-58,359.5,domain,True,True,False,"K01611,K08963,K08964,K08965,K08966,K08967,K08969,K09880,K23977",9,M00034,3403,0.159
K00912,0.52,0.205,,,,1000.0,0.0,,,,,,,,,,0.0,,,,,,"K00677,K00748,K02517,K02527,K02535,K02536,K02560,K03269,K09778,K09949,K16363",11,"M00060,M00866",11579,0.541
K00918,0.0,0.0,,,,1000.0,0.0,,,,,,,,,,0.0,,,,,,,0,M00001,249,0.012
K00919,1.0,1.0,362.0,NC_005072.1_1035,362.0,1.4000000000000001e-80,268.0,1.6000000000000001e-80,267.8,56.0,307.0,7.0,287.0,K00919,268.0,1.0,1.0,102.9,full,False,False,False,"K00099,K00991,K01662,K01770,K01823,K03526,K03527,K12506",8,M00096,18886,0.882
K00925,0.488,0.449,,,,1000.0,0.0,,,,,,,,,,0.0,,,,,,"K00125,K00193,K00194,K00197,K00198,K00200,K00201,K00202,K00203,K00204,K00205,K00297,K00320,K00577,K00582,K00583,K00584,K00625,K00672,K01491,K01499,K01500,K01895,K01938,K03388,K03389,K03390,K04480,K05299,K08264,K08265,K11260,K11261,K13788,K14080,K14081,K14082,K14083,K14084,K14126,K14127,K14128,K14138,K15022,K15023,K15024,K16176,K16177,K16178,K16179,K22015,K22480,K22481,K22482,K22516,K25007,K25008,K25123,K25124",59,"M00357,M00579,M00617,M00618",17144,0.801
K00927,1.0,1.0,573.0,NC_005072.1_201,573.0,2.6e-194,643.6,2.9000000000000003e-194,643.5,92.0,484.0,2.0,401.0,K00927,643.6,1.0,1.0,114.27,full,False,False,False,"K00131,K00134,K00150,K00615,K00844,K00845,K00850,K00855,K00873,K00874,K00883,K00886,K00918,K01086,K01100,K01596,K01601,K01602,K01610,K01622,K01623,K01624,K01625,K01631,K01684,K01689,K01783,K01803,K01807,K01808,K01810,K01834,K02446,K02689,K02690,K02691,K02692,K02693,K02694,K02703,K02704,K02705,K02706,K02707,K02708,K03841,K04041,K05298,K05308,K06859,K08074,K08928,K08929,K11389,K11532,K11645,K12406,K13810,K15633,K15634,K15635,K15916,K16305,K16306,K16370,K18978,K21071,K25026",68,"M00001,M00002,M00003,M00165,M00308,M00552,M00611,M00612",21334,0.997
K00928,1.0,1.0,588.0,NC_005072.1_1851,588.0,6.199999999999999e-172,570.2,1.8e-136,453.1,62.0,474.0,1.0,413.0,K00928,570.2,1.0,1.0,398.1,domain,False,False,False,"K00003,K00133,K00215,K00548,K00549,K00641,K00651,K00674,K00821,K00836,K00841,K00872,K01439,K01586,K01714,K01733,K01739,K01760,K01778,K02203,K02204,K03340,K05822,K05823,K06718,K06720,K10206,K12524,K12525,K14155,K14267,K24042",32,"M00016,M00017,M00018,M00033,M00525,M00526,M00527",19659,0.919
K00930,1.0,1.0,400.0,NC_005072.1_538,400.0,9.2e-133,439.7,1e-132,439.6,74.0,351.0,4.0,282.0,K00930,439.7,1.0,1.0,217.0,full,False,False,False,"K00145,K00619,K00620,K00818,K00821,K01438,K14677,K14681,K14682,K22477,K22478",11,M00028,17347,0.811
K00931,1.0,1.0,542.0,NC_005072.1_864,542.0,5.3e-129,428.5,5.799999999999999e-129,428.3,69.0,430.0,2.0,359.0,K00931,428.5,1.0,1.0,286.43,domain,False,False,False,"K00147,K00286,K12657",3,M00015,18486,0.864
K00938,0.027,0.012,,,,1000.0,0.0,,,,,,,,,,0.0,,,,,,"K00021,K00869,K01597,K01641",4,M00095,2819,0.132
K00939,1.0,1.0,400.0,NC_005072.1_1741,400.0,2.4e-58,195.3,2.6e-58,195.1,122.0,312.0,4.0,177.0,K00939,195.3,0.9999999999641602,1.0,190.27,full,False,False,False,"K00940,K01756,K01939,K18532,K18533",5,M00049,16994,0.794
K00940,1.0,1.0,254.0,NC_005072.1_47,254.0,2.8e-71,236.6,2.9999999999999997e-71,236.5,50.0,194.0,3.0,147.0,K00940,236.6,1.0,1.0,144.17,domain,False,False,False,"K00088,K00525,K00526,K00560,K00939,K00942,K00943,K00944,K01520,K01756,K01937,K01939,K01951,K03465,K09903,K10807,K10808,K13800,K13809,K18532,K18533",21,"M00049,M00050,M00052,M00053,M00938",18185,0.85
K00941,1.0,1.0,719.0,NC_005072.1_375,719.0,2.1999999999999998e-91,304.4,2.3999999999999998e-91,304.3,306.0,558.0,5.0,259.0,K00941,304.4,0.9999244177166878,0.9999244177166878,329.57,full,False,True,False,"K00788,K00878,K00946,K03147,K03148,K03149,K03150,K03151,K03153,K03154,K10810,K14153,K21219,K22699",14,"M00127,M00895,M00896,M00899",18282,0.854
K00942,1.0,1.0,352.0,NC_005072.1_505,352.0,1e-73,245.4,1.1e-73,245.3,70.0,247.0,6.0,182.0,K00942,245.4,1.0,1.0,192.2,domain,False,False,False,"K00088,K00940,K01951,K18533",4,M00050,21194,0.99
K00943,1.0,1.0,425.0,NC_005072.1_135,425.0,8.6e-59,196.6,1e-58,196.4,159.0,349.0,2.0,204.0,K00943,196.6,1.0,1.0,93.63,domain,False,False,False,"K00525,K00526,K00560,K00940,K01520,K03465,K10807,K13998,K18533",9,M00938,19151,0.895
K00944,0.026,0.026,313.0,NC_005072.1_1741,313.0,3.5000000000000003e-44,147.8,5.3000000000000005e-34,114.4,69.0,186.0,5.0,126.0,K00939,195.3,5.024295867608066e-15,5.024295867608066e-15,356.57,domain,True,True,False,,0,M00049,4120,0.193
K00946,1.0,1.0,479.0,NC_005072.1_24,479.0,1.1e-66,222.7,1.2e-66,222.6,123.0,429.0,5.0,328.0,K00946,222.7,1.0,1.0,138.87,full,False,False,False,"K00788,K00941,K03147,K03148,K03149,K03150,K03151,K03153,K03154,K10810,K14153,K21219,K22699",13,"M00127,M00895,M00896",14263,0.666
K00948,1.0,1.0,379.0,NC_005072.1_1219,379.0,1.5e-139,462.1,1.7e-139,461.8,44.0,353.0,20.0,330.0,K00948,462.1,1.0,1.0,68.57,full,False,False,False,,0,M00005,21312,0.996
K00950,1.0,1.0,312.0,NC_005072.1_291,312.0,8.5e-32,107.8,1.4e-31,107.1,101.0,226.0,13.0,171.0,K00950,107.8,0.9999999999527205,1.0,41.17,full,False,False,False,"K00287,K00796,K01077,K01113,K01495,K01633,K08310,K09007,K11754,K13939,K13940,K19965,K20457,K22391",14,M00126,15978,0.747
K00954,1.0,1.0,267.0,NC_005072.1_985,267.0,1.3e-73,244.4,1.5e-73,244.2,50.0,204.0,3.0,157.0,K00954,244.4,1.0,1.0,82.13,full,False,False,False,"K00859,K00867,K01598,K01947,K02318,K03525,K09680,K13038,K21977",9,M00120,21093,0.986
K00955,0.239,0.033,723.0,NC_005072.1_172,723.0,3.3000000000000003e-81,270.7,3.8000000000000003e-81,270.5,502.0,700.0,8.0,206.0,K00860,331.2,6.133173666733502e-19,6.133173666733502e-19,732.83,full,True,True,False,"K00380,K00381,K00390,K00392,K00957,K02045,K02046,K02047,K02048,K23163",10,"M00176,M00616",4676,0.218
K00956,0.422,0.106,619.0,NC_005072.1_1712,619.0,2e-47,158.8,1.9e-46,155.6,43.0,363.0,10.0,316.0,K02358,786.0,1.5630998433111898e-189,1.5630998433111898e-189,538.9,domain,True,True,False,"K00380,K00381,K00390,K00392,K00860,K00957,K02045,K02046,K02047,K02048,K23163",11,"M00176,M00616",8327,0.389
K00957,0.448,0.225,406.0,NC_005072.1_84,406.0,4.7e-11,39.2,0.072,8.9,278.0,304.0,174.0,200.0,K00390,211.5,1.356849712917978e-52,1.356849712917978e-52,219.8,full,True,True,False,"K00380,K00381,K00390,K00392,K00860,K00955,K00956,K02045,K02046,K02047,K02048,K23163",12,"M00176,M00616",12131,0.567
K00958,1.0,1.0,844.0,NC_005072.1_232,844.0,1.7e-131,436.6,1.8e-131,436.5,196.0,568.0,14.0,390.0,K00958,436.6,1.0,1.0,264.4,domain,False,False,False,"K00860,K11180,K11181",3,"M00176,M00596,M00616",3059,0.143
K00963,0.48,0.076,579.0,NC_005072.1_1375,579.0,4.3e-06,22.6,6.6e-06,22.0,149.0,234.0,4.0,84.0,K01009,58.1,2.0579515874035802e-11,2.0579515874035802e-11,85.17,full,True,True,False,"K00700,K00703,K00844,K00845,K00886,K00975,K01835,K12447,K15778,K15779,K16150,K16153,K25026",13,"M00549,M00854",7046,0.329
K00965,0.395,0.103,759.0,NC_005072.1_70,759.0,0.016,10.6,0.018,10.4,359.0,460.0,8.0,103.0,K02503,167.3,6.73906553039963e-48,6.73906553039963e-48,235.47,full,True,True,False,"K00849,K01784,K01785",3,"M00554,M00632",8194,0.383
K00969,1.0,1.0,317.0,NC_005072.1_1649,317.0,1.0999999999999999e-25,87.3,1.2e-25,87.2,37.0,226.0,7.0,190.0,K00969,87.3,1.0,1.0,119.97,domain,False,True,False,"K00278,K00452,K00453,K00463,K00486,K00767,K01432,K01556,K01916,K01950,K03517,K06210,K06989,K07130,K14263",15,"M00115,M00912",20361,0.951
K00972,0.0,0.0,,,,1000.0,0.0,,,,,,,,,,0.0,,,,,,,0,M00909,192,0.009
K00973,0.686,0.5,592.0,NC_005072.1_157,592.0,1.4e-37,126.6,1.4e-37,126.5,152.0,387.0,1.0,245.0,K16881,368.8,1.2317853942345886e-73,1.2317853942345886e-73,247.37,full,True,True,False,"K00067,K01710,K01790,K23987",4,M00793,18092,0.845
K00975,1.0,1.0,516.0,NC_005072.1_844,516.0,2.6e-183,607.2,2.9e-183,607.0,89.0,478.0,2.0,431.0,K00975,607.2,1.0,1.0,197.6,full,False,False,False,"K00700,K00703,K00750,K00963,K01214,K01236,K06044,K13679,K16149,K16150,K16153",11,"M00565,M00854",11981,0.56
K00979,0.347,0.219,418.0,NC_005072.1_1794,418.0,1.5e-07,27.4,1.6e-07,27.3,311.0,411.0,51.0,154.0,K25307,169.6,1.1741488277076424e-43,1.1741488277076424e-43,142.67,full,True,True,False,"K01627,K03270,K06041",3,M00063,11975,0.56
K00981,1.0,1.0,360.0,NC_005072.1_1224,360.0,3.5e-53,177.9,4.2e-53,177.7,101.0,317.0,7.0,279.0,K00981,177.9,1.0,1.0,48.53,full,False,False,False,"K00998,K01613,K17103",3,M00093,21242,0.993
K00983,0.008,0.008,401.0,NC_005072.1_478,401.0,0.0077,12.0,0.014,11.2,253.0,301.0,98.0,148.0,K07079,299.8,2.309762084091568e-87,2.309762084091568e-87,285.27,full,True,True,False,"K08068,K24257",2,M00922,2255,0.105
K00991,1.0,1.0,361.0,NC_005072.1_492,361.0,2.8e-76,253.7,3.3e-76,253.4,45.0,255.0,2.0,220.0,K00991,253.7,1.0,1.0,243.07,domain,False,False,False,"K00099,K00919,K01662,K01770,K01823,K03526,K03527,K12506",8,M00096,13647,0.638
K00998,0.015,0.015,,,,1000.0,0.0,,,,,,,,,,0.0,,,,,,,0,M00093,3181,0.149
K01006,0.217,0.099,1236.0,NC_005072.1_1434,1236.0,0.024,9.5,0.027,9.3,26.0,152.0,80.0,213.0,K00788,226.9,3.598147335167495e-66,3.598147335167495e-66,369.27,domain,True,True,False,"K00024,K00031,K00169,K00170,K00171,K00172,K00174,K00175,K00176,K00177,K00239,K00240,K00241,K00242,K01595,K01676,K01677,K01678,K01679,K01902,K01903,K01958,K01960,K03737,K08940,K08941,K08943,K15230,K15231",29,"M00169,M00173,M00614",8046,0.376
K01007,1.0,1.0,964.0,NC_005072.1_1013,964.0,0.00027,16.5,0.0005,15.5,407.0,518.0,472.0,586.0,K01007,16.5,1.0,1.0,396.5,domain,False,True,False,"K00024,K00031,K00169,K00170,K00171,K00172,K00174,K00175,K00176,K00177,K00239,K00240,K00241,K00242,K00626,K01006,K01595,K01676,K01677,K01678,K01679,K01682,K01902,K01903,K01958,K01959,K01960,K03737,K08940,K08942,K14465,K14467,K14534,K15016,K15230,K15231,K25774",37,"M00173,M00374,M00614",10528,0.492
K01012,1.0,1.0,468.0,NC_005072.1_1232,468.0,6.9e-139,460.6,8.499999999999999e-139,460.2,72.0,377.0,12.0,319.0,K01012,460.6,1.0,1.0,174.13,full,False,False,False,"K00652,K00833,K01906,K01935,K16593,K19562,K19563,K25570",8,"M00123,M00573,M00577,M00950",15448,0.722
K01041,0.175,0.057,,,,1000.0,0.0,,,,,,,,,,0.0,,,,,,"K00135,K00252,K00468,K00626,K01506,K01692,K01782,K01825,K07250,K14268,K15736,K15737",12,M00957,6113,0.286
K01046,1.0,1.0,324.0,NC_005072.1_633,324.0,1.3e-18,64.2,1.5e-18,64.1,83.0,215.0,4.0,135.0,K01046,64.2,0.9999999999283347,0.9999999999283347,67.2,domain,False,True,False,"K01054,K12298,K14073,K14074,K14075,K14452,K14674,K14675,K16816,K17900",10,M00098,13008,0.608
K01054,0.369,0.208,496.0,NC_005072.1_1802,496.0,1.3e-19,67.0,2.7e-19,66.0,129.0,391.0,22.0,299.0,K05714,124.6,4.577956065622676e-18,4.577956065622676e-18,225.4,full,True,True,False,"K01046,K12298,K14073,K14074,K14452,K14674,K14675,K16816,K17900",9,M00098,11678,0.546
K01055,0.672,0.662,442.0,NC_005072.1_1831,442.0,4.8e-25,85.6,6.3e-25,85.2,58.0,293.0,32.0,303.0,K22369,86.1,0.41410304898140143,0.41410304898140143,204.37,domain,True,True,False,"K01856,K03381,K03464,K14727",4,M00568,16651,0.778
K01057,1.0,1.0,426.0,NC_005072.1_846,426.0,7.9e-51,170.6,9.4e-51,170.4,115.0,345.0,10.0,241.0,K01057,170.6,1.0,1.0,113.87,full,False,False,False,"K00033,K00036,K00615,K00616,K01625,K01690,K01783,K01807,K01808,K01810,K06859,K07404,K13810,K15916",14,"M00004,M00006,M00008",10792,0.504
K01077,0.473,0.038,774.0,NC_005072.1_1638,774.0,0.018,10.3,0.026,9.7,540.0,590.0,409.0,459.0,K15633,729.9,2.392297135191218e-217,2.392297135191218e-217,75.43,full,True,True,False,"K00796,K00950,K01113,K01633,K13941",5,M00126,4989,0.233
K01079,0.654,0.316,434.0,NC_005072.1_136,434.0,9.4e-10,35.0,1.7e-09,34.1,283.0,357.0,636.0,706.0,K01533,778.6,1.4259202037092627e-224,1.4259202037092627e-224,132.3,full,True,True,False,"K00058,K00831,K02203,K22305",4,M00020,14368,0.671
K01081,0.0,0.0,,,,1000.0,0.0,,,,,,,,,,0.0,,,,,,,0,"M00958,M00959",395,0.018
K01086,0.504,0.039,,,,1000.0,0.0,,,,,,,,,,0.0,,,,,,"K00615,K00855,K01596,K01601,K01602,K01622,K01623,K01624,K01807,K08928,K08929,K11532,K15634,K15635",14,"M00003,M00165,M00611,M00612",5020,0.235
K01089,0.495,0.03,358.0,NC_005072.1_285,358.0,1.9000000000000002e-80,267.5,2.1e-80,267.3,168.0,358.0,4.0,198.0,K01693,362.1,3.3309062558034353e-29,3.3309062558034353e-29,313.27,full,True,True,False,"K01814,K11755,K14152",3,M00026,4441,0.208
K01100,0.0,0.0,,,,1000.0,0.0,,,,,,,,,,0.0,,,,,,,0,"M00165,M00611,M00612",220,0.01
K01113,0.479,0.082,,,,1000.0,0.0,,,,,,,,,,0.0,,,,,,"K00287,K00796,K00950,K01077,K01495,K01633,K08310,K09007,K11754,K13940,K13941,K19965,K20457,K22391",14,M00126,7317,0.342
K01196,0.003,0.003,,,,1000.0,0.0,,,,,,,,,,0.0,,,,,,,0,M00855,1388,0.065
K01200,0.381,0.041,1088.0,NC_005072.1_1484,1088.0,2.8e-86,287.0,4.1000000000000005e-86,286.5,229.0,847.0,12.0,667.0,K01214,727.7,2.1681079948082722e-133,2.1681079948082722e-133,397.9,domain,True,True,False,"K00688,K00705,K01196,K01835,K15779,K16153",6,M00855,5150,0.241
K01214,1.0,1.0,926.0,NC_005072.1_1484,926.0,2.3e-219,727.7,2.8e-219,727.5,86.0,768.0,4.0,664.0,K01214,727.7,1.0,1.0,921.97,full,False,True,False,"K00700,K00703,K00975,K01236,K06044,K16149",6,M00565,8278,0.387
K01236,1.0,1.0,685.0,NC_005072.1_625,685.0,2.8e-67,224.3,0.14,7.2,81.0,150.0,29.0,100.0,K01236,224.3,1.0,1.0,395.77,full,False,True,False,"K00700,K00703,K00975,K01214,K06044,K16149",6,M00565,7381,0.345
K01243,0.524,0.358,458.0,NC_005072.1_304,458.0,0.006,12.4,0.0075,12.1,216.0,379.0,81.0,260.0,K00772,354.5,1.0414501415790895e-103,1.0414501415790895e-103,105.83,domain,True,True,False,"K00772,K00789,K00797,K00815,K00832,K00899,K01244,K01611,K05810,K07173,K08963,K08964,K08965,K08966,K08967,K08969,K09880,K16054,K17216,K17217,K17462,K23977",22,"M00034,M00609",15296,0.715
K01244,0.0,0.0,,,,1000.0,0.0,,,,,,,,,,0.0,,,,,,,0,M00034,28,0.001
K01251,1.0,1.0,587.0,NC_005072.1_1828,587.0,7.9e-227,751.3,9.400000000000001e-227,751.0,136.0,557.0,14.0,472.0,K01251,751.3,1.0,1.0,63.93,full,False,False,False,"K00558,K00789,K01697",3,M00035,11177,0.522
K01431,0.004,0.004,503.0,NC_005072.1_656,503.0,3.4000000000000003e-32,109.0,3.9999999999999997e-32,108.8,176.0,450.0,10.0,268.0,K11206,329.3,4.8204985351602815e-67,4.8204985351602815e-67,286.7,full,True,True,False,,0,M00046,1539,0.072
K01432,0.293,0.096,,,,1000.0,0.0,,,,,,,,,,0.0,,,,,,"K00452,K00453,K00463,K00486,K00767,K00969,K01556,K01916,K01950,K03392,K07130,K10217,K14263",13,"M00038,M00912",7918,0.37
K01438,0.492,0.187,501.0,NC_005072.1_1816,501.0,1.2e-14,51.1,3.8e-14,49.5,92.0,344.0,13.0,259.0,K21613,348.3,3.4146440761221385e-90,3.4146440761221385e-90,294.07,domain,True,True,False,"K00145,K00619,K00620,K00818,K00821,K00930,K01755,K01940,K09065,K12659,K14677,K14681,K14682,K22477,K22478",15,"M00028,M00845",11054,0.517
K01439,0.712,0.358,464.0,NC_005072.1_1816,464.0,6.9e-19,65.4,8.9e-19,65.0,62.0,382.0,15.0,345.0,K21613,348.3,6.887702491757118e-86,6.887702491757118e-86,281.33,full,True,True,False,"K00133,K00215,K00674,K00821,K00928,K01586,K01714,K01778,K12524,K12525,K12526,K14267",12,M00016,15301,0.715
K01458,0.164,0.058,,,,1000.0,0.0,,,,,,,,,,0.0,,,,,,"K01468,K01712,K01745,K05603",4,M00045,6171,0.288
K01464,0.257,0.081,677.0,NC_005072.1_1068,677.0,1e-11,40.9,8.8e-10,34.5,75.0,164.0,58.0,156.0,K01427,1085.9,2.121995793e-315,2.121995793e-315,406.23,domain,True,True,False,"K01431,K06016,K17722,K17723",4,M00046,7284,0.34
K01465,1.0,1.0,589.0,NC_005072.1_608,589.0,4.3e-58,194.7,4.7e-58,194.6,36.0,409.0,1.0,346.0,K01465,194.7,1.0,1.0,309.17,domain,False,True,False,"K00226,K00254,K00608,K00609,K00610,K00762,K01591,K01954,K01955,K01956,K11540,K11541,K13421,K17828",14,M00051,20553,0.96
K01466,1.0,1.0,609.0,NC_005072.1_553,609.0,2.7e-15,52.6,7.6e-12,41.2,339.0,508.0,222.0,383.0,K01466,52.6,0.9999999999944578,0.9999999999944578,362.33,full,False,True,False,"K00087,K00106,K00365,K01477,K07127,K11177,K11178,K13479,K13483,K13484,K16838,K16839,K16840,K22879",14,M00546,3755,0.175
K01468,0.266,0.205,707.0,NC_005072.1_1068,707.0,7.1e-08,28.3,0.012,11.0,150.0,198.0,84.0,139.0,K01427,1085.9,3.41795e-319,3.41795e-319,209.13,full,True,True,False,"K00603,K01458,K01479,K01712,K01745,K05603,K13990",7,M00045,11593,0.542
K01476,0.072,0.063,381.0,NC_005072.1_1890,381.0,3.1000000000000004e-38,128.8,4.1000000000000003e-38,128.4,52.0,334.0,19.0,286.0,K01480,217.5,1.9890210720953496e-27,1.9890210720953496e-27,189.6,full,True,True,False,K01581,1,M00134,6442,0.301
K01477,0.089,0.014,,,,1000.0,0.0,,,,,,,,,,0.0,,,,,,"K00087,K00365,K01466,K07127,K11177,K11178,K13479,K13481,K13482,K13483,K13484,K13485,K16839,K16840,K16842,K22879",16,M00546,2975,0.139
K01479,0.146,0.045,431.0,NC_005072.1_1890,431.0,5.7e-29,98.0,6.8e-29,97.7,101.0,377.0,23.0,292.0,K01480,217.5,1.0639360330860842e-36,1.0639360330860842e-36,212.03,domain,True,True,False,"K00603,K01468,K01712,K01745,K13990",5,M00045,5423,0.253
K01480,1.0,1.0,419.0,NC_005072.1_1890,419.0,3.3e-65,217.5,3.9e-65,217.3,44.0,326.0,12.0,289.0,K01480,217.5,0.9999999989600497,1.0,187.7,full,False,False,False,"K00797,K01584,K01585,K01611",4,M00133,7894,0.369
K01484,0.055,0.029,,,,1000.0,0.0,,,,,,,,,,0.0,,,,,,"K00673,K00840,K05526,K06447",4,M00879,4335,0.203
K01487,0.176,0.078,762.0,NC_005072.1_1068,762.0,0.014,10.7,0.029,9.7,252.0,300.0,88.0,139.0,K01427,1085.9,0.0,0.0,299.4,full,True,True,False,"K00087,K00106,K01081,K02566,K03784,K03787,K05810,K08693,K09913,K11177,K11178,K11751,K13479,K13480,K13481,K13482,K13483,K19970,K20881",19,M00959,7127,0.333
K01488,0.235,0.121,,,,1000.0,0.0,,,,,,,,,,0.0,,,,,,"K00087,K00106,K01081,K01490,K02566,K03783,K03784,K03787,K05810,K08693,K09913,K11177,K11178,K11751,K13479,K13480,K13481,K13482,K13483,K19970",20,M00958,8902,0.416
K01490,0.0,0.0,,,,1000.0,0.0,,,,,,,,,,0.0,,,,,,,0,M00958,3,0.0
K01491,1.0,1.0,441.0,NC_005072.1_1208,441.0,6.3999999999999996e-114,377.8,7.7e-114,377.6,93.0,369.0,4.0,286.0,K01491,377.8,1.0,1.0,403.73,domain,False,True,False,"K00194,K00197,K00198,K00297,K00300,K00600,K00625,K00925,K01500,K01938,K05299,K13788,K14138,K15022,K15023,K15024,K22015,K25007,K25008,K25123,K25124",21,"M00140,M00377,M00618",21166,0.989
K01492,0.0,0.0,527.0,NC_005072.1_270,527.0,6.6e-88,292.1,8.5e-88,291.8,207.0,526.0,197.0,517.0,K00602,707.6,8.356738292718904e-126,8.356738292718904e-126,909.63,full,True,True,False,,0,M00048,2,0.0
K01495,1.0,1.0,274.0,NC_005072.1_575,274.0,1.3e-52,175.3,1.5e-52,175.2,55.0,240.0,56.0,242.0,K01495,175.3,1.0,1.0,54.33,full,False,False,False,"K00287,K00796,K00950,K01077,K01113,K01633,K01737,K08310,K09007,K11754,K13939,K13940,K13941,K17745,K19965,K20457,K22391",17,"M00126,M00843",17675,0.826
K01496,1.0,1.0,408.0,NC_005072.1_619,408.0,2.2e-58,195.4,2.6e-58,195.1,142.0,318.0,10.0,197.0,K11755,286.8,3.0609652293526793e-28,1.0,191.73,domain,True,False,True,"K00013,K00765,K00817,K01523,K01663,K01693,K01814,K02500,K02501,K02502,K04486,K05602,K14152,K18649,K24017",15,M00026,10397,0.486
K01497,1.0,1.0,538.0,NC_005072.1_994,538.0,1.1e-96,322.1,1.1999999999999999e-96,321.9,134.0,365.0,172.0,460.0,K14652,694.4,8.443696493250414e-113,1.0,279.3,full,True,False,True,"K00793,K00794,K01498,K02858,K11752,K11753,K14652,K20861,K20862,K20884,K21064",11,M00125,9025,0.422
K01498,0.0,0.0,147.0,NC_005072.1_1425,147.0,2e-46,154.5,3.4e-46,153.7,3.0,141.0,8.0,147.0,K11752,418.7,2.9368052345147326e-80,2.9368052345147326e-80,278.7,full,True,True,False,,0,M00125,19,0.001
K01499,0.001,0.0,,,,1000.0,0.0,,,,,,,,,,0.0,,,,,,"K00200,K00201,K00202,K00203,K00672",5,"M00567,M00617",513,0.024
K01500,0.012,0.011,,,,1000.0,0.0,,,,,,,,,,0.0,,,,,,"K00194,K00197,K00198,K00300,K05299,K14138,K15022,K15023,K15024,K25008,K25123,K25124",12,"M00140,M00377,M00618",2717,0.127
K01506,0.111,0.008,264.0,NC_005072.1_656,264.0,8.8e-38,126.9,9.9e-38,126.7,4.0,260.0,2.0,268.0,K11206,329.3,1.1790409187876843e-61,1.1790409187876843e-61,274.63,full,True,True,False,"K00468,K01041,K01692,K01825,K07250,K14268,K15736",7,M00957,2357,0.11
K01520,0.739,0.515,,,,1000.0,0.0,,,,,,,,,,0.0,,,,,,"K00525,K00526,K00560,K00940,K00943,K03465,K10807,K10808,K18533",9,M00938,18359,0.858
K01523,0.604,0.151,201.0,NC_005072.1_619,201.0,1.5e-33,113.3,1.5e-33,113.2,51.0,150.0,115.0,219.0,K11755,286.8,5.906031409444587e-53,5.906031409444587e-53,125.43,domain,True,True,False,"K00013,K00765,K00817,K01496,K01663,K01693,K01814,K02500,K02501,K02502,K04486,K05602,K18649,K24017",14,M00026,9945,0.465
K01555,0.086,0.043,,,,1000.0,0.0,,,,,,,,,,0.0,,,,,,"K00451,K00457,K00832,K01800,K03334,K16171",6,M00044,5319,0.249
K01556,0.228,0.07,765.0,NC_005072.1_73,765.0,3.7000000000000005e-22,75.3,4.3e-22,75.1,172.0,502.0,15.0,340.0,K11717,633.8,7.494582103265024e-169,7.494582103265024e-169,183.07,full,True,True,False,"K00452,K00453,K00463,K00486,K00767,K00969,K01432,K01916,K01950,K03392,K07130,K10217,K14263",13,"M00038,M00912",6753,0.316
K01574,0.012,0.012,,,,1000.0,0.0,,,,,,,,,,0.0,,,,,,,0,M00088,2841,0.133
K01579,0.792,0.22,,,,1000.0,0.0,,,,,,,,,,0.0,,,,,,"K00077,K00606,K00826,K01918,K13799",5,M00119,11992,0.56
K01580,0.034,0.017,646.0,NC_005072.1_1019,646.0,1.2e-51,172.6,1.5e-51,172.3,144.0,552.0,42.0,456.0,K13745,274.4,2.2654080603721286e-31,2.2654080603721286e-31,383.5,full,True,True,False,"K00823,K07250",2,M00027,3378,0.158
K01581,0.045,0.035,545.0,NC_005072.1_1229,545.0,3.6e-40,134.8,4.6e-40,134.5,125.0,498.0,41.0,431.0,K01586,441.2,5.813120540546692e-93,5.813120540546692e-93,222.03,full,True,True,False,K01476,1,M00134,4797,0.224
K01582,0.006,0.003,712.0,NC_005072.1_1223,712.0,1.4e-17,60.0,1.6e-07,26.7,632.0,668.0,404.0,440.0,K01584,82.8,1.3693549605601532e-07,1.3693549605601532e-07,1079.2,full,True,True,False,"K00137,K15737",2,M00956,1371,0.064
K01584,1.0,1.0,754.0,NC_005072.1_1223,754.0,1.5999999999999999e-24,82.8,2.9e-08,29.0,674.0,724.0,406.0,453.0,K01584,82.8,0.9999998630645046,0.9999998630645046,852.73,full,False,True,False,"K00797,K01480,K01585,K01611",4,M00133,5802,0.271
K01585,0.793,0.188,592.0,NC_005072.1_46,592.0,1.9e-77,258.3,2.3e-77,258.0,58.0,531.0,21.0,647.0,K01583,288.3,9.313225737481176e-10,9.313225737481176e-10,273.2,domain,True,True,False,"K00797,K01480,K01584,K01611,K02626",5,M00133,11102,0.519
K01586,1.0,1.0,751.0,NC_005072.1_1229,751.0,7.900000000000001e-133,441.2,9.9e-133,440.8,91.0,488.0,32.0,447.0,K01586,441.2,1.0,1.0,297.53,full,False,False,False,"K00133,K00215,K00674,K00821,K00841,K00928,K01439,K01714,K01778,K03340,K05822,K05823,K10206,K12524,K12525,K14267",16,"M00016,M00525,M00526,M00527",19812,0.926
K01587,0.0,0.0,573.0,NC_005072.1_1501,573.0,1.9e-37,125.8,2.1e-37,125.6,137.0,357.0,7.0,221.0,K01923,203.0,5.7608203856453104e-24,5.7608203856453104e-24,291.7,full,True,True,False,K00601,1,M00048,16,0.001
K01588,1.0,1.0,267.0,NC_005072.1_173,267.0,2.2e-78,260.3,2.5000000000000003e-78,260.0,58.0,209.0,1.0,152.0,K11808,267.9,0.005127896914953173,1.0,112.37,full,True,False,True,"K00601,K00602,K00764,K01492,K01587,K01589,K01756,K01923,K01933,K01945,K01952,K06863,K08289,K11175,K11176,K11787,K11788,K13713,K23264,K23265,K23269,K23270",22,M00048,19989,0.934
K01589,1.0,1.0,593.0,NC_005072.1_731,593.0,7.3e-110,365.1,8.5e-110,364.9,148.0,515.0,10.0,385.0,K01589,365.1,1.0,1.0,272.37,domain,False,False,False,"K00602,K00764,K01492,K01587,K01588,K01756,K01923,K01933,K01945,K01952,K08289,K11175,K11787,K11788,K11808,K13713,K23264,K23265,K23269,K23270",20,M00048,17329,0.81
K01591,1.0,1.0,534.0,NC_005072.1_1490,534.0,7.3e-64,213.4,7.9e-64,213.2,79.0,295.0,6.0,237.0,K01591,213.4,1.0,1.0,156.5,domain,False,False,False,"K00226,K00254,K00608,K00609,K00610,K00762,K01465,K01954,K01955,K01956,K11540,K11541,K17828",13,M00051,20657,0.965
K01595,1.0,1.0,917.0,NC_005072.1_1778,917.0,0.0,1035.7,0.0,1035.5,36.0,903.0,13.0,989.0,K01595,1035.7,1.0,1.0,43.1,full,False,False,False,"K00018,K00024,K00025,K00026,K00031,K00169,K00171,K00172,K00174,K00175,K00176,K00239,K00240,K00241,K00242,K00600,K00626,K00830,K01006,K01007,K01676,K01679,K01682,K01689,K01902,K01903,K01958,K01959,K01960,K03737,K08691,K08692,K08942,K11529,K14067,K14465,K14467,K14534,K15016,K15017,K15038",41,"M00168,M00173,M00346,M00374,M00614",13194,0.617
K01596,0.208,0.042,,,,1000.0,0.0,,,,,,,,,,0.0,,,,,,"K00150,K01086,K01624,K01834,K02446,K15634,K15635",7,M00003,5249,0.245
K01597,0.035,0.022,512.0,NC_005072.1_1035,512.0,0.015,11.0,0.022,10.5,146.0,189.0,83.0,127.0,K00919,268.0,4.31808427754724e-78,4.31808427754724e-78,222.6,full,True,True,False,"K00021,K00869,K00938,K01641",4,M00095,3807,0.178
K01598,0.0,0.0,403.0,NC_005072.1_234,403.0,2.2e-45,152.2,2.4e-45,152.1,68.0,250.0,8.0,190.0,K13038,368.2,9.495567745760024e-66,9.495567745760024e-66,190.0,full,True,True,False,,0,M00120,38,0.002
K01599,1.0,1.0,503.0,NC_005072.1_624,503.0,6.1e-127,421.4,7.199999999999999e-127,421.1,118.0,452.0,7.0,343.0,K01599,421.4,1.0,1.0,94.03,full,False,False,False,"K00228,K00230,K00231,K00435,K00643,K01698,K01719,K01749,K01772,K01845,K01885,K02492,K02495,K08973,K13542,K13543",16,"M00121,M00868,M00926",16841,0.787
K01601,1.0,1.0,530.0,NC_005072.1_589,530.0,3.3999999999999996e-242,801.5,3.799999999999999e-242,801.3,49.0,504.0,2.0,469.0,K01601,801.5,1.0,1.0,329.77,full,False,False,False,"K00855,K01602,K02689,K02690,K02691,K02692,K02693,K02694,K02703,K02704,K02705,K02706,K02707,K02708,K05298,K08928,K08929,K11532",18,"M00165,M00611,M00612,M00968",1474,0.069
K01602,1.0,1.0,249.0,NC_005072.1_590,249.0,1.0000000000000001e-34,117.1,1.3e-34,116.7,105.0,205.0,16.0,110.0,K01602,117.1,1.0,1.0,42.87,domain,False,False,False,"K00855,K01601,K02689,K02690,K02691,K02692,K02693,K02694,K02703,K02704,K02705,K02706,K02707,K02708,K05298,K08928,K08929,K11532",18,"M00165,M00611,M00612",1403,0.066
K01609,1.0,1.0,539.0,NC_005072.1_1457,539.0,8.9e-112,371.5,1e-111,371.3,87.0,347.0,28.0,293.0,K01609,371.5,1.0,1.0,316.43,domain,False,False,False,"K00766,K01656,K01657,K01658,K01694,K01695,K01696,K01817,K06001,K13497,K13503,K24017",12,M00023,16009,0.748
K01610,0.531,0.203,662.0,NC_005072.1_172,662.0,0.00065,15.2,0.00091,14.7,295.0,322.0,30.0,57.0,K00860,331.2,7.490682167507576e-96,7.490682167507576e-96,82.3,full,True,True,False,"K00134,K00150,K00927,K01086,K01622,K01623,K01624,K01689,K01803,K01834,K02446,K03841,K04041,K11532,K11645,K15633,K15634,K15635",18,M00003,11524,0.538
K01611,1.0,1.0,453.0,NC_005072.1_1774,453.0,2.6e-17,60.1,2.6e-17,60.1,272.0,359.0,46.0,126.0,K01611,60.1,1.0,1.0,28.2,domain,False,False,False,"K00772,K00789,K00797,K00832,K00899,K01243,K01480,K01584,K01585,K02626,K05810,K08963,K08964,K08965,K08966,K08967,K08969,K09880,K16054,K23977",20,"M00034,M00133",6716,0.314
K01613,0.556,0.361,,,,1000.0,0.0,,,,,,,,,,0.0,,,,,,"K00981,K00998,K17103",3,M00093,15375,0.718
K01616,0.067,0.016,1230.0,NC_005072.1_442,1230.0,9.300000000000001e-27,89.9,1.2e-26,89.5,34.0,350.0,121.0,449.0,K00627,431.9,1.1161986242991465e-103,1.1161986242991465e-103,1318.8,full,True,True,False,"K00025,K00174,K00175,K00239,K00240",5,"M00009,M00011",3190,0.149
K01617,0.01,0.004,,,,1000.0,0.0,,,,,,,,,,0.0,,,,,,"K00446,K04073,K10217,K18364,K18365,K18366",6,M00569,1539,0.072
K01622,0.0,0.0,,,,1000.0,0.0,,,,,,,,,,0.0,,,,,,,0,M00003,175,0.008
K01623,0.681,0.031,,,,1000.0,0.0,,,,,,,,,,0.0,,,,,,"K00845,K00855,K00886,K00918,K01086,K01601,K01602,K01622,K01807,K02689,K02690,K02691,K02692,K02693,K02694,K02703,K02704,K02705,K02706,K02707,K02708,K05298,K08074,K08928,K08929,K11532,K12406,K15635,K16306,K16370",30,"M00001,M00003,M00165,M00611,M00612",4495,0.21
K01624,1.0,1.0,582.0,NC_005072.1_857,582.0,3.2e-102,340.4,3.6e-102,340.2,151.0,444.0,1.0,335.0,K01624,340.4,1.0,1.0,85.67,full,False,False,False,"K00134,K00150,K00615,K00844,K00845,K00850,K00855,K00873,K00886,K00918,K00927,K01086,K01100,K01596,K01601,K01602,K01610,K01622,K01623,K01689,K01783,K01803,K01807,K01808,K01810,K01834,K02446,K02689,K02690,K02691,K02692,K02693,K02694,K02703,K02704,K02705,K02706,K02707,K02708,K03841,K04041,K05298,K06859,K08074,K08093,K08094,K08928,K08929,K11389,K11532,K11645,K12406,K13810,K13831,K15633,K15634,K15635,K15916,K16305,K16306,K16370,K21071,K25026",63,"M00001,M00003,M00165,M00345,M00611,M00612",17484,0.817
K01625,1.0,1.0,290.0,NC_005072.1_230,290.0,1.8e-19,66.9,2.1e-19,66.7,64.0,232.0,44.0,210.0,K01625,66.9,0.9999999925494194,0.9999999925494194,188.4,domain,False,True,False,"K00036,K00040,K00041,K00131,K00134,K00874,K00927,K01057,K01685,K01686,K01690,K01812,K05308,K07404,K08323,K16849,K16850,K17463,K18978",19,"M00008,M00061,M00308,M00631",14060,0.657
K01626,1.0,1.0,674.0,NC_005072.1_1903,674.0,8.3e-94,312.6,9.6e-94,312.4,235.0,593.0,12.0,351.0,K01626,312.6,1.0,1.0,28.97,full,False,False,False,"K00014,K00800,K00891,K01735,K01736,K03785,K03786,K03856,K13829,K13830,K13832,K24018",12,M00022,14190,0.663
K01627,0.343,0.213,,,,1000.0,0.0,,,,,,,,,,0.0,,,,,,"K00979,K03270,K06041",3,M00063,11797,0.551
K01631,0.056,0.028,207.0,NC_005072.1_230,207.0,2.9e-11,39.9,3.9e-11,39.5,21.0,184.0,39.0,198.0,K01625,66.9,7.450580541412673e-09,7.450580541412673e-09,198.33,full,True,True,False,"K00883,K01684",2,M00552,4287,0.2
K01633,1.0,1.0,253.0,NC_005072.1_632,253.0,3.4e-19,66.4,3.6e-19,66.4,80.0,193.0,5.0,115.0,K01633,66.4,0.9999999999970441,0.9999999999970441,95.87,domain,False,True,False,"K00287,K00796,K00950,K01077,K01113,K01495,K08310,K09007,K11754,K13939,K13941,K14652,K19965,K20457,K22099,K22100,K22391",17,"M00126,M00840",14330,0.67
K01636,0.0,0.0,,,,1000.0,0.0,,,,,,,,,,0.0,,,,,,,0,M00968,53,0.002
K01637,0.423,0.158,989.0,NC_005072.1_48,989.0,0.0091,10.6,0.011,10.3,681.0,776.0,121.0,217.0,K03153,291.5,2.75850781063456e-85,2.75850781063456e-85,305.7,full,True,True,False,"K00024,K00025,K00026,K01638,K01647,K01659,K01681,K01682",8,M00012,10171,0.475
K01638,0.447,0.201,,,,1000.0,0.0,,,,,,,,,,0.0,,,,,,"K00024,K00025,K00026,K01637,K01647,K01659,K01681,K01682",8,M00012,11458,0.535
K01640,0.289,0.148,416.0,NC_005072.1_1205,416.0,3.6e-19,65.9,6.3e-19,65.1,56.0,311.0,6.0,255.0,K01649,655.0,4.6049991497749474e-178,4.6049991497749474e-178,155.8,full,True,True,False,"K00019,K00166,K00167,K00249,K00253,K00382,K00626,K00826,K01574,K01968,K01969,K05607,K09699,K11381,K13766",15,"M00036,M00088",9835,0.46
K01641,0.032,0.016,532.0,NC_005072.1_141,532.0,7.8e-08,28.5,6.8,2.3,338.0,382.0,283.0,325.0,K00648,403.4,1.3926905398761357e-113,1.3926905398761357e-113,213.23,full,True,True,False,"K00021,K00054,K00869,K00938,K01597,K17942",6,"M00088,M00095,M00849",3217,0.15
K01647,1.0,1.0,496.0,NC_005072.1_167,496.0,2e-123,409.8,2.3000000000000002e-123,409.6,103.0,444.0,12.0,375.0,K01647,409.8,0.9992074134609206,1.0,358.77,full,False,False,False,"K00024,K00025,K00026,K00030,K00031,K00116,K00164,K00174,K00175,K00176,K00177,K00234,K00235,K00236,K00239,K00240,K00241,K00242,K00244,K00245,K00246,K00247,K00261,K00382,K00658,K01616,K01637,K01638,K01659,K01676,K01677,K01678,K01679,K01681,K01682,K01846,K01899,K01900,K01902,K01903,K04835,K05942,K14449,K18118,K19268,K19280,K19281",47,"M00009,M00010,M00012,M00740",16001,0.748
K01649,1.0,1.0,818.0,NC_005072.1_1205,818.0,2.2e-197,655.0,2.5999999999999998e-197,654.7,154.0,650.0,7.0,522.0,K01649,655.0,1.0,1.0,455.83,full,False,False,False,"K00052,K01702,K01703,K01704",4,M00432,18663,0.872
K01652,1.0,1.0,773.0,NC_005072.1_565,773.0,7.2e-235,778.7,7.8e-235,778.6,114.0,643.0,21.0,580.0,K01652,778.7,1.0,1.0,533.97,full,False,False,False,"K00053,K00826,K01653,K01687,K01754,K11258,K17989",7,"M00019,M00570",19522,0.912
K01653,1.0,1.0,261.0,NC_005072.1_1310,261.0,3e-80,266.0,3.2000000000000003e-80,265.9,74.0,237.0,2.0,165.0,K01653,266.0,1.0,1.0,50.53,full,False,False,False,"K00053,K00826,K01652,K01687,K01754,K11258,K17989",7,"M00019,M00570",18092,0.845
K01654,0.002,0.002,,,,1000.0,0.0,,,,,,,,,,0.0,,,,,,K08068,1,M00922,1179,0.055
K01655,0.0,0.0,504.0,NC_005072.1_1205,504.0,1.5e-63,211.9,4.7e-63,210.2,90.0,469.0,8.0,411.0,K01649,655.0,4.1077965071429674e-134,4.1077965071429674e-134,402.8,full,True,True,False,K05824,1,M00433,66,0.003
K01656,0.0,0.0,491.0,NC_005072.1_190,491.0,2.8e-66,221.1,3.1000000000000003e-66,221.0,10.0,196.0,3.0,195.0,K01658,322.2,3.680166073342802e-31,3.680166073342802e-31,771.7,full,True,True,False,,0,M00023,2,0.0
K01657,1.0,1.0,626.0,NC_005072.1_1780,626.0,1.2999999999999998e-177,589.1,1.4e-177,589.0,80.0,533.0,7.0,502.0,K01657,589.1,1.0,1.0,466.47,full,False,False,False,"K00766,K01609,K01656,K01658,K01694,K01695,K01696,K01817,K06001,K13497,K13498,K13501,K24017",13,M00023,16828,0.786
K01658,1.0,1.0,325.0,NC_005072.1_190,325.0,3.2e-97,322.2,3.6e-97,322.1,78.0,268.0,1.0,197.0,K01658,322.2,0.9999999515833918,1.0,243.07,domain,False,False,False,"K00766,K01609,K01657,K01694,K01695,K01696,K01817,K06001,K13497,K13498,K13501,K13503",12,M00023,13625,0.637
K01659,0.377,0.127,395.0,NC_005072.1_167,395.0,1.0999999999999999e-120,399.5,1.2e-120,399.4,11.0,381.0,8.0,380.0,K01647,409.8,0.0007925865391020785,0.0007925865391020785,506.5,full,True,True,False,"K00024,K00025,K00026,K00030,K00031,K00116,K00164,K00174,K00175,K00234,K00235,K00236,K00239,K00240,K00241,K00242,K00244,K00245,K00246,K00247,K00261,K00382,K00658,K01616,K01637,K01638,K01647,K01676,K01679,K01681,K01682,K01846,K01900,K01902,K01903,K04835,K14449,K18118,K19268,K19280,K19281",41,"M00009,M00010,M00012,M00740",9100,0.425
K01661,1.0,1.0,342.0,NC_005072.1_649,342.0,5.2e-139,459.9,6.3e-139,459.7,56.0,332.0,9.0,283.0,K01661,459.9,1.0,1.0,380.27,full,False,False,False,"K01911,K02548,K02549,K02551,K02552,K03183,K08680,K12073,K14759,K14760,K17872,K19222,K23094,K23095",14,"M00116,M00932",8126,0.38
K01662,1.0,1.0,731.0,NC_005072.1_1008,731.0,9.8e-261,863.9,1.1e-260,863.7,78.0,689.0,2.0,626.0,K01662,863.9,1.0,1.0,335.27,full,False,False,False,"K00099,K00919,K00991,K01770,K01823,K03526,K03527,K12506",8,M00096,19311,0.902
K01663,0.0,0.0,930.0,NC_005072.1_1199,930.0,2.9000000000000002e-65,218.0,3.2000000000000003e-65,217.9,7.0,209.0,3.0,203.0,K02501,251.7,7.166203654235799e-11,7.166203654235799e-11,383.6,full,True,True,False,,0,M00026,52,0.002
K01666,0.012,0.008,598.0,NC_005072.1_1205,598.0,1.6000000000000001e-27,93.1,6.4e-26,87.7,58.0,301.0,1.0,257.0,K01649,655.0,7.099788908119498e-170,7.099788908119498e-170,149.73,full,True,True,False,"K04073,K05713,K10216",3,"M00545,M00569",2279,0.106
K01676,0.389,0.16,,,,1000.0,0.0,,,,,,,,,,0.0,,,,,,"K00024,K00025,K00026,K00030,K00031,K00116,K00164,K00169,K00172,K00174,K00175,K00176,K00177,K00234,K00235,K00236,K00239,K00240,K00241,K00242,K00244,K00245,K00246,K00247,K00382,K00658,K01006,K01007,K01595,K01616,K01647,K01659,K01679,K01681,K01682,K01899,K01900,K01902,K01903,K01958,K01959,K01960,K03737,K08940,K08941,K08942,K08943,K18118",48,"M00009,M00011,M00173,M00614",10245,0.479
K01677,0.012,0.008,,,,1000.0,0.0,,,,,,,,,,0.0,,,,,,"K00169,K00170,K00171,K00172,K00176,K00177,K01678,K03737,K05942,K08940,K14534,K15230,K15231,K18210",14,"M00009,M00011,M00173,M00374,M00614,M00620",2225,0.104
K01678,0.011,0.007,,,,1000.0,0.0,,,,,,,,,,0.0,,,,,,"K00169,K00170,K00171,K00172,K00176,K00177,K01677,K03737,K05942,K08940,K14534,K15230,K15231,K18210",14,"M00009,M00011,M00173,M00374,M00614,M00620",2112,0.099
K01679,1.0,1.0,661.0,NC_005072.1_1670,661.0,7.5e-206,682.5,8.299999999999999e-206,682.3,130.0,589.0,4.0,461.0,K01679,682.5,1.0,1.0,634.63,full,False,False,False,"K00024,K00025,K00026,K00030,K00031,K00116,K00164,K00169,K00170,K00171,K00172,K00174,K00175,K00176,K00177,K00234,K00235,K00236,K00239,K00240,K00241,K00242,K00244,K00245,K00246,K00247,K00382,K00658,K01006,K01007,K01595,K01616,K01647,K01659,K01676,K01681,K01682,K01847,K01848,K01849,K01899,K01900,K01902,K01903,K01958,K01959,K01960,K01961,K01962,K01963,K02160,K03737,K05606,K08691,K08928,K08929,K08942,K09709,K14449,K14468,K14469,K14470,K14471,K14472,K15052,K15230,K15231,K18118",68,"M00009,M00011,M00173,M00376,M00613,M00614",16147,0.754
K01681,0.504,0.33,1063.0,NC_005072.1_260,1063.0,2.0000000000000002e-66,221.5,2.5e-66,221.1,282.0,668.0,99.0,461.0,K01702,585.8,2.161586279496101e-110,2.161586279496101e-110,1265.67,full,True,True,False,"K00024,K00025,K00026,K00030,K00031,K00116,K00164,K00174,K00175,K00176,K00234,K00235,K00236,K00239,K00240,K00241,K00242,K00244,K00245,K00246,K00247,K00382,K00658,K01616,K01637,K01638,K01647,K01659,K01676,K01677,K01678,K01679,K01682,K01899,K01900,K01902,K01903,K05942,K18118",39,"M00009,M00010,M00012",14704,0.687
K01682,1.0,1.0,856.0,NC_005072.1_1904,856.0,0.0,1392.6,0.0,1392.4,3.0,844.0,7.0,854.0,K01682,1392.6,1.0,1.0,702.27,full,False,False,False,"K00025,K00026,K00030,K00031,K00116,K00164,K00171,K00234,K00235,K00236,K00241,K00242,K00244,K00245,K00246,K00247,K00382,K00658,K01007,K01595,K01637,K01638,K01647,K01659,K01676,K01679,K01681,K01902,K01903,K01959,K01960,K03737,K08940,K08941,K08942,K08943,K15230,K15231,K18118",39,"M00009,M00010,M00012,M00173,M00614",7247,0.339
K01684,0.251,0.049,643.0,NC_005072.1_181,643.0,7e-07,24.7,9.7e-07,24.3,355.0,441.0,147.0,228.0,K02549,110.3,1.7054240019234915e-26,1.7054240019234915e-26,367.4,full,True,True,False,"K00134,K00883,K00927,K01631",4,M00552,5671,0.265
K01685,0.133,0.019,,,,1000.0,0.0,,,,,,,,,,0.0,,,,,,"K00041,K00874,K01625,K01812,K17463",5,M00631,3557,0.166
K01686,0.199,0.058,587.0,NC_005072.1_491,587.0,1.6e-16,56.7,8.2e-16,54.3,362.0,581.0,53.0,247.0,K00059,358.4,1.5109507485973507e-91,1.5109507485973507e-91,134.43,domain,True,True,False,"K00040,K00874,K01625,K01812,K08323,K17463",6,M00061,6158,0.288
K01687,1.0,1.0,768.0,NC_005072.1_849,768.0,6.3e-264,874.6,7.099999999999999e-264,874.5,70.0,621.0,3.0,557.0,K01687,874.6,1.0,1.0,578.73,full,False,False,False,"K00053,K00826,K01652,K01653,K01754,K11258,K17989",7,"M00019,M00570",18808,0.879
K01689,1.0,1.0,574.0,NC_005072.1_214,574.0,2.5e-189,627.8,2.9e-189,627.5,47.0,464.0,9.0,421.0,K01689,627.8,1.0,1.0,71.97,domain,False,False,False,"K00018,K00024,K00134,K00150,K00600,K00830,K00844,K00845,K00850,K00873,K00886,K00918,K00927,K01086,K01595,K01596,K01610,K01622,K01623,K01624,K01803,K01810,K01834,K02446,K03841,K04041,K06859,K08074,K08691,K08692,K11389,K11529,K11532,K11645,K12406,K13810,K14067,K15633,K15634,K15635,K15916,K16305,K16306,K16370,K21071,K25026",46,"M00001,M00002,M00003,M00346",21217,0.991
K01690,0.664,0.078,632.0,NC_005072.1_849,632.0,4e-87,289.8,5.400000000000001e-87,289.4,105.0,598.0,57.0,536.0,K01687,874.6,9.07107036272472e-177,9.07107036272472e-177,615.83,full,True,True,False,"K00036,K01057,K01625,K07404",4,M00008,7145,0.334
K01692,0.112,0.016,345.0,NC_005072.1_649,345.0,1.5e-50,169.1,1.8e-50,168.8,56.0,309.0,18.0,280.0,K01661,459.9,2.887202605114526e-88,2.887202605114526e-88,316.47,domain,True,True,False,"K00074,K00232,K00249,K00252,K00255,K00468,K01041,K01506,K01782,K02609,K02610,K02611,K02613,K02618,K07250,K07511,K07513,K10527,K15736,K15866",20,"M00087,M00878,M00957",3226,0.151
K01693,1.0,1.0,284.0,NC_005072.1_285,284.0,1.9e-109,362.1,2.1e-109,362.0,64.0,263.0,1.0,200.0,K01693,362.1,1.0,1.0,298.03,full,False,False,False,"K00013,K00765,K00817,K01496,K01523,K01663,K01814,K02500,K02501,K02502,K04486,K05602,K11755,K14152,K18649,K24017",16,M00026,13683,0.639
K01694,0.0,0.0,873.0,NC_005072.1_170,873.0,1.1e-202,672.3,1.5e-202,671.9,461.0,854.0,13.0,411.0,K01696,787.3,2.4074124304840764e-35,2.4074124304840764e-35,814.6,full,True,True,False,,0,M00023,12,0.001
K01695,1.0,1.0,453.0,NC_005072.1_612,453.0,7.8e-110,364.6,8.5e-110,364.5,137.0,410.0,5.0,278.0,K01695,364.6,1.0,1.0,84.2,full,False,False,False,"K00766,K01609,K01656,K01657,K01658,K01694,K01696,K01817,K06001,K13497,K13498,K13501,K13503,K24017",14,M00023,18530,0.866
K01696,1.0,1.0,620.0,NC_005072.1_170,620.0,1.4e-237,787.3,1.4999999999999998e-237,787.2,171.0,569.0,9.0,411.0,K01696,787.3,1.0,1.0,605.67,domain,False,False,False,"K00766,K01609,K01656,K01657,K01658,K01694,K01695,K01817,K06001,K13497,K13498,K13501,K13503,K24017",14,M00023,18890,0.883
K01697,0.998,0.996,868.0,NC_005072.1_128,868.0,8.6e-118,391.7,1e-117,391.5,312.0,622.0,3.0,310.0,K01697,391.7,0.9952138594406268,0.9952138594406268,455.87,domain,False,True,False,"K00558,K00789,K01251,K01758",4,"M00035,M00338",6371,0.298
K01698,1.0,1.0,446.0,NC_005072.1_221,446.0,7.5e-149,493.1,8.3e-149,493.0,85.0,402.0,6.0,332.0,K01698,493.1,1.0,1.0,61.93,full,False,False,False,"K00228,K00230,K00231,K00435,K00589,K00643,K01599,K01719,K01749,K01772,K01845,K01885,K02302,K02303,K02304,K02492,K02495,K02496,K03794,K08973,K13542,K13543,K24866",23,"M00121,M00846,M00868,M00926",17354,0.811
K01702,1.0,1.0,758.0,NC_005072.1_260,758.0,1.3e-176,585.8,1.4e-176,585.7,8.0,478.0,3.0,467.0,K01702,585.8,0.9999999894632766,0.9999999894632766,1097.8,full,False,True,False,"K00052,K01649,K01703,K01704",4,M00432,16571,0.774
K01703,1.0,1.0,580.0,NC_005072.1_260,580.0,1e-168,559.3,1.2e-168,559.1,86.0,511.0,1.0,466.0,K01702,585.8,1.0536712016701464e-08,1.0,469.17,full,True,False,True,,0,"M00432,M00535",2450,0.114
K01704,1.0,1.0,277.0,NC_005072.1_259,277.0,5e-63,210.1,5.499999999999999e-63,209.9,49.0,234.0,11.0,200.0,K01704,210.1,1.0,1.0,126.43,domain,False,False,False,"K00052,K01649,K01702,K01703,K09011",5,"M00432,M00535",15292,0.715
K01705,0.0,0.0,1225.0,NC_005072.1_260,1225.0,2.3e-57,191.6,2.5e-23,78.8,91.0,352.0,34.0,290.0,K01702,585.8,2.1576237039142983e-119,2.1576237039142983e-119,529.17,full,True,True,False,,0,M00433,27,0.001
K01710,0.662,0.456,432.0,NC_005072.1_1360,432.0,2e-68,228.1,2.5e-68,227.8,60.0,368.0,1.0,345.0,K12454,422.0,4.268584084332434e-59,4.268584084332434e-59,477.4,domain,True,True,False,"K00067,K00973,K01790,K23987",4,M00793,17266,0.807
K01712,0.253,0.19,765.0,NC_005072.1_267,765.0,0.07,8.0,0.11,7.4,285.0,321.0,337.0,373.0,K03320,490.8,4.5995791160085485e-146,4.5995791160085485e-146,256.63,full,True,True,False,"K00603,K01458,K01468,K01479,K01745,K05603,K13990",7,M00045,11145,0.521
K01713,0.063,0.025,,,,1000.0,0.0,,,,,,,,,,0.0,,,,,,"K00832,K04093,K14170,K14187",4,M00024,4043,0.189
K01714,1.0,1.0,444.0,NC_005072.1_1856,444.0,1.4e-99,330.8,1.5e-99,330.7,100.0,388.0,10.0,300.0,K01714,330.8,1.0,1.0,260.63,full,False,False,False,"K00133,K00215,K00674,K00821,K00841,K00928,K01439,K01586,K01778,K03340,K05822,K05823,K10206,K12524,K12525,K12526,K14267",17,"M00016,M00525,M00526,M00527",20633,0.964
K01716,0.439,0.068,220.0,NC_005072.1_1498,220.0,6.5e-10,35.7,7.3e-10,35.5,103.0,199.0,47.0,142.0,K02372,220.1,3.0907850154037503e-56,3.0907850154037503e-56,156.97,full,True,True,False,"K00059,K00208,K00209,K00647,K00665,K02372,K09458,K11533",8,M00083,6688,0.313
K01719,1.0,1.0,386.0,NC_005072.1_118,386.0,3.5999999999999997e-35,118.7,4.2999999999999996e-35,118.4,120.0,333.0,10.0,257.0,K01719,118.7,0.9999999999854481,1.0,44.2,domain,False,False,False,"K00228,K00231,K00435,K00589,K00643,K01599,K01698,K01749,K01772,K01845,K01885,K02302,K02303,K02304,K02492,K02495,K08973,K13542,K24866",19,"M00121,M00846,M00868,M00926",8106,0.379
K01733,1.0,1.0,538.0,NC_005072.1_1921,538.0,2.9999999999999998e-114,379.6,3.7e-114,379.3,133.0,451.0,18.0,344.0,K01733,379.6,1.0,1.0,251.13,full,False,False,False,"K00003,K00133,K00872,K00928,K02203,K02204,K12524,K12525,K12526",9,M00018,11019,0.515
K01735,1.0,1.0,499.0,NC_005072.1_730,499.0,2.1e-140,465.7,2.3e-140,465.6,83.0,433.0,5.0,359.0,K01735,465.7,1.0,1.0,319.27,full,False,False,False,"K00014,K00800,K00891,K01626,K01736,K03785,K03786,K03856,K13829,K13832,K13853,K24018",12,M00022,16310,0.762
K01736,1.0,1.0,574.0,NC_005072.1_229,574.0,2.3999999999999998e-181,601.1,2.7e-181,600.9,128.0,479.0,1.0,359.0,K01736,601.1,1.0,1.0,204.3,full,False,False,False,"K00014,K00800,K00891,K01626,K01735,K03785,K03786,K03856,K13829,K13830,K13832,K13853,K24018",13,M00022,20556,0.961
K01737,1.0,1.0,213.0,NC_005072.1_112,213.0,1.4e-77,256.8,3.9e-43,144.2,53.0,165.0,154.0,290.0,K01737,256.8,1.0,1.0,25.37,full,False,False,False,"K01495,K17745",2,M00843,13637,0.637
K01738,1.0,1.0,538.0,NC_005072.1_444,538.0,2.4999999999999998e-147,488.9,2.9e-147,488.7,88.0,392.0,1.0,317.0,K01738,488.9,1.0,1.0,436.97,domain,False,False,False,"K00640,K13034,K17069,K23304",4,M00021,18203,0.851
K01739,0.001,0.001,533.0,NC_005072.1_446,533.0,1.6e-108,360.3,1.9e-108,360.1,105.0,485.0,14.0,385.0,K01758,467.6,5.005891880136668e-33,5.005891880136668e-33,488.3,domain,True,True,False,,0,M00017,845,0.039
K01745,0.269,0.209,,,,1000.0,0.0,,,,,,,,,,0.0,,,,,,"K00603,K01458,K01468,K01479,K01712,K05603,K13990",7,M00045,11690,0.546
K01749,1.0,1.0,527.0,NC_005072.1_534,527.0,9.2e-136,450.6,1e-135,450.5,136.0,441.0,3.0,309.0,K01749,450.6,1.0,1.0,125.1,full,False,False,False,"K00228,K00230,K00231,K00435,K00589,K00643,K01599,K01698,K01719,K01772,K01845,K01885,K02302,K02303,K02304,K02492,K02495,K02496,K03794,K08973,K13542,K13543,K24866",23,"M00121,M00846,M00868,M00926",17478,0.817
K01752,0.518,0.446,733.0,NC_005072.1_1516,733.0,2.8e-12,42.8,4.3e-12,42.2,521.0,717.0,317.0,514.0,K00058,514.8,8.200532357870224e-143,8.200532357870224e-143,98.03,full,True,True,False,"K00301,K00302,K00303,K00304,K00305,K00309,K00315,K00479,K00600,K01754,K21832,K21833,K21834,K25960,K25961",15,M00975,17092,0.799
K01754,1.0,1.0,565.0,NC_005072.1_1009,565.0,2.7e-149,495.2,3e-143,475.2,95.0,480.0,5.0,400.0,K01754,495.2,1.0,1.0,261.47,domain,False,False,False,"K00053,K00301,K00302,K00303,K00304,K00305,K00309,K00315,K00479,K00600,K00826,K01652,K01653,K01687,K01752,K11258,K17989,K21832,K21833,K21834,K25960,K25961",22,"M00570,M00975",18114,0.846
K01755,1.0,1.0,810.0,NC_005072.1_12,810.0,1.6e-204,679.0,1.8e-204,678.9,119.0,574.0,2.0,457.0,K01755,679.0,1.0,1.0,175.73,full,False,False,False,"K00145,K00611,K00821,K01438,K01915,K01940,K01955,K01956,K09065,K22478",10,"M00844,M00845,M00978",17075,0.798
K01756,1.0,1.0,734.0,NC_005072.1_1669,734.0,1.3e-132,440.5,1.6e-132,440.2,138.0,559.0,4.0,419.0,K01756,440.5,1.0,1.0,290.4,full,False,False,False,"K00601,K00602,K00764,K00939,K00940,K00944,K01492,K01587,K01588,K01589,K01923,K01933,K01939,K01945,K01952,K06863,K08289,K11175,K11176,K11787,K11788,K11808,K13713,K18532,K18533,K23264,K23265,K23269,K23270",29,"M00048,M00049",20990,0.981
K01758,1.0,1.0,587.0,NC_005072.1_446,587.0,6.1e-141,467.6,6.699999999999999e-141,467.5,73.0,455.0,9.0,385.0,K01758,467.6,1.0,1.0,600.67,full,False,True,False,K01697,1,M00338,11766,0.55
K01760,0.547,0.096,492.0,NC_005072.1_446,492.0,1.6e-118,393.0,1.8e-118,392.8,80.0,453.0,10.0,386.0,K01758,467.6,3.492708358085275e-23,3.492708358085275e-23,489.27,full,True,True,False,"K00003,K00133,K00548,K00549,K00641,K00651,K00928,K12524,K12525,K14155,K24042",11,M00017,7906,0.369
K01770,0.838,0.374,251.0,NC_005072.1_1440,251.0,2.4e-72,240.1,2.9e-72,239.8,52.0,214.0,229.0,406.0,K12506,241.2,0.3181120001817461,0.3181120001817461,240.97,domain,True,True,False,"K00099,K00919,K00991,K01662,K01823,K03526,K03527",7,M00096,7344,0.343
K01772,1.0,1.0,513.0,NC_005072.1_564,513.0,5.7e-135,447.7,6.699999999999999e-135,447.5,63.0,379.0,3.0,337.0,K01772,447.7,1.0,1.0,76.83,full,False,False,False,"K00228,K00230,K00231,K00435,K00643,K01599,K01698,K01719,K01749,K01845,K01885,K02492,K02495,K08973,K13542,K13543",16,"M00121,M00868,M00926",17132,0.801
K01778,1.0,1.0,375.0,NC_005072.1_989,375.0,5.2e-100,331.9,5.7e-100,331.8,65.0,328.0,4.0,283.0,K01778,331.9,1.0,1.0,80.17,full,False,False,False,"K00133,K00215,K00674,K00821,K00841,K00928,K01439,K01586,K01714,K05822,K05823,K10206,K12524,K12525,K12526,K14267",16,"M00016,M00525,M00527",18048,0.843
K01780,0.001,0.0,279.0,NC_005072.1_989,279.0,4.5e-06,23.2,0.055,9.8,1.0,125.0,1.0,129.0,K01778,331.9,1.1804302723416983e-93,1.1804302723416983e-93,158.3,full,True,True,False,"K23120,K23122",2,M00949,529,0.025
K01782,0.207,0.119,759.0,NC_005072.1_649,759.0,2.2e-18,62.8,2.7e-18,62.5,36.0,230.0,22.0,220.0,K01661,459.9,2.8906048154505356e-120,2.8906048154505356e-120,804.2,domain,True,True,False,"K00135,K00232,K00249,K00252,K00255,K00468,K00626,K00632,K01041,K01506,K01692,K01825,K06445,K07250,K07508,K07509,K07511,K07513,K07514,K07515,K09479,K10527,K14268,K15736,K15737",25,"M00087,M00957",8835,0.413
K01783,1.0,1.0,387.0,NC_005072.1_841,387.0,5.0000000000000004e-77,256.5,5.6e-77,256.4,86.0,299.0,16.0,242.0,K01783,256.5,1.0,1.0,248.73,full,False,False,False,"K00033,K00036,K00134,K00150,K00615,K00616,K00855,K00927,K01057,K01086,K01100,K01601,K01602,K01623,K01624,K01803,K01807,K01808,K01810,K02446,K02689,K02690,K02691,K02692,K02693,K02694,K02703,K02704,K02705,K02706,K02707,K02708,K03841,K05298,K06859,K07404,K08928,K08929,K11532,K13810,K13937,K15916,K19243",43,"M00004,M00007,M00165,M00611,M00612",21226,0.992
K01784,1.0,1.0,461.0,NC_005072.1_1368,461.0,3.7e-104,346.3,4.5000000000000004e-104,346.0,62.0,366.0,3.0,350.0,K01784,346.3,0.9999672931393904,1.0,259.5,domain,False,False,False,"K00849,K00965,K01785",3,M00632,18415,0.86
K01785,0.574,0.369,518.0,NC_005072.1_1801,518.0,5.2e-08,29.3,7.1e-08,28.9,173.0,249.0,100.0,178.0,K01792,110.1,4.750905044625581e-25,4.750905044625581e-25,54.37,domain,True,True,False,"K00849,K00965,K01784",3,M00632,15547,0.726
K01790,0.64,0.235,,,,1000.0,0.0,,,,,,,,,,0.0,,,,,,"K00067,K00973,K01710",3,M00793,12397,0.579
K01799,0.031,0.024,,,,1000.0,0.0,,,,,,,,,,0.0,,,,,,"K13995,K14974,K15357,K18028,K18029,K18030",6,M00622,3933,0.184
K01800,0.006,0.006,299.0,NC_005072.1_115,299.0,1.2e-15,54.3,2.8e-15,53.1,62.0,228.0,2.0,194.0,K00799,72.7,1.595197932980302e-06,1.595197932980302e-06,189.5,domain,True,True,False,,0,M00044,1964,0.092
K01803,1.0,1.0,383.0,NC_005072.1_916,383.0,9.8e-78,258.8,1.1e-77,258.7,52.0,275.0,4.0,226.0,K01803,258.8,1.0,1.0,28.47,domain,False,False,False,"K00134,K00150,K00615,K00844,K00845,K00850,K00855,K00873,K00886,K00918,K00927,K01086,K01100,K01596,K01601,K01602,K01610,K01622,K01623,K01624,K01689,K01783,K01807,K01808,K01810,K01834,K02446,K02689,K02690,K02691,K02692,K02693,K02694,K02703,K02704,K02705,K02706,K02707,K02708,K03841,K04041,K05298,K06859,K08074,K08928,K08929,K11389,K11532,K11645,K12406,K13810,K15633,K15634,K15635,K15916,K16305,K16306,K16370,K21071,K25026",60,"M00001,M00002,M00003,M00165,M00611,M00612",21329,0.997
K01807,1.0,1.0,441.0,NC_005072.1_1693,441.0,1.7e-93,310.9,2e-93,310.7,129.0,346.0,6.0,227.0,K01807,310.9,1.0,1.0,53.87,full,False,False,False,"K00033,K00036,K00134,K00150,K00615,K00616,K00855,K00927,K01057,K01086,K01601,K01602,K01623,K01624,K01783,K01803,K01808,K01810,K02446,K02689,K02690,K02691,K02692,K02693,K02694,K02703,K02704,K02705,K02706,K02707,K02708,K03841,K05298,K06859,K07404,K08093,K08094,K08928,K08929,K11532,K13810,K13831,K19243",43,"M00004,M00007,M00165,M00580,M00611,M00612",12873,0.602
K01808,0.64,0.243,285.0,NC_005072.1_1794,285.0,3e-08,30.5,3e-08,30.5,1.0,94.0,1.0,98.0,K25307,169.6,1.0067372436841225e-42,1.0067372436841225e-42,183.07,full,True,True,False,"K00033,K00036,K00134,K00150,K00615,K00616,K00855,K00927,K01057,K01100,K01601,K01602,K01623,K01624,K01783,K01803,K01807,K01810,K02446,K02691,K03841,K06859,K07404,K08928,K08929,K11532,K13810,K13937,K15916,K19243",30,"M00004,M00007,M00165,M00611,M00612",12621,0.59
K01810,1.0,1.0,866.0,NC_005072.1_991,866.0,2.4e-117,390.4,3e-117,390.0,249.0,710.0,20.0,462.0,K01810,390.4,1.0,1.0,169.87,domain,False,False,False,"K00033,K00036,K00134,K00150,K00615,K00616,K00844,K00845,K00850,K00873,K00886,K00918,K00927,K01057,K01623,K01624,K01689,K01783,K01803,K01807,K01808,K01834,K06859,K07404,K08074,K11389,K11645,K12406,K13810,K13937,K15633,K15634,K15635,K15916,K16306,K16370,K19243,K21071,K25026",39,"M00001,M00004",19584,0.915
K01812,0.149,0.057,,,,1000.0,0.0,,,,,,,,,,0.0,,,,,,"K00040,K00041,K00874,K01625,K01685,K01686,K08323,K16849,K16850,K17463",10,"M00061,M00631",6111,0.286
K01814,1.0,1.0,454.0,NC_005072.1_872,454.0,1.3e-85,285.0,1.5e-85,284.7,158.0,393.0,1.0,238.0,K01814,285.0,1.0,1.0,249.4,domain,False,False,False,"K00013,K00765,K00817,K01089,K01496,K01523,K01663,K01693,K02500,K02501,K02502,K04486,K11755,K14152,K18649",15,M00026,14874,0.695
K01817,1.0,1.0,334.0,NC_005072.1_576,334.0,2.2e-61,204.9,2.3999999999999997e-61,204.7,34.0,236.0,5.0,217.0,K01817,204.9,1.0,1.0,208.83,domain,False,True,False,"K00766,K01609,K01657,K01658,K01694,K01695,K01696,K06001,K13501,K13503,K24017",11,M00023,13095,0.612
K01821,0.221,0.182,162.0,NC_005072.1_1325,162.0,3.6e-08,30.3,0.00035,17.3,74.0,103.0,80.0,109.0,K07253,75.0,3.499122878295319e-14,3.499122878295319e-14,31.83,full,True,True,False,"K00446,K01617,K01666,K02554,K04073,K07104,K10216,K10217,K18364,K18365,K18366",11,M00569,10901,0.509
K01823,0.446,0.093,324.0,NC_005072.1_290,324.0,0.0087,12.7,0.011,12.3,152.0,239.0,91.0,179.0,K01515,159.1,8.495688699728001e-45,8.495688699728001e-45,33.37,domain,True,True,False,"K00021,K00054,K00099,K00626,K00795,K00869,K00919,K00938,K00991,K01597,K01641,K01662,K01770,K03186,K03526,K03527,K06981,K12506,K13787,K13789,K17942,K18690,K25518",23,"M00095,M00096,M00364,M00365,M00849",7793,0.364
K01825,0.115,0.024,717.0,NC_005072.1_649,717.0,7.6e-18,60.8,9.8e-18,60.5,8.0,200.0,21.0,216.0,K01661,459.9,7.226512038626312e-121,7.226512038626312e-121,740.2,domain,True,True,False,"K00135,K00468,K00632,K01041,K01506,K01782,K06445,K07508,K07509,K07511,K14268,K15736,K15737",13,"M00087,M00957",4000,0.187
K01826,0.046,0.036,,,,1000.0,0.0,,,,,,,,,,0.0,,,,,,"K00151,K00455,K05921",3,M00533,4878,0.228
K01834,0.476,0.239,410.0,NC_005072.1_554,410.0,3.4000000000000004e-58,194.6,1.7e-29,100.1,130.0,326.0,217.0,404.0,K22200,312.8,2.619717809305004e-36,2.619717809305004e-36,149.1,domain,True,True,False,"K00134,K00150,K00844,K00845,K00850,K00873,K00886,K00918,K00927,K01086,K01596,K01610,K01622,K01623,K01624,K01689,K01803,K01810,K02446,K03841,K04041,K06859,K08074,K11532,K11645,K12406,K13810,K15633,K15634,K15635,K15916,K16306,K16370,K21071,K25026",35,"M00001,M00002,M00003",12492,0.584
K01835,1.0,1.0,688.0,NC_005072.1_80,688.0,1.5000000000000001e-195,648.7,1.7e-195,648.5,105.0,637.0,8.0,545.0,K01835,648.7,1.0,1.0,352.47,domain,False,False,False,"K00688,K00705,K00844,K00845,K00886,K00963,K01196,K01200,K02438,K12447,K15778,K16153,K22451,K25026",14,"M00549,M00855",10590,0.495
K01845,1.0,1.0,608.0,NC_005072.1_522,608.0,1.7e-203,674.4,1.9e-203,674.2,114.0,536.0,8.0,431.0,K01845,674.4,1.0,1.0,311.83,domain,False,False,False,"K00228,K00230,K00231,K00435,K00589,K01599,K01698,K01719,K01749,K01772,K01885,K02302,K02303,K02304,K02492,K02495,K02496,K03794,K08973,K13542,K13543,K24866",22,"M00121,M00846,M00926",16116,0.753
K01846,0.002,0.002,204.0,NC_005072.1_978,204.0,8.2e-10,35.6,1.9e-09,34.4,13.0,108.0,722.0,821.0,K00548,1132.0,0.0,0.0,103.23,full,True,True,False,"K04835,K19268",2,M00740,1002,0.047
K01847,0.166,0.066,850.0,NC_005072.1_978,850.0,0.0097,11.0,0.015,10.4,653.0,767.0,731.0,840.0,K00548,1132.0,0.0,0.0,670.0,full,True,True,False,"K00023,K00239,K00240,K00241,K00626,K01679,K01848,K01849,K01961,K01962,K01963,K01964,K01965,K01966,K02160,K05606,K08691,K08928,K08929,K09709,K11263,K14446,K14447,K14448,K14449,K14451,K14468,K14469,K14470,K14471,K14472,K15036,K15052,K17865,K18472,K19312",36,"M00373,M00376,M00613,M00741",6556,0.306
K01848,0.011,0.006,,,,1000.0,0.0,,,,,,,,,,0.0,,,,,,"K01849,K01964,K01965,K11263,K14449,K14465,K14469,K14470,K15019,K15036,K18472,K19312",12,"M00375,M00376,M00613,M00741",1941,0.091
K01849,0.005,0.003,138.0,NC_005072.1_978,138.0,4.1e-11,39.5,1.1e-10,38.2,6.0,96.0,732.0,821.0,K00548,1132.0,0.0,0.0,177.43,domain,True,True,False,"K01848,K01964,K14449,K14469,K14470,K15019,K15036,K18472",8,"M00375,M00376,M00613,M00741",1295,0.061
K01850,0.0,0.0,,,,1000.0,0.0,,,,,,,,,,0.0,,,,,,,0,"M00024,M00025,M00040",3,0.0
K01856,0.041,0.019,444.0,NC_005072.1_181,444.0,3.9e-17,59.0,5.9e-17,58.4,199.0,294.0,137.0,230.0,K02549,110.3,3.607125246750204e-16,3.607125246750204e-16,373.83,full,True,True,False,"K03381,K03464,K14727",3,M00568,3532,0.165
K01885,1.0,1.0,685.0,NC_005072.1_511,685.0,1.6e-156,520.0,1.8e-156,519.8,86.0,520.0,5.0,464.0,K01885,520.0,0.9999468686334433,1.0,316.97,domain,False,False,False,"K00228,K00230,K00231,K01599,K01698,K01719,K01749,K01772,K01845,K02492,K02495,K08973,K13542,K13543",14,M00121,14039,0.656
K01895,1.0,1.0,755.0,NC_005072.1_660,755.0,2.1e-300,995.1,2.3e-300,995.0,75.0,697.0,15.0,656.0,K01895,995.1,1.0,1.0,754.57,domain,False,False,False,"K00125,K00197,K00200,K00201,K00202,K00204,K00205,K00320,K00577,K00579,K00583,K00584,K00625,K00672,K00925,K01499,K03388,K03389,K03390,K04480,K08264,K08265,K11260,K11261,K13942,K14081,K14083,K14084,K14126,K14127,K14128,K16176,K16177,K16178,K16179,K22480,K22482,K22516",38,"M00357,M00617",14751,0.689
K01897,1.0,1.0,1077.0,NC_005072.1_437,1077.0,2e-132,440.1,2.3999999999999998e-132,439.9,448.0,949.0,42.0,641.0,K01897,440.1,1.0,1.0,457.1,domain,False,True,False,K15013,1,M00086,12684,0.593
K01899,0.006,0.003,,,,1000.0,0.0,,,,,,,,,,0.0,,,,,,K00236,1,"M00009,M00011",1386,0.065
K01900,0.0,0.0,542.0,NC_005072.1_1502,542.0,0.00041,15.7,0.00041,15.7,97.0,155.0,115.0,170.0,K01945,530.5,1.0709221365542767e-155,1.0709221365542767e-155,574.27,full,True,True,False,,0,"M00009,M00011",109,0.005
K01902,0.494,0.324,,,,1000.0,0.0,,,,,,,,,,0.0,,,,,,"K00024,K00025,K00026,K00030,K00031,K00116,K00164,K00169,K00170,K00171,K00172,K00174,K00175,K00176,K00177,K00234,K00235,K00236,K00239,K00240,K00241,K00242,K00244,K00245,K00246,K00247,K00382,K00626,K00658,K01006,K01007,K01595,K01616,K01647,K01659,K01676,K01679,K01681,K01682,K01900,K01903,K01958,K01959,K01960,K03737,K08940,K08941,K08942,K08943,K14465,K14467,K14534,K15016,K15017,K15038,K15230,K15231,K18118,K18209,K18210,K25774",61,"M00009,M00011,M00173,M00374,M00614,M00620",14559,0.68
K01903,0.526,0.368,494.0,NC_005072.1_63,494.0,2.7e-07,26.3,4e-07,25.8,72.0,134.0,119.0,179.0,K01961,844.9,3.774379367249102e-247,3.774379367249102e-247,502.57,domain,True,True,False,"K00024,K00025,K00026,K00030,K00031,K00116,K00164,K00169,K00170,K00171,K00172,K00174,K00175,K00176,K00177,K00234,K00235,K00236,K00239,K00240,K00241,K00242,K00244,K00245,K00246,K00247,K00382,K00626,K00658,K01006,K01007,K01595,K01616,K01647,K01659,K01676,K01679,K01681,K01682,K01899,K01902,K01958,K01959,K01960,K03737,K08940,K08941,K08942,K08943,K14465,K14467,K14534,K15016,K15017,K15038,K15230,K15231,K18118,K18209,K25774",60,"M00009,M00011,M00173,M00374,M00614,M00620",15523,0.725
K01906,0.001,0.0,,,,1000.0,0.0,,,,,,,,,,0.0,,,,,,K19563,1,M00577,525,0.025
K01911,1.0,1.0,598.0,NC_005072.1_180,598.0,1.6e-63,212.2,1.9999999999999999e-63,211.9,132.0,429.0,52.0,388.0,K01911,212.2,1.0,1.0,349.7,domain,False,True,False,"K01661,K02548,K02549,K02551,K02552,K03183,K08680,K12073,K14759,K14760,K17872,K19222,K23094,K23095",14,"M00116,M00932",8556,0.4
K01912,0.213,0.151,630.0,NC_005072.1_1079,630.0,1.1999999999999999e-35,119.9,1.3e-35,119.8,7.0,166.0,3.0,176.0,K11963,331.3,2.30281429450683e-64,2.30281429450683e-64,263.83,domain,True,True,False,"K00074,K01692,K02609,K02610,K02611,K02612,K02613,K02615,K02618,K15866",10,M00878,9948,0.465
K01915,1.0,1.0,771.0,NC_005072.1_1022,771.0,2.7e-83,277.4,2.9999999999999997e-83,277.3,96.0,488.0,4.0,472.0,K20712,642.9,9.408850865280476e-111,1.0,40.6,domain,True,False,True,"K00611,K01755,K01940,K01955,K01956",5,M00978,8727,0.408
K01916,0.45,0.19,602.0,NC_005072.1_1650,602.0,9e-73,242.7,1.0000000000000001e-72,242.5,150.0,393.0,243.0,545.0,K01950,404.3,2.2571098743047507e-49,2.2571098743047507e-49,289.5,domain,True,True,False,"K00278,K00452,K00453,K00486,K00767,K00969,K01432,K01556,K03517,K06210,K06989,K07130,K14263",13,"M00115,M00912",11161,0.522
K01918,1.0,1.0,440.0,NC_005072.1_1793,440.0,8.7e-85,282.2,1.9e-84,281.1,121.0,398.0,5.0,280.0,K13799,686.1,2.5940882784799866e-122,1.0,41.33,domain,True,False,True,"K00077,K00606,K00826,K01579,K13799",5,M00119,16541,0.773
K01919,0.511,0.233,630.0,NC_005072.1_1779,630.0,0.00038,16.3,0.0005,15.9,190.0,346.0,116.0,255.0,K06048,73.6,5.636133201510367e-18,5.636133201510367e-18,137.27,full,True,True,False,"K01920,K11205,K21456",3,M00118,12336,0.576
K01920,1.0,1.0,366.0,NC_005072.1_184,366.0,1.1999999999999999e-113,376.4,1.4e-113,376.1,18.0,323.0,1.0,303.0,K01920,376.4,1.0,1.0,140.7,full,False,False,False,"K01919,K11205,K21456",3,M00118,10199,0.477
K01922,0.0,0.0,,,,1000.0,0.0,,,,,,,,,,0.0,,,,,,,0,M00120,0,0.0
K01923,1.0,1.0,440.0,NC_005072.1_1501,440.0,9.5e-61,203.0,1.1000000000000001e-60,202.8,106.0,335.0,4.0,224.0,K01923,203.0,1.0,1.0,159.87,full,False,False,False,"K00601,K00602,K00764,K01492,K01587,K01588,K01589,K01756,K01933,K01945,K01952,K06863,K08289,K11175,K11176,K11787,K11788,K11808,K13713,K23264,K23265,K23269,K23270",23,M00048,20507,0.958
K01932,0.123,0.001,520.0,NC_005072.1_1463,520.0,1.4e-07,27.4,27.0,-0.0,123.0,146.0,44.0,67.0,K11754,351.5,2.7300990591409473e-98,2.7300990591409473e-98,149.53,full,True,True,False,"K22116,K22976,K22981",3,M00860,972,0.045
K01933,1.0,1.0,598.0,NC_005072.1_1792,598.0,5.3e-140,464.6,6.5e-140,464.3,219.0,550.0,1.0,333.0,K01933,464.6,1.0,1.0,191.07,domain,False,False,False,"K00601,K00602,K00764,K01492,K01587,K01588,K01589,K01756,K01923,K01945,K01952,K06863,K08289,K11175,K11176,K11787,K11808,K13713,K23264,K23265,K23269,K23270",22,M00048,19690,0.92
K01935,1.0,1.0,336.0,NC_005072.1_1675,336.0,2.1000000000000002e-58,195.3,2.3000000000000002e-58,195.2,54.0,259.0,9.0,199.0,K01935,195.3,1.0,1.0,122.93,full,False,False,False,"K00652,K00833,K01012,K01906,K16593,K19563,K25570",7,"M00123,M00573,M00577,M00950",12966,0.606
K01937,1.0,1.0,865.0,NC_005072.1_1893,865.0,1.7000000000000001e-258,857.2,1.9000000000000001e-258,857.0,175.0,726.0,2.0,534.0,K01937,857.2,1.0,1.0,98.47,full,False,False,False,"K00940,K09903,K13800,K13809,K18533",5,M00052,20658,0.965
K01938,0.226,0.138,,,,1000.0,0.0,,,,,,,,,,0.0,,,,,,"K00194,K00197,K00198,K00297,K00300,K00600,K00625,K00925,K01491,K01500,K05299,K13788,K14138,K15022,K15023,K15024,K22015,K25007,K25008,K25123,K25124",21,"M00140,M00377,M00618",9489,0.443
K01939,1.0,1.0,637.0,NC_005072.1_545,637.0,1.1e-188,625.4,1.3e-188,625.2,152.0,569.0,1.0,422.0,K01939,625.4,1.0,1.0,141.1,full,False,False,False,"K00939,K00940,K00944,K01756,K18532,K18533",6,M00049,20965,0.98
K01940,1.0,1.0,553.0,NC_005072.1_1911,553.0,1.4e-174,578.8,1.5e-174,578.7,120.0,514.0,2.0,400.0,K01940,578.8,1.0,1.0,133.9,full,False,False,False,"K00145,K00611,K00821,K01438,K01755,K01915,K01955,K01956,K09065,K14681,K22478",11,"M00844,M00845,M00978",19337,0.904
K01945,1.0,1.0,531.0,NC_005072.1_1502,531.0,3.9e-160,530.5,4.3e-160,530.4,33.0,457.0,8.0,435.0,K01945,530.5,0.9999992253757612,1.0,138.73,domain,False,False,False,"K00601,K00602,K00764,K01492,K01587,K01588,K01589,K01756,K01923,K01933,K01952,K06863,K08289,K11175,K11176,K11787,K11788,K11808,K23264,K23265,K23269,K23270",22,M00048,20506,0.958
K01947,0.0,0.0,578.0,NC_005072.1_470,578.0,4.4e-20,68.5,5.6e-20,68.1,77.0,299.0,21.0,238.0,K03524,82.6,5.6944571442286694e-05,5.6944571442286694e-05,504.17,full,True,True,False,,0,M00120,409,0.019
K01950,1.0,1.0,806.0,NC_005072.1_1650,806.0,1.3e-121,404.3,1.7e-121,403.9,134.0,709.0,3.0,561.0,K01950,404.3,1.0,1.0,496.9,full,False,True,False,"K00278,K00452,K00453,K00463,K00486,K00767,K00969,K01432,K01556,K03517,K06210,K06989,K07130",13,"M00115,M00912",11565,0.54
K01951,1.0,1.0,686.0,NC_005072.1_37,686.0,9.499999999999999e-226,748.3,1.0000000000000001e-225,748.2,135.0,629.0,12.0,528.0,K01951,748.3,1.0,1.0,104.1,full,False,False,False,"K00088,K00940,K00942,K18533",4,M00050,21188,0.99
K01952,0.812,0.198,1806.0,NC_005072.1_3,1806.0,1.3e-75,251.8,6.5e-71,236.2,530.0,1211.0,87.0,771.0,K23269,1072.2,1.0839058425732846e-247,1.0839058425732846e-247,654.6,full,True,True,False,"K00601,K00602,K00764,K01588,K01589,K01756,K01923,K01933,K01945,K06863,K08289,K11175,K11176,K11787,K11808",15,M00048,11395,0.532
K01954,0.0,0.0,1607.0,NC_005072.1_912,1607.0,0.0,1064.2,0.0,1059.2,482.0,1574.0,7.0,1074.0,K01955,1693.3,4.188222328389318e-190,4.188222328389318e-190,2228.33,full,True,True,False,,0,M00051,26,0.001
K01955,1.0,1.0,1315.0,NC_005072.1_912,1315.0,0.0,1693.3,0.0,1693.1,110.0,1152.0,1.0,1098.0,K01955,1693.3,1.0,1.0,1529.4,full,False,False,False,"K00226,K00254,K00608,K00609,K00610,K00611,K00762,K01465,K01591,K01755,K01915,K01940,K01954,K01956,K11541,K13421,K17828",17,"M00051,M00978",20025,0.936
K01956,1.0,1.0,650.0,NC_005072.1_1053,650.0,1.1e-173,576.5,1.2999999999999998e-173,576.2,164.0,517.0,8.0,376.0,K01956,576.5,1.0,1.0,516.4,domain,False,False,False,"K00226,K00254,K00608,K00609,K00610,K00611,K00762,K01465,K01591,K01755,K01915,K01940,K01954,K01955,K11540,K11541,K13421,K17828",18,"M00051,M00978",20337,0.95
K01957,0.0,0.0,607.0,NC_005072.1_1809,607.0,2.7e-05,19.7,72.0,-1.5,1.0,37.0,1.0,34.0,K00820,706.9,1.3557729967437973e-207,1.3557729967437973e-207,1405.93,full,True,True,False,,0,M00904,8,0.0
K01958,0.276,0.081,1802.0,NC_005072.1_63,1802.0,5.399999999999999e-208,690.5,6.3e-208,690.3,64.0,511.0,2.0,444.0,K01961,844.9,3.3187051515667526e-47,3.3187051515667526e-47,853.4,full,True,True,False,"K00024,K00031,K00169,K00170,K00171,K00172,K00174,K00175,K00176,K00239,K00240,K00241,K00242,K01006,K01007,K01676,K01677,K01678,K01679,K01902,K01903",21,"M00173,M00614",7300,0.341
K01959,0.015,0.007,504.0,NC_005072.1_63,504.0,1.1e-217,720.2,1.3999999999999998e-217,719.9,3.0,445.0,1.0,444.0,K01961,844.9,2.8944066058667384e-38,2.8944066058667384e-38,744.37,domain,True,True,False,"K01960,K08942,K15230,K15231",4,"M00173,M00614,M00620",2120,0.099
K01960,0.018,0.011,600.0,NC_005072.1_1205,600.0,7.1e-15,51.3,0.011,11.1,8.0,51.0,7.0,49.0,K01649,655.0,1.8543496115815006e-182,1.8543496115815006e-182,750.43,domain,True,True,False,"K00176,K00177,K01959,K08940,K08941,K08942,K08943,K15230,K15231",9,"M00173,M00614,M00620",2707,0.126
K01961,1.0,1.0,694.0,NC_005072.1_63,694.0,5.299999999999999e-255,844.9,6.2e-255,844.7,57.0,501.0,1.0,445.0,K01961,844.9,1.0,1.0,728.9,domain,False,False,False,"K00239,K00240,K00241,K00645,K00648,K00665,K01679,K01847,K01848,K01849,K01962,K01963,K02160,K05606,K08691,K08928,K08929,K09709,K11262,K11263,K11533,K14449,K14468,K14469,K14470,K14471,K14472,K15052,K18473",29,"M00082,M00376,M00613",16662,0.779
K01962,1.0,1.0,515.0,NC_005072.1_573,515.0,3.9e-159,527.7,5e-159,527.3,92.0,405.0,7.0,319.0,K01962,527.7,1.0,1.0,385.87,domain,False,False,False,"K00239,K00240,K00241,K00645,K00648,K00665,K01679,K01847,K01848,K01849,K01961,K01963,K02160,K05606,K08691,K08928,K08929,K09709,K11533,K14449,K14468,K14469,K14470,K14471,K14472,K15052,K18473",27,"M00082,M00376,M00613",15456,0.722
K01963,1.0,1.0,401.0,NC_005072.1_860,401.0,8.1e-139,459.9,9.299999999999999e-139,459.7,75.0,333.0,25.0,283.0,K01963,459.9,1.0,1.0,342.8,domain,False,False,False,"K00239,K00240,K00241,K00645,K00648,K00665,K01679,K01847,K01848,K01849,K01961,K01962,K02160,K05606,K08691,K08928,K08929,K09709,K11533,K14449,K14468,K14469,K14470,K14471,K14472,K15052,K18473",27,"M00082,M00376,M00613",15437,0.721
K01964,0.0,0.0,512.0,NC_005072.1_63,512.0,5.4e-150,497.0,6.5e-150,496.7,5.0,448.0,3.0,443.0,K01961,844.9,1.869237600692565e-105,1.869237600692565e-105,979.53,full,True,True,False,,0,"M00375,M00741",12,0.001
K01965,0.06,0.026,834.0,NC_005072.1_63,834.0,5.2000000000000003e-216,716.5,5.8e-216,716.3,61.0,503.0,1.0,444.0,K01961,844.9,2.2271453267259073e-39,2.2271453267259073e-39,877.23,full,True,True,False,"K00023,K00626,K01847,K01848,K01849,K01964,K01966,K05606,K08691,K11263,K14446,K14447,K14448,K14449,K14451,K15036,K17865,K18472,K19312",19,"M00373,M00741",4144,0.194
K01966,0.138,0.105,733.0,NC_005072.1_860,733.0,1.1e-21,73.9,28.0,-0.2,558.0,637.0,214.0,281.0,K01963,459.9,6.344854593289246e-117,6.344854593289246e-117,874.27,full,True,True,False,"K00023,K00626,K01847,K01848,K01849,K01964,K01965,K05606,K08691,K11263,K14446,K14447,K14448,K14449,K14451,K15036,K17865,K18472,K19312",19,"M00373,M00741",8294,0.388
K01968,0.251,0.094,1036.0,NC_005072.1_63,1036.0,5.2e-228,757.0,6e-228,756.7,251.0,692.0,2.0,444.0,K01961,844.9,3.4630868330423485e-27,3.4630868330423485e-27,947.27,full,True,True,False,"K00166,K00167,K00249,K00253,K00382,K00826,K01640,K01969,K05607,K09699,K11381,K13766",12,M00036,7850,0.367
K01969,0.294,0.139,,,,1000.0,0.0,,,,,,,,,,0.0,,,,,,"K00166,K00167,K00249,K00253,K00382,K00826,K01640,K01968,K05607,K09699,K11381,K13766",12,M00036,9526,0.445
K02045,0.344,0.114,484.0,NC_005072.1_198,484.0,2.0999999999999998e-94,314.0,8.9e-50,166.8,87.0,318.0,277.0,523.0,K15583,539.2,1.024889976649093e-68,1.024889976649093e-68,439.73,domain,True,True,False,"K00380,K00381,K00390,K00392,K00860,K00955,K00956,K00957,K00958,K02046,K02047,K02048,K23163",13,M00616,8642,0.404
K02046,0.344,0.114,339.0,NC_005072.1_789,339.0,6.3e-13,45.0,1e-12,44.3,81.0,305.0,65.0,307.0,K02037,361.8,4.302267141810758e-96,4.302267141810758e-96,277.97,domain,True,True,False,"K00380,K00381,K00390,K00392,K00860,K00955,K00956,K00957,K00958,K02045,K02047,K02048,K23163",13,M00616,8623,0.403
K02047,0.343,0.113,349.0,NC_005072.1_789,349.0,1.3e-10,37.6,7.7e-10,35.0,63.0,312.0,31.0,308.0,K02037,361.8,2.5472724923421444e-98,2.5472724923421444e-98,277.27,full,True,True,False,"K00380,K00381,K00390,K00392,K00860,K00955,K00956,K00957,K00958,K02045,K02046,K02048,K23163",13,M00616,8593,0.402
K02048,0.237,0.031,,,,1000.0,0.0,,,,,,,,,,0.0,,,,,,"K00380,K00381,K00390,K00860,K00955,K00956,K00957,K02045,K02046,K02047,K23163",11,M00616,4479,0.209
K02078,1.0,1.0,212.0,NC_005072.1_1811,212.0,9.100000000000001e-30,101.1,9.700000000000001e-30,101.0,86.0,162.0,1.0,78.0,K02078,101.1,0.9999857632490775,1.0,41.87,domain,False,False,False,"K00645,K11263,K11608,K11609,K11610,K11611,K18472",7,"M00885,M00886",20868,0.975
K02107,0.011,0.003,218.0,NC_005072.1_1658,218.0,2.4e-08,30.9,2.8e-08,30.7,90.0,183.0,47.0,141.0,K02109,74.8,6.092326785484453e-14,6.092326785484453e-14,42.4,domain,True,True,False,"K02117,K02118,K02119,K02120,K02121,K02122,K02123,K02124",8,M00159,1370,0.064
K02108,1.0,1.0,318.0,NC_005072.1_1660,318.0,6.6e-72,239.1,7.4e-72,239.0,68.0,278.0,24.0,241.0,K02108,239.1,1.0,1.0,155.8,full,False,False,False,"K02109,K02110,K02111,K02112,K02113,K02114,K02115",7,M00157,19058,0.891
K02109,1.0,1.0,331.0,NC_005072.1_1658,331.0,1e-21,74.8,1.1e-21,74.8,71.0,204.0,17.0,150.0,K02109,74.8,0.9999999999999218,1.0,42.9,domain,False,False,False,"K02108,K02110,K02111,K02112,K02113,K02114,K02115",7,M00157,20490,0.957
K02110,1.0,1.0,220.0,NC_005072.1_1659,220.0,2.5e-37,125.4,2.7e-37,125.3,66.0,142.0,4.0,80.0,K02110,125.4,1.0,1.0,70.07,domain,False,False,False,"K02108,K02109,K02111,K02112,K02113,K02114,K02115",7,M00157,19350,0.904
K02111,1.0,1.0,815.0,NC_005072.1_1655,815.0,2.5e-287,952.6,3e-287,952.3,71.0,570.0,1.0,500.0,K02111,952.6,1.0,1.0,423.9,domain,False,False,False,"K02108,K02109,K02110,K02112,K02113,K02114,K02115",7,M00157,18505,0.865
K02112,1.0,1.0,609.0,NC_005072.1_1642,609.0,2.5e-269,891.9,2.8e-269,891.8,102.0,562.0,11.0,485.0,K02133,985.5,6.661812511606883e-29,1.0,507.5,domain,True,False,True,,0,M00157,2450,0.114
K02113,1.0,1.0,439.0,NC_005072.1_1656,439.0,7.4e-47,157.2,7.8e-47,157.1,78.0,245.0,7.0,175.0,K02113,157.2,0.9999999999998721,1.0,50.1,domain,False,False,False,"K02108,K02109,K02110,K02111,K02112,K02114,K02115",7,M00157,19478,0.91
K02114,1.0,1.0,202.0,NC_005072.1_1643,202.0,8.8e-39,130.1,9.599999999999999e-39,129.9,43.0,170.0,1.0,132.0,K02114,130.1,1.0,1.0,96.13,domain,False,False,False,"K02108,K02109,K02110,K02111,K02112,K02113,K02115",7,M00157,20615,0.963
K02115,1.0,1.0,372.0,NC_005072.1_1654,372.0,1.1000000000000002e-111,370.3,1.2e-111,370.2,55.0,333.0,1.0,315.0,K02115,370.3,1.0,1.0,243.57,full,False,False,False,"K02108,K02109,K02110,K02111,K02112,K02113,K02114",7,M00157,20687,0.967
K02117,0.019,0.011,595.0,NC_005072.1_1642,595.0,3.1e-41,138.2,0.016,10.4,5.0,96.0,11.0,112.0,K02133,985.5,8.655350789116871e-256,8.655350789116871e-256,815.5,domain,True,True,False,"K02107,K02118,K02119,K02120,K02121,K02122,K02123,K02124",8,M00159,2681,0.125
K02118,0.019,0.011,459.0,NC_005072.1_1655,459.0,9.2e-52,173.0,1.2e-51,172.6,8.0,432.0,31.0,440.0,K02111,952.6,2.0749870009641377e-235,2.0749870009641377e-235,697.17,full,True,True,False,"K02107,K02117,K02119,K02120,K02121,K02122,K02123,K02124",8,M00159,2684,0.125
K02119,0.014,0.006,,,,1000.0,0.0,,,,,,,,,,0.0,,,,,,"K02107,K02117,K02118,K02120,K02121,K02122,K02123,K02124",8,M00159,2005,0.094
K02120,0.019,0.011,216.0,NC_005072.1_1384,216.0,0.0025,14.3,0.0065,13.0,7.0,57.0,174.0,224.0,K16554,152.6,2.331050057027897e-42,2.331050057027897e-42,159.17,full,True,True,False,"K02107,K02117,K02118,K02119,K02121,K02122,K02123,K02124",8,M00159,2684,0.125
K02121,0.019,0.011,283.0,NC_005072.1_1658,283.0,1.1e-07,28.4,1.2e-07,28.3,37.0,122.0,58.0,147.0,K02109,74.8,1.0769813958051233e-14,1.0769813958051233e-14,92.17,domain,True,True,False,"K02107,K02117,K02118,K02119,K02120,K02122,K02123,K02124",8,M00159,2644,0.124
K02122,0.014,0.006,,,,1000.0,0.0,,,,,,,,,,0.0,,,,,,"K02107,K02117,K02118,K02119,K02120,K02121,K02123,K02124",8,M00159,1961,0.092
K02123,0.019,0.011,643.0,NC_005072.1_1347,643.0,0.021,10.2,160.0,-2.6,40.0,129.0,278.0,379.0,K01875,529.1,6.245040367385758e-157,6.245040367385758e-157,310.6,full,True,True,False,"K02107,K02117,K02118,K02119,K02120,K02121,K02122,K02124",8,M00159,2685,0.125
K02124,0.019,0.011,164.0,NC_005072.1_1659,164.0,7.3e-13,45.2,8.4e-13,45.1,25.0,88.0,9.0,76.0,K02110,125.4,7.201025482056751e-25,7.201025482056751e-25,75.7,domain,True,True,False,"K02107,K02117,K02118,K02119,K02120,K02121,K02122,K02123",8,M00159,2645,0.124
K02160,1.0,1.0,180.0,NC_005072.1_27,180.0,4.5000000000000005e-48,160.5,5e-48,160.3,27.0,161.0,3.0,167.0,K02160,160.5,1.0,1.0,89.33,domain,False,False,False,"K00239,K00240,K00241,K00645,K00648,K00665,K00667,K00668,K01679,K01847,K01848,K01849,K01961,K01962,K01963,K05606,K08691,K08928,K08929,K09709,K11262,K11263,K11533,K14449,K14468,K14469,K14470,K14471,K14472,K15052,K18473",31,"M00082,M00376,M00613",16369,0.765
K02169,1.0,1.0,347.0,NC_005072.1_1674,347.0,2.7e-33,112.4,2.9e-33,112.3,55.0,294.0,8.0,246.0,K02169,112.4,1.0,1.0,167.07,domain,False,True,False,"K00059,K00208,K00647,K02170,K02372,K09458,K09789,K19560,K19561",9,M00572,12384,0.579
K02170,0.656,0.11,393.0,NC_005072.1_1802,393.0,4.2e-25,85.7,2.5e-24,83.1,128.0,362.0,37.0,299.0,K05714,124.6,1.9495417464569645e-12,1.9495417464569645e-12,161.33,domain,True,True,False,"K00059,K00208,K00647,K02169,K02372,K09458,K19561",7,M00572,8485,0.396
K02171,0.712,0.127,202.0,NC_005072.1_1339,202.0,0.0032,14.1,0.0065,13.0,72.0,138.0,118.0,183.0,K04773,272.9,1.2400440765892928e-78,1.2400440765892928e-78,54.03,full,True,True,False,"K02172,K17836,K18766",3,M00627,9113,0.426
K02172,1.0,1.0,507.0,NC_005072.1_934,507.0,0.0053,12.0,0.0059,11.9,30.0,77.0,9.0,70.0,K02172,12.0,1.0,1.0,140.23,full,False,True,False,"K02171,K17836",2,M00627,5180,0.242
K02188,1.0,1.0,519.0,NC_005072.1_36,519.0,1.2000000000000001e-74,248.8,1.4000000000000001e-74,248.7,65.0,411.0,1.0,363.0,K02188,248.8,1.0,1.0,99.9,full,False,False,False,"K00595,K02189,K02190,K02191,K02224,K02302,K02303,K02304,K03394,K03399,K03795,K05895,K05934,K05936,K06042,K13541,K13542,K21479,K22011,K24866",20,M00924,5732,0.268
K02189,1.0,1.0,523.0,NC_005072.1_1728,523.0,5.9e-63,210.1,8.9e-63,209.5,202.0,486.0,5.0,359.0,K13541,591.4,1.6491594713379438e-115,1.0,86.73,domain,True,False,True,"K00595,K02188,K02190,K02191,K02224,K02302,K02303,K02304,K03394,K03399,K03795,K05895,K05934,K05936,K06042,K13541,K13542,K21479,K22011,K24866",20,M00924,6657,0.311
K02190,0.359,0.01,382.0,NC_005072.1_688,382.0,2.1e-11,40.1,5.8,2.5,282.0,328.0,239.0,355.0,K03795,319.5,7.802238315423039e-85,7.802238315423039e-85,125.0,full,True,True,False,"K02188,K02189,K02191,K02304,K03394,K03399,K05934,K05936,K06042,K24866",10,M00924,2504,0.117
K02191,0.199,0.005,213.0,NC_005072.1_1428,213.0,7.2e-29,97.4,1.3000000000000002e-28,96.6,14.0,203.0,230.0,425.0,K00595,230.9,6.493750208694717e-41,6.493750208694717e-41,213.4,domain,True,True,False,"K02188,K02190,K03394,K03399,K05934,K22011",6,M00924,1739,0.081
K02201,0.0,0.0,341.0,NC_005072.1_1433,341.0,0.0012,14.9,3.4,3.5,186.0,216.0,144.0,170.0,K11753,327.1,1.043362812863336e-94,1.043362812863336e-94,182.63,domain,True,True,False,,0,"M00120,M00914",0,0.0
K02203,0.006,0.006,203.0,NC_005072.1_1065,203.0,0.013,11.9,310.0,-2.3,99.0,122.0,32.0,55.0,K07026,234.4,1.0491219287879828e-67,1.0491219287879828e-67,157.7,full,True,True,False,,0,"M00018,M00020",1939,0.091
K02204,0.577,0.225,383.0,NC_005072.1_1397,383.0,7.9e-05,18.6,0.00022,17.2,36.0,228.0,19.0,235.0,K07251,44.1,2.1073423428187664e-08,2.1073423428187664e-08,129.67,full,True,True,False,"K00003,K00133,K00872,K00928,K01733,K02203,K12524,K12525,K12526",9,M00018,12125,0.567
K02224,1.0,1.0,611.0,NC_005072.1_1211,611.0,1.1e-122,407.3,1.3000000000000001e-122,407.2,59.0,493.0,3.0,457.0,K02224,407.3,1.0,1.0,113.7,domain,False,False,False,"K00595,K02188,K02189,K02190,K02191,K02228,K02229,K02230,K02302,K02303,K02304,K03394,K03399,K03795,K05895,K05934,K05936,K06042,K09882,K09883,K13540,K13541,K13542,K21479,K22011,K24866",26,"M00924,M00925",9659,0.451
K02225,0.613,0.027,516.0,NC_005072.1_204,516.0,5.1e-33,111.3,6.500000000000001e-33,111.0,63.0,372.0,19.0,356.0,K04720,307.8,7.040538083844984e-60,7.040538083844984e-60,276.43,full,True,True,False,"K00768,K00798,K02226,K02227,K02231,K02232,K02233,K19221",8,M00122,4166,0.195
K02226,0.659,0.165,347.0,NC_005072.1_554,347.0,6.6e-76,252.8,6e-32,108.3,92.0,282.0,1.0,214.0,K22305,377.0,4.093309077039139e-38,4.093309077039139e-38,165.73,domain,True,True,False,"K00768,K00798,K02225,K02227,K02231,K02232,K02233,K19221,K22316",9,M00122,10403,0.486
K02227,1.0,1.0,380.0,NC_005072.1_1477,380.0,8e-65,215.9,8.8e-65,215.8,41.0,329.0,8.0,331.0,K02227,215.9,1.0,1.0,94.47,full,False,False,False,"K00768,K00798,K02225,K02226,K02231,K02232,K02233,K19221,K22316",9,M00122,11201,0.523
K02228,0.6,0.025,387.0,NC_005072.1_424,387.0,2.2e-18,63.4,2.5e-18,63.2,29.0,191.0,19.0,167.0,K03394,200.4,5.739718509874453e-42,5.739718509874453e-42,153.67,full,True,True,False,"K00595,K02224,K02229,K02230,K02303,K05895,K05936,K06042,K09882,K09883,K13540,K13541",12,M00925,4074,0.19
K02229,0.603,0.035,483.0,NC_005072.1_833,483.0,1.1e-20,70.7,9.3e-08,28.0,83.0,159.0,88.0,165.0,K00392,632.5,7.609365341332307e-170,7.609365341332307e-170,258.1,full,True,True,False,"K00595,K02224,K02228,K02230,K02303,K05895,K05936,K06042,K09882,K09883,K13540,K13541",12,M00925,4806,0.225
K02230,1.0,1.0,1279.0,NC_005072.1_980,1279.0,0.0,1212.3,0.0,1212.2,52.0,1220.0,24.0,1241.0,K02230,1212.3,1.0,1.0,991.5,full,False,False,False,"K00595,K02224,K02228,K02229,K02303,K03394,K05895,K05936,K06042,K09882,K09883,K13540,K13541,K13542",14,M00925,6789,0.317
K02231,1.0,1.0,283.0,NC_005072.1_963,283.0,3.7e-33,111.4,4.5e-33,111.1,97.0,259.0,10.0,175.0,K02231,111.4,1.0,1.0,45.83,full,False,False,False,"K00768,K00798,K02225,K02226,K02227,K02232,K02233,K19221,K22316",9,M00122,11548,0.54
K02232,1.0,1.0,730.0,NC_005072.1_1316,730.0,1.4999999999999999e-173,575.9,1.8e-173,575.7,148.0,622.0,8.0,507.0,K02232,575.9,1.0,1.0,249.17,full,False,False,False,"K00768,K00798,K02225,K02226,K02227,K02231,K02233,K19221,K22316",9,M00122,11075,0.517
K02233,1.0,1.0,446.0,NC_005072.1_274,446.0,6.9e-45,151.0,7.5e-45,150.8,205.0,424.0,5.0,244.0,K02233,151.0,1.0,1.0,80.33,full,False,False,False,"K00768,K00798,K02225,K02226,K02227,K02231,K02232,K19221,K22316",9,M00122,11796,0.551
K02274,1.0,1.0,952.0,NC_005072.1_482,952.0,5.7e-237,785.9,6.6e-237,785.7,291.0,801.0,17.0,530.0,K02274,785.9,1.0,1.0,760.5,domain,False,False,False,"K02275,K02276,K02277,K15408",4,M00155,11050,0.516
K02275,1.0,1.0,429.0,NC_005072.1_483,429.0,1e-68,229.7,1.3e-68,229.3,107.0,310.0,25.0,260.0,K02275,229.7,1.0,1.0,213.43,full,False,False,False,"K02274,K02276,K02277,K15408",4,M00155,11470,0.536
K02276,1.0,1.0,351.0,NC_005072.1_481,351.0,8.9e-60,199.7,9.400000000000001e-60,199.7,133.0,307.0,20.0,199.0,K02276,199.7,0.9999999999999432,1.0,181.27,domain,False,False,False,"K02274,K02275,K02277,K15408",4,M00155,7318,0.342
K02277,0.501,0.017,188.0,NC_005072.1_1243,188.0,1.8,5.4,3.4,4.5,65.0,107.0,18.0,65.0,K21310,52.0,9.375666356951712e-15,9.375666356951712e-15,50.13,full,True,True,False,"K02274,K02275,K02276,K15408",4,M00155,3341,0.156
K02291,1.0,1.0,581.0,NC_005072.1_148,581.0,5.9e-102,339.3,7.0000000000000005e-102,339.0,258.0,522.0,7.0,289.0,K02291,339.3,1.0,1.0,175.8,domain,False,False,False,"K00514,K02293,K09835,K10027,K15744,K15745,K17841",7,M00097,6686,0.312
K02293,1.0,1.0,723.0,NC_005072.1_149,723.0,8.5e-257,850.8,9.4e-257,850.6,81.0,537.0,3.0,463.0,K02293,850.8,1.0,1.0,500.73,full,False,False,False,"K00514,K09835,K15744",3,M00097,791,0.037
K02297,0.117,0.066,370.0,NC_005072.1_483,370.0,3.5e-23,79.0,3.7e-23,78.9,54.0,272.0,22.0,264.0,K02275,229.7,4.3130019394558115e-46,4.3130019394558115e-46,332.7,full,True,True,False,"K02298,K02299,K02300",3,M00417,6565,0.307
K02298,0.115,0.063,710.0,NC_005072.1_482,710.0,3.5e-153,508.2,4.6e-153,507.8,53.0,558.0,24.0,521.0,K02274,785.9,2.5349547074580583e-84,2.5349547074580583e-84,973.9,full,True,True,False,"K02297,K02299,K02300",3,M00417,6400,0.299
K02299,0.122,0.073,333.0,NC_005072.1_481,333.0,1.9e-46,155.7,2e-46,155.6,32.0,220.0,16.0,200.0,K02276,199.7,5.684341886080416e-14,5.684341886080416e-14,271.83,full,True,True,False,"K02297,K02298,K02300",3,M00417,6909,0.323
K02300,0.114,0.062,,,,1000.0,0.0,,,,,,,,,,0.0,,,,,,"K02297,K02298,K02299",3,M00417,6357,0.297
K02302,0.822,0.143,524.0,NC_005072.1_1898,524.0,3.6e-94,313.2,4.4999999999999997e-94,312.9,247.0,480.0,3.0,239.0,K02303,342.3,1.7379093727381016e-09,1.7379093727381016e-09,417.97,full,True,True,False,"K00589,K00595,K01698,K01719,K01749,K01845,K02188,K02189,K02191,K02224,K02303,K02304,K02492,K02496,K03394,K03399,K03794,K03795,K05895,K05936,K06042,K13541,K13542,K13543,K22011",25,"M00846,M00924",9663,0.452
K02303,1.0,1.0,359.0,NC_005072.1_1898,359.0,3.2e-103,342.3,3.7e-103,342.1,46.0,281.0,2.0,240.0,K02303,342.3,0.9999999982620693,1.0,248.8,full,False,False,False,"K00595,K01698,K01719,K01749,K01845,K02188,K02189,K02224,K02228,K02229,K02230,K02302,K02492,K02496,K03394,K03795,K05895,K05936,K06042,K09882,K09883,K13540,K13541,K13543,K21479,K22011,K24866",27,"M00846,M00924,M00925",7209,0.337
K02304,0.0,0.0,,,,1000.0,0.0,,,,,,,,,,0.0,,,,,,,0,"M00846,M00924",3,0.0
K02305,0.015,0.007,204.0,NC_005072.1_1196,204.0,6.7e-10,35.8,7.3e-10,35.6,42.0,149.0,12.0,132.0,K12263,52.0,7.3115963140208205e-06,7.3115963140208205e-06,90.3,domain,True,True,False,"K00368,K00376,K02567,K02568,K04561,K15864",6,M00529,2185,0.102
K02318,0.0,0.0,653.0,NC_005072.1_50,653.0,1e-35,120.2,1.3e-35,119.9,356.0,536.0,5.0,187.0,K00859,220.0,9.061632241488675e-31,9.061632241488675e-31,330.83,full,True,True,False,,0,M00120,4,0.0
K02371,0.412,0.103,334.0,NC_005072.1_467,334.0,2.8e-11,39.8,0.00082,15.3,135.0,206.0,33.0,101.0,K02500,425.6,7.288324034006492e-117,7.288324034006492e-117,361.43,full,True,True,False,"K00059,K00208,K00209,K00647,K00667,K00668,K02372,K09458,K10780,K11533,K16363",11,M00083,8198,0.383
K02372,1.0,1.0,283.0,NC_005072.1_1498,283.0,6.200000000000001e-66,220.1,6.6e-66,220.0,79.0,215.0,9.0,149.0,K02372,220.1,0.999999996524167,1.0,70.37,full,False,False,False,"K00059,K00208,K00209,K00647,K00665,K01716,K02169,K02170,K02371,K09458,K09789,K10780,K11533,K16363,K19560,K19561",16,"M00083,M00572",16675,0.779
K02438,0.598,0.029,1292.0,NC_005072.1_1484,1292.0,1.2999999999999999e-197,656.1,1.9e-197,655.5,6.0,666.0,4.0,666.0,K01214,727.7,2.7941666864683943e-22,2.7941666864683943e-22,1020.63,domain,True,True,False,"K00688,K00705,K01835",3,M00855,4348,0.203
K02446,0.563,0.068,382.0,NC_005072.1_842,382.0,4.3e-117,388.2,5e-117,388.0,8.0,318.0,3.0,325.0,K11532,432.5,4.61712031867711e-14,4.61712031867711e-14,461.4,domain,True,True,False,"K00134,K00615,K00855,K00927,K01596,K01610,K01622,K01624,K01689,K01783,K01803,K01808,K01834,K02691,K03841,K11645,K15633,K15634",18,"M00003,M00165,M00611,M00612",6664,0.311
K02492,1.0,1.0,549.0,NC_005072.1_843,549.0,1.2999999999999999e-135,450.0,1.5e-135,449.9,70.0,486.0,1.0,429.0,K02492,450.0,1.0,1.0,78.37,full,False,False,False,"K00228,K00230,K00231,K00435,K00589,K01599,K01698,K01719,K01749,K01772,K01845,K01885,K02302,K02303,K02304,K02495,K02496,K03794,K08973,K13542,K13543,K24866",22,"M00121,M00846,M00926",15043,0.703
K02495,1.0,1.0,594.0,NC_005072.1_1472,594.0,8.400000000000001e-73,242.6,1.1e-72,242.2,88.0,466.0,6.0,401.0,K02495,242.6,1.0,1.0,276.93,full,False,True,False,"K00228,K00230,K00231,K01599,K01698,K01719,K01749,K01772,K01845,K01885,K02492,K08973,K13542,K13543",14,M00121,20568,0.961
K02496,0.964,0.927,473.0,NC_005072.1_850,473.0,9.5e-05,18.4,0.00011,18.3,86.0,163.0,12.0,94.0,K02496,18.4,0.9229512600455476,0.9229512600455476,55.33,full,False,True,False,"K01698,K01749,K01845,K02302,K02303,K02492,K13543",7,M00846,5504,0.257
K02500,1.0,1.0,437.0,NC_005072.1_467,437.0,2.3e-128,425.6,2.6e-128,425.5,106.0,357.0,1.0,254.0,K02500,425.6,1.0,1.0,330.93,full,False,False,False,"K00013,K00765,K00817,K01089,K01496,K01523,K01693,K01814,K02501,K02502,K04486,K05602,K11755,K14152,K18649,K24017",16,M00026,18119,0.847
K02501,1.0,1.0,343.0,NC_005072.1_1199,343.0,1.0999999999999999e-75,251.7,1.3e-75,251.6,103.0,300.0,1.0,202.0,K02501,251.7,0.9999999999283489,1.0,241.63,domain,False,False,False,"K00013,K00765,K00817,K01089,K01496,K01523,K01693,K01814,K02500,K02502,K04486,K05602,K11755,K14152,K18649,K24017",16,M00026,18066,0.844
K02502,0.688,0.159,468.0,NC_005072.1_664,468.0,2e-61,205.3,2e-59,198.7,24.0,417.0,2.0,397.0,K01892,327.0,2.3155252846934036e-37,2.3155252846934036e-37,253.73,full,True,True,False,"K00013,K00765,K00817,K01496,K01523,K01663,K01693,K01814,K02500,K02501,K04486,K11755,K14152,K18649",14,M00026,10193,0.476
K02517,0.497,0.162,,,,1000.0,0.0,,,,,,,,,,0.0,,,,,,"K00677,K00748,K00912,K02527,K02535,K02536,K02560,K03269,K09778,K09949,K16363",11,"M00060,M00866",10280,0.48
K02527,0.52,0.204,794.0,NC_005072.1_432,794.0,0.017,10.2,21.0,-0.0,466.0,524.0,318.0,378.0,K16703,131.0,4.32091527709197e-37,4.32091527709197e-37,180.2,full,True,True,False,"K00677,K00748,K00912,K02517,K02535,K02536,K02560,K03269,K09778,K09949,K16363",11,"M00060,M00866",11561,0.54
K02535,1.0,1.0,437.0,NC_005072.1_1499,437.0,2.9999999999999998e-92,306.5,3.7e-92,306.3,103.0,370.0,12.0,276.0,K02535,306.5,1.0,1.0,335.5,domain,False,True,False,"K00677,K00748,K00912,K02517,K02527,K02536,K02560,K03269,K09778,K09949",10,"M00060,M00866",10112,0.473
K02536,1.0,1.0,455.0,NC_005072.1_863,455.0,7.1e-115,381.4,7.7e-115,381.3,76.0,388.0,24.0,343.0,K02536,381.4,1.0,1.0,191.87,domain,False,False,False,"K00677,K00748,K00912,K02517,K02527,K02535,K02560,K03269,K09778,K09949,K16363",11,"M00060,M00866",12067,0.564
K02545,0.0,0.0,671.0,NC_005072.1_41,671.0,2.7e-57,191.3,6.7e-57,190.0,138.0,632.0,49.0,565.0,K05515,595.9,1.5968486458871814e-122,1.5968486458871814e-122,932.63,full,True,True,False,K02546,1,M00625,92,0.004
K02546,0.0,0.0,,,,1000.0,0.0,,,,,,,,,,0.0,,,,,,K02545,1,M00625,123,0.006
K02547,0.001,0.001,,,,1000.0,0.0,,,,,,,,,,0.0,,,,,,"K02545,K02546",2,M00625,742,0.035
K02548,0.743,0.153,366.0,NC_005072.1_182,366.0,4.6e-37,124.6,5.0000000000000005e-37,124.4,53.0,335.0,7.0,303.0,K23094,355.9,2.35375905037125e-70,2.35375905037125e-70,204.23,domain,True,True,False,"K01661,K01911,K02549,K02551,K02552,K03183,K08680,K19222",8,M00116,10004,0.467
K02549,1.0,1.0,487.0,NC_005072.1_181,487.0,1.3000000000000001e-32,110.3,1.9e-32,109.7,105.0,364.0,23.0,300.0,K02549,110.3,0.9999999993855511,0.9999999993855511,221.53,domain,False,True,False,"K01661,K01911,K02548,K02551,K02552,K03183,K08680,K12073,K14759,K14760,K17872,K19222,K23094,K23095",14,"M00116,M00932",8350,0.39
K02551,1.0,1.0,722.0,NC_005072.1_648,722.0,3.1e-118,393.0,4e-118,392.7,119.0,627.0,15.0,574.0,K02551,393.0,1.0,1.0,226.03,domain,False,False,False,"K01661,K01911,K02548,K02549,K02552,K03183,K08680,K12073,K14759,K14760,K17872,K19222,K23094,K23095",14,"M00116,M00932",8099,0.378
K02552,1.0,1.0,587.0,NC_005072.1_183,587.0,3.6e-84,280.4,4.7e-84,280.1,45.0,456.0,24.0,458.0,K02552,280.4,1.0,1.0,367.33,full,False,True,False,"K01661,K01911,K02548,K02549,K02551,K03183,K08680,K12073,K14759,K17872,K19222,K23094,K23095",13,"M00116,M00932",5163,0.241
K02554,0.093,0.038,,,,1000.0,0.0,,,,,,,,,,0.0,,,,,,"K00446,K00529,K01617,K01666,K01821,K04073,K05708,K05709,K05710,K05711,K05712,K05713,K05714,K07104,K10216,K10217,K18364,K18365,K18366",19,"M00545,M00569",5008,0.234
K02560,0.008,0.008,,,,1000.0,0.0,,,,,,,,,,0.0,,,,,,,0,M00060,2226,0.104
K02566,0.18,0.089,467.0,NC_005072.1_1373,467.0,1.8e-09,33.9,0.41,6.3,9.0,30.0,36.0,57.0,K03273,135.5,2.6022705123464737e-31,2.6022705123464737e-31,252.53,domain,True,True,False,"K00087,K01487,K01488,K01490,K03783,K03784,K05810,K08693,K09913,K11177,K11178,K11751,K13479,K13480,K13483,K19970,K20881",17,"M00958,M00959",7613,0.356
K02567,0.021,0.014,,,,1000.0,0.0,,,,,,,,,,0.0,,,,,,"K00376,K02305,K02568,K03385,K04561,K15864,K15876",7,"M00529,M00530",3015,0.141
K02568,0.021,0.014,,,,1000.0,0.0,,,,,,,,,,0.0,,,,,,"K00376,K02305,K02567,K03385,K04561,K15864,K15876",7,"M00529,M00530",2975,0.139
K02575,0.353,0.134,732.0,NC_005072.1_1899,732.0,3.6e-05,19.1,0.064,8.3,262.0,363.0,230.0,333.0,K08151,283.2,3.1475899149906018e-80,3.1475899149906018e-80,171.8,full,True,True,False,"K00360,K00361,K00366,K00367,K00372,K10534,K15576,K15577,K15578,K15579,K26138,K26139",12,M00615,9352,0.437
K02586,0.004,0.003,490.0,NC_005072.1_583,490.0,2.2000000000000004e-28,95.8,2.9e-28,95.4,57.0,435.0,15.0,389.0,K04039,767.7,5.46947842278978e-203,5.46947842278978e-203,550.03,full,True,True,False,"K00531,K02588,K02591,K22896,K22897,K22898,K22899",7,M00175,1440,0.067
K02588,0.004,0.003,483.0,NC_005072.1_582,483.0,1.0000000000000001e-82,274.9,1.1999999999999999e-82,274.7,46.0,317.0,21.0,291.0,K04037,520.9,8.84343660041693e-75,8.84343660041693e-75,367.3,full,True,True,False,"K00531,K02586,K02591,K22896,K22897,K22898,K22899",7,M00175,1418,0.066
K02591,0.004,0.003,453.0,NC_005072.1_583,453.0,2.1e-34,115.8,3e-34,115.3,22.0,443.0,14.0,429.0,K04039,767.7,5.73516380665543e-197,5.73516380665543e-197,441.73,domain,True,True,False,"K00531,K02586,K02588,K22896,K22897,K22898,K22899",7,M00175,1453,0.068
K02609,0.112,0.043,,,,1000.0,0.0,,,,,,,,,,0.0,,,,,,"K00074,K01692,K01912,K02610,K02611,K02612,K02613,K02615,K02618,K15866",10,M00878,5292,0.247
K02610,0.11,0.041,,,,1000.0,0.0,,,,,,,,,,0.0,,,,,,"K00074,K01692,K01912,K02609,K02611,K02612,K02613,K02615,K02618,K15866",10,M00878,5184,0.242
K02611,0.111,0.042,310.0,NC_005072.1_571,310.0,0.0078,12.3,0.01,11.9,158.0,254.0,138.0,227.0,K14331,358.1,8.013597022389563e-105,8.013597022389563e-105,174.33,full,True,True,False,"K00074,K01692,K01912,K02609,K02610,K02612,K02613,K02615,K02618,K15866",10,M00878,5243,0.245
K02612,0.355,0.309,,,,1000.0,0.0,,,,,,,,,,0.0,,,,,,"K00074,K01692,K01912,K02609,K02610,K02611,K02613,K02615,K02618,K15866",10,M00878,14216,0.664
K02613,0.128,0.06,436.0,NC_005072.1_1514,436.0,6.6e-28,94.2,7.200000000000001e-28,94.0,339.0,424.0,11.0,95.0,K02639,180.6,9.795088733928526e-27,9.795088733928526e-27,364.13,full,True,True,False,"K00074,K01692,K01912,K02609,K02610,K02611,K02612,K02615,K02618,K15866",10,M00878,6262,0.293
K02615,0.001,0.001,401.0,NC_005072.1_1812,401.0,0.0025,13.7,0.007,12.2,69.0,124.0,142.0,198.0,K09458,588.8,7.544830606991471e-174,7.544830606991471e-174,770.67,full,True,True,False,,0,M00878,766,0.036
K02618,0.099,0.031,681.0,NC_005072.1_335,681.0,3.2e-09,32.5,4.5e-09,32.0,150.0,437.0,109.0,375.0,K25072,484.3,9.87752093930954e-137,9.87752093930954e-137,682.77,full,True,True,False,"K00074,K01692,K01912,K02609,K02610,K02611,K02612,K02613,K02615,K15866",10,M00878,4473,0.209
K02626,0.0,0.0,,,,1000.0,0.0,,,,,,,,,,0.0,,,,,,,0,M00133,324,0.015
K02634,1.0,1.0,400.0,NC_005072.1_499,400.0,3.2e-147,487.4,3.9e-147,487.2,79.0,395.0,10.0,325.0,K02634,487.4,1.0,1.0,203.73,full,False,False,False,"K02635,K02637,K02640,K02642,K02643,K03689",6,M00162,185,0.009
K02635,1.0,1.0,304.0,NC_005072.1_329,304.0,5e-123,406.8,5.5e-123,406.7,18.0,231.0,5.0,217.0,K02635,406.8,1.0,1.0,305.5,full,False,False,False,"K02634,K02637,K02640,K02642,K02643,K03689",6,M00162,262,0.012
K02636,1.0,1.0,258.0,NC_005072.1_500,258.0,9.900000000000001e-65,215.5,1.1e-64,215.4,35.0,192.0,7.0,177.0,K02636,215.5,1.0,1.0,113.87,full,False,False,False,"K02634,K02635,K02637,K02640,K02642,K02643,K03689",7,M00162,5469,0.256
K02637,1.0,1.0,177.0,NC_005072.1_330,177.0,2.5999999999999996e-90,297.4,2.9e-90,297.2,9.0,168.0,1.0,160.0,K02637,297.4,1.0,1.0,90.23,full,False,False,False,"K02634,K02635,K02640,K02642,K02643,K03689",6,M00162,195,0.009
K02640,1.0,1.0,58.0,NC_005072.1_1197,58.0,5.7e-26,86.8,6e-26,86.7,20.0,58.0,1.0,39.0,K02640,86.8,1.0,1.0,57.13,full,False,False,False,"K02634,K02635,K02637,K02642,K02643,K03689",6,M00162,102,0.005
K02642,0.698,0.0,,,,1000.0,0.0,,,,,,,,,,0.0,,,,,,"K02634,K02635,K02637,K02640,K02643",5,M00162,70,0.003
K02643,1.0,1.0,53.0,NC_005072.1_1308,53.0,1e-13,47.8,1.1e-13,47.7,19.0,50.0,1.0,32.0,K02643,47.8,1.0,1.0,38.13,full,False,False,False,"K02634,K02635,K02637,K02640,K02642,K03689",6,M00162,126,0.006
K02689,1.0,1.0,749.0,NC_005072.1_1727,749.0,0.0,1352.5,0.0,1352.4,1.0,749.0,1.0,767.0,K02689,1352.5,1.0,1.0,864.53,full,False,False,False,"K02690,K02691,K02692,K02693,K02694,K02703,K02704,K02705,K02706,K02707,K02708,K05298",12,"M00163,M00611",189,0.009
K02690,1.0,1.0,735.0,NC_005072.1_1726,735.0,0.0,1418.8,0.0,1418.7,1.0,735.0,1.0,742.0,K02690,1418.8,1.0,1.0,865.13,domain,False,False,False,"K02689,K02691,K02692,K02693,K02694,K02703,K02704,K02705,K02706,K02707,K02708,K05298",12,"M00163,M00611",187,0.009
K02691,1.0,1.0,81.0,NC_005072.1_1810,81.0,3.7e-50,164.4,4.1e-50,164.3,1.0,81.0,1.0,81.0,K02691,164.4,1.0,1.0,157.73,full,False,False,False,"K02689,K02690,K02692,K02693,K02694,K02703,K02704,K02705,K02706,K02707,K02708,K05298",12,"M00163,M00611",373,0.017
K02692,1.0,1.0,254.0,NC_005072.1_1781,254.0,6.2e-74,245.4,7.1e-74,245.2,94.0,226.0,6.0,140.0,K02692,245.4,1.0,1.0,132.03,full,False,False,False,"K02689,K02690,K02691,K02693,K02694,K02703,K02704,K02705,K02706,K02707,K02708,K05298",12,"M00163,M00611",179,0.008
K02693,1.0,1.0,219.0,NC_005072.1_333,219.0,8.5e-29,98.2,1.0000000000000001e-28,98.0,96.0,153.0,5.0,68.0,K02693,98.2,1.0,1.0,66.97,full,False,False,False,"K02689,K02690,K02691,K02692,K02694,K02703,K02704,K02705,K02706,K02707,K02708,K05298",12,"M00163,M00611",180,0.008
K02694,1.0,1.0,341.0,NC_005072.1_507,341.0,1.4999999999999999e-55,186.0,1.1999999999999999e-54,183.1,159.0,336.0,5.0,181.0,K02694,186.0,1.0,1.0,145.17,full,False,False,False,"K02689,K02690,K02691,K02692,K02693,K02703,K02704,K02705,K02706,K02707,K02708,K05298",12,"M00163,M00611",181,0.008
K02703,1.0,1.0,697.0,NC_005072.1_228,697.0,2.2e-243,806.8,2.5e-243,806.7,77.0,433.0,1.0,359.0,K02703,806.8,1.0,1.0,283.17,full,False,False,False,"K02689,K02690,K02691,K02692,K02693,K02694,K02704,K02705,K02706,K02707,K02708,K05298",12,"M00161,M00611",198,0.009
K02704,1.0,1.0,564.0,NC_005072.1_318,564.0,7.2e-281,929.2,8.8e-281,928.9,6.0,510.0,1.0,502.0,K02704,929.2,1.0,1.0,327.03,full,False,False,False,"K02689,K02690,K02691,K02692,K02693,K02694,K02703,K02705,K02706,K02707,K02708,K05298",12,"M00161,M00611",188,0.009
K02705,1.0,1.0,536.0,NC_005072.1_1314,536.0,8.9e-247,816.7,9.9e-247,816.5,69.0,526.0,2.0,459.0,K02705,816.7,1.0,1.0,327.27,domain,False,False,False,"K02689,K02690,K02691,K02692,K02693,K02694,K02703,K02704,K02706,K02707,K02708,K05298",12,"M00161,M00611",182,0.009
K02706,1.0,1.0,504.0,NC_005072.1_1313,504.0,9.600000000000001e-223,737.4,1.1e-222,737.2,7.0,359.0,1.0,358.0,K02706,737.4,1.0,1.0,355.47,full,False,False,False,"K02689,K02690,K02691,K02692,K02693,K02694,K02703,K02704,K02705,K02707,K02708,K05298",12,"M00161,M00611",183,0.009
K02707,1.0,1.0,108.0,NC_005072.1_301,108.0,7.9e-41,135.2,8.399999999999999e-41,135.1,26.0,103.0,2.0,79.0,K02707,135.2,1.0,1.0,100.7,full,False,False,False,"K02689,K02690,K02691,K02692,K02693,K02694,K02703,K02704,K02705,K02706,K02708,K05298",12,"M00161,M00611",182,0.009
K02708,1.0,1.0,93.0,NC_005072.1_302,93.0,1.1e-21,73.7,1.1e-21,73.7,50.0,87.0,10.0,47.0,K02708,73.7,1.0,1.0,68.47,domain,False,False,False,"K02689,K02690,K02691,K02692,K02693,K02694,K02703,K02704,K02705,K02706,K02707,K05298",12,"M00161,M00611",158,0.007
K02821,0.057,0.026,,,,1000.0,0.0,,,,,,,,,,0.0,,,,,,"K02822,K03077,K03078,K03079,K03475,K03476",6,M00550,4121,0.193
K02822,0.06,0.029,128.0,NC_005072.1_1403,128.0,0.0063,13.1,84.0,-0.3,46.0,78.0,224.0,258.0,K10718,53.9,4.895661237620569e-13,4.895661237620569e-13,65.3,domain,True,True,False,"K02821,K03077,K03078,K03079,K03475,K03476",6,M00550,4330,0.202
K02826,0.006,0.003,332.0,NC_005072.1_483,332.0,3.4e-37,125.1,7.9e-36,120.6,50.0,248.0,43.0,264.0,K02275,229.7,3.252838140433074e-32,3.252838140433074e-32,382.63,full,True,True,False,"K02827,K02828,K02829",3,M00416,1333,0.062
K02827,0.007,0.004,649.0,NC_005072.1_482,649.0,1.9e-165,548.7,2.5000000000000004e-165,548.3,45.0,547.0,23.0,521.0,K02274,785.9,3.9417132615509444e-72,3.9417132615509444e-72,1007.57,full,True,True,False,"K02826,K02828,K02829",3,M00416,1626,0.076
K02828,0.006,0.004,202.0,NC_005072.1_481,202.0,3.3e-38,128.4,4e-38,128.2,8.0,197.0,11.0,199.0,K02276,199.7,3.440022705999768e-22,3.440022705999768e-22,280.7,domain,True,True,False,"K02826,K02827,K02829",3,M00416,1555,0.073
K02829,0.006,0.003,,,,1000.0,0.0,,,,,,,,,,0.0,,,,,,"K02826,K02827,K02828",3,M00416,1454,0.068
K02851,1.0,1.0,464.0,NC_005072.1_1386,464.0,3.6e-84,280.0,3.9999999999999997e-84,279.8,41.0,327.0,8.0,321.0,K02851,280.0,1.0,1.0,226.5,full,False,False,False,"K16649,K16650,K16870",3,M00888,12254,0.573
K02858,0.292,0.028,349.0,NC_005072.1_994,349.0,1.2e-98,327.1,1.7e-98,326.7,86.0,289.0,23.0,235.0,K14652,694.4,2.7019828778400808e-111,2.7019828778400808e-111,343.87,domain,True,True,False,"K01497,K01498,K20862",3,M00125,4259,0.199
K03077,0.105,0.073,,,,1000.0,0.0,,,,,,,,,,0.0,,,,,,"K02821,K02822,K03078,K03079,K03475,K03476",6,M00550,6897,0.322
K03078,0.026,0.005,216.0,NC_005072.1_1490,216.0,0.00018,17.8,0.0062,12.8,7.0,101.0,11.0,105.0,K01591,213.4,1.3138108620797658e-59,1.3138108620797658e-59,194.97,full,True,True,False,"K02821,K02822,K03077,K03475,K03476",5,M00550,1840,0.086
K03079,0.237,0.218,341.0,NC_005072.1_230,341.0,0.018,10.8,0.025,10.3,42.0,103.0,25.0,79.0,K01625,66.9,1.2948433777764776e-17,1.2948433777764776e-17,165.63,full,True,True,False,"K02821,K02822,K03077,K03078,K03475,K03476",6,M00550,11952,0.558
K03147,1.0,1.0,722.0,NC_005072.1_1814,722.0,9.299999999999999e-243,804.6,1.1e-242,804.3,209.0,632.0,12.0,436.0,K03147,804.6,1.0,1.0,575.57,full,False,False,False,"K00788,K00941,K00946,K03148,K03149,K03150,K03151,K03153,K03154,K10810,K14153,K21219,K22699",13,"M00127,M00895,M00896",14387,0.672
K03148,0.351,0.039,327.0,NC_005072.1_1771,327.0,1.6999999999999998e-69,231.1,1.9e-69,231.0,26.0,267.0,12.0,271.0,K21147,376.2,2.0894202291959112e-44,2.0894202291959112e-44,321.93,domain,True,True,False,"K00941,K03147,K03149,K03150,K03151,K03154,K10810,K14153,K21219",9,"M00127,M00895",5056,0.236
K03149,1.0,1.0,556.0,NC_005072.1_1867,556.0,4.1e-134,445.1,4.9e-134,444.9,67.0,318.0,4.0,259.0,K03149,445.1,1.0,1.0,156.43,full,False,False,False,"K00788,K00941,K00946,K03147,K03148,K03150,K03151,K03153,K03154,K10810,K14153,K21219",12,"M00127,M00895",14706,0.687
K03150,0.448,0.041,433.0,NC_005072.1_1232,433.0,1.7e-10,37.1,2.4e-10,36.7,128.0,347.0,61.0,277.0,K01012,460.6,3.264350895593273e-128,3.264350895593273e-128,161.7,full,True,True,False,"K00941,K00946,K03147,K03148,K03149,K03151,K03154,K14153,K21219",9,M00127,5181,0.242
K03151,0.552,0.133,,,,1000.0,0.0,,,,,,,,,,0.0,,,,,,"K00788,K00941,K00946,K03147,K03148,K03149,K03150,K03153,K03154,K10810,K14153",11,"M00127,M00895",9321,0.436
K03153,1.0,1.0,439.0,NC_005072.1_48,439.0,1.3e-87,291.5,1.5e-87,291.3,48.0,400.0,6.0,366.0,K03153,291.5,1.0,1.0,259.93,domain,False,False,False,"K00788,K00941,K00946,K03147,K03148,K03149,K03151,K03154,K10810",9,M00895,11938,0.558
K03154,1.0,1.0,149.0,NC_005072.1_1435,149.0,5.1e-16,55.5,5.6e-16,55.3,52.0,117.0,1.0,69.0,K03154,55.5,1.0,1.0,34.8,domain,False,False,False,"K00788,K00941,K00946,K03147,K03148,K03149,K03150,K03151,K03153,K10810,K14153,K21219",12,"M00127,M00895",14388,0.672
K03179,1.0,1.0,476.0,NC_005072.1_494,476.0,1.8e-77,258.1,2.2e-77,257.9,134.0,408.0,9.0,294.0,K03179,258.1,1.0,1.0,179.97,domain,False,False,False,"K00568,K03181,K03182,K03183,K03184,K03185,K03186,K06134,K18240,K18800",10,M00117,10130,0.473
K03181,1.0,1.0,241.0,NC_005072.1_1879,241.0,3.9e-21,72.4,4.6e-21,72.1,53.0,211.0,28.0,194.0,K03181,72.4,1.0,1.0,58.8,full,False,False,False,"K00568,K03179,K03182,K03183,K03184,K03185,K03186,K06134,K18800",9,M00117,6140,0.287
K03182,0.451,0.103,,,,1000.0,0.0,,,,,,,,,,0.0,,,,,,"K00568,K03179,K03181,K03183,K03184,K03185,K03186,K06134,K18240,K18800",10,M00117,8218,0.384
K03183,0.752,0.515,355.0,NC_005072.1_468,355.0,8.8e-45,150.1,9.5e-45,149.9,58.0,276.0,4.0,226.0,K23095,266.9,6.913476746741217e-36,6.913476746741217e-36,258.5,domain,True,True,False,"K00568,K01661,K01911,K02548,K02549,K02551,K02552,K03179,K03181,K03182,K03184,K03185,K03186,K06134,K08680,K18240,K18800,K19222",18,"M00116,M00117",18362,0.858
K03184,0.346,0.009,407.0,NC_005072.1_921,407.0,9e-31,103.9,3.4e-29,98.7,6.0,390.0,4.0,374.0,K03185,213.8,8.256642420392881e-34,8.256642420392881e-34,458.53,domain,True,True,False,"K03181,K03182,K03185,K03186,K18800",5,M00117,2474,0.116
K03185,1.0,1.0,500.0,NC_005072.1_921,500.0,3.9000000000000004e-64,213.8,1.3999999999999999e-63,211.9,81.0,462.0,7.0,376.0,K03185,213.8,1.0,1.0,420.9,domain,False,True,False,"K00568,K03179,K03181,K03182,K03183,K03184,K03186,K06134,K18240,K18800",10,M00117,8953,0.418
K03186,0.389,0.133,,,,1000.0,0.0,,,,,,,,,,0.0,,,,,,"K00021,K00568,K00626,K01823,K03179,K03181,K03182,K03183,K03184,K03185,K06134,K06981,K09128,K17942,K18240,K18690,K18800,K25517,K25518",19,"M00117,M00849",9319,0.435
K03196,0.01,0.009,411.0,NC_005072.1_600,411.0,2e-05,20.6,3.1e-05,19.9,187.0,235.0,371.0,419.0,K18890,666.8,2.9813763490890948e-195,2.9813763490890948e-195,306.97,domain,True,True,False,"K12086,K12087,K12088,K12089,K12090,K12091,K12092,K12093,K12094,K12095,K12096,K12097,K12098,K12099,K12100,K12101,K12102,K12103,K12104,K12105,K12106,K12107,K12108,K12109,K12110,K15842",26,M00564,2493,0.116
K03219,0.011,0.007,,,,1000.0,0.0,,,,,,,,,,0.0,,,,,,"K03221,K03222,K03224,K03225,K03226,K03227,K03228,K03229,K03230,K12784,K12785,K12786,K12787,K12788,K16041,K16042",16,M00542,2070,0.097
K03221,0.005,0.001,,,,1000.0,0.0,,,,,,,,,,0.0,,,,,,"K03219,K03222,K03224,K03225,K03226,K03227,K03228,K03229,K03230,K12784,K12785,K12786,K12787,K12788,K16041,K16042",16,M00542,887,0.041
K03222,0.009,0.006,,,,1000.0,0.0,,,,,,,,,,0.0,,,,,,"K03219,K03221,K03223,K03224,K03225,K03226,K03227,K03228,K03229,K03230,K12784,K12785,K12786,K12787,K12788,K16041,K16042,K18373,K18374,K18375,K18376,K18377,K18378,K18379,K18380,K18381",26,"M00542,M00660",1966,0.092
K03223,0.012,0.008,343.0,NC_005072.1_1658,343.0,0.0001,18.8,0.0001,18.7,133.0,204.0,78.0,149.0,K02109,74.8,1.3877787807813403e-17,1.3877787807813403e-17,113.43,domain,True,True,False,"K03222,K03224,K03225,K03226,K03227,K03228,K03229,K03230,K18373,K18374,K18375,K18376,K18377,K18378,K18379,K18380,K18381",17,M00660,2324,0.109
K03224,0.009,0.006,440.0,NC_005072.1_1642,440.0,6.1e-60,200.0,8.000000000000001e-60,199.6,21.0,420.0,9.0,426.0,K02133,985.5,3.474868754283119e-237,3.474868754283119e-237,621.67,full,True,True,False,"K03219,K03221,K03222,K03223,K03225,K03226,K03227,K03228,K03229,K03230,K12784,K12785,K12786,K12787,K12788,K16041,K16042,K18373,K18374,K18375,K18376,K18377,K18378,K18379,K18380,K18381",26,"M00542,M00660",1959,0.092
K03225,0.01,0.007,,,,1000.0,0.0,,,,,,,,,,0.0,,,,,,"K03219,K03221,K03222,K03223,K03224,K03226,K03227,K03228,K03229,K03230,K12784,K12785,K12786,K12787,K12788,K16041,K16042,K18373,K18374,K18375,K18376,K18377,K18378,K18379,K18380,K18381",26,"M00542,M00660",2169,0.101
K03226,0.009,0.006,,,,1000.0,0.0,,,,,,,,,,0.0,,,,,,"K03219,K03221,K03222,K03223,K03224,K03225,K03227,K03228,K03229,K03230,K12784,K12785,K12786,K12787,K12788,K16041,K16042,K18373,K18374,K18375,K18376,K18377,K18378,K18379,K18380,K18381",26,"M00542,M00660",1956,0.091
K03227,0.009,0.006,,,,1000.0,0.0,,,,,,,,,,0.0,,,,,,"K03219,K03221,K03222,K03223,K03224,K03225,K03226,K03228,K03229,K03230,K12784,K12785,K12786,K12787,K12788,K16041,K16042,K18373,K18374,K18375,K18376,K18377,K18378,K18379,K18380,K18381",26,"M00542,M00660",1903,0.089
K03228,0.009,0.006,,,,1000.0,0.0,,,,,,,,,,0.0,,,,,,"K03219,K03221,K03222,K03223,K03224,K03225,K03226,K03227,K03229,K03230,K12784,K12785,K12786,K12787,K12788,K16041,K16042,K18373,K18374,K18375,K18376,K18377,K18378,K18379,K18380,K18381",26,"M00542,M00660",1945,0.091
K03229,0.009,0.006,,,,1000.0,0.0,,,,,,,,,,0.0,,,,,,"K03219,K03221,K03222,K03223,K03224,K03225,K03226,K03227,K03228,K03230,K12784,K12785,K12786,K12787,K12788,K16041,K16042,K18373,K18374,K18375,K18376,K18377,K18378,K18379,K18380,K18381",26,"M00542,M00660",1967,0.092
K03230,0.01,0.007,,,,1000.0,0.0,,,,,,,,,,0.0,,,,,,"K03219,K03221,K03222,K03223,K03224,K03225,K03226,K03227,K03228,K03229,K12784,K12785,K12786,K12787,K12788,K16041,K16042,K18373,K18374,K18375,K18376,K18377,K18378,K18379,K18380,K18381",26,"M00542,M00660",2189,0.102
K03268,0.0,0.0,450.0,NC_005072.1_886,450.0,3.3e-05,19.4,5.3e-05,18.8,53.0,138.0,47.0,130.0,K22895,102.2,9.596206648955971e-26,9.596206648955971e-26,1055.2,full,True,True,False,"K16268,K16269,K18089,K18090",4,M00547,8,0.0
K03269,0.513,0.181,289.0,NC_005072.1_795,289.0,4.8e-08,29.3,110.0,-1.4,217.0,225.0,151.0,159.0,K06953,158.2,1.574829563215839e-39,1.574829563215839e-39,63.0,full,True,True,False,"K00677,K00748,K00912,K02517,K02527,K02535,K02536,K02560,K09778,K09949,K16363",11,"M00060,M00866",10883,0.509
K03270,0.292,0.141,226.0,NC_005072.1_136,226.0,1.2e-09,34.5,4.5e-07,26.1,70.0,165.0,595.0,689.0,K01533,778.6,1.0082778454737505e-224,1.0082778454737505e-224,162.2,full,True,True,False,"K00979,K01627,K06041",3,M00063,9609,0.449
K03271,1.0,1.0,392.0,NC_005072.1_1376,392.0,9.199999999999999e-53,176.5,1.1e-52,176.3,91.0,251.0,25.0,195.0,K03271,176.5,1.0,1.0,134.4,full,False,False,False,"K03272,K03273,K03274,K21344,K21345",5,M00064,7576,0.354
K03272,1.0,1.0,598.0,NC_005072.1_1377,598.0,5.4e-64,213.5,2e-09,33.3,419.0,514.0,25.0,114.0,K03272,213.5,1.0,1.0,381.57,full,False,True,False,"K03271,K03273,K03274",3,M00064,6798,0.318
K03273,1.0,1.0,348.0,NC_005072.1_1373,348.0,2.9999999999999998e-40,135.5,3.5e-40,135.3,106.0,255.0,32.0,187.0,K03273,135.5,1.0,1.0,152.73,domain,False,True,False,"K03271,K03272,K03274,K21344,K21345",5,M00064,9568,0.447
K03274,0.677,0.05,400.0,NC_005072.1_1369,400.0,3.2000000000000003e-38,128.3,4e-38,128.0,55.0,367.0,3.0,336.0,K08679,492.1,3.0569446649130825e-110,3.0569446649130825e-110,260.4,full,True,True,False,"K03271,K03272,K03273,K21344,K21345",5,M00064,5706,0.267
K03334,0.002,0.002,654.0,NC_005072.1_149,654.0,1.9e-12,42.9,1e-10,37.3,108.0,156.0,2.0,50.0,K02293,850.8,6.278653308529632e-244,6.278653308529632e-244,530.03,full,True,True,False,,0,M00044,1166,0.054
K03340,0.01,0.01,327.0,NC_005072.1_277,327.0,4.7e-06,22.7,6.9e-06,22.2,3.0,90.0,7.0,93.0,K18855,252.1,8.78453939249882e-70,8.78453939249882e-70,196.4,full,True,True,False,,0,M00526,2533,0.118
K03367,0.078,0.062,630.0,NC_005072.1_660,630.0,2.2999999999999998e-55,184.8,2.9999999999999998e-55,184.4,48.0,514.0,112.0,640.0,K01895,995.1,1.1895823543891513e-244,1.1895823543891513e-244,608.33,domain,True,True,False,"K03739,K03740,K14188,K19077,K19078",5,M00725,6378,0.298
K03381,0.04,0.017,,,,1000.0,0.0,,,,,,,,,,0.0,,,,,,"K01856,K03464,K14727",3,M00568,3355,0.157
K03385,0.014,0.008,,,,1000.0,0.0,,,,,,,,,,0.0,,,,,,"K02567,K02568,K15876",3,M00530,2281,0.107
K03388,0.017,0.009,721.0,NC_005072.1_165,721.0,2.5e-10,35.8,3e-10,35.6,619.0,669.0,61.0,122.0,K05580,321.9,7.5044391512647905e-87,7.5044391512647905e-87,586.6,full,True,True,False,"K00125,K00193,K00194,K00197,K00203,K00204,K00205,K00584,K03389,K03390,K04480,K08265,K11261,K14080,K14081,K14082,K14083,K14084,K14126,K14127,K14128,K16176,K16177,K16178,K16179,K22480,K22481,K22482",28,"M00356,M00357,M00563,M00567,M00617",2359,0.11
K03389,0.045,0.001,492.0,NC_005072.1_165,492.0,0.00018,17.3,0.43,6.1,61.0,80.0,58.0,77.0,K05580,321.9,2.024246144432553e-92,2.024246144432553e-92,320.7,full,True,True,False,"K00125,K00194,K00197,K00205,K00577,K00584,K03390,K11261,K13942,K14126,K14127,K14128,K16176,K16178",14,"M00356,M00357,M00563,M00567,M00617",867,0.041
K03390,0.013,0.001,218.0,NC_005072.1_478,218.0,1.1e-06,25.2,0.00017,18.1,92.0,129.0,336.0,373.0,K07079,299.8,2.1735177473478513e-83,2.1735177473478513e-83,110.73,full,True,True,False,"K00125,K00194,K00197,K00205,K00584,K03389,K04480,K08265,K11261,K14126,K14127,K14128,K16176,K16178,K22481,K22482",16,"M00356,M00357,M00563,M00567,M00617",665,0.031
K03392,0.047,0.02,,,,1000.0,0.0,,,,,,,,,,0.0,,,,,,"K00452,K00453,K00463,K00486,K01432,K01556,K07130,K10217",8,M00038,3605,0.168
K03394,1.0,1.0,541.0,NC_005072.1_424,541.0,4.6e-60,200.4,5.3e-60,200.1,245.0,474.0,18.0,249.0,K03394,200.4,1.0,1.0,136.17,domain,False,False,False,"K00595,K02188,K02189,K02190,K02191,K02224,K02230,K02304,K03399,K05895,K05934,K05936,K06042,K13541,K13542,K21479,K22011,K24866",18,"M00924,M00925",4328,0.202
K03399,0.125,0.003,276.0,NC_005072.1_1728,276.0,2.4e-29,99.2,3.8e-29,98.6,56.0,262.0,347.0,589.0,K13541,591.4,6.808260024520865e-149,6.808260024520865e-149,181.73,domain,True,True,False,"K02190,K02191,K03394,K05934,K22011",5,M00924,1426,0.067
K03431,1.0,1.0,749.0,NC_005072.1_246,749.0,9.2e-153,507.0,1.1e-152,506.8,281.0,722.0,1.0,445.0,K03431,507.0,1.0,1.0,452.6,full,False,False,False,"K00820,K00972,K04042,K11528,K23144",5,M00909,19057,0.89
K03464,0.041,0.018,,,,1000.0,0.0,,,,,,,,,,0.0,,,,,,"K01856,K03381,K14727",3,M00568,3445,0.161
K03465,1.0,1.0,331.0,NC_005072.1_248,331.0,1.7e-48,162.5,2e-48,162.3,67.0,263.0,2.0,204.0,K03465,162.5,1.0,1.0,57.17,full,False,False,False,"K00525,K00943",2,M00938,5117,0.239
K03472,0.442,0.026,340.0,NC_005072.1_23,340.0,5.9e-109,361.0,6.5e-109,360.9,1.0,335.0,1.0,336.0,K05298,534.7,5.141498970336469e-53,5.141498970336469e-53,488.6,full,True,True,False,"K00097,K00275,K03473,K03474",4,M00124,4153,0.194
K03473,0.462,0.033,428.0,NC_005072.1_1516,428.0,1.4e-52,176.0,1.9e-52,175.5,70.0,321.0,36.0,308.0,K00058,514.8,1.0257404188658776e-102,1.0257404188658776e-102,280.57,full,True,True,False,"K00097,K00275,K00831,K03472,K03474",5,M00124,4673,0.218
K03474,1.0,1.0,351.0,NC_005072.1_1246,351.0,5e-109,361.3,5.5e-109,361.2,103.0,336.0,2.0,235.0,K03474,361.3,1.0,1.0,114.7,full,False,False,False,"K00097,K00275,K00831,K03472,K03473",5,M00124,11192,0.523
K03475,0.061,0.031,540.0,NC_005072.1_1597,540.0,0.049,8.7,0.054,8.6,460.0,529.0,17.0,111.0,K02383,17.5,0.0007885547572987826,0.0007885547572987826,209.3,full,True,True,False,"K02821,K02822,K03077,K03078,K03079,K03476",6,M00550,4437,0.207
K03476,0.027,0.007,,,,1000.0,0.0,,,,,,,,,,0.0,,,,,,"K02821,K02822,K03077,K03078,K03475",5,M00550,2136,0.1
K03517,1.0,1.0,512.0,NC_005072.1_726,512.0,6e-132,437.7,6.7e-132,437.6,64.0,363.0,3.0,302.0,K03517,437.7,1.0,1.0,149.1,full,False,False,False,"K00278,K00767,K00969,K01916,K01950,K06210,K06989",7,M00115,14770,0.69
K03525,1.0,1.0,315.0,NC_005072.1_83,315.0,1.9e-31,106.6,2.4e-31,106.2,40.0,263.0,9.0,221.0,K03525,106.6,1.0,1.0,48.77,full,False,False,False,"K00859,K00954,K01598,K01947,K02318,K09680,K13038",7,M00120,13487,0.63
K03526,1.0,1.0,525.0,NC_005072.1_724,525.0,6.3e-170,563.2,6.9e-170,563.1,125.0,491.0,15.0,401.0,K03526,563.2,1.0,1.0,67.83,full,False,False,False,"K00099,K00919,K00991,K01662,K01770,K01823,K03527,K12506",8,M00096,17837,0.833
K03527,1.0,1.0,525.0,NC_005072.1_268,525.0,8.1e-113,374.8,9.5e-113,374.5,90.0,392.0,5.0,394.0,K03527,374.8,1.0,1.0,50.17,full,False,False,False,"K00099,K00919,K00991,K01662,K01770,K01823,K03526,K12506",8,M00096,16884,0.789
K03585,0.19,0.13,457.0,NC_005072.1_1293,457.0,6.2e-50,167.5,7.3e-50,167.2,59.0,389.0,12.0,343.0,K02005,218.6,4.1434988394151905e-16,4.1434988394151905e-16,258.6,domain,True,True,False,"K18131,K18138,K18139",3,M00718,9229,0.431
K03635,0.382,0.244,,,,1000.0,0.0,,,,,,,,,,0.0,,,,,,"K03637,K03638,K03639,K03750,K03831,K15376,K20967,K21142",8,M00880,12635,0.59
K03637,0.486,0.382,,,,1000.0,0.0,,,,,,,,,,0.0,,,,,,"K03635,K03638,K03639,K03750,K03831,K15376,K20967,K21142",8,M00880,15804,0.738
K03638,0.286,0.085,324.0,NC_005072.1_261,324.0,3.3e-08,30.1,5.3e-08,29.4,121.0,189.0,37.0,103.0,K03742,490.3,2.9241254147979698e-139,2.9241254147979698e-139,161.53,domain,True,True,False,"K03635,K03637,K03639,K03750,K21142",5,M00880,7472,0.349
K03639,0.493,0.384,459.0,NC_005072.1_680,459.0,2.5e-06,23.2,4.1e-06,22.5,94.0,172.0,10.0,85.0,K22226,60.7,3.0135991545305727e-12,3.0135991545305727e-12,146.7,domain,True,True,False,"K03635,K03637,K03638,K03750,K03831,K15376,K20967,K21142",8,M00880,15861,0.741
K03644,1.0,1.0,571.0,NC_005072.1_1718,571.0,2.4e-140,466.0,3.1e-140,465.7,131.0,412.0,21.0,303.0,K03644,466.0,1.0,1.0,125.33,full,False,False,False,"K03801,K10105,K16869,K23734,K23735",5,"M00881,M00883",16257,0.76
K03689,1.0,1.0,35.0,NC_005072.1_815,35.0,1.3e-22,76.0,1.3e-22,76.0,1.0,34.0,1.0,33.0,K03689,76.0,1.0,1.0,37.43,domain,False,False,False,"K02634,K02637,K02640",3,M00162,59,0.003
K03737,0.094,0.043,1248.0,NC_005072.1_165,1248.0,6.1e-06,20.8,0.0041,11.4,757.0,783.0,52.0,77.0,K05580,321.9,2.2901730808303204e-91,2.2901730808303204e-91,510.2,full,True,True,False,"K00169,K00170,K00171,K00172,K00174,K00175,K00176,K00177,K00189,K01006,K01007,K01677,K01678,K01960,K08940,K08941,K08943",17,"M00173,M00307,M00614",5313,0.248
K03738,0.003,0.003,1020.0,NC_005072.1_1462,1020.0,9.599999999999999e-35,116.7,1.2e-34,116.4,73.0,322.0,38.0,291.0,K00821,519.8,4.5165700241414114e-122,4.5165700241414114e-122,308.57,full,True,True,False,K18022,1,M00309,1306,0.061
K03739,0.034,0.014,,,,1000.0,0.0,,,,,,,,,,0.0,,,,,,"K03367,K03740,K14188,K19077,K19078",5,M00725,3020,0.141
K03740,0.035,0.015,,,,1000.0,0.0,,,,,,,,,,0.0,,,,,,"K03367,K03739,K14188,K19077,K19078",5,M00725,3092,0.144
K03750,0.489,0.387,532.0,NC_005072.1_261,532.0,3.3e-07,26.0,4.8e-07,25.5,240.0,326.0,17.0,97.0,K03742,490.3,1.7051909271236146e-140,1.7051909271236146e-140,154.23,domain,True,True,False,"K03635,K03637,K03638,K03639,K03831,K15376,K20967,K21142",8,M00880,15907,0.743
K03760,0.036,0.035,,,,1000.0,0.0,,,,,,,,,,0.0,,,,,,"K09953,K12977,K23082,K23083,K23159",5,M00867,4771,0.223
K03783,0.262,0.161,441.0,NC_005072.1_304,441.0,1e-19,68.1,1.2e-19,67.9,153.0,365.0,63.0,271.0,K00772,354.5,6.095498683924343e-87,6.095498683924343e-87,161.7,full,True,True,False,"K00087,K00106,K01487,K01488,K02566,K03784,K03787,K05810,K08693,K09913,K11177,K11178,K11751,K13479,K13480,K13481,K13482,K13483,K19572,K19970",20,"M00958,M00959",10279,0.48
K03784,0.241,0.123,,,,1000.0,0.0,,,,,,,,,,0.0,,,,,,"K00087,K01487,K01488,K01490,K02566,K03783,K03787,K05810,K08693,K09913,K11751,K13479,K13480,K13481,K13482,K19572,K19970,K20881",18,"M00958,M00959",8967,0.419
K03785,0.326,0.033,,,,1000.0,0.0,,,,,,,,,,0.0,,,,,,"K00891,K03856,K13853,K24018",4,M00022,4631,0.216
K03786,1.0,1.0,275.0,NC_005072.1_422,275.0,5.3e-69,229.4,6.299999999999999e-69,229.1,95.0,235.0,1.0,140.0,K03786,229.4,1.0,1.0,186.77,domain,False,False,False,"K00014,K00800,K00891,K01626,K01735,K01736,K03856,K13829,K13830,K13832,K13853,K24018",12,M00022,16336,0.763
K03787,1.0,1.0,367.0,NC_005072.1_1431,367.0,3.4999999999999996e-83,276.4,4.1e-83,276.2,85.0,310.0,4.0,250.0,K03787,276.4,1.0,1.0,159.57,full,False,False,False,"K00087,K00106,K01081,K01487,K01488,K01490,K02566,K03783,K03784,K05810,K08693,K09913,K11177,K11178,K11751,K13479,K13480,K13481,K13482,K13483,K19572,K19970,K20881",23,"M00958,M00959",12534,0.586
K03794,0.0,0.0,270.0,NC_005072.1_688,270.0,8.399999999999999e-43,143.7,7.9e-14,48.7,66.0,217.0,142.0,328.0,K03795,319.5,1.1992970413191455e-53,1.1992970413191455e-53,141.93,domain,True,True,False,,0,M00846,287,0.013
K03795,1.0,1.0,548.0,NC_005072.1_688,548.0,6.399999999999999e-96,319.5,7.499999999999999e-96,319.3,218.0,514.0,11.0,365.0,K03795,319.5,1.0,1.0,112.47,full,False,False,False,"K00595,K02188,K02189,K02224,K02302,K02303,K02304,K03394,K05895,K05936,K06042,K13541,K13542,K21479,K22011,K24866",16,M00924,6384,0.298
K03801,1.0,1.0,355.0,NC_005072.1_436,355.0,5.6e-70,233.3,6.499999999999999e-70,233.1,106.0,294.0,19.0,208.0,K03801,233.3,1.0,1.0,259.93,full,False,True,False,K03644,1,M00881,14598,0.682
K03831,0.326,0.125,393.0,NC_005072.1_1667,393.0,6e-07,25.9,6.2e-07,25.9,313.0,382.0,38.0,111.0,K04751,172.2,9.103282289078883e-45,9.103282289078883e-45,217.0,domain,True,True,False,"K03635,K03637,K03638,K03639,K03750,K15376,K21142",7,M00880,9033,0.422
K03841,0.766,0.026,492.0,NC_005072.1_1351,492.0,0.0094,11.5,0.013,11.1,148.0,205.0,51.0,111.0,K01082,179.1,3.5267341786013345e-51,3.5267341786013345e-51,208.3,full,True,True,False,"K00150,K00855,K01610,K02446,K02689,K02690,K02691,K02692,K02693,K02694,K02703,K02704,K02705,K02706,K02707,K02708,K05298,K11645,K15633",19,"M00003,M00165,M00611,M00612",4110,0.192
K03856,0.21,0.02,562.0,NC_005072.1_1708,562.0,8.5e-23,77.7,9.4e-23,77.5,376.0,555.0,68.0,274.0,K04518,272.5,2.287477567201844e-59,2.287477567201844e-59,465.33,domain,True,True,False,"K00891,K03785",2,M00022,3597,0.168
K03886,0.004,0.002,277.0,NC_005072.1_500,277.0,1.3e-25,87.3,2.1999999999999997e-25,86.5,69.0,230.0,11.0,167.0,K02636,215.5,2.5583181731493703e-39,2.5583181731493703e-39,123.7,domain,True,True,False,"K03887,K03888",2,M00151,1261,0.059
K03887,0.004,0.003,250.0,NC_005072.1_329,250.0,5.3e-77,255.2,5.8e-77,255.1,8.0,223.0,5.0,217.0,K02635,406.8,2.311280511288108e-46,2.311280511288108e-46,292.0,full,True,True,False,"K03886,K03888",2,M00151,1285,0.06
K03888,0.004,0.003,338.0,NC_005072.1_330,338.0,1.7e-14,50.6,2e-14,50.4,40.0,159.0,29.0,145.0,K02637,297.4,5.079220537709713e-75,5.079220537709713e-75,169.7,domain,True,True,False,"K03886,K03887",2,M00151,1281,0.06
K03889,0.033,0.023,323.0,NC_005072.1_1196,323.0,6.4e-10,35.4,7.4e-10,35.1,40.0,135.0,23.0,123.0,K12263,52.0,5.541153830398859e-06,5.541153830398859e-06,107.9,full,True,True,False,"K03890,K03891",2,M00151,3854,0.18
K03890,0.027,0.014,404.0,NC_005072.1_500,404.0,8.6e-14,48.2,4.9e-13,45.7,294.0,353.0,106.0,162.0,K02636,215.5,4.3419190813375084e-51,4.3419190813375084e-51,186.7,full,True,True,False,"K03889,K03891",2,M00151,2987,0.14
K03891,0.027,0.014,587.0,NC_005072.1_329,587.0,4.6e-44,147.6,9.399999999999999e-43,143.2,31.0,252.0,6.0,212.0,K02635,406.8,9.397776750447232e-79,9.397776750447232e-79,472.07,full,True,True,False,"K03889,K03890",2,M00151,2982,0.139
K03894,0.0,0.0,,,,1000.0,0.0,,,,,,,,,,0.0,,,,,,,0,M00918,526,0.025
K03895,0.021,0.01,,,,1000.0,0.0,,,,,,,,,,0.0,,,,,,"K03894,K03896,K03897",3,M00918,2621,0.122
K03896,0.032,0.025,,,,1000.0,0.0,,,,,,,,,,0.0,,,,,,"K03894,K03895,K03897",3,M00918,4013,0.188
K03897,0.027,0.019,728.0,NC_005072.1_1458,728.0,2.7e-05,19.2,6.2,1.5,571.0,609.0,262.0,306.0,K00382,549.0,3.268197528433637e-160,3.268197528433637e-160,390.93,full,True,True,False,"K03894,K03895,K03896",3,M00918,3488,0.163
K04041,0.017,0.016,,,,1000.0,0.0,,,,,,,,,,0.0,,,,,,K15635,1,M00003,3198,0.149
K04042,1.0,1.0,779.0,NC_005072.1_652,779.0,3e-173,574.8,3.2999999999999996e-173,574.6,242.0,690.0,2.0,446.0,K04042,574.8,1.0,1.0,329.87,full,False,False,False,"K00820,K03431,K11528,K23144",4,M00909,18393,0.859
K04073,0.026,0.012,,,,1000.0,0.0,,,,,,,,,,0.0,,,,,,"K00446,K00529,K01617,K01666,K02554,K05708,K05709,K05710,K05711,K05712,K05713,K10216,K10217,K18364,K18365,K18366",16,"M00545,M00569",2854,0.133
K04092,0.186,0.023,,,,1000.0,0.0,,,,,,,,,,0.0,,,,,,"K00211,K00220,K04518,K15227",4,"M00024,M00025,M00040",3851,0.18
K04093,0.042,0.024,,,,1000.0,0.0,,,,,,,,,,0.0,,,,,,"K00832,K01713",2,"M00024,M00025",3982,0.186
K04102,0.003,0.003,,,,1000.0,0.0,,,,,,,,,,0.0,,,,,,"K18067,K18068,K18069",3,M00623,1280,0.06
K04112,0.004,0.004,,,,1000.0,0.0,,,,,,,,,,0.0,,,,,,"K04113,K04114,K04115,K07537,K07538,K07539,K19515,K19516",8,M00541,1566,0.073
K04113,0.001,0.0,,,,1000.0,0.0,,,,,,,,,,0.0,,,,,,"K04112,K04114,K04115,K07537,K07538,K07539,K19515,K19516",8,M00541,542,0.025
K04114,0.0,0.0,,,,1000.0,0.0,,,,,,,,,,0.0,,,,,,"K04115,K07537,K07538,K07539,K19515,K19516",6,M00541,110,0.005
K04115,0.0,0.0,267.0,NC_005072.1_508,267.0,0.00013,18.3,120.0,-1.3,47.0,71.0,59.0,83.0,K25706,459.0,2.168107994808149e-133,2.168107994808149e-133,289.6,full,True,True,False,"K04114,K07537,K07538,K07539,K19515,K19516",6,M00541,68,0.003
K04116,0.007,0.006,672.0,NC_005072.1_660,672.0,1e-76,255.3,1.4e-76,254.9,29.0,545.0,92.0,639.0,K01895,995.1,1.9861370264169452e-223,1.9861370264169452e-223,607.83,domain,True,True,False,"K04117,K07536",2,M00540,2050,0.096
K04117,0.001,0.0,,,,1000.0,0.0,,,,,,,,,,0.0,,,,,,K07536,1,M00540,570,0.027
K04126,0.0,0.0,,,,1000.0,0.0,,,,,,,,,,0.0,,,,,,"K12744,K12745",2,M00673,26,0.001
K04127,0.011,0.01,407.0,NC_005072.1_73,407.0,9.1e-44,146.8,1.1e-43,146.5,21.0,396.0,27.0,419.0,K11717,633.8,2.5026038689790223e-147,2.5026038689790223e-147,403.43,domain,True,True,False,"K04126,K04128,K12743,K12744,K12745,K18062,K18063",7,M00673,2600,0.121
K04128,0.0,0.0,529.0,NC_005072.1_1411,529.0,3.8999999999999995e-62,207.2,1.1000000000000002e-59,199.2,244.0,516.0,288.0,595.0,K00612,862.3,6.2409376030998156e-198,6.2409376030998156e-198,637.97,full,True,True,False,"K12744,K12745",2,M00673,207,0.01
K04480,0.0,0.0,,,,1000.0,0.0,,,,,,,,,,0.0,,,,,,"K14081,K16176,K16178",3,"M00356,M00617",57,0.003
K04486,0.495,0.035,626.0,NC_005072.1_981,626.0,3.9e-07,25.6,95.0,-2.1,338.0,368.0,183.0,213.0,K07053,114.0,2.4487717410196894e-27,2.4487717410196894e-27,124.13,full,True,True,False,"K01693,K01814,K02502,K11755,K14152",5,M00026,4795,0.224
K04516,0.015,0.015,,,,1000.0,0.0,,,,,,,,,,0.0,,,,,,K00211,1,"M00024,M00025",3106,0.145
K04517,1.0,1.0,573.0,NC_005072.1_1767,573.0,2.4e-67,224.7,2.7e-67,224.6,120.0,398.0,1.0,276.0,K15226,349.0,3.8191924134344434e-38,1.0,211.87,domain,True,False,True,"K04092,K04093,K04516,K06208,K06209,K14170",6,M00025,10949,0.512
K04518,1.0,1.0,480.0,NC_005072.1_1708,480.0,7.099999999999999e-82,272.5,8.599999999999999e-82,272.3,61.0,330.0,1.0,273.0,K04518,272.5,0.9999999978603853,0.9999999978603853,329.13,full,False,True,False,"K01713,K04092,K04093,K04516,K06208,K06209",6,M00024,10408,0.486
K04561,0.042,0.02,,,,1000.0,0.0,,,,,,,,,,0.0,,,,,,"K00368,K00370,K00371,K00374,K00376,K02305,K02567,K02568,K15864",9,M00529,3615,0.169
K04835,0.002,0.001,413.0,NC_005072.1_214,413.0,0.00026,16.5,0.00039,15.9,294.0,380.0,303.0,388.0,K01689,627.8,9.557925710236369e-185,9.557925710236369e-185,431.07,full,True,True,False,"K01846,K19268",2,M00740,672,0.031
K05298,1.0,1.0,434.0,NC_005072.1_23,434.0,1.5000000000000001e-161,534.7,1.7000000000000001e-161,534.6,69.0,406.0,2.0,340.0,K05298,534.7,1.0,1.0,646.07,full,False,True,False,"K02689,K02690,K02691,K02692,K02693,K02694,K02703,K02704,K02705,K02706,K02707,K02708",12,"M00165,M00611,M00612",222,0.01
K05299,0.001,0.001,896.0,NC_005072.1_165,896.0,3.8e-12,41.9,4.8e-12,41.6,138.0,211.0,52.0,122.0,K05580,321.9,5.147557589468268e-85,5.147557589468268e-85,1185.57,domain,True,True,False,"K00194,K00197,K14138",3,"M00377,M00618",813,0.038
K05308,0.0,0.0,394.0,NC_005072.1_181,394.0,9.9e-07,24.8,60.0,-0.8,28.0,80.0,29.0,87.0,K02549,110.3,1.8278281876340376e-26,1.8278281876340376e-26,415.57,domain,True,True,False,,0,"M00308,M00309,M00633",455,0.021
K05359,0.0,0.0,434.0,NC_005072.1_1708,434.0,7.6e-40,133.9,1.3999999999999999e-39,133.0,107.0,358.0,4.0,243.0,K04518,272.5,1.8934009907960885e-42,1.8934009907960885e-42,344.67,full,True,True,False,,0,M00024,1,0.0
K05375,0.026,0.026,,,,1000.0,0.0,,,,,,,,,,0.0,,,,,,"K19102,K19103,K19104,K19105,K19106",5,M00736,4123,0.193
K05526,0.054,0.028,385.0,NC_005072.1_227,385.0,3.7e-18,62.1,4.3e-18,61.9,69.0,242.0,4.0,163.0,K01437,280.3,2.0665929624719773e-66,2.0665929624719773e-66,113.33,full,True,True,False,"K00673,K00840,K01484,K06447",4,M00879,4314,0.202
K05549,0.018,0.01,449.0,NC_005072.1_886,449.0,1.3e-11,40.5,2.2e-11,39.8,69.0,226.0,67.0,225.0,K22895,102.2,2.1569123652448499e-19,2.1569123652448499e-19,576.93,full,True,True,False,"K05550,K05783,K05784",3,M00551,2538,0.119
K05550,0.02,0.013,,,,1000.0,0.0,,,,,,,,,,0.0,,,,,,"K05549,K05783,K05784",3,M00551,2929,0.137
K05551,0.001,0.001,422.0,NC_005072.1_1812,422.0,9e-127,420.5,1.1e-126,420.2,4.0,413.0,6.0,409.0,K09458,588.8,2.1709595406689355e-51,2.1709595406689355e-51,672.13,domain,True,True,False,"K05552,K05553,K05554,K12420,K14249,K15884,K15885,K15886",8,M00778,648,0.03
K05552,0.001,0.001,408.0,NC_005072.1_1812,408.0,1.4e-86,287.6,1.6e-86,287.4,5.0,402.0,6.0,409.0,K09458,588.8,2.1368070407442774e-91,2.1368070407442774e-91,549.83,domain,True,True,False,"K05551,K05553,K05554,K12420,K14249,K15884,K15885,K15886",8,M00778,661,0.031
K05553,0.001,0.001,89.0,NC_005072.1_1811,89.0,2.4e-09,34.1,3e-09,33.8,24.0,79.0,21.0,77.0,K02078,101.1,6.776167106057774e-21,6.776167106057774e-21,62.13,domain,True,True,False,"K05551,K05552,K05554,K12420,K14249,K15884,K15885,K15886",8,M00778,806,0.038
K05554,0.002,0.002,,,,1000.0,0.0,,,,,,,,,,0.0,,,,,,"K05551,K05552,K05553,K12420,K14249,K15884,K15885,K15886",8,M00778,1045,0.049
K05555,0.123,0.122,383.0,NC_005072.1_598,383.0,8.4e-13,45.0,3e-12,43.2,60.0,229.0,19.0,171.0,K01069,199.4,3.318528824226851e-47,3.318528824226851e-47,157.3,full,True,True,False,"K05551,K05552,K05553,K05554,K12420,K14249,K14250,K15884,K15885,K15886",10,M00778,8949,0.418
K05556,0.0,0.0,311.0,NC_005072.1_1458,311.0,1.2e-06,24.8,280.0,-2.6,47.0,81.0,436.0,469.0,K00382,549.0,1.5851715636720989e-158,1.5851715636720989e-158,369.17,domain,True,True,False,K14630,1,M00779,341,0.016
K05572,1.0,1.0,372.0,NC_005072.1_166,372.0,4.9e-203,670.9,5.5e-203,670.7,1.0,372.0,1.0,372.0,K05572,670.9,1.0,1.0,502.83,full,False,False,False,"K05573,K05574,K05575,K05578,K05579,K05580,K05581,K05582,K05583,K05584,K05585",11,M00145,184,0.009
K05573,1.0,1.0,622.0,NC_005072.1_472,622.0,1.1e-221,734.3,1.3999999999999999e-221,733.9,113.0,609.0,9.0,500.0,K05573,734.3,1.0,1.0,467.8,full,False,False,False,"K05572,K05574,K05575,K05578,K05579,K05580,K05581,K05582,K05583,K05584,K05585",11,M00145,209,0.01
K05574,1.0,1.0,120.0,NC_005072.1_298,120.0,1.7e-55,183.4,1.7999999999999997e-55,183.3,1.0,120.0,1.0,120.0,K05574,183.4,0.9999997444693534,1.0,170.53,full,False,False,False,"K05572,K05573,K05575,K05576,K05578,K05579,K05580,K05581,K05582,K05583,K05584,K05585",12,M00145,506,0.024
K05575,1.0,1.0,579.0,NC_005072.1_155,579.0,9e-233,770.8,1.2e-232,770.4,30.0,521.0,22.0,520.0,K05575,770.8,1.0,1.0,572.77,full,False,False,False,"K05572,K05573,K05574,K05578,K05579,K05580,K05581,K05582,K05583,K05584,K05585",11,M00145,192,0.009
K05576,1.0,1.0,103.0,NC_005072.1_163,103.0,3.8e-45,148.8,4.0000000000000006e-45,148.8,3.0,103.0,6.0,106.0,K05576,148.8,0.9576762248804181,1.0,134.57,full,False,False,False,"K05572,K05573,K05574,K05575,K05578,K05579,K05580,K05581,K05582,K05583,K05584,K05585",12,M00145,950,0.044
K05577,1.0,1.0,681.0,NC_005072.1_154,681.0,1e-194,645.9,1.3e-194,645.6,79.0,634.0,1.0,662.0,K00341,771.7,1.3502884270977367e-38,1.0,546.57,domain,True,False,True,"K05572,K05573,K05574,K05575,K05579,K05580,K05581,K05582,K05583,K05584,K05585",11,M00145,1685,0.079
K05578,1.0,1.0,192.0,NC_005072.1_164,192.0,6.5e-69,228.0,7.399999999999999e-69,227.9,2.0,176.0,1.0,178.0,K05578,228.0,1.0,1.0,170.5,full,False,False,False,"K05572,K05573,K05574,K05575,K05576,K05579,K05580,K05581,K05582,K05583,K05584,K05585",12,M00145,650,0.03
K05579,1.0,1.0,426.0,NC_005072.1_178,426.0,1.8e-220,728.9,2e-220,728.7,1.0,392.0,1.0,394.0,K05579,728.9,1.0,1.0,506.67,full,False,False,False,"K05572,K05573,K05574,K05575,K05578,K05580,K05581,K05582,K05583,K05584,K05585",11,M00145,189,0.009
K05580,1.0,1.0,202.0,NC_005072.1_165,202.0,1.7e-97,321.9,1.9999999999999998e-97,321.7,1.0,192.0,1.0,196.0,K05580,321.9,1.0,1.0,159.5,domain,False,False,False,"K05572,K05573,K05574,K05575,K05578,K05579,K05581,K05582,K05583,K05584,K05585",11,M00145,237,0.011
K05581,1.0,1.0,171.0,NC_005072.1_296,171.0,3.7e-73,241.7,4e-73,241.5,8.0,171.0,10.0,176.0,K05581,241.7,1.0,1.0,222.5,full,False,False,False,"K05572,K05573,K05574,K05575,K05578,K05579,K05580,K05582,K05583,K05584,K05585",11,M00145,188,0.009
K05582,1.0,1.0,295.0,NC_005072.1_297,295.0,6.2e-125,413.5,6.6e-125,413.4,37.0,262.0,10.0,236.0,K05582,413.5,1.0,1.0,263.87,domain,False,False,False,"K05572,K05573,K05574,K05575,K05578,K05579,K05580,K05581,K05583,K05584,K05585",11,M00145,185,0.009
K05583,1.0,1.0,97.0,NC_005072.1_610,97.0,4.1e-30,100.8,4.2e-30,100.8,24.0,93.0,6.0,74.0,K05583,100.8,1.0,1.0,59.53,full,False,False,False,"K05572,K05573,K05574,K05575,K05579,K05580,K05581,K05582,K05584,K05585",10,M00145,166,0.008
K05584,1.0,1.0,114.0,NC_005072.1_150,114.0,4.3e-53,175.0,4.7e-53,174.9,1.0,110.0,4.0,113.0,K05584,175.0,1.0,1.0,170.8,full,False,False,False,"K05572,K05573,K05574,K05575,K05578,K05579,K05580,K05581,K05582,K05583,K05585",11,M00145,181,0.008
K05585,1.0,1.0,158.0,NC_005072.1_1761,158.0,7.7e-64,210.9,8.6e-64,210.8,1.0,156.0,1.0,153.0,K05585,210.9,1.0,1.0,143.07,full,False,False,False,"K05572,K05573,K05574,K05575,K05578,K05579,K05580,K05581,K05582,K05583,K05584",11,M00145,176,0.008
K05599,0.003,0.003,462.0,NC_005072.1_886,462.0,3.2e-11,38.9,4.8e-11,38.4,52.0,229.0,48.0,227.0,K22895,102.2,7.115157321961133e-20,7.115157321961133e-20,854.77,full,True,True,False,"K05600,K11311,K16319,K18249",4,M00637,1318,0.062
K05600,0.001,0.001,,,,1000.0,0.0,,,,,,,,,,0.0,,,,,,"K05599,K11311",2,M00637,591,0.028
K05602,0.196,0.018,362.0,NC_005072.1_1000,362.0,2.1e-46,155.5,2.5e-46,155.3,83.0,318.0,37.0,271.0,K01092,266.9,2.9191639226462325e-34,2.9191639226462325e-34,266.1,domain,True,True,False,"K01496,K01523,K24017",3,M00026,3465,0.162
K05603,0.163,0.048,,,,1000.0,0.0,,,,,,,,,,0.0,,,,,,"K01458,K01468,K01712,K01745",4,M00045,5604,0.262
K05606,0.203,0.114,214.0,NC_005072.1_696,214.0,3.5e-14,49.6,3.8e-14,49.5,44.0,174.0,2.0,127.0,K01759,167.9,2.4442831445980712e-36,2.4442831445980712e-36,72.5,domain,True,True,False,"K00023,K00239,K00240,K00241,K00626,K01679,K01847,K01848,K01849,K01961,K01962,K01963,K01964,K01965,K01966,K02160,K08691,K08928,K08929,K09709,K11263,K14446,K14447,K14448,K14449,K14451,K14465,K14466,K14468,K14469,K14470,K14471,K14472,K14534,K15016,K15019,K15020,K15036,K15037,K15038,K15052,K17865,K18472,K19312",44,"M00373,M00375,M00376,M00613,M00741",8640,0.404
K05607,0.002,0.002,412.0,NC_005072.1_649,412.0,1.7e-34,116.5,2.2e-34,116.1,105.0,358.0,25.0,279.0,K01661,459.9,4.229601865915867e-104,4.229601865915867e-104,335.57,full,True,True,False,,0,M00036,1105,0.052
K05708,0.001,0.001,434.0,NC_005072.1_886,434.0,2.3e-08,30.2,4e-08,29.4,42.0,149.0,47.0,158.0,K22895,102.2,1.7108957396489443e-22,1.7108957396489443e-22,590.47,full,True,True,False,"K05709,K05711,K05713",3,M00545,620,0.029
K05709,0.001,0.0,,,,1000.0,0.0,,,,,,,,,,0.0,,,,,,"K05708,K05711",2,M00545,375,0.018
K05710,0.139,0.069,199.0,NC_005072.1_886,199.0,3.5e-13,46.8,6.9e-13,45.8,63.0,132.0,38.0,116.0,K22895,102.2,1.699501189469284e-17,1.699501189469284e-17,107.1,domain,True,True,False,"K00529,K01666,K02554,K04073,K05708,K05709,K05711,K05712,K05713,K05714",10,M00545,6714,0.314
K05711,0.001,0.0,272.0,NC_005072.1_491,272.0,4.2e-31,105.0,4.4000000000000004e-30,101.6,3.0,260.0,6.0,249.0,K00059,358.4,5.235993500053243e-77,5.235993500053243e-77,377.5,full,True,True,False,"K05708,K05709,K05713",3,M00545,467,0.022
K05712,0.127,0.058,572.0,NC_005072.1_559,572.0,2.2e-11,39.8,2.1e-09,33.2,45.0,201.0,3.0,152.0,K21401,127.0,5.62580108487774e-27,5.62580108487774e-27,363.93,full,True,True,False,"K00529,K01666,K02554,K04073,K05708,K05709,K05710,K05711,K05713,K05714",10,M00545,6138,0.287
K05713,0.008,0.004,,,,1000.0,0.0,,,,,,,,,,0.0,,,,,,"K02554,K04073,K05708,K05709,K05711",5,M00545,1532,0.072
K05714,1.0,1.0,354.0,NC_005072.1_1802,354.0,5.1e-37,124.6,6.5e-37,124.3,47.0,294.0,22.0,299.0,K05714,124.6,0.9999985509958247,0.9999985509958247,282.07,domain,False,True,False,"K00529,K01666,K02554,K04073,K05708,K05709,K05710,K05711,K05712,K05713",10,M00545,13665,0.639
K05783,0.015,0.007,261.0,NC_005072.1_491,261.0,1.6e-35,119.6,1.8e-33,112.9,2.0,258.0,2.0,246.0,K00059,358.4,1.3002804576537058e-72,1.3002804576537058e-72,411.27,domain,True,True,False,"K05549,K05550,K05784",3,M00551,2103,0.098
K05784,0.017,0.009,742.0,NC_005072.1_1214,742.0,1.1e-22,76.9,1.5000000000000002e-22,76.4,123.0,309.0,111.0,334.0,K02641,505.4,1.0201096548729462e-129,1.0201096548729462e-129,459.43,full,True,True,False,"K05549,K05550,K05783",3,M00551,2434,0.114
K05810,1.0,1.0,364.0,NC_005072.1_567,364.0,5.9e-51,170.6,6.7e-51,170.5,116.0,305.0,46.0,258.0,K05810,170.6,1.0,1.0,55.93,full,False,False,False,"K00087,K00106,K00772,K00789,K00797,K00815,K00832,K00899,K01081,K01243,K01244,K01487,K01488,K01490,K01611,K02566,K03783,K03784,K03787,K08693,K08963,K08964,K08965,K08966,K08967,K08969,K09880,K09913,K11177,K11178,K11751,K13479,K13480,K13481,K13482,K13483,K16054,K19970,K20881,K23977",40,"M00034,M00958,M00959",17062,0.797
K05822,0.032,0.021,238.0,NC_005072.1_1497,238.0,6.8e-20,68.3,8.4e-07,25.5,91.0,152.0,10.0,71.0,K00677,332.0,4.153269792699037e-80,4.153269792699037e-80,340.27,full,True,True,False,"K00841,K05823",2,M00525,3736,0.175
K05823,0.027,0.014,375.0,NC_005072.1_1816,375.0,1e-93,310.9,1.2e-93,310.7,4.0,370.0,15.0,382.0,K21613,348.3,5.507294685063179e-12,5.507294685063179e-12,355.8,domain,True,True,False,"K00841,K05822",2,M00525,3020,0.141
K05824,0.0,0.0,350.0,NC_005072.1_862,350.0,5.2e-75,249.3,5.799999999999999e-75,249.2,4.0,348.0,2.0,355.0,K00052,530.9,1.698060740115583e-85,1.698060740115583e-85,426.2,full,True,True,False,K01655,1,M00433,133,0.006
K05826,0.001,0.001,,,,1000.0,0.0,,,,,,,,,,0.0,,,,,,"K05827,K05828,K05829,K05830,K05831",5,"M00031,M00763",853,0.04
K05827,0.001,0.001,279.0,NC_005072.1_184,279.0,1.7000000000000002e-22,76.5,2.4e-22,76.1,59.0,272.0,93.0,302.0,K01920,376.4,5.261436101216693e-91,5.261436101216693e-91,351.6,domain,True,True,False,"K05826,K05828,K05829,K05830,K05831",5,M00031,634,0.03
K05828,0.0,0.0,286.0,NC_005072.1_538,286.0,2.6e-49,164.6,2.4e-48,161.5,4.0,260.0,26.0,269.0,K00930,439.7,1.536909138179017e-83,1.536909138179017e-83,221.0,full,True,True,False,"K05826,K05827,K05829,K05830,K05831",5,"M00031,M00763",245,0.011
K05829,0.0,0.0,347.0,NC_005072.1_993,347.0,4.3e-75,249.8,4.799999999999999e-75,249.7,3.0,346.0,1.0,351.0,K00145,380.0,6.395795432873583e-40,6.395795432873583e-40,415.63,full,True,True,False,"K05826,K05827,K05828,K05830,K05831",5,"M00031,M00763",290,0.014
K05830,0.0,0.0,393.0,NC_005072.1_1462,393.0,4.2e-110,365.1,5.1e-110,364.8,9.0,386.0,32.0,422.0,K00821,519.8,2.6956262121599386e-47,2.6956262121599386e-47,500.57,domain,True,True,False,"K05828,K05831",2,"M00031,M00763",88,0.004
K05831,0.0,0.0,363.0,NC_005072.1_1816,363.0,0.00021,17.3,0.00033,16.6,169.0,276.0,185.0,301.0,K21613,348.3,2.2831349826545545e-100,2.2831349826545545e-100,296.77,full,True,True,False,"K05827,K05828,K05829,K05830",4,"M00031,M00763",218,0.01
K05884,0.011,0.01,,,,1000.0,0.0,,,,,,,,,,0.0,,,,,,"K06034,K08097,K13039",3,M00358,2582,0.121
K05895,1.0,1.0,494.0,NC_005072.1_542,494.0,7e-38,127.6,8e-38,127.4,206.0,428.0,9.0,244.0,K05895,127.6,1.0,1.0,164.9,full,False,True,False,"K00595,K02188,K02189,K02190,K02191,K02224,K02228,K02229,K02230,K02302,K02303,K02304,K03394,K03399,K03795,K05934,K05936,K06042,K09882,K09883,K13540,K13541,K13542,K21479,K22011,K24866",26,"M00924,M00925",7814,0.365
K05921,0.029,0.016,,,,1000.0,0.0,,,,,,,,,,0.0,,,,,,"K00151,K00455,K01826",3,M00533,3199,0.149
K05928,0.0,0.0,385.0,NC_005072.1_1709,385.0,5.3e-69,229.6,6.2e-69,229.3,59.0,340.0,34.0,310.0,K18534,364.8,1.9986860727729193e-41,1.9986860727729193e-41,301.97,full,True,True,False,K09833,1,M00112,267,0.012
K05934,0.27,0.005,487.0,NC_005072.1_1728,487.0,8.6e-94,312.0,1.3e-93,311.4,17.0,302.0,315.0,606.0,K13541,591.4,7.80223831542326e-85,7.80223831542326e-85,352.33,domain,True,True,False,"K02188,K02189,K02190,K02191,K02304,K03394,K03399,K22011,K24866",9,"M00924,M00925",1808,0.084
K05936,1.0,1.0,355.0,NC_005072.1_497,355.0,1.2e-94,313.9,1.3e-94,313.8,31.0,279.0,3.0,250.0,K05936,313.9,1.0,1.0,237.23,domain,False,False,False,"K00595,K02188,K02189,K02190,K02191,K02224,K02228,K02229,K02230,K02302,K02303,K02304,K03394,K03399,K03795,K05895,K05934,K06042,K09882,K09883,K13540,K13541,K13542,K21479,K22011,K24866",26,"M00924,M00925",8908,0.416
K05942,0.0,0.0,446.0,NC_005072.1_1205,446.0,3.9000000000000004e-64,213.7,6.5e-64,213.0,43.0,401.0,5.0,369.0,K01649,655.0,1.4304178252797182e-133,1.4304178252797182e-133,333.0,full,True,True,False,,0,"M00009,M00010",540,0.025
K05979,1.0,1.0,516.0,NC_005072.1_655,516.0,6e-56,187.3,6.6e-56,187.1,70.0,260.0,2.0,206.0,K05979,187.3,1.0,1.0,55.43,full,False,False,False,"K05884,K08097",2,M00358,2925,0.137
K06001,0.006,0.006,966.0,NC_005072.1_170,966.0,1.2999999999999999e-83,278.3,1.8e-83,277.8,563.0,939.0,45.0,411.0,K01696,787.3,5.966672584960609e-154,5.966672584960609e-154,452.17,full,True,True,False,,0,M00023,2005,0.094
K06016,0.264,0.087,573.0,NC_005072.1_1816,573.0,2e-07,26.6,2.5e-07,26.3,264.0,467.0,171.0,383.0,K21613,348.3,1.4391648659494307e-97,1.4391648659494307e-97,475.7,full,True,True,False,"K01431,K01464,K17722,K17723",4,M00046,7540,0.352
K06034,0.002,0.001,,,,1000.0,0.0,,,,,,,,,,0.0,,,,,,K13039,1,M00358,961,0.045
K06041,0.355,0.231,411.0,NC_005072.1_1833,411.0,1.2e-12,44.4,0.00015,17.7,318.0,373.0,147.0,207.0,K06213,534.9,2.2120102079733687e-148,2.2120102079733687e-148,158.77,domain,True,True,False,"K00979,K01627,K03270",3,M00063,12300,0.575
K06042,1.0,1.0,369.0,NC_005072.1_1849,369.0,7.7e-58,193.2,8.400000000000001e-58,193.1,121.0,315.0,5.0,203.0,K06042,193.2,1.0,1.0,84.6,domain,False,False,False,"K00595,K02188,K02189,K02190,K02191,K02224,K02228,K02229,K02230,K02302,K02303,K02304,K03394,K03399,K03795,K05895,K05934,K05936,K09882,K09883,K13540,K13541,K13542,K21479,K22011,K24866",26,"M00924,M00925",8819,0.412
K06044,0.861,0.064,914.0,NC_005072.1_625,914.0,5.6e-07,24.9,9.6e-07,24.1,95.0,167.0,295.0,367.0,K00700,888.0,1.5170878926666574e-260,1.5170878926666574e-260,455.17,full,True,True,False,"K00700,K00703,K00975,K01214,K01236,K16149",6,M00565,6479,0.303
K06134,0.41,0.031,,,,1000.0,0.0,,,,,,,,,,0.0,,,,,,"K00568,K03179,K03181,K03182,K03185,K03186,K18240,K18800",8,M00117,4481,0.209
K06208,1.0,1.0,185.0,NC_005072.1_1340,185.0,2.1e-40,134.9,2.4e-40,134.7,49.0,165.0,10.0,126.0,K06208,134.9,1.0,1.0,81.87,full,False,False,False,K06209,1,"M00024,M00025",2290,0.107
K06209,0.32,0.011,147.0,NC_005072.1_1310,147.0,0.00018,18.1,0.0012,15.5,70.0,138.0,3.0,70.0,K01653,266.0,2.36954016648721e-75,2.36954016648721e-75,123.67,full,True,True,False,K06208,1,"M00024,M00025",2704,0.126
K06210,0.0,0.0,493.0,NC_005072.1_1649,493.0,0.0014,14.0,0.0019,13.6,219.0,349.0,56.0,190.0,K00969,87.3,8.600056764999877e-23,8.600056764999877e-23,104.5,full,True,True,False,,0,"M00115,M00912",17,0.001
K06215,0.113,0.075,364.0,NC_005072.1_1129,364.0,7.4e-10,35.2,2.9e-05,20.0,83.0,140.0,105.0,168.0,K05540,373.2,1.7859177988785967e-102,1.7859177988785967e-102,122.73,full,True,True,False,K08681,1,M00916,7024,0.328
K06445,0.089,0.045,,,,1000.0,0.0,,,,,,,,,,0.0,,,,,,"K00249,K00255,K00632,K01782,K01825,K07508,K07509,K07511,K07513,K07514,K07515,K07516",12,M00087,5438,0.254
K06447,0.056,0.031,490.0,NC_005072.1_335,490.0,2.3999999999999997e-46,155.1,3.2e-46,154.7,58.0,453.0,24.0,416.0,K25072,484.3,7.960226538568674e-100,7.960226538568674e-100,460.6,domain,True,True,False,"K00673,K00840,K01484,K05526",4,M00879,4506,0.211
K06718,0.03,0.011,241.0,NC_005072.1_601,241.0,0.0011,15.3,0.0016,14.8,125.0,159.0,110.0,143.0,K22450,158.7,6.796708150408752e-44,6.796708150408752e-44,90.37,full,True,True,False,"K00836,K06720",2,M00033,2726,0.127
K06720,0.032,0.015,179.0,NC_005072.1_1541,179.0,0.022,11.4,0.029,11.0,100.0,128.0,38.0,65.0,K06995,85.6,4.6086563085163395e-23,4.6086563085163395e-23,93.0,full,True,True,False,"K00836,K06718",2,M00033,3083,0.144
K06859,0.001,0.001,,,,1000.0,0.0,,,,,,,,,,0.0,,,,,,K00918,1,"M00001,M00004",973,0.045
K06863,0.0,0.0,363.0,NC_005072.1_63,363.0,0.012,11.3,73.0,-1.2,194.0,218.0,404.0,428.0,K01961,844.9,1.1518491721340278e-251,1.1518491721340278e-251,223.77,full,True,True,False,,0,M00048,4,0.0
K06914,0.001,0.001,372.0,NC_005072.1_1502,372.0,5.3e-13,45.3,8.5e-13,44.6,105.0,296.0,82.0,303.0,K01945,530.5,8.714566080866981e-147,8.714566080866981e-147,189.67,full,True,True,False,"K07072,K07144,K09733",3,M00935,690,0.032
K06981,0.0,0.0,346.0,NC_005072.1_864,346.0,1e-11,41.2,310.0,-3.1,72.0,95.0,331.0,353.0,K00931,428.5,2.5768116739655082e-117,2.5768116739655082e-117,109.2,full,True,True,False,,0,M00849,50,0.002
K06982,0.0,0.0,350.0,NC_005072.1_636,350.0,0.00025,16.7,0.00043,16.0,104.0,164.0,94.0,156.0,K00872,354.5,2.0514808377317588e-102,2.0514808377317588e-102,130.87,full,True,True,False,K09722,1,M00914,10,0.0
K06989,0.011,0.011,359.0,NC_005072.1_1190,359.0,6.1e-05,19.3,8.3e-05,18.9,49.0,144.0,4.0,106.0,K00003,487.6,1.0657443294522511e-141,1.0657443294522511e-141,80.7,full,True,True,False,,0,M00115,2720,0.127
K06998,0.252,0.25,,,,1000.0,0.0,,,,,,,,,,0.0,,,,,,"K13063,K20260,K20261,K20262,K20940,K21103",6,M00835,12786,0.597
K07072,0.001,0.0,,,,1000.0,0.0,,,,,,,,,,0.0,,,,,,"K06914,K07144,K09733",3,M00935,466,0.022
K07104,0.468,0.454,354.0,NC_005072.1_222,354.0,2.3e-12,43.7,2.9e-12,43.4,54.0,168.0,11.0,118.0,K21265,44.2,0.41277293465358655,0.41277293465358655,88.17,domain,True,True,False,"K00446,K01617,K01666,K01821,K02554,K04073,K10216,K10217,K18364,K18365,K18366",11,M00569,6815,0.318
K07127,0.16,0.092,,,,1000.0,0.0,,,,,,,,,,0.0,,,,,,"K00087,K00106,K00365,K01466,K01477,K11177,K11178,K13479,K13481,K13482,K13483,K13485,K16838,K16839,K16840,K16842,K22879",17,M00546,7766,0.363
K07130,0.249,0.079,,,,1000.0,0.0,,,,,,,,,,0.0,,,,,,"K00452,K00453,K00463,K00486,K00767,K00969,K01432,K01556,K01916,K01950,K03392,K10217,K14263",13,"M00038,M00912",7195,0.336
K07144,0.001,0.001,226.0,NC_005072.1_538,226.0,4.8e-06,23.3,0.0034,13.9,8.0,48.0,25.0,66.0,K00930,439.7,4.478265167748656e-126,4.478265167748656e-126,98.47,full,True,True,False,"K06914,K07072,K09733",3,M00935,645,0.03
K07173,0.269,0.112,,,,1000.0,0.0,,,,,,,,,,0.0,,,,,,"K00789,K01243,K17216,K17217,K17462",5,M00609,8576,0.401
K07250,0.154,0.055,522.0,NC_005072.1_1462,522.0,9.4e-96,318.2,1.1999999999999999e-95,317.9,81.0,488.0,37.0,423.0,K00821,519.8,2.0528294719996113e-61,2.0528294719996113e-61,654.33,domain,True,True,False,"K00135,K00137,K00139,K00252,K00468,K00626,K00823,K01041,K01506,K01580,K01692,K01782,K01825,K09251,K13524,K14268,K15736,K15737,K16871,K17761",20,"M00027,M00956,M00957",5992,0.28
K07260,1.0,1.0,414.0,NC_005072.1_836,414.0,4.4999999999999995e-43,144.8,4.9e-43,144.7,108.0,254.0,61.0,227.0,K07260,144.8,1.0,1.0,68.47,full,False,False,False,"K08641,K15739,K18344,K18345,K18346,K18347,K18351,K18352,K18353,K18354",10,M00651,8889,0.415
K07282,0.151,0.093,,,,1000.0,0.0,,,,,,,,,,0.0,,,,,,"K01932,K22116,K22976,K22977,K22980,K22981",6,M00860,7819,0.365
K07389,0.002,0.002,,,,1000.0,0.0,,,,,,,,,,0.0,,,,,,,0,M00575,998,0.047
K07404,0.687,0.246,,,,1000.0,0.0,,,,,,,,,,0.0,,,,,,"K00033,K00036,K00615,K00616,K01057,K01625,K01690,K01783,K01807,K01808,K01810,K06859,K13810,K13937,K15916,K19243",16,"M00004,M00006,M00008",12694,0.593
K07508,0.002,0.002,,,,1000.0,0.0,,,,,,,,,,0.0,,,,,,,0,M00087,1025,0.048
K07509,0.003,0.003,487.0,NC_005072.1_156,487.0,0.0014,14.1,0.002,13.5,379.0,424.0,14.0,62.0,K05896,48.6,4.115903174383755e-11,4.115903174383755e-11,575.3,full,True,True,False,K07515,1,M00087,1445,0.068
K07511,0.091,0.05,405.0,NC_005072.1_649,405.0,7.2e-41,137.6,8.6e-41,137.4,130.0,391.0,16.0,283.0,K01661,459.9,9.506757095157837e-98,9.506757095157837e-98,451.8,full,True,True,False,"K00232,K00249,K00255,K00632,K01692,K01782,K01825,K06445,K07508,K07513,K07514,K09479,K10527,K13767",14,M00087,5737,0.268
K07513,0.027,0.01,,,,1000.0,0.0,,,,,,,,,,0.0,,,,,,"K00249,K00255,K07508,K07514,K07515,K10527",6,M00087,2540,0.119
K07514,0.043,0.018,727.0,NC_005072.1_649,727.0,8.5e-17,57.3,1.1e-16,56.9,14.0,204.0,30.0,234.0,K01661,459.9,6.387394583548749e-122,6.387394583548749e-122,892.6,full,True,True,False,"K00249,K00255,K06445,K07508,K07511,K07513,K07515,K07516,K10527",9,M00087,3414,0.16
K07515,0.0,0.0,849.0,NC_005072.1_649,849.0,5e-09,31.4,6.3e-09,31.1,100.0,276.0,27.0,205.0,K01661,459.9,1.0201096548729462e-129,1.0201096548729462e-129,858.97,full,True,True,False,,0,M00087,13,0.001
K07516,0.068,0.041,618.0,NC_005072.1_1255,618.0,0.002,13.7,0.0028,13.2,54.0,113.0,4.0,69.0,K04094,654.1,1.6610808704622224e-193,1.6610808704622224e-193,389.13,domain,True,True,False,"K00022,K00249,K00632,K07508,K07509,K07513,K07514,K07515,K09479,K10527,K13767",11,M00087,5152,0.241
K07534,0.002,0.002,259.0,NC_005072.1_649,259.0,3.9e-32,108.2,4.8e-32,107.9,9.0,258.0,24.0,280.0,K01661,459.9,1.3419938481339435e-106,1.3419938481339435e-106,469.37,full,True,True,False,"K04117,K07536",2,M00540,1213,0.057
K07535,0.132,0.13,411.0,NC_005072.1_491,411.0,2.3e-81,270.6,2.5e-81,270.5,138.0,382.0,5.0,248.0,K00059,358.4,3.711644566113792e-27,3.711644566113792e-27,308.1,domain,True,True,False,"K04116,K04117,K07534,K07536",4,M00540,9222,0.431
K07536,0.002,0.001,261.0,NC_005072.1_649,261.0,4.7e-96,318.0,6.099999999999999e-96,317.6,3.0,259.0,18.0,281.0,K01661,459.9,1.922399369159995e-43,1.922399369159995e-43,396.73,full,True,True,False,"K04116,K04117",2,M00540,672,0.031
K07537,0.0,0.0,256.0,NC_005072.1_649,256.0,6.7e-34,113.8,8.5e-34,113.5,10.0,255.0,25.0,280.0,K01661,459.9,6.509063384869261e-105,6.509063384869261e-105,298.27,full,True,True,False,"K04115,K07538,K07539,K19515,K19516",5,M00541,50,0.002
K07538,0.0,0.0,358.0,NC_005072.1_1393,358.0,2.5999999999999996e-24,82.7,2.0000000000000002e-23,79.8,14.0,354.0,9.0,341.0,K00121,247.2,3.023781922719117e-50,3.023781922719117e-50,502.27,full,True,True,False,"K04115,K07537,K07539,K19515,K19516",5,M00541,32,0.001
K07539,0.0,0.0,379.0,NC_005072.1_649,379.0,1.3e-18,63.9,1.9e-18,63.3,54.0,225.0,31.0,205.0,K01661,459.9,6.196147063759266e-120,6.196147063759266e-120,611.23,full,True,True,False,"K04115,K07537,K07538,K19515,K19516",5,M00541,32,0.001
K07540,0.0,0.0,,,,1000.0,0.0,,,,,,,,,,0.0,,,,,,K07547,1,M00418,8,0.0
K07543,0.0,0.0,,,,1000.0,0.0,,,,,,,,,,0.0,,,,,,"K07540,K07544,K07547,K07549",4,M00418,284,0.013
K07544,0.004,0.002,,,,1000.0,0.0,,,,,,,,,,0.0,,,,,,"K07540,K07543,K07545,K07546,K07547,K07549,K07550",7,M00418,1015,0.047
K07545,0.0,0.0,,,,1000.0,0.0,,,,,,,,,,0.0,,,,,,"K07540,K07547",2,M00418,227,0.011
K07546,0.009,0.006,262.0,NC_005072.1_649,262.0,7.4e-47,156.7,9.5e-47,156.4,8.0,260.0,27.0,279.0,K01661,459.9,5.342017601860522e-92,5.342017601860522e-92,288.47,domain,True,True,False,"K07540,K07543,K07544,K07545,K07547,K07549,K07550",7,M00418,2036,0.095
K07547,0.0,0.0,250.0,NC_005072.1_491,250.0,1.6000000000000001e-28,96.7,1.9000000000000003e-28,96.4,6.0,243.0,8.0,248.0,K00059,358.4,1.661307917079668e-79,1.661307917079668e-79,470.23,full,True,True,False,K07540,1,M00418,5,0.0
K07548,0.0,0.0,251.0,NC_005072.1_491,251.0,4.1000000000000004e-67,223.2,5e-67,222.9,4.0,250.0,7.0,246.0,K00059,358.4,1.9986860727729762e-41,1.9986860727729762e-41,428.73,full,True,True,False,"K07540,K07547",2,M00418,84,0.004
K07549,0.0,0.0,,,,1000.0,0.0,,,,,,,,,,0.0,,,,,,"K07540,K07547",2,M00418,225,0.011
K07550,0.018,0.017,389.0,NC_005072.1_141,389.0,0.016,11.1,0.031,10.1,16.0,116.0,51.0,151.0,K00648,403.4,8.052536481142138e-119,8.052536481142138e-119,471.0,full,True,True,False,"K07540,K07543,K07544,K07545,K07546,K07547,K07548,K07549",8,M00418,3300,0.154
K07637,0.08,0.058,485.0,NC_005072.1_1216,485.0,2.3000000000000003e-28,96.1,2.9e-28,95.7,248.0,465.0,141.0,366.0,K08479,445.3,7.59146360260895e-106,7.59146360260895e-106,232.6,full,True,True,False,"K07660,K08477",2,M00744,6139,0.287
K07644,0.298,0.102,538.0,NC_005072.1_1503,538.0,6.6e-64,213.5,9.3e-52,173.4,260.0,512.0,394.0,672.0,K07769,995.4,4.2135329098528555e-236,4.2135329098528555e-236,389.23,full,True,True,False,"K07665,K18072,K18073,K18093,K18297",5,M00745,8172,0.382
K07660,0.082,0.06,231.0,NC_005072.1_139,231.0,1.1e-61,204.8,1.3999999999999999e-61,204.4,7.0,227.0,9.0,237.0,K11329,391.0,8.87594918796067e-57,8.87594918796067e-57,290.23,full,True,True,False,"K07637,K08477",2,M00744,6289,0.294
K07665,0.31,0.126,237.0,NC_005072.1_1822,237.0,5.999999999999999e-70,232.2,7.6e-70,231.8,4.0,226.0,3.0,238.0,K07670,283.7,2.954362882417199e-16,2.954362882417199e-16,328.23,full,True,True,False,"K07644,K18072,K18073,K18093,K18297",5,M00745,9068,0.424
K07690,0.005,0.005,208.0,NC_005072.1_175,208.0,1.5999999999999999e-31,106.1,6.799999999999999e-31,104.1,2.0,207.0,15.0,240.0,K02479,170.5,4.1083579856230565e-20,4.1083579856230565e-20,237.9,full,True,True,False,K18899,1,M00697,1837,0.086
K07806,0.153,0.004,379.0,NC_005072.1_288,379.0,1e-69,231.9,1.3999999999999998e-68,228.2,11.0,378.0,14.0,391.0,K13017,452.3,4.497684168959344e-67,4.497684168959344e-67,480.0,full,True,True,False,"K10011,K10012,K13014",3,M00761,1668,0.078
K08068,0.0,0.0,,,,1000.0,0.0,,,,,,,,,,0.0,,,,,,,0,M00922,423,0.02
K08074,0.0,0.0,,,,1000.0,0.0,,,,,,,,,,0.0,,,,,,,0,M00001,1,0.0
K08093,0.011,0.006,300.0,NC_005072.1_1490,300.0,6e-11,39.1,4.5e-08,29.7,10.0,102.0,9.0,101.0,K01591,213.4,3.392124282294981e-53,3.392124282294981e-53,171.93,domain,True,True,False,K08094,1,"M00345,M00580",1936,0.09
K08094,0.013,0.01,186.0,NC_005072.1_1376,186.0,8.9e-09,32.0,7.3e-08,29.0,81.0,134.0,121.0,174.0,K03271,176.5,3.1707764690891974e-44,3.1707764690891974e-44,100.6,full,True,True,False,K08093,1,"M00345,M00580",2518,0.118
K08097,0.001,0.001,,,,1000.0,0.0,,,,,,,,,,0.0,,,,,,,0,M00358,949,0.044
K08167,0.046,0.046,948.0,NC_005072.1_1899,948.0,4.1e-10,34.9,4.1e-10,34.9,286.0,443.0,223.0,381.0,K08151,283.2,1.7957756426782548e-75,1.7957756426782548e-75,425.4,full,True,True,False,,0,M00714,5484,0.256
K08168,0.005,0.005,472.0,NC_005072.1_1899,472.0,1.4000000000000002e-23,80.1,2.3e-16,56.3,267.0,418.0,231.0,384.0,K08151,283.2,7.257848201352605e-62,7.257848201352605e-62,266.43,full,True,True,False,,0,M00704,1843,0.086
K08170,0.001,0.001,466.0,NC_005072.1_1899,466.0,1.7e-09,33.8,2e-06,23.6,221.0,442.0,170.0,401.0,K08151,283.2,8.377589600085014e-76,8.377589600085014e-76,379.73,full,True,True,False,,0,M00702,841,0.039
K08264,0.013,0.006,529.0,NC_005072.1_165,529.0,6.8e-08,28.1,7.6e-08,28.0,133.0,199.0,57.0,120.0,K05580,321.9,3.60900325639324e-89,3.60900325639324e-89,333.27,full,True,True,False,"K00125,K00197,K00579,K00584,K03390,K04480,K08265,K11261,K13942,K14081,K14126,K14127,K14128,K16176,K16177,K16178,K22481,K22482",18,"M00356,M00357,M00563,M00567,M00617",1930,0.09
K08265,0.0,0.0,,,,1000.0,0.0,,,,,,,,,,0.0,,,,,,"K14081,K22481",2,"M00356,M00357,M00563,M00567,M00617",381,0.018
K08289,1.0,1.0,620.0,NC_005072.1_1124,620.0,1.6e-169,562.5,1.9e-169,562.3,159.0,543.0,8.0,389.0,K08289,562.5,1.0,1.0,264.93,full,False,False,False,"K00602,K00764,K01492,K01588,K01589,K01756,K01923,K01933,K01945,K01952,K11175,K11787,K11808",13,M00048,8196,0.383
K08310,0.221,0.027,217.0,NC_005072.1_290,217.0,3.5e-08,29.9,4.4e-08,29.5,43.0,105.0,43.0,107.0,K01515,159.1,1.2791295028683648e-39,1.2791295028683648e-39,87.13,domain,True,True,False,"K01633,K09007",2,M00126,4205,0.196
K08323,0.062,0.016,,,,1000.0,0.0,,,,,,,,,,0.0,,,,,,"K00040,K00874,K01686,K01812,K17463",5,M00061,3189,0.149
K08477,0.0,0.0,,,,1000.0,0.0,,,,,,,,,,0.0,,,,,,,0,M00744,168,0.008
K08641,1.0,1.0,396.0,NC_005072.1_832,396.0,3.9e-44,147.9,4.5e-44,147.7,93.0,260.0,29.0,226.0,K08641,147.9,1.0,1.0,65.5,full,False,False,False,"K07260,K15739,K18344,K18345,K18346,K18347,K18351,K18352,K18353,K18354",10,M00651,7401,0.346
K08645,0.0,0.0,,,,1000.0,0.0,,,,,,,,,,0.0,,,,,,K11029,1,M00859,22,0.001
K08680,0.803,0.03,307.0,NC_005072.1_1831,307.0,5.1e-22,75.0,3e-14,49.5,32.0,128.0,25.0,138.0,K22369,86.1,0.00026680285596002775,0.00026680285596002775,239.13,domain,True,True,False,"K01661,K01911,K02548,K02549,K02551,K02552,K12073,K14759,K17872,K23094,K23095",11,"M00116,M00932",4404,0.206
K08681,0.108,0.067,324.0,NC_005072.1_1199,324.0,2.3e-12,43.5,0.16,7.9,218.0,237.0,172.0,191.0,K02501,251.7,2.1161911934196566e-63,2.1161911934196566e-63,93.6,full,True,True,False,K06215,1,M00916,6636,0.31
K08689,0.0,0.0,461.0,NC_005072.1_886,461.0,5.2e-05,19.0,6.6e-05,18.6,75.0,132.0,68.0,124.0,K22895,102.2,7.272564696739924e-26,7.272564696739924e-26,880.67,full,True,True,False,"K15750,K18088",2,M00543,34,0.002
K08690,0.0,0.0,273.0,NC_005072.1_491,273.0,3.5000000000000004e-32,108.4,1.9e-31,106.1,3.0,258.0,6.0,249.0,K00059,358.4,5.527147875260696e-76,5.527147875260696e-76,413.67,full,True,True,False,"K08689,K15750,K18087,K18088",4,M00543,233,0.011
K08691,0.008,0.004,,,,1000.0,0.0,,,,,,,,,,0.0,,,,,,"K01965,K08692,K08928,K08929,K09709,K14067,K14446,K14447,K14448,K14449,K14451,K14470,K14471,K14472",14,"M00346,M00373,M00376,M00613",1671,0.078
K08692,0.001,0.0,,,,1000.0,0.0,,,,,,,,,,0.0,,,,,,"K08691,K14067",2,M00346,538,0.025
K08693,0.107,0.053,,,,1000.0,0.0,,,,,,,,,,0.0,,,,,,"K00087,K00106,K01488,K01490,K02566,K03783,K03784,K11177,K11178,K11751,K13479,K13483,K19572",13,"M00958,M00959",5878,0.275
K08721,0.001,0.0,474.0,NC_005072.1_102,474.0,6.3e-06,21.9,4e-05,19.3,65.0,456.0,52.0,449.0,K03287,248.3,7.027631513998896e-69,7.027631513998896e-69,651.83,full,True,True,False,K18295,1,M00639,450,0.021
K08928,0.0,0.0,274.0,NC_005072.1_228,274.0,1.8e-13,47.2,3.8e-13,46.1,30.0,223.0,29.0,247.0,K02703,806.8,2.1757815695228054e-229,2.1757815695228054e-229,328.3,domain,True,True,False,"K08929,K14468,K14469",3,"M00597,M00612,M00613",468,0.022
K08929,0.0,0.0,324.0,NC_005072.1_228,324.0,2.1e-11,40.3,3.6e-11,39.5,51.0,225.0,29.0,222.0,K02703,806.8,1.821831989445342e-231,1.821831989445342e-231,430.37,full,True,True,False,"K08928,K14468,K14469",3,"M00597,M00612,M00613",455,0.021
K08940,0.0,0.0,731.0,NC_005072.1_1726,731.0,7.6e-06,20.9,25.0,-0.6,138.0,166.0,130.0,158.0,K02690,1418.8,0.0,0.0,1014.3,full,True,True,False,"K08941,K08943",2,"M00598,M00614",2,0.0
K08941,0.0,0.0,230.0,NC_005072.1_165,230.0,0.03,11.1,0.078,9.7,126.0,200.0,53.0,123.0,K05580,321.9,2.753450970758994e-94,2.753450970758994e-94,194.87,full,True,True,False,"K08940,K08943",2,"M00598,M00614",1,0.0
K08942,0.407,0.026,,,,1000.0,0.0,,,,,,,,,,0.0,,,,,,"K00031,K00241,K00242,K01007,K01595,K01676,K01682,K01902,K01903,K01959,K01960,K08940,K08941,K08943",14,"M00598,M00614",4143,0.194
K08943,0.0,0.0,,,,1000.0,0.0,,,,,,,,,,0.0,,,,,,"K08940,K08941",2,"M00598,M00614",1,0.0
K08963,0.331,0.084,,,,1000.0,0.0,,,,,,,,,,0.0,,,,,,"K00772,K00789,K00797,K00832,K00899,K01243,K01611,K05810,K08964,K08965,K08966,K08967,K08969,K09880,K16054,K23977",16,M00034,7393,0.345
K08964,0.121,0.02,,,,1000.0,0.0,,,,,,,,,,0.0,,,,,,"K00832,K00899,K01611,K08963,K08965,K08966,K08967,K08969,K09880,K23977",10,M00034,3647,0.17
K08965,0.003,0.001,403.0,NC_005072.1_589,403.0,2.6e-45,151.4,3.7e-45,150.8,8.0,400.0,32.0,455.0,K01601,801.5,1.9971000329919595e-196,1.9971000329919595e-196,414.33,full,True,True,False,K08966,1,M00034,960,0.045
K08966,0.016,0.006,236.0,NC_005072.1_1363,236.0,0.0021,14.5,0.0028,14.0,111.0,194.0,66.0,147.0,K00978,442.4,1.5461971035481486e-129,1.5461971035481486e-129,138.03,full,True,True,False,"K00899,K08964,K08965,K08967,K08969,K23977",6,M00034,1938,0.091
K08967,0.192,0.029,,,,1000.0,0.0,,,,,,,,,,0.0,,,,,,"K00797,K00832,K00899,K01611,K05810,K08963,K08964,K08965,K08966,K08969,K09880,K16054,K23977",13,M00034,4382,0.205
K08969,0.025,0.02,391.0,NC_005072.1_722,391.0,1.6000000000000001e-74,248.1,2e-74,247.8,3.0,386.0,3.0,386.0,K00812,493.6,1.2506507978295539e-74,1.2506507978295539e-74,539.73,full,True,True,False,"K00899,K01244,K08964,K08965,K08966",5,M00034,3592,0.168
K08973,1.0,1.0,220.0,NC_005072.1_982,220.0,1.1e-58,195.1,1.3e-58,194.9,33.0,192.0,16.0,196.0,K08973,195.1,1.0,1.0,45.9,full,False,False,False,"K00228,K01599,K01698,K01719,K01749,K01772,K01845,K01885,K02492,K02495,K13543",11,M00121,8712,0.407
K09007,0.366,0.035,,,,1000.0,0.0,,,,,,,,,,0.0,,,,,,"K00950,K01113,K01633,K08310",4,M00126,4771,0.223
K09011,0.002,0.002,493.0,NC_005072.1_1205,493.0,3e-134,445.2,4.1e-134,444.7,3.0,490.0,8.0,518.0,K01649,655.0,6.980827551563204e-64,6.980827551563204e-64,618.3,full,True,True,False,,0,M00535,1076,0.05
K09018,0.016,0.007,,,,1000.0,0.0,,,,,,,,,,0.0,,,,,,"K09019,K09021,K09023,K09024",4,M00939,2147,0.1
K09019,0.042,0.022,,,,1000.0,0.0,,,,,,,,,,0.0,,,,,,"K09018,K09020,K09021,K09023,K09024",5,M00939,3756,0.176
K09020,0.175,0.141,315.0,NC_005072.1_678,315.0,1.8e-15,53.9,2.7,4.1,51.0,95.0,11.0,45.0,K23359,62.3,0.0029505120111480232,0.0029505120111480232,224.53,full,True,True,False,"K09018,K09019,K09021,K09023,K09024,K16066",6,M00939,9520,0.445
K09021,0.015,0.006,128.0,NC_005072.1_597,128.0,7.800000000000001e-28,93.9,9.1e-28,93.7,3.0,126.0,4.0,129.0,K09022,188.6,3.107845428381042e-29,3.107845428381042e-29,150.43,full,True,True,False,"K09018,K09019,K09023,K09024",4,M00939,2018,0.094
K09023,0.015,0.005,259.0,NC_005072.1_1802,259.0,1.3e-15,54.4,1.2e-12,44.8,12.0,112.0,36.0,136.0,K05714,124.6,7.373839408886572e-22,7.373839408886572e-22,205.13,full,True,True,False,"K09018,K09019,K09021,K09024",4,M00939,1871,0.087
K09024,0.046,0.027,224.0,NC_005072.1_984,224.0,7.4e-24,81.0,9.7e-24,80.6,59.0,179.0,38.0,159.0,K21185,93.0,0.00024327897831453936,0.00024327897831453936,224.3,full,True,True,False,"K09018,K09019,K09020,K09021,K09023",5,M00939,4202,0.196
K09065,0.004,0.003,343.0,NC_005072.1_1423,343.0,2.1999999999999998e-75,250.6,2.7e-75,250.3,5.0,341.0,7.0,307.0,K00611,422.3,2.0565995881346535e-52,2.0565995881346535e-52,400.4,full,True,True,False,K22478,1,M00845,1483,0.069
K09128,0.001,0.0,,,,1000.0,0.0,,,,,,,,,,0.0,,,,,,K25517,1,M00849,465,0.022
K09251,0.159,0.015,461.0,NC_005072.1_1462,461.0,4e-98,325.8,4.7e-98,325.6,58.0,432.0,45.0,422.0,K00821,519.8,3.982729777831162e-59,3.982729777831162e-59,498.63,domain,True,True,False,"K00137,K01582,K07250,K15736,K15737",5,M00956,3153,0.147
K09458,1.0,1.0,596.0,NC_005072.1_1812,596.0,1.4e-177,588.8,1.6e-177,588.7,92.0,493.0,5.0,412.0,K09458,588.8,1.0,1.0,488.93,domain,False,False,False,"K00059,K00208,K00209,K00647,K00665,K00667,K00668,K01716,K02169,K02170,K02371,K02372,K09789,K10780,K11533,K16363,K19560,K19561",18,"M00083,M00572",19541,0.913
K09470,0.107,0.069,458.0,NC_005072.1_1022,458.0,4.4e-61,203.5,6.1e-61,203.0,90.0,446.0,62.0,461.0,K20712,642.9,5.338508090673046e-133,5.338508090673046e-133,558.37,full,True,True,False,"K09471,K09472,K09473",3,M00136,6728,0.314
K09471,0.226,0.209,538.0,NC_005072.1_48,538.0,1.1e-16,57.2,3.5e-16,55.5,101.0,458.0,9.0,350.0,K03153,291.5,2.942198812964046e-71,2.942198812964046e-71,381.03,full,True,True,False,"K09470,K09472,K09473",3,M00136,11705,0.547
K09472,0.023,0.009,496.0,NC_005072.1_335,496.0,1e-53,179.3,1.5999999999999998e-53,178.7,82.0,493.0,30.0,436.0,K25072,484.3,1.5340917079054522e-92,1.5340917079054522e-92,659.53,domain,True,True,False,"K09470,K09473",2,M00136,2391,0.112
K09473,0.001,0.001,254.0,NC_005072.1_1893,254.0,2.2e-11,40.5,240.0,-2.2,51.0,73.0,335.0,357.0,K01937,857.2,1.408648188887642e-246,1.408648188887642e-246,299.77,full,True,True,False,,0,M00136,938,0.044
K09476,0.009,0.008,,,,1000.0,0.0,,,,,,,,,,0.0,,,,,,K13632,1,M00746,2349,0.11
K09479,0.0,0.0,,,,1000.0,0.0,,,,,,,,,,0.0,,,,,,,0,M00087,17,0.001
K09680,0.002,0.002,,,,1000.0,0.0,,,,,,,,,,0.0,,,,,,K02318,1,M00120,1056,0.049
K09699,0.257,0.088,447.0,NC_005072.1_442,447.0,2.9000000000000003e-86,286.7,3.2e-86,286.5,49.0,430.0,4.0,452.0,K00627,431.9,1.9518418679423787e-44,1.9518418679423787e-44,418.17,domain,True,True,False,"K00166,K00167,K00249,K00253,K00382,K00826,K01640,K01968,K01969,K05607,K11381,K13766",12,M00036,7584,0.354
K09709,0.013,0.008,,,,1000.0,0.0,,,,,,,,,,0.0,,,,,,"K01847,K01849,K08691,K08928,K08929,K14449,K14468,K14469,K14470,K14471,K14472,K15052",12,"M00376,M00613",2268,0.106
K09722,0.0,0.0,,,,1000.0,0.0,,,,,,,,,,0.0,,,,,,K06982,1,M00914,5,0.0
K09733,0.001,0.001,,,,1000.0,0.0,,,,,,,,,,0.0,,,,,,"K06914,K07072,K07144",3,M00935,682,0.032
K09735,0.0,0.0,,,,1000.0,0.0,,,,,,,,,,0.0,,,,,,,0,M00914,0,0.0
K09778,0.012,0.007,,,,1000.0,0.0,,,,,,,,,,0.0,,,,,,K09949,1,M00866,2146,0.1
K09789,0.001,0.001,,,,1000.0,0.0,,,,,,,,,,0.0,,,,,,,0,M00572,873,0.041
K09833,0.0,0.0,473.0,NC_005072.1_465,473.0,1.8e-18,63.4,2.5e-18,63.0,177.0,417.0,56.0,296.0,K04040,522.6,5.84825082959595e-139,5.84825082959595e-139,301.5,full,True,True,False,K05928,1,M00112,96,0.004
K09834,0.001,0.001,,,,1000.0,0.0,,,,,,,,,,0.0,,,,,,"K05928,K09833",2,M00112,959,0.045
K09835,1.0,1.0,554.0,NC_005072.1_1254,554.0,1.4e-257,852.3,1.8e-257,851.9,31.0,532.0,20.0,527.0,K09835,852.3,1.0,1.0,539.9,full,False,False,False,"K00514,K02293,K15744",3,M00097,475,0.022
K09880,0.15,0.013,,,,1000.0,0.0,,,,,,,,,,0.0,,,,,,"K00832,K00899,K01611,K08963,K08964,K08967,K23977",7,M00034,2889,0.135
K09882,0.584,0.07,411.0,NC_005072.1_1227,411.0,6.3e-12,42.2,0.16,7.9,113.0,146.0,194.0,229.0,K03696,1345.3,0.0,0.0,181.6,domain,True,True,False,"K00595,K02224,K02228,K02229,K02230,K02303,K03394,K05895,K05934,K05936,K06042,K09883,K13540,K13541,K13542",15,M00925,6775,0.317
K09883,0.57,0.025,676.0,NC_005072.1_292,676.0,0.00011,17.9,0.0096,11.4,404.0,441.0,511.0,548.0,K03404,758.2,1.4044109597451457e-223,1.4044109597451457e-223,145.63,full,True,True,False,"K00595,K02224,K02228,K02229,K02230,K02303,K05895,K05936,K06042,K09882,K13540,K13541",12,M00925,4017,0.188
K09903,1.0,1.0,395.0,NC_005072.1_561,395.0,3.3e-125,415.2,3.6e-125,415.0,105.0,337.0,2.0,233.0,K09903,415.2,1.0,1.0,91.7,full,False,False,False,"K00940,K01937,K13800,K13809,K18533",5,M00052,21310,0.996
K09913,0.174,0.047,,,,1000.0,0.0,,,,,,,,,,0.0,,,,,,"K00087,K00106,K01081,K01487,K01488,K03787,K05810,K11177,K11178,K11751,K13480,K13481,K13482,K13483,K20881",15,"M00958,M00959",5549,0.259
K09949,0.179,0.012,420.0,NC_005072.1_731,420.0,0.012,10.9,0.016,10.6,6.0,43.0,15.0,50.0,K01589,365.1,2.3723323758152748e-107,2.3723323758152748e-107,127.1,full,True,True,False,"K02517,K02535,K09778",3,"M00060,M00866",2763,0.129
K09953,0.008,0.007,,,,1000.0,0.0,,,,,,,,,,0.0,,,,,,"K12977,K23082,K23083,K23159",4,M00867,2186,0.102
K10011,0.177,0.012,662.0,NC_005072.1_929,662.0,3.1e-41,138.1,3.6e-41,137.8,2.0,296.0,2.0,318.0,K00604,293.9,1.2575540943983112e-47,1.2575540943983112e-47,642.6,full,True,True,False,"K07806,K10012,K13014",3,M00761,2789,0.13
K10012,1.0,1.0,316.0,NC_005072.1_1725,316.0,8.8e-85,281.4,9.8e-85,281.3,4.0,310.0,4.0,316.0,K10012,281.4,1.0,1.0,336.0,full,False,True,False,"K00012,K07806,K10011,K13014",4,M00761,5335,0.249
K10027,0.579,0.047,762.0,NC_005072.1_1254,762.0,3.3e-61,204.4,4.6e-61,203.9,78.0,571.0,15.0,521.0,K09835,852.3,9.176262090648757e-196,9.176262090648757e-196,517.13,domain,True,True,False,"K02291,K09835,K15744,K15745,K17841",5,M00097,5541,0.259
K10105,0.0,0.0,411.0,NC_005072.1_578,411.0,0.0019,14.2,0.0029,13.6,87.0,123.0,54.0,90.0,K23734,137.0,1.0802307399266768e-37,1.0802307399266768e-37,323.6,full,True,True,False,,0,M00883,50,0.002
K10150,0.0,0.0,398.0,NC_005072.1_128,398.0,5.099999999999999e-55,183.6,6.6e-55,183.2,108.0,386.0,14.0,305.0,K01697,391.7,2.2572222249070235e-63,2.2572222249070235e-63,436.8,full,True,True,False,,0,"M00035,M00338",0,0.0
K10206,1.0,1.0,681.0,NC_005072.1_1704,681.0,3.6000000000000004e-168,558.1,4e-168,558.0,243.0,641.0,1.0,405.0,K10206,558.1,1.0,1.0,374.87,full,False,False,False,,0,M00527,2142,0.1
K10216,0.013,0.008,278.0,NC_005072.1_1802,278.0,9.2e-31,104.3,1.5000000000000001e-30,103.6,28.0,271.0,38.0,298.0,K05714,124.6,7.746231264106108e-07,7.746231264106108e-07,267.43,full,True,True,False,"K01617,K01666,K04073,K18364,K18365,K18366",6,M00569,2241,0.105
K10217,0.013,0.005,484.0,NC_005072.1_335,484.0,1.6e-50,168.9,2.1e-50,168.5,65.0,483.0,27.0,437.0,K25072,484.3,1.1353751055754423e-95,1.1353751055754423e-95,684.27,domain,True,True,False,"K00446,K00452,K00486,K01617,K03392,K04073,K18364,K18365,K18366",9,"M00038,M00569",1837,0.086
K10222,0.001,0.001,282.0,NC_005072.1_1309,282.0,3.3e-13,46.3,1.4e-12,44.3,6.0,280.0,35.0,335.0,K13701,59.4,0.00011387983489414187,0.00011387983489414187,472.6,full,True,True,False,"K08689,K08690,K18087,K18088",4,M00543,712,0.033
K10527,0.0,0.0,979.0,NC_005072.1_649,979.0,3.6e-19,65.1,4.6e-19,64.7,48.0,247.0,24.0,232.0,K01661,459.9,1.4235007878919502e-119,1.4235007878919502e-119,706.57,full,True,True,False,,0,M00087,62,0.003
K10534,0.0,0.0,1007.0,NC_005072.1_1214,1007.0,2.3e-11,39.0,2.5e-11,38.8,723.0,907.0,162.0,343.0,K02641,505.4,3.9774984796891986e-141,3.9774984796891986e-141,557.73,domain,True,True,False,,0,"M00531,M00615",32,0.001
K10535,0.004,0.004,,,,1000.0,0.0,,,,,,,,,,0.0,,,,,,"K10945,K10946",2,"M00528,M00804",1697,0.079
K10616,0.0,0.0,,,,1000.0,0.0,,,,,,,,,,0.0,,,,,,K10617,1,M00419,31,0.001
K10617,0.0,0.0,252.0,NC_005072.1_491,252.0,9e-33,111.0,1.4e-32,110.4,3.0,248.0,7.0,247.0,K00059,358.4,3.3510358400340177e-75,3.3510358400340177e-75,533.0,full,True,True,False,K10616,1,M00419,14,0.001
K10618,0.0,0.0,489.0,NC_005072.1_335,489.0,9.5e-51,169.5,1.3e-50,169.0,71.0,485.0,30.0,436.0,K25072,484.3,1.7209068567242116e-95,1.7209068567242116e-95,814.67,domain,True,True,False,"K10616,K10617",2,M00419,470,0.022
K10619,0.001,0.001,426.0,NC_005072.1_886,426.0,2.4e-12,42.9,3.5e-12,42.4,45.0,216.0,51.0,224.0,K22895,102.2,1.1384251715137817e-18,1.1384251715137817e-18,502.87,full,True,True,False,"K10620,K10622,K10623,K16303,K16304,K18227",6,M00539,722,0.034
K10620,0.0,0.0,253.0,NC_005072.1_491,253.0,1.0999999999999999e-47,159.7,1.2999999999999998e-47,159.4,3.0,251.0,5.0,248.0,K00059,358.4,1.5322860986998122e-60,1.5322860986998122e-60,287.63,domain,True,True,False,"K10623,K16304,K18227",3,M00539,150,0.007
K10621,0.011,0.011,293.0,NC_005072.1_222,293.0,1e-09,34.8,1.3e-09,34.6,6.0,121.0,9.0,120.0,K21265,44.2,0.0008640606980760532,0.0008640606980760532,204.2,full,True,True,False,"K10619,K10620,K10622,K10623,K16303,K16304,K18227",7,M00539,2553,0.119
K10622,0.0,0.0,,,,1000.0,0.0,,,,,,,,,,0.0,,,,,,"K10623,K16304,K18227",3,M00539,236,0.011
K10623,0.0,0.0,288.0,NC_005072.1_1802,288.0,1.3e-13,47.6,1.7e-13,47.2,32.0,283.0,35.0,299.0,K05714,124.6,6.617435311719015e-24,6.617435311719015e-24,512.23,full,True,True,False,K18227,1,M00539,32,0.001
K10780,0.009,0.009,274.0,NC_005072.1_491,274.0,2.3e-63,210.8,2.5e-63,210.7,5.0,249.0,7.0,249.0,K00059,358.4,3.698048818061105e-45,3.698048818061105e-45,260.43,domain,True,True,False,,0,M00083,2447,0.114
K10807,0.229,0.038,,,,1000.0,0.0,,,,,,,,,,0.0,,,,,,"K00526,K00940,K01520,K10808,K18533",5,"M00053,M00938",4963,0.232
K10808,0.001,0.001,,,,1000.0,0.0,,,,,,,,,,0.0,,,,,,,0,"M00053,M00938",796,0.037
K10810,0.024,0.014,240.0,NC_005072.1_1434,240.0,5e-38,127.7,7.700000000000001e-38,127.0,7.0,205.0,150.0,348.0,K00788,226.9,1.3734866108049116e-30,1.3734866108049116e-30,204.03,domain,True,True,False,K03148,1,M00895,3038,0.142
K10817,0.0,0.0,3549.0,NC_005072.1_1812,3549.0,3.6000000000000003e-28,93.4,3.9000000000000004e-28,93.2,676.0,935.0,113.0,378.0,K09458,588.8,7.408668249266613e-150,7.408668249266613e-150,4623.27,domain,True,True,False,"K14366,K14367,K15997,K24563",4,M00774,90,0.004
K10919,0.0,0.0,,,,1000.0,0.0,,,,,,,,,,0.0,,,,,,"K10935,K10963,K10964,K10966",4,M00852,4,0.0
K10920,0.0,0.0,,,,1000.0,0.0,,,,,,,,,,0.0,,,,,,"K10919,K10935,K10963,K10964,K10966",5,M00852,24,0.001
K10928,0.0,0.0,,,,1000.0,0.0,,,,,,,,,,0.0,,,,,,K10929,1,"M00576,M00850",84,0.004
K10929,0.0,0.0,,,,1000.0,0.0,,,,,,,,,,0.0,,,,,,,0,"M00576,M00850",4,0.0
K10930,0.0,0.0,,,,1000.0,0.0,,,,,,,,,,0.0,,,,,,"K10919,K10931,K10932,K10933,K10935,K10963,K10964,K10965,K10966",9,M00852,95,0.004
K10931,0.0,0.0,,,,1000.0,0.0,,,,,,,,,,0.0,,,,,,"K10919,K10930,K10932,K10933,K10935,K10963,K10964,K10965,K10966",9,M00852,75,0.004
K10932,0.0,0.0,,,,1000.0,0.0,,,,,,,,,,0.0,,,,,,"K10919,K10930,K10931,K10933,K10935,K10963,K10964,K10965,K10966",9,M00852,78,0.004
K10933,0.0,0.0,,,,1000.0,0.0,,,,,,,,,,0.0,,,,,,"K10919,K10930,K10931,K10932,K10935,K10963,K10964,K10965,K10966",9,M00852,83,0.004
K10934,0.001,0.001,,,,1000.0,0.0,,,,,,,,,,0.0,,,,,,"K10919,K10920,K10930,K10931,K10932,K10933,K10935,K10962,K10963,K10964,K10965,K10966",12,M00852,825,0.039
K10935,0.0,0.0,,,,1000.0,0.0,,,,,,,,,,0.0,,,,,,"K10919,K10963,K10964,K10966",4,M00852,4,0.0
K10944,0.0,0.0,,,,1000.0,0.0,,,,,,,,,,0.0,,,,,,"K10945,K10946,K16157,K16158,K16159,K16160,K16162",7,M00174,146,0.007
K10945,0.0,0.0,,,,1000.0,0.0,,,,,,,,,,0.0,,,,,,"K10944,K10946,K16157,K16158,K16159,K16160,K16162",7,"M00174,M00528,M00804",148,0.007
K10946,0.0,0.0,,,,1000.0,0.0,,,,,,,,,,0.0,,,,,,"K10944,K10945,K16157,K16158,K16159,K16160,K16162",7,"M00174,M00528,M00804",154,0.007
K10948,0.0,0.0,,,,1000.0,0.0,,,,,,,,,,0.0,,,,,,K10929,1,M00850,264,0.012
K10952,0.0,0.0,,,,1000.0,0.0,,,,,,,,,,0.0,,,,,,K10929,1,M00850,128,0.006
K10953,0.0,0.0,,,,1000.0,0.0,,,,,,,,,,0.0,,,,,,K10929,1,M00850,326,0.015
K10954,0.005,0.005,408.0,NC_005072.1_1241,408.0,0.0016,14.6,0.0025,14.0,54.0,124.0,142.0,239.0,K03581,258.2,4.667593821067443e-74,4.667593821067443e-74,68.33,full,True,True,False,"K10929,K10948,K10952,K11018",4,M00850,1716,0.08
K10961,0.0,0.0,,,,1000.0,0.0,,,,,,,,,,0.0,,,,,,"K10919,K10920,K10935,K10963,K10964,K10966",6,M00852,77,0.004
K10962,0.0,0.0,,,,1000.0,0.0,,,,,,,,,,0.0,,,,,,"K10919,K10930,K10931,K10932,K10933,K10934,K10935,K10963,K10964,K10965,K10966",11,M00852,386,0.018
K10963,0.0,0.0,,,,1000.0,0.0,,,,,,,,,,0.0,,,,,,"K10919,K10935,K10964,K10966",4,M00852,4,0.0
K10964,0.0,0.0,,,,1000.0,0.0,,,,,,,,,,0.0,,,,,,"K10919,K10935,K10963,K10966",4,M00852,8,0.0
K10965,0.001,0.001,530.0,NC_005072.1_130,530.0,0.011,11.0,0.018,10.4,256.0,278.0,40.0,62.0,K06924,21.2,0.0008256730269428008,0.0008256730269428008,395.67,full,True,True,False,"K10919,K10930,K10931,K10932,K10933,K10935,K10963,K10964,K10966",9,M00852,138,0.006
K10966,0.0,0.0,,,,1000.0,0.0,,,,,,,,,,0.0,,,,,,"K10919,K10935,K10963,K10964",4,M00852,8,0.0
K10977,0.0,0.0,385.0,NC_005072.1_1205,385.0,3.4e-108,358.6,9.5e-108,357.2,12.0,379.0,5.0,399.0,K01649,655.0,5.9526354335199236e-90,5.9526354335199236e-90,555.7,full,True,True,False,,0,M00608,62,0.003
K10978,0.0,0.0,334.0,NC_005072.1_862,334.0,1.6e-86,287.2,1.8000000000000002e-86,287.1,2.0,331.0,4.0,357.0,K00052,530.9,4.355019026149224e-74,4.355019026149224e-74,476.57,full,True,True,False,,0,M00608,259,0.012
K11003,0.017,0.012,526.0,NC_005072.1_1293,526.0,3.9000000000000004e-22,75.6,2.5e-08,30.0,139.0,200.0,59.0,119.0,K02005,218.6,8.968310170940685e-44,8.968310170940685e-44,359.33,full,True,True,False,"K07389,K11004,K22944",3,M00575,2752,0.129
K11004,0.019,0.014,836.0,NC_005072.1_1238,836.0,1.6e-132,440.1,2.2e-132,439.7,211.0,774.0,11.0,587.0,K06147,577.6,4.058593880413174e-42,4.058593880413174e-42,935.63,domain,True,True,False,"K07389,K11003,K22944",3,M00575,3058,0.143
K11006,0.0,0.0,,,,1000.0,0.0,,,,,,,,,,0.0,,,,,,,0,M00363,42,0.002
K11007,0.0,0.0,,,,1000.0,0.0,,,,,,,,,,0.0,,,,,,,0,M00363,102,0.005
K11014,0.0,0.0,350.0,NC_005072.1_523,350.0,0.0013,14.9,1.1,5.2,44.0,83.0,2.0,35.0,K01142,306.2,2.0415605407358874e-88,2.0415605407358874e-88,93.7,full,True,True,False,,0,M00856,542,0.025
K11018,0.001,0.001,,,,1000.0,0.0,,,,,,,,,,0.0,,,,,,"K10929,K10948,K10952",3,M00850,686,0.032
K11023,0.0,0.0,,,,1000.0,0.0,,,,,,,,,,0.0,,,,,,"K11024,K11025,K11026,K11027,K19298",5,"M00574,M00856",479,0.022
K11024,0.0,0.0,,,,1000.0,0.0,,,,,,,,,,0.0,,,,,,"K11026,K11027",2,M00574,5,0.0
K11025,0.0,0.0,,,,1000.0,0.0,,,,,,,,,,0.0,,,,,,"K11024,K11026,K11027",3,M00574,26,0.001
K11026,0.0,0.0,,,,1000.0,0.0,,,,,,,,,,0.0,,,,,,"K11024,K11025,K11027",3,M00574,10,0.0
K11027,0.0,0.0,,,,1000.0,0.0,,,,,,,,,,0.0,,,,,,"K11024,K11025,K11026",3,M00574,10,0.0
K11029,0.0,0.0,,,,1000.0,0.0,,,,,,,,,,0.0,,,,,,,0,M00859,10,0.0
K11030,0.0,0.0,,,,1000.0,0.0,,,,,,,,,,0.0,,,,,,"K08645,K11029",2,M00859,533,0.025
K11175,1.0,1.0,344.0,NC_005072.1_992,344.0,3.7999999999999996e-68,227.3,4.199999999999999e-68,227.1,100.0,283.0,22.0,205.0,K11175,227.3,1.0,1.0,201.53,domain,False,False,False,"K00602,K00764,K01492,K01587,K01588,K01589,K01756,K01923,K01933,K01945,K01952,K06863,K08289,K11176,K11788,K11808,K13713,K23264,K23265,K23269,K23270",21,M00048,20041,0.936
K11176,0.002,0.002,,,,1000.0,0.0,,,,,,,,,,0.0,,,,,,K01492,1,M00048,1060,0.05
K11177,0.142,0.036,,,,1000.0,0.0,,,,,,,,,,0.0,,,,,,"K00087,K00106,K00365,K01081,K01466,K01477,K01487,K01488,K03787,K05810,K07127,K08693,K09913,K11178,K13479,K13481,K13482,K13483,K13485,K16839,K16840,K16842,K19970,K20881,K22879",25,"M00546,M00958,M00959",4866,0.227
K11178,0.142,0.037,,,,1000.0,0.0,,,,,,,,,,0.0,,,,,,"K00087,K00106,K00365,K01081,K01466,K01477,K01487,K01488,K03787,K05810,K07127,K08693,K09913,K11177,K13479,K13481,K13482,K13483,K13485,K16839,K16840,K16842,K19970,K20881,K22879",25,"M00546,M00958,M00959",4896,0.229
K11180,0.0,0.0,414.0,NC_005072.1_833,414.0,6.6e-08,28.4,1.4,4.3,87.0,163.0,89.0,163.0,K00392,632.5,1.405334213188116e-182,1.405334213188116e-182,342.3,full,True,True,False,K11181,1,M00596,266,0.012
K11181,0.0,0.0,366.0,NC_005072.1_833,366.0,1.6e-06,23.8,0.017,10.6,75.0,115.0,106.0,146.0,K00392,632.5,5.794842536192464e-184,5.794842536192464e-184,356.63,full,True,True,False,K11180,1,M00596,267,0.012
K11204,0.0,0.0,,,,1000.0,0.0,,,,,,,,,,0.0,,,,,,,0,M00118,0,0.0
K11205,0.0,0.0,,,,1000.0,0.0,,,,,,,,,,0.0,,,,,,,0,M00118,1,0.0
K11212,1.0,1.0,395.0,NC_005072.1_295,395.0,3.9e-14,48.9,0.0008,15.0,40.0,88.0,131.0,177.0,K11212,48.9,1.0,1.0,139.4,full,False,True,False,"K11780,K11781,K12234,K14941",4,M00378,9308,0.435
K11258,0.012,0.012,95.0,NC_005072.1_1310,95.0,2.1e-12,43.6,7.2e-12,41.9,5.0,77.0,1.0,74.0,K01653,266.0,1.1244210422398637e-67,1.1244210422398637e-67,61.87,domain,True,True,False,,0,"M00019,M00570",2846,0.133
K11260,0.0,0.0,185.0,NC_005072.1_1810,185.0,9.2e-10,35.3,8.3e-09,32.2,97.0,166.0,9.0,66.0,K02691,164.4,1.3709687633529256e-39,1.3709687633529256e-39,76.37,domain,True,True,False,K16177,1,"M00567,M00617",471,0.022
K11261,0.007,0.001,250.0,NC_005072.1_1881,250.0,0.0017,14.5,0.0029,13.7,182.0,243.0,103.0,159.0,K24051,71.1,9.155925394756204e-18,9.155925394756204e-18,64.7,domain,True,True,False,"K00125,K00194,K00197,K00203,K00205,K00584,K03390,K04480,K14080,K14081,K14082,K14084,K14126,K14127,K14128,K16176,K16178,K22480,K22481",19,"M00567,M00617",597,0.028
K11262,0.001,0.0,2386.0,NC_005072.1_63,2386.0,5e-109,362.2,7.100000000000001e-106,351.8,161.0,655.0,2.0,442.0,K01961,844.9,4.929706835373742e-146,4.929706835373742e-146,1207.3,full,True,True,False,K18472,1,M00082,514,0.024
K11263,0.043,0.03,707.0,NC_005072.1_63,707.0,1.4e-215,714.5,1.7e-215,714.2,38.0,483.0,1.0,444.0,K01961,844.9,5.567863316814748e-40,5.567863316814748e-40,834.53,full,True,True,False,"K00665,K00667,K00668,K01847,K01848,K01849,K01964,K01965,K01966,K05606,K11262,K11533,K11608,K11609,K11610,K11611,K12428,K12437,K15036,K18472,K18851,K19312",22,"M00082,M00741,M00885,M00886,M00887",4425,0.207
K11311,0.002,0.001,341.0,NC_005072.1_1514,341.0,5.1e-19,65.1,5.4e-19,65.1,8.0,93.0,10.0,93.0,K02639,180.6,1.7022976547080765e-35,1.7022976547080765e-35,469.63,full,True,True,False,"K05599,K05600",2,M00637,713,0.033
K11381,0.099,0.021,1113.0,NC_005072.1_1033,1113.0,1.4999999999999999e-120,400.7,1.9e-120,400.4,674.0,997.0,6.0,324.0,K00162,506.1,1.86826491049353e-32,1.86826491049353e-32,508.1,full,True,True,False,"K01640,K01968,K01969,K13766",4,M00036,3688,0.172
K11389,0.0,0.0,,,,1000.0,0.0,,,,,,,,,,0.0,,,,,,,0,"M00001,M00002",16,0.001
K11395,0.0,0.0,289.0,NC_005072.1_1856,289.0,3.9e-35,118.3,5e-35,117.9,3.0,281.0,16.0,300.0,K01714,330.8,1.0743008550788839e-64,1.0743008550788839e-64,319.6,full,True,True,False,,0,"M00309,M00633",0,0.0
K11440,0.0,0.0,400.0,NC_005072.1_1226,400.0,7.9e-09,31.6,0.27,6.7,326.0,384.0,285.0,348.0,K00005,272.3,3.481771946687397e-73,3.481771946687397e-73,508.97,full,True,True,False,,0,M00555,308,0.014
K11528,0.0,0.0,245.0,NC_005072.1_652,245.0,2.3e-72,239.9,3.2e-72,239.4,4.0,241.0,3.0,236.0,K04042,574.8,1.5312794424874735e-101,1.5312794424874735e-101,318.27,full,True,True,False,,0,M00909,277,0.013
K11529,0.155,0.031,,,,1000.0,0.0,,,,,,,,,,0.0,,,,,,"K00018,K00024,K00830,K08691,K08692,K14067",6,M00346,4532,0.212
K11532,1.0,1.0,325.0,NC_005072.1_842,325.0,6.8e-131,432.5,8.3e-131,432.2,9.0,321.0,1.0,326.0,K11532,432.5,0.9999999999999432,0.9999999999999432,478.83,full,False,True,False,"K01601,K01602,K01622,K01623,K02689,K02690,K02691,K02692,K02693,K02694,K02703,K02704,K02705,K02706,K02707,K02708,K05298,K08928,K08929",19,"M00003,M00165,M00611,M00612",2271,0.106
K11533,0.029,0.023,3029.0,NC_005072.1_1812,3029.0,4.4e-22,73.4,5.600000000000001e-22,73.0,2578.0,2935.0,71.0,402.0,K09458,588.8,7.065456628100165e-156,7.065456628100165e-156,2553.27,full,True,True,False,"K00667,K00668,K10780,K11262,K11263,K18472,K18473",7,"M00082,M00083",3918,0.183
K11540,0.001,0.001,2476.0,NC_005072.1_912,2476.0,0.0,1077.5,0.0,1077.1,654.0,1709.0,7.0,1085.0,K01955,1693.3,4.22404630236595e-186,4.22404630236595e-186,3321.37,full,True,True,False,K11541,1,M00051,604,0.028
K11541,0.0,0.0,2221.0,NC_005072.1_912,2221.0,0.0,1049.8,0.0,1049.5,448.0,1498.0,4.0,1083.0,K01955,1693.3,1.9373040671899362e-194,1.9373040671899362e-194,3431.47,full,True,True,False,,0,M00051,4,0.0
K11608,0.018,0.009,338.0,NC_005072.1_141,338.0,1.1e-72,241.7,1.5e-72,241.3,13.0,332.0,11.0,333.0,K00648,403.4,2.1059579782498647e-49,2.1059579782498647e-49,507.17,full,True,True,False,"K11263,K11609,K11610,K11611,K18472",5,"M00885,M00886",2443,0.114
K11609,0.01,0.002,415.0,NC_005072.1_1812,415.0,4.899999999999999e-105,348.6,5.4e-105,348.4,9.0,414.0,3.0,412.0,K09458,588.8,4.927141576938793e-73,4.927141576938793e-73,585.87,domain,True,True,False,"K11263,K11608,K11610,K11611,K18472",5,"M00885,M00886",1264,0.059
K11610,0.02,0.012,238.0,NC_005072.1_491,238.0,1.7999999999999998e-70,234.0,2.2e-70,233.7,5.0,235.0,8.0,248.0,K00059,358.4,3.563432522761478e-38,3.563432522761478e-38,398.57,full,True,True,False,"K11263,K11608,K11609,K11611,K18472",5,"M00885,M00886",2849,0.133
K11611,0.015,0.007,256.0,NC_005072.1_286,256.0,1.5e-66,221.3,1.8e-66,221.0,4.0,254.0,31.0,285.0,K00208,399.5,2.2722429921179655e-54,2.2722429921179655e-54,281.23,full,True,True,False,"K11263,K11608,K11609,K11610,K18472",5,"M00885,M00886",2151,0.101
K11645,0.112,0.013,,,,1000.0,0.0,,,,,,,,,,0.0,,,,,,"K00150,K00844,K03841,K06859,K11532,K16306,K16370",7,"M00001,M00003",2905,0.136
K11751,0.265,0.137,,,,1000.0,0.0,,,,,,,,,,0.0,,,,,,"K00087,K01487,K01488,K02566,K03783,K03784,K03787,K05810,K08693,K09913,K11177,K11178,K13479,K13480,K13481,K13482,K13483,K19572,K20881",19,"M00958,M00959",9475,0.443
K11752,1.0,1.0,600.0,NC_005072.1_1425,600.0,4.9e-126,418.7,5.8000000000000004e-126,418.5,168.0,505.0,8.0,358.0,K11752,418.7,1.0,1.0,200.4,full,False,False,False,"K00082,K00793,K00794,K01497,K01498,K02858,K11753,K14652,K20860,K20861,K20862,K20884,K21063,K21064,K22912",15,M00125,18621,0.87
K11753,1.0,1.0,477.0,NC_005072.1_1433,477.0,2.2e-98,327.1,2.3e-98,327.0,145.0,436.0,8.0,304.0,K11753,327.1,1.0,1.0,133.6,domain,False,False,False,"K00082,K00793,K00794,K01497,K01498,K02858,K11752,K14652,K20860,K20861,K20862,K20884,K21063,K21064,K22912,K22949",16,M00125,21217,0.991
K11754,1.0,1.0,864.0,NC_005072.1_1463,864.0,1.1999999999999999e-105,351.5,1.6e-105,351.2,86.0,475.0,16.0,405.0,K11754,351.5,1.0,1.0,370.07,domain,False,True,False,"K00287,K00796,K00950,K01077,K01113,K01495,K01633,K08310,K09007,K13939,K13940,K13941,K13998,K19965,K20457,K22391",16,M00126,21044,0.983
K11755,1.0,1.0,325.0,NC_005072.1_619,325.0,2.3e-86,286.8,2.5e-86,286.7,83.0,282.0,9.0,218.0,K11755,286.8,1.0,1.0,208.23,full,False,False,False,"K00013,K00765,K00817,K01089,K01693,K01814,K02500,K02501,K02502,K04486,K14152",11,M00026,7848,0.367
K11780,0.0,0.0,348.0,NC_005072.1_1232,348.0,1.1e-08,31.1,1.9e-07,27.0,31.0,278.0,54.0,291.0,K01012,460.6,5.100548274364432e-130,5.100548274364432e-130,409.2,domain,True,True,False,K11781,1,M00378,103,0.005
K11781,0.0,0.0,386.0,NC_005072.1_1894,386.0,0.00024,16.7,0.00032,16.3,74.0,148.0,33.0,108.0,K10026,173.3,7.222751597775373e-48,7.222751597775373e-48,474.17,domain,True,True,False,K11780,1,M00378,113,0.005
K11782,0.013,0.008,,,,1000.0,0.0,,,,,,,,,,0.0,,,,,,"K11783,K11784,K11785,K18284,K18285,K18286,K20810",7,"M00930,M00931",2267,0.106
K11783,0.011,0.005,,,,1000.0,0.0,,,,,,,,,,0.0,,,,,,"K11782,K11784,K11785,K18285,K18286,K20810",6,M00930,1719,0.08
K11784,0.014,0.009,,,,1000.0,0.0,,,,,,,,,,0.0,,,,,,"K11782,K11783,K11785,K18284,K18285,K18286,K20810",7,"M00930,M00931",2359,0.11
K11785,0.013,0.007,,,,1000.0,0.0,,,,,,,,,,0.0,,,,,,"K11782,K11783,K11784,K18284,K18285,K18286,K20810",7,"M00930,M00931",2209,0.103
K11787,0.0,0.0,1299.0,NC_005072.1_1502,1299.0,1.3e-153,510.2,1.6e-153,509.9,177.0,608.0,7.0,435.0,K01945,530.5,7.746236488016626e-07,7.746236488016626e-07,1144.4,full,True,True,False,"K00601,K01587",2,M00048,52,0.002
K11788,0.001,0.001,928.0,NC_005072.1_1502,928.0,1.7e-147,489.8,1.8999999999999999e-147,489.7,126.0,564.0,7.0,438.0,K01945,530.5,5.598592268463999e-13,5.598592268463999e-13,1166.77,domain,True,True,False,,0,M00048,963,0.045
K11808,0.995,0.995,727.0,NC_005072.1_173,727.0,1.7e-80,267.9,1.9000000000000002e-80,267.8,508.0,669.0,1.0,162.0,K11808,267.9,0.9948721030850359,0.9948721030850359,686.67,full,False,True,False,,0,M00048,564,0.026
K12073,1.0,1.0,138.0,NC_005072.1_179,138.0,1.5e-41,138.1,1.7e-41,138.0,6.0,136.0,8.0,141.0,K12073,138.1,1.0,1.0,118.17,full,False,False,False,"K17872,K23094,K23095",3,M00932,263,0.012
K12086,0.001,0.0,,,,1000.0,0.0,,,,,,,,,,0.0,,,,,,"K12087,K12088,K12089,K12090,K12091,K12092,K12093,K12094,K12095,K12096,K12098,K12099,K12100,K12101,K12102,K12103,K12104,K12105,K12106,K12107,K12108,K12109,K12110,K15842",24,M00564,26,0.001
K12087,0.001,0.0,,,,1000.0,0.0,,,,,,,,,,0.0,,,,,,"K12086,K12088,K12089,K12090,K12091,K12092,K12093,K12094,K12095,K12096,K12098,K12099,K12100,K12101,K12102,K12103,K12104,K12105,K12106,K12107,K12108,K12109,K12110,K15842",24,M00564,14,0.001
K12088,0.001,0.0,,,,1000.0,0.0,,,,,,,,,,0.0,,,,,,"K12086,K12087,K12089,K12090,K12091,K12092,K12093,K12094,K12095,K12096,K12098,K12099,K12100,K12101,K12102,K12103,K12104,K12105,K12106,K12107,K12108,K12109,K12110,K15842",24,M00564,24,0.001
K12089,0.001,0.0,,,,1000.0,0.0,,,,,,,,,,0.0,,,,,,"K12086,K12087,K12088,K12090,K12091,K12092,K12093,K12094,K12095,K12096,K12098,K12099,K12100,K12101,K12102,K12103,K12104,K12105,K12106,K12107,K12108,K12109,K12110,K15842",24,M00564,42,0.002
K12090,0.001,0.0,,,,1000.0,0.0,,,,,,,,,,0.0,,,,,,"K12086,K12087,K12088,K12089,K12091,K12092,K12093,K12094,K12095,K12096,K12098,K12099,K12100,K12101,K12102,K12103,K12104,K12105,K12106,K12107,K12108,K12109,K12110,K15842",24,M00564,25,0.001
K12091,0.001,0.0,,,,1000.0,0.0,,,,,,,,,,0.0,,,,,,"K12086,K12087,K12088,K12089,K12090,K12092,K12093,K12094,K12095,K12096,K12098,K12099,K12100,K12101,K12102,K12103,K12104,K12105,K12106,K12107,K12108,K12109,K12110,K15842",24,M00564,24,0.001
K12092,0.001,0.0,,,,1000.0,0.0,,,,,,,,,,0.0,,,,,,"K12086,K12087,K12088,K12089,K12090,K12091,K12093,K12094,K12095,K12096,K12098,K12099,K12100,K12101,K12102,K12103,K12104,K12105,K12106,K12107,K12108,K12109,K12110,K15842",24,M00564,28,0.001
K12093,0.001,0.0,,,,1000.0,0.0,,,,,,,,,,0.0,,,,,,"K12086,K12087,K12088,K12089,K12090,K12091,K12092,K12094,K12095,K12096,K12098,K12099,K12100,K12101,K12102,K12103,K12104,K12105,K12106,K12107,K12108,K12109,K12110,K15842",24,M00564,24,0.001
K12094,0.001,0.0,,,,1000.0,0.0,,,,,,,,,,0.0,,,,,,"K12086,K12087,K12088,K12089,K12090,K12091,K12092,K12093,K12095,K12096,K12098,K12099,K12100,K12101,K12102,K12103,K12104,K12105,K12106,K12107,K12108,K12109,K12110,K15842",24,M00564,23,0.001
K12095,0.001,0.0,,,,1000.0,0.0,,,,,,,,,,0.0,,,,,,"K12086,K12087,K12088,K12089,K12090,K12091,K12092,K12093,K12094,K12096,K12098,K12099,K12100,K12101,K12102,K12103,K12104,K12105,K12106,K12107,K12108,K12109,K12110,K15842",24,M00564,23,0.001
K12096,0.001,0.0,,,,1000.0,0.0,,,,,,,,,,0.0,,,,,,"K12086,K12087,K12088,K12089,K12090,K12091,K12092,K12093,K12094,K12095,K12098,K12099,K12100,K12101,K12102,K12103,K12104,K12105,K12106,K12107,K12108,K12109,K12110,K15842",24,M00564,23,0.001
K12097,0.001,0.0,,,,1000.0,0.0,,,,,,,,,,0.0,,,,,,"K12086,K12087,K12088,K12089,K12090,K12091,K12092,K12093,K12094,K12095,K12096,K12098,K12099,K12100,K12101,K12102,K12103,K12104,K12105,K12106,K12107,K12108,K12109,K12110,K15842",25,M00564,95,0.004
K12098,0.001,0.0,,,,1000.0,0.0,,,,,,,,,,0.0,,,,,,"K12086,K12087,K12088,K12089,K12090,K12091,K12092,K12093,K12094,K12095,K12096,K12099,K12100,K12101,K12102,K12103,K12104,K12105,K12106,K12107,K12108,K12109,K12110,K15842",24,M00564,24,0.001
K12099,0.001,0.0,,,,1000.0,0.0,,,,,,,,,,0.0,,,,,,"K12086,K12087,K12088,K12089,K12090,K12091,K12092,K12093,K12094,K12095,K12096,K12098,K12100,K12101,K12102,K12103,K12104,K12105,K12106,K12107,K12108,K12109,K12110,K15842",24,M00564,23,0.001
K12100,0.001,0.0,,,,1000.0,0.0,,,,,,,,,,0.0,,,,,,"K12086,K12087,K12088,K12089,K12090,K12091,K12092,K12093,K12094,K12095,K12096,K12098,K12099,K12101,K12102,K12103,K12104,K12105,K12106,K12107,K12108,K12109,K12110,K15842",24,M00564,32,0.001
K12101,0.001,0.0,,,,1000.0,0.0,,,,,,,,,,0.0,,,,,,"K12086,K12087,K12088,K12089,K12090,K12091,K12092,K12093,K12094,K12095,K12096,K12098,K12099,K12100,K12102,K12103,K12104,K12105,K12106,K12107,K12108,K12109,K12110,K15842",24,M00564,23,0.001
K12102,0.001,0.0,,,,1000.0,0.0,,,,,,,,,,0.0,,,,,,"K12086,K12087,K12088,K12089,K12090,K12091,K12092,K12093,K12094,K12095,K12096,K12098,K12099,K12100,K12101,K12103,K12104,K12105,K12106,K12107,K12108,K12109,K12110,K15842",24,M00564,23,0.001
K12103,0.001,0.0,,,,1000.0,0.0,,,,,,,,,,0.0,,,,,,"K12086,K12087,K12088,K12089,K12090,K12091,K12092,K12093,K12094,K12095,K12096,K12098,K12099,K12100,K12101,K12102,K12104,K12105,K12106,K12107,K12108,K12109,K12110,K15842",24,M00564,23,0.001
K12104,0.001,0.0,,,,1000.0,0.0,,,,,,,,,,0.0,,,,,,"K12086,K12087,K12088,K12089,K12090,K12091,K12092,K12093,K12094,K12095,K12096,K12098,K12099,K12100,K12101,K12102,K12103,K12105,K12106,K12107,K12108,K12109,K12110,K15842",24,M00564,23,0.001
K12105,0.001,0.0,,,,1000.0,0.0,,,,,,,,,,0.0,,,,,,"K12086,K12087,K12088,K12089,K12090,K12091,K12092,K12093,K12094,K12095,K12096,K12098,K12099,K12100,K12101,K12102,K12103,K12104,K12106,K12107,K12108,K12109,K12110,K15842",24,M00564,23,0.001
K12106,0.026,0.026,142.0,NC_005072.1_130,142.0,0.00094,16.0,470.0,-2.5,79.0,109.0,14.0,44.0,K06924,21.2,0.026421536862169616,0.026421536862169616,323.93,full,True,True,False,"K12086,K12087,K12088,K12089,K12090,K12091,K12092,K12093,K12094,K12095,K12096,K12098,K12099,K12100,K12101,K12102,K12103,K12104,K12105,K12107,K12108,K12109,K12110,K15842",24,M00564,23,0.001
K12107,0.001,0.0,,,,1000.0,0.0,,,,,,,,,,0.0,,,,,,"K12086,K12087,K12088,K12089,K12090,K12091,K12092,K12093,K12094,K12095,K12096,K12098,K12099,K12100,K12101,K12102,K12103,K12104,K12105,K12106,K12108,K12109,K12110,K15842",24,M00564,23,0.001
K12108,0.001,0.0,,,,1000.0,0.0,,,,,,,,,,0.0,,,,,,"K12086,K12087,K12088,K12089,K12090,K12091,K12092,K12093,K12094,K12095,K12096,K12098,K12099,K12100,K12101,K12102,K12103,K12104,K12105,K12106,K12107,K12109,K12110,K15842",24,M00564,24,0.001
K12109,0.001,0.0,,,,1000.0,0.0,,,,,,,,,,0.0,,,,,,"K12086,K12087,K12088,K12089,K12090,K12091,K12092,K12093,K12094,K12095,K12096,K12098,K12099,K12100,K12101,K12102,K12103,K12104,K12105,K12106,K12107,K12108,K12110,K15842",24,M00564,46,0.002
K12110,0.001,0.0,,,,1000.0,0.0,,,,,,,,,,0.0,,,,,,"K12086,K12087,K12088,K12089,K12090,K12091,K12092,K12093,K12094,K12095,K12096,K12098,K12099,K12100,K12101,K12102,K12103,K12104,K12105,K12106,K12107,K12108,K12109,K15842",24,M00564,36,0.002
K12234,0.003,0.003,,,,1000.0,0.0,,,,,,,,,,0.0,,,,,,,0,M00378,1406,0.066
K12250,0.0,0.0,,,,1000.0,0.0,,,,,,,,,,0.0,,,,,,"K15907,K17476,K17747,K18056,K18057",5,M00819,550,0.026
K12298,0.0,0.0,,,,1000.0,0.0,,,,,,,,,,0.0,,,,,,,0,M00098,1,0.0
K12340,0.206,0.196,558.0,NC_005072.1_102,558.0,9e-53,177.0,1.1e-52,176.7,108.0,478.0,48.0,450.0,K03287,248.3,3.4400227059998657e-22,3.4400227059998657e-22,245.03,domain,True,True,False,"K07389,K07690,K11003,K11004,K18140,K18141,K18142,K18898,K18899,K22944",10,"M00575,M00696,M00697",11337,0.53
K12406,0.0,0.0,543.0,NC_005072.1_1013,543.0,2.4999999999999998e-112,372.9,3.8e-112,372.3,54.0,539.0,7.0,471.0,K00873,628.2,1.4029497208423285e-77,1.4029497208423285e-77,1024.73,full,True,True,False,,0,"M00001,M00002",8,0.0
K12407,0.0,0.0,,,,1000.0,0.0,,,,,,,,,,0.0,,,,,,,0,"M00001,M00549",0,0.0
K12420,0.001,0.0,261.0,NC_005072.1_491,261.0,4.900000000000001e-59,196.8,5.9e-58,193.3,6.0,258.0,9.0,247.0,K00059,358.4,2.257109874304879e-49,2.257109874304879e-49,296.77,domain,True,True,False,"K05551,K05552,K05553,K05554,K14249,K15884,K15885,K15886",8,M00778,543,0.025
K12428,0.004,0.002,607.0,NC_005072.1_437,607.0,2.1e-21,72.7,2.1e-09,33.0,132.0,243.0,137.0,252.0,K01897,440.1,2.5210391675923334e-111,2.5210391675923334e-111,811.87,full,True,True,False,"K12437,K18851",2,M00887,1100,0.051
K12437,0.007,0.002,1628.0,NC_005072.1_1812,1628.0,2.9e-39,131.2,3.6e-39,130.9,172.0,525.0,55.0,408.0,K09458,588.8,1.7728581335054783e-138,1.7728581335054783e-138,1201.17,domain,True,True,False,"K11263,K12428,K18851",3,M00887,1201,0.056
K12447,0.0,0.0,,,,1000.0,0.0,,,,,,,,,,0.0,,,,,,,0,M00549,4,0.0
K12502,0.0,0.0,339.0,NC_005072.1_1023,339.0,5.6e-06,22.2,6.5e-06,22.0,110.0,217.0,181.0,293.0,K15256,62.9,5.52839639014035e-13,5.52839639014035e-13,259.5,full,True,True,False,,0,M00112,30,0.001
K12506,0.942,0.736,472.0,NC_005072.1_1440,472.0,2.0000000000000002e-72,241.2,2.8e-72,240.8,245.0,430.0,196.0,406.0,K12506,241.2,0.6818879998182618,0.6818879998182618,320.67,full,False,True,False,"K00099,K00919,K00991,K01662,K01823,K03526,K03527",7,M00096,10592,0.495
K12524,0.328,0.032,999.0,NC_005072.1_1851,999.0,7.8e-108,358.3,4.7e-79,263.1,242.0,596.0,61.0,419.0,K00928,570.2,1.6283356034593248e-64,1.6283356034593248e-64,764.83,full,True,True,False,"K00548,K00651,K00674,K00872,K01733,K01739,K01760,K03340,K12525,K12526",10,"M00016,M00017,M00018,M00526,M00527",4591,0.215
K12525,0.017,0.007,814.0,NC_005072.1_1851,814.0,4.6e-41,137.9,3.4000000000000003e-32,108.5,108.0,460.0,51.0,418.0,K00928,570.2,7.323739265431864e-131,7.323739265431864e-131,788.27,full,True,True,False,K12524,1,"M00016,M00017,M00018,M00526,M00527",2083,0.097
K12526,0.0,0.0,859.0,NC_005072.1_1229,859.0,1.4e-56,188.9,1.8e-56,188.6,499.0,854.0,47.0,422.0,K01586,441.2,1.122359776673901e-76,1.122359776673901e-76,662.3,full,True,True,False,,0,"M00016,M00018,M00526,M00527",568,0.027
K12628,0.0,0.0,338.0,NC_005072.1_858,338.0,2.9e-10,36.6,3.8e-10,36.2,51.0,204.0,50.0,207.0,K16044,145.2,2.0330238371930092e-33,2.0330238371930092e-33,,,True,True,False,"K12630,K12631,K12634,K12636",4,M00889,20,0.001
K12629,0.0,0.0,,,,1000.0,0.0,,,,,,,,,,0.0,,,,,,"K12628,K12630,K12631,K12634,K12636",5,M00889,181,0.008
K12630,0.0,0.0,429.0,NC_005072.1_288,429.0,6.8e-25,84.6,9.3e-25,84.1,56.0,225.0,40.0,208.0,K13017,452.3,2.0477201051847893e-111,2.0477201051847893e-111,,,True,True,False,"K12628,K12631,K12634,K12636",4,M00889,27,0.001
K12631,0.0,0.0,,,,1000.0,0.0,,,,,,,,,,0.0,,,,,,"K12628,K12630,K12636",3,M00889,22,0.001
K12632,0.009,0.009,,,,1000.0,0.0,,,,,,,,,,0.0,,,,,,"K12628,K12629,K12630,K12631,K12633,K12634,K12635,K12636",8,M00889,2378,0.111
K12633,0.0,0.0,,,,1000.0,0.0,,,,,,,,,,0.0,,,,,,"K12628,K12630,K12631,K12634,K12636",5,M00889,228,0.011
K12634,0.0,0.0,273.0,NC_005072.1_1000,273.0,3.2e-19,65.9,5e-19,65.2,40.0,250.0,53.0,261.0,K01092,266.9,3.111507638930643e-61,3.111507638930643e-61,,,True,True,False,"K12628,K12630",2,M00889,12,0.001
K12635,0.0,0.0,,,,1000.0,0.0,,,,,,,,,,0.0,,,,,,,0,M00889,11,0.001
K12636,0.0,0.0,,,,1000.0,0.0,,,,,,,,,,0.0,,,,,,"K12628,K12630,K12631",3,M00889,21,0.001
K12657,0.0,0.0,1259.0,NC_005072.1_631,1259.0,2.2e-163,542.9,2.6e-163,542.7,792.0,1219.0,46.0,469.0,K00147,559.9,7.629336324032932e-06,7.629336324032932e-06,665.67,full,True,True,False,,0,M00015,20,0.001
K12658,0.06,0.022,348.0,NC_005072.1_989,348.0,0.00061,15.4,88.0,-1.6,116.0,153.0,228.0,264.0,K01778,331.9,5.296712156357748e-96,5.296712156357748e-96,358.83,full,True,True,False,"K13877,K21060,K21061,K21062,K22549,K22550",6,M00948,3815,0.178
K12659,0.0,0.0,1065.0,NC_005072.1_993,1065.0,9.2e-44,146.5,8.8e-42,139.9,652.0,958.0,2.0,339.0,K00145,380.0,5.122665667910259e-71,5.122665667910259e-71,818.23,full,True,True,False,K22478,1,M00028,392,0.018
K12673,0.0,0.0,560.0,NC_005072.1_565,560.0,6.5e-67,223.0,9.4e-67,222.5,7.0,547.0,22.0,561.0,K01652,778.7,5.219530137333043e-168,5.219530137333043e-168,777.23,full,True,True,False,"K12674,K12675,K12676",3,M00674,52,0.002
K12674,0.0,0.0,509.0,NC_005072.1_1895,509.0,0.00012,17.6,0.00015,17.3,235.0,287.0,6.0,59.0,K06920,277.8,4.698888375223474e-79,4.698888375223474e-79,651.23,full,True,True,False,"K12673,K12675,K12676",3,M00674,45,0.002
K12675,0.0,0.0,,,,1000.0,0.0,,,,,,,,,,0.0,,,,,,"K12673,K12674,K12676",3,M00674,145,0.007
K12676,0.0,0.0,315.0,NC_005072.1_1890,315.0,1.1e-50,168.9,1.4e-50,168.6,18.0,303.0,14.0,289.0,K01480,217.5,2.3439168995066032e-15,2.3439168995066032e-15,492.03,full,True,True,False,"K12673,K12674,K12675",3,M00674,63,0.003
K12710,1.0,1.0,423.0,NC_005072.1_1391,423.0,6.599999999999999e-53,176.8,8.499999999999999e-53,176.5,8.0,395.0,10.0,395.0,K12710,176.8,0.9998855304102408,0.9998855304102408,643.3,full,False,True,False,K17625,1,M00795,1748,0.082
K12743,0.0,0.0,3713.0,NC_005072.1_660,3713.0,2.2e-18,60.7,5.4e-17,56.1,2462.0,2945.0,116.0,635.0,K01895,995.1,5.2188167977710856e-282,5.2188167977710856e-282,4792.53,domain,True,True,False,"K04126,K12744,K12745,K18063",4,M00673,162,0.008
K12744,0.0,0.0,,,,1000.0,0.0,,,,,,,,,,0.0,,,,,,"K04126,K12745,K18063",3,M00673,15,0.001
K12745,0.0,0.0,,,,1000.0,0.0,,,,,,,,,,0.0,,,,,,"K04126,K12744,K18063",3,M00673,11,0.001
K12784,0.0,0.0,,,,1000.0,0.0,,,,,,,,,,0.0,,,,,,"K12785,K12786,K12787,K12788,K16041,K16042",6,M00542,16,0.001
K12785,0.0,0.0,,,,1000.0,0.0,,,,,,,,,,0.0,,,,,,"K12784,K12786,K12787,K12788,K16041,K16042",6,M00542,20,0.001
K12786,0.0,0.0,,,,1000.0,0.0,,,,,,,,,,0.0,,,,,,"K12784,K12785,K12787,K12788,K16041,K16042",6,M00542,14,0.001
K12787,0.0,0.0,,,,1000.0,0.0,,,,,,,,,,0.0,,,,,,"K12784,K12785,K12786,K12788,K16041,K16042",6,M00542,17,0.001
K12788,0.0,0.0,,,,1000.0,0.0,,,,,,,,,,0.0,,,,,,"K12784,K12785,K12786,K12787,K16041,K16042",6,M00542,16,0.001
K12977,0.0,0.0,,,,1000.0,0.0,,,,,,,,,,0.0,,,,,,K23082,1,M00867,89,0.004
K13014,0.179,0.01,,,,1000.0,0.0,,,,,,,,,,0.0,,,,,,"K07806,K10011,K10012",3,M00761,2588,0.121
K13034,0.0,0.0,364.0,NC_005072.1_128,364.0,2.9e-103,342.5,3.4e-103,342.2,44.0,351.0,2.0,311.0,K01697,391.7,1.5390071189645245e-15,1.5390071189645245e-15,634.3,domain,True,True,False,,0,M00021,24,0.001
K13037,0.001,0.001,472.0,NC_005072.1_63,472.0,1.1e-06,24.3,2e-06,23.5,92.0,209.0,66.0,189.0,K01961,844.9,9.43594841812272e-248,9.43594841812272e-248,475.3,full,True,True,False,"K19549,K19550",2,M00787,630,0.029
K13038,1.0,1.0,565.0,NC_005072.1_234,565.0,7.8e-111,368.2,8.5e-111,368.1,48.0,436.0,10.0,415.0,K13038,368.2,1.0,1.0,259.9,domain,False,False,False,"K00077,K00606,K00859,K00867,K00954,K01598,K01947,K02318,K03525,K06982,K09680,K09722,K21977",13,"M00120,M00914",20695,0.967
K13039,0.002,0.001,187.0,NC_005072.1_565,187.0,6.6e-14,48.9,6.5e-13,45.6,43.0,162.0,435.0,565.0,K01652,778.7,2.03380431505099e-220,2.03380431505099e-220,218.57,full,True,True,False,K06034,1,M00358,950,0.044
K13063,0.002,0.002,692.0,NC_005072.1_1780,692.0,1.8999999999999998e-35,119.0,2.3e-35,118.7,169.0,425.0,241.0,502.0,K01657,589.1,3.0605468952231067e-142,3.0605468952231067e-142,393.4,full,True,True,False,"K20260,K20261,K20262,K21103",4,M00835,1219,0.057
K13273,0.0,0.0,,,,1000.0,0.0,,,,,,,,,,0.0,,,,,,,0,M00095,14,0.001
K13307,0.003,0.003,236.0,NC_005072.1_1709,236.0,3.5e-06,23.5,5e-06,23.0,23.0,95.0,73.0,151.0,K18534,364.8,1.8132700147929193e-103,1.8132700147929193e-103,367.17,full,True,True,False,K19854,1,M00796,1465,0.068
K13308,0.2,0.2,400.0,NC_005072.1_1419,400.0,1.1999999999999999e-46,156.3,1.5e-46,155.9,50.0,379.0,34.0,362.0,K13329,158.3,0.19996599989963618,0.19996599989963618,578.93,full,True,True,False,K13309,1,M00797,261,0.012
K13309,0.0,0.0,,,,1000.0,0.0,,,,,,,,,,0.0,,,,,,,0,M00797,34,0.002
K13310,0.001,0.001,369.0,NC_005072.1_288,369.0,1.3e-106,353.4,8.5e-93,308.0,1.0,292.0,1.0,293.0,K13017,452.3,1.6909603676964246e-30,1.6909603676964246e-30,593.23,full,True,True,False,K13309,1,M00797,712,0.033
K13311,0.001,0.001,237.0,NC_005072.1_1709,237.0,9e-07,25.4,1.3e-06,24.9,34.0,142.0,88.0,197.0,K18534,364.8,6.767362985465053e-103,6.767362985465053e-103,354.03,full,True,True,False,K13309,1,M00797,905,0.042
K13312,0.0,0.0,,,,1000.0,0.0,,,,,,,,,,0.0,,,,,,,0,M00794,190,0.009
K13313,0.0,0.0,332.0,NC_005072.1_1366,332.0,4.6e-45,151.0,1.3000000000000002e-44,149.5,11.0,321.0,11.0,313.0,K02377,431.7,3.168693384322375e-85,3.168693384322375e-85,374.47,full,True,True,False,,0,M00794,138,0.006
K13315,0.004,0.004,328.0,NC_005072.1_53,328.0,2.2e-15,53.1,3.4e-15,52.5,15.0,311.0,4.0,303.0,K05275,197.6,3.170776469089242e-44,3.170776469089242e-44,450.63,full,True,True,False,"K13316,K13318,K16435,K16438,K19857",5,"M00798,M00799",1543,0.072
K13316,0.0,0.0,,,,1000.0,0.0,,,,,,,,,,0.0,,,,,,"K13318,K16435",2,M00798,168,0.008
K13317,0.0,0.0,410.0,NC_005072.1_1391,410.0,7.3e-42,140.3,9.7e-42,139.9,4.0,387.0,11.0,391.0,K12710,176.8,1.0288580072860222e-11,1.0288580072860222e-11,551.43,full,True,True,False,,0,M00798,228,0.011
K13318,0.0,0.0,330.0,NC_005072.1_1366,330.0,1.3e-11,41.1,7.5e-08,28.8,140.0,232.0,136.0,233.0,K02377,431.7,2.6162768214214775e-118,2.6162768214214775e-118,416.27,full,True,True,False,,0,M00798,155,0.007
K13322,0.0,0.0,332.0,NC_005072.1_1420,332.0,0.00013,18.1,0.00028,17.0,169.0,235.0,159.0,226.0,K08678,494.5,3.884275859071411e-144,3.884275859071411e-144,,,True,True,False,,0,M00800,11,0.001
K13326,0.0,0.0,251.0,NC_005072.1_1709,251.0,7e-05,19.3,9.6e-05,18.9,37.0,154.0,73.0,195.0,K18534,364.8,9.865895204912429e-105,9.865895204912429e-105,298.63,full,True,True,False,,0,"M00797,M00800",66,0.003
K13327,0.12,0.001,323.0,NC_005072.1_277,323.0,1.6e-21,73.2,3.5e-21,72.2,3.0,295.0,7.0,296.0,K18855,252.1,1.3987296327540712e-54,1.3987296327540712e-54,347.63,domain,True,True,False,"K13328,K13329,K13330,K16435",4,M00802,576,0.027
K13328,0.159,0.0,433.0,NC_005072.1_1364,433.0,1.9e-121,402.5,2.1999999999999998e-121,402.3,29.0,430.0,4.0,397.0,K12452,420.8,3.098487394723506e-06,3.098487394723506e-06,733.33,full,True,True,False,"K13327,K13329,K13330,K16435",4,M00802,257,0.012
K13329,0.8,0.8,387.0,NC_005072.1_1419,387.0,2.0999999999999998e-47,158.3,4.5e-47,157.2,18.0,373.0,24.0,364.0,K13329,158.3,0.7998639995985477,0.7998639995985477,577.3,full,False,True,False,K13330,1,M00802,67,0.003
K13330,0.0,0.0,252.0,NC_005072.1_1709,252.0,5.7e-05,19.4,8.4e-05,18.9,49.0,156.0,87.0,195.0,K18534,364.8,1.0574004664789027e-104,1.0574004664789027e-104,399.23,full,True,True,False,,0,M00802,42,0.002
K13378,0.577,0.023,557.0,NC_005072.1_178,557.0,2.3e-149,495.3,2.5e-149,495.2,187.0,557.0,5.0,395.0,K05579,728.9,4.7796160727732866e-71,4.7796160727732866e-71,583.63,full,True,True,False,"K00330,K00331,K00334,K00335,K00336,K00337,K00338,K00339,K00340,K00341,K00342,K00343",12,M00144,3899,0.182
K13380,0.0,0.0,793.0,NC_005072.1_178,793.0,2.7e-135,448.9,3e-135,448.8,407.0,793.0,8.0,395.0,K05579,728.9,5.147557589468268e-85,5.147557589468268e-85,1348.53,full,True,True,False,,0,M00144,131,0.006
K13421,0.0,0.0,551.0,NC_005072.1_279,551.0,5.599999999999999e-29,97.9,6.399999999999999e-29,97.7,68.0,235.0,14.0,184.0,K00762,138.9,4.547473508862549e-13,4.547473508862549e-13,373.93,full,True,True,False,,0,M00051,357,0.017
K13479,0.107,0.021,,,,1000.0,0.0,,,,,,,,,,0.0,,,,,,"K00087,K00365,K01466,K01477,K01488,K02566,K03783,K07127,K08693,K11177,K11178,K13480,K13483,K16838,K16839,K16840,K19970,K22879",18,"M00546,M00958,M00959",3746,0.175
K13480,0.014,0.014,160.0,NC_005072.1_1317,160.0,9.9e-06,21.8,1e-05,21.8,40.0,67.0,34.0,61.0,K03518,26.4,0.013362250170831952,0.013362250170831952,240.77,domain,True,True,False,,0,"M00546,M00958,M00959",615,0.029
K13481,0.145,0.038,660.0,NC_005072.1_1317,660.0,0.27,6.5,0.32,6.3,207.0,241.0,38.0,64.0,K03518,26.4,3.3122313604644056e-07,3.3122313604644056e-07,453.73,domain,True,True,False,"K00087,K00106,K01081,K01466,K01477,K01487,K03787,K05810,K07127,K09913,K11177,K11178,K13482,K13483,K13484,K13485,K16839,K16840,K16842,K19970,K20881,K22879",22,"M00546,M00958,M00959",5017,0.234
K13482,0.143,0.036,,,,1000.0,0.0,,,,,,,,,,0.0,,,,,,"K00087,K00106,K01081,K01466,K01477,K01487,K03787,K05810,K07127,K09913,K11177,K11178,K13481,K13483,K13484,K13485,K16839,K16840,K16842,K19970,K20881,K22879",22,"M00546,M00958,M00959",4886,0.228
K13483,0.142,0.037,265.0,NC_005072.1_1317,265.0,0.0001,18.6,0.00013,18.2,90.0,113.0,38.0,61.0,K03518,26.4,0.0014540643016401854,0.0014540643016401854,249.33,domain,True,True,False,"K00087,K00106,K00365,K01081,K01466,K01477,K01487,K01488,K03787,K05810,K07127,K08693,K09913,K11177,K11178,K13479,K13481,K13482,K13485,K16839,K16840,K16842,K19970,K20881,K22879",25,"M00546,M00958,M00959",4836,0.226
K13484,0.0,0.0,,,,1000.0,0.0,,,,,,,,,,0.0,,,,,,,0,M00546,6,0.0
K13485,0.089,0.024,,,,1000.0,0.0,,,,,,,,,,0.0,,,,,,"K00087,K00106,K01466,K01477,K07127,K11177,K11178,K13481,K13482,K13483,K16838,K16842,K22879",13,M00546,3966,0.185
K13497,0.016,0.01,529.0,NC_005072.1_1054,529.0,5.4000000000000003e-104,345.6,6.9e-104,345.2,194.0,520.0,7.0,334.0,K00766,380.5,3.1192713140709374e-11,3.1192713140709374e-11,576.3,full,True,True,False,"K13498,K13501",2,M00023,2570,0.12
K13498,0.018,0.013,491.0,NC_005072.1_1457,491.0,5.6e-86,285.9,7e-86,285.6,16.0,269.0,27.0,292.0,K01609,371.5,1.7054240029713876e-26,1.7054240029713876e-26,416.6,full,True,True,False,K13497,1,M00023,2903,0.136
K13501,0.0,0.0,911.0,NC_005072.1_1457,911.0,6.8e-71,236.8,7.9e-71,236.6,286.0,562.0,21.0,293.0,K01609,371.5,2.826568951041764e-41,2.826568951041764e-41,962.93,full,True,True,False,,0,M00023,7,0.0
K13503,0.003,0.003,722.0,NC_005072.1_1780,722.0,8.7e-91,302.0,1.4999999999999999e-90,301.1,131.0,501.0,96.0,502.0,K01657,589.1,3.752219575632282e-87,3.752219575632282e-87,497.27,full,True,True,False,,0,M00023,1326,0.062
K13524,0.0,0.0,643.0,NC_005072.1_1462,643.0,3.2000000000000004e-48,161.4,4.9e-05,18.7,101.0,217.0,40.0,149.0,K00821,519.8,1.2907720538072965e-108,1.2907720538072965e-108,384.93,full,True,True,False,,0,M00027,3,0.0
K13534,0.0,0.0,,,,1000.0,0.0,,,,,,,,,,0.0,,,,,,,0,M00098,0,0.0
K13540,0.592,0.03,515.0,NC_005072.1_1728,515.0,2.6e-66,221.1,3.3e-66,220.7,239.0,504.0,344.0,603.0,K13541,591.4,3.377478597300178e-112,3.377478597300178e-112,628.03,full,True,True,False,"K00595,K02224,K02228,K02229,K02230,K02303,K05895,K05936,K06042,K09882,K09883,K13541",12,M00925,4406,0.206
K13541,1.0,1.0,813.0,NC_005072.1_1728,813.0,3.1e-178,591.4,3.6e-178,591.2,174.0,702.0,43.0,605.0,K13541,591.4,1.0,1.0,512.2,full,False,False,False,"K00595,K02188,K02189,K02190,K02191,K02224,K02228,K02229,K02230,K02302,K02303,K02304,K03394,K03399,K03795,K05895,K05936,K06042,K09882,K09883,K13540,K22011",22,"M00924,M00925",5157,0.241
K13542,0.538,0.083,844.0,NC_005072.1_1898,844.0,3.9e-89,296.7,4.6e-89,296.4,150.0,383.0,3.0,239.0,K02303,342.3,1.87513351829646e-14,1.87513351829646e-14,405.1,full,True,True,False,"K00230,K00231,K00435,K00589,K00595,K01599,K01698,K01719,K01749,K01772,K01845,K01885,K02188,K02189,K02190,K02191,K02224,K02228,K02229,K02230,K02302,K02304,K02492,K02495,K03394,K03399,K03794,K03795,K05895,K05934,K05936,K06042,K09882,K13540,K13541,K21479,K22011,K24866",38,"M00121,M00846,M00924,M00925,M00926",7359,0.344
K13543,0.803,0.061,653.0,NC_005072.1_118,653.0,2.4e-24,82.7,2.6999999999999997e-24,82.5,7.0,229.0,10.0,229.0,K01719,118.7,1.4551915228155048e-11,1.4551915228155048e-11,435.67,full,True,True,False,"K00228,K00230,K01599,K01698,K01749,K01772,K01845,K01885,K02302,K02303,K02304,K02492,K02495,K02496,K08973",15,"M00121,M00846",6318,0.295
K13609,0.018,0.009,,,,1000.0,0.0,,,,,,,,,,0.0,,,,,,"K15737,K25986,K26061,K26062,K26064,K26065",6,M00960,2442,0.114
K13632,0.003,0.001,,,,1000.0,0.0,,,,,,,,,,0.0,,,,,,K09476,1,M00746,861,0.04
K13679,0.0,0.0,615.0,NC_005072.1_650,615.0,3.1e-71,237.1,1.3000000000000001e-67,225.2,89.0,591.0,1.0,456.0,K00703,578.4,1.8132700147929708e-103,1.8132700147929708e-103,588.67,full,True,True,False,,0,M00854,1,0.0
K13713,0.0,0.0,748.0,NC_005072.1_1502,748.0,1.7e-101,337.4,2.1e-101,337.1,301.0,733.0,11.0,441.0,K01945,530.5,7.432030801149123e-59,7.432030801149123e-59,913.07,full,True,True,False,,0,M00048,174,0.008
K13766,0.275,0.108,272.0,NC_005072.1_649,272.0,3.6e-51,171.0,4.5e-51,170.7,5.0,261.0,19.0,279.0,K01661,459.9,1.0775421135291396e-87,1.0775421135291396e-87,268.57,domain,True,True,False,"K00166,K00167,K00249,K00253,K00382,K00826,K01640,K01968,K01969,K09699,K11381",11,M00036,8405,0.393
K13767,0.002,0.002,257.0,NC_005072.1_649,257.0,7e-37,123.9,8.5e-37,123.6,8.0,255.0,26.0,279.0,K01661,459.9,7.143671195514617e-102,7.143671195514617e-102,317.5,domain,True,True,False,,0,M00087,1008,0.047
K13787,0.06,0.044,476.0,NC_005072.1_1209,476.0,3.3e-66,221.3,4.4e-65,217.5,108.0,353.0,22.0,262.0,K13789,400.1,1.499108163655445e-54,1.499108163655445e-54,301.9,full,True,True,False,"K01823,K18686,K22997,K22998",4,"M00364,M00365,M00921",5335,0.249
K13788,0.417,0.327,765.0,NC_005072.1_517,765.0,1.3999999999999999e-24,83.5,2.2999999999999997e-24,82.8,53.0,396.0,1.0,360.0,K06873,376.9,4.762108346815966e-89,4.762108346815966e-89,566.9,full,True,True,False,"K00194,K00197,K00198,K00297,K00625,K00925,K01491,K01500,K01938,K05299,K14138,K15022,K15023,K15024,K22015,K25007,K25008,K25123,K25124",19,"M00579,M00618",14631,0.684
K13789,1.0,1.0,351.0,NC_005072.1_1209,351.0,9.2e-121,400.1,1e-120,400.0,32.0,318.0,10.0,299.0,K13789,400.1,0.9999912362038447,1.0,350.47,domain,False,False,False,,0,M00364,1825,0.085
K13799,1.0,1.0,647.0,NC_005072.1_1793,647.0,4.2e-207,686.1,4.6e-207,685.9,53.0,555.0,5.0,506.0,K13799,686.1,1.0,1.0,397.0,full,False,False,False,,0,M00119,2009,0.094
K13800,0.0,0.0,350.0,NC_005072.1_1741,350.0,5.8e-48,160.6,7.700000000000001e-48,160.2,93.0,271.0,6.0,180.0,K00939,195.3,3.583101827246107e-11,3.583101827246107e-11,271.6,domain,True,True,False,,0,M00052,472,0.022
K13809,0.0,0.0,512.0,NC_005072.1_135,512.0,0.00062,15.8,54.0,-0.5,399.0,416.0,135.0,152.0,K00943,196.6,3.747803254122454e-55,3.747803254122454e-55,124.8,full,True,True,False,,0,M00052,14,0.001
K13810,0.444,0.044,944.0,NC_005072.1_991,944.0,2.3e-47,158.7,3.7e-07,25.6,709.0,775.0,400.0,468.0,K01810,390.4,1.783815793110762e-70,1.783815793110762e-70,669.4,full,True,True,False,"K00033,K00036,K00134,K00615,K00873,K00886,K00918,K00927,K01057,K01624,K01689,K01783,K01803,K01808,K01834,K11389,K12406,K15634,K15916,K16305,K16370,K21071,K25026",23,"M00001,M00004,M00007",5348,0.25
K13812,0.0,0.0,401.0,NC_005072.1_1490,401.0,0.0024,13.3,0.0087,11.5,196.0,384.0,23.0,234.0,K01591,213.4,5.8062785610821166e-61,5.8062785610821166e-61,324.83,full,True,True,False,,0,"M00345,M00580",0,0.0
K13821,0.203,0.198,1183.0,NC_005072.1_335,1183.0,5.7e-28,94.3,8.4e-28,93.8,627.0,1015.0,27.0,418.0,K25072,484.3,3.9655341208055236e-118,3.9655341208055236e-118,666.87,domain,True,True,False,K00318,1,M00970,11382,0.532
K13829,0.726,0.257,755.0,NC_005072.1_730,755.0,9.300000000000001e-125,414.7,1.1000000000000002e-124,414.4,362.0,710.0,5.0,356.0,K01735,465.7,4.440892098500709e-16,4.440892098500709e-16,521.67,full,True,True,False,"K00014,K00800,K00891,K01626,K01735,K01736,K03785,K03786,K03856,K13830,K13832,K13853,K24018",13,M00022,12978,0.606
K13830,0.0,0.0,1583.0,NC_005072.1_730,1583.0,1.6e-93,310.8,2.1e-93,310.5,15.0,371.0,14.0,346.0,K01735,465.7,2.3466789174316443e-47,2.3466789174316443e-47,856.07,full,True,True,False,,0,M00022,81,0.004
K13831,0.0,0.0,427.0,NC_005072.1_1490,427.0,6e-07,25.5,8e-05,18.5,7.0,102.0,11.0,105.0,K01591,213.4,2.7318938139727886e-57,2.7318938139727886e-57,281.93,full,True,True,False,,0,"M00345,M00580",192,0.009
K13832,0.002,0.002,895.0,NC_005072.1_1909,895.0,4.1e-65,217.4,4.6e-65,217.2,553.0,828.0,2.0,284.0,K00014,281.2,6.227106260091662e-20,6.227106260091662e-20,366.93,full,True,True,False,,0,M00022,1181,0.055
K13853,0.004,0.004,,,,1000.0,0.0,,,,,,,,,,0.0,,,,,,,0,M00022,1597,0.075
K13877,0.072,0.036,526.0,NC_005072.1_335,526.0,4.4e-11,39.0,6.3e-11,38.4,146.0,412.0,105.0,359.0,K25072,484.3,8.940111407997665e-135,8.940111407997665e-135,613.0,full,True,True,False,"K12658,K21060,K21061,K21062,K22549,K22550",6,M00948,4836,0.226
K13937,0.0,0.0,893.0,NC_005072.1_1213,893.0,2.5e-77,257.6,1.5e-76,255.0,127.0,594.0,24.0,474.0,K00036,625.7,1.5518816435024724e-111,1.5518816435024724e-111,552.7,full,True,True,False,,0,"M00004,M00006",8,0.0
K13939,0.0,0.0,740.0,NC_005072.1_917,740.0,2.3e-96,320.5,2.7999999999999997e-96,320.2,451.0,737.0,9.0,280.0,K00796,341.8,3.219382258710167e-07,3.219382258710167e-07,666.93,full,True,True,False,,0,M00126,176,0.008
K13940,0.03,0.03,455.0,NC_005072.1_291,455.0,2.3e-21,73.5,3.3e-21,72.9,182.0,275.0,66.0,170.0,K00950,107.8,4.727931206101981e-11,4.727931206101981e-11,253.97,domain,True,True,False,K19965,1,M00126,4405,0.206
K13941,0.169,0.169,589.0,NC_005072.1_917,589.0,3.6e-102,339.5,4.3e-102,339.2,276.0,550.0,13.0,280.0,K00796,341.8,0.16878834856545996,0.16878834856545996,566.73,full,True,True,False,"K22099,K22100",2,"M00126,M00840",303,0.014
K13942,0.0,0.0,338.0,NC_005072.1_1476,338.0,0.002,14.1,0.0058,12.5,125.0,172.0,61.0,107.0,K00053,491.3,2.230930644834933e-144,2.230930644834933e-144,575.0,full,True,True,False,,0,"M00567,M00617",2,0.0
K13990,0.0,0.0,,,,1000.0,0.0,,,,,,,,,,0.0,,,,,,,0,M00045,272,0.013
K13995,0.024,0.017,281.0,NC_005072.1_678,281.0,1.4e-14,50.9,3.0,3.9,54.0,90.0,12.0,44.0,K23359,62.3,0.00036881400139350345,0.00036881400139350345,170.77,full,True,True,False,"K01799,K14974,K15357,K18028,K18029,K18030",6,M00622,3277,0.153
K13997,0.0,0.0,667.0,NC_005072.1_442,667.0,4.1e-70,233.8,2.9e-69,231.0,78.0,518.0,4.0,450.0,K00627,431.9,2.3225114244329213e-60,2.3225114244329213e-60,610.8,domain,True,True,False,,0,M00307,190,0.009
K13998,0.0,0.0,,,,1000.0,0.0,,,,,,,,,,0.0,,,,,,,0,"M00126,M00938",49,0.002
K14028,0.0,0.0,,,,1000.0,0.0,,,,,,,,,,0.0,,,,,,"K10944,K10945,K10946,K14029,K16157,K16158,K16159,K16160,K16162",9,M00174,203,0.009
K14029,0.0,0.0,,,,1000.0,0.0,,,,,,,,,,0.0,,,,,,"K10944,K10945,K10946,K14028,K16157,K16158,K16159,K16160,K16162",9,M00174,201,0.009
K14067,0.002,0.001,,,,1000.0,0.0,,,,,,,,,,0.0,,,,,,"K08691,K08692",2,M00346,649,0.03
K14073,0.0,0.0,,,,1000.0,0.0,,,,,,,,,,0.0,,,,,,K14074,1,M00098,29,0.001
K14074,0.0,0.0,,,,1000.0,0.0,,,,,,,,,,0.0,,,,,,,0,M00098,1,0.0
K14075,0.0,0.0,,,,1000.0,0.0,,,,,,,,,,0.0,,,,,,,0,M00098,10,0.0
K14076,0.0,0.0,,,,1000.0,0.0,,,,,,,,,,0.0,,,,,,,0,M00098,0,0.0
K14080,0.002,0.001,339.0,NC_005072.1_624,339.0,3.9999999999999997e-32,108.2,5.200000000000001e-32,107.8,10.0,332.0,9.0,341.0,K01599,421.4,5.216814064316819e-95,5.216814064316819e-95,384.8,full,True,True,False,"K00193,K00194,K00197,K00204,K00584,K04480,K11261,K14082,K14084,K14128,K16176,K16177,K16178,K16179",14,"M00356,M00617",637,0.03
K14081,0.0,0.0,257.0,NC_005072.1_978,257.0,5.8e-39,130.5,13.0,1.6,163.0,215.0,177.0,233.0,K00548,1132.0,3.299585166391729e-302,3.299585166391729e-302,303.4,full,True,True,False,,0,"M00356,M00617",9,0.0
K14082,0.002,0.0,339.0,NC_005072.1_624,339.0,2.9e-36,121.9,3.4e-36,121.6,39.0,333.0,46.0,340.0,K01599,421.4,6.942506557581447e-91,6.942506557581447e-91,481.23,full,True,True,False,"K00193,K00194,K00197,K00584,K04480,K11261,K14080,K14081,K14084,K16176,K16178,K16179",12,"M00563,M00617",536,0.025
K14083,0.002,0.001,,,,1000.0,0.0,,,,,,,,,,0.0,,,,,,"K14084,K16179",2,"M00563,M00617",858,0.04
K14084,0.0,0.0,218.0,NC_005072.1_978,218.0,2.0999999999999997e-43,145.1,2.0999999999999997e-43,145.1,7.0,192.0,648.0,830.0,K00548,1132.0,8.194024897432952e-298,8.194024897432952e-298,285.9,full,True,True,False,"K00194,K00197,K00584,K04480,K14080,K14081,K14082,K16176,K16178",9,"M00563,M00617",444,0.021
K14085,0.0,0.0,659.0,NC_005072.1_335,659.0,2.3e-25,85.9,3.3e-25,85.4,292.0,633.0,105.0,435.0,K25072,484.3,1.1739503441342096e-120,1.1739503441342096e-120,797.5,full,True,True,False,,0,"M00135,M00555",1,0.0
K14126,0.0,0.0,,,,1000.0,0.0,,,,,,,,,,0.0,,,,,,K14128,1,"M00356,M00357,M00563,M00567,M00617",83,0.004
K14127,0.1,0.1,225.0,NC_005072.1_1127,225.0,1.8,4.8,3.6,3.8,102.0,218.0,23.0,142.0,K25491,6.9,0.09968459787830869,0.09968459787830869,177.17,domain,True,True,False,"K00125,K00194,K00197,K00205,K00584,K03389,K03390,K11261,K14081,K14126,K14128,K16176,K16178",13,"M00356,M00357,M00563,M00567,M00617",405,0.019
K14128,0.0,0.0,384.0,NC_005072.1_297,384.0,1.3e-12,44.6,1.9e-08,30.9,208.0,250.0,138.0,179.0,K05582,413.5,8.913219455207115e-112,8.913219455207115e-112,247.27,full,True,True,False,K14126,1,"M00356,M00357,M00563,M00567,M00617",63,0.003
K14138,0.0,0.0,,,,1000.0,0.0,,,,,,,,,,0.0,,,,,,"K00194,K00197,K00198,K15023,K25008,K25123,K25124",7,"M00377,M00618",349,0.016
K14152,0.0,0.0,1213.0,NC_005072.1_1692,1213.0,3.4e-123,409.9,3.7e-123,409.8,773.0,1204.0,1.0,427.0,K00013,587.7,2.99824260329781e-54,2.99824260329781e-54,767.43,full,True,True,False,,0,M00026,54,0.003
K14153,0.446,0.044,724.0,NC_005072.1_375,724.0,4.7e-85,283.3,5.4e-85,283.1,72.0,326.0,7.0,258.0,K00941,304.4,4.448711732735191e-07,4.448711732735191e-07,387.47,full,True,True,False,"K00878,K00946,K03147,K03148,K03149,K03150,K03151,K03154",8,"M00127,M00899",5359,0.25
K14155,0.626,0.179,544.0,NC_005072.1_722,544.0,1.2e-50,169.5,1.5e-50,169.1,95.0,454.0,32.0,387.0,K00812,493.6,2.7300990591409473e-98,2.7300990591409473e-98,293.2,domain,True,True,False,"K00003,K00133,K00548,K00549,K00641,K00651,K00928,K01739,K01760,K12524,K12525,K24042",12,M00017,10816,0.505
K14170,0.302,0.153,518.0,NC_005072.1_1708,518.0,3.7e-73,243.7,4.4e-73,243.5,110.0,380.0,3.0,275.0,K04518,272.5,2.139617414286845e-09,2.139617414286845e-09,356.5,domain,True,True,False,"K00220,K00832,K01713,K01850,K04093,K04517,K05359,K06209,K14187,K15227,K15849,K24018",12,"M00024,M00025,M00040",10004,0.467
K14187,0.053,0.015,374.0,NC_005072.1_1767,374.0,1.3e-23,80.2,1.6000000000000002e-23,79.9,104.0,347.0,5.0,270.0,K15226,349.0,1.2109805435442085e-81,1.2109805435442085e-81,326.77,full,True,True,False,"K00832,K01713,K14170",3,"M00024,M00025",3167,0.148
K14188,0.081,0.066,96.0,NC_005072.1_1811,96.0,6.3e-13,45.7,6.8e-13,45.6,11.0,86.0,6.0,79.0,K02078,101.1,2.1034493419713665e-17,2.1034493419713665e-17,58.83,domain,True,True,False,"K03367,K03739,K03740,K19077,K19078",5,M00725,6588,0.308
K14205,0.155,0.155,877.0,NC_005072.1_527,877.0,1.4e-06,23.3,1.7e-06,23.1,136.0,309.0,103.0,306.0,K07027,74.1,5.101245448267032e-16,5.101245448267032e-16,382.87,full,True,True,False,"K19077,K19078",2,M00726,10071,0.471
K14249,0.0,0.0,,,,1000.0,0.0,,,,,,,,,,0.0,,,,,,,0,M00778,9,0.0
K14250,0.005,0.005,,,,1000.0,0.0,,,,,,,,,,0.0,,,,,,"K05552,K12420,K14249,K15884",4,M00778,1720,0.08
K14251,0.0,0.0,342.0,NC_005072.1_1399,342.0,0.0094,11.6,0.013,11.1,162.0,219.0,65.0,123.0,K15444,45.8,4.161364028685728e-11,4.161364028685728e-11,384.8,full,True,True,False,"K14255,K21297,K21301",3,"M00780,M00823",526,0.025
K14252,0.003,0.003,546.0,NC_005072.1_48,546.0,9.3e-05,17.7,61.0,-1.5,70.0,167.0,103.0,210.0,K03153,291.5,3.7843141985756165e-83,3.7843141985756165e-83,720.97,full,True,True,False,"K14255,K14257,K21301",3,"M00780,M00823",1355,0.063
K14253,0.014,0.011,413.0,NC_005072.1_217,413.0,3.3e-07,26.7,130.0,-1.6,166.0,186.0,146.0,166.0,K17722,70.1,6.097872623199542e-14,6.097872623199542e-14,465.4,full,True,True,False,"K14251,K14254,K14255,K14256,K21297,K21301",6,"M00780,M00823",2648,0.124
K14254,0.018,0.016,361.0,NC_005072.1_722,361.0,7.9e-27,91.1,1.1e-26,90.6,18.0,359.0,27.0,385.0,K00812,493.6,6.845840009395102e-122,6.845840009395102e-122,574.13,full,True,True,False,"K14251,K14252,K14253,K14255,K14256,K14257,K21297,K21301",8,"M00780,M00823",3222,0.151
K14255,0.0,0.0,345.0,NC_005072.1_1023,345.0,0.00044,16.3,0.00063,15.7,238.0,326.0,245.0,337.0,K15256,62.9,9.258107095834172e-15,9.258107095834172e-15,450.77,full,True,True,False,K21301,1,"M00780,M00823",171,0.008
K14256,0.011,0.008,500.0,NC_005072.1_559,500.0,2.1e-07,26.6,88.0,-1.9,279.0,300.0,258.0,279.0,K21401,127.0,5.978447636025769e-31,5.978447636025769e-31,663.93,full,True,True,False,"K14251,K14252,K14253,K14254,K14255,K14257,K21297,K21301",8,"M00780,M00823",2325,0.109
K14257,0.015,0.001,551.0,NC_005072.1_559,551.0,7.7e-18,61.1,1.3,4.3,321.0,367.0,254.0,300.0,K21401,127.0,1.4525238767752614e-20,1.4525238767752614e-20,351.83,full,True,True,False,"K19981,K19982,K21301",3,"M00790,M00823",614,0.029
K14263,0.0,0.0,,,,1000.0,0.0,,,,,,,,,,0.0,,,,,,,0,"M00038,M00912",121,0.006
K14266,0.002,0.002,722.0,NC_005072.1_1768,722.0,7.7e-05,18.1,0.00011,17.6,42.0,78.0,4.0,36.0,K00466,29.1,0.00048575384214600615,0.00048575384214600615,396.6,full,True,True,False,K19981,1,M00790,1054,0.049
K14267,0.744,0.1,495.0,NC_005072.1_722,495.0,5.6e-90,299.4,7.000000000000001e-90,299.0,94.0,458.0,21.0,386.0,K00812,493.6,3.4671676515469864e-59,3.4671676515469864e-59,468.07,domain,True,True,False,"K00133,K00215,K00674,K00821,K00928,K01439,K01586,K01714,K01778",9,M00016,8069,0.377
K14268,0.012,0.005,426.0,NC_005072.1_1462,426.0,2.6e-62,207.6,5.3e-62,206.6,26.0,424.0,42.0,423.0,K00821,519.8,1.0433628128633656e-94,1.0433628128633656e-94,798.4,full,True,True,False,"K00468,K01506,K01825,K15737",4,M00957,1805,0.084
K14366,0.0,0.0,,,,1000.0,0.0,,,,,,,,,,0.0,,,,,,"K14367,K15997",2,M00774,23,0.001
K14367,0.0,0.0,,,,1000.0,0.0,,,,,,,,,,0.0,,,,,,,0,M00774,2,0.0
K14368,0.0,0.0,427.0,NC_005072.1_203,427.0,0.00076,15.5,0.0011,14.9,316.0,389.0,245.0,321.0,K02563,285.4,5.649423996179695e-82,5.649423996179695e-82,639.5,full,True,True,False,,0,M00774,75,0.004
K14369,0.0,0.0,300.0,NC_005072.1_1709,300.0,3.8e-16,55.9,5.2e-16,55.5,17.0,191.0,23.0,199.0,K18534,364.8,1.0276242385188389e-93,1.0276242385188389e-93,361.8,full,True,True,False,K14367,1,M00774,270,0.013
K14370,0.0,0.0,,,,1000.0,0.0,,,,,,,,,,0.0,,,,,,K14367,1,M00774,89,0.004
K14371,0.0,0.0,3972.0,NC_005072.1_142,3972.0,4.899999999999999e-24,79.7,1.2e-23,78.4,2637.0,2922.0,4.0,283.0,K00645,276.1,7.545861880241049e-60,7.545861880241049e-60,,,True,True,False,"K14372,K14375,K24567",3,M00777,15,0.001
K14372,0.0,0.0,,,,1000.0,0.0,,,,,,,,,,0.0,,,,,,"K14375,K24567",2,M00777,3,0.0
K14373,0.0,0.0,302.0,NC_005072.1_491,302.0,1.3000000000000001e-30,103.4,3.9e-29,98.5,38.0,297.0,6.0,249.0,K00059,358.4,1.7272337110189514e-77,1.7272337110189514e-77,,,True,True,False,"K14372,K14375,K24567",3,M00777,21,0.001
K14374,0.0,0.0,283.0,NC_005072.1_1709,283.0,3.8e-19,66.4,5.1e-19,66.0,11.0,207.0,32.0,234.0,K18534,364.8,1.4881588583799331e-90,1.4881588583799331e-90,,,True,True,False,"K14372,K14375,K24567",3,M00777,39,0.002
K14375,0.0,0.0,,,,1000.0,0.0,,,,,,,,,,0.0,,,,,,K14372,1,M00777,7,0.0
K14446,0.006,0.002,420.0,NC_005072.1_1393,420.0,6e-17,58.0,1.6e-16,56.6,85.0,271.0,54.0,233.0,K00121,247.2,1.1094546977665859e-57,1.1094546977665859e-57,499.23,full,True,True,False,"K08691,K14447,K14448,K14449,K14451",5,M00373,1090,0.051
K14447,0.01,0.005,670.0,NC_005072.1_978,670.0,8.4e-06,21.0,1.3e-05,20.4,522.0,628.0,725.0,835.0,K00548,1132.0,0.0,0.0,932.23,full,True,True,False,"K01965,K08691,K14446,K14448,K14449,K14451",6,M00373,1785,0.083
K14448,0.006,0.002,,,,1000.0,0.0,,,,,,,,,,0.0,,,,,,"K08691,K14446,K14447,K14449,K14451",5,M00373,1108,0.052
K14449,0.011,0.005,353.0,NC_005072.1_1498,353.0,0.0023,13.7,0.003,13.3,88.0,122.0,94.0,128.0,K02372,220.1,7.369005716809538e-63,7.369005716809538e-63,261.63,full,True,True,False,"K01847,K01848,K01849,K01965,K08691,K08928,K08929,K09709,K14446,K14447,K14448,K14451,K14470,K14471,K14472,K19280",16,"M00373,M00376,M00613,M00740",1865,0.087
K14451,0.035,0.012,,,,1000.0,0.0,,,,,,,,,,0.0,,,,,,"K00023,K01847,K01965,K01966,K05606,K08691,K14446,K14447,K14448,K14449",10,M00373,2812,0.131
K14452,0.0,0.0,471.0,NC_005072.1_1225,471.0,0.02,10.4,0.029,9.9,200.0,261.0,115.0,176.0,K15756,73.9,7.628846826418045e-20,7.628846826418045e-20,605.07,domain,True,True,False,,0,M00098,10,0.0
K14465,0.0,0.0,369.0,NC_005072.1_1393,369.0,1.0999999999999999e-69,231.7,9.3e-14,47.7,1.0,85.0,1.0,87.0,K00121,247.2,2.1578428862234115e-05,2.1578428862234115e-05,455.6,domain,True,True,False,,0,"M00374,M00375",499,0.023
K14466,0.001,0.001,570.0,NC_005072.1_660,570.0,5.9e-79,262.8,1.6e-78,261.5,48.0,562.0,94.0,644.0,K01895,995.1,3.5952920569476265e-221,3.5952920569476265e-221,863.07,domain,True,True,False,K15036,1,M00375,949,0.044
K14467,0.0,0.0,631.0,NC_005072.1_660,631.0,9.9e-206,681.4,1.1999999999999999e-205,681.2,3.0,621.0,35.0,658.0,K01895,995.1,3.6888446010674586e-95,3.6888446010674586e-95,1041.5,domain,True,True,False,,0,M00374,8,0.0
K14468,0.0,0.0,1227.0,NC_005072.1_491,1227.0,1.4e-25,86.2,17.0,-0.2,267.0,299.0,216.0,249.0,K00059,358.4,1.1471895447323655e-82,1.1471895447323655e-82,1739.5,full,True,True,False,K14469,1,"M00376,M00613",18,0.001
K14469,0.0,0.0,1814.0,NC_005072.1_660,1814.0,4.5e-110,365.6,0.64,3.7,12.0,50.0,27.0,65.0,K01895,995.1,3.1740789836838937e-190,3.1740789836838937e-190,1888.77,full,True,True,False,K14468,1,"M00376,M00613",33,0.002
K14470,0.005,0.002,,,,1000.0,0.0,,,,,,,,,,0.0,,,,,,"K01848,K01849,K09709,K14449,K14469,K14472",6,"M00376,M00613",1068,0.05
K14471,0.0,0.0,,,,1000.0,0.0,,,,,,,,,,0.0,,,,,,,0,"M00376,M00613",62,0.003
K14472,0.0,0.0,,,,1000.0,0.0,,,,,,,,,,0.0,,,,,,,0,"M00376,M00613",37,0.002
K14534,0.001,0.001,,,,1000.0,0.0,,,,,,,,,,0.0,,,,,,K15036,1,"M00374,M00375",621,0.029
K14578,0.001,0.001,105.0,NC_005072.1_886,105.0,4.5e-10,36.2,8.3e-10,35.3,4.0,72.0,47.0,116.0,K22895,102.2,1.0949732733753366e-20,1.0949732733753366e-20,131.6,domain,True,True,False,"K00152,K14579,K14580,K14581,K14582,K14583,K14585,K18242,K18243",9,"M00534,M00638",740,0.035
K14579,0.0,0.0,447.0,NC_005072.1_886,447.0,7.3e-08,28.3,1.2e-07,27.6,63.0,216.0,72.0,228.0,K22895,102.2,4.584231627305389e-23,4.584231627305389e-23,666.07,full,True,True,False,"K14580,K14582,K14583,K14585",4,M00534,30,0.001
K14580,0.0,0.0,,,,1000.0,0.0,,,,,,,,,,0.0,,,,,,"K14579,K14582,K14583,K14585",4,M00534,20,0.001
K14581,0.001,0.001,329.0,NC_005072.1_1514,329.0,3.6e-19,65.5,4.1e-19,65.3,8.0,91.0,15.0,97.0,K02639,180.6,2.246195221877428e-35,2.246195221877428e-35,387.93,full,True,True,False,"K00152,K14578,K14579,K14580,K14582,K14583,K14585,K18242,K18243",9,"M00534,M00638",657,0.031
K14582,0.0,0.0,260.0,NC_005072.1_491,260.0,9.1e-26,87.7,8.4e-25,84.6,3.0,257.0,7.0,249.0,K00059,358.4,3.2447420255461724e-82,3.2447420255461724e-82,433.2,full,True,True,False,"K14579,K14580,K14583,K14585",4,M00534,22,0.001
K14583,0.0,0.0,302.0,NC_005072.1_222,302.0,0.0049,12.7,0.0063,12.4,5.0,125.0,7.0,122.0,K21265,44.2,1.9221237611658157e-10,1.9221237611658157e-10,660.77,full,True,True,False,"K14579,K14580,K14582,K14585",4,M00534,16,0.001
K14584,0.038,0.038,,,,1000.0,0.0,,,,,,,,,,0.0,,,,,,"K00152,K14578,K14579,K14580,K14581,K14582,K14583,K14585",8,M00534,4972,0.232
K14585,0.0,0.0,330.0,NC_005072.1_1856,330.0,4.8e-21,72.1,6.4e-21,71.7,30.0,159.0,25.0,154.0,K01714,330.8,1.329046333663704e-78,1.329046333663704e-78,405.87,full,True,True,False,"K14579,K14580,K14582,K14583",4,M00534,53,0.002
K14626,0.001,0.001,,,,1000.0,0.0,,,,,,,,,,0.0,,,,,,"K14627,K14628,K14630",3,M00779,599,0.028
K14627,0.0,0.0,,,,1000.0,0.0,,,,,,,,,,0.0,,,,,,,0,M00779,268,0.013
K14628,0.0,0.0,,,,1000.0,0.0,,,,,,,,,,0.0,,,,,,K14630,1,M00779,429,0.02
K14629,0.011,0.01,304.0,NC_005072.1_1393,304.0,2.7e-11,40.3,2.4e-05,20.8,20.0,90.0,17.0,86.0,K00121,247.2,5.210491001184869e-63,5.210491001184869e-63,411.9,full,True,True,False,"K05556,K14626,K14627,K14628,K14630,K14631,K14632",7,M00779,2553,0.119
K14630,0.0,0.0,,,,1000.0,0.0,,,,,,,,,,0.0,,,,,,,0,M00779,205,0.01
K14631,0.002,0.002,169.0,NC_005072.1_984,169.0,1.1e-23,80.3,1.3e-23,80.0,20.0,148.0,24.0,156.0,K21185,93.0,0.00014975577751810275,0.00014975577751810275,194.83,full,True,True,False,"K05556,K14626,K14627,K14628,K14630",5,M00779,1098,0.051
K14632,0.003,0.003,,,,1000.0,0.0,,,,,,,,,,0.0,,,,,,"K05556,K14626,K14627,K14628,K14630",5,M00779,1443,0.067
K14652,1.0,1.0,551.0,NC_005072.1_994,551.0,1.2e-209,694.4,1.3000000000000002e-209,694.2,75.0,481.0,17.0,442.0,K14652,694.4,1.0,1.0,358.5,full,False,False,False,"K00082,K00287,K00793,K00794,K01497,K01498,K01633,K02858,K11752,K11753,K13941,K20860,K20861,K20862,K20884,K21063,K21064,K22099,K22100,K22912",20,"M00125,M00840",16634,0.777
K14657,0.101,0.101,304.0,NC_005072.1_152,304.0,3.3e-13,46.5,4.4e-13,46.1,8.0,219.0,8.0,222.0,K21900,294.9,1.5831946192788744e-75,1.5831946192788744e-75,252.67,full,True,True,False,"K14658,K14659,K14666",3,M00664,8129,0.38
K14658,0.001,0.001,194.0,NC_005072.1_601,194.0,0.00026,17.5,0.00044,16.7,89.0,137.0,113.0,162.0,K22450,158.7,3.122946988707785e-43,3.122946988707785e-43,119.53,full,True,True,False,"K14659,K14666",2,M00664,581,0.027
K14659,0.001,0.001,,,,1000.0,0.0,,,,,,,,,,0.0,,,,,,"K14658,K14666",2,M00664,705,0.033
K14666,0.001,0.0,433.0,NC_005072.1_1862,433.0,6.2e-15,51.6,1.9e-14,50.0,26.0,186.0,54.0,215.0,K19003,414.3,6.552704336591387e-110,6.552704336591387e-110,411.8,full,True,True,False,"K14658,K14659",2,M00664,472,0.022
K14674,0.0,0.0,,,,1000.0,0.0,,,,,,,,,,0.0,,,,,,,0,M00098,446,0.021
K14675,0.0,0.0,,,,1000.0,0.0,,,,,,,,,,0.0,,,,,,,0,M00098,4,0.0
K14677,0.0,0.0,,,,1000.0,0.0,,,,,,,,,,0.0,,,,,,,0,M00028,6,0.0
K14681,0.031,0.009,626.0,NC_005072.1_12,626.0,9.3e-160,529.7,1.0000000000000001e-159,529.6,3.0,456.0,4.0,457.0,K01755,679.0,1.1382080356582104e-45,1.1382080356582104e-45,964.23,full,True,True,False,"K14682,K22477",2,"M00028,M00844",2393,0.112
K14682,0.346,0.053,632.0,NC_005072.1_538,632.0,6.9e-52,173.6,8e-52,173.4,136.0,429.0,8.0,283.0,K00930,439.7,7.868974787476699e-81,7.868974787476699e-81,235.97,full,True,True,False,"K00145,K00619,K00620,K00930,K01438,K14681,K22477",7,M00028,5913,0.276
K14727,0.151,0.07,654.0,NC_005072.1_1802,654.0,2.1e-11,39.7,0.046,8.9,436.0,496.0,237.0,298.0,K05714,124.6,2.770465452012109e-26,2.770465452012109e-26,352.03,domain,True,True,False,"K01055,K01856,K03381,K03464",4,M00568,6756,0.316
K14759,0.0,0.0,1851.0,NC_005072.1_648,1851.0,9.500000000000001e-81,268.6,1.3e-80,268.2,512.0,1099.0,19.0,578.0,K02551,393.0,3.563432522761478e-38,3.563432522761478e-38,1228.6,full,True,True,False,,0,M00932,27,0.001
K14760,0.0,0.0,670.0,NC_005072.1_437,670.0,4.9e-42,140.9,1.5999999999999999e-24,83.0,448.0,583.0,431.0,573.0,K01897,440.1,8.547228162976412e-91,8.547228162976412e-91,383.97,domain,True,True,False,,0,M00932,7,0.0
K14941,0.19,0.009,286.0,NC_005072.1_652,286.0,0.0063,12.5,0.0088,12.0,104.0,161.0,62.0,117.0,K04042,574.8,5.380633833381804e-170,5.380633833381804e-170,82.1,full,True,True,False,"K11212,K12234",2,M00378,2392,0.112
K14974,0.011,0.003,382.0,NC_005072.1_559,382.0,4.1e-08,29.0,8.5e-06,21.4,4.0,184.0,3.0,174.0,K21401,127.0,3.1554435799509823e-30,3.1554435799509823e-30,473.73,full,True,True,False,"K01799,K13995,K15357,K18028,K18029,K18030",6,M00622,1500,0.07
K15013,0.0,0.0,792.0,NC_005072.1_437,792.0,9.7e-80,265.4,0.011,10.5,708.0,741.0,608.0,641.0,K01897,440.1,2.5707494851682297e-53,2.5707494851682297e-53,638.0,full,True,True,False,,0,M00086,301,0.014
K15016,0.0,0.0,654.0,NC_005072.1_649,654.0,3.9e-47,157.9,4.7e-47,157.6,396.0,652.0,16.0,279.0,K01661,459.9,1.2272733663244733e-91,1.2272733663244733e-91,443.0,domain,True,True,False,K15036,1,"M00374,M00375",445,0.021
K15017,0.0,0.0,356.0,NC_005072.1_1857,356.0,1.9e-14,50.2,1.5e-11,40.7,3.0,200.0,10.0,187.0,K00133,426.4,5.656081141985207e-114,5.656081141985207e-114,696.17,full,True,True,False,,0,"M00374,M00375",17,0.001
K15018,0.0,0.0,654.0,NC_005072.1_660,654.0,1.3e-191,635.2,1.5e-191,635.0,23.0,643.0,36.0,658.0,K01895,995.1,4.56356836106599e-109,4.56356836106599e-109,1311.6,full,True,True,False,,0,M00375,2,0.0
K15019,0.004,0.003,261.0,NC_005072.1_649,261.0,1.3e-56,188.7,1.6e-56,188.4,12.0,259.0,27.0,279.0,K01661,459.9,2.2943790894646702e-82,2.2943790894646702e-82,339.57,domain,True,True,False,"K01849,K01964",2,M00375,1441,0.067
K15020,0.0,0.0,336.0,NC_005072.1_1393,336.0,1.1999999999999999e-41,139.6,1.8e-41,139.0,1.0,335.0,1.0,342.0,K00121,247.2,4.065904929776836e-33,4.065904929776836e-33,345.0,domain,True,True,False,,0,M00375,163,0.008
K15022,0.01,0.009,609.0,NC_005072.1_1304,609.0,2.4e-21,72.6,2.4e-20,69.3,154.0,497.0,6.0,340.0,K00384,476.5,2.5940882784799866e-122,2.5940882784799866e-122,642.27,domain,True,True,False,"K00194,K00197,K00198,K01500,K05299,K14138,K15023,K15024,K25008,K25123,K25124",11,"M00377,M00618",2410,0.113
K15023,0.002,0.001,266.0,NC_005072.1_978,266.0,1.9000000000000002e-57,191.4,2.7e-57,190.9,3.0,233.0,347.0,584.0,K00548,1132.0,7.098818598498431e-284,7.098818598498431e-284,268.37,domain,True,True,False,"K00194,K00197,K00198,K14138,K25007,K25008,K25123,K25124",8,"M00377,M00618",905,0.042
K15024,0.009,0.007,,,,1000.0,0.0,,,,,,,,,,0.0,,,,,,"K00194,K00197,K00198,K01500,K14138,K15022,K15023,K22015,K25008,K25123,K25124",11,"M00579,M00618",2172,0.101
K15036,0.0,0.0,523.0,NC_005072.1_860,523.0,1.3e-12,43.9,1.7e-12,43.6,41.0,196.0,61.0,229.0,K01963,459.9,5.90910631538299e-126,5.90910631538299e-126,1079.7,full,True,True,False,,0,"M00375,M00741",4,0.0
K15037,0.0,0.0,169.0,NC_005072.1_27,169.0,5.3e-09,33.0,8.6e-09,32.3,116.0,169.0,113.0,166.0,K02160,160.5,4.156000133564547e-39,4.156000133564547e-39,133.0,domain,True,True,False,,0,"M00375,M00741",157,0.007
K15038,0.0,0.0,472.0,NC_005072.1_335,472.0,4.8e-47,157.4,6.1e-47,157.1,29.0,469.0,8.0,436.0,K25072,484.3,3.920075372767545e-99,3.920075372767545e-99,694.93,domain,True,True,False,,0,"M00374,M00375",2,0.0
K15039,0.0,0.0,,,,1000.0,0.0,,,,,,,,,,0.0,,,,,,,0,M00375,0,0.0
K15052,0.0,0.0,535.0,NC_005072.1_573,535.0,0.0013,14.2,0.0016,13.9,91.0,204.0,99.0,217.0,K01962,527.7,2.6369216537156986e-155,2.6369216537156986e-155,1029.73,full,True,True,False,,0,"M00376,M00613",38,0.002
K15227,0.0,0.0,495.0,NC_005072.1_88,495.0,0.00089,15.0,0.0014,14.3,115.0,153.0,9.0,47.0,K03499,157.2,1.5614734943538894e-43,1.5614734943538894e-43,272.5,full,True,True,False,K01850,1,M00040,28,0.001
K15230,0.0,0.0,609.0,NC_005072.1_167,609.0,9.8e-07,24.0,4.3,2.1,349.0,393.0,19.0,62.0,K01647,409.8,7.28254740648469e-117,7.28254740648469e-117,907.6,full,True,True,False,"K08940,K08941,K08943,K15231",4,"M00173,M00614",28,0.001
K15231,0.0,0.0,,,,1000.0,0.0,,,,,,,,,,0.0,,,,,,"K08940,K08941,K08943,K15230",4,"M00173,M00614",31,0.001
K15314,0.004,0.003,1968.0,NC_005072.1_142,1968.0,1.9e-51,171.3,2.2e-51,171.1,584.0,858.0,3.0,291.0,K00645,276.1,2.8317600754651043e-32,2.8317600754651043e-32,1076.83,domain,True,True,False,"K21160,K21161,K21163,K21165,K21166,K21167",6,M00824,1458,0.068
K15320,0.0,0.0,1741.0,NC_005072.1_1812,1741.0,7.900000000000001e-38,126.2,8.6e-38,126.1,165.0,423.0,151.0,403.0,K09458,588.8,5.540181667204569e-140,5.540181667204569e-140,2183.77,domain,True,True,False,"K21191,K21192",2,M00829,411,0.019
K15357,0.01,0.002,273.0,NC_005072.1_1831,273.0,1.4e-11,40.5,0.025,10.1,192.0,267.0,220.0,300.0,K22369,86.1,1.0981347219161295e-14,1.0981347219161295e-14,222.33,full,True,True,False,"K01799,K13995,K14974,K18028,K18029,K18030",6,M00622,1150,0.054
K15359,0.001,0.001,,,,1000.0,0.0,,,,,,,,,,0.0,,,,,,,0,M00811,878,0.041
K15376,0.0,0.0,950.0,NC_005072.1_261,950.0,4e-05,18.7,6.5e-05,18.0,610.0,703.0,17.0,103.0,K03742,490.3,1.0820667318758125e-142,1.0820667318758125e-142,398.77,full,True,True,False,,0,M00880,21,0.001
K15408,0.005,0.005,1073.0,NC_005072.1_482,1073.0,5.400000000000001e-211,700.4,7e-211,700.0,226.0,740.0,16.0,529.0,K02274,785.9,1.8278281887572227e-26,1.8278281887572227e-26,906.77,full,True,True,False,,0,M00155,1742,0.081
K15576,1.0,1.0,483.0,NC_005072.1_397,483.0,3.6e-157,520.8,4.3000000000000004e-157,520.6,40.0,454.0,126.0,559.0,K15576,520.8,1.0,1.0,512.4,domain,False,False,False,"K00361,K00366,K00367,K00372,K02575,K10534,K15577,K15578,K15579,K26138,K26139",11,M00615,4445,0.208
K15577,1.0,1.0,448.0,NC_005072.1_398,448.0,9.4e-105,348.0,1.1e-104,347.7,168.0,415.0,10.0,258.0,K15577,348.0,1.0,1.0,284.53,full,False,False,False,"K00361,K00366,K00372,K10534,K15576,K15578,K15579,K26138,K26139",9,M00615,3451,0.161
K15578,1.0,1.0,280.0,NC_005072.1_399,280.0,3.6e-110,364.5,4.2e-110,364.3,6.0,260.0,14.0,278.0,K15578,364.5,0.9999854665628013,0.9999854665628013,400.9,full,False,True,False,"K00361,K00366,K00372,K10534,K15576,K15577,K15579,K26138,K26139",9,M00615,3099,0.145
K15579,0.0,0.0,269.0,NC_005072.1_399,269.0,2.7999999999999996e-105,348.1,3.3999999999999995e-105,347.8,16.0,263.0,29.0,277.0,K15578,364.5,1.15638316187964e-05,1.15638316187964e-05,412.67,domain,True,True,False,,0,M00615,415,0.019
K15633,1.0,1.0,648.0,NC_005072.1_1638,648.0,2.5e-220,729.9,2.9e-220,729.7,78.0,582.0,11.0,526.0,K15633,729.9,1.0,1.0,79.17,full,False,False,False,"K00134,K00150,K00844,K00845,K00850,K00873,K00918,K00927,K01086,K01610,K01622,K01623,K01624,K01689,K01803,K01810,K02446,K03841,K04041,K06859,K11389,K11532,K11645,K12406,K15634,K15635,K16305,K16306,K16370,K21071,K25026",31,"M00001,M00002,M00003",11803,0.552
K15634,0.51,0.27,334.0,NC_005072.1_554,334.0,1.9e-75,251.2,1.7e-36,123.1,58.0,257.0,2.0,219.0,K22305,377.0,1.3502884270978902e-38,1.3502884270978902e-38,199.0,domain,True,True,False,"K00134,K00150,K00844,K00845,K00850,K00873,K00886,K00918,K00927,K01086,K01596,K01610,K01623,K01624,K01689,K01803,K01810,K01834,K02446,K03841,K04041,K06859,K08074,K11532,K11645,K12406,K13810,K15633,K15635,K15916,K16305,K16306,K16370,K21071,K25026",35,"M00001,M00002,M00003",13283,0.621
K15635,0.017,0.011,472.0,NC_005072.1_1638,472.0,1.2e-13,47.3,0.099,8.0,22.0,66.0,10.0,51.0,K15633,729.9,3.2879481465473e-206,3.2879481465473e-206,113.4,full,True,True,False,"K00844,K01086,K01622,K08074,K11389",5,"M00001,M00002,M00003",2626,0.123
K15736,1.0,1.0,874.0,NC_005072.1_1374,874.0,1.5000000000000001e-117,390.7,1.7e-117,390.5,156.0,546.0,6.0,401.0,K15736,390.7,1.0,1.0,576.33,full,False,True,False,"K00137,K00468,K01506,K01582,K01692,K01782,K01825,K07250,K09251,K14268,K15737",11,"M00956,M00957",3720,0.174
K15737,0.001,0.001,,,,1000.0,0.0,,,,,,,,,,0.0,,,,,,,0,"M00956,M00957,M00960",783,0.037
K15739,0.0,0.0,346.0,NC_005072.1_1467,346.0,6.1e-70,232.6,7.799999999999999e-70,232.3,3.0,340.0,6.0,352.0,K01921,327.2,3.33090625580353e-29,3.33090625580353e-29,548.5,full,True,True,False,K18347,1,M00651,340,0.016
K15744,1.0,1.0,341.0,NC_005072.1_153,341.0,1e-107,357.1,1.2e-107,356.9,109.0,338.0,5.0,231.0,K15744,357.1,1.0,1.0,271.73,full,False,False,False,"K00514,K02293,K09835",3,M00097,549,0.026
K15745,0.0,0.0,552.0,NC_005072.1_1254,552.0,3.3999999999999997e-43,144.8,4.2e-42,141.1,6.0,509.0,20.0,525.0,K09835,852.3,1.0502146392061603e-213,1.0502146392061603e-213,572.9,full,True,True,False,,0,M00097,9,0.0
K15750,0.0,0.0,,,,1000.0,0.0,,,,,,,,,,0.0,,,,,,"K08689,K18087,K18088",3,M00543,109,0.005
K15751,0.298,0.0,385.0,NC_005072.1_886,385.0,1.2e-15,54.0,1.9e-15,53.3,23.0,199.0,39.0,232.0,K22895,102.2,2.498834202443374e-15,2.498834202443374e-15,436.07,full,True,True,False,"K15755,K15756",2,M00544,187,0.009
K15752,0.0,0.0,103.0,NC_005072.1_886,103.0,2.1e-05,21.3,4.9e-05,20.1,3.0,72.0,48.0,117.0,K22895,102.2,3.5814309588323393e-25,3.5814309588323393e-25,151.33,full,True,True,False,,0,M00544,63,0.003
K15753,0.0,0.0,329.0,NC_005072.1_1653,329.0,3e-08,29.9,3.2e-08,29.8,13.0,88.0,18.0,90.0,K16161,59.4,1.3170802651669712e-09,1.3170802651669712e-09,,,True,True,False,,0,M00544,0,0.0
K15754,0.244,0.0,,,,1000.0,0.0,,,,,,,,,,0.0,,,,,,"K15755,K15756",2,M00544,267,0.012
K15755,0.255,0.0,,,,1000.0,0.0,,,,,,,,,,0.0,,,,,,"K15754,K15756",2,M00544,140,0.007
K15756,0.995,0.995,277.0,NC_005072.1_1225,277.0,1.2e-21,73.9,1.6e-21,73.5,25.0,264.0,55.0,288.0,K15756,73.9,0.9950928822116558,0.9950928822116558,374.9,full,False,True,False,K15755,1,M00544,56,0.003
K15757,0.0,0.0,,,,1000.0,0.0,,,,,,,,,,0.0,,,,,,,0,M00537,25,0.001
K15758,0.0,0.0,346.0,NC_005072.1_1514,346.0,3.8e-16,55.6,4.3e-16,55.5,16.0,99.0,13.0,94.0,K02639,180.6,2.3509887016445954e-38,2.3509887016445954e-38,504.5,full,True,True,False,K15757,1,M00537,147,0.007
K15760,0.0,0.0,,,,1000.0,0.0,,,,,,,,,,0.0,,,,,,"K15761,K15763,K15764,K15765",4,M00538,175,0.008
K15761,0.0,0.0,,,,1000.0,0.0,,,,,,,,,,0.0,,,,,,"K15760,K15763,K15764,K15765",4,M00538,167,0.008
K15762,0.002,0.002,159.0,NC_005072.1_886,159.0,5.5e-09,33.1,1.3e-08,31.9,3.0,77.0,48.0,121.0,K22895,102.2,1.2770577361377971e-21,1.2770577361377971e-21,100.27,domain,True,True,False,"K15760,K15761,K15763,K15764,K15765",5,M00538,1036,0.048
K15763,0.0,0.0,,,,1000.0,0.0,,,,,,,,,,0.0,,,,,,"K15760,K15761,K15764,K15765",4,M00538,178,0.008
K15764,0.0,0.0,,,,1000.0,0.0,,,,,,,,,,0.0,,,,,,"K15760,K15761,K15763,K15765",4,M00538,182,0.009
K15765,0.0,0.0,340.0,NC_005072.1_1214,340.0,1e-17,61.1,1.4e-17,60.7,149.0,321.0,146.0,339.0,K02641,505.4,1.7880222815996378e-134,1.7880222815996378e-134,323.53,full,True,True,False,"K15760,K15761,K15763,K15764",4,M00538,190,0.009
K15778,0.56,0.074,978.0,NC_005072.1_246,978.0,2.9e-81,270.6,3.4000000000000003e-81,270.4,503.0,946.0,2.0,442.0,K03431,507.0,6.862921400389809e-72,6.862921400389809e-72,445.7,domain,True,True,False,"K00688,K00705,K00845,K00963,K01835,K12447,K22451",7,"M00549,M00855",6965,0.325
K15779,0.266,0.07,1062.0,NC_005072.1_282,1062.0,1.4000000000000001e-30,102.9,8.4e-29,96.9,169.0,691.0,8.0,470.0,K01840,256.7,5.03021637759312e-47,5.03021637759312e-47,979.7,full,True,True,False,"K00688,K00705,K00844,K00963,K01196,K01200,K12447,K16153,K25026",9,"M00549,M00855",6774,0.317
K15783,0.012,0.009,392.0,NC_005072.1_515,392.0,7.099999999999999e-26,87.7,1.0999999999999999e-25,87.0,132.0,361.0,20.0,254.0,K01265,316.3,1.529477143287379e-69,1.529477143287379e-69,387.4,full,True,True,False,"K15784,K15785,K15786",3,M00919,2386,0.111
K15784,0.009,0.006,476.0,NC_005072.1_227,476.0,1.4e-05,20.4,2.2e-05,19.7,55.0,188.0,5.0,136.0,K01437,280.3,5.785010172087952e-79,5.785010172087952e-79,419.13,full,True,True,False,"K15783,K15785,K15786",3,M00919,1932,0.09
K15785,0.008,0.004,508.0,NC_005072.1_1676,508.0,5.1e-58,193.6,6.5e-58,193.2,33.0,445.0,30.0,423.0,K00833,482.1,1.4218253429925884e-87,1.4218253429925884e-87,623.17,full,True,True,False,"K15783,K15784,K15786",3,M00919,1612,0.075
K15786,0.007,0.003,494.0,NC_005072.1_335,494.0,4.5e-45,151.0,5.8e-45,150.7,76.0,489.0,23.0,434.0,K25072,484.3,4.6419712378696785e-101,4.6419712378696785e-101,741.63,domain,True,True,False,"K15783,K15784,K15785",3,M00919,1366,0.064
K15842,0.001,0.0,,,,1000.0,0.0,,,,,,,,,,0.0,,,,,,"K12086,K12087,K12088,K12089,K12090,K12091,K12092,K12093,K12094,K12095,K12096,K12098,K12099,K12100,K12101,K12102,K12103,K12104,K12105,K12106,K12107,K12108,K12109,K12110",24,M00564,25,0.001
K15849,0.0,0.0,592.0,NC_005072.1_722,592.0,6.3e-128,424.6,7.9e-128,424.2,144.0,541.0,3.0,388.0,K00812,493.6,1.6940658945085753e-21,1.6940658945085753e-21,614.13,full,True,True,False,,0,M00040,23,0.001
K15862,0.006,0.006,925.0,NC_005072.1_482,925.0,3.1e-11,38.6,77.0,-2.4,305.0,335.0,103.0,129.0,K02274,785.9,1.0971960623009432e-225,1.0971960623009432e-225,1001.3,full,True,True,False,,0,M00156,1910,0.089
K15864,0.002,0.001,546.0,NC_005072.1_1196,546.0,8.1e-07,24.7,8.1e-07,24.7,41.0,114.0,61.0,129.0,K12263,52.0,3.3310354403224313e-09,3.3310354403224313e-09,432.3,full,True,True,False,K02305,1,"M00529,M00973",653,0.031
K15866,0.216,0.154,419.0,NC_005072.1_649,419.0,1.3e-56,189.4,1.6e-56,189.0,102.0,357.0,20.0,279.0,K01661,459.9,3.7272298271347216e-82,3.7272298271347216e-82,287.37,domain,True,True,False,"K00074,K01692,K01912,K02609,K02610,K02611,K02612,K02613,K02615,K02618",10,M00878,10050,0.47
K15876,0.005,0.002,,,,1000.0,0.0,,,,,,,,,,0.0,,,,,,K03385,1,M00530,1262,0.059
K15884,0.0,0.0,,,,1000.0,0.0,,,,,,,,,,0.0,,,,,,,0,M00778,116,0.005
K15885,0.001,0.0,,,,1000.0,0.0,,,,,,,,,,0.0,,,,,,"K05551,K05552,K05553,K12420",4,M00778,518,0.024
K15886,0.0,0.0,,,,1000.0,0.0,,,,,,,,,,0.0,,,,,,K15968,1,"M00778,M00783",58,0.003
K15894,0.016,0.016,351.0,NC_005072.1_1368,351.0,1.3e-14,50.6,8.1e-14,48.0,16.0,179.0,2.0,190.0,K01784,346.3,9.669768512907533e-90,9.669768512907533e-90,307.97,full,True,True,False,,0,M00923,3197,0.149
K15907,0.0,0.0,,,,1000.0,0.0,,,,,,,,,,0.0,,,,,,"K17476,K17747,K18056,K18057",4,M00819,165,0.008
K15916,0.024,0.006,383.0,NC_005072.1_991,383.0,3e-09,33.2,4.7e-09,32.5,51.0,194.0,107.0,262.0,K01810,390.4,2.965415469769161e-108,2.965415469769161e-108,172.93,full,True,True,False,"K00886,K12406,K13810",3,"M00001,M00004",2017,0.094
K15941,0.01,0.01,112.0,NC_005072.1_916,112.0,0.0035,14.3,0.0052,13.7,60.0,102.0,45.0,91.0,K01803,258.8,2.5013015956591835e-74,2.5013015956591835e-74,126.9,full,True,True,False,"K15942,K15943,K15944",3,M00781,2511,0.117
K15942,0.0,0.0,286.0,NC_005072.1_468,286.0,6e-18,61.7,6.4e-18,61.6,8.0,168.0,7.0,169.0,K23095,266.9,1.6929529548570367e-62,1.6929529548570367e-62,365.07,full,True,True,False,K15944,1,M00781,529,0.025
K15943,0.0,0.0,,,,1000.0,0.0,,,,,,,,,,0.0,,,,,,,0,M00781,346,0.016
K15944,0.0,0.0,254.0,NC_005072.1_491,254.0,3.6e-37,124.6,4.8e-37,124.2,9.0,253.0,8.0,249.0,K00059,358.4,4.160897464491779e-71,4.160897464491779e-71,374.5,domain,True,True,False,,0,M00781,352,0.016
K15968,0.0,0.0,,,,1000.0,0.0,,,,,,,,,,0.0,,,,,,"K15886,K15972",2,M00783,73,0.003
K15969,0.0,0.0,,,,1000.0,0.0,,,,,,,,,,0.0,,,,,,K15886,1,M00783,567,0.026
K15970,0.0,0.0,,,,1000.0,0.0,,,,,,,,,,0.0,,,,,,,0,M00783,318,0.015
K15971,0.016,0.016,,,,1000.0,0.0,,,,,,,,,,0.0,,,,,,"K15886,K15968,K15969,K15970,K15972",5,M00783,3252,0.152
K15972,0.0,0.0,529.0,NC_005072.1_559,529.0,3.5e-10,36.2,18.0,0.9,257.0,311.0,222.0,274.0,K21401,127.0,4.639555647456866e-28,4.639555647456866e-28,630.5,full,True,True,False,,0,M00783,19,0.001
K15997,0.0,0.0,,,,1000.0,0.0,,,,,,,,,,0.0,,,,,,K14367,1,M00774,13,0.001
K16041,0.0,0.0,,,,1000.0,0.0,,,,,,,,,,0.0,,,,,,"K12784,K12785,K12786,K12787,K12788,K16042",6,M00542,13,0.001
K16042,0.0,0.0,,,,1000.0,0.0,,,,,,,,,,0.0,,,,,,"K12784,K12785,K12786,K12787,K12788,K16041",6,M00542,39,0.002
K16054,0.0,0.0,,,,1000.0,0.0,,,,,,,,,,0.0,,,,,,,0,M00034,2,0.0
K16066,0.321,0.3,421.0,NC_005072.1_491,421.0,1.9e-48,162.3,2.3e-48,162.0,132.0,323.0,6.0,197.0,K00059,358.4,9.290045697731719e-60,9.290045697731719e-60,378.83,domain,True,True,False,"K09018,K09019,K09020,K09021,K09023,K09024",6,M00939,14015,0.655
K16149,1.0,1.0,746.0,NC_005072.1_1204,746.0,1e-176,586.0,1.2e-176,585.8,28.0,539.0,12.0,525.0,K16149,586.0,1.0,1.0,237.57,full,False,False,False,K16153,1,"M00565,M00854",1844,0.086
K16150,0.559,0.211,555.0,NC_005072.1_1869,555.0,2.6999999999999997e-55,185.3,3.1999999999999998e-55,185.0,108.0,446.0,1.0,373.0,K06119,415.7,4.3922026765553705e-70,4.3922026765553705e-70,297.2,domain,True,True,False,"K00693,K00700,K00703,K00750,K00963,K00975,K13679,K16149,K16153",9,M00854,11757,0.549
K16153,0.34,0.027,1418.0,NC_005072.1_1804,1418.0,3.5e-29,97.8,2.3e-25,85.1,838.0,1190.0,337.0,699.0,K00688,1139.3,3.000955227e-314,3.000955227e-314,1768.57,full,True,True,False,"K00693,K00700,K00705,K01196,K01200,K16149,K16150,K22451",8,"M00854,M00855",4202,0.196
K16157,0.0,0.0,,,,1000.0,0.0,,,,,,,,,,0.0,,,,,,"K16158,K16159,K16160,K16162",4,M00174,23,0.001
K16158,0.0,0.0,,,,1000.0,0.0,,,,,,,,,,0.0,,,,,,"K16157,K16159,K16160,K16162",4,M00174,34,0.002
K16159,0.0,0.0,,,,1000.0,0.0,,,,,,,,,,0.0,,,,,,"K16157,K16158,K16160,K16162",4,M00174,34,0.002
K16160,0.0,0.0,,,,1000.0,0.0,,,,,,,,,,0.0,,,,,,"K16157,K16158,K16159,K16162",4,M00174,30,0.001
K16161,1.0,1.0,347.0,NC_005072.1_1653,347.0,2.5e-17,59.4,2.7e-17,59.3,3.0,94.0,2.0,90.0,K16161,59.4,0.9999933559551716,0.9999933559551716,543.43,full,False,True,False,"K16157,K16158,K16159,K16160,K16162",5,M00174,220,0.01
K16162,0.0,0.0,,,,1000.0,0.0,,,,,,,,,,0.0,,,,,,"K16157,K16158,K16159,K16160",4,M00174,25,0.001
K16171,0.073,0.031,,,,1000.0,0.0,,,,,,,,,,0.0,,,,,,"K00451,K00457,K00815,K00832,K01800,K03334",6,M00044,4536,0.212
K16176,0.0,0.0,,,,1000.0,0.0,,,,,,,,,,0.0,,,,,,"K00584,K16178",2,"M00563,M00617",32,0.001
K16177,0.0,0.0,216.0,NC_005072.1_978,216.0,1e-31,106.8,2.2e-31,105.8,6.0,194.0,647.0,830.0,K00548,1132.0,2.42129912612365e-309,2.42129912612365e-309,332.47,full,True,True,False,,0,"M00563,M00617",25,0.001
K16178,0.0,0.0,,,,1000.0,0.0,,,,,,,,,,0.0,,,,,,,0,"M00563,M00617",16,0.001
K16179,0.007,0.003,217.0,NC_005072.1_978,217.0,6.9e-43,143.3,1.4e-42,142.2,7.0,192.0,647.0,830.0,K00548,1132.0,2.353115730121407e-298,2.353115730121407e-298,275.93,full,True,True,False,"K00125,K00194,K00197,K00203,K00204,K00205,K00584,K03388,K04480,K11261,K14080,K14081,K14082,K14083,K14084,K14126,K14127,K14128,K16176,K16178,K22480",21,"M00563,M00617",1468,0.069
K16242,0.001,0.001,,,,1000.0,0.0,,,,,,,,,,0.0,,,,,,"K16243,K16244,K16245,K16246,K16249",5,M00548,670,0.031
K16243,0.001,0.0,,,,1000.0,0.0,,,,,,,,,,0.0,,,,,,"K16242,K16244,K16245,K16246,K16249",5,M00548,525,0.025
K16244,0.001,0.0,,,,1000.0,0.0,,,,,,,,,,0.0,,,,,,"K16242,K16243,K16245,K16246,K16249",5,M00548,516,0.024
K16245,0.001,0.0,,,,1000.0,0.0,,,,,,,,,,0.0,,,,,,"K16242,K16243,K16244,K16246,K16249",5,M00548,511,0.024
K16246,0.003,0.003,352.0,NC_005072.1_1214,352.0,6.1e-23,77.9,8.2e-23,77.5,119.0,318.0,108.0,342.0,K02641,505.4,2.0402193097458963e-129,2.0402193097458963e-129,401.53,full,True,True,False,"K16242,K16243,K16244,K16245,K16249",5,M00548,1403,0.066
K16249,0.001,0.0,,,,1000.0,0.0,,,,,,,,,,0.0,,,,,,"K16242,K16243,K16244,K16245,K16246",5,M00548,490,0.023
K16268,0.0,0.0,,,,1000.0,0.0,,,,,,,,,,0.0,,,,,,"K03268,K16269,K18089,K18090",4,M00547,9,0.0
K16269,0.0,0.0,275.0,NC_005072.1_491,275.0,4.1e-20,68.8,6.8e-19,64.8,3.0,256.0,7.0,247.0,K00059,358.4,6.633049766076397e-88,6.633049766076397e-88,598.7,full,True,True,False,"K03268,K16268,K18089,K18090",4,M00547,10,0.0
K16303,0.001,0.001,,,,1000.0,0.0,,,,,,,,,,0.0,,,,,,"K10619,K10620,K10623,K16304,K18227",5,M00539,639,0.03
K16304,0.0,0.0,110.0,NC_005072.1_886,110.0,0.00011,19.1,0.00031,17.7,6.0,74.0,49.0,116.0,K22895,102.2,7.79454184654419e-26,7.79454184654419e-26,126.63,full,True,True,False,"K10620,K10623,K18227",3,M00539,123,0.006
K16305,0.0,0.0,,,,1000.0,0.0,,,,,,,,,,0.0,,,,,,,0,M00001,85,0.004
K16306,0.002,0.002,265.0,NC_005072.1_872,265.0,3.2e-06,23.3,0.0059,12.6,174.0,230.0,53.0,103.0,K01814,285.0,1.6613079170796208e-79,1.6613079170796208e-79,332.7,full,True,True,False,K11389,1,M00001,1230,0.057
K16319,0.002,0.001,416.0,NC_005072.1_886,416.0,3.3e-14,49.3,3.3e-14,49.3,43.0,224.0,47.0,223.0,K22895,102.2,9.613830525666718e-17,9.613830525666718e-17,524.6,full,True,True,False,"K16320,K18248,K18249",3,M00637,609,0.028
K16320,0.005,0.005,,,,1000.0,0.0,,,,,,,,,,0.0,,,,,,"K16319,K18248,K18249",3,M00637,1769,0.083
K16363,0.005,0.005,465.0,NC_005072.1_1498,465.0,1.6e-57,192.0,1.7e-57,191.9,318.0,462.0,8.0,152.0,K02372,220.1,3.4758187394355765e-09,3.4758187394355765e-09,409.33,full,True,True,False,,0,"M00083,M00866",1818,0.085
K16369,0.0,0.0,1007.0,NC_005072.1_1243,1007.0,2.0,2.9,2.4,2.6,497.0,617.0,11.0,129.0,K21310,52.0,1.6573993147857862e-15,1.6573993147857862e-15,530.0,full,True,True,False,,0,M00091,15,0.001
K16370,0.011,0.008,328.0,NC_005072.1_1377,328.0,6.8e-12,41.7,1.3e-11,40.8,49.0,306.0,223.0,486.0,K21344,221.4,8.033592141150984e-55,8.033592141150984e-55,317.7,full,True,True,False,"K06859,K11645",2,"M00001,M00345",2280,0.107
K16431,0.013,0.013,496.0,NC_005072.1_559,496.0,5.6e-17,58.6,2.7e-05,20.1,299.0,357.0,259.0,314.0,K21401,127.0,2.5677237077579076e-21,2.5677237077579076e-21,686.8,full,True,True,False,K21181,1,M00827,2909,0.136
K16435,0.075,0.001,,,,1000.0,0.0,,,,,,,,,,0.0,,,,,,"K13316,K13318,K13322,K13327,K13328,K13329,K13330,K16436,K16438,K19857",10,"M00798,M00799,M00800,M00802",605,0.028
K16436,0.001,0.001,369.0,NC_005072.1_288,369.0,4.6e-111,368.2,8.5e-110,364.0,6.0,367.0,6.0,391.0,K13017,452.3,4.823667509197376e-26,4.823667509197376e-26,533.83,full,True,True,False,"K13322,K16435,K16438",3,"M00797,M00800",687,0.032
K16438,0.0,0.0,,,,1000.0,0.0,,,,,,,,,,0.0,,,,,,"K13318,K13322,K13326,K16435,K19857",5,"M00798,M00799,M00800",449,0.021
K16593,0.017,0.017,,,,1000.0,0.0,,,,,,,,,,0.0,,,,,,,0,M00573,3317,0.155
K16649,0.024,0.02,405.0,NC_005072.1_827,405.0,5.2e-15,52.0,3e-14,49.5,56.0,265.0,3.0,207.0,K22708,92.2,3.118287110601462e-13,3.118287110601462e-13,150.87,full,True,True,False,K16650,1,M00888,3587,0.168
K16650,0.015,0.007,696.0,NC_005072.1_827,696.0,3.8e-05,19.1,86.0,-1.9,392.0,421.0,179.0,210.0,K22708,92.2,3.890713413375947e-23,3.890713413375947e-23,221.9,full,True,True,False,K16649,1,M00888,2159,0.101
K16792,0.0,0.0,417.0,NC_005072.1_260,417.0,7.2e-90,298.2,4.9e-48,160.4,26.0,273.0,26.0,292.0,K01702,585.8,2.6532198784744e-87,2.6532198784744e-87,614.3,full,True,True,False,"K01655,K05824,K16793",3,"M00433,M00608",351,0.016
K16793,0.002,0.002,163.0,NC_005072.1_259,163.0,1.1e-31,106.4,1.4e-31,106.0,4.0,138.0,14.0,163.0,K01704,210.1,6.070010602306621e-32,6.070010602306621e-32,229.23,full,True,True,False,"K01655,K05824,K16792",3,"M00433,M00608",1140,0.053
K16816,0.0,0.0,,,,1000.0,0.0,,,,,,,,,,0.0,,,,,,,0,M00098,1,0.0
K16838,0.0,0.0,,,,1000.0,0.0,,,,,,,,,,0.0,,,,,,,0,M00546,210,0.01
K16839,0.132,0.048,385.0,NC_005072.1_559,385.0,4.6e-11,39.0,0.00012,17.9,2.0,33.0,5.0,36.0,K21401,127.0,3.2311742258698202e-27,3.2311742258698202e-27,297.5,full,True,True,False,"K00087,K00106,K00365,K01466,K01477,K07127,K11177,K11178,K13479,K13481,K13482,K13483,K13484,K13485,K16840,K16842,K22879",17,M00546,5585,0.261
K16840,0.138,0.012,,,,1000.0,0.0,,,,,,,,,,0.0,,,,,,"K00365,K01466,K01477,K07127,K11177,K11178,K13479,K13483,K13484,K16839",10,M00546,2752,0.129
K16842,0.132,0.073,,,,1000.0,0.0,,,,,,,,,,0.0,,,,,,"K00087,K00106,K00365,K01466,K01477,K07127,K11177,K11178,K13479,K13481,K13482,K13483,K13485,K16839,K16840,K22879",16,M00546,6911,0.323
K16849,0.004,0.002,,,,1000.0,0.0,,,,,,,,,,0.0,,,,,,K16850,1,M00631,1181,0.055
K16850,0.004,0.003,,,,1000.0,0.0,,,,,,,,,,0.0,,,,,,K16849,1,M00631,1282,0.06
K16869,0.012,0.012,,,,1000.0,0.0,,,,,,,,,,0.0,,,,,,,0,M00883,2771,0.129
K16870,0.396,0.233,383.0,NC_005072.1_827,383.0,7.3e-26,87.9,2.1e-14,50.2,58.0,159.0,3.0,105.0,K22708,92.2,0.019993689528946583,0.019993689528946583,142.5,domain,True,True,False,"K02851,K16649,K16650",3,M00888,11938,0.558
K16871,0.004,0.004,516.0,NC_005072.1_1462,516.0,4.3999999999999995e-69,230.0,8.099999999999999e-68,225.9,63.0,474.0,44.0,418.0,K00821,519.8,5.774405210229063e-88,5.774405210229063e-88,593.9,full,True,True,False,"K00139,K17761",2,M00027,1531,0.072
K16883,0.0,0.0,,,,1000.0,0.0,,,,,,,,,,0.0,,,,,,,0,M00576,46,0.002
K16884,0.0,0.0,,,,1000.0,0.0,,,,,,,,,,0.0,,,,,,,0,M00576,2,0.0
K17069,1.0,1.0,594.0,NC_005072.1_684,594.0,4.3000000000000004e-224,742.4,4.8e-224,742.2,17.0,440.0,3.0,440.0,K17069,742.4,0.9999999999998863,0.9999999999998863,771.4,full,False,True,False,,0,M00021,635,0.03
K17103,0.553,0.262,369.0,NC_005072.1_874,369.0,1.2e-11,41.3,3.3e-11,39.9,109.0,213.0,10.0,114.0,K08744,130.6,1.3122645209025042e-27,1.3122645209025042e-27,130.2,full,True,True,False,"K00981,K00998,K01613",3,M00093,13101,0.612
K17216,0.007,0.003,307.0,NC_005072.1_444,307.0,1.8e-91,303.1,2.3999999999999998e-91,302.7,7.0,302.0,8.0,313.0,K01738,488.9,1.1711885169132893e-56,1.1711885169132893e-56,454.53,domain,True,True,False,K17217,1,M00609,1438,0.067
K17217,0.019,0.011,379.0,NC_005072.1_446,379.0,2.8e-121,401.6,3.3e-121,401.3,4.0,377.0,14.0,385.0,K01758,467.6,1.3552527156068679e-20,1.3552527156068679e-20,599.27,full,True,True,False,"K17216,K17462",2,M00609,2684,0.125
K17222,0.009,0.003,,,,1000.0,0.0,,,,,,,,,,0.0,,,,,,"K17223,K17224,K17225,K17226,K17227,K22622",6,M00595,1327,0.062
K17223,0.021,0.016,215.0,NC_005072.1_1196,215.0,2.4e-07,27.5,2.7e-07,27.3,43.0,161.0,37.0,133.0,K12263,52.0,2.319867823145637e-08,2.319867823145637e-08,77.3,domain,True,True,False,"K17222,K17224,K17225,K17226,K17227,K22622",6,M00595,3189,0.149
K17224,0.01,0.004,,,,1000.0,0.0,,,,,,,,,,0.0,,,,,,"K17222,K17223,K17225,K17226,K17227,K22622",6,M00595,1690,0.079
K17225,0.01,0.004,,,,1000.0,0.0,,,,,,,,,,0.0,,,,,,"K17222,K17223,K17224,K17226,K17227,K22622",6,M00595,1526,0.071
K17226,0.014,0.009,,,,1000.0,0.0,,,,,,,,,,0.0,,,,,,"K17222,K17223,K17224,K17225,K17227,K22622",6,M00595,2375,0.111
K17227,0.009,0.003,,,,1000.0,0.0,,,,,,,,,,0.0,,,,,,"K17222,K17223,K17224,K17225,K17226,K22622",6,M00595,1439,0.067
K17398,0.0,0.0,,,,1000.0,0.0,,,,,,,,,,0.0,,,,,,K17399,1,M00035,89,0.004
K17399,0.0,0.0,,,,1000.0,0.0,,,,,,,,,,0.0,,,,,,,0,M00035,24,0.001
K17450,0.004,0.004,902.0,NC_005072.1_260,902.0,2.8e-43,145.0,2.8999999999999996e-42,141.6,245.0,607.0,81.0,460.0,K01702,585.8,2.0229162670559557e-133,2.0229162670559557e-133,1262.83,full,True,True,False,,0,M00433,1612,0.075
K17462,0.041,0.037,291.0,NC_005072.1_1023,291.0,3e-16,56.6,3.5e-16,56.3,73.0,235.0,118.0,312.0,K15256,62.9,0.012532307012857048,0.012532307012857048,114.9,domain,True,True,False,"K17216,K17217",2,M00609,4058,0.19
K17463,0.017,0.006,,,,1000.0,0.0,,,,,,,,,,0.0,,,,,,"K00041,K01685,K08323",3,"M00061,M00631",2003,0.094
K17476,0.0,0.0,,,,1000.0,0.0,,,,,,,,,,0.0,,,,,,"K17747,K18057",2,M00819,20,0.001
K17625,0.0,0.0,292.0,NC_005072.1_1392,292.0,1.2e-12,44.3,1.4e-12,44.0,5.0,243.0,6.0,248.0,K00067,103.5,1.5101644991678625e-18,1.5101644991678625e-18,539.57,full,True,True,False,,0,M00795,142,0.007
K17722,0.725,0.713,446.0,NC_005072.1_217,446.0,1.7e-20,70.1,3.2e-20,69.1,138.0,442.0,14.0,317.0,K17722,70.1,0.7077504596354289,0.7077504596354289,457.83,full,False,True,False,"K01464,K06016,K17723",3,M00046,3472,0.162
K17723,0.329,0.026,570.0,NC_005072.1_205,570.0,1.9e-25,86.3,2.5e-25,86.0,101.0,434.0,51.0,386.0,K00254,400.3,2.9962728670029564e-95,2.9962728670029564e-95,456.2,domain,True,True,False,"K01464,K06016,K17722",3,M00046,4098,0.191
K17745,0.0,0.0,243.0,NC_005072.1_574,243.0,1.1e-37,126.4,1.3000000000000001e-37,126.3,5.0,239.0,4.0,233.0,K05886,149.4,1.1920927282549173e-07,1.1920927282549173e-07,405.23,full,True,True,False,,0,M00843,286,0.013
K17747,0.0,0.0,275.0,NC_005072.1_491,275.0,1.6e-16,57.3,1.9e-16,57.1,4.0,199.0,8.0,201.0,K00059,358.4,2.2901730808303204e-91,2.2901730808303204e-91,475.17,full,True,True,False,"K17476,K18056,K18057",3,M00819,33,0.002
K17755,0.002,0.002,520.0,NC_005072.1_690,520.0,2.3e-07,26.7,0.49,5.9,456.0,516.0,486.0,545.0,K26059,379.4,6.709969240669705e-107,6.709969240669705e-107,748.5,domain,True,True,False,,0,M00555,998,0.047
K17761,0.0,0.0,520.0,NC_005072.1_335,520.0,5.6e-40,134.3,9.2e-40,133.6,105.0,512.0,29.0,434.0,K25072,484.3,4.360150876168104e-106,4.360150876168104e-106,852.83,full,True,True,False,,0,M00027,53,0.002
K17828,0.44,0.071,409.0,NC_005072.1_205,409.0,2.6e-38,128.6,3.3e-38,128.3,47.0,344.0,67.0,383.0,K00254,400.3,1.622371012773037e-82,1.622371012773037e-82,288.6,domain,True,True,False,"K00226,K00608,K00609,K00610,K00762,K01465,K01591,K01955,K01956,K11540,K11541",11,M00051,6805,0.318
K17835,0.0,0.0,,,,1000.0,0.0,,,,,,,,,,0.0,,,,,,K18287,1,M00905,355,0.017
K17836,1.0,1.0,356.0,NC_005072.1_1721,356.0,1e-12,44.8,2.2e-12,43.7,84.0,301.0,39.0,285.0,K17836,44.8,1.0,1.0,91.73,full,False,True,False,"K02171,K02172",2,M00627,7967,0.372
K17841,0.0,0.0,816.0,NC_005072.1_148,816.0,2.1e-34,115.4,2.5e-34,115.1,426.0,724.0,4.0,288.0,K02291,339.3,3.975428719383141e-68,3.975428719383141e-68,282.73,full,True,True,False,,0,M00097,22,0.001
K17865,0.237,0.197,331.0,NC_005072.1_1498,331.0,3.8e-07,26.3,6.1e-07,25.7,208.0,289.0,61.0,147.0,K02372,220.1,4.574955128290558e-59,4.574955128290558e-59,168.7,domain,True,True,False,"K00023,K00626,K01847,K01965,K01966,K05606,K08691,K14446,K14447,K14448,K14449,K14451",12,M00373,11343,0.53
K17872,1.0,1.0,526.0,NC_005072.1_85,526.0,7.5e-112,371.4,9.399999999999999e-112,371.0,52.0,456.0,7.0,384.0,K17872,371.4,1.0,1.0,354.37,full,False,False,False,"K12073,K23094,K23095",3,M00932,200,0.009
K17877,0.0,0.0,1076.0,NC_005072.1_85,1076.0,6.5e-14,47.3,7.5e-14,47.1,79.0,299.0,69.0,286.0,K17872,371.4,2.7300990591409473e-98,2.7300990591409473e-98,1525.33,full,True,True,False,,0,"M00531,M00615",54,0.003
K17900,0.0,0.0,,,,1000.0,0.0,,,,,,,,,,0.0,,,,,,,0,M00098,450,0.021
K17942,0.0,0.0,,,,1000.0,0.0,,,,,,,,,,0.0,,,,,,,0,M00849,2,0.0
K17989,0.002,0.002,540.0,NC_005072.1_1009,540.0,3.3000000000000004e-60,201.3,4.2000000000000004e-60,201.0,171.0,486.0,18.0,325.0,K01754,495.2,3.3673191047786254e-89,3.3673191047786254e-89,272.87,domain,True,True,False,,0,M00570,1100,0.051
K18020,0.0,0.0,,,,1000.0,0.0,,,,,,,,,,0.0,,,,,,,0,M00309,0,0.0
K18021,0.0,0.0,,,,1000.0,0.0,,,,,,,,,,0.0,,,,,,,0,M00309,0,0.0
K18022,0.002,0.002,162.0,NC_005072.1_1317,162.0,9.9e-05,19.0,0.00012,18.7,45.0,68.0,37.0,60.0,K03518,26.4,0.0019186493487866887,0.0019186493487866887,282.63,domain,True,True,False,,0,M00309,4,0.0
K18028,0.012,0.004,,,,1000.0,0.0,,,,,,,,,,0.0,,,,,,"K01799,K13995,K14974,K15357,K18029,K18030",6,M00622,1591,0.074
K18029,0.019,0.012,218.0,NC_005072.1_1317,218.0,2.6e-05,20.6,3.3e-05,20.3,93.0,120.0,38.0,65.0,K03518,26.4,0.0058162572065607425,0.0058162572065607425,222.3,domain,True,True,False,"K01799,K13995,K14974,K15357,K18028,K18030",6,M00622,2006,0.094
K18030,0.023,0.015,,,,1000.0,0.0,,,,,,,,,,0.0,,,,,,"K01799,K13995,K14974,K15357,K18028,K18029",6,M00622,3164,0.148
K18056,0.0,0.0,,,,1000.0,0.0,,,,,,,,,,0.0,,,,,,"K17476,K17747,K18057",3,M00819,73,0.003
K18057,0.0,0.0,,,,1000.0,0.0,,,,,,,,,,0.0,,,,,,"K17476,K17747,K18056",3,M00819,28,0.001
K18062,0.002,0.002,,,,1000.0,0.0,,,,,,,,,,0.0,,,,,,"K12744,K12745",2,M00673,997,0.047
K18063,0.0,0.0,,,,1000.0,0.0,,,,,,,,,,0.0,,,,,,"K04126,K12744,K12745",3,M00673,36,0.002
K18067,0.0,0.0,388.0,NC_005072.1_277,388.0,2.2e-34,116.4,2e-33,113.2,3.0,237.0,5.0,223.0,K18855,252.1,1.4132844755208796e-41,1.4132844755208796e-41,240.07,domain,True,True,False,K18069,1,M00623,437,0.02
K18068,0.003,0.002,489.0,NC_005072.1_886,489.0,8.7e-27,90.8,1.2e-26,90.3,50.0,221.0,48.0,238.0,K22895,102.2,0.00029897941107850045,0.00029897941107850045,344.37,full,True,True,False,"K04102,K18067,K18069",3,M00623,1190,0.056
K18069,0.0,0.0,317.0,NC_005072.1_1514,317.0,9.1e-14,47.9,9.6e-14,47.9,242.0,311.0,16.0,87.0,K02639,180.6,1.13062758041671e-40,1.13062758041671e-40,373.4,full,True,True,False,K18067,1,M00623,450,0.021
K18072,0.999,0.999,429.0,NC_005072.1_770,429.0,2e-44,149.1,2.8e-44,148.7,203.0,426.0,154.0,379.0,K18072,149.1,0.9992601778869477,0.9992601778869477,470.1,domain,False,True,False,"K18073,K18093,K18297",3,M00745,1810,0.085
K18073,0.402,0.005,233.0,NC_005072.1_139,233.0,2.9e-63,210.2,3.5e-63,209.9,5.0,228.0,9.0,238.0,K11329,391.0,3.747803254122348e-55,3.747803254122348e-55,336.43,full,True,True,False,"K18072,K18093,K18297",3,M00745,1829,0.085
K18074,0.0,0.0,413.0,NC_005072.1_886,413.0,0.00012,17.8,0.00019,17.2,29.0,119.0,35.0,124.0,K22895,102.2,3.165567646677212e-26,3.165567646677212e-26,793.57,full,True,True,False,"K18075,K18076,K18077",3,M00624,121,0.006
K18075,0.0,0.0,,,,1000.0,0.0,,,,,,,,,,0.0,,,,,,"K18074,K18076,K18077",3,M00624,96,0.004
K18076,0.0,0.0,313.0,NC_005072.1_28,313.0,9.300000000000001e-38,126.9,1.2e-37,126.6,4.0,306.0,13.0,331.0,K00097,336.4,8.594360475804426e-64,8.594360475804426e-64,472.93,full,True,True,False,"K18074,K18075,K18077",3,M00624,107,0.005
K18077,0.0,0.0,337.0,NC_005072.1_1514,337.0,1.4e-15,54.1,1.5e-15,54.0,15.0,88.0,20.0,93.0,K02639,180.6,8.312000267129227e-39,8.312000267129227e-39,483.57,full,True,True,False,"K18075,K18076",2,M00624,30,0.001
K18087,0.0,0.0,107.0,NC_005072.1_886,107.0,7.9e-05,19.3,0.00017,18.2,3.0,71.0,48.0,117.0,K22895,102.2,8.953577397080815e-26,8.953577397080815e-26,160.73,full,True,True,False,"K08689,K15750,K18088",3,M00543,108,0.005
K18088,0.0,0.0,408.0,NC_005072.1_606,408.0,3.4e-15,52.6,38.0,-0.2,145.0,174.0,11.0,40.0,K00383,565.7,3.47943898216617e-155,3.47943898216617e-155,629.47,full,True,True,False,K08689,1,M00543,28,0.001
K18089,0.0,0.0,,,,1000.0,0.0,,,,,,,,,,0.0,,,,,,"K03268,K16268,K16269,K18090",4,M00547,12,0.001
K18090,0.0,0.0,410.0,NC_005072.1_606,410.0,5.8e-12,42.2,1e-11,41.4,98.0,280.0,141.0,317.0,K00383,565.7,2.575118802456689e-158,2.575118802456689e-158,887.37,full,True,True,False,"K03268,K16268,K16269,K18089",4,M00547,8,0.0
K18091,0.002,0.002,593.0,NC_005072.1_217,593.0,0.003,12.7,54.0,-1.3,230.0,255.0,151.0,176.0,K17722,70.1,3.7218460834958096e-18,3.7218460834958096e-18,1080.5,full,True,True,False,"K12250,K15907,K17476,K17747,K18056,K18057",6,M00819,1207,0.056
K18093,0.254,0.021,,,,1000.0,0.0,,,,,,,,,,0.0,,,,,,"K07644,K07665,K18072,K18073,K18297",5,M00745,3688,0.172
K18094,0.002,0.002,394.0,NC_005072.1_1293,394.0,7.7e-13,44.8,9.8e-09,31.3,29.0,161.0,32.0,157.0,K02005,218.6,4.797188164881815e-53,4.797188164881815e-53,512.17,full,True,True,False,"K18095,K18129",2,M00643,1113,0.052
K18095,0.001,0.0,,,,1000.0,0.0,,,,,,,,,,0.0,,,,,,"K18094,K18129",2,M00643,472,0.022
K18104,0.01,0.008,597.0,NC_005072.1_914,597.0,1.7e-139,462.6,1.9e-139,462.4,14.0,577.0,1.0,566.0,K11085,571.6,1.540743955509826e-33,1.540743955509826e-33,647.0,domain,True,True,False,"K18906,K18907",2,M00700,2325,0.109
K18118,0.424,0.037,,,,1000.0,0.0,,,,,,,,,,0.0,,,,,,"K00025,K00030,K00031,K00116,K00164,K00234,K00235,K00236,K00241,K00242,K00658,K01647,K01659,K01676,K01679,K01681,K01682,K01902,K01903",19,"M00009,M00011",4908,0.229
K18126,0.0,0.0,313.0,NC_005072.1_544,313.0,2.1e-23,79.7,2.8000000000000003e-23,79.3,18.0,298.0,53.0,328.0,K00856,157.7,3.3087214507714537e-24,3.3087214507714537e-24,432.7,full,True,True,False,,0,M00633,2,0.0
K18127,0.0,0.0,288.0,NC_005072.1_1856,288.0,4.9e-41,137.7,5.8e-41,137.4,4.0,252.0,15.0,265.0,K01714,330.8,7.432036558184994e-59,7.432036558184994e-59,308.03,full,True,True,False,,0,M00309,0,0.0
K18128,0.0,0.0,493.0,NC_005072.1_335,493.0,2.2e-40,135.8,3.1e-40,135.3,64.0,433.0,30.0,392.0,K25072,484.3,1.2332369006139766e-105,1.2332369006139766e-105,939.33,full,True,True,False,,0,M00309,1,0.0
K18129,0.001,0.0,,,,1000.0,0.0,,,,,,,,,,0.0,,,,,,"K18094,K18095",2,M00643,409,0.019
K18131,0.0,0.0,144.0,NC_005072.1_382,144.0,0.0017,15.3,0.0026,14.8,75.0,106.0,85.0,116.0,K18909,44.4,1.451600334992184e-09,1.451600334992184e-09,142.97,full,True,True,False,,0,M00718,154,0.007
K18138,0.189,0.13,1485.0,NC_005072.1_1293,1485.0,5.5e-13,44.0,6.9e-13,43.7,57.0,364.0,43.0,344.0,K02005,218.6,2.755261076805473e-53,2.755261076805473e-53,1055.4,domain,True,True,False,"K03585,K18131,K18139",3,M00718,9234,0.431
K18139,0.145,0.095,560.0,NC_005072.1_102,560.0,1e-27,94.2,1.3e-12,44.3,89.0,258.0,256.0,433.0,K03287,248.3,4.0858053068903108e-47,4.0858053068903108e-47,422.4,full,True,True,False,"K03585,K18094,K18095,K18129,K18131,K18138,K18301,K18302,K18303",9,"M00642,M00643,M00718",7874,0.368
K18140,0.003,0.003,,,,1000.0,0.0,,,,,,,,,,0.0,,,,,,,0,M00696,1353,0.063
K18141,0.1,0.054,388.0,NC_005072.1_1293,388.0,3.9e-24,81.9,5.699999999999999e-24,81.3,15.0,361.0,17.0,344.0,K02005,218.6,7.066422377022752e-42,7.066422377022752e-42,582.43,full,True,True,False,"K12340,K18140,K18142",3,M00696,5966,0.279
K18142,0.075,0.025,,,,1000.0,0.0,,,,,,,,,,0.0,,,,,,"K12340,K18140,K18141",3,M00696,4068,0.19
K18143,0.007,0.005,357.0,NC_005072.1_1503,357.0,3.5e-37,125.1,2.8e-09,33.4,115.0,275.0,396.0,561.0,K07769,995.4,1.0317982183834304e-262,1.0317982183834304e-262,301.33,full,True,True,False,"K18144,K18145,K18146,K18147",4,M00649,1804,0.084
K18144,0.007,0.005,235.0,NC_005072.1_139,235.0,1.0999999999999999e-62,208.5,1.4e-62,208.1,3.0,232.0,6.0,237.0,K11329,391.0,1.1535217596571594e-55,1.1535217596571594e-55,265.0,full,True,True,False,"K18143,K18145,K18146,K18147",4,M00649,1778,0.083
K18145,0.004,0.002,383.0,NC_005072.1_1293,383.0,1.5000000000000002e-22,76.8,3.9000000000000004e-22,75.4,13.0,354.0,19.0,343.0,K02005,218.6,2.0603766280925706e-43,2.0603766280925706e-43,450.23,full,True,True,False,"K18143,K18144,K18146,K18147",4,M00649,1104,0.052
K18146,0.005,0.002,,,,1000.0,0.0,,,,,,,,,,0.0,,,,,,"K18143,K18144,K18145,K18147",4,M00649,1260,0.059
K18147,0.0,0.0,466.0,NC_005072.1_102,466.0,1.2e-05,21.1,0.00073,15.2,70.0,432.0,53.0,425.0,K03287,248.3,4.0363143798278984e-69,4.0363143798278984e-69,937.33,full,True,True,False,,0,M00649,290,0.014
K18209,0.014,0.011,554.0,NC_005072.1_105,554.0,2.9000000000000004e-111,369.4,5.700000000000001e-111,368.4,8.0,540.0,15.0,544.0,K00278,577.3,2.605336965535087e-63,2.605336965535087e-63,650.8,full,True,True,False,"K00176,K18210",2,M00620,2677,0.125
K18210,0.004,0.001,468.0,NC_005072.1_165,468.0,9.1e-06,21.3,0.00037,16.0,156.0,189.0,53.0,87.0,K05580,321.9,3.2387938310920165e-91,3.2387938310920165e-91,330.0,full,True,True,False,"K01677,K01678",2,M00620,855,0.04
K18227,0.0,0.0,406.0,NC_005072.1_85,406.0,3.3e-16,55.9,3.7e-16,55.7,4.0,279.0,4.0,285.0,K17872,371.4,1.0593424312715515e-95,1.0593424312715515e-95,483.77,full,True,True,False,K10623,1,M00539,36,0.002
K18237,0.0,0.0,,,,1000.0,0.0,,,,,,,,,,0.0,,,,,,,0,M00968,120,0.006
K18240,0.001,0.001,352.0,NC_005072.1_597,352.0,0.019,11.3,0.02,11.2,241.0,338.0,30.0,126.0,K09022,188.6,4.2401553528687023e-54,4.2401553528687023e-54,313.03,full,True,True,False,,0,M00117,935,0.044
K18242,0.001,0.0,418.0,NC_005072.1_886,418.0,8.4e-12,41.3,1.3e-11,40.7,44.0,223.0,48.0,223.0,K22895,102.2,3.7554025490885593e-19,3.7554025490885593e-19,591.7,full,True,True,False,"K14578,K14581,K18243",3,M00638,528,0.025
K18243,0.001,0.0,,,,1000.0,0.0,,,,,,,,,,0.0,,,,,,"K14578,K14581,K18242",3,M00638,559,0.026
K18248,0.002,0.001,109.0,NC_005072.1_886,109.0,1.1e-11,41.5,1.8e-11,40.8,6.0,83.0,47.0,124.0,K22895,102.2,4.3138247304897075e-19,4.3138247304897075e-19,131.9,domain,True,True,False,"K16319,K16320,K18249",3,M00637,832,0.039
K18249,0.001,0.0,407.0,NC_005072.1_85,407.0,1e-18,64.3,1.3e-18,63.9,3.0,280.0,5.0,286.0,K17872,371.4,3.5783954387973357e-93,3.5783954387973357e-93,645.03,full,True,True,False,"K16319,K18248",2,M00637,341,0.016
K18251,0.0,0.0,484.0,NC_005072.1_886,484.0,0.00012,17.5,0.00015,17.2,60.0,154.0,68.0,162.0,K22895,102.2,2.5712399068413367e-26,2.5712399068413367e-26,1127.0,full,True,True,False,"K18252,K18253,K18254,K18255,K18256",5,M00636,319,0.015
K18252,0.0,0.0,,,,1000.0,0.0,,,,,,,,,,0.0,,,,,,"K18251,K18253,K18254,K18255,K18256",5,M00636,326,0.015
K18253,0.0,0.0,,,,1000.0,0.0,,,,,,,,,,0.0,,,,,,"K18251,K18252,K18254,K18256",4,M00636,107,0.005
K18254,0.0,0.0,411.0,NC_005072.1_1458,411.0,9.3e-13,44.7,0.13,8.0,144.0,173.0,9.0,38.0,K00382,549.0,1.5508621137302555e-152,1.5508621137302555e-152,793.5,full,True,True,False,"K18251,K18252,K18253,K18256",4,M00636,174,0.008
K18255,0.0,0.0,267.0,NC_005072.1_491,267.0,9.8e-11,38.1,5.1e-09,32.5,3.0,193.0,5.0,195.0,K00059,358.4,3.802702838063149e-97,3.802702838063149e-97,574.87,full,True,True,False,"K18251,K18252,K18253,K18254,K18256",5,M00636,287,0.013
K18256,0.0,0.0,,,,1000.0,0.0,,,,,,,,,,0.0,,,,,,"K18251,K18252,K18253,K18254,K18255",5,M00636,347,0.016
K18276,0.0,0.0,397.0,NC_005072.1_835,397.0,2.5e-09,33.4,6.1e-05,18.9,151.0,299.0,149.0,296.0,K10960,690.2,1.920873866022533e-198,1.920873866022533e-198,544.6,full,True,True,False,,0,M00811,70,0.003
K18284,0.0,0.0,,,,1000.0,0.0,,,,,,,,,,0.0,,,,,,,0,M00931,490,0.023
K18285,0.013,0.008,361.0,NC_005072.1_1232,361.0,8.6e-06,21.4,0.0025,13.3,19.0,128.0,17.0,126.0,K01012,460.6,6.132335461894283e-133,6.132335461894283e-133,437.97,full,True,True,False,"K11782,K11783,K11784,K11785,K18284,K18286,K20810",7,"M00930,M00931",2216,0.104
K18286,0.009,0.004,,,,1000.0,0.0,,,,,,,,,,0.0,,,,,,"K11782,K11783,K11784,K11785,K18285",5,M00930,1677,0.078
K18287,0.001,0.001,271.0,NC_005072.1_872,271.0,6.4e-05,18.9,0.17,7.7,191.0,243.0,182.0,231.0,K01814,285.0,7.868974787476475e-81,7.868974787476475e-81,342.03,full,True,True,False,"K17835,K20204",2,M00905,753,0.035
K18293,0.0,0.0,331.0,NC_005072.1_1514,331.0,6.5e-12,42.1,7.6e-12,41.8,12.0,91.0,18.0,91.0,K02639,180.6,2.029296940217109e-42,2.029296940217109e-42,404.23,domain,True,True,False,"K10616,K10617",2,M00419,119,0.006
K18294,0.013,0.012,,,,1000.0,0.0,,,,,,,,,,0.0,,,,,,"K08721,K18295,K18296",3,M00639,2848,0.133
K18295,0.003,0.002,384.0,NC_005072.1_1293,384.0,1.6e-30,103.2,2.3000000000000002e-30,102.6,12.0,359.0,18.0,344.0,K02005,218.6,1.8244774515037102e-35,1.8244774515037102e-35,459.93,full,True,True,False,"K08721,K18296",2,M00639,1083,0.051
K18296,0.005,0.005,,,,1000.0,0.0,,,,,,,,,,0.0,,,,,,"K08721,K18295",2,M00639,1779,0.083
K18297,0.187,0.023,304.0,NC_005072.1_152,304.0,1.9e-11,40.7,2.8e-11,40.1,11.0,156.0,8.0,152.0,K21900,294.9,2.8415828981340966e-77,2.8415828981340966e-77,248.77,full,True,True,False,"K07644,K07665,K18072,K18073,K18093,K18298,K18299,K18300",8,"M00641,M00745",3894,0.182
K18298,0.016,0.006,418.0,NC_005072.1_1293,418.0,5.1e-29,98.2,1.3000000000000002e-28,96.9,12.0,361.0,19.0,343.0,K02005,218.6,5.701492035949041e-37,5.701492035949041e-37,507.23,full,True,True,False,"K18297,K18299,K18300",3,M00641,2009,0.094
K18299,0.007,0.005,1126.0,NC_005072.1_1032,1126.0,3e-06,22.2,4.1e-06,21.7,341.0,498.0,313.0,468.0,K03072,428.7,4.2786499463849036e-123,4.2786499463849036e-123,1712.0,full,True,True,False,K18298,1,M00641,1887,0.088
K18300,0.026,0.018,494.0,NC_005072.1_102,494.0,7.200000000000001e-22,74.5,4e-10,35.7,76.0,244.0,54.0,222.0,K03287,248.3,4.797188165276531e-53,4.797188165276531e-53,503.73,domain,True,True,False,"K18297,K18298,K18299",3,M00641,3415,0.16
K18301,0.204,0.143,,,,1000.0,0.0,,,,,,,,,,0.0,,,,,,"K18139,K18302,K18303",3,M00642,9672,0.452
K18302,0.186,0.117,453.0,NC_005072.1_1293,453.0,2.4999999999999997e-55,185.1,3.3e-55,184.7,81.0,412.0,15.0,342.0,K02005,218.6,8.23180634910639e-11,8.23180634910639e-11,357.23,domain,True,True,False,"K18139,K18301,K18303",3,M00642,8732,0.408
K18303,0.158,0.076,1061.0,NC_005072.1_1032,1061.0,5.6e-09,31.0,7.8e-09,30.5,341.0,494.0,313.0,469.0,K03072,428.7,1.90708793393781e-120,1.90708793393781e-120,1321.6,full,True,True,False,"K18139,K18301,K18302",3,M00642,7043,0.329
K18304,0.003,0.003,253.0,NC_005072.1_159,253.0,7e-16,55.0,7.3e-16,54.9,186.0,248.0,13.0,76.0,K20918,76.6,3.131603751250029e-07,3.131603751250029e-07,216.43,full,True,True,False,,0,M00769,1336,0.062
K18315,0.0,0.0,,,,1000.0,0.0,,,,,,,,,,0.0,,,,,,"K18316,K18317",2,M00675,78,0.004
K18316,0.0,0.0,502.0,NC_005072.1_1895,502.0,0.0002,17.0,0.00027,16.5,238.0,289.0,5.0,58.0,K06920,277.8,3.1001101914731324e-79,3.1001101914731324e-79,640.43,full,True,True,False,"K18315,K18317",2,M00675,53,0.002
K18317,0.0,0.0,250.0,NC_005072.1_649,250.0,3.1e-15,53.1,3.7e-15,52.9,5.0,212.0,25.0,238.0,K01661,459.9,3.475343720439451e-123,3.475343720439451e-123,336.53,full,True,True,False,"K18315,K18316",2,M00675,49,0.002
K18344,0.005,0.005,223.0,NC_005072.1_139,223.0,2.7e-60,200.2,3.3000000000000004e-60,199.9,4.0,221.0,8.0,236.0,K11329,391.0,3.659964115353891e-58,3.659964115353891e-58,237.8,domain,True,True,False,,0,M00651,1849,0.086
K18345,0.135,0.016,520.0,NC_005072.1_1503,520.0,7.3e-66,219.7,2.6e-54,181.5,237.0,512.0,362.0,669.0,K07769,995.4,3.0976501262551913e-234,3.0976501262551913e-234,344.97,domain,True,True,False,"K07260,K15739,K18344,K18346,K18347",5,M00651,3191,0.149
K18346,0.112,0.028,,,,1000.0,0.0,,,,,,,,,,0.0,,,,,,"K07260,K15739,K18345,K18347,K18351,K18352,K18354",7,M00651,4278,0.2
K18347,0.0,0.0,324.0,NC_005072.1_1516,324.0,1.1e-35,119.9,1.6999999999999999e-35,119.3,50.0,262.0,42.0,259.0,K00058,514.8,1.328173198581851e-119,1.328173198581851e-119,426.03,full,True,True,False,K15739,1,M00651,449,0.021
K18348,0.005,0.005,712.0,NC_005072.1_1730,712.0,4.6e-100,332.5,5.4e-100,332.3,339.0,711.0,18.0,394.0,K01775,401.7,1.4747700187252006e-21,1.4747700187252006e-21,507.87,full,True,True,False,"K18856,K18866",2,M00652,1750,0.082
K18349,0.024,0.018,233.0,NC_005072.1_139,233.0,3.1e-68,226.4,3.7999999999999996e-68,226.2,3.0,231.0,8.0,236.0,K11329,391.0,2.821387342881083e-50,2.821387342881083e-50,302.4,full,True,True,False,"K18348,K18350,K18856,K18866",4,M00652,3426,0.16
K18350,0.026,0.02,459.0,NC_005072.1_1503,459.0,1.1e-44,149.9,1e-18,64.4,342.0,423.0,588.0,669.0,K07769,995.4,3.013968201996611e-255,3.013968201996611e-255,267.83,domain,True,True,False,"K18348,K18349,K18856,K18866",4,M00652,3646,0.17
K18351,0.005,0.004,434.0,NC_005072.1_1503,434.0,1.6e-37,125.8,5.4000000000000005e-30,101.0,150.0,393.0,396.0,666.0,K07769,995.4,1.6761611508761596e-262,1.6761611508761596e-262,304.07,full,True,True,False,"K15739,K18347,K18352,K18354",4,M00651,1555,0.073
K18352,0.005,0.004,227.0,NC_005072.1_133,227.0,2e-40,135.3,2.4e-40,135.0,3.0,219.0,5.0,233.0,K10697,399.8,2.3854270893661806e-80,2.3854270893661806e-80,318.03,full,True,True,False,"K15739,K18347,K18351,K18354",4,M00651,1520,0.071
K18353,0.423,0.279,384.0,NC_005072.1_523,384.0,1.2e-09,34.7,0.36,6.8,300.0,338.0,221.0,267.0,K01142,306.2,1.8636149135673043e-82,1.8636149135673043e-82,115.3,full,True,True,False,"K07260,K08641,K15739,K18344,K18346,K18347,K18351,K18352,K18354",9,M00651,13515,0.632
K18354,0.003,0.001,,,,1000.0,0.0,,,,,,,,,,0.0,,,,,,"K18351,K18352",2,M00651,830,0.039
K18364,0.007,0.003,,,,1000.0,0.0,,,,,,,,,,0.0,,,,,,"K01617,K10217,K18365,K18366",4,M00569,1301,0.061
K18365,0.022,0.014,343.0,NC_005072.1_1205,343.0,9.7e-19,64.3,5.5e-14,48.7,143.0,245.0,150.0,254.0,K01649,655.0,1.519083201807602e-178,1.519083201807602e-178,552.83,domain,True,True,False,"K00446,K01617,K02554,K04073,K10216,K10217,K18364,K18366",8,M00569,3002,0.14
K18366,0.006,0.002,,,,1000.0,0.0,,,,,,,,,,0.0,,,,,,"K01617,K10217,K18364,K18365",4,M00569,1198,0.056
K18373,0.0,0.0,,,,1000.0,0.0,,,,,,,,,,0.0,,,,,,"K18374,K18375,K18376,K18378,K18379,K18380,K18381",7,M00660,360,0.017
K18374,0.0,0.0,,,,1000.0,0.0,,,,,,,,,,0.0,,,,,,"K18373,K18375,K18376,K18378,K18379,K18380,K18381",7,M00660,350,0.016
K18375,0.0,0.0,,,,1000.0,0.0,,,,,,,,,,0.0,,,,,,"K18376,K18378,K18379,K18381",4,M00660,87,0.004
K18376,0.0,0.0,,,,1000.0,0.0,,,,,,,,,,0.0,,,,,,"K18373,K18374,K18375,K18378,K18379,K18380,K18381",7,M00660,286,0.013
K18377,0.012,0.009,,,,1000.0,0.0,,,,,,,,,,0.0,,,,,,"K03222,K03223,K03224,K03225,K03226,K03227,K03228,K03229,K03230,K18373,K18374,K18375,K18376,K18378,K18379,K18380,K18381",17,M00660,2428,0.113
K18378,0.0,0.0,,,,1000.0,0.0,,,,,,,,,,0.0,,,,,,"K18375,K18376,K18379",3,M00660,76,0.004
K18379,0.0,0.0,,,,1000.0,0.0,,,,,,,,,,0.0,,,,,,"K18373,K18374,K18375,K18376,K18378,K18380,K18381",7,M00660,251,0.012
K18380,0.0,0.0,,,,1000.0,0.0,,,,,,,,,,0.0,,,,,,"K18373,K18374,K18375,K18376,K18378,K18379,K18381",7,M00660,366,0.017
K18381,0.0,0.0,,,,1000.0,0.0,,,,,,,,,,0.0,,,,,,"K18373,K18374,K18375,K18376,K18378,K18379,K18380",7,M00660,341,0.016
K18472,0.008,0.002,474.0,NC_005072.1_860,474.0,4.4e-12,42.3,310.0,-3.4,437.0,460.0,258.0,281.0,K01963,459.9,1.9492781321864535e-126,1.9492781321864535e-126,610.07,full,True,True,False,"K00667,K01848,K01849,K01964,K11262,K11263,K11608,K11609,K11610,K11611",10,"M00082,M00741,M00885,M00886",1145,0.054
K18473,0.001,0.001,637.0,NC_005072.1_1812,637.0,1.8e-33,112.7,3e-33,112.0,188.0,544.0,77.0,406.0,K09458,588.8,4.7821045237865947e-144,4.7821045237865947e-144,602.0,full,True,True,False,,0,M00082,721,0.034
K18513,0.0,0.0,,,,1000.0,0.0,,,,,,,,,,0.0,,,,,,,0,M00746,0,0.0
K18532,0.0,0.0,381.0,NC_005072.1_1793,381.0,4e-05,20.1,6.8e-05,19.3,87.0,124.0,235.0,316.0,K13799,686.1,3.266050441575681e-201,3.266050441575681e-201,69.97,domain,True,True,False,,0,M00049,304,0.014
K18533,0.001,0.001,1801.0,NC_005072.1_1741,1801.0,2.9e-20,68.0,3.8e-20,67.6,1261.0,1422.0,5.0,157.0,K00939,195.3,4.773990516621997e-39,4.773990516621997e-39,299.7,full,True,True,False,,0,"M00049,M00050,M00052,M00053,M00938",768,0.036
K18534,1.0,1.0,340.0,NC_005072.1_1709,340.0,6.2e-110,364.8,8.100000000000001e-110,364.4,23.0,308.0,16.0,309.0,K18534,364.8,1.0,1.0,331.4,full,False,False,False,"K05928,K09833,K09834,K12502",4,M00112,10357,0.484
K18550,0.0,0.0,,,,1000.0,0.0,,,,,,,,,,0.0,,,,,,,0,M00958,0,0.0
K18649,0.249,0.015,368.0,NC_005072.1_1000,368.0,7.6e-41,137.3,9.3e-41,137.0,108.0,344.0,19.0,259.0,K01092,266.9,9.694213093618154e-40,9.694213093618154e-40,246.1,domain,True,True,False,"K01496,K01523,K02502",3,M00026,3179,0.149
K18652,0.0,0.0,350.0,NC_005072.1_858,350.0,1.3000000000000001e-33,113.4,1.5e-33,113.1,3.0,339.0,11.0,359.0,K16044,145.2,2.6745217728210323e-10,2.6745217728210323e-10,209.87,domain,True,True,False,"K18653,K18654",2,M00877,153,0.007
K18653,0.0,0.0,441.0,NC_005072.1_288,441.0,1e-85,285.0,1.0999999999999999e-83,278.3,86.0,440.0,17.0,391.0,K13017,452.3,4.3419190813375084e-51,4.3419190813375084e-51,486.63,full,True,True,False,"K18652,K18654",2,M00877,152,0.007
K18654,0.0,0.0,,,,1000.0,0.0,,,,,,,,,,0.0,,,,,,"K18652,K18653",2,M00877,363,0.017
K18686,0.0,0.0,,,,1000.0,0.0,,,,,,,,,,0.0,,,,,,K22998,1,M00921,18,0.001
K18689,0.414,0.414,323.0,NC_005072.1_793,323.0,0.0056,12.3,0.0052,12.4,223.0,259.0,8.0,44.0,K12514,12.8,0.41421356237309537,0.41421356237309537,325.6,full,True,True,False,,0,M00849,0,0.0
K18690,0.0,0.0,203.0,NC_005072.1_1102,203.0,0.0004,16.9,0.00054,16.5,5.0,141.0,2.0,142.0,K00876,66.6,1.0934758994672614e-15,1.0934758994672614e-15,259.8,full,True,True,False,,0,M00849,24,0.001
K18766,0.0,0.0,,,,1000.0,0.0,,,,,,,,,,0.0,,,,,,,0,M00627,275,0.013
K18768,0.002,0.002,,,,1000.0,0.0,,,,,,,,,,0.0,,,,,,,0,M00851,1109,0.052
K18780,0.0,0.0,,,,1000.0,0.0,,,,,,,,,,0.0,,,,,,"K18972,K19320",2,M00851,86,0.004
K18781,0.0,0.0,,,,1000.0,0.0,,,,,,,,,,0.0,,,,,,,0,M00851,97,0.005
K18782,0.0,0.0,,,,1000.0,0.0,,,,,,,,,,0.0,,,,,,,0,M00851,97,0.005
K18793,0.0,0.0,,,,1000.0,0.0,,,,,,,,,,0.0,,,,,,K18794,1,M00851,13,0.001
K18794,0.0,0.0,,,,1000.0,0.0,,,,,,,,,,0.0,,,,,,,0,M00851,6,0.0
K18800,0.417,0.059,564.0,NC_005072.1_921,564.0,6.7e-29,97.6,9.5e-28,93.8,149.0,531.0,8.0,374.0,K03185,213.8,1.0478871237219757e-35,1.0478871237219757e-35,475.8,full,True,True,False,"K00568,K03179,K03181,K03182,K03183,K03184,K03185,K03186,K06134,K18240",10,M00117,6217,0.291
K18851,0.01,0.005,,,,1000.0,0.0,,,,,,,,,,0.0,,,,,,"K11263,K12428,K12437",3,M00887,1731,0.081
K18856,0.001,0.0,349.0,NC_005072.1_1467,349.0,2.1e-84,280.1,2.7e-84,279.8,2.0,345.0,5.0,351.0,K01921,327.2,6.62959814361022e-15,6.62959814361022e-15,443.27,full,True,True,False,K18866,1,M00652,507,0.024
K18859,0.0,0.0,,,,1000.0,0.0,,,,,,,,,,0.0,,,,,,,0,"M00009,M00011,M00149",0,0.0
K18860,0.0,0.0,,,,1000.0,0.0,,,,,,,,,,0.0,,,,,,,0,"M00009,M00011,M00149,M00374",0,0.0
K18861,0.0,0.0,,,,1000.0,0.0,,,,,,,,,,0.0,,,,,,,0,"M00374,M00375",0,0.0
K18866,0.001,0.0,254.0,NC_005072.1_836,254.0,4.900000000000001e-22,75.1,6.400000000000001e-22,74.7,33.0,175.0,86.0,225.0,K07260,144.8,1.0428198809312e-21,1.0428198809312e-21,238.93,domain,True,True,False,K18856,1,M00652,478,0.022
K18898,0.002,0.002,386.0,NC_005072.1_1293,386.0,7.8e-34,113.9,1.1e-33,113.4,8.0,359.0,15.0,344.0,K02005,218.6,3.035005300903539e-32,3.035005300903539e-32,534.07,full,True,True,False,K18899,1,M00697,1233,0.058
K18899,0.0,0.0,,,,1000.0,0.0,,,,,,,,,,0.0,,,,,,,0,M00697,87,0.004
K18900,0.138,0.123,424.0,NC_005072.1_152,424.0,2.9000000000000002e-30,102.4,0.012,11.4,276.0,390.0,192.0,306.0,K21900,294.9,1.0644151879732097e-58,1.0644151879732097e-58,338.5,domain,True,True,False,"K18901,K18902,K18903",3,M00698,8982,0.42
K18901,0.052,0.021,429.0,NC_005072.1_1293,429.0,6.8e-40,134.1,9e-40,133.7,42.0,373.0,14.0,342.0,K02005,218.6,3.655656377213402e-26,3.655656377213402e-26,450.33,domain,True,True,False,"K18900,K18902,K18903",3,M00698,3723,0.174
K18902,0.049,0.017,1061.0,NC_005072.1_1032,1061.0,1.3e-05,19.9,1.8e-05,19.4,341.0,498.0,312.0,467.0,K03072,428.7,8.688359180301455e-124,8.688359180301455e-124,1843.47,full,True,True,False,"K18900,K18901,K18903",3,M00698,3324,0.155
K18903,0.054,0.022,556.0,NC_005072.1_102,556.0,2.4e-19,66.2,7.2e-09,31.7,346.0,501.0,73.0,233.0,K03287,248.3,1.5220810871162749e-55,1.5220810871162749e-55,469.27,full,True,True,False,"K18900,K18901,K18902",3,M00698,3805,0.178
K18906,0.002,0.002,142.0,NC_005072.1_382,142.0,2.6e-08,30.8,3.1e-08,30.6,28.0,111.0,34.0,125.0,K18909,44.4,6.726853856104508e-05,6.726853856104508e-05,166.3,full,True,True,False,K08170,1,"M00700,M00702,M00704",1166,0.054
K18907,0.006,0.003,476.0,NC_005072.1_722,476.0,1.2e-25,86.9,1.5e-25,86.7,136.0,471.0,50.0,388.0,K00812,493.6,3.7247811727588793e-123,3.7247811727588793e-123,396.3,full,True,True,False,"K08170,K18104,K18906",3,"M00700,M00702",1451,0.068
K18908,0.518,0.169,,,,1000.0,0.0,,,,,,,,,,0.0,,,,,,K18909,1,M00705,10530,0.492
K18909,0.854,0.846,143.0,NC_005072.1_382,143.0,1.4e-12,44.4,3.5e-12,43.1,32.0,115.0,35.0,125.0,K18909,44.4,0.835256633769323,0.835256633769323,115.4,domain,False,True,False,K18908,1,M00705,6517,0.305
K18931,0.001,0.001,504.0,NC_005072.1_1054,504.0,7.6e-07,24.6,1.1e-06,24.1,90.0,223.0,9.0,146.0,K00766,380.5,7.301709377477774e-108,7.301709377477774e-108,596.53,full,True,True,False,,0,M00968,986,0.046
K18933,0.0,0.0,382.0,NC_005072.1_1019,382.0,3.8e-43,144.7,4.6e-43,144.4,48.0,369.0,108.0,457.0,K13745,274.4,9.045020643333601e-40,9.045020643333601e-40,289.43,full,True,True,False,,0,M00935,398,0.019
K18938,0.0,0.0,,,,1000.0,0.0,,,,,,,,,,0.0,,,,,,,0,M00714,478,0.022
K18970,0.0,0.0,,,,1000.0,0.0,,,,,,,,,,0.0,,,,,,,0,M00851,15,0.001
K18971,0.0,0.0,,,,1000.0,0.0,,,,,,,,,,0.0,,,,,,,0,M00851,9,0.0
K18972,0.0,0.0,,,,1000.0,0.0,,,,,,,,,,0.0,,,,,,,0,M00851,31,0.001
K18976,0.0,0.0,,,,1000.0,0.0,,,,,,,,,,0.0,,,,,,,0,M00851,51,0.002
K18978,0.0,0.0,504.0,NC_005072.1_335,504.0,2.2999999999999998e-55,184.9,3.7e-55,184.2,62.0,493.0,10.0,436.0,K25072,484.3,7.440794291899229e-91,7.440794291899229e-91,566.1,domain,True,True,False,,0,"M00308,M00633",13,0.001
K19068,0.008,0.005,368.0,NC_005072.1_1420,368.0,2.1e-14,50.1,5.6e-14,48.7,1.0,220.0,1.0,259.0,K08678,494.5,1.668283778335406e-134,1.668283778335406e-134,178.8,full,True,True,False,K24258,1,M00923,1896,0.089
K19077,0.001,0.0,342.0,NC_005072.1_770,342.0,2.6e-27,92.6,3.8e-27,92.1,120.0,331.0,161.0,381.0,K18072,149.1,9.805817934770732e-18,9.805817934770732e-18,429.93,full,True,True,False,"K19078,K19079,K19080",3,"M00725,M00726,M00730",554,0.026
K19078,0.001,0.0,224.0,NC_005072.1_139,224.0,6.1999999999999994e-46,153.5,7.7e-46,153.2,2.0,222.0,10.0,236.0,K11329,391.0,3.2016660424437966e-72,3.2016660424437966e-72,365.57,full,True,True,False,"K19077,K19079,K19080",3,"M00725,M00726,M00730",488,0.023
K19079,0.0,0.0,253.0,NC_005072.1_198,253.0,1.1e-63,211.6,1.1e-33,113.4,2.0,222.0,7.0,234.0,K15583,539.2,1.5318127843920355e-99,1.5318127843920355e-99,460.9,full,True,True,False,"K19077,K19078,K19080",3,M00730,277,0.013
K19080,0.0,0.0,629.0,NC_005072.1_1014,629.0,0.0012,14.2,0.0018,13.6,72.0,136.0,302.0,364.0,K05685,346.1,1.2250235539896374e-100,1.2250235539896374e-100,928.1,full,True,True,False,"K19077,K19078,K19079",3,M00730,281,0.013
K19099,0.0,0.0,,,,1000.0,0.0,,,,,,,,,,0.0,,,,,,,0,M00851,74,0.003
K19102,0.0,0.0,3570.0,NC_005072.1_660,3570.0,5.5999999999999996e-24,79.5,1.9e-23,77.7,153.0,508.0,254.0,631.0,K01895,995.1,2.381968259436214e-276,2.381968259436214e-276,6567.27,full,True,True,False,K19105,1,M00736,187,0.009
K19103,0.0,0.0,1927.0,NC_005072.1_660,1927.0,2.9e-21,71.1,0.00051,13.9,1257.0,1363.0,270.0,379.0,K01895,995.1,7.051540530721869e-279,7.051540530721869e-279,3960.33,domain,True,True,False,K19105,1,M00736,24,0.001
K19104,0.0,0.0,297.0,NC_005072.1_710,297.0,0.00055,16.0,0.00069,15.7,153.0,199.0,47.0,93.0,K00598,69.0,1.1102230245548856e-16,1.1102230245548856e-16,215.9,full,True,True,False,K19105,1,M00736,137,0.006
K19105,0.0,0.0,,,,1000.0,0.0,,,,,,,,,,0.0,,,,,,,0,M00736,5,0.0
K19106,0.001,0.001,,,,1000.0,0.0,,,,,,,,,,0.0,,,,,,K19103,1,M00736,596,0.028
K19185,0.007,0.001,,,,1000.0,0.0,,,,,,,,,,0.0,,,,,,"K19186,K19187,K19818,K19819,K19820,K19826",6,M00810,685,0.032
K19186,0.031,0.031,168.0,NC_005072.1_1317,168.0,5e-06,23.0,5.7e-06,22.8,40.0,64.0,37.0,61.0,K03518,26.4,0.03069838958058703,0.03069838958058703,246.07,domain,True,True,False,"K19818,K19820",2,M00810,27,0.001
K19187,0.002,0.0,,,,1000.0,0.0,,,,,,,,,,0.0,,,,,,"K19186,K19818,K19820",3,M00810,83,0.004
K19188,0.002,0.0,,,,1000.0,0.0,,,,,,,,,,0.0,,,,,,"K19186,K19818,K19820,K19826",4,M00810,205,0.01
K19211,0.0,0.0,,,,1000.0,0.0,,,,,,,,,,0.0,,,,,,,0,M00851,49,0.002
K19216,0.0,0.0,,,,1000.0,0.0,,,,,,,,,,0.0,,,,,,,0,M00851,147,0.007
K19221,1.0,1.0,272.0,NC_005072.1_1772,272.0,3.6e-101,335.3,7.9e-53,176.7,93.0,250.0,17.0,188.0,K19221,335.3,1.0,1.0,121.67,full,False,False,False,"K00768,K00798,K02225,K02226,K02227,K02231,K02232,K02233,K22316",9,M00122,10772,0.503
K19222,0.697,0.176,,,,1000.0,0.0,,,,,,,,,,0.0,,,,,,"K01661,K01911,K02548,K02549,K02551,K02552,K03183,K08680,K14759,K14760",10,"M00116,M00932",10722,0.501
K19243,0.001,0.001,253.0,NC_005072.1_1361,253.0,2.4e-13,47.1,3.2e-13,46.7,4.0,173.0,3.0,166.0,K12453,147.0,8.454801837351857e-31,8.454801837351857e-31,262.83,full,True,True,False,,0,"M00004,M00006",761,0.036
K19268,0.002,0.001,,,,1000.0,0.0,,,,,,,,,,0.0,,,,,,"K01846,K04835",2,M00740,952,0.044
K19280,0.0,0.0,,,,1000.0,0.0,,,,,,,,,,0.0,,,,,,,0,M00740,27,0.001
K19281,0.0,0.0,,,,1000.0,0.0,,,,,,,,,,0.0,,,,,,,0,M00740,10,0.0
K19282,0.0,0.0,,,,1000.0,0.0,,,,,,,,,,0.0,,,,,,,0,"M00012,M00740",0,0.0
K19298,0.0,0.0,,,,1000.0,0.0,,,,,,,,,,0.0,,,,,,,0,M00856,58,0.003
K19312,0.0,0.0,516.0,NC_005072.1_860,516.0,1.4e-20,70.1,7.1e-20,67.8,32.0,207.0,58.0,246.0,K01963,459.9,4.555202521254283e-118,4.555202521254283e-118,960.37,full,True,True,False,,0,M00741,54,0.003
K19316,0.0,0.0,,,,1000.0,0.0,,,,,,,,,,0.0,,,,,,,0,M00851,238,0.011
K19318,0.0,0.0,,,,1000.0,0.0,,,,,,,,,,0.0,,,,,,,0,M00851,45,0.002
K19319,0.0,0.0,,,,1000.0,0.0,,,,,,,,,,0.0,,,,,,K18794,1,M00851,35,0.002
K19320,0.0,0.0,,,,1000.0,0.0,,,,,,,,,,0.0,,,,,,,0,M00851,8,0.0
K19321,0.0,0.0,,,,1000.0,0.0,,,,,,,,,,0.0,,,,,,,0,M00851,5,0.0
K19322,0.0,0.0,,,,1000.0,0.0,,,,,,,,,,0.0,,,,,,"K18971,K18972",2,M00851,55,0.003
K19412,0.0,0.0,284.0,NC_005072.1_184,284.0,7.7e-22,74.6,9.7e-22,74.2,65.0,278.0,95.0,303.0,K01920,376.4,1.4097668970285883e-91,1.4097668970285883e-91,362.43,full,True,True,False,,0,M00763,40,0.002
K19515,0.0,0.0,,,,1000.0,0.0,,,,,,,,,,0.0,,,,,,"K07537,K07538,K07539,K19516",4,M00541,15,0.001
K19516,0.0,0.0,,,,1000.0,0.0,,,,,,,,,,0.0,,,,,,"K07537,K07538,K07539,K19515",4,M00541,15,0.001
K19546,0.001,0.001,201.0,NC_005072.1_1708,201.0,0.0015,14.8,0.67,6.1,22.0,77.0,4.0,57.0,K04518,272.5,2.6580926616401193e-78,2.6580926616401193e-78,182.63,full,True,True,False,"K19549,K19550",2,M00787,585,0.027
K19547,0.007,0.007,225.0,NC_005072.1_1355,225.0,0.00077,15.4,0.0014,14.6,34.0,104.0,395.0,465.0,K16011,663.7,6.954306234718904e-196,6.954306234718904e-196,141.1,domain,True,True,False,"K19549,K19550",2,M00787,2107,0.098
K19548,0.001,0.001,251.0,NC_005072.1_491,251.0,2.5999999999999997e-69,230.2,3e-69,230.0,2.0,249.0,6.0,248.0,K00059,358.4,2.5583181731494428e-39,2.5583181731494428e-39,295.5,domain,True,True,False,"K19549,K19550",2,M00787,595,0.028
K19549,0.0,0.0,399.0,NC_005072.1_722,399.0,2.8999999999999996e-49,164.9,3.3999999999999997e-49,164.6,21.0,389.0,22.0,389.0,K00812,493.6,1.1257460330406387e-99,1.1257460330406387e-99,688.5,full,True,True,False,K19550,1,M00787,52,0.002
K19550,0.0,0.0,256.0,NC_005072.1_491,256.0,2.9e-38,128.3,6.6000000000000005e-37,123.8,3.0,252.0,9.0,247.0,K00059,358.4,5.407518298441811e-70,5.407518298441811e-70,388.33,full,True,True,False,K19549,1,M00787,74,0.003
K19560,1.0,1.0,231.0,NC_005072.1_1673,231.0,1.6000000000000002e-81,269.9,1.8000000000000002e-81,269.7,1.0,229.0,1.0,234.0,K19560,269.9,1.0,1.0,179.1,full,False,False,False,,0,M00572,94,0.004
K19561,0.0,0.0,,,,1000.0,0.0,,,,,,,,,,0.0,,,,,,,0,M00572,69,0.003
K19562,0.0,0.0,838.0,NC_005072.1_1676,838.0,7.000000000000001e-81,269.4,1.5999999999999998e-49,165.7,573.0,800.0,205.0,422.0,K00833,482.1,9.35233214538382e-65,9.35233214538382e-65,538.33,full,True,True,False,,0,M00123,26,0.001
K19563,0.001,0.001,448.0,NC_005072.1_1676,448.0,5.8e-94,312.0,7.7e-94,311.6,12.0,438.0,16.0,428.0,K00833,482.1,6.234444132828047e-52,6.234444132828047e-52,787.0,full,True,True,False,K01906,1,"M00123,M00573,M00577",717,0.034
K19572,0.0,0.0,,,,1000.0,0.0,,,,,,,,,,0.0,,,,,,,0,M00958,100,0.005
K19591,0.224,0.223,,,,1000.0,0.0,,,,,,,,,,0.0,,,,,,"K18304,K19593,K19594,K19595",4,M00769,12092,0.565
K19593,0.0,0.0,492.0,NC_005072.1_102,492.0,0.0017,13.9,1.5,4.3,414.0,460.0,189.0,235.0,K03287,248.3,2.7451685601557776e-71,2.7451685601557776e-71,696.03,full,True,True,False,K19594,1,M00769,120,0.006
K19594,0.0,0.0,1060.0,NC_005072.1_1032,1060.0,2e-05,19.3,2.6e-05,18.9,340.0,498.0,312.0,468.0,K03072,428.7,5.7321793350219625e-124,5.7321793350219625e-124,1926.8,full,True,True,False,"K19593,K19595",2,M00769,348,0.016
K19595,0.001,0.001,396.0,NC_005072.1_1293,396.0,2.5e-33,112.2,3.3e-33,111.8,40.0,361.0,39.0,343.0,K02005,218.6,9.34132455169902e-33,9.34132455169902e-33,470.53,full,True,True,False,"K19593,K19594",2,M00769,744,0.035
K19700,0.014,0.014,474.0,NC_005072.1_335,474.0,1.2e-28,96.8,1.7000000000000003e-28,96.3,131.0,471.0,101.0,434.0,K25072,484.3,2.2432448542785223e-117,2.2432448542785223e-117,995.03,full,True,True,False,"K18276,K20171,K20172",3,M00811,3052,0.143
K19744,0.001,0.001,317.0,NC_005072.1_843,317.0,0.0014,14.4,0.0024,13.7,121.0,217.0,183.0,278.0,K02492,450.0,7.435905960794444e-132,7.435905960794444e-132,394.83,full,True,True,False,,0,M00947,963,0.045
K19746,0.011,0.011,454.0,NC_005072.1_1374,454.0,3.4e-18,63.0,4.9e-18,62.4,10.0,221.0,6.0,218.0,K15736,390.7,2.2514920660814095e-99,2.2514920660814095e-99,215.6,full,True,True,False,K19744,1,M00947,2632,0.123
K19793,0.055,0.054,382.0,NC_005072.1_722,382.0,1.5e-97,323.5,1.8e-97,323.3,2.0,376.0,6.0,386.0,K00812,493.6,6.234444132828224e-52,6.234444132828224e-52,431.8,full,True,True,False,"K06914,K07072,K07144,K09733",4,M00935,5949,0.278
K19818,0.001,0.0,,,,1000.0,0.0,,,,,,,,,,0.0,,,,,,"K19186,K19820",2,M00810,12,0.001
K19819,0.016,0.014,166.0,NC_005072.1_1317,166.0,1.1e-05,21.9,1.2e-05,21.7,40.0,69.0,30.0,61.0,K03518,26.4,0.014321305132868722,0.014321305132868722,267.63,domain,True,True,False,"K19186,K19818,K19820",3,M00810,89,0.004
K19820,0.001,0.0,,,,1000.0,0.0,,,,,,,,,,0.0,,,,,,"K19186,K19818",2,M00810,12,0.001
K19826,0.002,0.0,427.0,NC_005072.1_347,427.0,4.1e-07,25.9,9.9e-05,18.1,2.0,42.0,4.0,44.0,K09845,102.7,7.60144807140077e-24,7.60144807140077e-24,560.5,full,True,True,False,"K19186,K19818,K19820",3,M00810,38,0.002
K19853,0.0,0.0,130.0,NC_005072.1_486,130.0,4.1e-05,20.3,6.5e-05,19.7,75.0,127.0,157.0,211.0,K25144,314.2,3.366815936365332e-89,3.366815936365332e-89,,,True,True,False,K19854,1,M00796,139,0.006
K19854,0.0,0.0,408.0,NC_005072.1_288,408.0,1.9e-77,257.6,9.2e-70,232.3,24.0,308.0,11.0,291.0,K13017,452.3,2.451657757919648e-59,2.451657757919648e-59,,,True,True,False,,0,M00796,14,0.001
K19855,0.002,0.002,,,,1000.0,0.0,,,,,,,,,,0.0,,,,,,K17625,1,M00795,1268,0.059
K19856,0.0,0.0,,,,1000.0,0.0,,,,,,,,,,0.0,,,,,,K19857,1,M00799,532,0.025
K19857,0.0,0.0,343.0,NC_005072.1_1378,343.0,2.8e-05,20.2,3.6e-05,19.8,142.0,250.0,108.0,215.0,K19997,130.0,8.84925023582862e-34,8.84925023582862e-34,,,True,True,False,,0,M00799,5,0.0
K19890,0.0,0.0,,,,1000.0,0.0,,,,,,,,,,0.0,,,,,,,0,M00810,47,0.002
K19965,0.001,0.001,169.0,NC_005072.1_290,169.0,4.7e-07,26.7,7.1e-07,26.1,67.0,104.0,74.0,111.0,K01515,159.1,1.3919336365634324e-40,1.3919336365634324e-40,182.83,full,True,True,False,,0,M00126,675,0.032
K19969,0.0,0.0,404.0,NC_005072.1_730,404.0,1.4e-79,264.4,1.8e-79,264.0,28.0,377.0,12.0,357.0,K01735,465.7,2.5273295360021316e-61,2.5273295360021316e-61,405.4,full,True,True,False,"K19974,K19979,K20424,K20425,K20426,K20427,K20430,K20432,K20433,K20434,K20436",11,"M00814,M00815",301,0.014
K19970,0.001,0.001,,,,1000.0,0.0,,,,,,,,,,0.0,,,,,,,0,"M00958,M00959",599,0.028
K19974,0.0,0.0,,,,1000.0,0.0,,,,,,,,,,0.0,,,,,,"K19969,K19979,K20424,K20425",4,M00814,144,0.007
K19979,0.0,0.0,351.0,NC_005072.1_1908,351.0,0.0087,11.8,290.0,-3.0,237.0,269.0,144.0,177.0,K04043,939.3,6.232740158857015e-280,6.232740158857015e-280,295.97,full,True,True,False,"K19969,K19974,K20424,K20425",4,M00814,120,0.006
K19981,0.0,0.0,,,,1000.0,0.0,,,,,,,,,,0.0,,,,,,,0,M00790,400,0.019
K19982,0.083,0.083,352.0,NC_005072.1_886,352.0,3.2999999999999997e-29,98.9,8.4e-29,97.6,6.0,210.0,30.0,253.0,K22895,102.2,0.08203217885149897,0.08203217885149897,260.73,domain,True,True,False,"K14257,K19981",2,M00790,622,0.029
K20075,0.003,0.003,504.0,NC_005072.1_1768,504.0,1.3e-05,20.6,2.1e-05,19.9,19.0,60.0,4.0,45.0,K00466,29.1,0.002747838686150884,0.002747838686150884,987.93,full,True,True,False,"K20077,K20078,K20080",3,M00805,99,0.005
K20076,0.002,0.001,,,,1000.0,0.0,,,,,,,,,,0.0,,,,,,"K20075,K20077,K20078,K20080",4,M00805,728,0.034
K20077,0.001,0.0,539.0,NC_005072.1_921,539.0,0.0035,12.6,6.0,1.9,11.0,37.0,8.0,34.0,K03185,213.8,2.708724727771202e-61,2.708724727771202e-61,798.03,full,True,True,False,"K20075,K20078,K20080",3,M00805,281,0.013
K20078,0.001,0.0,,,,1000.0,0.0,,,,,,,,,,0.0,,,,,,"K20075,K20077,K20080",3,M00805,169,0.008
K20079,0.002,0.002,,,,1000.0,0.0,,,,,,,,,,0.0,,,,,,"K20075,K20080",2,M00805,1118,0.052
K20080,0.0,0.0,,,,1000.0,0.0,,,,,,,,,,0.0,,,,,,,0,M00805,28,0.001
K20081,0.0,0.0,276.0,NC_005072.1_1709,276.0,5.7e-28,95.1,6.7e-28,94.9,5.0,175.0,29.0,199.0,K18534,364.8,6.489484051092173e-82,6.489484051092173e-82,385.67,full,True,True,False,K20080,1,M00805,190,0.009
K20082,0.002,0.002,279.0,NC_005072.1_1709,279.0,2.9e-32,109.0,3.4000000000000003e-32,108.8,13.0,182.0,33.0,203.0,K18534,364.8,9.920352612714116e-78,9.920352612714116e-78,319.0,full,True,True,False,"K20075,K20078,K20080",3,M00805,994,0.046
K20086,0.0,0.0,430.0,NC_005072.1_1768,430.0,0.00051,15.9,0.73,5.5,181.0,276.0,230.0,329.0,K00466,29.1,0.00010571832022586553,0.00010571832022586553,611.87,full,True,True,False,"K20087,K20088,K20089,K20090",4,M00808,67,0.003
K20087,0.0,0.0,,,,1000.0,0.0,,,,,,,,,,0.0,,,,,,"K20086,K20088,K20089,K20090",4,M00808,127,0.006
K20088,0.0,0.0,,,,1000.0,0.0,,,,,,,,,,0.0,,,,,,"K20086,K20087,K20089,K20090",4,M00808,66,0.003
K20089,0.0,0.0,373.0,NC_005072.1_85,373.0,1.1e-05,21.3,0.13,7.9,3.0,33.0,8.0,38.0,K17872,371.4,4.068164615543142e-106,4.068164615543142e-106,656.93,full,True,True,False,"K20086,K20087,K20088,K20090",4,M00808,62,0.003
K20090,0.0,0.0,429.0,NC_005072.1_559,429.0,6e-08,29.0,2.5,3.9,300.0,345.0,260.0,305.0,K21401,127.0,3.1554435799509823e-30,3.1554435799509823e-30,758.1,full,True,True,False,"K20086,K20087,K20088,K20089",4,M00808,65,0.003
K20155,0.0,0.0,411.0,NC_005072.1_120,411.0,4.5e-10,35.9,6.3,2.5,379.0,407.0,439.0,472.0,K00514,839.2,1.5226654136182202e-242,1.5226654136182202e-242,381.33,full,True,True,False,"K19818,K19820",2,M00810,47,0.002
K20156,0.007,0.007,,,,1000.0,0.0,,,,,,,,,,0.0,,,,,,"K20159,K21175,K21176,K21179",4,M00826,2196,0.103
K20158,0.0,0.0,443.0,NC_005072.1_120,443.0,7.9e-06,21.5,1.2e-05,21.0,12.0,70.0,4.0,63.0,K00514,839.2,7.043240944437795e-247,7.043240944437795e-247,316.63,full,True,True,False,K20169,1,M00811,323,0.015
K20159,0.0,0.0,501.0,NC_005072.1_1780,501.0,2.9e-85,283.6,3.3e-85,283.4,224.0,489.0,219.0,495.0,K01657,589.1,1.0847666496220582e-92,1.0847666496220582e-92,641.43,full,True,True,False,"K21175,K21176,K21179",3,M00826,185,0.009
K20169,0.0,0.0,478.0,NC_005072.1_149,478.0,4.8e-08,28.9,0.00022,16.8,52.0,88.0,3.0,39.0,K02293,850.8,3.8321858572567556e-248,3.8321858572567556e-248,982.5,full,True,True,False,,0,M00811,81,0.004
K20170,0.002,0.002,,,,1000.0,0.0,,,,,,,,,,0.0,,,,,,,0,M00811,1066,0.05
K20171,0.0,0.0,,,,1000.0,0.0,,,,,,,,,,0.0,,,,,,K20172,1,M00811,16,0.001
K20172,0.0,0.0,392.0,NC_005072.1_1317,392.0,0.00066,15.2,0.00073,15.0,49.0,75.0,37.0,63.0,K03518,26.4,0.00013774683442296256,0.00013774683442296256,,,True,True,False,K20171,1,M00811,26,0.001
K20204,0.0,0.0,,,,1000.0,0.0,,,,,,,,,,0.0,,,,,,K17835,1,M00905,426,0.02
K20260,0.0,0.0,,,,1000.0,0.0,,,,,,,,,,0.0,,,,,,"K20261,K20262,K21103",3,M00835,252,0.012
K20261,0.001,0.0,221.0,NC_005072.1_678,221.0,6.8e-08,29.0,15.0,1.7,31.0,77.0,12.0,56.0,K23359,62.3,9.42433021796659e-11,9.42433021796659e-11,311.5,domain,True,True,False,"K13063,K20260,K20262,K21103",4,M00835,461,0.022
K20262,0.0,0.0,213.0,NC_005072.1_1520,213.0,9.5e-09,31.8,1.5e-08,31.2,35.0,213.0,12.0,183.0,K00275,98.2,1.0270894964267856e-20,1.0270894964267856e-20,232.13,domain,True,True,False,"K20260,K20261,K21103",3,M00835,501,0.023
K20420,0.004,0.003,,,,1000.0,0.0,,,,,,,,,,0.0,,,,,,"K20421,K20422,K20423",3,M00830,1505,0.07
K20421,0.003,0.002,337.0,NC_005072.1_321,337.0,0.00061,15.7,0.00081,15.3,173.0,233.0,121.0,182.0,K02493,240.9,1.6145257519311653e-68,1.6145257519311653e-68,319.97,full,True,True,False,"K20420,K20422",2,M00830,1138,0.053
K20422,0.0,0.0,1757.0,NC_005072.1_1812,1757.0,8.000000000000001e-29,96.4,8.6e-29,96.3,166.0,392.0,151.0,380.0,K09458,588.8,5.926934599413323e-149,5.926934599413323e-149,2831.83,domain,True,True,False,,0,M00830,44,0.002
K20423,0.0,0.0,563.0,NC_005072.1_660,563.0,8.5e-41,136.4,4.6e-40,134.0,56.0,549.0,116.0,634.0,K01895,995.1,3.202895161138102e-259,3.202895161138102e-259,799.4,domain,True,True,False,K20422,1,M00830,75,0.004
K20424,0.0,0.0,374.0,NC_005072.1_1393,374.0,6.1e-10,35.6,6.4e-09,32.3,9.0,208.0,6.0,213.0,K00121,247.2,2.004645902153966e-64,2.004645902153966e-64,261.73,full,True,True,False,"K19969,K19974,K19979,K20425",4,M00814,117,0.005
K20425,0.0,0.0,252.0,NC_005072.1_491,252.0,1.2e-21,73.9,1.5e-21,73.5,3.0,179.0,4.0,189.0,K00059,358.4,2.2749205487882876e-86,2.2749205487882876e-86,247.37,full,True,True,False,"K19974,K19979,K20424",3,M00814,74,0.003
K20426,0.0,0.0,,,,1000.0,0.0,,,,,,,,,,0.0,,,,,,"K20427,K20430",2,M00814,39,0.002
K20427,0.0,0.0,366.0,NC_005072.1_844,366.0,6.4e-50,166.8,1.9e-13,46.8,199.0,330.0,215.0,347.0,K00975,607.2,2.669254045336518e-133,2.669254045336518e-133,485.73,full,True,True,False,"K20426,K20430",2,M00814,56,0.003
K20430,0.0,0.0,,,,1000.0,0.0,,,,,,,,,,0.0,,,,,,"K20426,K20427",2,M00814,43,0.002
K20431,0.001,0.001,292.0,NC_005072.1_696,292.0,1.1e-10,38.2,0.00029,17.0,14.0,43.0,2.0,31.0,K01759,167.9,9.045020643333473e-40,9.045020643333473e-40,204.63,full,True,True,False,K20436,1,M00815,695,0.032
K20432,0.0,0.0,304.0,NC_005072.1_1392,304.0,2.2e-05,20.4,3.8e-05,19.7,107.0,246.0,95.0,235.0,K00067,103.5,9.647335018351859e-26,9.647335018351859e-26,338.17,full,True,True,False,"K20433,K20434,K20436",3,M00815,88,0.004
K20433,0.0,0.0,,,,1000.0,0.0,,,,,,,,,,0.0,,,,,,"K20432,K20436",2,M00815,58,0.003
K20434,0.0,0.0,345.0,NC_005072.1_1393,345.0,1.3e-05,20.9,0.003,13.1,25.0,173.0,20.0,182.0,K00121,247.2,7.5317645360463e-69,7.5317645360463e-69,254.93,full,True,True,False,K20436,1,M00815,43,0.002
K20435,0.0,0.0,424.0,NC_005072.1_1462,424.0,8.799999999999999e-47,156.3,9.9e-34,113.3,200.0,416.0,209.0,417.0,K00821,519.8,3.7635403461123117e-110,3.7635403461123117e-110,730.53,full,True,True,False,"K20434,K20436",2,M00815,219,0.01
K20436,0.0,0.0,,,,1000.0,0.0,,,,,,,,,,0.0,,,,,,K20434,1,M00815,14,0.001
K20437,0.005,0.005,231.0,NC_005072.1_1560,231.0,2.1999999999999997e-25,86.4,3e-25,85.9,12.0,186.0,4.0,180.0,K17623,132.5,1.3259196286941315e-14,1.3259196286941315e-14,308.33,full,True,True,False,"K20434,K20436",2,M00815,1854,0.087
K20438,0.0,0.0,422.0,NC_005072.1_827,422.0,1.6e-16,56.8,4e-10,35.7,10.0,103.0,4.0,98.0,K22708,92.2,8.68680512209007e-12,8.68680512209007e-12,,,True,True,False,K20436,1,M00815,211,0.01
K20457,0.0,0.0,593.0,NC_005072.1_1463,593.0,3.3e-86,287.1,4.3e-86,286.7,79.0,488.0,15.0,404.0,K11754,351.5,4.108357985707129e-20,4.108357985707129e-20,446.53,full,True,True,False,,0,M00126,8,0.0
K20810,0.013,0.007,535.0,NC_005072.1_1068,535.0,0.00041,15.8,0.011,11.1,434.0,474.0,400.0,440.0,K01427,1085.9,6e-323,6e-323,306.3,domain,True,True,False,"K11782,K11783,K11784,K11785,K18285",5,M00930,2121,0.099
K20812,0.0,0.0,453.0,NC_005072.1_650,453.0,8.3e-42,140.2,1.1e-41,139.8,1.0,443.0,1.0,453.0,K00703,578.4,1.2264670923789286e-132,1.2264670923789286e-132,772.2,full,True,True,False,,0,M00854,0,0.0
K20860,0.0,0.0,323.0,NC_005072.1_1560,323.0,0.0037,13.3,0.0039,13.2,237.0,266.0,142.0,171.0,K17623,132.5,1.3098589046249692e-36,1.3098589046249692e-36,117.6,full,True,True,False,,0,M00125,81,0.004
K20861,0.234,0.047,268.0,NC_005072.1_1065,268.0,5.6e-08,29.6,0.023,11.2,188.0,230.0,177.0,219.0,K07026,234.4,2.233864816500183e-62,2.233864816500183e-62,371.77,full,True,True,False,"K00082,K02858,K11753,K20884,K21064",5,M00125,5558,0.26
K20862,0.56,0.08,353.0,NC_005072.1_1560,353.0,3.1e-07,27.1,4.2e-07,26.7,76.0,253.0,5.0,172.0,K17623,132.5,1.868264910454316e-32,1.868264910454316e-32,184.8,domain,True,True,False,"K00793,K00794,K01497,K02858,K11752,K11753,K14652,K20861,K20884,K21064,K22912",11,M00125,7253,0.339
K20881,0.129,0.018,,,,1000.0,0.0,,,,,,,,,,0.0,,,,,,"K01081,K01487,K03787,K09913,K13480,K13481,K13482",7,M00959,3423,0.16
K20884,0.0,0.0,492.0,NC_005072.1_1560,492.0,1.5999999999999999e-24,83.2,2.0000000000000002e-24,82.9,75.0,251.0,6.0,183.0,K17623,132.5,1.4428500995563294e-15,1.4428500995563294e-15,278.0,domain,True,True,False,,0,M00125,301,0.014
K20932,0.006,0.006,,,,1000.0,0.0,,,,,,,,,,0.0,,,,,,"K20933,K20934",2,M00973,1937,0.091
K20933,0.0,0.0,,,,1000.0,0.0,,,,,,,,,,0.0,,,,,,,0,M00973,58,0.003
K20934,0.0,0.0,,,,1000.0,0.0,,,,,,,,,,0.0,,,,,,K20933,1,M00973,120,0.006
K20935,0.0,0.0,,,,1000.0,0.0,,,,,,,,,,0.0,,,,,,,0,M00973,0,0.0
K20940,0.013,0.013,509.0,NC_005072.1_835,509.0,6.5e-08,28.6,0.015,10.9,6.0,47.0,2.0,44.0,K10960,690.2,6.895327031427842e-200,6.895327031427842e-200,266.03,full,True,True,False,"K13063,K20260,K20261,K20262,K21103",5,M00835,2905,0.136
K20967,0.0,0.0,594.0,NC_005072.1_1232,594.0,0.0062,11.6,0.0095,11.0,142.0,209.0,122.0,188.0,K01012,460.6,6.8791051341484155e-136,6.8791051341484155e-136,598.93,domain,True,True,False,,0,M00880,134,0.006
K21056,0.0,0.0,292.0,NC_005072.1_544,292.0,1.3000000000000001e-30,103.6,34.0,0.4,2.0,20.0,14.0,32.0,K00856,157.7,5.1793719852011883e-17,5.1793719852011883e-17,464.9,full,True,True,False,,0,M00968,21,0.001
K21060,0.053,0.016,414.0,NC_005072.1_48,414.0,1.3e-36,123.1,3.2999999999999997e-29,98.6,167.0,413.0,115.0,367.0,K03153,291.5,2.0255768747355427e-51,2.0255768747355427e-51,472.5,full,True,True,False,"K12658,K13877,K21061,K21062,K22550",5,M00948,3191,0.149
K21061,0.092,0.052,658.0,NC_005072.1_48,658.0,2.5e-29,99.0,7.4e-29,97.5,189.0,551.0,7.0,353.0,K03153,291.5,1.1264860934152057e-58,1.1264860934152057e-58,330.73,domain,True,True,False,"K12658,K13877,K21060,K21062,K22549,K22550",6,M00948,5842,0.273
K21062,0.076,0.038,371.0,NC_005072.1_1856,371.0,1.5e-58,195.2,1.9000000000000002e-58,194.9,71.0,355.0,15.0,299.0,K01714,330.8,1.5147207958777767e-41,1.5147207958777767e-41,295.73,full,True,True,False,"K12658,K13877,K21060,K21061,K22549,K22550",6,M00948,5011,0.234
K21063,0.0,0.0,,,,1000.0,0.0,,,,,,,,,,0.0,,,,,,,0,M00125,452,0.021
K21064,0.614,0.339,320.0,NC_005072.1_1065,320.0,2e-20,70.0,3.7e-20,69.1,29.0,247.0,9.0,220.0,K07026,234.4,3.2409229995768465e-50,3.2409229995768465e-50,178.9,domain,True,True,False,"K00082,K00793,K00794,K01497,K01498,K02858,K11752,K11753,K14652,K20860,K20861,K20862,K20884,K21063,K22912,K22949",16,M00125,14903,0.696
K21071,0.334,0.085,,,,1000.0,0.0,,,,,,,,,,0.0,,,,,,"K00134,K00150,K00844,K00845,K00873,K00886,K00918,K00927,K01623,K01624,K01689,K01803,K01810,K01834,K06859,K08093,K08094,K11389,K11645,K12406,K13810,K13831,K15633,K15634,K15635,K15916,K16305,K16306,K16370,K25026",30,"M00001,M00345",7451,0.348
K21103,0.0,0.0,,,,1000.0,0.0,,,,,,,,,,0.0,,,,,,,0,M00835,31,0.001
K21142,0.041,0.024,237.0,NC_005072.1_199,237.0,0.011,11.9,0.02,11.1,39.0,80.0,37.0,78.0,K06180,369.8,1.8254273444264546e-108,1.8254273444264546e-108,207.43,domain,True,True,False,K03638,1,M00880,3971,0.186
K21160,0.0,0.0,,,,1000.0,0.0,,,,,,,,,,0.0,,,,,,"K21161,K21165,K21166",3,M00824,149,0.007
K21161,0.0,0.0,,,,1000.0,0.0,,,,,,,,,,0.0,,,,,,"K21160,K21163,K21165,K21166",4,M00824,262,0.012
K21162,0.016,0.014,,,,1000.0,0.0,,,,,,,,,,0.0,,,,,,"K15314,K21160,K21161,K21163,K21164,K21165,K21166,K21167",8,M00824,2999,0.14
K21163,0.001,0.001,,,,1000.0,0.0,,,,,,,,,,0.0,,,,,,"K21160,K21161,K21165,K21166",4,M00824,759,0.035
K21164,0.029,0.027,,,,1000.0,0.0,,,,,,,,,,0.0,,,,,,"K15314,K21160,K21161,K21162,K21163,K21165,K21166,K21167",8,M00824,4207,0.197
K21165,0.0,0.0,,,,1000.0,0.0,,,,,,,,,,0.0,,,,,,"K21160,K21161,K21166",3,M00824,136,0.006
K21166,0.0,0.0,549.0,NC_005072.1_690,549.0,1.6e-10,36.5,1.7e-05,19.9,7.0,46.0,6.0,45.0,K26059,379.4,5.981560322216774e-104,5.981560322216774e-104,911.83,full,True,True,False,"K21160,K21161,K21165",3,M00824,188,0.009
K21167,0.008,0.006,,,,1000.0,0.0,,,,,,,,,,0.0,,,,,,"K15314,K21160,K21161,K21163,K21164,K21165,K21166",7,M00824,1926,0.09
K21175,0.0,0.0,235.0,NC_005072.1_190,235.0,2.5e-52,174.4,2.9e-52,174.2,36.0,220.0,2.0,193.0,K01658,322.2,3.219338325790137e-45,3.219338325790137e-45,,,True,True,False,"K20159,K21179",2,M00826,52,0.002
K21176,0.0,0.0,,,,1000.0,0.0,,,,,,,,,,0.0,,,,,,"K20159,K21175,K21179",3,M00826,283,0.013
K21177,0.002,0.002,,,,1000.0,0.0,,,,,,,,,,0.0,,,,,,"K20159,K21175,K21176,K21178,K21179",5,M00826,1120,0.052
K21178,0.0,0.0,335.0,NC_005072.1_321,335.0,0.00065,15.8,0.00089,15.3,132.0,234.0,82.0,183.0,K02493,240.9,1.7304058555012974e-68,1.7304058555012974e-68,487.03,full,True,True,False,"K21175,K21179",2,M00826,83,0.004
K21179,0.0,0.0,,,,1000.0,0.0,,,,,,,,,,0.0,,,,,,K21175,1,M00826,15,0.001
K21181,0.0,0.0,,,,1000.0,0.0,,,,,,,,,,0.0,,,,,,K21182,1,"M00827,M00828",116,0.005
K21182,0.0,0.0,1058.0,NC_005072.1_660,1058.0,1.5e-31,106.2,2.2e-19,65.9,784.0,972.0,450.0,638.0,K01895,995.1,2.596790144878573e-268,2.596790144878573e-268,835.8,domain,True,True,False,K21181,1,"M00827,M00828",100,0.005
K21183,0.0,0.0,91.0,NC_005072.1_1811,91.0,0.00066,16.3,0.0007,16.2,11.0,63.0,3.0,58.0,K02078,101.1,2.969273379483626e-26,2.969273379483626e-26,88.27,domain,True,True,False,"K21181,K21182,K21188",3,"M00827,M00828",345,0.016
K21184,0.003,0.003,,,,1000.0,0.0,,,,,,,,,,0.0,,,,,,"K21181,K21182",2,M00827,1329,0.062
K21185,0.997,0.997,183.0,NC_005072.1_984,183.0,1.7000000000000002e-27,93.0,2e-27,92.8,32.0,157.0,38.0,161.0,K21185,93.0,0.9964706951763614,0.9964706951763614,182.77,full,False,True,False,"K16431,K21181,K21182,K21183,K21184",5,M00827,4126,0.193
K21188,0.0,0.0,456.0,NC_005072.1_1676,456.0,1.1000000000000002e-59,199.1,1.8e-59,198.4,42.0,449.0,35.0,432.0,K00833,482.1,6.4344469868347504e-86,6.4344469868347504e-86,515.73,full,True,True,False,,0,M00828,88,0.004
K21191,0.0,0.0,548.0,NC_005072.1_660,548.0,6.2000000000000005e-30,100.8,9.200000000000001e-30,100.2,48.0,542.0,115.0,635.0,K01895,995.1,6.149996628662254e-270,6.149996628662254e-270,1000.87,full,True,True,False,K21192,1,M00829,11,0.001
K21192,0.0,0.0,348.0,NC_005072.1_1566,348.0,0.026,10.4,0.032,10.1,180.0,260.0,30.0,110.0,K25497,29.2,2.1909634365862677e-06,2.1909634365862677e-06,615.57,full,True,True,False,K21191,1,M00829,13,0.001
K21219,0.0,0.0,452.0,NC_005072.1_375,452.0,1.7000000000000002e-87,290.7,1.8e-87,290.6,5.0,258.0,4.0,258.0,K00941,304.4,7.51374121483813e-05,7.51374121483813e-05,372.27,full,True,True,False,,0,"M00127,M00896,M00899",82,0.004
K21220,0.0,0.0,,,,1000.0,0.0,,,,,,,,,,0.0,,,,,,,0,M00896,0,0.0
K21254,0.0,0.0,1274.0,NC_005072.1_1812,1274.0,9.5e-34,113.0,1.3000000000000001e-33,112.6,74.0,426.0,51.0,403.0,K09458,588.8,5.88746126849102e-144,5.88746126849102e-144,2041.07,domain,True,True,False,"K21257,K21262",2,"M00833,M00834",28,0.001
K21255,0.002,0.002,,,,1000.0,0.0,,,,,,,,,,0.0,,,,,,"K21254,K21256,K21257,K21259,K21260,K21261,K21262,K21263",8,"M00833,M00834",1131,0.053
K21256,0.0,0.0,420.0,NC_005072.1_559,420.0,5.3e-10,35.5,7.2e-05,18.6,6.0,40.0,2.0,36.0,K21401,127.0,2.8559815078846604e-28,2.8559815078846604e-28,,,True,True,False,"K21254,K21257,K21260,K21262",4,"M00833,M00834",87,0.004
K21257,0.0,0.0,,,,1000.0,0.0,,,,,,,,,,0.0,,,,,,"K21260,K21262",2,"M00833,M00834",14,0.001
K21258,0.0,0.0,,,,1000.0,0.0,,,,,,,,,,0.0,,,,,,"K21254,K21257,K21260,K21262",4,"M00833,M00834",357,0.017
K21259,0.0,0.0,377.0,NC_005072.1_203,377.0,0.0082,12.2,780.0,-4.2,123.0,139.0,106.0,122.0,K02563,285.4,5.735947723661654e-83,5.735947723661654e-83,369.73,full,True,True,False,"K21254,K21257,K21260,K21262,K21263",5,M00833,117,0.005
K21260,0.0,0.0,,,,1000.0,0.0,,,,,,,,,,0.0,,,,,,"K21257,K21262",2,M00833,25,0.001
K21261,0.0,0.0,,,,1000.0,0.0,,,,,,,,,,0.0,,,,,,"K21254,K21257,K21259,K21260,K21262",5,M00833,267,0.012
K21262,0.0,0.0,,,,1000.0,0.0,,,,,,,,,,0.0,,,,,,"K21257,K21260",2,M00833,16,0.001
K21263,0.0,0.0,,,,1000.0,0.0,,,,,,,,,,0.0,,,,,,"K21257,K21259,K21260,K21262",4,M00833,138,0.006
K21277,0.0,0.0,,,,1000.0,0.0,,,,,,,,,,0.0,,,,,,,0,M00851,29,0.001
K21297,0.0,0.0,169.0,NC_005072.1_984,169.0,4.3e-21,72.0,5.3e-21,71.7,15.0,150.0,20.0,157.0,K21185,93.0,4.7515425452058686e-07,4.7515425452058686e-07,182.2,full,True,True,False,"K14255,K21301",2,M00823,496,0.023
K21301,0.0,0.0,,,,1000.0,0.0,,,,,,,,,,0.0,,,,,,,0,"M00780,M00823",19,0.001
K21344,1.0,1.0,359.0,NC_005072.1_1377,359.0,1.8e-66,221.4,2.3e-66,221.0,6.0,322.0,173.0,494.0,K21344,221.4,1.0,1.0,414.47,domain,False,True,False,"K03271,K03274,K21345",3,M00064,2369,0.111
K21345,0.482,0.007,215.0,NC_005072.1_1377,215.0,6.1e-13,45.4,1.1e-12,44.6,56.0,176.0,19.0,134.0,K03272,213.5,2.4937776531313344e-51,2.4937776531313344e-51,229.9,domain,True,True,False,"K03274,K21344",2,M00064,2098,0.098
K21428,0.0,0.0,,,,1000.0,0.0,,,,,,,,,,0.0,,,,,,"K21778,K21779",2,M00837,132,0.006
K21456,0.0,0.0,698.0,NC_005072.1_133,698.0,0.0055,12.1,0.0059,12.0,226.0,265.0,125.0,170.0,K10697,399.8,1.9528580715034764e-117,1.9528580715034764e-117,265.9,full,True,True,False,,0,M00118,184,0.009
K21479,0.001,0.001,530.0,NC_005072.1_1728,530.0,2.3000000000000001e-88,293.9,99.0,-1.9,289.0,338.0,242.0,291.0,K13541,591.4,2.7770026230325104e-90,2.7770026230325104e-90,467.97,full,True,True,False,,0,M00924,737,0.034
K21610,0.0,0.0,267.0,NC_005072.1_582,267.0,8.2e-63,208.8,1.0999999999999999e-62,208.4,6.0,260.0,31.0,289.0,K04037,520.9,1.1182485746241888e-94,1.1182485746241888e-94,404.23,full,True,True,False,,0,M00836,5,0.0
K21611,0.0,0.0,,,,1000.0,0.0,,,,,,,,,,0.0,,,,,,,0,M00836,0,0.0
K21612,0.0,0.0,451.0,NC_005072.1_1529,451.0,4.3e-17,58.7,4.8e-09,32.1,194.0,439.0,193.0,437.0,K01925,402.1,4.2296018659156263e-104,4.2296018659156263e-104,199.53,full,True,True,False,,0,M00836,20,0.001
K21721,0.149,0.002,338.0,NC_005072.1_843,338.0,0.0061,12.5,0.011,11.7,140.0,242.0,190.0,288.0,K02492,450.0,1.99240166967369e-132,1.99240166967369e-132,412.5,full,True,True,False,"K21949,K23371,K23372,K23374,K23375",5,M00875,1231,0.058
K21722,0.005,0.004,355.0,NC_005072.1_886,355.0,1.1e-14,51.1,6e-14,48.7,14.0,191.0,45.0,237.0,K22895,102.2,3.3477302318210605e-16,3.3477302318210605e-16,635.53,full,True,True,False,"K21723,K21724",2,M00915,1699,0.079
K21723,0.0,0.0,354.0,NC_005072.1_886,354.0,5.1e-10,35.6,1.4e-09,34.1,15.0,201.0,46.0,243.0,K22895,102.2,7.2241294815182e-21,7.2241294815182e-21,620.63,full,True,True,False,,0,M00915,66,0.003
K21724,0.001,0.001,,,,1000.0,0.0,,,,,,,,,,0.0,,,,,,K21723,1,M00915,621,0.029
K21778,0.0,0.0,852.0,NC_005072.1_1462,852.0,5.6e-62,206.9,5.4e-60,200.4,412.0,756.0,38.0,383.0,K00821,519.8,6.422651490742877e-95,6.422651490742877e-95,1490.23,full,True,True,False,"K21428,K21779",2,M00837,121,0.006
K21779,0.0,0.0,676.0,NC_005072.1_1254,676.0,1.2e-06,23.7,190.0,-3.4,406.0,436.0,252.0,281.0,K09835,852.3,3.685917350829133e-250,3.685917350829133e-250,755.97,full,True,True,False,"K21428,K21778,K21780,K21783",4,M00837,75,0.004
K21780,0.053,0.0,519.0,NC_005072.1_660,519.0,7.300000000000001e-44,146.7,1.1e-43,146.2,31.0,514.0,116.0,635.0,K01895,995.1,4.037863919784692e-256,4.037863919784692e-256,569.47,domain,True,True,False,"K21428,K21778,K21779,K21782,K21783,K21787,K21791",7,"M00837,M00838",163,0.008
K21781,0.05,0.0,,,,1000.0,0.0,,,,,,,,,,0.0,,,,,,"K21428,K21778,K21779,K21780,K21782,K21783,K21787,K21791",8,"M00837,M00838",453,0.021
K21782,0.062,0.0,,,,1000.0,0.0,,,,,,,,,,0.0,,,,,,"K21428,K21778,K21779,K21780,K21781,K21783,K21787,K21791",8,"M00837,M00838",421,0.02
K21783,0.063,0.0,905.0,NC_005072.1_1812,905.0,4.9e-38,128.0,1.6e-35,119.6,634.0,894.0,148.0,405.0,K09458,588.8,1.929203308459191e-139,1.929203308459191e-139,540.2,domain,True,True,False,"K21428,K21778,K21779,K21780,K21787,K21791",6,"M00837,M00838",177,0.008
K21784,0.053,0.0,613.0,NC_005072.1_1672,613.0,8e-74,245.9,1e-73,245.6,254.0,598.0,35.0,377.0,K00652,397.2,2.8455200891454347e-46,2.8455200891454347e-46,772.33,full,True,True,False,"K21428,K21778,K21779,K21780,K21782,K21783,K21787,K21791",8,"M00837,M00838",465,0.022
K21785,0.069,0.013,,,,1000.0,0.0,,,,,,,,,,0.0,,,,,,"K21428,K21778,K21779,K21780,K21781,K21782,K21783,K21784,K21786,K21787,K21791,K21792,K21793",13,"M00837,M00838",2897,0.135
K21786,0.006,0.006,342.0,NC_005072.1_1023,342.0,4.6e-08,29.2,6.2e-08,28.8,167.0,325.0,180.0,341.0,K15256,62.9,7.076347379379641e-11,7.076347379379641e-11,257.47,full,True,True,False,"K21428,K21778,K21779,K21780,K21781,K21782,K21783,K21784,K21787",9,M00837,1941,0.091
K21787,0.056,0.0,,,,1000.0,0.0,,,,,,,,,,0.0,,,,,,"K21428,K21778,K21779,K21780,K21783,K21791",6,"M00837,M00838",206,0.01
K21791,0.725,0.725,284.0,NC_005072.1_1186,284.0,0.012,11.4,0.019,10.6,99.0,115.0,307.0,323.0,K21791,11.4,0.7252004253240044,0.7252004253240044,362.13,full,False,True,False,,0,M00838,112,0.005
K21792,0.094,0.007,2466.0,NC_005072.1_1672,2466.0,1.1e-48,161.8,1.4e-48,161.4,1824.0,2190.0,16.0,373.0,K00652,397.2,1.3725842800779644e-71,1.3725842800779644e-71,2450.87,domain,True,True,False,"K21780,K21781,K21782,K21783,K21784,K21785,K21787,K21791,K21793",9,M00838,2091,0.098
K21793,0.001,0.001,339.0,NC_005072.1_1551,339.0,3.6e-16,55.6,4.7e-16,55.2,7.0,178.0,3.0,188.0,K17741,209.3,5.391252424319734e-47,5.391252424319734e-47,459.8,full,True,True,False,,0,M00838,681,0.032
K21832,0.039,0.024,463.0,NC_005072.1_1514,463.0,6.3e-21,71.3,6.5e-21,71.2,385.0,461.0,16.0,92.0,K02639,180.6,1.2514729700342157e-33,1.2514729700342157e-33,465.4,domain,True,True,False,"K00301,K00302,K00303,K00304,K00305,K00309,K00315,K00479,K21833,K21834,K25960,K25961",12,M00975,4001,0.187
K21833,0.022,0.006,684.0,NC_005072.1_1458,684.0,4.2e-08,28.7,0.0011,14.1,392.0,428.0,10.0,46.0,K00382,549.0,2.3664277858432148e-157,2.3664277858432148e-157,1049.3,full,True,True,False,"K00302,K00303,K00304,K00305,K00479,K21832,K21834,K25960,K25961",9,M00975,1994,0.093
K21834,0.15,0.06,637.0,NC_005072.1_1810,637.0,0.065,8.3,0.12,7.5,244.0,257.0,47.0,60.0,K02691,164.4,1.0214513267226028e-47,1.0214513267226028e-47,838.4,full,True,True,False,"K00301,K00302,K00303,K00304,K00305,K00309,K00479,K00600,K01752,K01754,K21832,K21833,K25960,K25961",14,M00975,6271,0.293
K21898,0.005,0.005,437.0,NC_005072.1_1730,437.0,4.1e-10,35.4,1.1e-09,33.9,8.0,335.0,25.0,354.0,K01775,401.7,5.403965755680018e-111,5.403965755680018e-111,209.73,full,True,True,False,"K23446,K23447",2,M00876,1792,0.084
K21949,0.143,0.003,667.0,NC_005072.1_128,667.0,5.9e-83,276.2,7.099999999999999e-83,276.0,201.0,502.0,2.0,305.0,K01697,391.7,1.6941502188587522e-35,1.6941502188587522e-35,343.83,domain,True,True,False,"K21721,K23371,K23372,K23373,K23374,K23375",6,M00875,1469,0.069
K21977,0.003,0.003,238.0,NC_005072.1_234,238.0,1.5999999999999999e-31,106.5,2.4e-31,105.9,4.0,228.0,201.0,416.0,K13038,368.2,1.661307917079668e-79,1.661307917079668e-79,210.53,domain,True,True,False,K02318,1,M00120,1429,0.067
K22011,0.0,0.0,132.0,NC_005072.1_688,132.0,1.5999999999999999e-29,99.2,2.3e-06,24.2,7.0,81.0,142.0,216.0,K03795,319.5,4.8204985351601445e-67,4.8204985351601445e-67,128.27,domain,True,True,False,,0,"M00836,M00924",4,0.0
K22012,0.0,0.0,470.0,NC_005072.1_1211,470.0,2.4e-77,257.3,3.1e-77,257.0,9.0,465.0,4.0,458.0,K02224,407.3,7.006492321623918e-46,7.006492321623918e-46,599.33,full,True,True,False,,0,M00836,3,0.0
K22015,0.004,0.004,,,,1000.0,0.0,,,,,,,,,,0.0,,,,,,"K25008,K25123,K25124",3,"M00377,M00618",1535,0.072
K22099,0.0,0.0,,,,1000.0,0.0,,,,,,,,,,0.0,,,,,,K22100,1,M00840,70,0.003
K22100,0.0,0.0,208.0,NC_005072.1_576,208.0,4.1000000000000004e-22,75.6,6.2e-22,75.0,2.0,203.0,7.0,217.0,K01817,204.9,1.1934976291982694e-39,1.1934976291982694e-39,264.03,full,True,True,False,K22099,1,M00840,23,0.001
K22113,0.0,0.0,,,,1000.0,0.0,,,,,,,,,,0.0,,,,,,K01957,1,M00904,72,0.003
K22114,0.0,0.0,,,,1000.0,0.0,,,,,,,,,,0.0,,,,,,,0,M00904,394,0.018
K22116,0.124,0.001,,,,1000.0,0.0,,,,,,,,,,0.0,,,,,,"K01932,K22976,K22981",3,M00860,960,0.045
K22225,0.002,0.002,,,,1000.0,0.0,,,,,,,,,,0.0,,,,,,,0,M00847,1050,0.049
K22226,0.638,0.637,438.0,NC_005072.1_680,438.0,1.5e-17,60.7,4.6e-17,59.0,60.0,358.0,16.0,299.0,K22226,60.7,0.5857473368983533,0.5857473368983533,373.8,full,False,True,False,"K22225,K22227,K25033",3,M00847,8968,0.419
K22227,0.013,0.012,529.0,NC_005072.1_680,529.0,2.2e-10,36.7,3.9e-10,35.9,56.0,192.0,18.0,155.0,K22226,60.7,3.491326194395746e-08,3.491326194395746e-08,363.03,full,True,True,False,K22225,1,M00847,2827,0.132
K22269,0.0,0.0,,,,1000.0,0.0,,,,,,,,,,0.0,,,,,,,0,M00890,7,0.0
K22283,0.0,0.0,,,,1000.0,0.0,,,,,,,,,,0.0,,,,,,,0,M00098,0,0.0
K22284,0.0,0.0,,,,1000.0,0.0,,,,,,,,,,0.0,,,,,,,0,M00098,0,0.0
K22305,1.0,1.0,212.0,NC_005072.1_554,212.0,2.5e-114,377.0,1.3e-49,165.6,3.0,205.0,3.0,218.0,K22305,377.0,1.0,1.0,212.67,domain,False,True,False,"K00058,K00831,K01079,K02203,K25528",5,M00020,9689,0.453
K22316,0.552,0.034,556.0,NC_005072.1_554,556.0,9.9e-69,229.3,8.2e-33,110.8,299.0,501.0,3.0,219.0,K22305,377.0,3.450401551564766e-45,3.450401551564766e-45,269.6,full,True,True,False,"K00768,K00798,K02227,K02231,K02232,K02233",6,M00122,4700,0.22
K22346,0.0,0.0,,,,1000.0,0.0,,,,,,,,,,0.0,,,,,,,0,M00851,40,0.002
K22391,0.666,0.456,,,,1000.0,0.0,,,,,,,,,,0.0,,,,,,"K00287,K00796,K00950,K01077,K01113,K01495,K01633,K08310,K09007,K11754,K13939,K13940,K13941,K13998,K19965,K20457",16,M00126,17277,0.807
K22451,0.001,0.001,665.0,NC_005072.1_1204,665.0,6.9e-21,71.3,8.1e-20,67.8,7.0,274.0,13.0,405.0,K16149,586.0,1.1477868155050109e-155,1.1477868155050109e-155,192.33,full,True,True,False,,0,M00855,840,0.039
K22477,0.33,0.044,198.0,NC_005072.1_601,198.0,5.2e-12,42.6,7.8e-12,42.0,106.0,180.0,92.0,164.0,K22450,158.7,1.1230976109387118e-35,1.1230976109387118e-35,81.67,full,True,True,False,"K00145,K00619,K00620,K00818,K00930,K01438,K14677,K14681,K14682",9,M00028,5388,0.252
K22478,0.001,0.0,435.0,NC_005072.1_538,435.0,2.5e-42,141.8,2.9999999999999996e-42,141.6,24.0,285.0,17.0,283.0,K00930,439.7,2.104574440486685e-90,2.104574440486685e-90,516.47,full,True,True,False,"K09065,K12659",2,"M00028,M00845",553,0.026
K22480,0.0,0.0,775.0,NC_005072.1_165,775.0,3.6e-07,25.3,4.8e-07,24.8,245.0,320.0,60.0,128.0,K05580,321.9,5.182070129747266e-90,5.182070129747266e-90,1091.73,full,True,True,False,,0,"M00356,M00357,M00563,M00567,M00617",175,0.008
K22481,0.0,0.0,,,,1000.0,0.0,,,,,,,,,,0.0,,,,,,,0,"M00356,M00357,M00563,M00567,M00617",85,0.004
K22482,0.0,0.0,198.0,NC_005072.1_165,198.0,1.4e-05,21.6,0.0025,14.3,15.0,46.0,87.0,117.0,K05580,321.9,3.98742293112494e-91,3.98742293112494e-91,173.5,full,True,True,False,,0,"M00356,M00357,M00563,M00567,M00617",71,0.003
K22501,0.0,0.0,,,,1000.0,0.0,,,,,,,,,,0.0,,,,,,,0,M00153,118,0.006
K22516,0.067,0.022,,,,1000.0,0.0,,,,,,,,,,0.0,,,,,,"K00200,K00201,K00202,K00320,K00577,K00625,K00672,K01499,K11260,K13942,K16178,K22480,K22482",13,"M00356,M00357,M00563,M00567,M00617",3799,0.178
K22549,0.08,0.034,601.0,NC_005072.1_217,601.0,9.4e-12,41.0,1.8e-07,26.9,107.0,237.0,14.0,131.0,K17722,70.1,1.2300061594977943e-09,1.2300061594977943e-09,406.57,full,True,True,False,"K12658,K13877,K21061,K21062,K22550",5,M00948,4721,0.221
K22550,0.137,0.111,127.0,NC_005072.1_1317,127.0,1.7e-06,24.5,1.8e-06,24.5,48.0,96.0,17.0,64.0,K03518,26.4,0.0868281577757581,0.0868281577757581,94.6,full,True,True,False,"K12658,K13877,K21060,K21061,K21062,K22549",6,M00948,4202,0.196
K22568,0.0,0.0,,,,1000.0,0.0,,,,,,,,,,0.0,,,,,,,0,M00741,0,0.0
K22598,0.008,0.008,,,,1000.0,0.0,,,,,,,,,,0.0,,,,,,K22269,1,M00890,2345,0.11
K22622,0.022,0.017,324.0,NC_005072.1_1196,324.0,1.3e-06,24.9,1.8e-06,24.4,86.0,131.0,60.0,106.0,K12263,52.0,3.826354930735208e-09,3.826354930735208e-09,133.7,domain,True,True,False,"K17222,K17223,K17224,K17225,K17226,K17227",6,M00595,3370,0.157
K22699,0.0,0.0,261.0,NC_005072.1_217,261.0,6.3e-10,35.6,1.3e-09,34.6,23.0,65.0,10.0,53.0,K17722,70.1,2.9130323638447503e-11,2.9130323638447503e-11,258.23,domain,True,True,False,K21219,1,M00896,390,0.018
K22813,0.0,0.0,,,,1000.0,0.0,,,,,,,,,,0.0,,,,,,,0,M00849,0,0.0
K22850,0.0,0.0,,,,1000.0,0.0,,,,,,,,,,0.0,,,,,,K22852,1,M00853,258,0.012
K22851,0.0,0.0,,,,1000.0,0.0,,,,,,,,,,0.0,,,,,,"K22852,K22853,K22854",3,M00853,431,0.02
K22852,0.0,0.0,,,,1000.0,0.0,,,,,,,,,,0.0,,,,,,,0,M00853,3,0.0
K22853,0.0,0.0,,,,1000.0,0.0,,,,,,,,,,0.0,,,,,,"K22851,K22852,K22854",3,M00853,429,0.02
K22854,0.0,0.0,,,,1000.0,0.0,,,,,,,,,,0.0,,,,,,,0,M00853,5,0.0
K22879,0.101,0.011,617.0,NC_005072.1_1304,617.0,1.4e-11,40.1,45.0,-1.2,427.0,480.0,193.0,251.0,K00384,476.5,4.2708064725384605e-132,4.2708064725384605e-132,194.3,full,True,True,False,"K00087,K00106,K00365,K01466,K01477,K07127,K11177,K11178,K13479,K13481,K13482,K13483,K13484,K13485,K16838,K16842",16,M00546,2704,0.126
K22896,0.0,0.0,,,,1000.0,0.0,,,,,,,,,,0.0,,,,,,"K00531,K22897,K22898",3,M00175,147,0.007
K22897,0.0,0.0,461.0,NC_005072.1_583,461.0,5.5e-08,28.7,1.9e-07,27.0,133.0,445.0,115.0,423.0,K04039,767.7,3.458065414261048e-223,3.458065414261048e-223,845.47,full,True,True,False,"K00531,K22896,K22898",3,M00175,142,0.007
K22898,0.0,0.0,,,,1000.0,0.0,,,,,,,,,,0.0,,,,,,"K22896,K22897",2,M00175,43,0.002
K22899,0.001,0.0,275.0,NC_005072.1_582,275.0,4.4e-51,170.6,5.4e-51,170.3,5.0,260.0,32.0,284.0,K04037,520.9,3.5415429976425623e-106,3.5415429976425623e-106,558.9,full,True,True,False,"K00531,K02586,K02591,K22896,K22897,K22898",6,M00175,569,0.027
K22906,0.0,0.0,,,,1000.0,0.0,,,,,,,,,,0.0,,,,,,,0,M00967,203,0.009
K22912,0.0,0.0,370.0,NC_005072.1_939,370.0,1.5e-12,44.2,1.9e-12,43.9,168.0,304.0,61.0,200.0,K07025,55.7,0.0003167522447876542,0.0003167522447876542,207.83,full,True,True,False,,0,M00125,7,0.0
K22914,0.0,0.0,,,,1000.0,0.0,,,,,,,,,,0.0,,,,,,"K22921,K22922,K22923,K22925",4,M00857,48,0.002
K22915,0.0,0.0,,,,1000.0,0.0,,,,,,,,,,0.0,,,,,,"K22914,K22916,K22917,K22921,K22922,K22923,K22924,K22925,K22926",9,M00857,219,0.01
K22916,0.0,0.0,578.0,NC_005072.1_432,578.0,5.8e-08,28.3,7.3e-08,28.0,360.0,568.0,171.0,374.0,K16703,131.0,1.2139999599931787e-31,1.2139999599931787e-31,913.27,full,True,True,False,"K22914,K22915,K22917,K22921,K22922,K22923,K22924,K22925,K22926",9,M00857,250,0.012
K22917,0.0,0.0,639.0,NC_005072.1_6,639.0,0.002,13.3,100.0,-2.2,196.0,222.0,215.0,241.0,K16531,61.2,2.0966546880811714e-15,2.0966546880811714e-15,698.9,full,True,True,False,"K22914,K22915,K22916,K22921,K22922,K22923,K22924,K22925",8,M00857,222,0.01
K22918,0.007,0.007,,,,1000.0,0.0,,,,,,,,,,0.0,,,,,,,0,M00856,2129,0.099
K22921,0.0,0.0,,,,1000.0,0.0,,,,,,,,,,0.0,,,,,,"K22914,K22922,K22923,K22925",4,M00857,36,0.002
K22922,0.0,0.0,,,,1000.0,0.0,,,,,,,,,,0.0,,,,,,"K22914,K22921,K22923,K22925",4,M00857,35,0.002
K22923,0.0,0.0,225.0,NC_005072.1_198,225.0,5.6e-20,68.7,0.00048,16.5,20.0,57.0,299.0,336.0,K15583,539.2,1.4723779651932295e-142,1.4723779651932295e-142,270.73,full,True,True,False,"K22914,K22921,K22922,K22925",4,M00857,35,0.002
K22924,0.0,0.0,,,,1000.0,0.0,,,,,,,,,,0.0,,,,,,"K22914,K22915,K22916,K22917,K22921,K22922,K22923,K22925",8,M00857,172,0.008
K22925,0.0,0.0,346.0,NC_005072.1_1369,346.0,4.7000000000000005e-38,127.7,1.3000000000000001e-37,126.2,18.0,338.0,4.0,336.0,K08679,492.1,2.016831334073878e-110,2.016831334073878e-110,790.23,full,True,True,False,"K22914,K22921,K22922,K22923",4,M00857,23,0.001
K22926,0.0,0.0,425.0,NC_005072.1_1421,425.0,4.4e-22,75.3,6.5e-22,74.7,6.0,416.0,5.0,446.0,K00012,623.5,9.448358796072174e-166,9.448358796072174e-166,943.3,full,True,True,False,"K22914,K22921,K22922,K22923,K22925",5,M00857,73,0.003
K22944,0.001,0.001,,,,1000.0,0.0,,,,,,,,,,0.0,,,,,,,0,M00575,951,0.044
K22949,0.0,0.0,383.0,NC_005072.1_1433,383.0,3.4e-18,62.7,6.2e-17,58.6,106.0,332.0,14.0,225.0,K11753,327.1,2.5566374511978202e-80,2.5566374511978202e-80,239.8,full,True,True,False,,0,M00125,2,0.0
K22976,0.0,0.0,,,,1000.0,0.0,,,,,,,,,,0.0,,,,,,,0,M00860,70,0.003
K22977,0.0,0.0,,,,1000.0,0.0,,,,,,,,,,0.0,,,,,,K22976,1,M00860,359,0.017
K22980,0.003,0.003,,,,1000.0,0.0,,,,,,,,,,0.0,,,,,,"K22976,K22977",2,M00860,1440,0.067
K22981,0.483,0.483,47.0,NC_005072.1_1131,47.0,0.0056,13.3,0.0072,12.9,26.0,46.0,33.0,53.0,K14515,13.4,0.4826782551678153,0.4826782551678153,92.83,full,True,True,False,,0,M00860,68,0.003
K22997,0.002,0.002,,,,1000.0,0.0,,,,,,,,,,0.0,,,,,,"K18686,K22998",2,M00921,1111,0.052
K22998,0.0,0.0,,,,1000.0,0.0,,,,,,,,,,0.0,,,,,,K18686,1,M00921,28,0.001
K23082,0.0,0.0,,,,1000.0,0.0,,,,,,,,,,0.0,,,,,,K12977,1,M00867,96,0.004
K23083,0.001,0.001,,,,1000.0,0.0,,,,,,,,,,0.0,,,,,,"K12977,K23082,K23159",3,M00867,837,0.039
K23094,1.0,1.0,465.0,NC_005072.1_182,465.0,3.4e-107,355.9,3.6999999999999997e-107,355.8,136.0,434.0,4.0,301.0,K23094,355.9,1.0,1.0,190.63,full,False,False,False,"K12073,K17872,K23095",3,M00932,177,0.008
K23095,1.0,1.0,422.0,NC_005072.1_468,422.0,2.6e-80,266.9,2.8000000000000003e-80,266.8,50.0,280.0,5.0,233.0,K23095,266.9,1.0,1.0,248.03,full,False,False,False,"K12073,K17872,K23094",3,M00932,189,0.009
K23120,0.001,0.0,266.0,NC_005072.1_1399,266.0,0.0068,12.5,0.01,11.9,105.0,173.0,62.0,132.0,K15444,45.8,7.765379857116592e-11,7.765379857116592e-11,216.47,full,True,True,False,"K01780,K23122",2,M00949,525,0.025
K23122,0.001,0.0,,,,1000.0,0.0,,,,,,,,,,0.0,,,,,,"K01780,K23120",2,M00949,403,0.019
K23144,0.026,0.026,413.0,NC_005072.1_652,413.0,1.4e-72,241.4,1.0999999999999999e-47,159.3,5.0,305.0,4.0,317.0,K04042,574.8,4.3311123106978057e-101,4.3311123106978057e-101,412.97,full,True,True,False,"K00972,K11528",2,M00909,4120,0.193
K23159,0.0,0.0,,,,1000.0,0.0,,,,,,,,,,0.0,,,,,,"K12977,K23082",2,M00867,440,0.021
K23163,0.338,0.101,,,,1000.0,0.0,,,,,,,,,,0.0,,,,,,"K00380,K00381,K00390,K00392,K00860,K00955,K00956,K00957,K00958,K02045,K02046,K02047,K02048",13,M00616,8114,0.379
K23234,0.0,0.0,549.0,NC_005072.1_335,549.0,3.0999999999999995e-43,144.7,4.4999999999999995e-43,144.2,84.0,505.0,26.0,437.0,K25072,484.3,5.891331659025472e-103,5.891331659025472e-103,711.2,full,True,True,False,,0,M00038,0,0.0
K23264,1.0,1.0,211.0,NC_005072.1_855,211.0,2.9e-27,93.2,3.3e-27,93.0,65.0,142.0,4.0,79.0,K23264,93.2,1.0,1.0,39.47,domain,False,False,False,"K00602,K00764,K01492,K01588,K01589,K01756,K01923,K01933,K01945,K11175,K11788,K11808,K23265,K23269",14,M00048,8809,0.412
K23265,1.0,1.0,578.0,NC_005072.1_856,578.0,6.6e-97,322.3,7.2e-97,322.2,223.0,438.0,4.0,219.0,K23265,322.3,1.0,1.0,200.83,domain,False,False,False,"K00601,K00602,K00764,K01492,K01587,K01588,K01589,K01756,K01923,K01933,K01945,K11175,K11787,K11788,K11808,K13713,K23264,K23269,K23270",19,M00048,9228,0.431
K23269,1.0,1.0,997.0,NC_005072.1_3,997.0,0.0,1072.2,0.0,1071.9,201.0,918.0,14.0,777.0,K23269,1072.2,1.0,1.0,729.0,full,False,False,False,"K00602,K00764,K01492,K01588,K01589,K01756,K01923,K01933,K01945,K11175,K11787,K11788,K11808,K13713,K23264,K23265",16,M00048,9049,0.423
K23270,0.0,0.0,994.0,NC_005072.1_3,994.0,3.2e-153,508.6,4.1e-150,498.3,284.0,968.0,78.0,775.0,K23269,1072.2,2.185216362539762e-170,2.185216362539762e-170,902.33,full,True,True,False,"K00601,K01492,K01587",3,M00048,295,0.014
K23304,0.0,0.0,270.0,NC_005072.1_685,270.0,2.6000000000000003e-32,108.9,3.3e-32,108.5,4.0,261.0,34.0,287.0,K00651,280.6,2.0565995881346242e-52,2.0565995881346242e-52,346.9,full,True,True,False,,0,M00021,198,0.009
K23371,0.0,0.0,,,,1000.0,0.0,,,,,,,,,,0.0,,,,,,,0,M00875,237,0.011
K23372,0.203,0.003,,,,1000.0,0.0,,,,,,,,,,0.0,,,,,,"K21721,K21949,K23371,K23373,K23374,K23375",6,M00875,1292,0.06
K23373,0.185,0.005,422.0,NC_005072.1_1229,422.0,3.8e-49,164.0,4.8e-49,163.6,29.0,410.0,47.0,430.0,K01586,441.2,3.584967327288507e-84,3.584967327288507e-84,510.8,full,True,True,False,"K21721,K21949,K23371,K23372,K23374,K23375",6,M00875,1751,0.082
K23374,1.0,1.0,604.0,NC_005072.1_1163,604.0,0.0017,13.5,0.0017,13.5,529.0,570.0,50.0,91.0,K23374,13.5,1.0,1.0,714.93,full,False,True,False,"K23371,K23372,K23375",3,M00875,568,0.027
K23375,0.291,0.001,,,,1000.0,0.0,,,,,,,,,,0.0,,,,,,"K21721,K23371,K23372,K23373,K23374",5,M00875,797,0.037
K23446,0.001,0.001,,,,1000.0,0.0,,,,,,,,,,0.0,,,,,,K23447,1,M00876,704,0.033
K23447,0.002,0.002,,,,1000.0,0.0,,,,,,,,,,0.0,,,,,,K23446,1,M00876,1081,0.051
K23669,0.0,0.0,,,,1000.0,0.0,,,,,,,,,,0.0,,,,,,,0,M00906,533,0.025
K23670,0.0,0.0,,,,1000.0,0.0,,,,,,,,,,0.0,,,,,,,0,M00906,274,0.013
K23671,1.0,1.0,511.0,NC_005072.1_445,511.0,1.1999999999999999e-39,133.1,4.1e-39,131.3,15.0,507.0,11.0,486.0,K23671,133.1,1.0,1.0,,,False,True,False,,0,M00906,166,0.008
K23672,0.0,0.0,,,,1000.0,0.0,,,,,,,,,,0.0,,,,,,,0,M00906,132,0.006
K23673,0.0,0.0,,,,1000.0,0.0,,,,,,,,,,0.0,,,,,,,0,M00906,434,0.02
K23734,1.0,1.0,358.0,NC_005072.1_578,358.0,9.3e-41,137.0,1e-40,136.9,80.0,269.0,8.0,194.0,K23734,137.0,0.9999999983784704,0.9999999983784704,221.07,domain,False,True,False,K23735,1,M00883,1836,0.086
K23735,0.0,0.0,367.0,NC_005072.1_436,367.0,2.1999999999999997e-47,159.1,2.8e-47,158.8,113.0,308.0,17.0,207.0,K03801,233.3,4.608656308516209e-23,4.608656308516209e-23,261.37,full,True,True,False,,0,M00883,5,0.0
K23977,0.0,0.0,450.0,NC_005072.1_722,450.0,1.6e-60,201.8,2.0000000000000002e-60,201.5,82.0,414.0,24.0,360.0,K00812,493.6,1.4436013025572195e-88,1.4436013025572195e-88,672.43,full,True,True,False,,0,M00034,11,0.001
K23987,0.004,0.004,478.0,NC_005072.1_1392,478.0,3.6e-19,65.8,4.1e-19,65.6,182.0,420.0,2.0,246.0,K00067,103.5,4.478877284198113e-12,4.478877284198113e-12,412.83,full,True,True,False,,0,M00793,1714,0.08
K23995,0.047,0.002,,,,1000.0,0.0,,,,,,,,,,0.0,,,,,,"K10944,K10945,K10946,K14028,K14029,K16157,K16158,K16159,K16160,K16161,K16162",11,M00174,1097,0.051
K24017,0.257,0.022,278.0,NC_005072.1_872,278.0,2e-68,227.3,2.3e-68,227.1,24.0,264.0,1.0,244.0,K01814,285.0,4.2713902322942905e-18,4.2713902322942905e-18,300.53,domain,True,True,False,"K01496,K01523,K01656,K01693,K01694,K05602,K06001",7,"M00023,M00026",3819,0.178
K24018,0.994,0.99,740.0,NC_005072.1_654,740.0,2.3e-134,446.0,2.7000000000000003e-134,445.8,308.0,726.0,6.0,431.0,K24018,446.0,0.988297045279945,0.988297045279945,755.23,full,False,True,False,"K00014,K00220,K00832,K00891,K01626,K01735,K01736,K03785,K03786,K03856,K04092,K13829,K13832,K13853,K14170,K15849",16,"M00022,M00040",9161,0.428
K24042,1.0,1.0,628.0,NC_005072.1_158,628.0,2.7e-74,247.3,3.2000000000000003e-74,247.0,318.0,594.0,3.0,276.0,K24042,247.3,1.0,1.0,361.37,domain,False,True,False,"K00651,K01739",2,M00017,3867,0.181
K24182,0.0,0.0,,,,1000.0,0.0,,,,,,,,,,0.0,,,,,,,0,M00001,0,0.0
K24257,0.0,0.0,,,,1000.0,0.0,,,,,,,,,,0.0,,,,,,,0,M00922,151,0.007
K24258,0.008,0.006,,,,1000.0,0.0,,,,,,,,,,0.0,,,,,,K19068,1,M00923,1965,0.092
K24563,0.0,0.0,3581.0,NC_005072.1_1812,3581.0,6.3e-27,89.2,7.4e-27,89.0,169.0,413.0,132.0,378.0,K09458,588.8,4.0310126985458305e-151,4.0310126985458305e-151,5355.43,domain,True,True,False,"K14366,K14367,K15997",3,M00774,57,0.003
K24564,0.0,0.0,3196.0,NC_005072.1_1812,3196.0,2e-27,91.2,2.5e-27,90.9,177.0,445.0,143.0,405.0,K09458,588.8,1.6124050794183384e-150,1.6124050794183384e-150,4849.63,domain,True,True,False,"K10817,K14366,K14367,K15997,K24563",5,M00774,138,0.006
K24567,0.0,0.0,6239.0,NC_005072.1_1812,6239.0,9e-24,77.9,1.0000000000000001e-23,77.7,2814.0,3064.0,127.0,379.0,K09458,588.8,1.5987303340508686e-154,1.5987303340508686e-154,,,True,True,False,"K14372,K14375",2,M00777,9,0.0
K24568,0.0,0.0,5532.0,NC_005072.1_142,5532.0,2e-21,70.6,4.5e-21,69.4,2490.0,2716.0,59.0,285.0,K00645,276.1,1.3751050945009502e-62,1.3751050945009502e-62,,,True,True,False,"K14371,K14372,K14375,K24567",4,M00777,18,0.001
K24569,0.0,0.0,4881.0,NC_005072.1_142,4881.0,6.8e-23,75.4,9.2e-23,74.9,640.0,865.0,60.0,281.0,K00645,276.1,3.830715246749298e-61,3.830715246749298e-61,,,True,True,False,"K14372,K14375,K24567",3,M00777,18,0.001
K24866,0.353,0.031,327.0,NC_005072.1_522,327.0,2.2e-12,43.6,2.7e-12,43.3,220.0,308.0,324.0,430.0,K01845,674.4,1.2890766303605932e-190,1.2890766303605932e-190,156.0,domain,True,True,False,"K01845,K02188,K02189,K02190,K02191,K02303,K02304,K02492,K03394,K03399,K03794,K03795,K05934,K13542,K21479,K22011",16,"M00846,M00924",4529,0.212
K25007,0.001,0.001,,,,1000.0,0.0,,,,,,,,,,0.0,,,,,,"K00194,K00197,K14138,K15023,K25008",5,"M00377,M00618",757,0.035
K25008,0.0,0.0,654.0,NC_005072.1_1810,654.0,0.00011,17.3,0.0048,11.9,581.0,634.0,8.0,59.0,K02691,164.4,5.229830792819666e-45,5.229830792819666e-45,1196.53,full,True,True,False,"K00194,K00197,K00198,K14138,K25123,K25124",6,"M00377,M00618",251,0.012
K25026,0.578,0.355,426.0,NC_005072.1_637,426.0,1.2e-06,24.6,1.7e-06,24.1,41.0,269.0,3.0,271.0,K00845,258.5,3.882254608772636e-71,3.882254608772636e-71,268.3,full,True,True,False,"K00134,K00150,K00844,K00845,K00850,K00873,K00886,K00918,K00927,K00963,K01623,K01624,K01689,K01803,K01810,K01834,K01835,K06859,K11389,K11645,K12406,K12447,K13810,K15633,K15634,K15635,K15778,K15779,K15916,K16305,K16306,K16370,K21071",33,"M00001,M00549",15230,0.712
K25033,0.004,0.004,,,,1000.0,0.0,,,,,,,,,,0.0,,,,,,,0,M00847,1530,0.071
K25123,0.0,0.0,462.0,NC_005072.1_165,462.0,8.3e-06,21.6,1.2e-05,21.1,7.0,61.0,57.0,121.0,K05580,321.9,3.98742293112494e-91,3.98742293112494e-91,651.83,full,True,True,False,"K25008,K25124",2,"M00377,M00618",189,0.009
K25124,0.0,0.0,192.0,NC_005072.1_1810,192.0,1.5e-09,34.3,1.1e-05,21.7,93.0,115.0,9.0,31.0,K02691,164.4,6.854843816764615e-40,6.854843816764615e-40,202.37,full,True,True,False,"K00194,K14138,K25008,K25123",4,"M00377,M00618",240,0.011
K25316,0.083,0.069,364.0,NC_005072.1_658,364.0,7.5e-10,35.3,9.6e-10,34.9,198.0,344.0,62.0,205.0,K01776,224.5,1.1094936484950775e-57,1.1094936484950775e-57,355.4,full,True,True,False,"K13609,K15737,K25317,K25986,K26061,K26062,K26063,K26064,K26065",9,M00960,6713,0.314
K25317,0.001,0.001,407.0,NC_005072.1_1730,407.0,2.1999999999999997e-62,207.6,2.6e-62,207.4,39.0,405.0,21.0,393.0,K01775,401.7,3.7160182790924905e-59,3.7160182790924905e-59,409.77,full,True,True,False,,0,M00960,833,0.039
K25517,0.0,0.0,391.0,NC_005072.1_1904,391.0,3e-05,19.6,56.0,-1.0,92.0,124.0,378.0,410.0,K01682,1392.6,0.0,0.0,347.03,full,True,True,False,K09128,1,M00849,452,0.021
K25518,0.0,0.0,,,,1000.0,0.0,,,,,,,,,,0.0,,,,,,,0,M00849,11,0.001
K25528,0.001,0.001,263.0,NC_005072.1_1560,263.0,1.3e-07,27.9,0.00069,15.6,145.0,259.0,100.0,216.0,K17623,132.5,3.2528381403647525e-32,3.2528381403647525e-32,231.17,full,True,True,False,,0,M00020,786,0.037
K25570,0.0,0.0,,,,1000.0,0.0,,,,,,,,,,0.0,,,,,,,0,M00950,82,0.004
K25774,0.0,0.0,546.0,NC_005072.1_437,546.0,3.5e-26,88.6,9.6e-16,54.1,45.0,281.0,57.0,289.0,K01897,440.1,1.5415461257675499e-106,1.5415461257675499e-106,1025.33,full,True,True,False,,0,"M00374,M00375",1,0.0
K25801,0.0,0.0,,,,1000.0,0.0,,,,,,,,,,0.0,,,,,,,0,"M00009,M00011",0,0.0
K25824,0.0,0.0,,,,1000.0,0.0,,,,,,,,,,0.0,,,,,,,0,M00098,0,0.0
K25960,0.021,0.005,,,,1000.0,0.0,,,,,,,,,,0.0,,,,,,"K00302,K00303,K00304,K00305,K00479,K21832,K21833,K21834,K25961",9,M00975,1838,0.086
K25961,0.021,0.005,,,,1000.0,0.0,,,,,,,,,,0.0,,,,,,"K00302,K00303,K00304,K00305,K00479,K21832,K21833,K21834,K25960",9,M00975,1835,0.086
K25986,0.033,0.018,,,,1000.0,0.0,,,,,,,,,,0.0,,,,,,"K13609,K15737,K25316,K25317,K26061,K26062,K26063,K26064,K26065",9,M00960,3456,0.161
K26061,0.063,0.05,504.0,NC_005072.1_335,504.0,2.3e-32,109.2,8.7e-32,107.3,53.0,483.0,13.0,432.0,K25072,484.3,1.2124075339862563e-113,1.2124075339862563e-113,754.93,full,True,True,False,"K13609,K15737,K25316,K25317,K25986,K26062,K26063,K26064,K26065",9,M00960,5696,0.266
K26062,0.005,0.001,417.0,NC_005072.1_1462,417.0,2.2e-63,211.4,9.4e-63,209.3,15.0,413.0,41.0,422.0,K00821,519.8,1.453280135136709e-93,1.453280135136709e-93,634.67,full,True,True,False,"K13609,K26065",2,M00960,810,0.038
K26063,0.069,0.055,1018.0,NC_005072.1_1464,1018.0,5.3e-16,54.3,4.2e-15,51.3,53.0,187.0,51.0,185.0,K00104,122.7,2.567723730814869e-21,2.567723730814869e-21,1330.67,full,True,True,False,"K13609,K15737,K25316,K25317,K25986,K26061,K26062,K26064,K26065",9,M00960,5994,0.28
K26064,0.017,0.008,415.0,NC_005072.1_48,415.0,1.5000000000000002e-22,76.9,4e-18,62.4,167.0,402.0,115.0,351.0,K03153,291.5,2.505895351561965e-65,2.505895351561965e-65,433.37,full,True,True,False,"K13609,K15737,K26061,K26062,K26065",5,M00960,2219,0.104
K26065,0.019,0.009,427.0,NC_005072.1_1374,427.0,1.4e-14,50.4,3.7e-10,35.9,30.0,100.0,6.0,79.0,K15736,390.7,3.626540029585948e-103,3.626540029585948e-103,444.47,full,True,True,False,"K13609,K15737,K25986,K26061,K26062,K26064",6,M00960,2417,0.113
K26069,0.0,0.0,644.0,NC_005072.1_606,644.0,2.7e-07,25.9,0.00037,15.5,444.0,606.0,122.0,281.0,K00383,565.7,3.191599148860914e-163,3.191599148860914e-163,1311.8,full,True,True,False,"K26070,K26175",2,M00966,33,0.002
K26070,0.0,0.0,286.0,NC_005072.1_491,286.0,4.899999999999999e-24,81.9,5.5999999999999996e-24,81.7,28.0,272.0,5.0,247.0,K00059,358.4,5.8237966048979375e-84,5.8237966048979375e-84,624.67,full,True,True,False,"K26069,K26175",2,M00966,13,0.001
K26071,0.0,0.0,486.0,NC_005072.1_559,486.0,5.9e-05,18.8,8.6e-05,18.3,7.0,45.0,3.0,40.0,K21401,127.0,2.6825910019291684e-33,2.6825910019291684e-33,978.07,full,True,True,False,"K26069,K26070,K26175",3,M00966,352,0.016
K26138,0.333,0.021,142.0,NC_005072.1_886,142.0,2.4e-10,37.1,3.9e-10,36.4,10.0,91.0,46.0,126.0,K22895,102.2,2.0432923778204616e-20,2.0432923778204616e-20,102.6,full,True,True,False,"K00372,K02575,K10534,K15576,K15577,K15578,K15579,K26139",8,"M00531,M00615",3706,0.173
K26139,0.354,0.051,754.0,NC_005072.1_85,754.0,5.4e-23,78.0,6.400000000000001e-23,77.7,6.0,281.0,5.0,283.0,K17872,371.4,4.762108346815831e-89,4.762108346815831e-89,804.03,domain,True,True,False,"K00366,K00372,K02575,K10534,K15576,K15577,K15578,K15579,K17877,K26138",10,"M00531,M00615",5750,0.269
K26175,0.0,0.0,,,,1000.0,0.0,,,,,,,,,,0.0,,,,,,"K26069,K26070",2,M00966,37,0.002
K26176,0.005,0.005,,,,1000.0,0.0,,,,,,,,,,0.0,,,,,,K22906,1,M00967,1879,0.088
K26178,0.009,0.009,652.0,NC_005072.1_606,652.0,8.8e-18,60.7,0.0014,13.8,394.0,439.0,12.0,56.0,K00383,565.7,9.546676135935959e-153,9.546676135935959e-153,694.83,full,True,True,False,K22906,1,M00967,2402,0.112
K26208,0.001,0.001,297.0,NC_005072.1_544,297.0,4.1e-36,121.7,6.5e-36,121.0,34.0,285.0,64.0,331.0,K00856,157.7,1.4551910832780255e-11,1.4551910832780255e-11,270.1,full,True,True,False,,0,M00968,810,0.038
K26210,0.0,0.0,232.0,NC_005072.1_1560,232.0,4.6e-08,29.6,2.7e-05,20.5,68.0,231.0,50.0,216.0,K17623,132.5,1.0568502297880898e-31,1.0568502297880898e-31,315.5,full,True,True,False,,0,M00968,342,0.016
K26211,0.0,0.0,267.0,NC_005072.1_304,267.0,9.3e-61,202.2,1.2e-60,201.9,3.0,255.0,13.0,264.0,K00772,354.5,1.4227600445726742e-46,1.4227600445726742e-46,506.33,full,True,True,False,,0,M00968,2,0.0
K26212,0.028,0.028,,,,1000.0,0.0,,,,,,,,,,0.0,,,,,,"K18237,K26210",2,M00968,4246,0.198
K27070,0.0,0.0,,,,1000.0,0.0,,,,,,,,,,0.0,,,,,,,0,M00886,0,0.0
K27071,0.0,0.0,,,,1000.0,0.0,,,,,,,,,,0.0,,,,,,,0,"M00885,M00886",0,0.0
K27072,0.0,0.0,,,,1000.0,0.0,,,,,,,,,,0.0,,,,,,,0,"M00885,M00886",0,0.0
K27073,0.0,0.0,,,,1000.0,0.0,,,,,,,,,,0.0,,,,,,,0,M00886,0,0.0
K27074,0.0,0.0,,,,1000.0,0.0,,,,,,,,,,0.0,,,,,,,0,M00886,0,0.0
K27093,0.0,0.0,,,,1000.0,0.0,,,,,,,,,,0.0,,,,,,,0,M00887,0,0.0
K27094,0.0,0.0,,,,1000.0,0.0,,,,,,,,,,0.0,,,,,,,0,"M00741,M00887",0,0.0
K27095,0.0,0.0,,,,1000.0,0.0,,,,,,,,,,0.0,,,,,,,0,"M00741,M00887",0,0.0
K27109,0.0,0.0,,,,1000.0,0.0,,,,,,,,,,0.0,,,,,,,0,M00155,0,0.0
K27187,0.0,0.0,,,,1000.0,0.0,,,,,,,,,,0.0,,,,,,,0,M00596,0,0.0
K27188,0.0,0.0,,,,1000.0,0.0,,,,,,,,,,0.0,,,,,,,0,M00596,0,0.0
K27189,0.0,0.0,,,,1000.0,0.0,,,,,,,,,,0.0,,,,,,,0,M00596,0,0.0
K27190,0.0,0.0,,,,1000.0,0.0,,,,,,,,,,0.0,,,,,,,0,M00596,0,0.0
K27191,0.0,0.0,,,,1000.0,0.0,,,,,,,,,,0.0,,,,,,,0,M00596,0,0.0
K27196,0.0,0.0,,,,1000.0,0.0,,,,,,,,,,0.0,,,,,,,0,M00596,0,0.0
K27306,0.0,0.0,,,,1000.0,0.0,,,,,,,,,,0.0,,,,,,,0,M00887,0,0.0
K27394,0.0,0.0,,,,1000.0,0.0,,,,,,,,,,0.0,,,,,,,0,"M00001,M00002,M00003",0,0.0
K27542,0.0,0.0,,,,1000.0,0.0,,,,,,,,,,0.0,,,,,,,0,M00978,0,0.0
K27545,0.0,0.0,,,,1000.0,0.0,,,,,,,,,,0.0,,,,,,,0,"M00134,M00978",0,0.0
K27675,0.0,0.0,,,,1000.0,0.0,,,,,,,,,,0.0,,,,,,,0,M00838,0,0.0
K27689,0.0,0.0,,,,1000.0,0.0,,,,,,,,,,0.0,,,,,,,0,M00885,0,0.0
K27802,0.0,0.0,,,,1000.0,0.0,,,,,,,,,,0.0,,,,,,,0,"M00009,M00010,M00012,M00173,M00614,M00740",0,0.0
K28126,0.0,0.0,,,,1000.0,0.0,,,,,,,,,,0.0,,,,,,,0,M00909,0,0.0
K28161,0.0,0.0,,,,1000.0,0.0,,,,,,,,,,0.0,,,,,,,0,M00086,0,0.0
K28192,0.0,0.0,,,,1000.0,0.0,,,,,,,,,,0.0,,,,,,,0,M00909,0,0.0
K28462,0.0,0.0,,,,1000.0,0.0,,,,,,,,,,0.0,,,,,,,0,"M00165,M00611,M00612",0,0.0
K28504,0.0,0.0,,,,1000.0,0.0,,,,,,,,,,0.0,,,,,,,0,"M00528,M00804",0,0.0
